time,seconds_elapsed,z,y,x
1778595595588106800,0.067106689453125,-0.8671183496057987,0.8019070417657495,-1.657481084050238
1778595595598100000,0.077099853515625,-0.027243980756402015,0.37044396245926614,-2.161917483500391
1778595595608094000,0.087093994140625,0.7709042929977178,0.0408253468632698,-2.4924083518862723
1778595595618087200,0.097087158203125,1.4526976393908262,-0.2575824301719665,-2.573748664489388
1778595595628081200,0.1070810546875,1.9065028988867998,-0.43540655623525376,-2.3975851651147004
1778595595638073900,0.117073974609375,2.112857246124744,-0.35867432194948196,-1.8517063098162412
1778595595648067000,0.127067138671875,2.129840529629588,-0.06288286489248275,-1.1751588281873613
1778595595658061000,0.13706103515625,2.1129554458022115,0.46090983080416914,-0.6148170747071504
1778595595668053800,0.1470537109375,2.028503723180294,0.9176943983718753,-0.2602302960659377
1778595595678048000,0.157048095703125,1.9170950200498103,1.075485497970879,-0.0278018521011807
1778595595688041000,0.167041015625,1.9182529579132794,1.0236892597600817,0.0312474990430288
1778595595698035000,0.177034912109375,1.9775451048374175,0.783268976791203,-0.05815611036522313
1778595595708028200,0.187028076171875,2.186120635256171,0.4860533321499824,-0.21615849636103956
1778595595718022000,0.19702197265625,2.524886141642928,0.19598346761018037,-0.31721520722731944
1778595595728014800,0.207014892578125,2.873261772418022,-0.04106646214276552,-0.317289551105164
1778595595738009000,0.217009033203125,3.1170909870475527,-0.20397095923274755,-0.22743626170065254
1778595595748002000,0.227001953125,3.1840684277772904,-0.35249943270683287,-0.05662219706252217
1778595595757995000,0.2369951171875,3.034375878959894,-0.4539025823906064,0.23725476814266294
1778595595767989000,0.246989013671875,2.749004109108448,-0.4663344862014055,0.44293282355424013
1778595595777982000,0.25698193359375,2.4229993000954386,-0.3785144561901688,0.5352009190155192
1778595595787976000,0.266975830078125,2.133915231722593,-0.19029840771108864,0.5058119621196762
1778595595797969000,0.276968994140625,1.7779788103044032,-0.09647446110993624,0.3348772302439436
1778595595807963000,0.286962890625,1.410282392987609,-0.12451426841914653,0.16893263480570167
1778595595817956000,0.2969560546875,1.056464278897643,-0.19678309355527163,0.2362473446657881
1778595595827950000,0.3069501953125,0.6224480079770088,-0.2462508888185024,0.5712115956060588
1778595595837943000,0.316943115234375,0.14988485651910305,-0.17342706014811993,0.9207173994548619
1778595595847936000,0.32693603515625,-0.23143910413384436,0.05303600913882255,1.1135524129714816
1778595595857930000,0.336929931640625,-0.515485762861371,0.23727175581008195,1.1642211084570735
1778595595867923000,0.3469228515625,-0.8044096722364426,0.20403291855305433,1.1925688857369123
1778595595877917000,0.3569169921875,-1.1677046397238968,-0.12282675372362137,1.3268082832261918
1778595595887910000,0.366909912109375,-1.5375374845474958,-0.4765753097087145,1.3734214197106658
1778595595897903900,0.37690380859375,-1.7015537422716616,-0.6425023694902658,1.3107377306520938
1778595595907897000,0.38689697265625,-1.8737831170678139,-0.7390905201077461,1.2104331898599863
1778595595917891000,0.39689111328125,-2.0888082620173694,-0.8447761694163084,1.1651586815681307
1778595595927883800,0.4068837890625,-2.457416533482075,-1.0098153404474257,1.2340361837655305
1778595595937877000,0.416876953125,-2.9637673882514237,-1.2014765609443188,1.5255840119034052
1778595595947871000,0.42687109375,-3.1032237897366284,-1.184803074041009,1.778821983130276
1778595595957864000,0.436864013671875,-2.941503533995151,-1.03086338917315,1.9141347089394927
1778595595967858200,0.446858154296875,-2.7867449339598416,-1.0653703466698528,2.098918444882333
1778595595977851000,0.456850830078125,-2.539002345278859,-1.3001941248059272,2.163390332531929
1778595595987844900,0.466844970703125,-1.9459744930535554,-1.4953551701173184,1.9683629966028033
1778595595997838000,0.476838134765625,-1.232049393862486,-1.5558143149942159,1.4474137076385318
1778595596007831000,0.4868310546875,-0.8377706745684146,-1.5300123497396707,0.9430544650778174
1778595596017824800,0.49682470703125,-1.0677572418063879,-1.3644023930832743,0.7668000725492835
1778595596027818000,0.50681787109375,-1.786455546748638,-0.8669880012243986,0.8233781382091343
1778595596037812000,0.51681201171875,-2.5880039843350646,-0.15327186860889194,1.097928069794923
1778595596047805200,0.52680517578125,-3.164441351765394,0.7832084787756204,1.2402107807472347
1778595596057799000,0.536798828125,-3.354696212595701,1.6562763844355939,1.3360457749098538
1778595596067792000,0.5467919921875,-2.979036269053817,2.247951360747218,1.3060004729971288
1778595596077785900,0.556785888671875,-2.3917162730813026,2.3921619710221886,1.1347604014992714
1778595596087779000,0.566779052734375,-1.8210124808669088,2.05187933807075,0.9905160350851714
1778595596097771800,0.576771728515625,-1.062156353059411,1.4767296723634005,0.7637547865692526
1778595596107766000,0.58676611328125,-0.330189985743165,1.021096320657432,0.5679139057675376
1778595596117759000,0.596759033203125,0.3260708599865436,0.6006321897491812,0.4083252917598933
1778595596127753000,0.6067529296875,0.7164280219227075,0.22282500504553318,0.30815986717753113
1778595596137746200,0.61674609375,0.9725199212759733,0.07007599126696586,0.21301232555611058
1778595596147740000,0.626739990234375,1.1598369750887154,0.15638327862769363,0.11870349978115409
1778595596157732900,0.63673291015625,1.3165426175385713,0.43069472528249025,-0.028770441405009478
1778595596167726000,0.64672607421875,1.4501999773561953,0.7365241767510772,-0.1230558497717604
1778595596177720000,0.656719970703125,1.6262649847924708,0.9650710665747523,-0.12111516403276472
1778595596187713000,0.666713134765625,1.9541759196877477,1.114251866477728,-0.02635404617935419
1778595596197707000,0.67670703125,2.3870032730847597,1.0897367261633277,0.054756695451587435
1778595596207700000,0.686699951171875,2.867193266159296,0.9635828738436102,0.06856094706151634
1778595596217694000,0.69669384765625,3.3039240567356347,0.7709700517103075,0.012520495409704744
1778595596227687000,0.70668701171875,3.661914488074183,0.5143418535232543,-0.06805555482264608
1778595596237679900,0.716679931640625,3.8307045360714196,0.23682167395502327,-0.09972644864320754
1778595596247674400,0.72667431640625,3.7865707953125236,-0.05262567477226257,-0.08560217129867523
1778595596257667600,0.73666748046875,3.6127374924510716,-0.1930003601461649,-0.028080979569815097
1778595596267661600,0.74666162109375,3.3787299991339443,-0.011927461419999598,0.07135876108650117
1778595596277654500,0.756654541015625,2.995267272886634,0.251902630969882,0.13734871601569465
1778595596287648500,0.7666484375,2.589469965234399,0.5071724002853035,0.12959018344394863
1778595596297641500,0.776641357421875,2.2864754449307916,0.6260092075899243,0.07826448535434902
1778595596307634700,0.786634765625,2.0401006374716757,0.46829614166319367,-0.06485943479561247
1778595596317628400,0.79662841796875,1.840479397881031,0.09020049540698528,-0.3231378387419507
1778595596327621400,0.806621337890625,1.7782669795960186,-0.21759557995945214,-0.6200959649581462
1778595596337615600,0.81661572265625,1.717676025032997,-0.4517626477524638,-0.8351943943396211
1778595596347608600,0.826608642578125,1.641528020375967,-0.6734133483216166,-0.7509453546829521
1778595596357601300,0.836601318359375,1.5138088184356688,-0.6866118525907396,-0.5205410004243254
1778595596367595500,0.846595458984375,1.213960194942355,-0.4089315140247345,-0.41859311287198214
1778595596377588500,0.85658837890625,0.7689286090105771,-0.03434124554097652,-0.4313324386641383
1778595596387582500,0.86658251953125,0.2567769590079784,0.19869243430793285,-0.48372098021227866
1778595596397575400,0.876575439453125,-0.287324657484889,0.30802842281758785,-0.5457215093122795
1778595596407569400,0.8865693359375,-0.9852133986324071,0.3124029846400022,-0.6291589037925005
1778595596417562400,0.896562255859375,-1.8145307176321743,0.29474399383068084,-0.6622511721856892
1778595596427555600,0.9065556640625,-2.625128138592839,0.32876375233232974,-0.5839227912822738
1778595596437549600,0.916549560546875,-3.2917788609117267,0.3487576158300042,-0.32835418515075
1778595596447542500,0.92654248046875,-3.7302199625372885,0.2081461990907788,0.018333593002101405
1778595596457536500,0.93653662109375,-3.810973415163159,-0.13299421973377465,0.17907989827804266
1778595596467529500,0.946529541015625,-3.4784757369995116,-0.3798287536591291,0.06755293906275182
1778595596477523500,0.9565234375,-3.1169407649219036,-0.7452230315133929,-0.24941033923011272
1778595596487516400,0.966516357421875,-2.9087895973950624,-1.4318179329693317,-0.7146192920003086
1778595596497509400,0.97650927734375,-2.738338338187337,-2.1790905904889106,-1.4734762235254049
1778595596507503600,0.986503662109375,-2.5992379105329513,-2.6878309707432986,-2.2892682905197144
1778595596517496600,0.99649658203125,-2.553461663264036,-2.8912714763611556,-2.7480460777312516
1778595596527490300,1.006490234375,-2.4932769514143467,-2.476058690109849,-2.772747680528462
1778595596537483500,1.0164833984375,-2.4498855534553527,-1.4742764339923857,-2.365380347080529
1778595596547476500,1.0264765625,-2.5576269662499427,-0.31305121941566466,-1.6103531299114227
1778595596557470500,1.036470458984375,-2.608853880140185,0.9318535643666982,-0.8910544479232281
1778595596567463400,1.04646337890625,-2.533278706935048,1.9323110016211866,-0.2998500299991108
1778595596577457400,1.05645751953125,-2.371953587990999,2.4858292657569048,0.15434841179922223
1778595596587450600,1.06645068359375,-1.9942519094884394,2.654045313258469,0.38007940395195033
1778595596597444600,1.076444580078125,-1.3044962059140204,2.534527830213308,0.2820054352235049
1778595596607437300,1.086437255859375,-0.4597112686693668,2.1481328499063848,-0.004892366018285975
1778595596617430500,1.096430419921875,0.2566337511450052,1.5375716790780425,-0.5490851405264809
1778595596627424500,1.106424560546875,0.7665700631856918,0.7215551556780934,-1.0988692231025545
1778595596637417500,1.11641748046875,1.2445727753490208,-0.0022501170143485066,-1.4717746803045273
1778595596647411700,1.12641162109375,1.6581968311041593,-0.48881665938347574,-1.6209155865885316
1778595596657404400,1.136404296875,1.9240736268907783,-0.7675818705767392,-1.421268774165213
1778595596667397400,1.1463974609375,2.171058675202727,-0.6867141439214348,-0.9943453841149806
1778595596677391600,1.1563916015625,2.3210814788877965,-0.25618776094317436,-0.483055684703961
1778595596687384300,1.16638427734375,2.3594442350298164,0.24383126045614478,0.009575546265300362
1778595596697378300,1.17637841796875,2.7249685690045355,0.780107882411778,0.39037681648470457
1778595596707371500,1.18637158203125,3.0871061831504103,1.0890990127816795,0.7680280069090426
1778595596717364500,1.196364501953125,3.3545530047327277,1.0857815587967634,1.1104958749450742
1778595596727358500,1.2063583984375,3.4811364806413647,0.8041372850358486,1.2702015759937464
1778595596737351400,1.216351318359375,3.3322575862944124,0.4399439074039459,1.1378772183455526
1778595596747345400,1.226345458984375,3.0030618722856044,0.15770926653444767,0.7688001603253185
1778595596757338600,1.236338623046875,2.6628748086631298,-0.11179594888240098,0.3507633661618456
1778595596767331300,1.246331298828125,2.439396308144927,-0.3325643136590719,0.010077668834850192
1778595596777325300,1.2563251953125,2.2286025171548127,-0.5290668367072939,-0.21725005445741116
1778595596787318500,1.266318603515625,2.131778804215789,-0.532080631570518,-0.39969011335093524
1778595596797312500,1.2763125,2.230657111597061,-0.44124446860849853,-0.3959241118809208
1778595596807305500,1.286305419921875,2.369316809746623,-0.324453195656836,-0.12994802043829112
1778595596817299500,1.296299560546875,2.44091957218945,-0.20923457884937524,0.30019407593011854
1778595596827292400,1.30629248046875,2.2315900085330007,-0.13201865269988775,0.7491140476025641
1778595596837285600,1.31628564453125,1.8503700927764177,0.046378012554347516,1.0555112890217453
1778595596847279600,1.326279541015625,1.3254665132284165,0.22329145351350307,1.1416869858920573
1778595596857272300,1.336272216796875,0.6367214480012655,0.2584381702184677,1.0029304032392798
1778595596867266300,1.346266357421875,0.1519347747862339,0.25987375597953793,0.8741109119068831
1778595596877259500,1.356259521484375,-0.08831190518140793,0.12865268339812755,0.8981659604288638
1778595596887252500,1.36625244140625,-0.1311035836815834,-0.16041764871031045,1.100631994991377
1778595596897246500,1.37624658203125,-0.13855974490642547,-0.5218053212717175,1.4554339324869214
1778595596907239400,1.386239501953125,-0.215199332472682,-0.7549336936667561,1.8142767428711055
1778595596917233400,1.3962333984375,-0.3513444174528122,-0.829586491329968,1.9781714200422167
1778595596927226600,1.4062265625,-0.6593605653107166,-0.7888996761545538,1.938543904661387
1778595596937219300,1.41621923828125,-1.0926748254418372,-0.7469754281386732,1.8241724062025546
1778595596947213300,1.42621337890625,-1.7002146026223897,-0.906012436145544,1.6766539865538477
1778595596957206500,1.43620654296875,-2.442620530888438,-1.175524081303179,1.510115809136629
1778595596967200500,1.446200439453125,-3.3412130461663008,-1.3635755868703126,1.2741504597499966
1778595596977193500,1.456193359375,-4.248022185647487,-1.4342664951652289,0.9862848272562026
1778595596987186400,1.4661865234375,-4.758850478091835,-1.4963020955786108,0.698054014711827
1778595596997180400,1.476180419921875,-4.576217782703042,-1.5582915187627076,0.6045449427461251
1778595597007173600,1.486173583984375,-4.175269668647647,-1.5291624549120664,0.7056188239429145
1778595597017167600,1.496167724609375,-3.9058495011657475,-1.4196803359299897,1.0649677572183311
1778595597027160300,1.506160400390625,-3.8844635987877845,-1.0233762482881545,1.552294616435468
1778595597037153500,1.516153564453125,-4.278301004055142,-0.34695611936599013,1.8784797504514454
1778595597047147500,1.5261474609375,-4.779691021546721,0.5035378431752324,1.8610590984426438
1778595597057140500,1.536140380859375,-4.680826742690801,1.3872121907845139,1.7624504017829894
1778595597067134500,1.546134521484375,-3.935634983098507,2.025400204207003,1.7701150911919772
1778595597077127400,1.55612744140625,-2.9649983913511035,2.1052999626129862,1.747463845053315
1778595597087120600,1.56612060546875,-2.2108739682406187,1.6712813536047935,1.7229212322100995
1778595597097114600,1.576114501953125,-1.5148925220191478,1.1633505361676215,1.7123749960154293
1778595597107107300,1.586107421875,-0.7688420997709036,0.681212039373815,1.5689124276287854
1778595597117101300,1.596101318359375,-0.12820844676196574,0.23061522053033112,1.2446215829268097
1778595597127094500,1.606094482421875,0.20263094280064106,-0.21939006216078996,0.8081200710617006
1778595597137087500,1.61608740234375,0.29499709180891515,-0.544072682659328,0.33660036424212153
1778595597147081500,1.62608154296875,0.41917876727283,-0.5081742708042264,-0.19319719789251685
1778595597157074400,1.636074462890625,0.6266074657440185,-0.18579934272617102,-0.6142957542467862
1778595597167067600,1.646067626953125,0.86545596935153,0.21876550052165983,-0.775637824325636
1778595597177061600,1.6560615234375,1.209747545683384,0.6439207118555903,-0.706449356482923
1778595597187054300,1.666054443359375,1.646042867451906,0.9997405211567878,-0.3837880857441574
1778595597197048300,1.67604833984375,2.1580752749890086,1.2674457014143465,-0.05437197045031935
1778595597207041500,1.68604150390625,2.7525971651643513,1.445116682742536,0.08432002253364772
1778595597217034500,1.696034423828125,3.3788936652630563,1.4046189603984356,0.13524316770434378
1778595597227028500,1.706028564453125,3.9484237375229596,1.2199226104781031,0.12081917676087468
1778595597237021400,1.716021484375,4.393547677913308,1.0842203008294105,0.1352004428074695
1778595597247016000,1.726015869140625,4.714163195103406,0.9503352697357534,0.22239147246647625
1778595597257009200,1.736009033203125,4.799838906562328,0.7976467539727687,0.28418878887826576
1778595597267001900,1.746001953125,4.747731702706218,0.7157146129563451,0.27361849595457316
1778595597276995800,1.755995849609375,4.590344507732987,0.7194239888682961,0.25029892210029064
1778595597286989000,1.765989013671875,4.306098527041077,0.7438394682005047,0.2540360628020018
1778595597296983000,1.775983154296875,3.9261552070915697,0.744422821046412,0.32453564977589994
1778595597306976000,1.78597607421875,3.442550437137484,0.7046890688121319,0.4541234585996717
1778595597316969000,1.795968994140625,3.0222172391325235,0.6667851623535156,0.5353805864313617
1778595597326963000,1.805962890625,2.6546055774897335,0.664346829290688,0.5404970161296427
1778595597336956000,1.815955810546875,2.279786760947108,0.6645829761341214,0.544371081084013
1778595597346948900,1.825948974609375,1.8999270276278257,0.5565834969252348,0.4568719535902142
1778595597356942800,1.83594287109375,1.5862269889146088,0.3106841980233788,0.41221740382760763
1778595597366936000,1.84593603515625,1.364932846698165,-0.03134849346578121,0.3756931882243603
1778595597376930000,1.855929931640625,1.0630483334630727,-0.30909312943965195,0.36477775339111684
1778595597386923000,1.865923095703125,0.4705202474534511,-0.44313831953108307,0.1971448395397514
1778595597396916000,1.875916015625,-0.2620890939414501,-0.3959481138110161,-0.14503526106346398
1778595597406910000,1.885909912109375,-1.1932628593504429,-0.2833680288136005,-0.4243377574712038
1778595597416903000,1.89590283203125,-2.322635722592473,-0.11024550457000731,-0.6749947722941637
1778595597426897200,1.905897216796875,-3.4206583388030527,0.29471038382202386,-0.9525593755260109
1778595597436889900,1.915889892578125,-4.476806391358375,0.7928314626455306,-1.2156012401476501
1778595597446883000,1.925883056640625,-5.031190332412719,1.2484855648785829,-1.3730673455759883
1778595597456877000,1.935876953125,-5.243939349123835,1.1965046177506447,-1.2748289435334503
1778595597466870000,1.9458701171875,-5.140168593525886,0.6075996906742454,-1.1268406413506715
1778595597476863000,1.955863037109375,-4.48336297339499,-0.20190584339648485,-1.1479315793700515
1778595597486857000,1.96585693359375,-3.6179987739801405,-1.0226637161046266,-1.3479111308790743
1778595597496850000,1.975849853515625,-2.856234649771452,-1.4700564782097936,-1.4360814356327056
1778595597506844200,1.98584423828125,-2.501245738336444,-1.672600911770761,-1.413103880149126
1778595597516836900,1.9958369140625,-2.28761643165946,-2.136614553809166,-1.9483434141419826
1778595597526830000,2.005830078125,-2.071585324537754,-1.9879826199606059,-2.2224270433902737
1778595597536824000,2.015823974609375,-2.3055922333329915,-1.4612997557803988,-2.0626766264170406
1778595597546817000,2.025817138671875,-2.278748650071025,-0.6478069056391715,-1.8386289477087556
1778595597556810000,2.03581005859375,-2.2662872279047965,0.2530518010050058,-1.2520432573601603
1778595597566804000,2.045803955078125,-1.9893524470090864,1.1323507100090384,-0.6467975094009191
1778595597576797000,2.055796875,-1.6765332827836275,1.8961358186513184,-0.299478913398087
1778595597586791000,2.065791015625,-1.2566717939436436,2.391568389043212,-0.13032514665499328
1778595597596783900,2.075783935546875,-0.9673328740268945,3.1473160294413565,-0.10259564740397036
1778595597606776800,2.08577685546875,0.3237012082457542,3.7812545687258243,-0.027811332315579054
1778595597616771000,2.09577099609375,0.8349971182018517,2.1950065370231866,-0.05599281311780214
1778595597626764000,2.105763916015625,1.4484902508288622,0.9533101938933134,-0.5551886815659701
1778595597636757000,2.115757080078125,1.8380431106448172,0.4277452278271317,-0.8287886189505458
1778595597646751000,2.1257509765625,1.3226304130196571,-0.6893903773933648,-1.7330479278184472
1778595597656744000,2.135743896484375,1.152739710304141,-1.5750713886499403,-2.5899752844080326
1778595597666738000,2.145738037109375,1.2134218502819538,-1.6893758132219314,-2.353066662821919
1778595597676731000,2.15573095703125,1.0278145229965447,-2.0160411319702862,-2.428696634954214
1778595597686723800,2.165723876953125,0.9211293412566185,-2.3421628453612326,-2.669081262087822
1778595597696718000,2.175718017578125,1.4669400997549296,-2.291891624760628,-2.500791564828157
1778595597706711000,2.1857109375,2.209839949017763,-1.909640904651582,-2.0483434190295635
1778595597716704000,2.1957041015625,3.08854293795526,-1.142924126471579,-1.4819729798443615
1778595597726698000,2.205697998046875,3.535387126266956,-0.42942455921620126,-0.7700184500738978
1778595597736691000,2.21569091796875,3.8982489630341526,-0.10756021100878715,-0.13210691550523043
1778595597746685000,2.225684814453125,4.464217543420196,-0.17967706045359372,0.15178864431381225
1778595597756678000,2.235677978515625,5.352574495887756,-0.33479572597295043,0.1104053713068366
1778595597766670800,2.2456708984375,5.893091824153065,-0.4697586154311895,0.19524697002917527
1778595597776665000,2.2556650390625,5.951573823738098,-0.894598477205634,0.5698474676460027
1778595597786658000,2.265657958984375,5.829304703897238,-1.3020502740666269,1.082703174264729
1778595597796651000,2.275651123046875,4.5182402255088085,-1.3220260173857212,1.4587614694744349
1778595597806645000,2.28564501953125,2.6425375385552643,-1.4799319755360483,0.7421186357572674
1778595597816638000,2.295637939453125,1.2893202640920878,-1.7021460090763867,0.14169015188664197
1778595597826632000,2.3056318359375,1.026782841861248,-1.7768366545319556,-0.17848901971280573
1778595597836625000,2.315625,1.0114964254021643,-1.902719434825331,0.04458148452639579
1778595597846617900,2.325617919921875,0.7606061863452196,-1.8797192291185258,0.5951949671313166
1778595597856611800,2.33561181640625,0.5680974091082811,-1.503649827992916,0.8136410264402627
1778595597866605000,2.34560498046875,0.22435995952785015,-1.0479324512653052,0.78069152751863
1778595597876597800,2.35559765625,-0.5774509283870458,-0.6017857436984777,0.589474251396954
1778595597886592000,2.365592041015625,-1.4474340197741984,-0.20054419965445994,0.46957887495011086
1778595597896585000,2.3755849609375,-1.955542531865835,-0.12936938030011952,0.8343389465540647
1778595597906578200,2.385578125,-1.9396534733384847,-0.2053882056195289,1.4751868268355726
1778595597916572200,2.395572265625,-1.9496628261774778,-0.2779841438181698,2.0603882232189177
1778595597926564900,2.40556494140625,-1.9034341589659451,-0.35952450903803107,2.627092424403131
1778595597936558800,2.415558837890625,-1.9026053069263695,-0.46637123801521957,3.1273435009926556
1778595597946552000,2.425552001953125,-2.9349048663824795,-0.7198009324219078,3.1492294618472454
1778595597956544800,2.435544677734375,-4.593334337198734,-0.731773694288358,2.970335368464887
1778595597966539000,2.4455390625,-4.020836647304892,-0.5773887498710304,3.2727468281835317
1778595597976532000,2.455531982421875,-3.5843653844475742,-1.0098306841470301,3.3675399120777842
1778595597986525200,2.465525146484375,-5.239656557238102,-1.9799524582400916,3.384401615029573
1778595597996519200,2.475519287109375,-4.6596834168970584,-2.464459437730908,3.440112104074657
1778595598006511900,2.485511962890625,-4.117390311130881,-2.777247914557159,3.476809849613905
1778595598016505000,2.495505126953125,-4.048595007324218,-2.3652603739626703,3.2777392296433447
1778595598026499000,2.5054990234375,-3.484506249335408,-0.7386103353753686,1.3730511250935493
1778595598036491800,2.51549169921875,-4.328261259010434,0.4729258472904563,0.5579730515874922
1778595598046485000,2.525485107421875,-5.402073563072085,1.754897794446349,0.7929822692930698
1778595598056479000,2.53547900390625,-6.674194270560145,2.6757638085916637,1.4238057452969253
1778595598066472000,2.545471923828125,-7.579706940490007,2.8994769946485754,1.692251953180134
1778595598076466200,2.555466064453125,-7.063064993330836,3.4455180547714233,1.932783879829943
1778595598086459000,2.565458984375,-6.052768591368198,3.732290631331503,1.8072582424111663
1778595598096452000,2.5754521484375,-3.395006011152267,3.7575676959291098,1.3147924128703772
1778595598106446000,2.585446044921875,-0.3843424316912889,3.263152193625271,1.4602651520356535
1778595598116438800,2.595438720703125,1.4458710082411765,2.2182710927546023,1.2366162633866071
1778595598126432000,2.605431884765625,1.8701947371870278,1.4638810044452548,1.4641940159171818
1778595598136426000,2.615426025390625,2.1372405767530203,0.9397492860525846,2.0946508505657313
1778595598146419000,2.6254189453125,2.2626766361922024,0.5369713262215257,2.3746045408912
1778595598156412000,2.635411865234375,1.7829589368045329,0.48291240377575156,2.545725808314979
1778595598166406000,2.645406005859375,1.311800391447544,1.1983210195228458,1.6828469959750771
1778595598176399000,2.655399169921875,0.9679822778463363,2.060805279587209,0.7085657641150057
1778595598186392000,2.66539208984375,0.7438906138658523,2.4377067476227876,0.24262614071639252
1778595598196385800,2.6753857421875,1.10369189401865,2.5006992103695866,0.07549564169552177
1778595598206379000,2.68537890625,1.8958762909322977,2.1522581131428478,-0.09140077457483857
1778595598216373000,2.695373046875,2.7933073612153527,1.7641434694364666,-0.42781924291141327
1778595598226366000,2.705365966796875,3.5557629748195407,1.775112607218325,-1.1241345241971312
1778595598236359000,2.71535888671875,4.144615587186813,1.7055112477257848,-1.173170503914356
1778595598246353000,2.725352783203125,4.737751575961709,1.4381009587615727,-0.9702180740743875
1778595598256345900,2.735345947265625,5.020961199343204,1.28584703502357,-0.8451456603158265
1778595598266338600,2.745338623046875,5.044564193248749,1.1418345776692032,-0.6844653420813381
1778595598276332500,2.75533251953125,4.841106151974201,0.8971648205623031,-0.36362273813709617
1778595598286325800,2.76532568359375,4.6430070073843,0.8489765437155962,0.05039484698027372
1778595598296318500,2.775318359375,4.385843679407238,0.8681140826448798,0.40488326154723764
1778595598306312400,2.7853125,4.121488394099473,0.9309563232660293,0.44999096190482374
1778595598316305700,2.7953056640625,3.9726521698504684,0.9771417358577251,0.24190409178584812
1778595598326298600,2.805298583984375,3.7539872070938345,0.8841679763451218,0.22049802340269087
1778595598336292900,2.81529296875,3.3731641817003486,0.5117614816412329,0.5169565660662949
1778595598346285600,2.82528564453125,3.148949183601141,0.01187514671087265,0.6434726758271455
1778595598356278800,2.83527880859375,2.9253397501796483,-0.3830956465005874,0.6405212786756456
1778595598366272800,2.845272705078125,2.8285417562037707,-0.5613067260548472,0.665882806686312
1778595598376265700,2.855265625,2.838096351012587,-0.542826774251461,1.0208204263254999
1778595598386258700,2.8652587890625,2.4836907924234866,-0.42254970501065253,1.3499958281986415
1778595598396252700,2.875252685546875,1.9273019412875174,-0.3578329026892781,1.5920516034148633
1778595598406245600,2.88524560546875,0.925050314092636,-0.5445563745230436,1.9115918925888835
1778595598416238600,2.895238525390625,-0.35749241868853565,-0.8768573610708117,1.6109122250989079
1778595598426232600,2.905232666015625,-0.689080580791831,-0.5800456210553646,-0.4829904374480247
1778595598436225500,2.9152255859375,-1.3442752585947513,0.38675212318152186,-2.122750717499107
1778595598446218800,2.92521875,-2.335539043307304,0.9376756946489214,-2.7495807399526235
1778595598456212700,2.935212646484375,-3.0025767191171644,0.6151017368674278,-2.8660712763920424
1778595598466205700,2.945205810546875,-3.5220740557074546,0.05092091668099165,-2.7155764712810515
1778595598476198700,2.95519873046875,-4.018219158282876,-0.3380567735955119,-1.7938479950875044
1778595598486192600,2.965192626953125,-3.715516898924112,-0.5076926247671246,-0.9517103574812412
1778595598496185600,2.975185546875,-2.986726823556423,-0.7346826405376196,-0.3006784984461963
1778595598506178600,2.985178466796875,-2.2251976771473885,-1.2664368166327475,0.03834434370249509
1778595598516172500,2.995172607421875,-1.714962674421072,-1.9866274059593676,-0.025924276459962127
1778595598526165800,3.005165771484375,-1.3381003693521023,-2.5095722526550293,-0.5548077194243669
1778595598536158500,3.015158447265625,-1.6379951700747013,-2.5712138853147626,-1.0192129911288619
1778595598546152700,3.025152587890625,-2.429511458468437,-2.0072695042327044,-1.409242674676329
1778595598556145700,3.035145751953125,-3.8235470655322072,-1.2619170011207461,-1.8737566674523054
1778595598566139600,3.0451396484375,-4.947447050321101,-0.386106518754363,-2.0853350329488514
1778595598576132600,3.055132568359375,-5.996190379577874,0.505330864071846,-2.0832497511073944
1778595598586125600,3.06512548828125,-6.5201370967924595,1.4250968080207704,-2.012492499577999
1778595598596119600,3.07511962890625,-6.0656274884194135,2.2002675262913107,-1.7737749288737772
1778595598606112800,3.08511279296875,-4.41372303545773,2.7413416116565466,-1.284085432178527
1778595598616105500,3.09510546875,-3.07578633223474,2.7308623032182453,-0.8300530859284102
1778595598626099700,3.105099609375,-1.6133277618080377,1.7950395429596304,-0.4519616774559021
1778595598636092700,3.1150927734375,0.2981131780028343,1.0811521454304456,-0.3810230780102312
1778595598646085600,3.125085693359375,1.3892512953966856,0.39215865840017794,-0.7959225605286657
1778595598656079600,3.13507958984375,2.3196873941808938,-0.16848375852704048,-1.4177265715137124
1778595598666072600,3.145072509765625,2.7833061916828155,-0.4667889519706368,-1.9858305564932524
1778595598676065800,3.155065673828125,2.7901480204015967,-0.5746215501800179,-2.431997722326219
1778595598686059800,3.165059814453125,2.5687521713763473,-0.5257809469044208,-2.6329227379918096
1778595598696052500,3.175052490234375,2.119767463904619,-0.2186769454553723,-2.596251003676653
1778595598706045700,3.185045654296875,1.7369003654628992,0.2519207511484623,-2.438376025186479
1778595598716039700,3.195039794921875,1.7729472458779811,0.5899830777019262,-2.1051894879758355
1778595598726032600,3.20503271484375,2.2038725650459527,0.6473264286458492,-1.527631884343922
1778595598736025600,3.215025634765625,2.927048307663202,0.5290247511312365,-0.915508140373975
1778595598746019600,3.22501953125,3.78920698903501,0.3558013968616724,-0.4052471264235675
1778595598756012800,3.2350126953125,4.638318557307124,0.14852262825518844,0.09501929386556147
1778595598766005800,3.245005859375,5.178348394316434,-0.01625789183974266,0.6208060859888792
1778595598775998700,3.254998779296875,5.337911179763078,-0.1531155090034008,1.1179343543827533
1778595598785992700,3.26499267578125,5.174349095547199,-0.1998527102589607,1.498007292061299
1778595598795985700,3.274985595703125,4.781272737780213,-0.16311375592648983,1.8103826580420135
1778595598805978600,3.284978515625,4.317293874794244,-0.10333820939958095,1.9674958583794533
1778595598815972600,3.29497265625,3.9584780985474586,-0.14769085360616444,2.112232684485614
1778595598825965600,3.304965576171875,3.80438819155395,-0.30705051769614217,2.417932518225163
1778595598835958800,3.314958740234375,3.4906840611875056,-0.47830607902407646,2.6548464005082844
1778595598845952800,3.324952880859375,3.096342798051238,-0.5972635900989175,2.7009038028061387
1778595598855945500,3.334945556640625,2.507504798731208,-0.6040779462888837,2.6473914083272216
1778595598865938700,3.344938720703125,1.601663042977452,-0.5515051707476377,2.6092279741495847
1778595598875932700,3.3549326171875,0.6482990730702877,-0.39742987680137154,2.6843933975100516
1778595598885925600,3.364925537109375,-0.19264906249046324,-0.1595613241419196,2.8006840274631974
1778595598895918600,3.374918701171875,-0.8607055599540472,0.06059475395530462,2.9342367578625677
1778595598905912600,3.38491259765625,-1.3812743251681328,0.16599983275681734,2.991560819584131
1778595598915905800,3.39490576171875,-1.8705302527517078,0.19641864415705204,2.916897500526905
1778595598925898500,3.4048984375,-2.0490590199530123,0.1740837704911828,2.9054715588882565
1778595598935892500,3.414892578125,-2.0792741254746914,0.13397943137884138,3.0355607048302886
1778595598945885700,3.4248857421875,-2.040989695265889,0.010906886200606822,3.0542887861758468
1778595598955878700,3.434878662109375,-1.8890332931697367,-0.24015987846702336,2.8931954301610587
1778595598965872600,3.44487255859375,-1.8383394632428884,-0.5654486481651664,2.630163210150599
1778595598975865600,3.454865478515625,-2.2795079440057275,-0.8164668975159526,2.3271944088101386
1778595598985858600,3.464858642578125,-3.186898098245263,-0.9554700022757053,1.875973905110359
1778595598995852800,3.474852783203125,-4.241274464952945,-1.0054290881872177,1.330179074833542
1778595599005845500,3.484845458984375,-4.899803255614638,-0.9880299173578619,1.0043516682140528
1778595599015838700,3.494838623046875,-5.414532647150755,-1.0748577214613557,0.8887406910881399
1778595599025831700,3.504831787109375,-5.738990226721763,-1.140391393123567,0.7424971136808395
1778595599035825700,3.51482568359375,-5.998611469244957,-1.026720882540941,0.594473520988971
1778595599045818600,3.524818603515625,-6.459455541336536,-0.58026861615628,0.3224481394447386
1778595599055811600,3.5348115234375,-7.337674546149373,0.2313064176648855,-0.08257292313799261
1778595599065805600,3.5448056640625,-8.59262200051844,1.252489539822936,-0.5350234070241451
1778595599075798800,3.554798828125,-9.344617010384798,2.320828380909562,-0.8376618073664606
1778595599085791500,3.56479150390625,-8.863046961128711,3.119470867921412,-0.8239258352197706
1778595599095785700,3.57478564453125,-7.20269149068594,3.3520334231272337,-0.2683868789114058
1778595599105778700,3.58477880859375,-4.949755911785364,2.878068295916915,0.6279330152593553
1778595599115771600,3.594771728515625,-2.828509022977948,2.262288221396506,1.1700744375951588
1778595599125765600,3.604765625,-0.9300380393773316,1.8373007678449154,1.3701936898358165
1778595599135758600,3.614758544921875,0.5838543656885623,1.0412184867098926,1.3709274109378455
1778595599145751800,3.624751708984375,1.6175684681177138,0.37792642716914415,1.5240926043018699
1778595599155745800,3.634745849609375,2.4314970793277024,0.0818733965665102,1.6894916946865617
1778595599165738500,3.644738525390625,2.689241422063112,0.05890548569411039,1.7386628450907766
1778595599175731700,3.654731689453125,2.3513047677159307,0.4849903790935874,1.4660261997804045
1778595599185725700,3.6647255859375,1.5218746359914541,0.4123194028973579,0.5281938532650471
1778595599195718400,3.674718505859375,0.7462760476976633,0.8062982624620199,-0.10117854714766145
1778595599205711600,3.684711669921875,0.39155601633191106,1.1885703176200388,-0.41156376222446556
1778595599215704600,3.69470458984375,0.43933834272623057,1.5176009041950105,-0.6690044458381831
1778595599225698800,3.70469873046875,0.777052878755331,1.6812576809570192,-0.7983997642971575
1778595599235691500,3.71469140625,1.3782961861401795,1.7741282723560927,-0.7227553252480924
1778595599245684700,3.724684814453125,2.2634786002248526,1.726765924939513,-0.4529286227919161
1778595599255681500,3.734681640625,3.418212699216604,1.6081828001350162,-0.03645283086746931
1778595599265674500,3.744674560546875,4.48248619056046,1.4887097407534717,0.2456824412807822
1778595599275667500,3.75466748046875,5.404374825751781,1.384858028873801,0.3730595517851412
1778595599285661400,3.764661376953125,6.026148295468092,1.3621893932089209,0.579238250195235
1778595599295654700,3.774654541015625,6.361761475303768,1.3902365070417522,0.7795246756963431
1778595599305647400,3.7846474609375,6.528451336151361,1.4038444688946008,0.9072488460727035
1778595599315640600,3.794640625,6.73705433909893,1.4578040226191282,0.7424066589184105
1778595599325634600,3.804634521484375,6.8017690955936905,1.3919181765183806,0.6938757061138748
1778595599335627500,3.81462744140625,6.533783929350972,0.9968123587504029,1.136032905653119
1778595599345620500,3.824620361328125,6.422122128242254,0.8068228708580136,1.02594902138561
1778595599355614500,3.834614501953125,6.272717164194583,0.7824290188357234,0.6418702090665698
1778595599365607400,3.844607421875,5.935794070804119,0.6777209823876619,0.3772482356466353
1778595599375600600,3.8546005859375,5.571290312048792,0.46418256886452436,0.0801769679121673
1778595599385594400,3.864594482421875,5.241704721939564,0.1311684656113386,-0.33453444468826055
1778595599395587300,3.87458740234375,4.5718578339278695,-0.19349486566483973,-0.6797504423886537
1778595599405580500,3.88458056640625,3.5302667145133015,-0.3435965798050165,-0.8855243593901395
1778595599415573500,3.894573486328125,2.167017290857434,-0.3196370275467634,-0.9132323043964803
1778595599425567500,3.9045673828125,0.42568975660204883,-0.17083967400342226,-1.0116400716565548
1778595599435560400,3.914560546875,-1.3202023090898989,0.03846738556027412,-1.390231246344745
1778595599445553700,3.9245537109375,-2.7003210344821214,0.35895518471747634,-1.7546010034568607
1778595599455547600,3.934547607421875,-4.015609268045425,0.7880123719260096,-1.9145114332973956
1778595599465540400,3.944540283203125,-4.965581257426739,1.1350038548663257,-1.887695322564244
1778595599477406500,3.956406494140625,-5.390988689956068,1.1861679326534271,-1.5909093015119433
1778595599487400400,3.966400390625,-5.356497222289443,0.875540140992403,-1.043067913968861
1778595599497393400,3.976393310546875,-4.85371604270041,0.22209230685681103,-0.5200210682034492
1778595599507386400,3.986386474609375,-4.119086593654751,-0.5420473143115639,-0.08562339674979448
1778595599517379600,3.996379638671875,-3.634547757720947,-1.1464848876930773,0.05657032074481248
1778595599527373600,4.00637353515625,-3.5819121460765597,-1.6374506879344581,-0.2055389392018318
1778595599537366300,4.0163662109375,-4.195059826266766,-1.9703592849865554,-0.657233782415092
1778595599547359500,4.026359375,-4.991227739858627,-1.953882051307708,-1.1898387301206588
1778595599557353500,4.036353515625,-5.6467801450580355,-1.5589423838868737,-1.5686588912591337
1778595599567346700,4.0463466796875,-6.3579270117074245,-1.0221576662786305,-1.6298846365943551
1778595599577339400,4.05633935546875,-7.066971937641501,-0.4195250964924693,-1.5999395801857113
1778595599587333400,4.06633349609375,-7.647128033334016,0.17866788341104983,-1.7774343281641602
1778595599597326600,4.07632666015625,-7.64577837229073,0.7738010373525321,-1.9636288076877593
1778595599607319600,4.086319580078125,-6.8738920825183385,1.283780457882583,-1.9287106390416622
1778595599617312500,4.0963125,-5.563987880080938,1.301097941777855,-1.6249530254110693
1778595599627306500,4.106306396484375,-3.9967882477194068,0.8072130392193794,-1.1699519802592695
1778595599637299500,4.116299560546875,-2.4320839393049476,0.20664982305318116,-0.9305188086315989
1778595599647292400,4.12629248046875,-0.9852209974169731,-0.3060379796527326,-0.8729103770107031
1778595599657286400,4.136286376953125,0.3688578623116016,-0.576189822410047,-0.9932087813004851
1778595599667279400,4.146279296875,1.462267431768775,-0.8355144200742244,-1.2465636569052934
1778595599677272600,4.1562724609375,2.200822529825568,-1.0547380396269261,-1.4197709368228912
1778595599687265300,4.166265380859375,2.7275702759355305,-1.2427386917896568,-1.4961498276263474
1778595599697259500,4.176259521484375,3.0327561688035725,-1.356785049947351,-1.4689748204529285
1778595599707252500,4.18625244140625,3.3187785115182398,-1.2900149683579802,-1.3629540939711033
1778595599717245700,4.19624560546875,3.690710958969593,-1.0773194353997706,-1.132834401872754
1778595599727239400,4.206239501953125,4.142962559282779,-0.8144491279527545,-0.7737427312940358
1778595599737232400,4.216232421875,4.509358415395021,-0.5017477448880672,-0.2585325705036521
1778595599747225600,4.2262255859375,4.646298450145125,-0.12106120535582303,0.37342882348895073
1778595599757218300,4.23621826171875,4.644994966331124,0.28383798441290853,0.9194627232186495
1778595599767212300,4.24621240234375,4.667631745553017,0.6711760907888412,1.3971350343838334
1778595599777205500,4.25620556640625,4.7427463155090805,0.8972554214552044,1.8177545019842682
1778595599787824400,4.266824462890625,5.138886152499913,0.7626061279907822,2.3069031698010862
1778595599797817300,4.2768173828125,5.401691870278119,0.6150809863403439,2.5597756687164304
1778595599807810600,4.286810546875,5.531752082386612,0.4072238333240151,2.765900883373618
1778595599817804500,4.296804443359375,5.438700289201736,0.17550065155178307,2.94667187654376
1778595599827797500,4.306797607421875,5.0710149778008455,0.07499240488111972,3.1389830853819847
1778595599837790500,4.31679052734375,4.673314467364549,0.06735124247819185,3.329601226566732
1778595599847783700,4.32678369140625,4.218157208737731,0.07211509587913752,3.5234412524074314
1778595599857777700,4.336777587890625,3.499077211001515,0.099994159668684,3.706823889380693
1778595599867770400,4.346770263671875,2.521118898063898,0.219093417301774,3.826309515982866
1778595599877763600,4.356763671875,1.5890256797224283,0.35274580868333577,3.7992461524903773
1778595599887757600,4.366757568359375,0.6013315701901912,0.4350570121452212,3.6582585959151386
1778595599897750300,4.376750244140625,-0.4478688551843166,0.4775280803889036,3.4060049595504998
1778595599907743500,4.386743408203125,-1.4468132575273513,0.5134843599110841,3.1777994305104014
1778595599917736400,4.396736328125,-2.204880865305662,0.5346037203073501,3.019492782604694
1778595599927730700,4.406730712890625,-2.78354000043869,0.5866255839675665,3.003129384563863
1778595599937723400,4.416723388671875,-3.4127608635514974,0.7105301960557698,2.9758897877216337
1778595599947716400,4.42671630859375,-4.075000199168921,0.8634310393951833,2.884015806144476
1778595599957710600,4.436710693359375,-4.779157937583327,0.9349180665038526,2.6946441578894853
1778595599967703600,4.44670361328125,-5.4393952857285734,0.8514334353484213,2.394450228089839
1778595599977696500,4.456696533203125,-5.99763531768918,0.6251476223245263,1.91788368620947
1778595599987689500,4.466689453125,-6.3360927810400725,0.34096564677953717,1.327503864274919
1778595599997683500,4.476683349609375,-6.389369028675556,-0.05347600799128413,0.7275700320534407
1778595600007676400,4.486676513671875,-6.122690268856287,-0.7012047338277101,0.2843123239263892
1778595600017669400,4.49666943359375,-5.770665467923879,-1.4277522909656166,0.14311726208031178
1778595600027663400,4.506663330078125,-5.467128511306643,-1.840547640811652,0.14671528657227753
1778595600037656600,4.516656494140625,-4.9900277164191005,-1.7509797442197799,0.10493541546314954
1778595600047649300,4.526649169921875,-4.867738722833991,-1.2682102560460566,-0.016399346137046814
1778595600057642500,4.536642578125,-5.5234284906774755,-0.4641093574978411,-0.04351882373094559
1778595600067636500,4.546636474609375,-6.053173080515861,0.49821299489066,0.16720365558862685
1778595600077629400,4.55662939453125,-6.183239137843251,1.4861642940543591,0.23952713352143762
1778595600087622400,4.566622314453125,-5.668917158064246,2.256600677279383,0.06987199312746524
1778595600097615400,4.576615478515625,-4.8111190099895,2.659103181169927,0.03650660688132047
1778595600107609600,4.586609619140625,-4.124327416917682,2.4702497115701436,0.2580567696854472
1778595600117602600,4.5966025390625,-3.155383016040921,1.980682818341255,0.5661176334679127
1778595600127595500,4.606595458984375,-1.8357739966690538,1.2834041719160973,0.9247770501092075
1778595600137589500,4.616589599609375,-0.041242695492506025,0.19329510530903934,1.0301818366497755
1778595600147582500,4.62658251953125,1.7322738747060298,-0.4705187861487269,1.2377891065582631
1778595600157575400,4.636575439453125,2.236401208207011,-0.26811726818978787,1.4623881355389952
1778595600167568400,4.646568359375,1.1443915686756372,0.2000651839658618,1.3694827650874852
1778595600177562400,4.656562255859375,0.004138999500870704,0.947519920054078,1.2524220275446771
1778595600187555600,4.6665556640625,-0.5402928718596697,1.9187687984809279,0.9004442806243896
1778595600197548300,4.67654833984375,-0.9879021993249654,2.640796247845888,0.7238768766239285
1778595600207542500,4.68654248046875,-1.1752724446296692,3.0942507942080497,0.6712965022981167
1778595600217535500,4.696535400390625,-0.9395306748658419,3.2125501336351037,0.6474851263388991
1778595600227528400,4.706528564453125,-0.39060675278306006,3.1092066635385156,0.8756076532706618
1778595600237521400,4.716521484375,0.6684528033047914,2.8277146577298637,1.0151534866049885
1778595600247513000,4.72651318359375,2.3915695580869913,2.3318775981903075,1.0477020035102962
1778595600257506000,4.736506103515625,4.22819228053987,1.9638953496694564,1.1859694874718785
1778595600267499300,4.746499267578125,5.420604076018929,1.7859210014805196,1.7681266938537359
1778595600277492000,4.756491943359375,6.03493424399197,1.4299272969171404,2.0485925714850426
1778595600287486000,4.76648583984375,5.658229175311327,0.4757287758819759,2.07342978336066
1778595600297479200,4.776479248046875,4.941176884010434,-0.028862229607999324,2.248203581942618
1778595600307472000,4.786471923828125,4.583035646024346,-0.0135078624792397,2.2677944175973535
1778595600317466000,4.796466064453125,4.619181895160675,0.4202826368615031,1.7613459476724267
1778595600327459000,4.806458984375,4.7101071977108715,0.8719457697622478,1.0859773736298084
1778595600337452300,4.816452392578125,4.8321740729779,0.6482363830976188,0.8158575334459542
1778595600347445000,4.826445068359375,5.029251473304629,0.1922207540757954,0.743924808396399
1778595600357439000,4.83643896484375,5.325255111807585,-0.06669803926646709,0.6754314101457596
1778595600367432200,4.84643212890625,5.538874481612444,-0.136643389891088,0.6229030582681298
1778595600377425200,4.856425048828125,5.477031481161713,-0.13399755155742168,0.5625725082069635
1778595600387418000,4.866418212890625,4.898052612555027,-0.11039192730337381,0.41457039669454093
1778595600397412000,4.876412109375,3.877546951267123,0.026901450929045674,0.05861614735871553
1778595600407405000,4.886405029296875,2.6024247238755223,0.22739508944004772,-0.49376463717967267
1778595600417398300,4.896398193359375,1.0067220506072043,0.7050634550824761,-0.9692004214644432
1778595600427392000,4.90639208984375,-0.5759726725280284,1.560715531039238,-1.4824053799122572
1778595600437385000,4.916385009765625,-1.6318915925025939,2.2784232175089416,-1.8656901192441582
1778595600447378200,4.926378173828125,-2.369477553266287,2.586983701376617,-1.9419412920147179
1778595600457371000,4.936370849609375,-2.731231721052527,2.522810504412651,-1.9272306296169757
1778595600467365000,4.946365234375,-2.649865689486265,2.249021474196762,-1.808977467419207
1778595600477358000,4.956358154296875,-1.9576970795512199,1.893813951575011,-1.592181513404846
1778595600487351300,4.966351318359375,-1.1976742460519074,1.6608094978205858,-1.2345017554506659
1778595600497344000,4.976343994140625,-0.8389251053005456,1.3994716606378554,-0.9015735769152641
1778595600507338000,4.986337890625,-0.5743436100214719,0.6637760436654091,-0.8261816513225436
1778595600517331200,4.996331298828125,-0.618773703378439,-0.3136073919937014,-0.9822387667357921
1778595600527324200,5.00632421875,-0.9435749818205833,-1.0482426862582563,-1.554316477651894
1778595600537317000,5.016317138671875,-1.405097683826089,-1.2256629076957701,-2.2500527169406412
1778595600547311000,5.02631103515625,-1.845830111259222,-1.018356374299526,-2.9680542717903853
1778595600557304000,5.036303955078125,-2.473749828645587,-0.7116684063054621,-3.3975790765106675
1778595600567297300,5.04629736328125,-3.7124013972520826,-0.24373174560442565,-3.204818662600219
1778595600577291000,5.056291015625,-4.770086742377281,0.49761707482412454,-2.746583019441366
1778595600587284000,5.066283935546875,-5.210611080017686,1.260200698722154,-2.2956132756322623
1778595600597277200,5.076277099609375,-5.1836353948086495,1.743432543710619,-1.9118559503525494
1778595600607270000,5.086269775390625,-4.626796461817622,1.6719044539391994,-1.6492387408837674
1778595600617264000,5.09626416015625,-4.191051759669184,1.0149753535591066,-1.3607295497894287
1778595600627257000,5.106257080078125,-3.283926393845677,0.22757833705246447,-1.2990335565939546
1778595600637250300,5.116250244140625,-2.077540433549881,-0.2608941850684583,-1.5445035241678355
1778595600647243000,5.126242919921875,-1.0249877751380205,-0.5655347190134227,-1.5955226405262946
1778595600657237000,5.136237060546875,-0.36089667417407034,-0.6984869993016123,-1.2475816017761825
1778595600667230200,5.146230224609375,-0.13375205236375332,-0.6911376594521105,-0.6740262195229529
1778595600677223200,5.15622314453125,-0.2111076792448759,-0.7453224002346396,-0.3388751042410731
1778595600687216000,5.166216064453125,-0.20213234562873839,-0.8153180197417735,-0.13187515257596968
1778595600697210000,5.176210205078125,0.10613923829495907,-0.7247637424610555,0.07017302190065383
1778595600707203000,5.186203125,0.5135913274168968,-0.567513764001429,0.35008681860715146
1778595600717196000,5.196196044921875,0.6370166315555572,-0.6067044954001903,0.8609934369847178
1778595600727189000,5.20618896484375,0.8186702527791261,-0.7165683071762323,1.2832280846968291
1778595600737183000,5.216182861328125,0.6309861192196607,-0.6900518369767814,1.5147636349424718
1778595600747176200,5.22617626953125,0.3386293127864599,-0.47668731871582565,1.5811469091713428
1778595600757169000,5.2361689453125,0.5688058496385813,-0.1683165852665901,2.1393606376469134
1778595600767162000,5.246162109375,1.3306886317908764,-0.027257351694628593,3.2449709325075147
1778595600777156000,5.256156005859375,2.42820096039176,0.07661664508208632,3.861353356835246
1778595600787149300,5.2661494140625,3.3722371299833056,1.2343234762743114,4.615689376869797
1778595600797142000,5.27614208984375,3.0759657804548737,1.4759667251668869,5.200891065514087
1778595600807135200,5.28613525390625,2.160671136701107,0.4335606361076236,4.520299496126174
1778595600817129200,5.296129150390625,1.9343068516135216,0.013532996920496225,4.049558591659367
1778595600827122200,5.3061220703125,1.4417588967472315,-0.5374091331169009,3.426899863541126
1778595600837115100,5.316115234375,1.1464812344312667,-1.20665893201828,2.9406957247436045
1778595600847108000,5.326108154296875,1.235575814422965,-1.8199791922964155,2.742534036311507
1778595600857102000,5.33610205078125,1.6696230650037527,-2.047947843840718,2.6690426836431027
1778595600867095000,5.346094970703125,2.0278595800578594,-1.871737436584383,2.8541034829616545
1778595600877088000,5.356087890625,2.448260582602024,-1.3415421803690493,3.2583085529863833
1778595600887081200,5.366081298828125,2.8206080405950544,-0.6940597574438899,3.704657066735625
1778595600897075200,5.3760751953125,2.697988792142272,-0.34889724349640305,4.0619618538975715
1778595600907068000,5.38606787109375,1.7723662311196327,-0.437923434427008,4.313820645725727
1778595600917061000,5.39606103515625,0.21907529712319374,-0.9056780896246432,4.346571407204866
1778595600927054000,5.40605419921875,-0.6870224792182446,-1.725123856820911,4.144652412065863
1778595600937048300,5.41604833984375,-1.2733406046718359,-2.403486498112976,3.4621471180111167
1778595600947041000,5.426041015625,-1.781201864004135,-2.463066522067785,2.5133143617928027
1778595600957034000,5.436033935546875,-3.1496623003065585,-2.208708753030747,1.5259493380844593
1778595600967027200,5.446027099609375,-4.063832908466458,-1.0821019935011864,-0.02292494851350784
1778595600977021200,5.456021240234375,-4.554665876108408,0.12876827260181306,-1.172553248798847
1778595600987014100,5.46601416015625,-4.372458128133416,0.9271763663358986,-0.4494675225526094
1778595600997007000,5.476007080078125,-3.3656863931655883,1.9928860279627143,0.16843524321019648
1778595601007000300,5.486000244140625,-1.975026400014758,3.294939663030207,0.3002612959474325
1778595601016994000,5.495994140625,-1.05180739300251,3.341778863355517,-0.2534668115466833
1778595601026987000,5.505987060546875,-3.055853551274538,3.099156101906299,-1.7324807954549788
1778595601036980200,5.515980224609375,-6.124786364352703,3.761174488249421,-2.8121728052049875
1778595601046973000,5.525972900390625,-7.288323363003134,5.319614475572109,-2.775149188712239
1778595601056967000,5.535966796875,-6.429227576333284,6.485709926533699,-1.7675713980585335
1778595601066960100,5.545960205078125,-4.9270261935830115,6.401514224499464,-0.6738812580943108
1778595601076953000,5.555953125,-3.791534555199742,5.492788437741995,0.02526303607225418
1778595601086946000,5.565946044921875,-3.130649556800723,4.308549427324533,0.41824733164161443
1778595601096940000,5.57593994140625,-2.6095471231013536,3.446879406252503,0.5191854941621422
1778595601106933000,5.58593310546875,-1.0672358482807873,2.640081377574801,0.33510493805259467
1778595601116926200,5.59592626953125,0.37719898967742915,1.657658486443758,0.3122892951324582
1778595601126919000,5.6059189453125,1.1359522416323422,1.0222561582170426,-0.08144348071664571
1778595601136913200,5.6159130859375,0.8232260163873434,0.6980867479376495,-0.47837125321477647
1778595601146906000,5.625906005859375,-0.11817922017872333,0.8634110925856977,-0.7181903554201126
1778595601156899300,5.6358994140625,-0.8976064268499613,1.2117146079726517,-0.48325873299539085
1778595601166892000,5.64589208984375,-0.7732721911728382,1.5755302383333443,-0.1302192020624876
1778595601176885200,5.65588525390625,-0.015503858602046965,1.9679685904577373,0.22739976561516523
1778595601186879200,5.665879150390625,0.610990794417262,2.3191201156869528,0.6318766383185982
1778595601196872000,5.675871826171875,1.2012193713128565,2.5802362729430195,1.178828968067467
1778595601206865200,5.685865234375,1.9609914449214934,2.7137898801252245,1.6997501999810336
1778595601216858000,5.695858154296875,2.589537769773602,2.5042887592941523,1.2216302911788224
1778595601226852000,5.70585205078125,3.4058372017681595,1.9167668110087512,0.1840954614177346
1778595601236845000,5.715844970703125,4.304149146538973,1.5461621050298213,-0.14531506438553332
1778595601246838000,5.725838134765625,4.5834091555118555,1.5839581671997904,0.2589902511432767
1778595601256830700,5.735830810546875,3.837565069490671,0.6841990923605858,1.5491569029316306
1778595601266824700,5.74582470703125,4.002701855677366,0.03428178870500997,1.6046721616655588
1778595601276817700,5.755817626953125,4.461827433413267,0.20686865343563257,1.0264256989866494
1778595601286810600,5.765810546875,4.5028369046717875,0.2792424367835745,0.8405132512748241
1778595601296803800,5.775803955078125,4.959974523460865,0.16586312769986689,0.7439873522385955
1778595601306796500,5.785796630859375,5.202766796258092,0.05221613042356912,0.6178446058347821
1778595601316790500,5.79579052734375,5.2617701893687245,0.04564925988838076,0.5772744027763604
1778595601326783700,5.80578369140625,5.324686956530809,-0.12305692748399451,0.1663262882322073
1778595601336776400,5.8157763671875,5.114781054291129,-0.23142302978187798,-0.5525567256271838
1778595601346769700,5.825769775390625,4.803070728090405,-0.03345452583432197,-0.8036039088115096
1778595601356763600,5.835763671875,4.9624096416532995,0.4667123065378517,-0.3490095447644591
1778595601366756600,5.845756591796875,5.333998390233516,0.8155651994358748,-0.03470131102502346
1778595601376749600,5.85574951171875,5.434691638082265,0.905833280186355,-0.08174655531644821
1778595601386742500,5.865742431640625,5.475263302445411,0.7536332785926759,0.0858557442009449
1778595601396736500,5.875736572265625,4.873098788562417,0.4988347069855779,-0.049040802022814745
1778595601406729700,5.885729736328125,3.965806834000349,0.36852143343146887,-0.394870255446434
1778595601416722400,5.895722412109375,3.7193554541736837,0.801174270511791,-0.7579787604510784
1778595601426715600,5.905715576171875,2.506722708442807,1.5898004634872078,-0.8038964620172977
1778595601436708600,5.91570849609375,0.48929976672530173,1.7114869611345231,-0.3659501581713557
1778595601446702600,5.92570263671875,-0.34440497357845307,1.4182070485070346,-0.37896833743751046
1778595601456695600,5.935695556640625,0.343377384096384,1.2886550781816244,-0.6778022309303283
1778595601466688500,5.9456884765625,2.0796780301004647,1.7037426306180654,-0.5202300347790122
1778595601476681700,5.955681640625,3.3685312612026928,1.4538358496405184,-0.6500318882122635
1778595601486675500,5.965675537109375,3.595854746711254,1.819177812785655,-0.6844315859422088
1778595601496668700,5.975668701171875,2.275322182753682,3.3213416400045155,-0.39504941140562294
1778595601506661600,5.98566162109375,0.73199617793262,5.479167908668518,-0.6251949685975909
1778595601516654600,5.995654541015625,-1.0442577082753182,7.516260011973976,-0.33820027371942996
1778595601526647600,6.0056474609375,-2.1931582788079975,8.917555965429544,0.07263970427513122
1778595601536641500,6.0156416015625,-2.2767875791311263,8.647031051576137,-0.4758107550770044
1778595601546634800,6.025634765625,-2.6702234178602695,6.856660961732268,-2.1561814240664243
1778595601556627500,6.03562744140625,-3.4215649322539567,4.356367117293178,-4.158091739353537
1778595601566620700,6.04562060546875,-3.216775350114703,2.4056661802396175,-5.3752668046891685
1778595601576614700,6.05561474609375,-0.2665326293468475,2.552236213122308,-4.167478576380014
1778595601586607600,6.065607666015625,2.746896323174238,4.15589481383115,-1.2300707872658967
1778595601596600600,6.0756005859375,4.889935941594839,5.337383941018581,1.0851496906340121
1778595601606593500,6.085593505859375,6.85330054538846,5.072078223118186,2.250027582499385
1778595601616586800,6.095586669921875,7.962035694271326,4.9168286246955395,3.30876272893846
1778595601626580700,6.105580810546875,7.478740136396884,5.434757104533911,3.3970570984631774
1778595601636573400,6.115573486328125,4.91682687112987,5.772694343402981,2.2169839755535126
1778595601646566700,6.125566650390625,1.6809493456602096,6.332521936815977,0.6645020198523998
1778595601656559600,6.1355595703125,-1.1967834346920252,7.051900040715933,-0.6223796189159154
1778595601666552600,6.145552490234375,-3.594399871727824,8.273273726785183,-0.47123687129020686
1778595601676546600,6.155546630859375,-5.38762827361226,9.080848585054278,0.12417816833257675
1778595601686539800,6.165539794921875,-5.810305988916754,9.504213698101044,0.5860030681550502
1778595601696532500,6.175532470703125,-4.787288637068867,8.556710729181766,-1.0386433755248785
1778595601706525400,6.185525390625,-4.322637573909759,6.287552914276719,-4.131607052531838
1778595601716519700,6.195519775390625,-4.407947959187626,3.5842180849313734,-7.102585687336325
1778595601726512600,6.2055126953125,-4.981555656149983,0.3738438340306282,-10.28776529122591
1778595601736505600,6.215505615234375,-4.536036578962206,-2.6488912914961573,-12.319850964546204
1778595601746498600,6.22549853515625,-3.149911306631565,-4.120213551858067,-13.508969563698768
1778595601756491800,6.23549169921875,-0.5979448503613471,-4.504626710698008,-13.677453322225809
1778595601766485800,6.24548583984375,2.5492583663553,-6.006612989392877,-12.53472354928255
1778595601776478500,6.255478515625,5.02231086038649,-8.207586325865984,-11.455437782245873
1778595601786471700,6.2654716796875,7.96905872477591,-10.456796162241696,-12.377337523353098
1778595601796464600,6.275464599609375,12.731174342143534,-13.023451653599738,-13.382944306194782
1778595601806457600,6.28545751953125,14.965557196265458,-14.839288777655362,-13.538513638091086
1778595601816451600,6.29545166015625,14.794057304787636,-15.069949298632144,-13.397746738529204
1778595601826444500,6.305444580078125,13.350769883298874,-13.555764048099517,-11.269362252926825
1778595601836437800,6.315437744140625,10.904686060214042,-11.619928087222576,-9.543746667066216
1778595601846430500,6.325430419921875,8.79176860833466,-9.276794935524464,-7.982940535134077
1778595601856424400,6.335424560546875,7.010944929993152,-6.652210986810922,-5.613362444102764
1778595601866417700,6.345417724609375,4.943977328383922,-4.734720829963684,-2.2439567381531
1778595601876410400,6.355410400390625,4.579200597906112,-3.465098953554034,-0.21200667391121386
1778595601886403600,6.365403564453125,4.748187922041118,-3.306733268937468,0.2174304525256157
1778595601896396500,6.375396484375,3.9185625600054856,-4.839629065158963,-1.5109247874319554
1778595601906390800,6.385390869140625,2.6535689279183745,-4.700155712538957,-2.768778484636545
1778595601916383500,6.395383544921875,1.5270678207203745,-4.446241157224774,-3.9475469546884296
1778595601926376700,6.405376708984375,-0.23944705402255057,-4.253241966122388,-5.254099508610367
1778595601936369700,6.41536962890625,-1.9396694015599787,-2.7830945947587487,-5.7972378330290315
1778595601946362400,6.4253623046875,-5.513897861266136,-0.6072942779868841,-5.196005047038197
1778595601956356600,6.435356689453125,-13.7760528126657,5.58000319533646,-0.36113632814884183
1778595601966349600,6.445349609375,-14.803945077073573,9.882464827179907,2.3120710739582777
1778595601976342800,6.4553427734375,-14.737543390405177,12.928960183000564,4.025696946817637
1778595601986335500,6.46533544921875,-11.794543480372429,13.009222052717208,4.0885049929082395
1778595601996328700,6.47532861328125,-8.11318487163782,11.84737724493742,3.647092181995511
1778595602006322700,6.48532275390625,-5.6748769432514905,10.689444057643414,3.823648772341013
1778595602016315600,6.495315673828125,-3.0483202331602572,9.12892317239344,3.158396810904145
1778595602026308600,6.50530859375,1.1084195070624352,6.761683753442764,2.282901678097248
1778595602036301600,6.515301513671875,4.434403419914841,2.455350833123922,1.806789894247055
1778595602046294800,6.525294677734375,3.1037282321274278,-0.03248421949744224,-1.4925982726246119
1778595602056288800,6.535288818359375,1.83468576304093,0.04405541482567787,-3.6425440171718595
1778595602066281500,6.545281494140625,3.425032900625467,1.4208423654466866,-3.812884801742434
1778595602076274700,6.555274658203125,4.9558974832803,2.223476844704151,-3.5950831778168677
1778595602086267600,6.565267578125,5.6300061203897,1.396035256448388,-3.0419337469935415
1778595602096260600,6.575260498046875,5.8376358943909405,-0.6348620838701725,-1.56779876729846
1778595602106254600,6.585254638671875,6.110387836644053,-1.5155141610488294,-1.5494997250199316
1778595602116247600,6.59524755859375,9.270752148228883,-1.232220951037109,-1.9228513916194439
1778595602126240500,6.605240478515625,6.3333408519834276,1.873506638213992,-0.28540450307726856
1778595602136233500,6.6152333984375,0.6267864025074988,3.541353633455932,3.0107728850543496
1778595602146226700,6.625226806640625,-1.4144178853571414,1.4518711254388093,2.83132115778923
1778595602156220700,6.635220703125,-2.85159413048923,-1.5459420325383544,1.7631097424745559
1778595602166213600,6.645213623046875,-3.671393095037341,-3.6502167437568307,0.8993892186135053
1778595602176206600,6.65520654296875,-2.7400001339197155,-4.675558154638112,0.30373452501595016
1778595602186199600,6.665199462890625,-1.1049893864832818,-5.19456303153634,-0.49021337443888185
1778595602196192500,6.675192626953125,-0.5226844421938062,-5.03269898341,-1.2226058582127093
1778595602206186500,6.6851865234375,1.674575718975067,-4.26286144286096,-1.1546002434790135
1778595602216179700,6.6951796875,4.179326250562071,-2.4944331357121468,-1.1282745466113089
1778595602226172700,6.705172607421875,2.1440165006287395,0.17982435996979473,-2.899277088162303
1778595602236165600,6.71516552734375,-2.0633482420682907,3.675801559129357,-1.462384920668602
1778595602246158600,6.72515869140625,-3.8895004239112136,3.898910349552333,-0.7496978388398885
1778595602256151800,6.73515185546875,-5.231161700615287,0.968732511691749,-1.1726479413449764
1778595602266146000,6.74514599609375,-5.521955495515465,-1.3535443144604562,-1.403452254706621
1778595602276138800,6.755138671875,-4.180115939635038,-0.5434253246665001,-1.142638587528467
1778595602286132000,6.765132080078125,-2.4038971247404812,0.9565706569939851,-0.6121890642911195
1778595602296125000,6.775125,-1.056591120147705,2.3692110112845897,-0.35085283454358573
1778595602306118000,6.785117919921875,-0.8623539116829633,-0.44266222645193337,0.19754326427280902
1778595602316112000,6.79511181640625,0.11442717416882514,-0.8439294894590973,-0.04047404920756817
1778595602326104800,6.805104736328125,-0.8294909220010042,5.172299177280068,-0.3760159173727035
1778595602336098000,6.81509814453125,-0.6772966194957495,7.739280831852555,-0.9009422932744026
1778595602346090800,6.8250908203125,-1.9646540590822696,4.007736927235126,-1.9093121110886335
1778595602356084000,6.835083984375,-2.4596394702285527,-0.012679156570136546,-3.1862031017184256
1778595602366078000,6.845077880859375,-0.19576571493996306,-1.5856395444154738,-5.906290328422188
1778595602376070700,6.855070556640625,3.3420711243003605,-2.744255161015689,-6.284125862437486
1778595602386064000,6.86506396484375,6.0412172697842115,-3.5997546767592428,-3.8775346763074396
1778595602396056800,6.875056884765625,6.150070443212986,-4.450026520982385,-1.727916848540306
1778595602406050000,6.885050048828125,4.391667270994186,-2.6488296244367957,0.9561825344592332
1778595602416042800,6.895042724609375,3.4606256075322626,0.6979699896901845,3.5731267820745702
1778595602426036700,6.90503662109375,3.3239339945852753,0.8422747079893946,3.0937305697262287
1778595602436030000,6.915030029296875,2.0818939525842666,-1.4052505363002419,2.3478262779504058
1778595602446022700,6.925022705078125,1.8822621915996074,-1.0647238654598592,1.2958856139570474
1778595602456016000,6.935015869140625,1.9992963333964346,0.2969680996209383,0.8618816179960965
1778595602466008800,6.9450087890625,3.092435269218683,-0.6642980217128992,0.668263418212533
1778595602476002800,6.9550029296875,2.86433144698739,-0.5838935286551714,-0.8523556647598743
1778595602485995800,6.964995849609375,-2.3905929681397975,-2.1532076689526436,-1.1436316902190446
1778595602495988700,6.97498876953125,-5.116612361371517,-2.499134153009951,0.20735855584442614
1778595602505982000,6.98498193359375,-3.5468496005237102,-1.342862176926434,1.8629799835026264
1778595602515974700,6.994974609375,-2.4767127701044083,-1.0355942170873285,5.078625452804565
1778595602525968000,7.0049677734375,-3.0499779372394085,0.2421855390757322,8.53425106009245
1778595602535961900,7.0149619140625,-3.187733380025625,2.3570222685799003,9.220463976493477
1778595602545954800,7.024954833984375,-3.3474539863824844,0.6761106245815753,10.509677857601641
1778595602555947800,7.03494775390625,-2.7829648308992385,-0.812322052796185,11.068017842805386
1778595602565940700,7.044940673828125,-3.148883717149496,-0.3002668489053845,11.187943029868602
1778595602575934000,7.054933837890625,-4.14620548672676,0.7547744114518166,10.207523295253514
1778595602585928000,7.064927978515625,-4.488941065788269,1.265358373746276,8.88828252467215
1778595602595921000,7.0749208984375,-3.4144553925096988,0.19001842172592878,8.297795004579424
1778595602605913900,7.084913818359375,-3.086159842211008,-0.0396337989911437,7.121518935865163
1778595602615907000,7.094906982421875,-3.2443186060786244,0.022364976543188093,6.440915676039457
1778595602625899800,7.104899658203125,-2.4639199240267273,-0.4153215073227882,6.706119102609157
1778595602635893000,7.11489306640625,-0.6279483589589595,-1.2642460285902022,5.053305133587122
1778595602645887000,7.124886962890625,0.6495709927022457,-5.129558352184295,0.4001958343833685
1778595602655879700,7.134879638671875,-0.10494520620480179,-3.7970062646090983,-1.759485706758499
1778595602665873000,7.144872802734375,0.7609770654842257,4.870739073693752,-3.6823803529977797
1778595602675865900,7.154865966796875,-2.064809985183924,3.8695156205028294,-7.837281187355518
1778595602685859000,7.164859130859375,-1.8654867056265472,-0.13824790247827767,-10.967660110521315
1778595602695851800,7.174851806640625,-0.08205284478664397,-1.20388011495471,-12.524573911190032
1778595602705845800,7.184845703125,-0.38523148948550223,-1.4598250070527194,-12.713271605706215
1778595602715839000,7.1948388671875,-0.5652043180152774,-1.7054121712654828,-12.870606193709373
1778595602725831700,7.204831787109375,-0.6470566717937588,-1.9069117719486355,-12.98262513769269
1778595602735825000,7.214824951171875,-0.6690668435499072,-2.051717717768252,-13.052032435917853
1778595602745817900,7.22481787109375,4.438898685507476,2.000818720658123,-8.426406771445274
1778595602755811800,7.234811767578125,3.9254242624685167,2.836577178621292,-5.191760249075293
1778595602765804800,7.2448046875,2.854393113557994,2.3725530151888727,-1.7368600334525108
1778595602775797800,7.2547978515625,2.361482170598209,1.5171946614816785,3.174811354610324
1778595602785791000,7.264791015625,2.988600508473813,1.589408249299228,7.245348729151487
1778595602795783700,7.27478369140625,5.024379483354092,1.2835706145241856,8.84361453090608
1778595602805777000,7.28477685546875,5.425949528700113,0.5583610279917717,9.661380528321862
1778595602815771000,7.29477099609375,4.2078436122551555,-0.5076517082348465,9.18569602997303
1778595602825763800,7.304763916015625,2.1762528828449548,-0.9002756460592151,8.745642232453823
1778595602835756800,7.3147568359375,0.6448620843589306,-0.8892699756592511,8.176434816277027
1778595602845749800,7.324749755859375,-0.11614113847985863,-0.7054957090198993,7.503518603822588
1778595602855743000,7.334742919921875,-0.7230874798119068,-0.12115765146762132,7.005364499512314
1778595602865735700,7.344735595703125,-1.497019888459146,0.7176371054515243,6.840906343239546
1778595602875730000,7.35472998046875,-2.018558813879639,0.512520483314991,6.718016461151838
1778595602885723000,7.364722900390625,-2.19082194481492,-0.25640871021747585,6.326446416294575
1778595602895715800,7.3747158203125,-2.208840416586399,-0.8019877057865261,6.015020752254128
1778595602905708800,7.384708740234375,-2.5296821437478063,-0.37699294571131464,5.228163687843084
1778595602915701800,7.39470166015625,-1.6910218268632888,-0.03733750474750996,2.6816724481135603
1778595602925695000,7.404695068359375,-0.5233212787926197,0.6105079793363809,-8.837716120517253
1778595602935689000,7.41468896484375,-1.3702235004521905,4.2667610806480045,-21.613604049134253
1778595602945682000,7.424681884765625,-2.652452783370018,8.075451645570993,-22.564008584713935
1778595602955675000,7.4346748046875,-2.818833432137966,8.833404102537035,-22.36026295866966
1778595602965667800,7.444667724609375,-2.266944522769749,10.13071244277358,-9.263326966664195
1778595602975660800,7.454660888671875,-1.5099641257062553,14.701054026919602,-5.801480292904377
1778595602985653800,7.46465380859375,-6.021797114521265,8.983992138889432,-11.313054095137119
1778595602995647000,7.47464697265625,-3.7877252260446546,-3.1099323474645613,-18.395593604266644
1778595603005640700,7.484640625,3.56387672317028,-3.88037808303982,-10.300832862591744
1778595603015634000,7.494634033203125,5.870356845253705,-2.8629698032453654,-2.0259049388587473
1778595603025627000,7.504626953125,4.889268709857761,-2.5814582159534094,1.258720543166995
1778595603035619800,7.514619873046875,5.241154102319479,-1.7975135318577289,2.3681033423036335
1778595603045612800,7.52461279296875,6.228644798234105,-1.6146590104117988,2.010247350999713
1778595603055606000,7.53460595703125,6.958528514057398,-1.8306702437892555,2.0090829833954573
1778595603065600000,7.54460009765625,6.493738919210434,-1.6918579854264855,2.483767949312925
1778595603075592700,7.5545927734375,5.309053334069252,-1.4567755563542246,3.245194219869375
1778595603085586000,7.5645859375,4.064288251018524,-1.2199229758042842,3.8988925216346977
1778595603095579000,7.574578857421875,2.8807167645990845,-1.2993845619887112,4.255007806751132
1778595603105571800,7.58457177734375,1.9112229131460188,-1.1696428412448614,4.584619700345397
1778595603115564800,7.594564697265625,1.190589110096544,-0.786930860299617,4.827751580360531
1778595603125558800,7.604558837890625,0.9987873120851815,-0.4673926169522106,4.777273439010978
1778595603135552000,7.614552001953125,0.44795989446863527,-0.3081756492685526,4.568825334364176
1778595603145544700,7.624544677734375,-0.4574947616636753,-0.05630027163177728,4.597476843830943
1778595603155538000,7.634537841796875,-1.5613161272808909,-0.11426789195388555,4.8525130966514345
1778595603165531000,7.64453076171875,-2.8593445984855292,-0.5495629506386817,5.228984356576204
1778595603175523800,7.65452392578125,-3.9982866695836186,-0.7130329726569354,5.731607715255022
1778595603185516800,7.664516845703125,-4.2465529898777605,-0.547179343437776,6.334913800388574
1778595603195510800,7.6745107421875,-3.7012335220277306,-0.8019858060903847,6.782899559950828
1778595603205504000,7.68450390625,-3.4575635896131396,-1.0884748895339666,7.424363818565011
1778595603215496700,7.69449658203125,-3.308136413733661,-0.97410192977041,8.108389454054832
1778595603225490000,7.704489990234375,-2.902242367708683,-0.8448270228207111,8.26923351148367
1778595603235483000,7.71448291015625,-2.402384966611862,-0.6464877858646214,8.466520755168794
1778595603245475800,7.724475830078125,-2.067521728360653,-0.6084466628924012,8.212695047181844
1778595603255470000,7.734469970703125,-2.0621932268142698,-0.863315888582915,6.740929134705662
1778595603265463000,7.744463134765625,-2.1547709727466104,-0.9412506305262446,4.2434249209851025
1778595603275456000,7.7544560546875,-2.022587192612886,-0.7881045802541077,1.0091630140185355
1778595603285449000,7.764448974609375,-1.2820739462256432,-0.4060153343170881,-2.9448820705175396
1778595603295442200,7.774442138671875,0.1031063003398478,1.2569308832712471,-6.796223736426234
1778595603305435000,7.784434814453125,1.0900234341502189,4.015578872907161,-8.471586221864818
1778595603315428000,7.794427978515625,-0.20047595672383903,5.846767295351624,-8.040311943128705
1778595603325422000,7.804422119140625,-2.489585111159086,2.5549568702578545,-10.422242735254764
1778595603335415000,7.8144150390625,-3.012512422198057,-0.07356902101449668,-12.164036133456229
1778595603345408000,7.824407958984375,-1.2468586943291127,-0.530197375107184,-9.015597821986674
1778595603355401000,7.83440087890625,0.6460206067442894,-1.3832503014162183,-5.312537669053674
1778595603365394200,7.844394287109375,2.6055823111236096,-1.5589122810095548,-4.053900712516904
1778595603375387000,7.854386962890625,4.240477177095413,-1.4214258644230664,-3.2477105866044758
1778595603385380000,7.864380126953125,4.559176047009229,-1.0765566343337296,-2.3172896853893996
1778595603395374000,7.8743740234375,4.536008229650557,-0.827934047947824,-1.1350064852148294
1778595603405367000,7.884366943359375,4.793367956982553,-0.6316768779627978,-0.15976210741102695
1778595603415360000,7.894360107421875,5.277624176582694,-0.2638612181805074,0.5039426245838403
1778595603425353000,7.90435302734375,5.599762957817315,0.2095860226355493,0.9559738601446152
1778595603435346200,7.91434619140625,5.8545712471008295,0.5625153711922466,1.2884072409003973
1778595603445339000,7.9243388671875,5.327927545887231,0.5772453228123485,1.3967501267194746
1778595603455332000,7.93433203125,4.3401600788578385,0.48412528669685123,0.8537748839080334
1778595603465326000,7.944326171875,3.1440114349380135,0.48507396572381256,0.9701911860674619
1778595603478441000,7.95744091796875,1.6497522433638572,0.19581644048020241,1.4976906273275612
1778595603488434200,7.96743408203125,0.21131050834059714,-0.06586392652988433,1.7858809617310762
1778595603498427000,7.977427001953125,-0.9544520574048161,-0.3330060660772025,1.878896514558792
1778595603508420000,7.987420166015625,-1.6413278216287492,-0.5622017751984298,1.7670207784384488
1778595603518413000,7.9974130859375,-2.289293132700026,-0.583316021028161,1.4806331095427274
1778595603528406000,8.007406005859375,-2.41113584382236,-0.5167851550221443,0.9182850577414036
1778595603538400000,8.01739990234375,-1.9707263647332787,-0.3911696473628282,-0.15879413916170595
1778595603548393000,8.02739306640625,-1.785346124202013,-0.5389660071700811,-1.5109206957787273
1778595603558386200,8.03738623046875,-2.0682591027244923,-0.8571462600372731,-2.7285698083668946
1778595603568379000,8.04737890625,-2.5846026514589786,-0.6247299814343452,-3.578752220740914
1778595603578372000,8.0573720703125,-3.314727482561767,-0.37677009674087164,-4.305734369903803
1778595603588365000,8.067364990234376,-3.7766789313733575,-0.07414645557627081,-5.038440157410502
1778595603598358000,8.07735791015625,-3.0888895594358443,0.5540029789127409,-6.222344236785173
1778595603608352000,8.08735205078125,-1.822480215331912,1.2822639158397913,-7.358577633446455
1778595603618345000,8.097344970703125,-1.1966861117973924,1.5537835398189723,-7.669087351685762
1778595603628338200,8.107338134765625,-0.8598810918286443,1.6414862270608543,-7.0775406779289245
1778595603638331000,8.117330810546875,-0.5636863146677613,1.583104472979903,-5.858327384763956
1778595603648324000,8.127323974609375,0.11512509330511092,1.1368453910797833,-4.235056321090459
1778595603658317000,8.137317138671875,1.2223273335322737,0.6425146444499492,-2.7704034554898738
1778595603668310000,8.14731005859375,2.21962747579962,0.4157208819039166,-1.657111958476901
1778595603678303000,8.157302978515625,2.91375511084795,0.18415055260583757,-0.4896130704581737
1778595603688297000,8.167296875,3.397121103610098,-0.10134133649393916,0.6103074883282185
1778595603698290200,8.177290283203124,3.5187285446718333,-0.10261442516967653,1.9918220519930123
1778595603708283000,8.187282958984374,3.137066730366647,0.11934504908770321,3.800176711338758
1778595603718276000,8.197276123046874,2.7740532101690767,0.1484708980679512,4.916521166181564
1778595603728269000,8.20726904296875,2.024589472346008,0.07663958756625652,5.816877184000611
1778595603738262000,8.217261962890625,0.9081003483355045,-0.2507739192008972,6.354979267817735
1778595603748255000,8.2272548828125,0.044564825652539726,-0.7731121783055365,6.002622458451986
1778595603758249000,8.2372490234375,-0.8064312411919236,-0.8833562215708196,6.058381170552969
1778595603768242200,8.2472421875,-1.5393275828346609,-0.8028918150193989,6.262120366856456
1778595603778235000,8.25723486328125,-1.8704174400269984,-0.8747676953151822,6.311466873827576
1778595603788854000,8.26785400390625,-2.0281331363022326,-0.9758268538668751,6.660337010121345
1778595603798847000,8.277846923828125,-2.108386822712421,-1.000927538984269,7.348772278746962
1778595603808840000,8.28783984375,-2.284227666004002,-1.1562889272183179,7.761917611074447
1778595603818833200,8.297833251953126,-2.596183199137449,-1.479989697072655,7.883247988760471
1778595603828825900,8.307825927734376,-2.971319703327119,-1.7039043970510364,8.002864548265933
1778595603838819000,8.317819091796874,-3.398482747352123,-1.9618461620546876,8.054372032663226
1778595603848812000,8.32781201171875,-3.7399382234752174,-2.176861224001646,8.108705095875262
1778595603858805000,8.337804931640624,-3.960170873939991,-2.4512659018978473,7.951144882422685
1778595603868799000,8.347799072265625,-3.2092578140914436,-2.5479718336760997,7.57022657996118
1778595603878792000,8.3577919921875,-2.9966718789875504,-2.7462106789976355,6.0062108383327715
1778595603888785200,8.36778515625,-3.0722891377687453,-2.4376712379179892,2.165754723575711
1778595603898777900,8.37777783203125,-1.5644693306148052,-1.6963025437451897,-3.5013130072295664
1778595603908771000,8.38777099609375,-0.47977658996805544,-0.3091806615926325,-8.575872525769471
1778595603918764000,8.397763916015625,-0.6132214760787784,1.8646613607183098,-9.709382634946703
1778595603928757000,8.407757080078126,-0.6299294497735798,1.9321099260911345,-9.702020581746101
1778595603938751000,8.4177509765625,-0.6527108981631696,1.940124597981572,-9.704729256182908
1778595603948744000,8.427743896484374,-0.6971392379544675,1.9286602240286765,-9.714158763307333
1778595603958737200,8.437737060546874,-0.19580781878232956,1.7464153589136897,-7.266831077641248
1778595603968729900,8.447729736328125,1.4088511911407113,1.0126296672157942,-4.13193964548707
1778595603978723000,8.45772314453125,2.9630174466669557,0.6284348273016512,-3.219488700726628
1778595603988716000,8.467716064453125,4.65054032549858,0.39272053006663915,-2.9509008924156426
1778595603998709000,8.477708984375,5.486688367301225,-0.04587897699102759,-2.029614899292588
1778595604008702000,8.487701904296875,6.2225453123152255,-0.6751224903270602,-0.9900409649193286
1778595604018696200,8.4976962890625,7.551423095291852,-1.0551974738322198,0.43499359152019024
1778595604028689000,8.50768896484375,8.064245191901922,-1.1266603894129394,2.2765374037623403
1778595604038681900,8.517681884765626,7.931176445627212,-1.0605315283365546,3.1316701320201155
1778595604048675000,8.527675048828126,6.167460553953052,-0.7542688000172376,3.146259798386693
1778595604058668000,8.53766796875,3.2761259492278096,-0.38931744362488385,2.779356577274203
1778595604068661000,8.547660888671874,1.2099763860031962,-0.5132857685990632,2.007999864333868
1778595604078654000,8.557654052734375,-0.17355302461534738,-0.7329017484702169,1.4151812709450722
1778595604088647200,8.567647216796875,-1.334741706573963,-0.9080997638136148,0.8128893312901257
1778595604098641000,8.577640869140625,-2.2452257351756093,-1.0914422149069607,0.18714637342095375
1778595604108634000,8.587634033203125,-2.7567618836283683,-1.0397492909401655,-0.5892454110771417
1778595604118627000,8.597626953125,-2.837115815542638,-0.5433223026834428,-1.5067559773147106
1778595604128620000,8.6076201171875,-3.029491906310618,0.6345651467502117,-2.866203086078167
1778595604138613000,8.617613037109376,-3.265974557569623,2.2720798398315907,-4.522762671369314
1778595604148606000,8.62760595703125,-3.360067968761921,3.4425188729554415,-6.0147898661077015
1778595604158599200,8.63759912109375,-3.3528806876063344,3.7555171931400895,-7.238506900432705
1778595604168592000,8.647591796875,-3.10737068028301,3.4931706173062325,-7.952055567526817
1778595604178586000,8.657586181640625,-2.5935996123850344,2.7449296992763874,-8.458553721812367
1778595604188579000,8.6675791015625,-1.7170611080050469,2.478874039791524,-8.475283322817086
1778595604198572000,8.677572021484375,-0.8537135091096162,2.648826994088292,-7.842282356643676
1778595604208565000,8.68756494140625,0.3141033588171005,2.3760575161784887,-6.2722776037335395
1778595604218558000,8.697557861328125,1.1875368829190731,1.5112586955614387,-4.009098863238096
1778595604228551000,8.707551025390625,2.1260624723955988,0.5593596836403012,-2.2781337330430746
1778595604238544000,8.7175439453125,2.88343011521101,-0.3250640210315585,-1.0863935532152653
1778595604248538000,8.7275380859375,3.1477319167658684,-0.9401710185959935,0.25853870798349377
1778595604258533000,8.737533203125,2.9681787749528885,-1.179554944254458,1.6635025362968443
1778595604268526300,8.7475263671875,2.880653343974054,-1.1428985536389051,2.811642643851042
1778595604278519000,8.75751904296875,2.807307537256181,-1.0039743593342603,3.672985332664847
1778595604288512300,8.76751220703125,2.8457708311632275,-0.8982976239845156,4.120091386783122
1778595604298505200,8.777505126953125,2.49868816280812,-0.8734551514118909,4.230518677660823
1778595604308498200,8.787498291015625,1.5562202654466033,-0.9390959367103874,4.262531772515177
1778595604318491100,8.7974912109375,0.49754474024027584,-0.893917070812732,4.480699307143688
1778595604328484400,8.807484375,-0.25673253534436224,-0.8087604147918522,4.928507956573367
1778595604338478300,8.817478271484376,-0.7180442249476909,-0.663633566454798,5.448421472749113
1778595604348471000,8.827470947265626,-0.9549746199741959,-0.5255747568078338,6.005138825187086
1778595604358464300,8.83746435546875,-1.3216031157985328,-0.6340411228761077,6.386043099123239
1778595604368457200,8.847457275390624,-1.7628844092860816,-0.7766466360419988,6.976347663864493
1778595604378450200,8.8574501953125,-2.261886362597346,-0.9703729723751544,7.438596342056989
1778595604388443100,8.867443115234375,-2.7552953182071445,-1.205711714296043,7.885625239285826
1778595604398436400,8.877436279296875,-3.26010537327528,-1.6417109757274388,8.228639050766825
1778595604408429000,8.887428955078125,-3.6302760717511173,-1.9464196064725516,8.503869365832209
1778595604418423300,8.89742333984375,-3.3986744705319403,-2.0779177424296735,8.691489786505699
1778595604428416300,8.907416259765625,-3.4648704054951667,-2.0852311341829597,8.627747674435376
1778595604438409200,8.9174091796875,-3.2870272824704645,-1.7528320940881967,8.36811649504006
1778595604448402200,8.927402099609376,-2.873205658316612,-1.2730487821184098,7.582541287133097
1778595604458395100,8.93739501953125,-2.237391096027195,-0.863781314137578,5.550591807413101
1778595604468388400,8.947388427734374,-0.6446423041284084,-0.3388694051526487,1.6285925509572028
1778595604478381000,8.957381103515624,1.706344483679533,0.8548838680632412,-3.6568653879910706
1778595604488374300,8.967374267578125,3.515556636637449,3.0296295612156388,-8.27131967010796
1778595604498367200,8.9773671875,2.4242928470373153,4.718837324394285,-10.311397511225938
1778595604508361200,8.987361328125,-1.0999788648448885,4.75330219631493,-11.811091295069456
1778595604518354200,8.997354248046875,-1.1624316677570343,4.747360531306266,-11.823529920881986
1778595604528347100,9.00734716796875,-1.2265398366607725,4.732504615218937,-11.837877595186233
1778595604538340400,9.01734033203125,-0.04189282996430993,0.35002646672204135,-6.762579825499653
1778595604548333000,9.0273330078125,1.3695089224420487,-0.001552197878062725,-4.618824752286076
1778595604558326300,9.037326171875,3.04089212898612,-0.33125878401845693,-3.459364209294319
1778595604568319200,9.0473193359375,4.495739055365323,-0.7223398763149976,-2.4669483319371937
1778595604578312200,9.057312255859374,5.136107919958233,-1.019572472091019,-1.3411866449296475
1778595604588306200,9.06730615234375,5.177279888302087,-1.0529207610718905,-0.43644671293795106
1778595604598299400,9.07729931640625,4.8656993259608745,-0.697612846815586,0.4918664023429155
1778595604608292400,9.087292236328125,4.7089337700173255,0.031697306903451676,1.4681471374571322
1778595604618285000,9.09728515625,4.416227419494092,0.48573973615616556,1.0757231061190367
1778595604628278300,9.1072783203125,3.8460219321906566,0.8952547491572797,0.467366751858592
1778595604638271200,9.117271240234375,2.8987855052530764,1.3525957815639673,0.558558011868596
1778595604648264200,9.12726416015625,2.1065327192783356,1.2577455606549977,0.7636755107879638
1778595604658257200,9.137257080078125,1.1340157206118107,0.681444240694493,1.057861286213994
1778595604668250400,9.14725048828125,-0.03842091607004404,-0.05246873064488172,1.4171177919656037
1778595604678244000,9.157244140625,-1.109784950196743,-0.6351445540733635,1.8057020990103483
1778595604688237300,9.1672373046875,-1.8590581338837742,-1.117993829485029,2.026998579314351
1778595604698230300,9.177230224609374,-2.1125907041430474,-1.4130080185592173,1.9337509712964296
1778595604708223200,9.18722314453125,-2.411073592241108,-1.3874500911936163,1.7727637060046195
1778595604718216200,9.19721630859375,-2.535003338770568,-1.123888002090156,1.2861673530191182
1778595604728209200,9.207209228515625,-2.6329288754716513,-0.5299925732500851,0.1695370669722557
1778595604738202400,9.217202392578125,-2.7422362224087116,0.2829216002203524,-1.5015122314423321
1778595604748195000,9.227195068359375,-3.4014676083818074,1.199863426659256,-2.9517233147144317
1778595604758188300,9.237188232421875,-2.751170639492571,1.8647483083494008,-3.9850598160028454
1778595604768181200,9.24718115234375,-2.22975373301655,1.9571993591621517,-4.557430664646625
1778595604778175200,9.25717529296875,-2.1523896305680275,1.5415253851398825,-5.2667403789967295
1778595604788168200,9.267168212890626,-1.3574831152141094,0.9546879119873046,-6.761403182935714
1778595604798161200,9.2771611328125,-0.043890871913731096,0.7286135497570038,-8.464346333739162
1778595604808154400,9.287154296875,1.0620838723450898,0.9507187160953878,-9.330317266875506
1778595604818147000,9.29714697265625,1.8115502405166626,1.4463538233220576,-8.747039239770174
1778595604828140300,9.307140380859375,2.856547076721489,1.5887863180086015,-7.199571897360682
1778595604838133200,9.31713330078125,3.6862574866920705,0.7867514120794832,-5.120023631119728
1778595604848126200,9.327126220703125,4.282482381393015,-0.15783464647978543,-2.8588761041909456
1778595604858119200,9.337119140625,5.337585016548633,-0.9868684723630547,-1.5398457614898682
1778595604868113200,9.347113037109375,6.123275959789753,-1.1016690098889172,0.25738427725136276
1778595604878106000,9.357106201171876,6.159242760705948,-0.8479248427055776,2.3613147050768135
1778595604888099000,9.36709912109375,5.721023192876577,-0.6870799084939062,3.729204648014903
1778595604898092300,9.37709228515625,4.6386648865267635,-0.8915433274187147,4.218509675437212
1778595604908085200,9.387085205078124,2.8630744326636193,-1.1999291123066096,4.431992851641774
1778595604918078200,9.397078125,1.0541972107484936,-1.3098226616337894,4.544837725055218
1778595604928071200,9.4070712890625,-0.4516343451976776,-1.3836182579457759,4.775781154626608
1778595604938064400,9.417064453125,-1.7029449043691158,-1.3206398237243293,5.224492305853962
1778595604948057000,9.42705712890625,-2.7173908272266387,-1.2686593149878085,5.6022676341146225
1778595604958050300,9.43705029296875,-3.4496488709658384,-1.1822692447144538,6.126465695741772
1778595604968043300,9.447043212890625,-3.8038665057674046,-1.084104054038599,6.604833734086156
1778595604978037000,9.457037109375,-3.9348797808170315,-0.9957130192063748,6.947488649126887
1778595604988030200,9.4670302734375,-3.8524098796620962,-1.0151912613321095,7.2569269387423985
1778595604998023200,9.477023193359376,-3.6522698768943545,-1.0728613600123673,7.592206356579065
1778595605008016100,9.48701611328125,-3.5273663168966767,-1.170858500644937,7.968279557096958
1778595605018009000,9.497009033203126,-3.0076106216311453,-1.2785435801424085,8.373889233222604
1778595605028002300,9.507002197265624,-2.5057386658415197,-1.3896376643657684,8.76355198315382
1778595605037995300,9.516995361328124,-2.0306100478097795,-1.4533110951140522,9.118764181950688
1778595605047988200,9.52698828125,-1.723537610542774,-1.4844076596453786,9.422301723089813
1778595605057981200,9.536981201171875,-1.4077742095589636,-1.3884753425881267,9.518529808223247
1778595605067974400,9.546974365234375,-1.2132616912841796,-1.1795561863634734,9.223757757341861
1778595605077968100,9.556968017578125,-1.2584896570205688,-0.8765748908676206,8.366153086012602
1778595605087961000,9.566961181640625,-0.5125672450661659,-0.5040099907316267,5.661773716050386
1778595605097954300,9.576954345703125,1.0912317870266734,0.2403323854897171,-0.914227891305089
1778595605107947000,9.586947021484375,2.4780171307012435,1.664094364710152,-8.552434367036819
1778595605117940200,9.596940185546876,1.7177496747910976,2.808527726700902,-13.630187713181972
1778595605127933200,9.60693310546875,1.6041136509999632,2.8517998821943995,-13.65879772159457
1778595605137926400,9.616926513671874,1.5660504623264073,2.843185198584199,-13.670640135079621
1778595605147919000,9.626919189453124,-1.3110606789961456,-0.1616574927035719,-7.607382882922887
1778595605157912300,9.636912353515624,1.238403146803379,-1.0196752018131314,-5.823304586699605
1778595605167905300,9.6469052734375,3.156081227438152,-1.410439483245462,-4.321346365055442
1778595605177898200,9.656898193359375,4.766052372294664,-1.434085293379426,-1.922871265363693
1778595605187892200,9.666892333984375,5.675131210273504,-1.0575429409798234,0.42320144691765305
1778595605197885200,9.67688525390625,6.022217970281839,-0.29382790189906954,1.853196840634942
1778595605207878100,9.686878173828125,6.2497290873169895,0.31827969465367495,1.539247211074829
1778595605217871000,9.69687109375,5.9668491342812775,0.5907157028254121,0.12817688257992266
1778595605227864300,9.7068642578125,5.085659589225053,0.8646779707163572,-0.6083744744390249
1778595605237857300,9.716857177734376,4.36267849239707,1.0343022775806485,-0.4157622368276119
1778595605247850200,9.726850341796874,3.603646715761721,0.8057987885072827,-0.37665421527624127
1778595605257840600,9.736840576171875,2.8219676385104653,0.47120479565151036,-0.15076690005064008
1778595605267833600,9.74683349609375,2.0213632037758824,-0.011805807801708578,0.14345219312310217
1778595605277826800,9.756826904296876,0.5674401142433285,-0.5619361099995672,0.7167652910530566
1778595605287819500,9.766819580078124,-0.7164955342009663,-0.9407830860797315,1.665249087703228
1778595605297812700,9.776812744140624,-1.3101160916224122,-1.1510402129098771,2.6266899810820816
1778595605307806700,9.786806640625,-1.443393219950795,-1.2564634118899702,3.299357771733403
1778595605317799700,9.796799560546875,-1.6166323563113807,-1.1485499304641038,3.27398016937077
1778595605327792600,9.806792724609375,-1.1750646470978856,-0.5248579868406057,2.4675918905377388
1778595605337785600,9.81678564453125,-0.24435703789591787,0.5156592197321355,0.7523100671648979
1778595605347778800,9.82677880859375,0.6222711901053786,1.992095023715496,-1.5327058266073466
1778595605357771500,9.836771484375,1.4938558714702725,3.9570688162714243,-3.9959231553226706
1778595605367764700,9.8467646484375,2.47351046693176,6.0127218276619905,-6.487766274541616
1778595605377757700,9.8567578125,2.5686308830842375,7.793321634119748,-8.609981131598353
1778595605387750700,9.866750732421876,1.2792235252305864,8.960406680640578,-9.339013783550262
1778595605397743600,9.87674365234375,-0.25561405270844695,8.646233763718605,-8.151537106385826
1778595605407736800,9.88673681640625,-1.0659893553510307,6.967874434551597,-6.330017845040559
1778595605417729500,9.8967294921875,-0.8895569759070873,5.31198412682414,-5.4480163990795605
1778595605427723500,9.9067236328125,-0.325978797788918,4.005914972504973,-4.99558651959002
1778595605437716700,9.916716796875,0.6786275758385658,3.4773788816735145,-4.033556428146362
1778595605447709700,9.926709716796875,1.7575334036469459,3.1159646133661267,-3.1436849794626234
1778595605457702700,9.93670263671875,2.5689266511604187,2.565309629707038,-2.3898534018188715
1778595605467695600,9.946695556640625,3.0575568480610844,1.6747613046750425,-2.1411358306258914
1778595605477688800,9.956688720703125,3.463924064555764,0.743151266740635,-1.8711913470089434
1778595605487681500,9.966681640625,3.870271115045249,-0.00955203752554953,-1.1678887641191482
1778595605497674800,9.9766748046875,4.031465008825063,-0.5795339452061802,-0.1255488721638918
1778595605507667700,9.986667724609376,3.842460148055851,-1.1089172274515031,1.199431903374195
1778595605517660700,9.99666064453125,3.396563469727337,-1.7061900237701833,2.1121885530829427
1778595605527653600,10.006653564453124,3.0488869271323082,-2.05729697920531,3.0471728166908023
1778595605537646800,10.016646728515624,2.4710782713487744,-2.1778090262457726,3.8556770647644996
1778595605547639800,10.026639892578125,1.7115619260668753,-2.4096762926638124,4.543747591730952
1778595605557632800,10.0366328125,1.4029343683123587,-2.738069165857136,4.7324528850317
1778595605567626800,10.046626708984375,1.5500336857661603,-3.2236838143289086,4.443687965610623
1778595605577619700,10.05661962890625,1.9233616792291401,-3.598079437023401,3.929626682594418
1778595605587612700,10.06661279296875,2.2055144870340824,-3.6925153780430553,3.4000744004577395
1778595605597605600,10.076605712890625,2.1464473810374733,-3.624754970242083,3.0313299353927374
1778595605607598800,10.086598876953126,2.2076444848001002,-3.4499940311416983,2.7125013016194104
1778595605617591600,10.096591552734376,2.3875971473246813,-3.0065079210862518,2.402102058017254
1778595605627584800,10.106584716796876,2.5650577007725834,-2.4187290754303334,1.5599901393741369
1778595605637577700,10.11657763671875,2.7591432258069513,-1.7442583270102738,0.2862947299152612
1778595605647570700,10.12657080078125,2.933279311007261,-1.037367145043984,-1.0802326924979686
1778595605657563600,10.136563720703125,3.0921719421073792,-0.3500685522980988,-2.349840540382266
1778595605667556900,10.146556884765625,2.7493708965942263,0.18030198741890488,-3.605427461698651
1778595605677549800,10.1565498046875,2.0245055934548377,0.6284153919488191,-5.273787959420681
1778595605687542800,10.166542724609375,1.4348933948919176,1.3505489320367574,-7.253601009190082
1778595605697535700,10.17653564453125,0.7972223910808562,2.6536376092404126,-8.685272811686993
1778595605707529700,10.18652978515625,-0.1669379903897643,4.473714270561933,-8.651021582517027
1778595605717522700,10.196522705078126,-1.3290543085873125,6.0518999918401235,-8.006810655543207
1778595605727515600,10.206515625,-2.848764460021257,6.769297735577822,-7.616901821896433
1778595605737508900,10.2165087890625,-3.4006416789516805,6.725485481858253,-7.346546419391036
1778595605747501600,10.22650146484375,-3.8889138561949133,6.405228861108422,-6.834189602205157
1778595605757494800,10.236494873046874,-4.317058604733646,6.652735302945971,-5.423405104914307
1778595605767487700,10.24648779296875,-4.290039664904773,7.071456389579176,-3.6717461462587115
1778595605777481000,10.25648095703125,-3.797883339704573,7.19496937200129,-2.1829513575702904
1778595605787473700,10.2664736328125,-2.8991046542048453,7.158025835007429,-0.8134808674424886
1778595605797467000,10.276466796875,-1.7940395721368492,7.128518000972271,0.6359387731909751
1778595605807459800,10.2864599609375,-0.881553848323971,6.320005569592118,1.3251403500139713
1778595605817452500,10.29645263671875,-0.08025134832262992,5.03732488964498,1.5955594654053449
1778595605827445800,10.30644580078125,0.3988236692473292,3.947958458098769,2.0901088232219216
1778595605837438700,10.316438720703125,0.3988829982191324,2.708601956093311,2.610689278873801
1778595605847431700,10.326431640625,0.06580810468941926,1.6469496070332825,3.328259456568956
1778595605857425700,10.33642578125,-0.09889321268945932,0.6656320467956364,3.948058995863795
1778595605867419000,10.3464189453125,0.1911357353180647,-0.22218707246817648,4.545239876115322
1778595605877411800,10.356411865234374,0.7423889771312475,-0.9455346645209938,5.2382805927097795
1778595605887404800,10.36640478515625,0.947091173247993,-1.8599562517672776,5.153978507691622
1778595605897397800,10.376397705078125,1.276580024984479,-2.5697575490266082,5.026371533954143
1778595605907390700,10.386390625,1.9572046198591588,-2.9403081867307423,5.398312749233842
1778595605917383700,10.3963837890625,2.2441841171681878,-3.2194355092346667,5.663866888937354
1778595605927376600,10.406376708984375,1.9162500936582683,-3.0604847182065247,6.017673312589526
1778595605937369900,10.416369873046875,1.4471896896243095,-2.51182733810544,6.006455168482661
1778595605947362600,10.426362548828125,0.9995955597281455,-1.9501221142522989,5.5744712801724665
1778595605957355800,10.436355712890625,0.39916532229185103,-1.681545996379107,5.124537893673777
1778595605967348700,10.4463486328125,-0.22971622586399315,-1.5017697133347392,4.840208910873532
1778595605977341700,10.456341796875,-0.5745746422983705,-1.3846096070706844,4.3198979198127985
1778595605987334700,10.466334716796876,-0.6691619744874536,-1.3348206170290708,3.508603748759627
1778595605997328000,10.476327880859374,-0.6545674858152866,-1.2944853917703032,2.5791607526659965
1778595606007320600,10.486320556640624,-0.5306006221458316,-1.257290218102932,1.7145225294381379
1778595606017313800,10.496313720703125,0.05160276146531105,-1.17188813595362,0.6752782654106616
1778595606027306800,10.506306640625,0.7553121715903282,-1.0280712742365896,-0.4613344859570265
1778595606037300700,10.51630078125,0.7491602248318493,-0.7427154326066374,-1.2179612472772599
1778595606047293700,10.526293701171875,0.49059039105772967,-0.3929494434516877,-1.7635680076360702
1778595606057286700,10.53628662109375,0.4488765709221363,-0.08819200512878596,-2.389343698731065
1778595606067280000,10.54627978515625,0.5331365703642368,0.10977701027542353,-2.950922519725561
1778595606077272600,10.5562724609375,1.0596819257698953,0.3456974245417863,-3.083178196051717
1778595606087265800,10.566265869140626,2.3974232525512575,0.6006531594719737,-2.937000377357006
1778595606097258800,10.5762587890625,4.267456369435787,0.5533225954331458,-3.0696488523930308
1778595606107251700,10.586251708984374,6.482286966347694,0.3531396303065121,-3.5508529909461735
1778595606117244700,10.59624462890625,8.512056763941048,0.23337321400158106,-4.195024754953384
1778595606127238000,10.60623779296875,9.437374789059161,0.16381006762757896,-4.33802160552442
1778595606137230600,10.616230712890625,8.734925608128309,0.37154571315608914,-4.059368330273032
1778595606147223800,10.626223876953125,7.028429148757457,1.0585036027055232,-3.953265916857123
1778595606157216800,10.636216796875,4.9046051029384135,1.91758981782943,-4.290915570956468
1778595606167209700,10.646209716796875,3.098123836249113,2.8215464904889465,-4.686740935170651
1778595606177202700,10.65620263671875,1.8569418723821638,3.788047589866817,-4.773586274930834
1778595606187196000,10.66619580078125,0.9879059987172484,4.501158742326497,-4.457330121994018
1778595606197188600,10.676188720703125,-0.07054156295210123,4.87793190780729,-3.689175419965386
1778595606207181600,10.686181640625,-1.0627893902659415,5.286847347480059,-2.8327456376343965
1778595606217174800,10.6961748046875,-1.9046233687505125,5.675232917082309,-2.4031775782942773
1778595606227167700,10.706167724609376,-2.500132224136591,6.185249308621883,-1.92535723696053
1778595606237161700,10.71616162109375,-2.8039199406445023,6.79190295061767,-1.2569400894910097
1778595606247154700,10.72615478515625,-2.97216638328433,7.117964458253979,-0.7463093654453754
1778595606257148000,10.73614794921875,-2.9710639750003813,7.312434890952706,0.04214344372451305
1778595606267140900,10.746140869140625,-2.9475623956426977,6.965915117177367,0.7883703915834427
1778595606277133800,10.7561337890625,-3.0509514584466815,6.853146816131472,1.5065250911682844
1778595606287126800,10.766126708984375,-3.639933250151574,6.193738904547691,2.1498007831186055
1778595606297119700,10.77611962890625,-4.102806782244145,5.1267158222347495,2.1781880886912344
1778595606307113000,10.786113037109375,-4.267772011256218,3.868245746697485,2.2712071486502885
1778595606317106000,10.79610595703125,-4.131522296857834,2.92510331107527,2.5901234607070682
1778595606327099000,10.806098876953126,-3.7883132550656793,1.9473508959732948,2.801666024237871
1778595606337091800,10.816091796875,-3.204779791894555,0.9389362891692667,3.345387701502442
1778595606347085000,10.8260849609375,-2.472652681058645,0.21999906090460716,4.006377913841605
1778595606357077800,10.836077880859374,-1.902225952219963,-0.3257533184699714,4.652857954791188
1778595606367071000,10.846071044921874,-1.604971729134023,-0.7324164491713047,5.1851037137955425
1778595606377064000,10.85606396484375,-1.3013687215432523,-1.0537734323784709,5.5004661327630275
1778595606387057000,10.866056884765625,-1.2222367326393724,-1.4153639340355992,5.703657047533989
1778595606397049900,10.8760498046875,-0.9755565124928951,-1.8171737794868648,5.647160084286332
1778595606407043000,10.88604296875,-0.8551397425204514,-2.039952753433585,5.259985059517621
1778595606417035800,10.896035888671875,-0.9227113497510552,-2.1047863140024243,4.876510058310628
1778595606427029000,10.906029052734375,-0.6625567310035229,-2.2176979690417644,4.272924571713805
1778595606437022000,10.91602197265625,-0.3159279438957572,-2.2529285646378994,3.67370721719861
1778595606447015000,10.926014892578126,0.4223334319114685,-2.177406436794251,2.882912813338637
1778595606457007900,10.9360078125,1.0043328173831105,-2.0005255829304454,2.050538444855809
1778595606467001900,10.946001953125,1.4253285709500312,-1.7124321330301462,1.118484974002838
1778595606476995000,10.9559951171875,1.9553285968542098,-1.4087268341086805,0.07725976529121399
1778595606486987800,10.96598779296875,2.3030020707093177,-1.088239619473368,-0.540555322188139
1778595606496981000,10.97598095703125,2.5529905386209486,-1.0094628737479447,-0.9218488877028226
1778595606506974000,10.985973876953125,2.906321161454916,-1.1794435928344726,-1.3325591018378733
1778595606516967000,10.995966796875,3.355037865640223,-1.463754309325665,-1.6638777993500231
1778595606526959900,11.0059599609375,3.872399066984653,-1.7354845073156058,-1.9016081125825643
1778595606536953000,11.015953125,4.470264422369003,-1.945982676360011,-1.6794541386663913
1778595606546945800,11.02594580078125,5.092805369326472,-2.1349488125540317,-1.5524632510006426
1778595606556939000,11.03593896484375,5.56704259147644,-2.0672157311514017,-1.6153759265094993
1778595606566932000,11.045931884765626,5.822156001186371,-1.7271011482432483,-1.8179618611246346
1778595606576925000,11.055925048828126,6.145733290791511,-1.2663612671785056,-2.2748101415783166
1778595606586918000,11.06591796875,6.609034692907333,-0.5251793277494609,-2.9278268908202647
1778595606596910800,11.075910888671874,6.978196506601572,0.49260779529474674,-3.819459503957629
1778595606606903800,11.08590380859375,7.44991502392888,1.8855188553079962,-4.682725269788503
1778595606616896800,11.095896728515624,7.351439452129602,2.735792160835862,-5.399150369101762
1778595606626890000,11.105889892578125,6.102229664629697,2.716458807073533,-5.834943002045154
1778595606636882700,11.115882568359375,4.1443773945167655,2.8580291319727897,-5.797341293403506
1778595606646876000,11.1258759765625,1.9735209638878701,3.221213917084038,-6.178991417270899
1778595606656868900,11.135868896484375,-0.1257204293385148,2.8031162230461835,-6.346347048550844
1778595606666862000,11.145862060546875,-1.9709651419252157,1.696762854733318,-5.525800480505824
1778595606676854800,11.155854736328125,-3.2446520758166906,1.2686813806891442,-4.411888221246004
1778595606686848000,11.165847900390625,-3.633680619497597,1.0299627140063792,-4.01811686695218
1778595606696841000,11.175841064453126,-3.5226667609035966,0.8570352739434689,-3.848609610596299
1778595606706834000,11.185833984375,-3.596343407011032,0.9844525703277438,-3.3457454288989306
1778595606716827000,11.195826904296876,-3.4038580106496807,1.153183654679358,-2.5858237176865337
1778595606726820000,11.205820068359374,-3.1148388242065903,1.2349261183425784,-1.6685720946460962
1778595606736812800,11.215812744140624,-3.3742031693592667,1.0636220416978002,-0.9497978018581866
1778595606746806000,11.225805908203125,-4.3003649518251414,1.0067559528768062,-0.35159459282159805
1778595606756799000,11.235799072265625,-5.2970618675023315,1.073115627034381,0.38997956079542634
1778595606766793000,11.24579296875,-6.730376761031151,0.9478176608916371,0.8687468275904655
1778595606776786000,11.255785888671875,-7.391881352633237,0.8548722506906836,0.8231833462893963
1778595606786779000,11.26577880859375,-7.298389414465427,0.8334247543185949,0.9947036960333585
1778595606796772000,11.275772216796875,-6.552555849838257,0.6154180362749845,1.7860381981194018
1778595606806764800,11.285764892578126,-5.2828059631347655,0.45350423072278495,2.4865689782083034
1778595606816758000,11.295758056640626,-4.161237636163831,0.01071319025941193,2.981135871681571
1778595606826751000,11.3057509765625,-3.190952634333074,-0.4807428777169436,3.672823420101404
1778595606836744000,11.315743896484374,-2.1800398540377617,-0.7354070092894136,4.234222792875767
1778595606846737000,11.32573681640625,-1.2720023418053983,-0.9725617876563221,4.568484558102488
1778595606856730000,11.335730224609375,-0.642300709438324,-1.0118964575704186,4.817593758961558
1778595606866722800,11.345722900390625,-0.1824184681162238,-0.9219888076301663,5.068686827114224
1778595606876715800,11.3557158203125,-0.016743045008182526,-0.9454976204462349,5.22007741202116
1778595606886709000,11.365708984375,0.10903671330213546,-0.9757749775491654,5.606445796582102
1778595606896701700,11.37570166015625,0.31053397589772935,-1.1083427885644137,5.895874148347973
1778595606906695000,11.38569482421875,0.4617497887596488,-1.3002910093091427,6.001937398797273
1778595606916688000,11.39568798828125,0.3678767423197627,-1.4006038795381783,6.041038406085968
1778595606926680800,11.405680908203125,0.6002300386890769,-1.3440348739676176,5.908592175623774
1778595606936673800,11.415673828125,0.7664616343751549,-1.2725617292538285,5.172828754112124
1778595606946667000,11.4256669921875,1.1022013631999492,-1.0322983904123306,4.369938838788867
1778595606956659700,11.43565966796875,1.48560797534585,-0.6151784553654491,3.5382056908190247
1778595606966653000,11.44565283203125,1.850841217419505,-0.26739494526460766,2.7847382703125474
1778595606976646000,11.45564599609375,2.029754892285168,-0.06026625265330076,1.68245916570127
1778595606986638800,11.465638916015624,2.0481287533655763,0.05460092036798596,0.7081155361294746
1778595606996631800,11.4756318359375,1.8779925514563918,-0.0415422629609704,-0.06555763705968856
1778595607006625000,11.485625,1.6625974041506648,-0.2657192671373486,-0.8608242178976535
1778595607016618000,11.495617919921875,1.4311296584442257,-0.5205427539899945,-1.4337123684138058
1778595607026611000,11.50561083984375,1.4415093059003352,-0.6798917505554855,-1.7479741326630114
1778595607036604000,11.51560400390625,1.6577102166309952,-0.5750608183801174,-1.9462772753924131
1778595607046597000,11.52559716796875,1.974996297137439,-0.2276150158010423,-1.9736533580958842
1778595607056589800,11.53558984375,2.2865642922580243,-0.030248277138918638,-2.0480273388177155
1778595607066583000,11.5455830078125,2.7554505087688566,-0.16835852471217513,-2.4771090759456156
1778595607076576000,11.555575927734376,3.2488381293296813,-0.5737390682570636,-2.863490319988131
1778595607086569000,11.56556884765625,3.46015535967201,-0.8787522349067032,-3.5228871256560086
1778595607096562000,11.57556201171875,3.4388369695723053,-0.9814262813091278,-3.853395091307163
1778595607106555000,11.585554931640624,3.838804840418696,-1.113610061442852,-4.209018793514371
1778595607116547800,11.5955478515625,4.516359818589687,-1.088647615752369,-4.534653015649319
1778595607126540800,11.605540771484375,4.965545017069578,-1.1002446761742233,-4.727569789165258
1778595607136534000,11.615533935546875,4.906426473146677,-1.0346613201513886,-4.250931351092458
1778595607146526700,11.625526611328125,4.0185049894869325,-0.5717275823041796,-3.4990620134323835
1778595607156520000,11.63552001953125,2.77492297874093,0.5448148793287575,-2.859712555015087
1778595607166513000,11.645512939453125,1.7204986812382936,1.3359627728015184,-2.2933318866968153
1778595607176505900,11.655505859375,0.6670023122355342,1.384436880852282,-1.9629256278544662
1778595607186498800,11.665498779296875,-0.3813920574530959,1.4399015784427522,-1.4738099855244158
1778595607196492000,11.675491943359376,-1.101133149446547,1.644188617887348,-0.8881593840688466
1778595607206484700,11.685484619140626,-1.3665508032888174,1.740547635924071,-0.5060299522519112
1778595607216478000,11.69547802734375,-1.2530363600507377,1.749048337765783,-0.32560908769369123
1778595607226471000,11.705470947265624,-1.188019990260899,1.7899353516884147,-0.25226211193203923
1778595607236463900,11.7154638671875,-1.608478275950253,1.8374479212306438,-0.4001122477531433
1778595607246456800,11.725456787109374,-2.2615613684266807,2.0196834339953957,-0.617141718262434
1778595607256451000,11.735451171875,-2.8858827690601347,2.3760645304411647,-0.9530267007768154
1778595607266444300,11.7454443359375,-3.47546691057235,2.897593080598116,-0.949377530619502
1778595607276437000,11.75543701171875,-3.7715781011030076,3.526280275225639,-0.5479857644498348
1778595607286431000,11.765430908203125,-3.643227907782793,3.7945109406620263,0.10170330167412757
1778595607296424200,11.775424072265626,-3.84948463986516,3.4622967556148767,0.8188298272550105
1778595607306417200,11.785417236328126,-4.108971442353726,2.792208460062742,1.6032570341706276
1778595607316410000,11.79541015625,-3.9571357440277932,2.1121740861661733,2.115787454357743
1778595607326403000,11.805403076171874,-3.8893671529203653,1.4561561092816293,2.3394103317826986
1778595607336396300,11.815396240234374,-3.589116378366947,1.063298947223276,2.6041578312784432
1778595607346389000,11.825388916015624,-3.049426440836489,0.6200611128404736,3.2012516177684067
1778595607356382200,11.83538232421875,-2.4145848152324554,-0.017775310665369033,3.8682887090563773
1778595607366375200,11.845375244140625,-1.7431787150800226,-0.6918047450587153,4.507584975981712
1778595607376368000,11.8553681640625,-1.1428072220936416,-1.2240011119633913,5.0427907538354395
1778595607386361000,11.865361083984375,-0.8593994457915425,-1.5901913625009356,5.491400782775878
1778595607396354300,11.875354248046875,-0.6846899446174503,-1.734713815204054,5.921194467565417
1778595607406347000,11.885346923828125,-0.6394459045290947,-1.9452520239979028,6.026551615571975
1778595607416340200,11.89534033203125,-0.6281640475362539,-2.033694715952128,5.767025650116801
1778595607426333200,11.905333251953126,-0.3810670632824302,-2.0323026770718395,5.129538478440046
1778595607436326100,11.915326171875,-0.17755758408159017,-1.869423022162169,4.4482063198179
1778595607446319000,11.925319091796876,0.10395955616831778,-1.7155697004035115,3.657242989131808
1778595607456312000,11.93531201171875,0.52591304885149,-1.487336698834598,2.8582208551526067
1778595607466305300,11.94530517578125,1.0859805885002016,-1.1914470421001315,2.0565175192654133
1778595607480669200,11.959669189453125,1.9904709296450018,-0.5781327731713652,0.9218915578007697
1778595607490662100,11.969662109375,2.0310800034090875,-0.3029271541558206,0.13858721743524074
1778595607500655000,11.979655029296875,1.6893024557247758,-0.2832389956064522,-0.6368406904667615
1778595607510648300,11.9896484375,1.5674518535569308,-0.4067487631581723,-1.3566203609049319
1778595607520641000,11.99964111328125,1.7347794277861712,-0.6947178560264409,-2.032274473890662
1778595607530634200,12.00963427734375,2.228739879798889,-1.0173941051386297,-2.5587574315845965
1778595607540627200,12.019627197265624,3.255399972063303,-1.2421689290776847,-2.673872003495693
1778595607550620200,12.0296201171875,4.368276750795543,-1.2577420535236596,-2.631196644851565
1778595607560613000,12.039613037109374,5.695229410928487,-1.1578837951943277,-2.9442601392269134
1778595607570606300,12.0496064453125,7.136058917871117,-1.6693272969275712,-3.304934110561013
1778595607580599000,12.05959912109375,8.97347600557208,-2.844393697591126,-4.029506860494614
1778595607590592300,12.06959228515625,8.84805455918014,-3.1908243317782876,-3.906018427991867
1778595607600585200,12.079585205078125,7.476799523723125,-3.160390907330811,-2.5760405748188493
1778595607610578200,12.089578125,6.808904938822984,-3.5988211953014133,-1.335079560226202
1778595607620571100,12.099571044921875,6.189261466872692,-3.575013034212589,-0.041405192577838895
1778595607630564000,12.109564208984375,4.3678462504237885,-2.8283219759732483,0.7970861974805593
1778595607640557000,12.11955712890625,3.4009716415584084,-1.0076415035396813,0.7331359956175089
1778595607650550000,12.129550048828126,3.466898696452379,0.9271069543614983,-0.2834258964806795
1778595607660543200,12.139543212890626,1.9047984330564736,1.3773008914925158,-2.135174291872978
1778595607670536000,12.149535888671876,0.19073241521418094,1.2202217395551502,-1.9829811584115027
1778595607680529200,12.159529052734374,-0.9628197805166244,0.9956189111821353,-0.34597967554926873
1778595607690522000,12.169522216796874,-1.8100933197066187,0.793514330343157,0.7497948694735765
1778595607700515000,12.17951513671875,-2.0207652378827334,0.2201240755237639,1.2667431061029433
1778595607710508000,12.189508056640625,-2.9838205807209013,-0.8782289416849612,0.627727409684658
1778595607720501200,12.199501220703125,-2.874079226280749,-1.3831595543928443,-1.2136702720850705
1778595607730494200,12.209494140625,-1.8789280787408351,-1.4069368819519876,-3.1062486905157565
1778595607740487200,12.219487060546875,-0.5912262096308172,-1.189208031001687,-4.859370122939348
1778595607750480100,12.229480224609375,-0.058440498530864714,-1.130535915672034,-5.915666059532761
1778595607760473300,12.239473388671875,-0.6000549743831157,-0.6221516553789377,-5.777091117057204
1778595607770466000,12.249466064453125,-1.7635514948926865,0.3376043536528945,-4.608415586474537
1778595607780459300,12.259459228515626,-3.6933997596621513,1.4910589342281222,-3.4574370406240225
1778595607791077000,12.2700771484375,-5.354809707593917,1.7839152146160602,-3.6745121038407085
1778595607801070300,12.2800703125,-6.393638376557827,1.20637894603312,-4.277065324780344
1778595607811063000,12.29006298828125,-6.683648912125825,0.9466478133946656,-3.9124072522461413
1778595607821056000,12.300055908203126,-4.816763153356313,0.7944115714438259,-3.4862305889099834
1778595607831049200,12.31004931640625,-2.6373592591345307,0.4254625237174332,-2.830058590507507
1778595607841042000,12.3200419921875,-1.0528351286150515,-0.2713770006380975,-1.9068740702867506
1778595607851035100,12.33003515625,0.05619929547533393,-0.5191422395423054,-1.361363171517849
1778595607861028000,12.340028076171874,1.1183129784367978,-0.5781771968349814,-1.2911217605561016
1778595607871021000,12.35002099609375,1.8158008836984634,-0.3576842879988253,-1.2619587944358586
1778595607881014000,12.360013916015625,2.0423289810456335,-0.39194428499713535,-1.4257804063707589
1778595607891007200,12.37000732421875,1.798081979395449,-0.6137307407751679,-1.3803700698047876
1778595607901000200,12.380000244140625,1.6817258829906583,-0.6882372618354856,-0.9583534487575291
1778595607910993200,12.3899931640625,1.6848586280584334,-0.5775321769297123,-0.31291561033725734
1778595607920986000,12.399986083984375,1.7298561460398136,-0.35636429144144055,0.24084756847023964
1778595607930979300,12.409979248046875,2.0984180941447614,-0.026469050861150024,1.0683066923826932
1778595607940972000,12.419971923828125,2.640967805020511,0.3856166894108057,1.9224772976100444
1778595607950965200,12.42996533203125,2.909899604463577,0.5858936164312064,2.561632110238075
1778595607960958200,12.439958251953126,3.1355040110945698,0.7081161206513643,3.1091935117959975
1778595607970951200,12.449951171875,2.768571563887596,0.8576860660023987,3.729762281897664
1778595607980944100,12.459944091796874,2.472984689491987,0.9950143694177269,4.209272476014495
1778595607990937300,12.469937255859374,2.3559387111268935,0.9199819247871637,4.486788856190443
1778595608000930000,12.479929931640624,1.9840413349889217,0.7961426330201328,4.847264674603939
1778595608010923300,12.48992333984375,1.4829785036250949,0.6740107296928763,5.242841032493114
1778595608020916200,12.499916259765625,1.103175176668167,0.5760590356372296,5.601539904361963
1778595608030909200,12.5099091796875,1.220739772079885,0.6219232534505427,5.950607609054446
1778595608040902100,12.519902099609375,1.390921566696465,0.7709627451866865,6.318593949228525
1778595608050895000,12.52989501953125,1.5850737272262572,0.9229179782390594,6.79149378529489
1778595608060888000,12.53988818359375,1.7780037986151873,0.8089980229400098,7.248381813237071
1778595608070881000,12.549881103515625,1.6803939037345348,0.30266470382735133,7.437488088554144
1778595608080874200,12.559874267578126,1.3510416839897632,-0.08964812222123146,7.368409291630983
1778595608090867000,12.569866943359376,0.7230978550754487,-0.1712901942498982,7.030685987773537
1778595608100860200,12.579860107421876,-0.06491393232867121,-0.11332023584023117,6.216589618781208
1778595608110853000,12.58985302734375,-0.9671161625362932,-0.1257243748612702,4.94038134971857
1778595608120846000,12.59984619140625,-1.6202695437699555,0.24960239120349287,3.1175977675259112
1778595608130839000,12.609839111328125,-1.1731085445940495,0.978159242337197,0.03979600381553173
1778595608140832300,12.619832275390625,-0.08393880466371774,1.6916243228010832,-4.294750619074702
1778595608150825200,12.6298251953125,0.5699804463759064,2.457486676108837,-8.522809044101834
1778595608160818200,12.639818115234375,-0.08208294766396283,3.501615205046534,-10.994010357308387
1778595608170811100,12.64981103515625,-1.9205448682427406,4.213546792332828,-12.331009487420319
1778595608180804400,12.659804443359375,-1.8878256709456442,4.2069361420214175,-12.322366746759414
1778595608190797000,12.669797119140625,-1.7903882100224493,4.1585792306095355,-12.30211890850067
1778595608200790300,12.679790283203126,-1.6816694766283034,4.084369500538706,-12.284578575634956
1778595608210783200,12.689783203125,-0.5872331944718957,3.1878283648326993,-6.266652165067195
1778595608220776200,12.699776123046876,0.6867518455833196,3.3884555665954945,-3.7428836292773484
1778595608230769200,12.70976904296875,0.7495511238455772,3.8303035540550945,-3.0601100396752354
1778595608240762000,12.71976220703125,0.577446836733818,4.297415454369784,-2.756435720413923
1778595608250755000,12.729755126953124,0.38140550145655866,4.665188736315072,-1.7997464054763317
1778595608260746200,12.739746337890624,0.1741053978011012,4.852162383517623,-0.5512871440827847
1778595608270739200,12.7497392578125,-0.6708779846251011,4.660606376960874,0.2889063737183809
1778595608280732200,12.759732177734374,-1.4199603219151495,3.7044983690425752,0.5706815803825855
1778595608290725000,12.76972509765625,-1.5947990024268626,2.018383165051788,0.6680255178034306
1778595608300718000,12.779718017578125,-1.3677265690699218,0.44288916707560416,0.6125842010885477
1778595608310711000,12.7897109375,-1.3911553754523396,-0.7175270692057907,1.131748944723606
1778595608320704300,12.799704345703125,-1.4559665780588984,-1.5983515803419053,1.5965461383551358
1778595608330697000,12.809697021484375,-1.3906032945275306,-2.2905174137979745,2.0299708731234074
1778595608340690200,12.819690185546875,-1.2602923225283622,-2.8408748758152127,2.4537597645401954
1778595608350683100,12.82968310546875,-0.8792907256975769,-3.2725916376218196,3.0320547425359488
1778595608360676000,12.839676025390625,-0.6327236105367541,-3.6020945178836583,3.4038416440367696
1778595608370669000,12.8496689453125,-0.42687049081921574,-3.7893186327159403,3.5513375595927235
1778595608380662300,12.859662353515626,-0.08373509878516197,-3.923008433498442,3.443298625156283
1778595608390655000,12.869655029296876,0.09305705388188362,-4.047325425779819,3.587206745353341
1778595608400648200,12.879648193359374,0.2533072370707989,-4.099847055655718,3.6832314168691633
1778595608410641200,12.88964111328125,0.488790063637495,-3.9554116967141626,3.635070320290327
1778595608420634000,12.899634033203125,0.6631497284606098,-3.8578070625305174,3.2948604603141542
1778595608430627000,12.909626953125,0.4763739419177174,-3.8685307011187073,3.356085621127486
1778595608440620300,12.919620361328125,0.2512086573563516,-4.006146443173289,3.618076515391469
1778595608450613200,12.92961328125,0.15163929897099732,-3.9795992125093935,3.9584482879310845
1778595608460606200,12.939606201171875,0.050806934912502766,-3.763202779206633,4.219994361037016
1778595608470599200,12.94959912109375,-0.3210708597421646,-3.330888051506877,4.667033195137978
1778595608480592100,12.959592041015625,-0.6849887814335525,-2.903685552254319,5.053692087078094
1778595608490585000,12.969585205078126,-0.5137514864146709,-2.5116513970166445,5.263123357543349
1778595608500578000,12.979578125,-0.2777379139721393,-2.260384579732269,5.424540830945968
1778595608510571300,12.9895712890625,-0.24264964945614337,-2.083484582776576,5.548297558996081
1778595608520564000,12.99956396484375,-0.2912880081579089,-1.9190175125449895,5.771735727503896
1778595608530557200,13.00955712890625,-0.5254384170770645,-1.5454136247500776,6.14728344284296
1778595608540550100,13.019550048828124,-0.9894058818861842,-0.994750311654061,6.330627501371502
1778595608550543000,13.029543212890625,-1.299924075692892,-0.562202213589847,5.5669987523347135
1778595608560536000,13.0395361328125,-1.368094671729952,-0.2970606002099812,3.4438854851335283
1778595608570529300,13.049529296875,-1.5370608069464564,-0.07859466715678572,0.8367910158812999
1778595608580522000,13.05952197265625,-2.2044041877046228,0.1821289836503565,-1.119687920051813
1778595608590515200,13.06951513671875,-3.2390719375967976,0.5045834067054092,-2.483641692584753
1778595608600508200,13.079508056640625,-4.535640857642889,0.7941570121608674,-4.185089636394381
1778595608610501000,13.089501220703125,-6.162332543414831,0.9992211734578013,-6.509352667927741
1778595608620494000,13.099494140625,-7.4246648473381995,0.9741444537378847,-9.010928661131858
1778595608630487300,13.1094873046875,-7.662756979620457,1.2261420695148408,-10.463009629929065
1778595608640480000,13.11947998046875,-7.400645673847198,1.2246578223064541,-10.430601398277282
1778595608650473200,13.12947314453125,-7.264219433838129,1.2239033506773411,-10.416588070493935
1778595608660466200,13.139466064453124,-7.240907531833648,1.2288646263465284,-10.413639742082356
1778595608670459100,13.149459228515624,-7.272389880812168,1.2341418360970913,-10.415876122832298
1778595608680452000,13.1594521484375,-7.3725219876468175,1.2340759312540293,-10.426145003390312
1778595608690445300,13.1694453125,-7.575567356467246,1.236949294733256,-10.449762025821208
1778595608700438300,13.179438232421875,-7.884478991860151,1.2485402176752687,-10.492995602869987
1778595608710431000,13.189430908203125,-8.27062934975624,1.260038932289183,-10.561868648087978
1778595608720424200,13.199424072265625,10.864791272199152,1.9056191017895936,-7.801302696001529
1778595608730417200,13.209417236328125,10.155949759882688,1.6350196613952517,-5.712776173534989
1778595608740410000,13.21941015625,9.345373381710052,1.197191723231971,-2.5616093138843774
1778595608750403000,13.229403076171875,8.498876379850506,0.2382299333177507,0.08638064485788345
1778595608760396300,13.239396240234376,6.87295684749484,-0.7195382628977298,1.5390134023189543
1778595608770389000,13.249388916015626,5.519159727317095,-1.1451621146567166,2.5160189445763823
1778595608780382200,13.25938232421875,4.21355176076889,-1.0481896408967672,3.221962397363782
1778595608790374100,13.2693740234375,2.8211659667387603,-0.11659881911948322,4.161316546618938
1778595608800367000,13.2793671875,2.522066115786135,0.9510564236171543,4.952842771884799
1778595608810360300,13.2893603515625,2.1539394903585314,1.545034270043671,5.511746236190199
1778595608820353000,13.29935302734375,1.1875678625792265,1.7306246461942791,6.212815360939502
1778595608830346000,13.309345947265625,-0.08896218578368424,1.4512537241928278,6.939737888869643
1778595608840339200,13.319339111328125,-1.4955004238069056,0.76653616091609,7.546419003394246
1778595608850332200,13.329332275390625,-2.3253721618190406,0.25688991786316034,8.064804579350351
1778595608860325000,13.3393251953125,-2.601769182576239,0.10061872130781412,8.562264271655678
1778595608870318000,13.349318115234375,-2.668029414947331,0.1486653977267444,9.013905631116032
1778595608880311300,13.359311279296875,-2.7117382082924246,0.3240035521931946,9.460936281910538
1778595608890304000,13.369303955078125,-2.7911931455403565,0.46252062700167296,9.802370715245605
1778595608900297200,13.379297119140626,-2.9311963672533627,0.5976664718113839,10.057164391481876
1778595608910290200,13.389290283203126,-3.1589471382632848,0.6959468132995069,10.315417852783202
1778595608920283100,13.399283203125,-4.065663923285901,0.5943493100874125,10.286716658955811
1778595608930276000,13.409276123046874,-5.164566537201404,0.3054793228566646,9.223039379939436
1778595608940269300,13.419269287109374,-5.711667920032143,-0.39374329724311824,7.229362055468559
1778595608950262000,13.429261962890624,-6.751532946306467,-0.6905722806543111,6.112502636840939
1778595608960255200,13.439255126953125,-7.442354817807674,-0.5052098680406809,4.757862636098265
1778595608970248200,13.449248291015625,-7.23219464854598,0.4537435924366116,3.361798153555393
1778595608980241200,13.4592412109375,-5.917486845219135,1.9333780463308095,2.1471973226219414
1778595608990234000,13.469234130859375,-3.9585295364737507,3.0842391032814978,-0.0073895257294178006
1778595609000227300,13.479227294921875,-2.3371607992902397,3.5471991446137427,-2.6750042223960158
1778595609010220000,13.489219970703125,-0.504303274589777,5.183416199100018,-4.777900046476722
1778595609020213200,13.499213134765625,1.5432351116672158,8.300219016855955,-8.067335559132694
1778595609030206200,13.509206298828126,0.05945639757514,4.417944744805991,-14.988078824675082
1778595609040199200,13.51919921875,-0.01437777718156576,4.312109457893669,-15.038741674941777
1778595609050192100,13.529192138671876,-0.02029547679275274,4.253822104097902,-15.05768369129896
1778595609060185000,13.53918505859375,5.698627821195125,-0.9192682235598564,-9.418426342961192
1778595609070178000,13.549177978515624,7.449698166307806,-0.5579267282277345,-8.413865854302049
1778595609080171000,13.5591708984375,9.147025230795144,0.6349447937175631,-8.876704315081238
1778595609090164200,13.569164306640625,12.229804198396206,0.3240197726756334,-11.380685615861415
1778595609100157200,13.5791572265625,19.2588716450572,-3.4292522718861695,-14.78244870005846
1778595609110150100,13.589150146484375,18.739533298420906,-3.423054586289823,-14.982345833981036
1778595609120143000,13.59914306640625,12.082252168738842,-7.523353769627213,-10.245721800744533
1778595609130136300,13.60913623046875,5.558850517192482,-6.362703724589943,-4.364125768595934
1778595609140129000,13.61912890625,1.422303670170903,-5.751570891353488,-0.43211599025726316
1778595609150122200,13.629122314453125,0.779331929603219,-4.147180176977813,3.5426153239548204
1778595609160115200,13.639115234375,0.4256657912045717,-1.7183450103357434,6.725243489795923
1778595609170108200,13.649108154296876,-0.019883096599578855,-0.978175170558691,7.5499921857059
1778595609180100000,13.65910009765625,0.03670855919420719,-1.5350091351136563,7.295283849665522
1778595609190093000,13.669093017578126,-0.3049123366236687,-2.0026982507944107,7.412124514716863
1778595609200086000,13.6790859375,-1.3326947109162808,-2.0087188262581823,8.189549733915925
1778595609210079200,13.689079345703124,-2.407217209073901,-1.9441969619870185,8.82336026290655
1778595609220072000,13.699072021484374,-2.9711773722469803,-2.0797771065607664,9.117806735095382
1778595609230065200,13.709065185546875,-3.5511814922481775,-2.3773069317176936,9.14091580800414
1778595609240058000,13.71905810546875,-4.286362437696755,-2.7418858015358447,8.739704074576496
1778595609250051300,13.72905126953125,-5.16388498467803,-3.113962918154895,8.029808669292926
1778595609260044800,13.739044921875,-5.800390159580111,-3.408348892328143,7.553678765264153
1778595609270038000,13.7490380859375,-6.281390884515643,-3.558511981266737,7.368119368773699
1778595609280031000,13.759031005859375,-7.082617250540852,-3.7505598629936574,7.43717829195261
1778595609290023700,13.769023681640626,-6.7194140529900785,-3.5598905761435624,7.278349081477522
1778595609300017000,13.779016845703126,-6.739577135574817,-3.169247583003342,6.750588358932733
1778595609310009900,13.789009765625,-6.186626442193985,-2.6336148119091987,6.313759953200817
1778595609320002800,13.7990029296875,-5.776511855864524,-2.089686798417568,5.482230218848586
1778595609329995800,13.808995849609374,-5.595794054186344,-1.6180007220551371,4.270505820134282
1778595609339989000,13.818989013671874,-4.764306405410171,-1.014690983659774,2.476007836705446
1778595609349981700,13.828981689453125,-4.085048130452632,0.5980028641588986,0.25522505339086055
1778595609359975000,13.838974853515625,-1.6288190531894564,4.196732727915048,-3.485941835096478
1778595609369967900,13.8489677734375,0.03117547498643398,7.918705086588859,-9.984632239234447
1778595609379961000,13.858961181640625,-2.037432879567146,2.75014655714184,-19.392617267680166
1778595609389953800,13.868953857421875,-2.2205124419406057,2.7788603181898592,-19.436278714752195
1778595609399947000,13.878947021484375,-2.3124331852689384,2.861284918898344,-19.445211378270386
1778595609409940000,13.88893994140625,-2.325506017331779,2.9492265294626354,-19.431113879334927
1778595609419933000,13.898932861328126,-2.2876304601848125,3.0335990493685006,-19.403662393307684
1778595609429926000,13.90892578125,-2.2146505641698835,3.1163851768657564,-19.367574011838435
1778595609439919000,13.918919189453124,-2.1350687856718897,3.200530902278423,-19.330908122742176
1778595609449911800,13.928911865234374,8.39946381946206,0.0038959845252335068,-9.26193463552296
1778595609459904000,13.938904052734374,10.650331359916924,0.6809938665784895,-7.030739179265499
1778595609469896700,13.948896728515624,11.123740314549208,0.7911527157783508,-5.772059552630782
1778595609479890000,13.958889892578124,10.670502041286229,0.24768720523193477,-5.308558828550577
1778595609489883000,13.9688828125,10.161029255104065,-0.3559399285495281,-4.536957200938463
1778595609499875800,13.978875732421875,8.156144892442226,-0.7752639495119452,-2.417693010380864
1778595609509868800,13.988868896484375,6.869434518587589,-0.8660438522420824,-0.575870965719223
1778595609519862000,13.998862060546875,6.567241377794742,-0.7815053281195461,0.16660101352035997
1778595609529855000,14.00885498046875,5.985928513282537,-0.511416321465373,1.4679495690584181
1778595609539848000,14.018847900390625,5.05011832024455,-0.3602602759666741,3.228860340183973
1778595609549841000,14.0288408203125,3.244605021804571,-0.33443945988118645,4.250616878315806
1778595609559834000,14.038834228515626,0.8632359552145004,-0.3075204732954502,4.937332483541965
1778595609569826800,14.048826904296876,-0.5903346676185727,-0.22060674447417258,6.1399471086055035
1778595609579820000,14.058820068359376,-1.6592431252866982,0.5188770127348602,7.39762018854618
1778595609589813000,14.06881298828125,-2.9428479343414304,0.9682828682281076,8.604364460760355
1778595609599806000,14.078805908203124,-3.3994685435190797,1.5846416194193065,9.548544422736763
1778595609609799000,14.088798828125,-4.0782176999107005,2.262963051918149,9.80140683864951
1778595609619792000,14.0987919921875,-4.59450834941417,2.4980887356102466,9.829759657430648
1778595609629784800,14.108784912109375,-4.975341603940725,2.645850608626008,9.95896471401453
1778595609639777800,14.11877783203125,-5.864294768735766,2.476256843030453,10.028478395223617
1778595609649771000,14.12877099609375,-7.498118790605663,1.5239574336148798,9.546465862897039
1778595609659763700,14.138763671875,-9.050125530010462,0.08371011047437786,8.438637891986966
1778595609669756000,14.148755859375,-10.02155297987461,-1.3558448464877904,7.137921204611659
1778595609679749000,14.1587490234375,-8.195811132398248,-0.7941872611686587,6.613228052943945
1778595609689741800,14.168741943359375,-5.462346537727117,0.340595790553838,5.576407801192999
1778595609699735000,14.178735107421875,-4.283376992145181,0.7528149479471147,4.094531413590908
1778595609709728000,14.18872802734375,-3.1368662393584845,2.2069142708294094,3.1841239573568103
1778595609719721000,14.198720947265626,-2.0426877313554286,3.931120428283512,1.2049135496556758
1778595609729714000,14.2087138671875,-1.2531740149557589,4.949909056520462,-2.2127052753210066
1778595609739707000,14.218706787109374,-1.1647945974960923,4.917030869269371,-6.5566551018506285
1778595609749699800,14.228699951171874,-0.9108961165338754,4.84019488234818,-10.001227984726428
1778595609759692800,14.23869287109375,-0.1954915924400091,3.5739644019424914,-12.569930471742152
1778595609769686000,14.24868603515625,-0.05772913539111614,3.452835976569354,-12.535699700838327
1778595609779678700,14.2586787109375,0.04928162504136562,3.3638656074792146,-12.510613190376757
1778595609789672000,14.268671875,0.03466507066786289,3.320460473255813,-12.527238161963224
1778595609799665000,14.278664794921875,-0.06085398941338062,3.3131647632896897,-12.570150251972674
1778595609809657900,14.288657958984375,7.112299856621027,4.399665868532657,-8.732925374221802
1778595609819650800,14.29865087890625,8.818073262414336,6.003657062196731,-7.108166117817163
1778595609829644000,14.30864404296875,9.700277537471056,5.35888850134015,-6.104430389544367
1778595609839636700,14.31863671875,11.113201384878158,3.47094358792901,-5.16746459673047
1778595609849630000,14.3286298828125,11.297924330544472,-0.31840543992519377,-4.309201753753423
1778595609859623000,14.338622802734376,9.921057300424575,-3.667931848667562,-3.182759098744392
1778595609869614800,14.34861474609375,7.597079515573382,-4.580954163575172,-1.2668038963794708
1778595609879607800,14.35860791015625,5.384136924365163,-4.12975879431665,0.882516994267702
1778595609889601000,14.36860107421875,3.562218726830184,-3.2696488621681925,2.818481549960375
1778595609899593700,14.37859375,1.9156871990785003,-2.471782035703957,4.79575076046586
1778595609909587000,14.3885869140625,-0.3352876011431217,-2.436776334904879,6.559100741437077
1778595609919580000,14.398579833984375,-2.4179700737565755,-3.004633067125082,7.3733636991679665
1778595609929572900,14.40857275390625,-2.695233940476179,-3.744631349727511,7.581757443279027
1778595609939565800,14.41856591796875,-2.598950910285115,-4.064450163581967,7.392544200456142
1778595609949559000,14.42855908203125,-3.40178880316019,-4.671320663198828,7.118497542217374
1778595609959551700,14.4385517578125,-4.735359420128167,-5.1507110303282735,7.008104738131165
1778595609969545000,14.448544921875,-5.9603813995718955,-4.816421208050847,7.266078213447332
1778595609979538000,14.458537841796876,-6.980572588083148,-4.131424097180366,7.5678259485602375
1778595609989531000,14.46853076171875,-7.778985650253295,-3.442474449291825,7.849819181889295
1778595609999523800,14.47852392578125,-8.160921605324745,-2.817186249452829,8.120133083340525
1778595610009517000,14.48851708984375,-7.9132959210216995,-2.4261885976560413,8.312970361879467
1778595610019509800,14.498509765625,-7.200826865857839,-2.562255210572481,7.865977705007791
1778595610029503000,14.5085029296875,-6.664030019420385,-2.605775203347206,6.710465022858977
1778595610039495000,14.518494873046874,-6.127712480932474,-2.2599755605399605,6.142521343007683
1778595610049488000,14.52848779296875,-5.258698526838422,-2.207449254488945,5.416324791264533
1778595610059480800,14.538480712890625,-3.863422564324736,-1.7023985225327312,3.544115791645646
1778595610069474000,14.54847412109375,-2.9510256878390906,-1.3033311076574028,0.9376075978487729
1778595610079466800,14.558466796875,-2.0178291844308376,-1.2619189008168876,-2.1137509800940752
1778595610089460000,14.5684599609375,-0.417397729074955,-0.8085216375999152,-5.447201575565338
1778595610099453000,14.578452880859375,1.331990946561098,-0.17612039088532327,-8.476942780461908
1778595610109446000,14.58844580078125,0.7018015306770801,-0.41349765289649365,-10.533040028488635
1778595610119438800,14.59843896484375,-2.4686276633262634,-0.8385431202456355,-11.786355497741699
1778595610129432000,14.60843212890625,-2.4875123965382575,-0.831556768489629,-11.794866136455536
1778595610139424800,14.6184248046875,-2.4332050522893667,-0.8314984624311328,-11.768085681557654
1778595610149418000,14.62841796875,-2.339163663545251,-0.8210686922229826,-11.721466553723811
1778595610159411000,14.638410888671874,-2.2360691997736692,-0.8093201675664633,-11.671763488399982
1778595610169404000,14.64840380859375,-2.1268264425054193,-0.7961118725556879,-11.620634189665317
1778595610179396900,14.65839697265625,7.693944145044684,0.2964129499562084,-8.38411836629212
1778595610189389800,14.668389892578125,9.614604164099692,1.507698811122775,-5.778516181424259
1778595610199381800,14.6783818359375,11.302796905016898,2.9189141010463238,-3.207532305473089
1778595610209375000,14.688375,10.94234563652277,4.019278311946988,-1.5463666876912117
1778595610219368000,14.698367919921875,11.190030942058563,3.735370184907317,0.08442366557121277
1778595610229361000,14.70836083984375,11.126004752349854,2.2543732104882594,1.2301742476403712
1778595610239353900,14.718353759765625,9.970049587130546,1.4566916774630545,1.6163918255537748
1778595610249347000,14.72834716796875,8.645464532911777,1.0229752662718294,2.230686922213435
1778595610259344400,14.738344482421875,6.579715074920654,0.7244861676286906,2.880121721315384
1778595610269337300,14.74833740234375,3.8001889862984415,0.44313802727013824,3.42513928360939
1778595610279330600,14.75833056640625,1.3529448872625827,0.10525602571964263,3.8773108044236895
1778595610289323300,14.7683232421875,-1.4711954191118477,-0.34911841196641324,4.299486415424942
1778595610299316500,14.77831640625,-4.273269147367775,-0.007101502568274736,4.959007724255323
1778595610309309400,14.788309326171875,-6.127822955569624,1.2611837184101342,5.992057809817791
1778595610319302400,14.798302490234375,-7.104352112486958,2.6045026991933584,7.5550079680413
1778595610329295400,14.80829541015625,-7.458892695632576,3.371953052344918,9.372090708243846
1778595610339288600,14.81828857421875,-7.80574038618803,3.4459219593971966,11.09740409628749
1778595610349280300,14.8282802734375,-8.216911203572154,3.5903602409482,12.088642162036894
1778595610359273500,14.8382734375,-8.660745104151964,3.2926988983660936,12.110047353637217
1778595610369266400,14.848266357421876,-9.000284517520665,2.456384852346778,10.98548218293786
1778595610379259400,14.85825927734375,-9.66026526055634,1.6348612559631466,9.748749599695206
1778595610389252400,14.86825244140625,-10.134511835056543,1.2195948398284613,7.962216896057129
1778595610399245600,14.87824560546875,-9.161333742132783,0.6469622715085744,5.308236756989359
1778595610409238300,14.88823828125,-6.794481861194968,0.17941665595173834,3.027916912078857
1778595610419231500,14.8982314453125,-4.931583126235008,0.26568419582396746,1.8599714493364095
1778595610429224400,14.908224365234375,-4.038478394718468,1.2320378495551645,0.8683300634831189
1778595610439217400,14.918217529296875,-3.002898790678382,3.3146932880312203,-0.851856483066082
1778595610449210400,14.92821044921875,-1.0505343043267725,4.523396877619624,-4.000534448510408
1778595610459203600,14.93820361328125,0.5914262622475623,2.216390247444063,-8.19806271071732
1778595610469196300,14.9481962890625,2.663341841652989,-1.2602305093385278,-12.436435024487972
1778595610479189500,14.958189453125,2.009192873510718,-1.7779508993841706,-14.445654201483725
1778595610489181200,14.96818115234375,2.017108761201799,-1.8643819592550397,-14.466746089351176
1778595610499174400,14.97817431640625,2.069137931385636,-1.958543467247486,-14.470335053753852
1778595610509167400,14.98816748046875,2.141875250816345,-2.0498498780697583,-14.46483587181568
1778595610519160600,14.99816064453125,2.223933940821886,-2.1316709599271415,-14.453662151372432
1778595610529153300,15.0081533203125,6.055062839785218,3.444628704716265,-8.316083525463938
1778595610539146500,15.018146484375,7.419359142145514,2.6281056930989024,-7.017687974512577
1778595610549139500,15.028139404296875,8.569040633922814,1.504144333511591,-5.527473382154107
1778595610559132400,15.03813232421875,10.908408295607567,-0.28648294596374035,-5.38604421929121
1778595610569125400,15.04812548828125,14.689762233054637,-3.433617773619294,-5.968900806114077
1778595610579118600,15.05811865234375,12.40087388176322,-5.906536412137746,-5.681096256157756
1778595610589111300,15.068111328125,7.004702236211299,-5.983935878160596,-1.5602759705781937
1778595610599104500,15.0781044921875,5.682127937293052,-5.177112715041637,-0.6609557255476712
1778595610609097500,15.088097412109375,3.9322932714551686,-4.056694727149606,0.22677461945414543
1778595610619089400,15.09808935546875,0.9864142988547682,-3.5030510830685495,3.093164168015122
1778595610629082400,15.108082275390625,-1.0236825377583503,-3.632915772604942,5.2998623118758195
1778595610639075300,15.118075439453126,-1.757389319001138,-4.379769620190561,6.573786269393563
1778595610649068300,15.128068359375,-1.9030814000055192,-5.097387436419725,7.617911875721812
1778595610659061500,15.1380615234375,-2.2045421348705885,-5.663436096304655,8.219573700779677
1778595610669054500,15.148054443359374,-2.553517192843556,-5.989208850127458,8.291227901148796
1778595610679047400,15.15804736328125,-3.188391843934357,-6.007498540055751,8.358981586948037
1778595610689040400,15.168040283203124,-4.289553927214444,-5.607000507855415,9.174183286833763
1778595610699033600,15.17803369140625,-5.209859969389439,-4.938175948628783,9.891966815018653
1778595610709026300,15.1880263671875,-5.930446280035376,-4.396288208793103,10.12590182762146
1778595610719019500,15.19801953125,-6.869848360085487,-3.3692364868625995,10.072088404369353
1778595610729012500,15.208012451171875,-7.269560210344195,-1.7801263437271118,9.882298822963238
1778595610739004400,15.21800439453125,-7.06417500039935,-0.5884232810392975,9.445792488792538
1778595610748997400,15.227997314453125,-6.265572553136945,-0.5935892855003476,8.290300849431752
1778595610758990300,15.237990234375,-4.577861165995896,-1.202792611978948,6.48669659948349
1778595610768983300,15.2479833984375,-3.0883868706107136,-1.8219979847729204,4.149876284193993
1778595610778976500,15.2579765625,-2.9889585281312465,-1.844397740368545,1.3316145144641398
1778595610788969200,15.26796923828125,-3.1668437367320057,-0.7302128016471863,-1.3141039922147988
1778595610798962400,15.27796240234375,-2.741952437031269,0.8074015475288033,-2.536249831700325
1778595610808955400,15.287955322265624,-2.1362214628383516,3.9629502755254506,-4.369068485695124
1778595610818948600,15.297948486328124,0.8512962188348173,8.353403494554758,-6.422182918518781
1778595610828941300,15.30794140625,2.2038158664226533,7.865661478665471,-8.49316092481315
1778595610838934500,15.3179345703125,0.2961459695830941,3.5045842839851975,-11.494826374304294
1778595610848927500,15.327927490234375,-0.3975646090969443,0.5603288209334015,-15.52790817067623
1778595610858919400,15.33791943359375,-0.37998511326462026,0.5980488952577113,-15.510148057579993
1778595610868912400,15.347912353515625,-0.3532017357572913,0.647487172165513,-15.485841299319267
1778595610878905300,15.3579052734375,-0.3171229988992214,0.6897831761032343,-15.460602813166378
1778595610888898300,15.367898193359375,-0.26129531321525573,0.720369745285809,-15.432006833279132
1778595610898891500,15.3778916015625,9.395112687391043,-0.5293941689655185,-9.038812693357468
1778595610908884200,15.38788427734375,10.63855324383974,0.7123676406159997,-5.635101982223987
1778595610918877400,15.39787744140625,10.133834958708286,0.5881888877615332,-3.293260623902082
1778595610928870400,15.407870361328126,7.886542354130745,-0.22754706513136624,-2.37676303409934
1778595610938863400,15.41786328125,6.464864706903696,-1.4956766571566462,-2.236637939572334
1778595610948856300,15.427856201171876,6.046718789809942,-2.4279016851842403,-1.4328572128891943
1778595610958849500,15.437849609375,5.62618217818737,-2.6743805375397205,0.12526187191605567
1778595610968841200,15.44784130859375,4.604034302650391,-2.6919381138011813,1.609759255671501
1778595610978834400,15.45783447265625,3.4195454091250896,-2.4101556006133555,3.2438767075300214
1778595610988827400,15.467827392578124,1.960565036202967,-1.8391759140670298,5.1539124567180865
1778595610998820400,15.4778203125,-0.021607436174154282,-1.1733233563885093,6.608344372555613
1778595611008813300,15.487813232421875,-2.4154668587639927,-0.10076485178023577,7.8871029106229535
1778595611018806500,15.497806640625,-4.183308598196506,0.501337702782452,9.473983395010233
1778595611028799200,15.50779931640625,-5.039073194617033,0.9680568043872714,10.789474457669257
1778595611038792400,15.51779248046875,-6.212672737598419,2.284854565730691,11.464707130372524
1778595611048785400,15.527785400390625,-7.537932330077886,3.517935056206584,12.16392507429719
1778595611058778400,15.5377783203125,-8.939429943585395,3.6295351902559396,12.637379621636867
1778595611068771300,15.547771240234376,-9.158637927177548,3.3313167983129617,12.08943477371931
1778595611078763500,15.557763427734375,-8.400947920539975,3.205266114106774,10.820996554136276
1778595611088756200,15.567756103515626,-7.78996121777594,2.978184912921488,9.308741979405283
1778595611098749400,15.57774951171875,-6.757317374926805,2.827065253910422,7.28443336982727
1778595611108742400,15.587742431640624,-5.549427439808845,2.8010943618297577,4.791036006903648
1778595611118735400,15.5977353515625,-4.350739340539277,2.435303778134286,2.3288059356600046
1778595611128728300,15.607728271484374,-2.477826284304261,2.0806486286982895,0.5896802953630685
1778595611138721500,15.617721435546875,-0.08722761707603931,2.603673847153783,-0.6615799949258565
1778595611148714200,15.62771435546875,1.7462062462076544,4.3531399719402195,-1.6338000564724207
1778595611158707500,15.63770751953125,2.2651327971726656,5.930079784810543,-3.8006279622375962
1778595611168700400,15.647700439453125,1.2722501790866254,5.584529148328304,-6.58848699491918
1778595611178692400,15.6576923828125,-0.6291781930148601,3.7889781487151977,-10.851224519139528
1778595611188685300,15.667685302734375,-1.6828250764042139,2.920566252167523,-13.861638507753609
1778595611198678500,15.677678466796875,-1.7044880421578883,2.8008295734137296,-13.924522541689871
1778595611208671200,15.687671142578125,-1.6837053663700818,2.681775908488035,-13.965773420488834
1778595611218664400,15.69766455078125,-1.6310796915978192,2.5813737525403497,-13.982792359828949
1778595611228657400,15.707657470703126,1.3654852198839187,2.2184420654073356,-11.056156724619864
1778595611238650400,15.717650390625,4.427959650602936,2.7452444643139837,-7.322645319321751
1778595611248643300,15.727643310546876,7.641803623440861,2.9974460782304404,-3.111998632344603
1778595611258632200,15.737632080078125,10.174269844949245,2.288425994476676,0.05211421811878681
1778595611268625000,15.747625,11.734188088130951,1.177579844789207,0.2817407198727131
1778595611278618000,15.7576181640625,12.479958524394034,-1.236070027680695,-0.8811199869513511
1778595611288610300,15.7676103515625,12.26123978562355,-3.8490135152220724,-2.3752093749165533
1778595611298603000,15.77760302734375,8.90217660999,-5.683600932455063,-2.9910113690078255
1778595611308596200,15.78759619140625,5.974405833271145,-6.940058206865191,-2.2171008799314498
1778595611318589200,15.797589111328126,3.590401157480478,-7.003485846158862,-0.34667291851043697
1778595611328582100,15.80758203125,1.3785463615089655,-6.5887517833352085,0.8802607397735118
1778595611338575000,15.8175751953125,-0.6882397460535168,-6.456508381968736,2.838059526133537
1778595611348568300,15.827568359375,-1.7964491174966095,-6.6717357714921235,5.168637732163071
1778595611358561000,15.83756103515625,-2.4782167449265717,-7.10121615254879,6.378204660582542
1778595611368554200,15.84755419921875,-3.1896123256400224,-7.514560806840658,6.840828017306327
1778595611378546000,15.8575458984375,-3.862897663667798,-7.311331898146867,7.095590713882446
1778595611388539100,15.8675390625,-4.75418014819324,-6.472770949983596,7.478949979755282
1778595611398532000,15.877531982421875,-5.929857666492461,-5.361597760298848,8.053627936297655
1778595611408525000,15.887525146484375,-7.257738839647174,-4.556612041740119,8.51272779507041
1778595611418518000,15.89751806640625,-8.142081295776366,-3.7029020397618413,8.801493299013377
1778595611428511200,15.90751123046875,-8.70429783015251,-2.543748955284059,9.265187499839067
1778595611438504200,15.917504150390625,-9.051042644855379,-1.5513199261844157,9.030440001809596
1778595611448497200,15.9274970703125,-8.59309137159586,-0.7826072980120777,7.735780714777111
1778595611458490000,15.937489990234376,-7.158834813302755,-0.5896338258728384,5.551984138554334
1778595611468482000,15.94748193359375,-5.215243415993452,-0.8211059554934501,2.579405667337775
1778595611479099100,15.95809912109375,-4.015790469831228,-0.07976561063230037,-0.380627210560441
1778595611489092000,15.968092041015625,-2.0228142793670294,0.7261866148710251,-1.587998674762249
1778595611499085300,15.978085205078125,-0.6819722100913524,1.538228973942995,-2.1814123114347455
1778595611509078000,15.988078125,-0.8759206647425889,4.939589322558045,-3.2989392540603872
1778595611519071000,15.998071044921875,1.3764412059232591,8.516310914254188,-4.539095382010936
1778595611529064200,16.008064208984376,4.188889320938289,7.5500260879755015,-7.476250657668709
1778595611539056000,16.01805615234375,4.09140392922014,3.8079812476098533,-11.067290697574615
1778595611549049000,16.028049072265624,2.7147265764534474,2.113313465459645,-14.70816532022953
1778595611559042300,16.038042236328124,2.133788682733476,1.3493287425920366,-16.816196753633022
1778595611569035000,16.048034912109376,4.056476992745697,0.6412985466584563,-16.84238099620342
1778595611579028200,16.0580283203125,5.930195520144701,0.14477905781269074,-15.355607484209537
1778595611589021200,16.068021240234376,6.355595353889465,-0.3009402181223035,-13.36312199987173
1778595611599014100,16.07801416015625,5.919131689816713,-1.0584083987027406,-11.351768148934841
1778595611609007000,16.088007080078125,6.263153217035532,-0.9710051327988505,-8.16055686366558
1778595611619000300,16.098000244140625,7.066027934789657,-0.3245774065583944,-4.803903087261319
1778595611628992000,16.107991943359377,6.9596917126178734,-0.1968012137338519,-1.8980770158469675
1778595611638985200,16.117985107421877,6.692576899468898,-0.4812190438613295,-0.3023223201304674
1778595611648978000,16.12797802734375,6.017188743942976,-1.0812748950272797,0.3840776432752609
1778595611658971100,16.13797119140625,5.202216761159897,-1.6381500683754682,1.5024065499335526
1778595611668964000,16.147964111328125,4.1045369670376175,-1.9963561882913112,2.8455864145070313
1778595611678957000,16.15795703125,2.4662089117467403,-1.9603943558111785,4.2633413353323935
1778595611688950000,16.167949951171874,0.38192572593837976,-1.527484877088666,5.6943578887909645
1778595611698943200,16.177943115234374,-1.8021268708720801,-0.9340350000590085,6.675573157697916
1778595611708936200,16.187936279296874,-4.052735760390759,-0.24658611212223766,7.414012520420551
1778595611718928100,16.19792822265625,-5.650094384172559,0.8801277610436081,8.267230354967714
1778595611728921000,16.207921142578126,-6.519786383658647,2.004271491460502,9.415896532222629
1778595611738914000,16.2179140625,-6.704100164002179,2.6513606042191387,11.108921515601873
1778595611748907000,16.227906982421874,-6.263423266148567,2.9771529395252463,12.725201697474718
1778595611758900200,16.237900146484375,-5.53259671651721,2.671968215700984,13.498078751850127
1778595611768893000,16.247892822265626,-4.914883920368552,1.7646102101653813,12.970320951914786
1778595611778886100,16.25788623046875,-4.727970478920638,1.230713761344552,11.508999861085414
1778595611788879000,16.267879150390623,-5.478784462308884,1.3221093117550016,9.810670341557264
1778595611799497200,16.278497314453126,-5.766296751320362,1.5224761090159415,7.414263864833116
1778595611809489000,16.288489013671875,-5.166194430664182,1.5699150288000703,5.709405235797166
1778595611819482000,16.298482177734375,-4.131961857318878,1.658920761464536,5.162576824688911
1778595611829475000,16.30847509765625,-2.8487209131404754,2.3037726166903973,5.25681870444119
1778595611839468000,16.318468017578127,-2.1402800905793904,3.348599357025325,5.196725178006291
1778595611849461000,16.3284609375,-1.9038675819471478,5.036294377553463,4.297182230135798
1778595611859454200,16.3384541015625,-1.6907243052214382,7.14771019269824,1.881515172624588
1778595611869447000,16.348447021484375,-2.5905685741260647,7.4933496765077106,-1.645629025954008
1778595611879440100,16.358440185546876,-4.145795152360201,4.888494802875816,-8.900837470340727
1778595611889433000,16.36843310546875,-2.9815377304807305,1.177607609578967,-17.865774780148268
1778595611899425000,16.378425048828124,-0.2058940362498164,0.24382278488874434,-21.565240707981584
1778595611909418000,16.38841796875,1.5158157743439078,1.8303847048461437,-19.095974746751786
1778595611919411200,16.3984111328125,2.909685084930062,2.3700746423766015,-16.36943498290777
1778595611929404000,16.40840380859375,4.775482171680033,3.2289716916039586,-13.36812083107233
1778595611939397000,16.418397216796876,6.470549182280898,2.9638033363476395,-9.299104382488132
1778595611949390000,16.42839013671875,8.330332415568828,2.554476101003587,-6.216488496494293
1778595611959383000,16.438383056640625,10.195077655178308,2.311557571478188,-4.15722898504436
1778595611969376000,16.4483759765625,12.099080553942919,1.3862261023566127,-2.527783616650104
1778595611979369200,16.458369140625,12.862006707668304,-0.15810674141943454,-2.249702588328719
1778595611989361200,16.468361083984377,11.464528266674279,-2.587886203174293,-2.017363905006647
1778595611999354000,16.47835400390625,8.567772221422194,-4.290587361915409,-1.2735066088885068
1778595612009347300,16.488347412109373,5.016649765884876,-5.702338950672745,-0.3692120825767517
1778595612019340000,16.498340087890625,1.697125404435396,-6.28160072787404,0.8916203381776809
1778595612029333000,16.5083330078125,-0.6956395009160041,-6.0370110502660275,3.219276519280672
1778595612039326200,16.518326171875,-2.528735218286514,-6.012233167362213,5.437457595664262
1778595612049319000,16.52831884765625,-3.9540331018373367,-6.186274560016393,6.568068476268649
1778595612059312000,16.53831201171875,-5.2428153135299675,-6.715915689480305,7.148147999593615
1778595612069305000,16.54830517578125,-6.1709168318867675,-7.11020493016839,7.300170452663302
1778595612079297000,16.558297119140626,-6.386781934791803,-7.435134803426266,6.792938723406195
1778595612089290200,16.568290283203126,-5.973396948489547,-7.572170699766278,6.362575714296102
1778595612099283200,16.578283203125,-6.057178224503994,-7.1307952982544895,7.087743507513403
1778595612109276200,16.588276123046874,-6.6494649029731745,-5.760028338575363,8.102609117087722
1778595612119269000,16.59826904296875,-7.245762570649385,-4.300872609086334,9.017586365455388
1778595612129262300,16.608262451171875,-7.7868614981949325,-2.8037609506905077,9.786669872766733
1778595612139255000,16.618255126953127,-7.990939717194437,-1.566602835512161,9.559909281837939
1778595612149248000,16.628248046875,-7.411494400119781,-1.236015667144954,7.692731846645474
1778595612159240000,16.638239990234375,-5.912221472036838,-0.983382383812964,4.628352459087967
1778595612169233200,16.648233154296875,-3.9134456553831694,-0.5445528673917055,1.5336866543382406
1778595612179226000,16.65822607421875,-1.4836796376317738,0.885042421092093,-0.3634913668423891
1778595612189219000,16.668218994140624,-2.1660966688811776,2.274783545832336,-1.448967805212736
1778595612199212000,16.6782119140625,0.22719927460700273,5.081664966630935,-3.098929307413101
1778595612209205200,16.688205322265624,5.780064579910039,8.249766009947658,-7.509159824579954
1778595612219198000,16.698197998046876,7.742634233933686,7.955266930788755,-9.53518049877286
1778595612229191200,16.708191162109376,5.862092874777317,4.833317690055072,-10.255224957627057
1778595612239184100,16.71818408203125,3.2015079306170344,3.7877383777871727,-12.597267391479015
1778595612249176000,16.728176025390624,3.4269621151223775,3.0532153117254373,-14.527447518551348
1778595612259168500,16.73816845703125,4.9616252132773395,1.5203779676929114,-14.516687639605998
1778595612269161500,16.748161376953124,5.700135887670517,0.8677908420398831,-13.164819441664218
1778595612279154200,16.758154296875,5.29117047137618,0.8542197050660848,-11.291578760910033
1778595612289147400,16.7681474609375,4.256022244490683,0.3178764476150274,-9.628013096249102
1778595612299140400,16.778140380859377,5.603173058521747,0.07572481080889701,-8.69419086215794
1778595612309133300,16.78813330078125,5.931105620726942,-0.23066490489095448,-6.534802166482806
1778595612319126300,16.798126220703125,2.646371125368774,-0.924065686969459,-4.380184922993183
1778595612329119500,16.808119384765625,1.318911977018416,-1.4387053543955086,-3.3474440495103597
1778595612339111400,16.818111328125,2.059527806997299,-1.6774530279770492,-1.781897445052862
1778595612349104400,16.8281044921875,2.327725154685974,-1.3561045203372835,-0.04750175588726997
1778595612359097300,16.838097412109374,2.0445508948788045,-1.1854045470654964,1.525192382237315
1778595612369090300,16.84809033203125,1.5450664187476038,-1.1137532693058252,3.5169770248293877
1778595612379083500,16.85808349609375,1.315619949735701,-0.6974912662625312,5.580706375169754
1778595612389076500,16.868076416015626,1.030432304279506,0.020554419989883898,7.139069205603003
1778595612399069200,16.878069091796874,-0.21546353636682034,0.885036868134141,8.758816771325469
1778595612409062400,16.8880625,-1.9081325459152458,1.5425766477584837,10.278264472430944
1778595612419054300,16.898054443359374,-3.1865944391235708,2.00414465021044,11.215955656909943
1778595612429047300,16.90804736328125,-4.168704611043632,2.340810261708498,11.915343112182617
1778595612439040500,16.91804052734375,-4.762532089214027,2.800300581103563,12.872993381106852
1778595612449033200,16.928033203125,-5.046816940611601,3.2092510920897124,13.809395110297203
1778595612459026400,16.9380263671875,-5.597569831687212,3.862733413016796,14.049339007925987
1778595612469019400,16.948019287109375,-6.361741017037629,4.563578081360459,13.699402119183539
1778595612479012400,16.958012451171875,-7.252483403337002,4.678006716834008,12.58291737908721
1778595612489005300,16.96800537109375,-7.960430597162246,4.398635064180195,10.306979694783687
1778595612498997500,16.97799755859375,-8.22497526756227,3.7868288617268204,7.332813077592849
1778595612508990200,16.987990234375,-7.533464244753122,2.590683140416443,4.721665533557534
1778595612518983400,16.9979833984375,-5.747717138534784,1.297350425812602,2.1250801833599806
1778595612528976400,17.007976318359376,-2.9191791817232966,1.4627096225783227,-0.1417570796430111
1778595612538969300,17.01796923828125,-0.7948834267392754,3.622255554641783,-1.3768600158572195
1778595612548962300,17.02796240234375,-0.4474865778684616,6.188305189061165,-4.783575169503688
1778595612558955500,17.03795556640625,-0.8545771402016281,6.1578399081707,-12.845102334618568
1778595612568948200,17.0479482421875,1.3911059833526611,3.5563065801769493,-19.01490857491493
1778595612578940400,17.0579404296875,1.8452277614519,2.0010624662861227,-19.854485422122476
1778595612588933400,17.067933349609376,-1.215032500348985,3.336283188548684,-17.95055032789707
1778595612598926300,17.07792626953125,-0.4483765124455094,3.7373566825494167,-16.137812338900567
1778595612608919300,17.087919189453125,1.3008441131472588,2.9876714109301563,-13.71577574635744
1778595612618912500,17.09791259765625,3.2798540298402306,3.4431861046925185,-9.52973333928287
1778595612628905200,17.1079052734375,5.976119066929817,4.492709186150133,-4.5937160299927
1778595612638898400,17.1178984375,9.387351405739784,3.8273558101654053,-1.82600838945806
1778595612648890400,17.127890380859377,15.138145467501879,1.4649749371618033,-2.02006264257133
1778595612658883300,17.13788330078125,20.484354520010946,-1.9021423655897378,-4.362896519061922
1778595612668876300,17.147876220703125,18.21791531641483,-5.610885240334272,-6.377592081642151
1778595612678869200,17.157869140625,9.110188661307095,-5.23404631614089,-4.088804852637648
1778595612688862200,17.1678623046875,3.592600421090424,-4.006563791802526,-2.2709856148540974
1778595612698855400,17.17785546875,0.3697922205522656,-4.942622406643629,-0.8079442761033773
1778595612708848000,17.18784814453125,-2.0701450626015663,-5.6544461496412755,2.3988977090179917
1778595612718841300,17.19784130859375,-3.609670798356831,-5.770997476357222,5.7822267263799905
1778595612728833500,17.20783349609375,-4.785606090809405,-6.209215875142812,7.29745125683248
1778595612738826200,17.217826171875,-5.634815566498041,-6.901653365147113,7.90107765996158
1778595612748819500,17.2278193359375,-5.887561078032851,-7.384303610855341,7.744837296935915
1778595612758812400,17.2378125,-5.950485443979502,-7.94572870259285,7.169567219719291
1778595612768805400,17.247805419921875,-5.868309849596023,-8.479457978153228,6.433944083461165
1778595612778798300,17.25779833984375,-5.925218900775909,-8.470680797457694,5.882315578594803
1778595612788791300,17.267791259765627,-6.210085643714666,-7.360808168977498,5.805313587456942
1778595612798784300,17.2777841796875,-6.593540186655521,-5.7958408257126806,5.969499941051006
1778595612808776400,17.2877763671875,-6.792982562547921,-4.321110802733898,6.926188671466708
1778595612818769400,17.297769287109375,-7.01277682159543,-2.7347265774309633,8.177128059238195
1778595612828762400,17.307762451171875,-6.975120752418041,-1.1440870327711106,8.645596050336957
1778595612838755300,17.31775537109375,-6.730069302517175,-0.16814532035291194,7.737610268291831
1778595612848748500,17.32774853515625,-6.5063341968894,-0.29482465785145756,5.17052398430109
1778595612858741200,17.3377412109375,-6.496223137241602,-0.34036943445205686,2.227137705299258
1778595612868734500,17.347734375,-6.3064931770682335,0.8021808902710675,-0.19382161340117454
1778595612878726100,17.35772607421875,-5.008544785362481,2.183140158140659,-2.139112800365686
1778595612888719400,17.36771923828125,-2.641633575452864,4.011710507041216,-3.296556158316135
1778595612898712300,17.37771240234375,-0.008144143489003181,7.091886598667502,-3.671702891638875
1778595612908705300,17.387705322265624,2.3479671477258206,9.866419701308011,-3.5132466061294076
1778595612918698200,17.3976982421875,4.625777347902953,9.926315659344196,-3.973467577886581
1778595612928691500,17.40769140625,5.81684211268723,7.925503076165914,-6.034497021618485
1778595612938684400,17.417684326171877,6.569979278326034,5.794751276910305,-9.183790488612651
1778595612948676400,17.42767626953125,8.239107253289223,3.941170989915728,-12.669589115846156
1778595612958669300,17.43766943359375,10.668958903497456,1.9828741909056902,-16.845435707598924
1778595612968662300,17.447662353515625,11.053713423120975,0.17077216172516346,-17.146059991639852
1778595612978655200,17.4576552734375,9.395350003278255,-0.3960018898248672,-14.740234529185294
1778595612988648400,17.4676484375,8.337332649719714,-0.2624719557791948,-12.244481543046236
1778595612998641200,17.47764111328125,6.799860047101974,-0.31630174564421176,-8.269818033373355
1778595613008634400,17.48763427734375,4.09274540695697,-0.29837153667807575,-4.8517070409655565
1778595613018626600,17.49762646484375,2.057047680619359,-0.704616003575921,-2.838809467718005
1778595613028619300,17.507619384765626,1.245245852304995,-1.653124350145459,-0.6561936257123947
1778595613038612500,17.517612548828126,1.5916376157864927,-1.9979446265265344,1.137780626103282
1778595613048605400,17.52760546875,0.7360606508925557,-1.9741636457055807,2.3923674304664133
1778595613058598400,17.537598388671874,-0.781187494342029,-1.739446250553429,3.9465398234724995
1778595613068591400,17.54759130859375,-1.7593939368218183,-1.5652736327350139,5.46002890843451
1778595613078584300,17.557584228515626,-1.7121064082071185,-1.4662871888041495,6.677388682687282
1778595613088577300,17.567577392578126,-1.563369260418415,-0.9570400280714034,7.802527269360422
1778595613098569500,17.577569580078126,-2.259937858878076,-0.12642945439070463,8.919016101109982
1778595613108562400,17.5875625,-3.5754674999818206,0.9221060773342847,9.787769942963124
1778595613118555400,17.597555419921875,-5.198949868318438,1.9571742247208952,10.594870753979682
1778595613128548400,17.60754833984375,-6.513845303171872,2.6832947886183858,11.93396597958803
1778595613138541600,17.61754150390625,-6.13439590421915,2.8950813900381327,13.55286715761423
1778595613148534300,17.6275341796875,-5.085922624075413,2.76876913228631,13.924008162426947
1778595613158526500,17.6375263671875,-4.538804582370817,2.6389973817303773,12.547992196178436
1778595613168519200,17.647519287109375,-4.372185448671877,2.2307585261449216,10.43159391644597
1778595613178512400,17.657512451171876,-4.144213143865764,2.030579652671516,8.457162559714913
1778595613188505300,17.66750537109375,-3.6353634580180048,2.570261699156463,6.7988160910069935
1778595613198498300,17.677498291015624,-3.3292508056938646,2.9371894701883194,5.667729409584402
1778595613208491300,17.6874912109375,-3.0437647618129846,2.804030999803543,4.810728549367189
1778595613218484500,17.697484375,-2.049128578057885,3.379870109079778,4.034280650767684
1778595613228476200,17.70747607421875,-0.5657435394585132,5.56663225710988,2.8218799602270126
1778595613238469400,17.717469482421876,-0.051667058873176575,8.212733625626564,-0.7061725853681564
1778595613248462300,17.72746240234375,0.11856325106024741,8.46486831178665,-9.225077023246884
1778595613258455300,17.737455322265625,2.13693341049999,5.527502023726702,-20.183134023642538
1778595613268448000,17.747447998046876,2.7113313810572026,3.359457143387198,-25.035745904493332
1778595613278441200,17.757441162109377,0.6598053864687681,4.50854008474946,-21.6763302621603
1778595613288434200,17.76743408203125,0.8468383626431226,5.169249142059684,-17.665312998080253
1778595613298426000,17.777426025390625,2.2294161716252563,4.5691307470515365,-14.718222603863477
1778595613308419300,17.78741943359375,3.3819182737812397,4.308846072183549,-10.538965911406278
1778595613318412300,17.797412353515625,5.3986354053169485,3.7168537004858253,-5.4891784305512905
1778595613328405200,17.8074052734375,6.734485365393757,2.552758191169798,-1.792683042961359
1778595613338398200,17.817398193359374,6.838970406740904,0.9639087447971105,-0.7678869910031557
1778595613348391200,17.82739111328125,7.021109765654802,-0.6516741024613381,-0.2329880871415138
1778595613358383000,17.837383056640626,6.343349620300531,-2.420601006782055,0.43393326881229877
1778595613368376300,17.847376220703126,4.627305580383539,-4.01206677313298,0.39447570317089553
1778595613378369300,17.857369384765626,3.295823460127413,-5.067030876600742,0.4857710080772638
1778595613388362200,17.8673623046875,2.2351804342404007,-6.281150646018982,0.9905945071488619
1778595613398355200,17.877355224609374,0.9656339611545205,-7.33130033494234,1.369925248157978
1778595613408348400,17.887348388671874,-0.2376549099087715,-7.8170976465046405,2.280314584213495
1778595613418341000,17.897341064453126,-1.6914739545449613,-7.865380323636531,3.882489083844423
1778595613428333300,17.907333251953126,-2.840060636822879,-8.061704859769344,5.142435369414091
1778595613438326000,17.917325927734375,-3.628255379578471,-8.324598255831003,5.937075342786311
1778595613448319200,17.9273193359375,-3.8053812942445275,-8.518085522711276,6.265292567151785
1778595613458312200,17.937312255859375,-3.8687937359690663,-8.271474568408728,6.818882142958045
1778595613468305200,17.94730517578125,-4.204589871156215,-7.483183671802282,8.034656109324096
1778595613478298000,17.957298095703123,-4.45709426741153,-6.437002886509895,9.445232516822218
1778595613488290300,17.967290283203123,-5.2883109902918335,-5.063323838776349,10.638974099600315
1778595613498283300,17.977283203125,-6.014692835474014,-3.6985049738466738,11.251242074346541
1778595613508276200,17.987276123046875,-6.708074912852048,-2.464836454349756,10.71546697217226
1778595613518269200,17.997269287109376,-7.566580332413316,-1.434665139093995,9.160103323554992
1778595613528262100,18.00726220703125,-7.54219583274126,-0.8455763798832893,5.885058739823102
1778595613538255000,18.017255126953124,-6.657237290540337,-0.5402154227092861,2.471716276991367
1778595613548247300,18.027247314453124,-6.034950026082992,-0.03696837917417287,0.2851198409169912
1778595613558240300,18.037240234375,-4.101357752479613,0.8325929796695709,-1.3929969116657972
1778595613568233200,18.047233154296876,-1.487538066625595,1.6673963288649916,-2.0857973897635937
1778595613578226400,18.057226318359376,-0.579949759465456,3.148974902564287,-2.5192916826367378
1778595613588219100,18.06721923828125,0.31564211269170045,5.786613563162088,-3.6514451165080066
1778595613598212400,18.07721240234375,2.1533537994250653,7.02594376168251,-6.486112662115692
1778595613608205300,18.087205322265625,3.500422195869684,5.0696168014407155,-12.137138774180412
1778595613618197200,18.097197265625,3.9563939857497807,2.813564844085276,-17.363624884200096
1778595613628190200,18.107190185546877,3.904267200410366,1.8134715639680623,-19.32851158299446
1778595613638183200,18.11718310546875,5.121227746212482,1.746952972921729,-17.516916918814182
1778595613648176000,18.127176025390625,6.442436601996421,1.5538798398002982,-14.256172078591584
1778595613658169300,18.13716943359375,6.8216650516748425,1.1265721266075968,-12.26748715558052
1778595613668162300,18.147162353515625,6.613517975801229,1.1939324291750788,-10.229282707118987
1778595613678154200,18.157154296875,7.477410933619737,1.0602417516097427,-7.502031580135226
1778595613688147200,18.167147216796874,7.992664641290903,0.2561225867524743,-4.987390353652835
1778595613698140200,18.17714013671875,6.244121768829226,-0.7016214979350567,-2.9435312404304743
1778595613708133000,18.187133056640626,4.254387044504284,-1.0241393416151403,-1.2293214302033186
1778595613718126300,18.197126220703126,3.362104150764644,-1.3276035252571106,0.17621581408381462
1778595613728119000,18.207119140625,2.8473320891305804,-1.5409893785670399,1.5606699383318423
1778595613738111200,18.217111328125,1.7477037912890314,-1.2054673841461538,2.803808881485462
1778595613748104400,18.2271044921875,0.3345478886917233,-1.2821890970379113,3.8902544571489095
1778595613758097200,18.23709716796875,-1.1269555729672311,-1.2355614936366677,4.653827092084288
1778595613768090400,18.24709033203125,-2.6106547920823098,-0.8428253276094794,5.489285398057103
1778595613778083300,18.257083251953127,-3.7840252024829386,-0.11092062735259532,6.565815728905797
1778595613788076300,18.267076171875,-4.750162436984479,0.900743848092854,7.773108282652497
1778595613798068200,18.277068115234375,-5.311067596501112,2.0084043534815312,9.165785460844635
1778595613808061200,18.287061279296875,-4.9196390059411526,2.8052023816704748,10.725146654665469
1778595613818054100,18.29705419921875,-4.214047435331344,3.0650211925923823,12.473643349897861
1778595613828047400,18.30704736328125,-4.292526805545389,2.4947432245746253,13.55920805107355
1778595613838040000,18.3170400390625,-5.100806304952502,1.7045391878232359,13.261639647471904
1778595613848032300,18.3270322265625,-5.972492693126202,1.6844912560507654,11.975174772810936
1778595613858025200,18.337025146484375,-6.860589533352852,2.6786417021155358,10.603841995942592
1778595613868018200,18.34701806640625,-7.58824329816699,3.85257062318176,9.60026759571135
1778595613878011100,18.35701123046875,-7.716703089341521,4.6134217241987585,8.612689221513271
1778595613888004400,18.36700439453125,-6.695878279101848,5.231418305724859,7.850875997465849
1778595613897997000,18.3769970703125,-5.287821160948276,5.238808415976166,7.205664369016885
1778595613907989200,18.3869892578125,-3.6973213170200583,4.8750183584481475,6.6718988530993455
1778595613917982500,18.396982421875,-2.3343597703948618,5.631552180787921,5.969059211546182
1778595613927975200,18.40697509765625,-2.066721225632727,7.540674906784296,4.0765094346880915
1778595613937968000,18.416968017578125,-2.7578406187757847,8.58355665053129,-2.3382857116669413
1778595613947961300,18.42696142578125,-2.3674504313528537,7.1986956990480415,-13.633743944358825
1778595613957954000,18.4369541015625,0.7144122981861233,4.96212907114625,-23.327076192736623
1778595613967946200,18.4469462890625,0.3337269276976585,2.538550802119076,-26.828507273387906
1778595613977939200,18.456939208984377,-2.2907784028217195,1.8039929570049047,-23.597945974504945
1778595613987932200,18.46693212890625,-2.1967256159007547,2.9121178650349377,-18.02402940560579
1778595613997925400,18.47692529296875,0.08640197990685701,2.5142194939389824,-14.884562336099147
1778595614007918000,18.48691796875,3.777216983772814,1.7828347259029744,-11.04946979420185
1778595614017911300,18.496911376953125,8.461877897799015,1.3336875213459134,-7.700117280721664
1778595614027903200,18.5069033203125,12.336496978920698,-0.11452128219306468,-6.293158479198813
1778595614037896200,18.516896240234374,14.937867225307226,-2.359506486611068,-6.652619567611813
1778595614047889200,18.52688916015625,18.47996700095534,-5.154314023256301,-6.923608591845631
1778595614057882400,18.53688232421875,18.726740452343225,-6.925535760515928,-5.837486841309071
1778595614067875000,18.546875,10.593443351525067,-4.563835563252866,-1.1646826615542172
1778595614077868300,18.556868408203126,4.675463462091982,-2.9566590175509453,1.828548721590638
1778595614087860200,18.566860107421874,0.7447045605972409,-4.2310014927417035,3.355408160257339
1778595614097853200,18.576853271484374,-2.4429136686161157,-6.0677311827003955,4.783769815292954
1778595614107846100,18.58684619140625,-4.880380177742243,-7.028297046810388,5.213873296684026
1778595614117839400,18.59683935546875,-6.428088927692174,-7.741535917302966,5.127103944769502
1778595614127832000,18.60683203125,-5.9347091981768605,-7.8975500703573225,5.3141626399070025
1778595614137824300,18.61682421875,-4.728803422613442,-7.713546671137213,5.773105262291431
1778595614147817200,18.626817138671875,-3.406245198047161,-7.579724476146698,6.574755991208553
1778595614157810200,18.63681005859375,-2.644172446280718,-7.194355039495229,7.652113420531153
1778595614167803400,18.646803466796875,-2.8255145173370835,-6.492333728587627,8.73609815903902
1778595614177796000,18.656796142578123,-3.627624972720444,-5.661182179898023,9.79105787859261
1778595614187789300,18.666789306640624,-4.575433938848972,-4.882035543733835,10.614281556892394
1778595614197781200,18.67678125,-6.0583893538594245,-3.7663326016649603,11.19535009125471
1778595614207774200,18.686774169921875,-7.727590978580713,-2.516072136068344,11.116161403727531
1778595614217767200,18.69676708984375,-8.896981963956355,-1.6607091061860322,10.127792171412706
1778595614227760400,18.706760498046876,-9.071134415769576,-1.1351961625680327,8.270488479980825
1778595614237753000,18.716753173828124,-8.96027165608406,-0.8200105614721774,6.05632716063261
1778595614247745300,18.726745361328124,-8.734410059821606,-0.09679887075871228,3.9024849931687116
1778595614257738200,18.73673828125,-8.309335220247506,0.9897744229376315,2.3645097017258405
1778595614267731700,18.746731689453124,-7.42772131229937,2.8256401895433663,1.201573007056117
1778595614277724400,18.756724365234376,-5.747442997768521,5.03049942753911,-0.009874912804365157
1778595614287717600,18.766717529296876,-3.260569483655691,7.3791107183873645,-2.349952768585086
1778595614297710600,18.776710693359377,0.6295736220732331,8.698037600713969,-8.317923015850782
1778595614307702500,18.78670263671875,6.42970103906393,7.323862293896078,-16.932022104161977
1778595614317695700,18.79669580078125,7.326061849766969,4.805407062083482,-21.261322058570382
1778595614327688700,18.806688720703125,3.025517449721694,3.1700901713073253,-20.855785447680947
1778595614337681400,18.816681396484373,3.783604638983309,3.7241438574939965,-18.365135337638854
1778595614347674600,18.826674560546873,6.038466509771347,3.88646733982563,-14.958608400040864
1778595614357666600,18.83666650390625,7.322898417299985,3.190945620070398,-12.04422785077095
1778595614367659500,18.846659423828125,8.482184188246727,2.0924574321746823,-9.436984328436852
1778595614377652700,18.85665283203125,8.869113129299878,1.3704966183051466,-7.503243294012546
1778595614387645700,18.866645751953126,8.37076028754711,1.1899825225055216,-6.145971775722503
1778595614397638700,18.876638671875,8.272766361784935,0.5641463333949447,-4.429978589209914
1778595614407630600,18.886630615234374,6.85934274816215,-0.598491670589149,-2.6247236494451758
1778595614417623600,18.89662353515625,5.416857875227928,-0.8693342720896005,-1.152049974474311
1778595614427616500,18.906616455078126,4.8421892710357906,-0.3649833589658141,0.7869476653039454
1778595614437609700,18.916609619140626,3.8413653385564683,-0.31467268313765523,2.6558389186769724
1778595614447602400,18.9266025390625,2.8935017196312547,-0.5274301754161715,3.8680163218557833
1778595614457595600,18.936595703125,1.8623469462960958,-0.6294578867390751,4.51682042183876
1778595614467587600,18.946587646484375,0.17706424760669467,-0.714550829873979,4.840610477411746
1778595614477580500,18.95658056640625,-2.011019212155044,-1.0297545511484145,5.335415855816007
1778595614487573500,18.966573486328127,-4.204745061717928,-1.3303250591754912,6.101090431466698
1778595614497566700,18.976566650390627,-5.704850641232729,-1.2531725536510347,7.145884146314859
1778595614507559400,18.986559326171875,-6.217514916932583,-0.3491168045312166,8.390294424578547
1778595614517551600,18.996551513671875,-6.870135944855213,-0.11444967826157808,10.272875180608034
1778595614527544600,19.006544677734375,-6.932047334367036,-0.25466595820337534,12.390832964742183
1778595614537537500,19.01653759765625,-6.980811657536029,-0.2844230908244848,13.721999735438823
1778595614547530800,19.02653076171875,-7.38991735908389,0.2832455714777112,14.093881914007662
1778595614557523500,19.0365234375,-7.859053458702564,1.4158064171060918,13.753352320557832
1778595614567515600,19.046515625,-7.995175747328997,2.8060534455418584,12.601581163024901
1778595614577508600,19.056508544921876,-7.906482733875513,4.112092496983706,11.294386804068088
1778595614587501600,19.06650146484375,-7.66489516069293,4.754737197554111,10.159273351347446
1778595614597494500,19.07649462890625,-7.268859368598461,4.812930443325638,8.814494234883785
1778595614607487700,19.08648779296875,-6.936608943194151,4.226526393154264,7.520200274032354
1778595614617479700,19.096479736328124,-5.870845505553484,4.0870623928844925,6.645470864900946
1778595614627472600,19.10647265625,-4.742982170091569,5.798446039775014,4.723451832452416
1778595614637465600,19.116465576171876,-3.9219744142755864,7.839815674269199,-0.6629962914645672
1778595614647458600,19.12645849609375,-2.1581226212620734,7.904643828010559,-11.96315466467142
1778595614657451500,19.136451416015625,1.9048568852454424,6.3393526596188545,-22.397779911637304
1778595614667443500,19.146443359375,1.993689307169616,4.98098340921998,-26.753987746715545
1778595614677436700,19.156436767578125,0.5574821993306279,4.893988431856036,-24.69713471188545
1778595614687429600,19.1664296875,2.114054931476712,5.194062680798769,-19.39087422340512
1778595614697422600,19.176422607421873,3.0150922095581887,4.463251620997489,-14.885089574843644
1778595614707415600,19.18641552734375,4.064798246367276,4.424653010272979,-9.96467198574543
1778595614717408800,19.19640869140625,6.465268027007579,3.9207784824892875,-6.487129145681858
1778595614727400400,19.206400390625,10.523497124117613,2.024141144056618,-4.792451718920469
1778595614737393700,19.2163935546875,13.588351143449545,-1.3974816558644174,-6.175525202465057
1778595614747386600,19.22638671875,15.89986516804695,-4.92684265370965,-7.996330762583017
1778595614757379600,19.236379638671874,16.914140410512683,-6.5775277940094465,-7.702669887813926
1778595614767371800,19.246371826171874,7.652031002944708,-3.9999207005262374,-2.8052140721082686
1778595614777364500,19.256364501953126,1.482230315606296,-3.6678973618760704,-0.539921115937829
1778595614787357700,19.266357666015626,-1.6263237292423844,-4.833690322759748,0.4059598047375679
1778595614797350700,19.2763505859375,-5.1584699738919735,-6.383726054352522,2.344232637372613
1778595614807343600,19.286343505859374,-6.211376268047094,-7.943520378893614,3.216284936249256
1778595614817335600,19.29633544921875,-5.045931974470615,-7.739705779266357,4.8606274295240635
1778595614827328800,19.306328857421875,-3.6406937131300565,-7.46567490311861,6.120056413221359
1778595614837321500,19.316321533203126,-2.322398114444315,-7.818809711119532,6.971264076989889
1778595614847314700,19.326314697265627,-1.1726070248126983,-7.637697357165813,7.45843969116807
1778595614857307600,19.3363076171875,-0.36911885133534666,-6.976288627153634,7.688110616585612
1778595614867299600,19.346299560546875,-0.05338935262113809,-6.391726405456661,8.200323056864738
1778595614877292500,19.35629248046875,-0.5686401376828552,-5.867894839054346,9.095779612204431
1778595614887285800,19.36628564453125,-2.1544819266721604,-5.246414799326658,10.022400536614656
1778595614897278500,19.376278564453123,-3.5408524059355257,-4.425413180990517,10.692310552990437
1778595614907271700,19.386271728515624,-5.192414329069853,-4.1463080703184,10.74159510064125
1778595614917263600,19.396263671875,-7.094282553893327,-4.223676556681096,10.01401966176033
1778595614927256600,19.406256591796875,-8.233521562111378,-4.140672110258042,8.06516172222495
1778595614937249500,19.41624951171875,-8.483249187129735,-3.6091219323024153,5.842686748039722
1778595614947242500,19.426242431640624,-8.396360008227825,-3.0902395127400752,4.050443850061297
1778595614957235500,19.4362353515625,-7.622085946536064,-2.7084359518766403,2.4414766215503216
1778595614967227600,19.4462275390625,-6.390929702121019,-1.9557821858406066,1.0943307759553194
1778595614977220600,19.456220703125,-4.8888528225332495,-0.7756330750852822,-0.44115737484693524
1778595614987213600,19.466213623046876,-3.4013021886870263,1.471238089209795,-2.647915139940381
1778595614997206800,19.476206787109376,-1.497868614242971,4.267275167649984,-6.566750963929295
1778595615007199500,19.486199462890625,-0.0012394786670804022,5.5107204002738,-12.679688485056161
1778595615017191700,19.496191650390625,0.8770324253767728,5.243261888253689,-18.524587063926457
1778595615027184400,19.506184326171876,1.5467515953555702,4.977783151873946,-21.585944473314285
1778595615037177600,19.516177490234377,4.208528087387979,4.771602699898183,-20.301125612294673
1778595615047170600,19.526170654296877,5.951021450552344,4.176450695125759,-16.796194414567946
1778595615057163800,19.536163818359373,6.174487676110863,3.647542848372459,-13.51845986109972
1778595615067155700,19.54615576171875,5.853978541904688,3.464091822338104,-9.820893629407882
1778595615077148700,19.556148681640625,6.086189214932918,3.1125200258702037,-7.774529255366325
1778595615087141600,19.5661416015625,6.325583661985397,2.3582933114290237,-6.618332682606577
1778595615097134600,19.576134521484374,5.53418193988204,1.1400693215623496,-4.922959090274572
1778595615107127600,19.58612744140625,3.7961438025608656,0.13643530009835958,-2.7846482539415356
1778595615117119500,19.596119384765625,2.4582635057002307,0.15398556983619927,-0.6068471187412738
1778595615127112700,19.60611279296875,2.235183064588904,0.3385802129477262,0.7945143011659384
1778595615137105700,19.616105712890626,1.9599755458772181,0.11339987694770097,1.9995593682467936
1778595615147098600,19.6260986328125,2.096309139166772,-0.14225567681491375,3.2016789032697677
1778595615157090600,19.636090576171874,2.0399352177768946,-0.24742080938071012,4.520988062912226
1778595615167083500,19.64608349609375,0.9782686940610408,-0.17443799075633287,5.678761091208457
1778595615177076500,19.656076416015626,-0.9331739993155002,-0.09531710776835679,6.330757265231013
1778595615187069700,19.666069580078126,-2.4409172341018914,-0.03359802595824003,6.959992741391062
1778595615197062400,19.6760625,-3.292261091470718,0.3871288475394249,8.152780968967079
1778595615207054600,19.6860546875,-3.5569831642642615,0.7027405650928616,9.036117462924123
1778595615217047800,19.6960478515625,-3.619676351803541,0.5545478994444012,9.740145437479018
1778595615227040500,19.70604052734375,-4.11509723175764,0.38146249234080315,10.692461359637974
1778595615237033700,19.71603369140625,-5.012480371245742,0.41679742509424683,11.830710187774896
1778595615247026700,19.726026611328123,-5.9706771681368345,0.5356850858032703,12.619701341605186
1778595615257018600,19.7360185546875,-6.76465546272993,0.7715785389974713,12.582722148776053
1778595615267011300,19.74601123046875,-7.180430559039116,1.1968714052364229,12.25911212594509
1778595615277004500,19.756004638671875,-7.781771481579542,1.6493316798642277,11.764622973883151
1778595615286997500,19.76599755859375,-8.33398275476992,2.1084879449993372,10.735637653541565
1778595615296989400,19.775989501953124,-7.73748108895421,2.2527923710376023,8.360752103751897
1778595615306982400,19.785982421875,-6.798177208581566,2.003387694363296,5.649468361228704
1778595615316975600,19.7959755859375,-5.897169448855519,1.6628443646490574,3.653820613467693
1778595615326968300,19.80596826171875,-4.284208182272315,2.7973361783400175,2.7472669100522995
1778595615336961500,19.81596142578125,-2.6680837754830717,5.546982969266176,1.2722352737784386
1778595615346953500,19.825953369140624,-1.4450678751647472,8.238583521676063,-4.541704687726497
1778595615356946400,19.835946533203124,1.4350824877232313,8.37581523284912,-15.21816885228753
1778595615366939600,19.845939697265624,5.01142004853785,6.651837477323412,-22.218464962494373
1778595615376932400,19.855932373046876,1.5306833808690308,5.12143700504899,-23.336089520275593
1778595615386924500,19.865924560546876,-1.0661094745993613,5.174484704625606,-20.648591142487525
1778595615396917500,19.87591748046875,-1.2992998063147068,4.715410857076943,-16.774369536250827
1778595615406910500,19.885910400390625,0.38659810166358943,3.6275638901829717,-12.001478257846832
1778595615416903400,19.8959033203125,3.7071813245162364,3.5732983392491935,-7.490248203361034
1778595615426896600,19.905896728515625,8.254364443653822,3.64321446377933,-3.317764950561523
1778595615436888600,19.915888671875,12.298679581701755,2.9147049589186906,-1.5901351022690533
1778595615446881500,19.925881591796873,14.581929634845256,1.3088210833758116,-2.375246199795604
1778595615456874500,19.93587451171875,14.77758197080493,-0.37743893591314553,-2.9569027631789444
1778595615466867500,19.945867431640625,12.816070301401615,-1.3754340747073293,-2.7845822029680014
1778595615477483500,19.9564833984375,9.120786627689004,-2.2312810887143013,-2.1197680484265087
1778595615487476500,19.9664765625,5.045145792528986,-3.0792063698112964,-2.1129156983137127
1778595615497469400,19.976469482421876,1.1608318313449622,-3.9848134400263424,-2.26228909817934
1778595615507462400,19.98646240234375,-1.8116770817667245,-5.028660521674156,-2.1527841828435657
1778595615517455600,19.99645556640625,-3.7742689476221796,-5.840213051402569,-1.1168500662773846
1778595615527447600,20.006447509765625,-4.216644466087222,-5.74934737008512,1.4092343452394007
1778595615537440500,20.0164404296875,-3.7434517845541238,-5.673102919316292,3.4740479836851357
1778595615547433500,20.02643359375,-3.183964382880926,-6.211956113761663,5.106704130819439
1778595615557426400,20.036426513671874,-2.9014933029070495,-7.044727957129478,6.58431117053926
1778595615567418600,20.046418701171874,-2.86186038069874,-7.432338450706005,7.538361953666806
1778595615577411300,20.056411376953125,-3.3458208322227,-7.022384023374319,8.452274203151465
1778595615587404500,20.066404541015626,-4.347290369129181,-6.255344589111209,9.348781728848815
1778595615597397500,20.0763974609375,-5.460735595399141,-5.59777792147994,10.006865113830566
1778595615607390500,20.086390380859374,-6.202725344079733,-5.394629676806926,10.43961355677247
1778595615617382400,20.09638232421875,-6.577550005841255,-5.158670464900136,10.7445223862648
1778595615627375400,20.106375244140626,-6.800006177574396,-4.524687501952052,10.559951416289806
1778595615637368300,20.116368408203126,-6.616843320831656,-4.154008561693131,9.570701309487223
1778595615647361500,20.126361572265626,-6.462067769661545,-3.6020848732724784,8.575667943108082
1778595615657353500,20.136353515625,-6.182344234830141,-2.6208622978419065,7.379059864982962
1778595615667346400,20.146346435546874,-5.844184293121099,-1.9785002136051653,6.0172857745766635
1778595615677339600,20.156339599609375,-5.124441447561979,-1.5654846451371907,4.54999846881926
1778595615687332400,20.166332275390626,-4.030025331410766,-0.9127417444005608,3.0745898159265517
1778595615697325600,20.17632568359375,-3.1265131876483556,-0.13847908088564873,1.5044903704702852
1778595615707317500,20.1863173828125,-2.6617805836856365,1.5649313951686024,-0.022554946157336234
1778595615717310500,20.196310546875,-1.3169719488665461,3.707223117831349,-4.777179330986738
1778595615727303400,20.206303466796875,3.061037675914168,3.0978485264390705,-17.26340977525711
1778595615737296600,20.216296630859375,4.810536533926427,0.40799101830422874,-26.627415376722812
1778595615747288600,20.22628857421875,1.2466580571904777,1.5820964649811387,-24.90841833221912
1778595615757281500,20.236281494140623,0.8500485568612813,5.246041874361038,-20.195825162911415
1778595615767274500,20.2462744140625,4.596560898029804,5.717993031400442,-17.518184162271023
1778595615777267500,20.256267333984376,5.673786225405335,5.446044222223758,-13.000662314164638
1778595615787885300,20.26688525390625,5.235643229943514,5.796560956680774,-9.170752727863192
1778595615797878500,20.27687841796875,5.573501558357477,5.707065394672751,-6.21654928677082
1778595615807870500,20.286870361328123,5.8672775839388365,5.343284104973077,-3.677357556399703
1778595615817863400,20.296863525390624,5.4520835023880005,4.659538163207471,-1.7364450229108332
1778595615827856600,20.306856689453124,4.376014067049324,3.278964095263183,-0.9416372917562723
1778595615837849300,20.316849365234376,3.62829454254508,1.967206373913586,-0.4859574705600738
1778595615847841500,20.326841552734376,3.8009970878109334,1.562280003876984,0.606645458689332
1778595615857834500,20.33683447265625,4.195727058003842,1.01378921251446,1.7279776388168333
1778595615867827500,20.346827392578124,4.493932882726193,-0.08121902431100607,2.494709614565968
1778595615877820400,20.3568203125,3.8987168728068466,-0.7911509622126818,3.3880560458838938
1778595615887812400,20.366812255859376,3.0926877826750276,-1.1234428886711596,4.105385985082387
1778595615897805600,20.3768056640625,1.7032970788076518,-1.689803683245182,4.298075964105129
1778595615907798500,20.386798583984376,0.10972907948046923,-1.4286720361590384,4.9963744550973175
1778595615917791500,20.39679150390625,-1.6041832091048358,-1.4007096780002117,6.1660471800237895
1778595615927784400,20.406784423828125,-2.410126374518871,-1.4479025140687822,7.408080207762121
1778595615937776600,20.416776611328125,-3.048764177535474,-1.2033099138513206,8.437180094394087
1778595615947769300,20.426769287109376,-3.9552687811121343,-0.9562120528146624,9.86041899958849
1778595615957762600,20.436762451171877,-5.003479318666458,-0.755836487725377,11.630092922884225
1778595615967755500,20.446755615234373,-5.744712111499905,-0.37855303463488815,13.1777595872581
1778595615977747500,20.45674755859375,-6.1257064018070695,0.22168606414347886,13.56724639610052
1778595615987740400,20.466740478515625,-6.46215194081366,0.5307648727968335,12.222258020800352
1778595615997733600,20.476733642578125,-7.105581362020969,0.3726180916279554,10.381733030211924
1778595616007726300,20.486726318359374,-8.424632162988186,0.3997250020012259,8.607830091044306
1778595616017719600,20.496719482421874,-9.873575418281554,0.6728858173161745,6.60040598077178
1778595616027711500,20.50671142578125,-10.80869821357727,0.4578825919374823,4.4336441259801385
1778595616037704400,20.516704345703126,-10.73672720234394,0.26307021393328905,3.3102807322859764
1778595616047697700,20.52669775390625,-9.412580539542436,0.7277204003095626,2.575670572462678
1778595616057690400,20.5366904296875,-8.306068911927937,1.8055200204417108,1.0764712941378354
1778595616067682600,20.5466826171875,-5.882437743669748,3.763209501208365,-1.8982430200636387
1778595616077675500,20.556675537109374,-1.7076345234900712,4.8175347222506995,-9.144194975805283
1778595616087668500,20.56666845703125,3.199067259466648,4.412144241833687,-17.560046450966595
1778595616097661400,20.576661376953126,5.96520312063992,4.082010954713821,-20.93974851000309
1778595616107653400,20.5866533203125,5.9374774938464165,4.075724129529297,-20.95822875406742
1778595616117646300,20.596646240234374,5.9793275075823065,4.021591849586367,-20.96091287858486
1778595616127639600,20.6066396484375,6.0826277230590575,3.9447567394480108,-20.941820055580138
1778595616137632300,20.61663232421875,6.58979457038641,6.144360833394527,-9.015063568979501
1778595616147625500,20.62662548828125,8.842278898388146,6.701456371495127,-5.167916432151198
1778595616157617700,20.63661767578125,12.635062576866149,5.58313915527463,-1.5397873093008994
1778595616167610400,20.6466103515625,15.893789647525548,2.728341260308027,-0.5943862810969353
1778595616177603600,20.656603515625,16.689783373594285,-0.15093524235486983,-1.4071791662752628
1778595616187596500,20.666596435546875,15.18021584599018,-2.1963474302381276,-2.0395435881108046
1778595616197588500,20.67658837890625,11.310057835930586,-3.2652854062616825,-2.014354201796651
1778595616207581400,20.68658154296875,6.65361267030239,-3.808450034165382,-1.3905086019814015
1778595616217574700,20.69657470703125,1.22883393894732,-4.449902602341771,-0.5977507890939712
1778595616227567400,20.7065673828125,-2.4104583829522133,-5.624610398826003,-0.742169781422615
1778595616237559600,20.7165595703125,-4.1930303662657735,-6.301262875199318,-0.36673955498337746
1778595616247552500,20.726552490234376,-5.022523626354336,-5.944795707905292,1.5275246245771645
1778595616257545500,20.73654541015625,-4.251804626795649,-5.720912718239426,3.6050954532653092
1778595616267539000,20.7465390625,-2.978539133186638,-5.954384204983711,4.850265609985589
1778595616277532200,20.7565322265625,-2.2414456321150062,-6.206633457434177,5.508523767012357
1778595616287524000,20.766524169921876,-2.2152640198931097,-6.297813027006387,5.899793952140212
1778595616297517000,20.77651708984375,-3.143971102927625,-5.893863393047452,6.417406790158152
1778595616307510000,20.786510009765625,-4.499949658797681,-5.274399369317293,7.112513791632652
1778595616317503200,20.796503173828125,-5.32858337944746,-4.363827077910304,8.237849362182617
1778595616327495200,20.8064951171875,-6.315744989538192,-3.5448359226137396,9.364131273671983
1778595616337488100,20.816488037109377,-7.441119138532876,-3.3603520464003083,10.120011016017198
1778595616347481000,20.826481201171877,-8.392497487580776,-3.2334955987691876,10.431457138323783
1778595616357474000,20.83647412109375,-8.965360503655672,-2.885566542717814,10.346210465931891
1778595616367466200,20.84646630859375,-8.81295577327013,-2.4512442745879293,9.620495560225844
1778595616377459000,20.856458984375,-8.13258164602518,-1.8028648297578096,7.928221687474847
1778595616387452200,20.8664521484375,-6.922199309569597,-1.097870932780206,5.614125829690694
1778595616397445000,20.876445068359374,-5.443564680367708,-0.7765615881070494,3.907363997381925
1778595616407437000,20.88643701171875,-4.026598279571533,-0.48664662186801433,2.722515330633521
1778595616417430300,20.89643017578125,-2.192835038203001,0.4422305570363998,0.9890624752759933
1778595616427423000,20.906423095703126,0.9577750643476843,1.7907292785450815,-3.70709160040617
1778595616437416200,20.916416259765626,3.902455767074227,2.273836035849154,-10.53277231746316
1778595616447409200,20.9264091796875,3.643091421921551,1.5490464282944798,-15.66612655479908
1778595616457401000,20.936401123046874,3.5394819943651554,1.6539558325335382,-15.672746849721669
1778595616467394000,20.94639404296875,3.416497127470374,1.7400462622731923,-15.697391461634634
1778595616477387300,20.95638720703125,3.3234716377705333,1.7877528930827975,-15.723889007937908
1778595616487380000,20.9663798828125,3.3047076083287594,1.8069041682764886,-15.726098500680923
1778595616497372200,20.9763720703125,3.342805283793807,1.8094877550289035,-15.707283910095692
1778595616507364900,20.98636474609375,7.754590044665336,1.9038053303658962,-9.754947869813442
1778595616517358000,20.996358154296875,6.850911019903421,2.674310394912958,-8.040625831383466
1778595616527351000,21.00635107421875,6.147293964236974,2.606008135320246,-6.231367501196265
1778595616537343000,21.016343017578127,5.407514292821288,2.2807655428513884,-4.134312219837308
1778595616547336200,21.026336181640627,3.652047758576274,1.9626845125749706,-1.285500413542986
1778595616557329200,21.0363291015625,2.953155101083219,1.734213026075065,1.2281897958248853
1778595616567322000,21.046322021484375,3.728952134558558,2.033460468804836,2.5776404112309215
1778595616577314000,21.05631396484375,3.7088504267722366,1.9234578330799936,3.187946145993471
1778595616587307300,21.066307373046875,2.7964763466402887,0.8680530001074075,3.6900627241939303
1778595616597300000,21.076300048828124,1.2700158441632985,-0.3101674806728959,4.140728516620397
1778595616607293200,21.086293212890624,-1.02515611744225,-0.6746139562830329,4.428391612279415
1778595616617285000,21.09628515625,-3.2759251659587023,-0.4864379475533962,4.768277647128701
1778595616627278000,21.106278076171876,-4.8922465566247695,-0.2809901937663555,5.30264171346128
1778595616637271000,21.11627099609375,-5.645992794072628,0.08756342490166426,6.157095227283239
1778595616647264000,21.126263916015624,-5.602695504137873,0.7731766218438744,7.437387550789118
1778595616657256200,21.136256103515624,-5.740156347891688,1.5669474111661315,8.870760311985014
1778595616667249200,21.146249267578124,-6.01941927947402,2.0033532075718044,10.630430727660656
1778595616677242000,21.1562421875,-6.086712362024188,2.3175912986844778,12.45316871714592
1778595616687235000,21.166235107421876,-5.796574985206127,2.403673837378621,13.81805304852724
1778595616697227000,21.17622705078125,-5.6162944059014315,2.0220853805705903,14.243599012744426
1778595616707220000,21.186219970703124,-5.502044341865181,1.697875638280809,13.702436956834791
1778595616717213200,21.196213134765625,-5.204195952278376,1.3330121063023805,11.573526401531696
1778595616727206000,21.206205810546876,-5.588032772535086,1.4284122161790729,9.842166719061135
1778595616737199000,21.21619921875,-6.547402704858779,1.719164217764139,7.85768100130558
1778595616747191300,21.22619140625,-6.555319469332694,1.6795827334821223,6.028710254910588
1778595616757184000,21.23618408203125,-4.871231825646758,2.328046057203412,4.48015394822061
1778595616767177200,21.24617724609375,-2.231330773074925,3.6518992900162934,1.092581886461377
1778595616777170200,21.256170166015625,0.07869009035527706,5.170092607146501,-3.460839542543888
1778595616787162000,21.266162109375,1.1838339367479085,6.058369480115175,-11.828133615285157
1778595616797155000,21.276155029296874,4.476524359546602,5.638999574184417,-20.244798744916913
1778595616807148300,21.286148193359374,4.360611915256083,5.669428614717722,-20.295133093881606
1778595616817141000,21.29614111328125,4.275192516645789,5.639563053286075,-20.355467443335055
1778595616827133200,21.30613330078125,4.267324559749663,5.566577896574139,-20.39118640697002
1778595616837126100,21.316126220703126,4.317458709967136,5.4796290964394805,-20.400912851214407
1778595616847119000,21.326119140625,2.0512448395594953,3.956813380205631,-9.769828628081083
1778595616857112000,21.336112060546874,3.558687045572698,5.094225172996521,-5.613980868262052
1778595616867104000,21.34610400390625,6.27369331575036,5.490758977741002,-1.4807470913112162
1778595616877097200,21.35609716796875,9.406483976233005,3.6951971644729373,0.9733066877394914
1778595616887090200,21.366090087890626,11.940860999798774,1.3393094528809188,-0.345656434944272
1778595616897083100,21.376083251953126,12.50937868014574,-0.8647875685706734,-1.5834715527266263
1778595616907075000,21.386074951171874,10.775932254528998,-3.1834821523219343,-1.4906448004692792
1778595616917068000,21.396068115234375,7.232015200325846,-4.4081513728052375,-1.5963123295992612
1778595616927061000,21.40606103515625,2.99167480135262,-4.808118659129739,-1.7806775478690862
1778595616937054200,21.41605419921875,-0.3151280256897211,-4.8018148828104135,-1.1034013866394758
1778595616947046100,21.426046142578127,-2.2700772678375243,-4.958769239324331,0.44170799446702
1778595616957039000,21.4360390625,-3.108416682204604,-5.591794170895218,2.204203988957405
1778595616967032300,21.4460322265625,-3.532038108099997,-6.188142691975831,3.637308454605937
1778595616977025000,21.45602490234375,-3.405193643167615,-6.526303802728653,4.8905502741008995
1778595616987017200,21.466017333984375,-3.017051819193363,-6.874540901815891,6.000989304292202
1778595616997010000,21.476010009765623,-2.7657354636788365,-6.94127225883007,6.613649493226409
1778595617007003100,21.486003173828124,-2.8422797741770744,-6.424539126256108,7.149889874824881
1778595617016996000,21.49599609375,-3.685489132668078,-5.50555381129086,7.796388035953044
1778595617026988000,21.505988037109375,-4.642481522205472,-4.52065283960849,8.710700682932139
1778595617036981000,21.51598095703125,-5.602373432576656,-3.8295366613358257,9.555988309001922
1778595617046974200,21.52597412109375,-6.679996819359063,-3.347158510567248,9.79530793725252
1778595617056966100,21.535966064453124,-7.283485275322199,-2.944124237887561,9.443341003987193
1778595617066959000,21.545958984375,-7.806424276798963,-2.6504452429398895,8.37898743314445
1778595617076952300,21.555952392578124,-7.607178300261497,-2.202761681194603,6.520041235202551
1778595617086945000,21.565945068359376,-7.321952660882473,-2.0151699020937084,4.448867414075136
1778595617096937200,21.575937255859376,-6.282035612159967,-1.7042714767977594,2.317816339612007
1778595617106930000,21.585929931640624,-3.9095346194192766,-1.0810428398370742,-0.2794622535467148
1778595617116923100,21.595923095703125,-0.9300912308692931,-0.21428777058571577,-3.747428871491551
1778595617126916000,21.605916015625,1.7320847818747163,1.4566829096347094,-7.471230783680081
1778595617136908000,21.615907958984376,2.7547122576221823,2.576735571345687,-9.568719195759297
1778595617146901200,21.6259013671875,1.7501579064428805,2.8395401200801134,-10.375748695105314
1778595617156894200,21.635894287109377,0.20121873791515826,2.3651962226852774,-12.284880188930034
1778595617166887200,21.64588720703125,0.187379013133049,2.3713331180050967,-12.288962489807606
1778595617176879000,21.655879150390625,0.1993862617909908,2.3755609648331997,-12.28246260639429
1778595617186872000,21.6658720703125,0.23115736458301542,2.3803505371972915,-12.267342194151878
1778595617196865000,21.675864990234373,0.2715200623705983,2.3918518821597097,-12.246685190570354
1778595617206858200,21.685858154296874,0.30962299853265285,2.414182956433296,-12.22393793671131
1778595617216850000,21.695849853515625,4.179907557581365,-0.4241179772406816,-8.700517727091908
1778595617226843100,21.705843017578125,5.423993718457222,-0.07857669310867786,-7.549819751748442
1778595617236836000,21.715836181640626,6.277186418563127,0.23526129277050495,-6.027742871183157
1778595617246829000,21.7258291015625,6.504663633328676,0.7568482951164245,-3.3555244801133868
1778595617256821200,21.7358212890625,7.053830131995677,1.2976719128519296,-1.2114976042211054
1778595617266813400,21.7458134765625,7.632043861448764,1.3920716135144233,0.4565875836908817
1778595617276806700,21.755806640625,7.912727181223034,1.3461568345576524,2.515424485814571
1778595617286799400,21.76579931640625,7.724802809166908,1.3963418381795287,4.172493774193525
1778595617296791600,21.77579150390625,6.686629973763227,1.6530287808164954,5.419527971220016
1778595617306784500,21.785784423828126,4.571612919256091,2.0356904198139905,6.5968228615880005
1778595617316777500,21.795777587890626,1.8646341804504394,2.3861361348614096,7.47826375105679
1778595617326769700,21.805769775390626,-1.130536938585341,2.639185013256967,7.942751732608675
1778595617336762400,21.815762451171874,-3.5762490057483314,2.8035698120325803,8.332654721036553
1778595617346755600,21.825755615234375,-5.416130729997158,2.9101918654084202,9.137506876343489
1778595617356748500,21.83574853515625,-6.459032347488403,3.423416113078594,10.303863024067878
1778595617366740500,21.845740478515626,-6.670034228271246,3.4250656338512897,11.122518663799761
1778595617376733400,21.8557333984375,-6.353731313583254,3.2081834628581998,11.520582746851444
1778595617386726400,21.865726318359375,-6.324379546892643,3.363922598363459,11.619243027567864
1778595617396719400,21.87571923828125,-6.427877915289998,4.001823027016222,11.358249327647686
1778595617406711600,21.885711669921875,-6.415521122542024,4.3895249982684845,10.667917285490036
1778595617416704500,21.89570458984375,-6.599803338703513,4.280057200072705,9.67583692369759
1778595617426697500,21.905697509765623,-6.72711395984292,4.070685843101144,8.647146786910294
1778595617436689400,21.915689453125,-6.856520091956853,3.812460438850522,7.17016343204677
1778595617446682400,21.925682373046875,-6.995109647479653,3.6260102310001847,5.0213767944067715
1778595617456675600,21.935675537109375,-7.396326641604304,3.7453655092209575,2.4573300242424008
1778595617466668300,21.945668212890624,-7.800319530183076,5.31726235948801,-0.8306722407400607
1778595617476660500,21.955660400390624,-7.086801842749118,7.288844172006845,-7.080134201553464
1778595617486653400,21.9656533203125,-2.7754598620966076,7.294476040413976,-16.43320398298502
1778595617496646400,21.975646484375,4.392402307270467,6.094531511342525,-21.13536694369316
1778595617506639400,21.985639404296876,4.330528327159583,6.053596274363994,-21.184223621320722
1778595617516631300,21.99563134765625,4.343119805446267,5.939468375402688,-21.216739405000208
1778595617526624500,22.00562451171875,4.421455091014504,5.795452118656039,-21.22475436915159
1778595617536617500,22.015617431640624,4.551109937192499,5.665195507192611,-21.20245369001627
1778595617546610700,22.025610595703125,2.8135622137367724,5.859973398405313,-8.576634157791734
1778595617556602400,22.035602294921876,5.728787981659174,6.049045186930894,-2.952462734904885
1778595617566595600,22.045595703125,8.60336375928521,4.602560430705547,3.3055782536834477
1778595617576588300,22.05558837890625,10.356167211800813,3.355226081688702,4.964270759350061
1778595617586580500,22.06558056640625,11.092362010467053,1.5773407948866485,2.3884224922329187
1778595617596573700,22.07557373046875,10.498505306202173,-0.48332887562215326,-0.47491585206389425
1778595617606566400,22.08556640625,9.219030728819966,-2.4982106084242464,-2.4096558343976735
1778595617616559600,22.0955595703125,6.843178964346647,-4.341228584872186,-2.5086557223320005
1778595617626551300,22.10555126953125,3.09137786912024,-5.097126739656925,-1.146245672109723
1778595617636544500,22.11554443359375,0.5625596487253904,-5.221527026307583,-0.7155570843070745
1778595617646537500,22.125537353515625,-1.262785892909765,-5.475218878781795,0.2504939332157373
1778595617656530400,22.135530517578125,-2.40945709695518,-5.777009283992648,1.5246464387923477
1778595617666522600,22.145522705078125,-3.363178209736943,-6.006307284444571,2.7587270462214946
1778595617676515600,22.155515625,-3.447573818257451,-6.383625516587496,3.9077141259938477
1778595617686508500,22.165508544921874,-3.224970347008109,-6.805265121015906,4.60882241370976
1778595617696500500,22.17550048828125,-3.262307267233729,-6.864296571177244,5.149795669049024
1778595617706493400,22.185493408203126,-3.393808033539355,-6.703786860269307,5.645050544786453
1778595617716486400,22.195486328125,-3.295566270495951,-6.351458692476153,6.322381066551804
1778595617726479600,22.205479736328126,-3.2389006726831195,-5.7070168793559075,7.30172235828042
1778595617736471300,22.21547119140625,-3.41028453656584,-4.720719777140021,8.343124677124619
1778595617746464500,22.225464599609374,-3.854209914821386,-3.783272922810912,9.253131735864281
1778595617756457500,22.23545751953125,-4.659273082530499,-3.1981331934869286,9.858228211545944
1778595617766449400,22.245449462890626,-5.655525177049636,-2.7675132870063184,9.980098687458037
1778595617776442600,22.255442626953126,-6.565069294452667,-1.821040245656669,9.812011234772205
1778595617786435300,22.265435302734375,-7.318567694619298,-0.7689232021830975,9.151367059391736
1778595617796428500,22.275428466796875,-7.45299311619997,-0.30957799034714695,7.521303266838192
1778595617806420500,22.28542041015625,-6.24191344512999,0.2885949696816504,5.206613534814119
1778595617816413400,22.295413330078127,-5.231300816825032,1.6295451755069195,3.0593022304236888
1778595617826406400,22.305406494140627,-3.7610797957032918,4.060977811296284,-0.6036801791429519
1778595617836399600,22.315399658203123,1.6317437084645032,5.598512080973387,-10.227896221196652
1778595617846391600,22.3253916015625,7.223900282931328,4.986209034913778,-18.82885525742769
1778595617856384500,22.335384521484375,7.0646192370355125,5.105851897904277,-18.873306978094575
1778595617866377500,22.34537744140625,6.92062577664256,5.12884055930376,-18.937285237008332
1778595617876369400,22.355369384765623,6.880814575257897,5.089216404923796,-18.96645638643503
1778595617886362600,22.365362548828124,6.925192646166682,5.024865805566311,-18.960213692653177
1778595617896355300,22.375355224609375,7.474007262656092,4.271664634780586,-9.200773187595605
1778595617906348500,22.3853486328125,6.884791077673435,3.9451381399810312,-7.017834689506888
1778595617916340500,22.395340576171876,5.282234885248542,3.453187566486001,-5.774225206232071
1778595617926333400,22.40533349609375,3.456971761199832,3.622350539448857,-4.494691592139006
1778595617936326400,22.415326416015624,1.9835653880402444,3.9407992339938875,-3.0552158378928898
1778595617946318300,22.425318359375,1.780407498756051,3.5227094310015437,-1.6076684208720922
1778595617956311600,22.4353115234375,1.977079825413227,2.404153437589109,0.207159233880043
1778595617966304500,22.445304443359376,2.16176594620049,1.7416596888191997,1.9158710312128067
1778595617976297500,22.45529736328125,2.6397867785423994,1.5273139044359325,3.4490573348134754
1778595617986289400,22.465289306640624,3.3419650335773823,0.977045728137344,4.182029079779983
1778595617996282600,22.47528271484375,3.2098996191263196,0.6178396373987197,4.508610227376223
1778595618006275300,22.485275390625,1.466349732646346,1.0099588405713438,4.953864516147971
1778595618016267500,22.495267578125,-1.1380597353056072,1.647934380286932,5.644631442591548
1778595618026260500,22.505260498046876,-2.947999325755238,1.7570865366622805,6.494972260397672
1778595618036253400,22.51525341796875,-4.447300895410776,1.7339029372125863,7.853527388757467
1778595618046246700,22.52524658203125,-5.107899478083849,1.9870275111928581,9.635545245319605
1778595618056238300,22.53523828125,-4.52443148136437,2.086508752903342,11.07108658272624
1778595618066231600,22.5452314453125,-4.494134542778134,1.3575234472244977,11.78288226867318
1778595618076224500,22.555224609375,-4.945499423384666,0.6311036081194877,11.64591476139426
1778595618086216400,22.565216552734373,-5.326827475690841,0.3330746012687683,10.942173787087201
1778595618096209400,22.57520947265625,-5.504422176912427,0.21454145308583975,9.614342298293113
1778595618106202400,22.585202392578125,-6.056798869797587,0.1809042641609907,8.250722287759185
1778595618116195300,22.5951953125,-6.805781838366389,0.40598669274449345,7.330544548138976
1778595618126187500,22.6051875,-7.708697477540373,0.9349028689347207,7.012265949463844
1778595618136180500,22.615180419921874,-8.096670374688506,1.6683657584190368,7.504463775718212
1778595618146173400,22.62517333984375,-7.988973385557532,2.717735110619664,8.023037567722797
1778595618156165400,22.635165283203126,-8.140696563419699,3.393798388928175,7.66278737475872
1778595618166158300,22.645158447265626,-8.151500281506776,4.3490255223587155,6.953329191848635
1778595618176151600,22.655151611328126,-7.231189270895719,6.448223953226209,5.655290783771872
1778595618186143500,22.6651435546875,-4.3274288998395205,8.977042758142948,2.1736276489078996
1778595618196136400,22.675136474609374,-2.627026957951486,11.374966653692722,-1.6876164023339748
1778595618206129700,22.685129638671874,-0.48681437965035435,12.190130359655617,-10.54618008056879
1778595618216122400,22.695122314453126,4.606880924253166,10.637719715625048,-26.694121014773845
1778595618226114600,22.705114501953126,4.603167164427042,10.599288570421933,-26.70932326008081
1778595618236107500,22.715107421875,4.686231816604733,10.546448960638045,-26.6850609254837
1778595618246100500,22.7251005859375,4.8970828907400366,10.450725317895412,-26.614981427085397
1778595618256092700,22.7350927734375,8.562220432513952,3.198747525992989,-7.277890816316008
1778595618266084900,22.7450849609375,13.899436031228303,2.082639217993617,-2.808271706113219
1778595618276078000,22.755078125,15.926734470272063,1.5208914701730012,-0.560572274300456
1778595618286071000,22.765071044921875,14.949462970554828,0.3858165958970785,-0.9818483061134815
1778595618296063000,22.77506298828125,12.785773362815378,-2.0247315111652013,-2.3190409129709004
1778595618306056000,22.785055908203127,10.811715515571832,-3.9769264861688014,-3.1105583704084157
1778595618316049000,22.795048828125,8.225673186698556,-4.545171487054229,-2.0699042395830154
1778595618326041000,22.805041015625,3.42347018135339,-5.043773919653892,-0.3657487903803587
1778595618336034000,22.815033935546875,0.06137246032953262,-5.670182647955417,0.22649930964410303
1778595618346027000,22.825027099609375,-0.8688859438002109,-6.379303561735153,0.2323790153324604
1778595618356019000,22.83501904296875,-1.7666358707740901,-6.69828066406846,0.7132283490985631
1778595618366012200,22.84501220703125,-2.22121269916445,-6.4620765374898905,1.8372160121709107
1778595618376004900,22.8550048828125,-2.318269636337459,-6.2654597404122345,2.8015549650788305
1778595618385998000,22.864998046875,-1.727064615625143,-5.685047039610147,3.5850738249778744
1778595618395990000,22.874989990234376,-1.370494280217588,-5.023603822806478,4.485560775700211
1778595618405983000,22.88498291015625,-1.6035817360803484,-4.40743767157793,5.557772658827901
1778595618415976000,22.894975830078124,-2.1693720372900365,-3.468766243889928,6.866987125435471
1778595618425967900,22.9049677734375,-3.057725482626259,-2.5337235280930996,8.52608236668408
1778595618435961000,22.914961181640624,-4.153556434011459,-1.7700534241326151,10.189537556707858
1778595618445954000,22.9249541015625,-4.296505353787541,-1.197472001478076,10.887087275159358
1778595618455946000,22.934946044921876,-5.462074150526523,-1.0760996843464672,11.059944426465034
1778595618465939000,22.94493896484375,-6.423849974948167,-0.8996751959480345,10.153851326298714
1778595618475932000,22.954931884765625,-6.307343071895837,0.49565381192713975,7.08625823739171
1778595618485924900,22.9649248046875,-6.457272936600447,2.504660515215993,4.687824638754129
1778595618495917000,22.9749169921875,-6.775477300995588,4.893138537028432,1.8968126949995756
1778595618505910000,22.984909912109377,-6.451940927922725,6.2619882649093865,-3.0908056221902367
1778595618515903000,22.994903076171877,-3.7224127959176894,5.67314149776101,-10.97714573174715
1778595618525895000,23.00489501953125,-0.6072711893722414,3.945502881640196,-16.974800923180577
1778595618535888000,23.014887939453125,-0.6465463841840624,3.9577407241836187,-16.983702022516727
1778595618545881000,23.024881103515625,-0.5992752221822738,3.9447590775355694,-16.97254466868639
1778595618555873000,23.034873046875,2.823897437529266,3.665684069740772,-8.967811988461017
1778595618565866000,23.044865966796873,4.216997809569538,2.3624691358089445,-8.232119878619908
1778595618575859000,23.05485888671875,4.06326884484291,1.2731865831539033,-7.142997192701697
1778595618585852000,23.064851806640625,3.730431559461355,1.4448188688397408,-6.281311974060535
1778595618595844000,23.074843994140625,3.661442778909206,1.8607570467561483,-5.884156238025427
1778595618605836800,23.0848369140625,4.424889157116413,1.7191686016783116,-5.746739817935228
1778595618615830000,23.094830078125,5.602369925445318,1.0926439919121562,-4.725617486053705
1778595618625822000,23.104822021484374,7.162041500389575,0.27154534294232724,-3.466171551221609
1778595618635815000,23.11481494140625,8.594608790421486,-0.43894539788588877,-1.4863357050985098
1778595618645807900,23.124807861328126,9.413209485095738,-0.7065396651148795,0.06175181503593921
1778595618655799800,23.1347998046875,9.201378752273321,-0.5521905226632953,1.368957279908657
1778595618665793000,23.14479296875,8.15041307079196,-0.19801585022062063,2.438547582361102
1778595618675786000,23.154785888671874,5.99496872882843,0.26175357837677,3.0573873367130755
1778595618685779200,23.164779296875,3.3590649291992185,0.7782999562069773,3.775282508578896
1778595618695771000,23.17477099609375,0.555223314487934,0.8147294061988591,4.211460341447592
1778595618705764000,23.18476416015625,-1.478304666595161,0.7522323257535696,4.806199673765898
1778595618715756800,23.1947568359375,-2.704754925276339,0.9755626499727368,6.414059233295917
1778595618725749000,23.2047490234375,-3.251747879296541,1.2261524447783827,8.310161149677633
1778595618735742200,23.2147421875,-3.3001547673299907,1.120926521936059,10.207394700437783
1778595618745735000,23.22473486328125,-3.122986182565987,0.5011693604782224,11.70830312076807
1778595618755727000,23.23472705078125,-3.2830954959794876,-0.08338233982473611,12.351792747730016
1778595618765719800,23.2447197265625,-3.8199668689578767,-0.1437014917090535,11.683563816308974
1778595618775713000,23.254713134765623,-4.219850568652153,0.21022183632105587,10.897745447295904
1778595618785705200,23.264705322265623,-4.900817401093244,0.5025163911730051,9.66334393734932
1778595618795698000,23.274697998046875,-5.1351510576248165,0.23145167135447262,8.001026811444758
1778595618805691000,23.28469091796875,-4.959886845177412,0.11113251653760671,6.692445382043719
1778595618815682800,23.294682861328123,-4.152264348374307,0.39522915188670155,5.620406517395377
1778595618825676000,23.304676025390624,-2.6582465643405913,0.8221250694081187,4.827966684415936
1778595618835669000,23.3146689453125,-1.5402958433449268,1.7837874965831637,4.848534256148338
1778595618845662000,23.324661865234376,-0.5143041518613696,3.4565044359490273,4.337712977966666
1778595618855654000,23.33465380859375,1.280977383160591,5.930563184413313,0.5016214881598949
1778595618865647000,23.344647216796876,2.8243343676418062,6.886270502576232,-8.153162077239156
1778595618875639800,23.354639892578124,1.6552894192248582,4.91069172937572,-16.40363652771711
1778595618885632000,23.364632080078124,-1.720524107940495,3.5263203149750826,-17.532172940135002
1778595618895625000,23.374625,-1.7403499213948845,3.436560256811976,-17.571927442896364
1778595618905618000,23.384617919921876,-1.6556611751466987,3.286408858311176,-17.587033826613425
1778595618915610000,23.394610107421876,-1.507892580129206,3.147311353266239,-17.57389377453327
1778595618925602800,23.404602783203124,-0.06987053182274103,3.911111951738596,-9.396137938785552
1778595618935596000,23.414595947265624,3.2890804156079887,4.284296737338602,-4.071518786793947
1778595618945588000,23.424587890625,4.191530775357783,5.632008692383766,2.7363375197589397
1778595618955581000,23.434580810546876,4.063822971594333,6.311018545538187,5.562576844239235
1778595618965574100,23.44457421875,6.1434197531521315,4.8012195472657675,4.417618289330601
1778595618975565800,23.45456591796875,9.704438164281845,1.6714260227724909,0.4194096534192562
1778595618985559000,23.46455908203125,12.704824095356464,-2.0998414049461482,-5.084830152663589
1778595618995552000,23.474552001953125,12.834779678046703,-4.83442302094847,-7.3286015973776575
1778595619005545000,23.484544921875,8.594699975836276,-5.275881716829538,-4.820647885835171
1778595619015537000,23.494536865234377,4.63953728544712,-3.866377614738047,-1.5981442212015389
1778595619025529900,23.50452978515625,4.103856875818968,-3.107607411648333,0.06290156959295272
1778595619035522800,23.514522705078125,3.1319562554851172,-3.525091942223906,1.9682839400172232
1778595619045515000,23.524514892578125,0.9249041836202144,-4.158315318976342,3.6985371225506065
1778595619055508000,23.534508056640625,-0.9382906116768717,-4.5083030611231925,5.014095989748835
1778595619065501000,23.5445009765625,-2.08286688926965,-4.684580834527313,5.803969771632552
1778595619075493000,23.5544931640625,-2.150806745290756,-4.828561435438692,5.689627937659621
1778595619085485800,23.56448583984375,-2.0292063184916973,-5.147801864883303,5.389813216435909
1778595619095479000,23.57447900390625,-2.3516975664258,-5.126357510316372,5.494787502604723
1778595619105471000,23.584470947265626,-2.8998855754494666,-4.893130061461031,5.6213651332944625
1778595619115464000,23.5944638671875,-3.5663173943206665,-4.624079896335304,5.868621984285116
1778595619125457200,23.60445703125,-4.2575370329678055,-4.241987289397418,6.431517148575186
1778595619135448800,23.61444873046875,-4.605942182098329,-3.6329520129621025,7.391556942984462
1778595619145442000,23.624442138671874,-5.210089101970196,-3.0664547325268385,8.745265800356865
1778595619155435000,23.63443505859375,-5.92096475046277,-3.0022815355628727,10.08492918124199
1778595619165427000,23.644427001953126,-5.974175531646609,-3.2194001456603405,10.834368076884745
1778595619175420200,23.654420166015626,-5.491307259273529,-3.056440411251783,11.257968752253054
1778595619185412900,23.664412841796874,-4.5545334819003935,-2.6820187773332,10.979179867923259
1778595619195405000,23.674405029296874,-4.0938744109869,-2.695757379828393,9.14781959604323
1778595619205398000,23.68439794921875,-4.885785251656174,-2.7343963225632906,6.337232014203071
1778595619215391000,23.694390869140626,-6.052768591368198,-2.1293431015014646,3.20514277998805
1778595619225383200,23.704383056640626,-7.661933972799778,-1.275147361832857,0.44899522886574267
1778595619235375900,23.7143759765625,-8.131040846323966,1.3376868201151488,-2.1139906340688466
1778595619245368800,23.724368896484375,-4.487755947656929,5.320391889685392,-10.94188035709858
1778595619255361000,23.734361083984375,1.4160659448251127,6.657002897262573,-23.885869766926763
1778595619265354200,23.744354248046875,1.2811126999780535,6.777389856618642,-23.906276595139502
1778595619275347000,23.754346923828123,1.1286463025331497,6.803568253970146,-23.960454760050773
1778595619285340200,23.764340087890623,1.1221338518992066,6.749108934029937,-23.976861120450494
1778595619295332000,23.77433203125,1.2569678542807698,6.65700815795958,-23.9467488907814
1778595619305325000,23.784324951171875,1.4625719676733016,6.550221269410848,-23.89744330034256
1778595619315318000,23.794318115234375,6.211242997056245,6.923706791523099,-7.568170816475153
1778595619325310000,23.80431005859375,6.942097603738308,7.409198398137092,-5.79766862566173
1778595619335303200,23.81430322265625,8.414056992959976,6.3745344476372,-3.6431110034048557
1778595619345296100,23.824296142578124,10.176921236240863,5.003800805705786,-1.126424534830451
1778595619355288000,23.8342880859375,10.579328316932916,3.8090056222215294,-0.8737252005249261
1778595619365281000,23.844281005859376,10.077975708842278,2.8939824888855217,-1.909260673162341
1778595619375274200,23.854274169921876,10.711560027861594,2.0134277346014975,-1.7342191635549067
1778595619385266200,23.86426611328125,12.089688456219434,1.3568728743612766,-0.783882432514429
1778595619395259100,23.874259033203124,10.019341149044036,0.8172638931125402,0.612760726699233
1778595619405252000,23.884252197265624,4.539300549194216,0.8043406986534595,1.3435919525057076
1778595619415244000,23.894244140625,-0.7816101036682724,1.257951896882057,2.46639595875144
1778595619425237200,23.9042373046875,-3.7152728610351677,2.020754424227774,3.736964760622382
1778595619435230000,23.91422998046875,-4.573494495218992,2.4636457832604646,5.077929287233949
1778595619445222100,23.92422216796875,-3.712112935699522,2.082681595830619,6.630621670815348
1778595619455215000,23.934215087890625,-1.910420656852424,1.0669912258699537,8.232451302531361
1778595619465208000,23.9442080078125,0.2506596451714635,-0.23077216465771197,9.667714407518506
1778595619475200300,23.9542001953125,1.7164125809684394,-1.465861364607513,10.768101999294757
1778595619485193000,23.96419287109375,1.8990537519246338,-2.09735718691498,11.872969951355456
1778595619495186200,23.974186279296877,1.1158099095746874,-2.0105594856888054,12.831934225487709
1778595619505178000,23.98417822265625,-0.7292574006184935,-1.519166838337481,12.975766357839106
1778595619515171000,23.994171142578125,-3.2825103895679115,-0.4742679095491767,12.514417258834838
1778595619525164000,24.0041640625,-6.0944730591535565,0.915576091043651,11.68375904662013
1778595619535156000,24.014156005859373,-8.353945930868386,1.4818810637772082,10.096212791800498
1778595619545149200,24.024149169921873,-9.330603682601451,0.9778872935280203,7.2927546234488485
1778595619555142100,24.03414208984375,-8.719372649687529,0.5813888523578643,4.979294140958785
1778595619565134000,24.044134033203125,-7.241896542870998,0.4656269224539399,3.2451071261078117
1778595619575127000,24.054126953125,-5.533635996437073,0.7227724225133657,1.1938333527147769
1778595619585120300,24.064120361328126,-3.5260949817866085,2.022905172520876,-1.7406079878091811
1778595619595112200,24.0741123046875,-2.58685598334372,3.941488969823718,-5.98734013364613
1778595619605105200,24.084105224609374,-2.135048327405751,4.618433414880931,-11.412037031936645
1778595619615098000,24.09409814453125,-1.0756786824554205,3.806201670716703,-14.660419234192371
1778595619625090000,24.104090087890626,-1.0825094052582978,3.6786005421981214,-14.721165087056159
1778595619635083300,24.114083251953126,-1.0465957958340644,3.536614037713408,-14.770400534868239
1778595619645076000,24.124075927734374,-0.9746078334659337,3.4176287618488073,-14.793788424718379
1778595619655068200,24.134068115234374,-0.9006023937955498,3.354038333208859,-14.790554849624632
1778595619665061000,24.14406103515625,4.460301246759295,2.537473528276384,-8.140459247532487
1778595619675054000,24.15405419921875,6.811614782303571,4.260152768424153,-3.8087183297127485
1778595619685046300,24.16404638671875,10.604323641979693,4.889346743530035,-1.5413088197797535
1778595619695039000,24.1740390625,16.50205715445876,3.33816505677253,-1.4501514620393514
1778595619705032200,24.1840322265625,22.251897276496887,-0.08742723130136727,-5.5126323713749645
1778595619715024000,24.19402392578125,22.130908259594438,-0.10414426508545875,-5.576152949649095
1778595619725017000,24.20401708984375,12.587994536221027,-3.4988130071073766,-4.833957449263334
1778595619735010000,24.214010009765627,7.379390704372525,-2.481326985901594,-3.4002649545937773
1778595619745002000,24.224001953125,3.7799768038749693,-2.8073323794364926,-2.069208658534288
1778595619754995200,24.2339951171875,1.160615558245778,-3.4240511961117384,0.30696751558780666
1778595619764988200,24.24398828125,-0.9763783502697944,-3.720856214125454,2.7818887261003256
1778595619774980000,24.25397998046875,-3.7071120586723088,-4.071373240843415,4.659928331568837
1778595619784973000,24.26397314453125,-5.264767617619038,-4.629043656222522,5.722016295567155
1778595619794966300,24.27396630859375,-5.431264586243033,-4.844960489314794,6.273496916395425
1778595619804958200,24.283958251953123,-4.79866898600012,-5.079627323323488,6.337640595003962
1778595619814951200,24.293951171875,-4.403675104174018,-5.622707780075073,6.285892872110009
1778595619824944000,24.303944091796875,-4.492250628727674,-6.008107611864805,6.082915892350673
1778595619834936000,24.31393603515625,-5.267450573092699,-5.983487549871206,5.753479355323314
1778595619844929300,24.32392919921875,-5.8448664301663635,-5.616647457122802,5.635554986688494
1778595619854922000,24.333921875,-6.572822977319359,-4.997590845149755,6.429789886391163
1778595619864914200,24.3439140625,-7.370377961355447,-4.044513875490427,7.837382309642433
1778595619874907100,24.3539072265625,-7.699310055992007,-2.9317084084287286,8.538928988775611
1778595619884899000,24.363899169921876,-7.7443451295048,-1.963912885326147,8.727236807191371
1778595619894892300,24.373892333984376,-7.634226466184854,-1.391354112894833,8.292379993793368
1778595619904885000,24.383885009765624,-7.532931160789728,-1.3239692604079842,7.247858081623911
1778595619914877200,24.393877197265624,-7.41464789571464,-1.2966834863364696,5.753728361648321
1778595619924870000,24.403869873046876,-6.679106007999182,-1.0314213153168559,4.21144514387846
1778595619934863000,24.413863037109376,-5.275491256207228,-0.6302294556334614,2.703005158999562
1778595619944855300,24.423855224609376,-3.0640804046109316,-0.6573983253270387,1.175790915545821
1778595619954848000,24.433847900390624,-2.022343446984887,-0.11399082857817411,0.35385610801279543
1778595619964841200,24.44384130859375,-2.7299200539320707,1.2722396576926112,-0.9751935243993997
1778595619974833000,24.4538330078125,-1.487234115242958,3.348045230273902,-4.115162113687396
1778595619984826000,24.463826171875,0.4395990394890308,5.589476541602611,-8.310270455271006
1778595619994819000,24.473819091796877,2.9028306889906523,6.077410865193605,-12.718867818278074
1778595620004811000,24.48381103515625,4.297805914992094,4.754982989008725,-17.333935848379134
1778595620014804200,24.49380419921875,4.23323699670881,4.788275894540548,-17.34809764472246
1778595620024797200,24.503797119140625,4.16232981531471,4.84110732101798,-17.358645926743744
1778595620034789000,24.5137890625,4.138806608647108,4.8820825977459545,-17.35418134855032
1778595620044782000,24.523781982421873,4.185471913710236,4.8983016188800335,-17.329145106971264
1778595620054775000,24.533775146484373,7.705031940770149,4.483460880811513,-9.396930550467967
1778595620064767200,24.543767333984373,10.646491051101684,3.5896392331972717,-7.947036862581967
1778595620074760200,24.55376025390625,12.47453766838908,1.9992381734684108,-5.511530547612905
1778595620084753200,24.563753173828125,10.916142689251899,0.8987915449813008,-3.3342256714969873
1778595620094745000,24.5737451171875,9.32411432058215,0.6350657897487283,-1.1825602635502814
1778595620104738000,24.583738037109374,8.28250917264223,0.3006611089199781,0.8799941977918148
1778595620114731000,24.59373095703125,6.7961226141393185,0.24383155271708964,2.847320106431842
1778595620124723200,24.60372314453125,5.299885692751407,0.2514157242357731,4.997499075213074
1778595620134716200,24.613716064453126,3.68058937792778,-0.4992743405118584,6.415483713141083
1778595620144708000,24.6237080078125,0.9746630707845091,-1.5269515008643268,6.438997275197505
1778595620154701000,24.633701171875,-1.7946444061622022,-1.5977587290152906,6.113125152653455
1778595620164694000,24.643694091796874,-3.657682841853797,-0.47915991937443614,6.318989086025953
1778595620174686200,24.653686279296874,-5.220556719970703,1.0116482549630106,7.286752752685547
1778595620184679000,24.663678955078126,-6.965021383208036,1.9367687116824088,8.62296686989963
1778595620194672000,24.673672119140626,-8.11745889569521,2.4086593707062303,10.084159950435161
1778595620204664000,24.6836640625,-8.668551978510617,2.3181249671697617,11.587847187829016
1778595620214657000,24.693656982421874,-8.605065887027978,1.159710279969126,12.57696811529398
1778595620224650200,24.703650146484375,-6.6081473886787885,0.4713201656594872,12.203991711747646
1778595620234642000,24.713641845703126,-4.523272082196176,0.25851824971735476,10.797138708686829
1778595620244635100,24.72363525390625,-2.9387413758054373,0.11185907724648714,8.917070227739215
1778595620254628000,24.733628173828127,-2.6881685321345925,0.2507511228471994,6.944594096729159
1778595620264620500,24.74362060546875,-3.167177790991962,0.5987693184867501,5.41951978791356
1778595620274613500,24.753613525390627,-2.838262939751148,0.7559189053118228,4.569352573108673
1778595620284606700,24.763606689453123,-1.1447139324977993,1.0209542818382382,4.234225130963325
1778595620294598700,24.7735986328125,1.4202999291330576,1.525036022631824,3.8458588505834337
1778595620304591600,24.783591552734375,4.125630900731682,2.317782437342405,2.9882442423820494
1778595620314583600,24.79358349609375,4.6544700661629435,3.62615899182111,0.9412754727065563
1778595620324576500,24.803576416015623,3.3657097740411754,5.5303018835783,-3.298951529020071
1778595620334569700,24.81356982421875,0.6842866245135665,6.5778410977423185,-9.424436397030949
1778595620344561700,24.823561767578123,-1.8591168783336878,5.4730187383890145,-15.791728618454933
1778595620354554600,24.8335546875,-2.092142959398031,3.8394779173746705,-19.440923325687645
1778595620364547600,24.843547607421876,-2.0736457641988992,3.769314832346141,-19.454838453793524
1778595620374539500,24.85353955078125,-2.0179966499522326,3.726186176976561,-19.438829568278788
1778595620384532700,24.86353271484375,-1.9645272178322075,3.708229372264445,-19.415598330295087
1778595620394525400,24.873525390625,4.6702764148429035,5.314716766658425,-5.187525972506403
1778595620404517600,24.883517578125,4.629362512913346,4.001584249824285,-2.1725708333313465
1778595620414510600,24.893510498046876,5.1092584914773695,2.7676068105086684,-1.7383078941732644
1778595620424503600,24.903503662109376,5.960749063840508,2.136004605217278,-2.531456167683005
1778595620434495700,24.913495849609376,6.455929120776057,1.8129411103531716,-1.8966472753047943
1778595620444488400,24.923488525390624,6.899096081879734,0.6801262899637222,-1.278849138960242
1778595620454480600,24.933480712890624,7.231254737347364,-1.2061381230145691,-0.7169564297109842
1778595620464473600,24.9434736328125,6.179065067028999,-2.6824296962216496,0.0016430910319089889
1778595620474466600,24.953466552734376,5.573742381376028,-3.772222828747332,0.025752280893921852
1778595620484458800,24.963458740234376,4.948865100425482,-4.258316200646758,-0.20441198099851607
1778595620494451500,24.973451416015624,3.7907840290933845,-3.9985514579996466,0.6334557242035865
1778595620504444700,24.983444580078125,2.4148241769462824,-3.869277427832782,2.9280998625427483
1778595620514436600,24.9934365234375,1.0496130978286267,-4.377870508570969,4.847641691222787
1778595620524429600,25.0034296875,0.5596276869267225,-5.0359664607733485,5.937075927308202
1778595620534422500,25.013422607421877,-0.4180506400257349,-5.3981859079837795,6.629475423389673
1778595620544414500,25.02341455078125,-1.9114678278177974,-4.811302549862861,7.590134226480126
1778595620554407700,25.03340771484375,-3.6515251960068937,-3.645834290888905,8.951821223124862
1778595620564400600,25.043400634765625,-5.0402019063860175,-2.8999399359852074,9.768873519313335
1778595620574392600,25.053392578125,-6.242533622854948,-2.4531629676908255,9.869280351436137
1778595620584385500,25.063385498046873,-7.321226684695482,-2.196205099157989,9.540340073493123
1778595620594377500,25.07337744140625,-8.097663477379083,-1.7663912483632564,9.513406473860144
1778595620604370700,25.08337060546875,-8.603447930437326,-1.4787830977618694,9.478019518658519
1778595620614363600,25.09336376953125,-8.82752147423923,-1.6549273079141973,8.78309839514494
1778595620624355600,25.10335546875,-8.060961347925662,-1.747937600044906,6.931372796106338
1778595620634348500,25.1133486328125,-7.824975832533836,-1.7117270535007119,4.912656307446956
1778595620644341800,25.123341796875,-8.531837569209932,-1.2413958988785743,3.3477462473273274
1778595620654333700,25.133333740234374,-9.215327782648801,-0.10140198063999414,1.5791256324768066
1778595620664326700,25.14332666015625,-8.853627390876412,1.8969003732830285,-0.054016836869716645
1778595620674319600,25.153319580078126,-7.329759535241126,4.001540995204448,-1.019046694651246
1778595620684311600,25.1633115234375,-4.358542123244702,5.182773225021362,-2.279207499754429
1778595620694304800,25.1733046875,-1.647524045920372,4.57041084998995,-5.984304711472988
1778595620704296700,25.183296630859374,0.3862582021847367,2.481611940322816,-10.692397062230109
1778595620714289700,25.19328955078125,2.219736196871102,1.226812369991839,-14.362737433344124
1778595620724282600,25.20328271484375,2.2281647102594375,1.0995017488524317,-14.404517888975143
1778595620734274600,25.213274658203126,2.221358537375927,1.0271253716886044,-14.43385854974985
1778595620744267800,25.223267822265626,2.2085355884209275,1.0111360676571726,-14.444999536967277
1778595620754260500,25.233260498046874,2.1975743416845797,1.028962816248834,-14.442770170480012
1778595620764252700,25.243252685546874,2.2041513819873333,1.0523697030603885,-14.431424600601195
1778595620774245400,25.253245361328126,2.2299697138547896,1.0675929911553859,-14.415441434049605
1778595620784238600,25.263238525390626,9.030082274413108,-0.6428145041793585,-6.5798161972075695
1778595620794230800,25.273230712890626,8.184856607663631,-0.5153223889932036,-3.65319225243628
1778595620804223500,25.283223388671875,7.415134802448749,-1.129244268426299,-1.5119523769140242
1778595620814215700,25.293215576171875,6.6096180457532405,-1.6909677585884928,0.5590437495589256
1778595620824208400,25.30320849609375,5.6250376843273635,-1.823386516521871,2.849182393172383
1778595620834201600,25.31320166015625,4.466392257110774,-1.6573530737563966,4.523595615062117
1778595620844193800,25.32319384765625,2.8933503284618256,-1.567242886981368,5.7306479303121565
1778595620854186500,25.3331865234375,0.25800445497632024,-1.3500211087703704,6.641660366702079
1778595620864179700,25.3431796875,-2.8094553629398344,-0.5136477337792515,7.214715105956793
1778595620874171400,25.35317138671875,-4.905687637478113,0.6976750983968377,7.719311810535192
1778595620884164600,25.36316455078125,-5.647461113059521,1.4556561969354749,8.133588192719222
1778595620894157600,25.373157470703124,-5.974622690892219,1.3716817364364862,8.394456804955006
1778595620904149500,25.3831494140625,-6.613491087794303,1.0879165249988436,8.986154285359381
1778595620914142700,25.393142822265624,-6.687665746551752,0.6760515878707171,9.91340240175724
1778595620924134400,25.403134521484375,-6.339615694469213,0.07295622287839651,11.09990234284401
1778595620934127600,25.413127685546876,-5.696657982426881,-0.2530409873500466,12.131422150099278
1778595620944120600,25.42312060546875,-5.357406153827905,0.4102250609666109,12.403733362847566
1778595620954112500,25.433112548828124,-6.195104932203889,1.842586599293351,12.002976971971988
1778595620964105700,25.443105712890624,-7.174270282843708,2.8489059143185615,10.206568186485766
1778595620974098700,25.4530986328125,-7.506281638795137,2.974719574898481,7.961776751074194
1778595620984090600,25.463090576171876,-6.6967725975930685,2.397224515108764,5.684218187570572
1778595620994083600,25.47308349609375,-4.189564443720877,1.8877894305884837,3.9400089603990316
1778595621004075500,25.483075439453124,-0.5325196075096726,2.134593861636519,2.615786309751868
1778595621014068500,25.493068359375,2.850629961632192,3.294643018171191,1.2185901928305625
1778595621024061700,25.503061767578124,4.182854716949165,4.985417592275143,-2.68116975928843
1778595621034053600,25.5130537109375,4.66538776601851,4.681977081769705,-12.09502981724739
1778595621044046600,25.523046630859376,6.699991559639573,1.6397490280047058,-20.76538563030958
1778595621054039800,25.533039794921876,6.628645402306318,1.5836366801604627,-20.828565432322023
1778595621064031500,25.543031494140624,6.629393590325117,1.5176976425677537,-20.857111143326758
1778595621074024700,25.553024658203125,6.683432639026641,1.4454697339639067,-20.85962926362753
1778595621084016600,25.5630166015625,6.745213680157065,1.4117206090971828,-20.841286966729164
1778595621094009600,25.573009521484376,5.750131798461079,3.983623353458941,-8.828672982361912
1778595621104002800,25.5830029296875,4.879977442160248,3.4551407463803887,-4.169579348051548
1778595621113994500,25.592994384765625,3.781913617156446,4.337325732214748,-0.05514028794169425
1778595621123987700,25.60298779296875,3.8751509960412975,4.101183857217431,1.2356173154771328
1778595621133980400,25.61298046875,5.635131208318471,1.9174866497159002,-1.4905039306938648
1778595621143972600,25.62297265625,5.866393202319741,0.1873109163329005,-0.24216800341904163
1778595621153965800,25.6329658203125,4.368436617532372,-1.7511475020021199,0.8868541466891765
1778595621163957500,25.64295751953125,4.0044437309086325,-2.9867823531359434,0.10892682318687438
1778595621173950700,25.65295068359375,4.8610500388503075,-4.125507858873903,-2.245027582255006
1778595621183943400,25.662943359375,5.012775554800033,-5.748204045268893,-3.391362101691961
1778595621193935600,25.672935546875,4.102973078721761,-6.330505336296558,-1.3490256679922341
1778595621203928800,25.6829287109375,2.7606334643647075,-5.723056160008907,2.262964805483818
1778595621213921500,25.692921630859374,-0.3718856857001781,-5.093665201026201,4.1282080577433105
1778595621223913700,25.702913818359374,-2.64806594658792,-5.214786319875717,5.045846634274721
1778595621233906400,25.712906494140626,-4.290587069654465,-5.516271604660153,6.005063421863317
1778595621243898600,25.722898681640626,-5.823301664090156,-5.186428824919462,6.651763827565312
1778595621253891600,25.7328916015625,-7.0199793003201485,-4.496381152661145,7.264271456286311
1778595621263886300,25.74288623046875,-8.024694102758168,-3.7536139898672696,8.253910270145536
1778595621273878300,25.752878173828126,-8.609640939858556,-2.944986699935794,9.426911262711881
1778595621283871500,25.76287158203125,-9.469041846954822,-1.8694687610000371,10.377596953320502
1778595621293863400,25.772863525390626,-10.557849475574493,-0.7695102082908153,10.857047526204585
1778595621303856400,25.7828564453125,-10.758773029935359,-0.6190306007489562,9.822263748717308
1778595621313849300,25.792849365234375,-9.866259542310237,-1.3485276553422212,7.3698606594830744
1778595621323841300,25.80284130859375,-8.555092188069224,-1.6411135943561792,5.394605711409449
1778595621333834500,25.81283447265625,-7.097090012529492,-0.5070137025922536,3.3352041611403225
1778595621343827500,25.822827392578127,-5.539901486572623,1.0206477001070975,1.1149556308329105
1778595621353819400,25.8328193359375,-1.7178844070866703,0.7199950667545199,-0.541791585984826
1778595621363812400,25.842812255859375,1.1699717078730463,0.887819192329049,-1.6721394317388534
1778595621373804300,25.85280419921875,2.1240315510898826,3.487643086056411,-3.990375458067655
1778595621383797500,25.862797607421875,4.0419232744753355,5.102131416076421,-5.605287274196743
1778595621393790500,25.87279052734375,4.50711297455579,4.248874126301706,-7.112082414478063
1778595621403782400,25.882782470703123,4.557670610882342,3.0109447344899176,-8.90795986956656
1778595621413775400,25.892775390625,3.437049501633644,1.7223156675323843,-9.999105001223088
1778595621423768300,25.902768310546875,3.29170784150213,1.5237433524727821,-10.688768350338934
1778595621433760500,25.912760498046875,3.2756299824044106,1.50141373950392,-10.702733747327327
1778595621443753500,25.92275341796875,3.2632091845095155,1.5005463090196252,-10.708084460705518
1778595621453745400,25.932745361328124,3.262078134652972,1.5109318016946316,-10.705069496798515
1778595621463738400,25.94273828125,3.266904824157059,1.5263386296629904,-10.697971062970161
1778595621473731300,25.9527314453125,5.939068562430143,-2.126080884835124,-9.919281522923708
1778595621483723500,25.9627236328125,7.903719114381074,-2.2350588536873457,-8.81709535729289
1778595621493716500,25.972716552734376,9.098777040454745,-2.9679715619429943,-7.300200263279676
1778595621503708400,25.98270849609375,8.297885605472326,-3.3984836241349576,-4.639105323770642
1778595621513701400,25.992701416015624,7.262088267028331,-3.9316786466881632,-1.6871172206401823
1778595621523694300,26.0026943359375,6.562941050252318,-3.637361646097898,0.26596505859196184
1778595621533686300,26.012686279296876,6.3841264518469565,-2.783990082293749,1.637908076313138
1778595621543679500,26.022679443359376,5.208890832096338,-2.0003189544424416,2.7658675656259057
1778595621553672200,26.032672119140624,3.35012934307158,-1.4921046438887715,3.3848978741139173
1778595621563664400,26.042664306640624,1.0530652841091155,-1.2827388398751616,3.4392098945379255
1778595621573657600,26.05265771484375,-1.9564593544498086,-1.0283365010440348,3.566142914536595
1778595621583649300,26.062649169921876,-4.347727006980777,-0.4678352461531758,4.28498092021048
1778595621593642500,26.072642578125,-6.036174014919996,0.6811807674527168,5.349671175661682
1778595621603635200,26.08263525390625,-6.956700129586458,2.086677241338044,6.958419792985915
1778595621613627400,26.09262744140625,-7.799203093373775,3.170427732698619,8.968687017729877
1778595621623620600,26.10262060546875,-8.334612284845113,3.7150183017522096,11.196136857718228
1778595621633612300,26.1126123046875,-8.67106425359249,4.538109878104925,13.58841310276985
1778595621643605500,26.12260546875,-8.892793280094862,5.30581099114716,15.429980880409477
1778595621653598200,26.13259814453125,-8.873167957648635,5.726737478870153,15.80775153249502
1778595621663590400,26.14259033203125,-8.970303220754861,6.284056304332614,15.003714785224199
1778595621673583600,26.15258349609375,-8.820221380358934,6.735213095146417,12.888514775365591
1778595621683575300,26.1625751953125,-8.306319671818613,6.97499215760231,9.70343980089426
1778595621693568500,26.172568603515625,-7.841804802259802,6.960227134668827,7.159505259910225
1778595621703561200,26.182561279296873,-5.927725330638885,6.154765323030948,4.815120646846294
1778595621713553400,26.192553466796873,-2.707052388563752,4.640344802437722,2.7427660915017125
1778595621723546600,26.202546630859374,0.9234569074213504,3.9291152259409423,0.720550654810667
1778595621733539300,26.212539306640625,3.113448538891971,5.319926025739312,-2.1192244430691
1778595621743531500,26.222531494140625,3.264959243047237,6.669820293259621,-6.907490985259414
1778595621753524200,26.232524169921874,1.9928531486064194,4.846265726694464,-14.381326398479938
1778595621763516400,26.242516357421874,2.908489737665653,1.7968571137756109,-21.51121685684919
1778595621773509400,26.25250927734375,2.8815754272550342,1.734377276726067,-21.551586276638506
1778595621783502300,26.26250244140625,2.947666732800007,1.6091808712616562,-21.56069546576738
1778595621793494500,26.27249462890625,0.9159452166169881,2.5492344009578227,-15.987639313089847
1778595621803487200,26.2824873046875,1.1148834423795342,2.400015899392962,-15.938235522973537
1778595621813479400,26.2924794921875,6.957400971332192,2.1755302676588295,-9.471516712635754
1778595621823472400,26.302472412109374,9.60215267880559,1.0691177165046333,-4.568229122036695
1778595621833465300,26.31246533203125,13.161092530095576,1.4861565491393207,-0.3063093439400196
1778595621843457500,26.32245751953125,15.86825188616514,0.2504895493015647,-1.2166472420692442
1778595621853450200,26.3324501953125,18.894287806802986,-3.141320880679786,-3.8934231503129
1778595621863442400,26.3424423828125,18.79320176024437,-3.13281871753335,-3.9404906064361334
1778595621873435400,26.352435302734374,11.245069523191452,-4.0516897584691645,-0.0856985078126192
1778595621883428400,26.362428466796874,5.586197373801469,-4.170094604097306,1.3004372859120368
1778595621893420500,26.372420654296874,0.07736556375324725,-4.073607868027687,2.485693364417553
1778595621903413200,26.382413330078126,-3.7569565782934427,-4.251006754416227,2.9752362922489644
1778595621913405400,26.392405517578126,-6.003792086753249,-4.526564986261725,3.906562617871165
1778595621923398400,26.4023984375,-7.781978402328491,-4.581204923465847,5.3601949077636
1778595621933391400,26.412391357421875,-8.574971193015575,-5.119303500151634,6.462540647870302
1778595621943383600,26.422383544921875,-8.689635683071613,-5.521265759685635,7.2163248792409895
1778595621953376300,26.432376220703127,-8.559698805081844,-5.74347350961566,7.4744737111240624
1778595621963368400,26.442368408203127,-8.24697900957763,-5.886287404835223,7.71679778188765
1778595621973361400,26.452361328125,-7.549333429536223,-5.562257695287466,7.811195728984475
1778595621983354400,26.462354248046875,-6.4358180606395,-4.616043304874003,7.727124530112743
1778595621993346600,26.4723466796875,-5.718636590000987,-3.6065880299106237,8.190634022021293
1778595622003339300,26.48233935546875,-5.528933517834544,-2.6270573530897496,8.857522060227394
1778595622013332500,26.49233251953125,-5.605148157986998,-1.5379431427389383,8.997673458239436
1778595622023324400,26.502324462890623,-6.010538053882121,-0.5363318592742086,8.23821527288556
1778595622033317400,26.5123173828125,-6.095469668975472,-0.034432138694822784,6.308926541694999
1778595622043309600,26.5223095703125,-5.6991714265525335,0.31700872486978765,3.834976222041249
1778595622053302300,26.53230224609375,-4.144391715303063,0.6694394762545823,1.2455898434370756
1778595622063295500,26.54229541015625,-1.466407600313425,0.9740116211384534,-1.3240315119892359
1778595622073287400,26.552287353515624,-0.38702041872888804,1.326972241616249,-3.4946190625488756
1778595622083280400,26.5622802734375,1.3595835946246981,3.0879417571917176,-6.270123640570044
1778595622093272300,26.572272216796875,4.670378998434543,5.10899721019268,-9.384089189073443
1778595622103265300,26.582265380859376,5.902711300891638,3.3322242685467,-12.025830608814955
1778595622113258200,26.59225830078125,4.330146049843728,1.8653624947249887,-14.070173706161976
1778595622123250400,26.60225048828125,4.267183105452358,1.8965709951981902,-14.086376652944088
1778595622133243400,26.612243408203124,4.215868221017718,1.9264169751465319,-14.09864459836483
1778595622143235300,26.6222353515625,4.200312339967489,1.9378876327097414,-14.101691126453876
1778595622153228300,26.632228271484376,4.230250089852512,1.9346821146667001,-14.089965617346763
1778595622163221200,26.64222119140625,2.066170021490753,2.656106045180559,-9.126713679650425
1778595622173213400,26.65221337890625,3.988839042280614,1.9753996172413228,-7.914811586281656
1778595622183206400,26.662206298828124,5.446380906832218,1.7368845833718776,-6.021054187199473
1778595622193198300,26.6721982421875,6.456682569491863,1.6366060538038611,-3.4035815317958593
1778595622203191300,26.68219140625,7.318821961641311,1.6021692389339208,-0.4745557865798473
1778595622213184300,26.692184326171876,7.4270882750928395,1.214404139317572,1.378507783064246
1778595622223176400,26.702176513671876,8.139871803033351,0.33757132816612717,2.7864550111025572
1778595622233169400,26.71216943359375,8.133659504389762,-0.472316483220458,4.466098534861207
1778595622243161300,26.722161376953125,6.839732623285054,-0.7123246782571077,4.9588224308162925
1778595622253154300,26.732154296875,5.46131544111371,-0.561721152074635,5.011248199102282
1778595622263147300,26.742147216796877,3.7132597676470875,0.027371991050243377,5.111976518264413
1778595622273140200,26.75214013671875,1.0604632854059337,0.42777766879200935,5.034399942108989
1778595622283133000,26.7621328125,-1.8123814306437969,0.5821469772487878,5.109666487756371
1778595622293125000,26.772125,-3.6151515678554773,0.8721396848991513,5.521926269420981
1778595622303118300,26.782118408203125,-4.248495940639079,1.1463672526627777,6.702760439831018
1778595622313110000,26.792110107421873,-4.250308250758051,1.4352256955862044,8.088742504298686
1778595622323103200,26.802103271484373,-4.493808671824634,1.6596081592068075,9.61580009588599
1778595622333096000,26.812095947265625,-4.931718150791526,1.2107795190796256,11.1532972484231
1778595622343088000,26.822088134765625,-6.026725218573212,0.5539060944095253,12.144688458907604
1778595622353081300,26.832081298828125,-7.426946236273646,0.31227614338994025,12.34833354718685
1778595622363073000,26.842072998046874,-8.862347872948646,0.8318126429468393,11.69153435679674
1778595622373066200,26.852066162109374,-10.8187110735476,1.8364231082275508,10.448798733747005
1778595622383059200,26.86205908203125,-12.330705536037684,2.550335347937047,9.023630906316637
1778595622393051100,26.872051025390626,-11.451085432255267,2.7263725905835625,7.631830510959029
1778595622403044000,26.882044189453126,-9.368023604935408,2.627741535961628,6.3217807625710964
1778595622413036000,26.8920361328125,-6.959189023792743,2.2625015718862413,4.933047353568673
1778595622423029200,26.902029296875,-3.5395261257678268,1.862697074908018,2.500092476648092
1778595622433022200,26.912022216796874,0.3171802820444107,2.372504207611084,-0.815749981418252
1778595622443014100,26.92201416015625,3.781305422130227,3.4896894971922037,-6.013420331320166
1778595622453007000,26.932007080078126,8.263562480109929,3.710893915298581,-13.364293381738662
1778595622462999000,26.9419990234375,11.86007539846897,4.113725066621601,-18.896375718992946
1778595622472992300,26.9519921875,11.76759117603898,4.10511155205518,-18.95331048913598
1778595622482985200,26.961985107421874,11.758659681564568,4.039272759966552,-18.98189477858543
1778595622492977200,26.97197705078125,11.826996135687827,3.939366278581321,-18.978012384194134
1778595622502970000,26.98197021484375,11.964500234061479,3.8394364163205026,-18.93645170879364
1778595622512962000,26.991962158203126,5.913696805286407,9.188302997601031,-8.494863052555917
1778595622522955300,27.001955322265626,10.544553940671682,7.452527836775779,-1.833621787071228
1778595622532948200,27.0119482421875,12.081965753012895,6.3402002163589,3.0648639562040567
1778595622542940200,27.021940185546875,12.578839754384756,5.292981904712319,3.689478202304244
1778595622552933000,27.03193310546875,12.667484837043284,2.385040740840137,1.2100713708102702
1778595622562925000,27.041925048828126,10.478139394521712,-0.7454866508856415,0.21926234412789344
1778595622572918300,27.051918212890627,8.26486888653338,-2.851614588755369,-0.9369301369786261
1778595622582911200,27.0619111328125,5.672063054874539,-4.500335735505819,-2.607619369909167
1778595622592903200,27.071903076171875,2.7736715173751114,-5.933631924334168,-4.2829315864652395
1778595622602896100,27.081896240234375,-1.1348638618737459,-6.6308665854871265,-4.535639688599109
1778595622612888000,27.09188818359375,-3.643281099274754,-6.833218711346388,-3.043404404067993
1778595622622881300,27.10188134765625,-4.870092300222813,-6.624243952476978,1.4082488413333891
1778595622632874200,27.111874267578123,-5.3260068069577216,-6.101071142244338,6.051639879599214
1778595622642866200,27.1218662109375,-6.116034902620315,-5.660638574540615,8.60724790724218
1778595622652859100,27.131859130859375,-6.537116873165965,-5.376477934044599,9.468948907974362
1778595622662851000,27.14185107421875,-6.219326934790611,-4.608277347047626,9.990603714859486
1778595622672844300,27.15184423828125,-6.705977063789963,-4.600828200085461,9.83671312983036
1778595622682836000,27.1618359375,-6.926331294807791,-4.779620586659014,9.435300320872663
1778595622692829200,27.1718291015625,-7.784705781465768,-4.137596940596401,9.533528055390715
1778595622702822100,27.181822265625,-8.70599703528583,-2.7512296762034296,9.368566041249036
1778595622712814000,27.19181396484375,-9.629074003478884,-1.226317864473164,8.791891357931494
1778595622722807300,27.201807373046876,-10.244952569937706,-0.6765232970356941,7.897039198225736
1778595622732799000,27.211799072265624,-9.09378756160438,-0.7686185201480984,6.456054792982339
1778595622742792200,27.221792236328124,-7.822620793840288,-0.9910779067516327,4.821963060086965
1778595622752785200,27.23178515625,-7.2485489864975206,-0.6663944094702601,2.996969400629401
1778595622762777000,27.241777099609376,-6.1635945261746645,0.40772359953969717,1.1761030502349137
1778595622772770000,27.25177001953125,-2.8855080905288455,1.9993471868008375,-1.2953227193772792
1778595622782762000,27.261761962890624,0.390882939375937,4.555333107845485,-5.542300948929786
1778595622792755200,27.271755126953124,7.391898303768039,4.309441992250084,-9.954318934035301
1778595622802748200,27.281748046875,9.930863239645957,2.5358716460376978,-13.617390190929173
1778595622812740000,27.291739990234376,9.882047478550671,2.5419810688287017,-13.638258791434763
1778595622822733000,27.301733154296876,9.8775174339056,2.5744571050196883,-13.62847623308897
1778595622832725000,27.31172509765625,9.896070158684253,2.6302032499000427,-13.599490961623191
1778595622842718200,27.32171826171875,9.90635072968006,2.684448342567682,-13.575429702556132
1778595622852710100,27.331710205078124,9.906787952053547,2.731226168094575,-13.558978918492793
1778595622862703000,27.341703125,3.2462808460623025,2.2758102585315703,-9.256742912098765
1778595622872696000,27.351696044921876,3.7157898706465957,0.525849628226459,-7.9563237463653085
1778595622882688000,27.36168798828125,6.024741351279616,-0.3261918560177088,-6.782204563423991
1778595622892681200,27.37168115234375,9.795339501434563,0.027598493282496927,-4.219704438179731
1778595622902673200,27.381673095703125,10.860043785411118,-0.26294483398795127,-1.800689239284396
1778595622912666000,27.391666015625,8.71894127253294,-1.187345159739256,-1.1763111400276423
1778595622922659000,27.4016591796875,6.873833045807481,-1.685740817720443,0.023916297638416288
1778595622932651000,27.411651123046877,6.603944676291942,-2.144054786812514,1.82647483792603
1778595622942644200,27.421644287109373,6.456581447204947,-1.8926177275277674,4.010716819828748
1778595622952636200,27.43163623046875,5.04292051769495,-0.5702805983662605,5.186303737235069
1778595622962629000,27.441629150390625,2.3160148431479928,1.2514940990447998,5.605306563419103
1778595622972621300,27.451621337890625,-0.027318799558281898,2.773689345292747,6.214709796383977
1778595622982614000,27.461614013671873,-1.7857260634303092,2.9049153863102197,6.047330199706554
1778595622992607200,27.471607177734374,-2.38409293859601,2.3305586245462298,5.896299680283665
1778595623002599200,27.48159912109375,-2.2798674249678847,1.5131120683431625,6.889253902301192
1778595623012592000,27.491592041015625,-2.7410896827220914,1.3659372014351188,8.209267995342612
1778595623022584300,27.501584228515625,-3.857507202801108,3.1424481311440466,9.146898974066973
1778595623032577000,27.511576904296874,-5.028935246962309,4.841258712187409,10.01079543901682
1778595623042570200,27.5215703125,-6.315566125839949,5.178901352024078,10.68528927605152
1778595623052562200,27.531562255859374,-7.332498020294309,4.817025019162893,10.207648382937908
1778595623062555100,27.54155517578125,-7.964486010032892,4.443747879104316,7.962191177093982
1778595623072547000,27.551547119140626,-7.909384300535917,4.571702058844268,5.272553449189663
1778595623082540000,27.5615400390625,-7.214028292736411,4.213208646419644,3.52553267172873
1778595623092532200,27.5715322265625,-5.5382893752008675,3.197530259157717,2.2450918796628714
1778595623102525200,27.581525146484374,-4.262204440256953,2.6187042430251837,1.2961714451611042
1778595623112518100,27.59151806640625,-4.840951838195323,3.4446725438579917,0.8393325170576572
1778595623122510000,27.601510009765626,-8.196336617577076,5.48182982135415,0.5192430695682764
1778595623132503000,27.6115029296875,-11.619532950425148,7.2137716876268385,-0.48817456208765503
1778595623142495200,27.6214951171875,-10.794216099238396,7.54098353434205,-1.4580162040650844
1778595623152488200,27.63148828125,-7.3814359464645385,8.033086668050288,-3.882900002732873
1778595623162481200,27.641481201171874,-4.702642268657684,9.15091463944912,-8.79215789991319
1778595623172473000,27.65147314453125,-1.6840268534094094,9.282720233920216,-13.397377320694922
1778595623182466000,27.661466064453126,3.850989783731103,7.714716299438476,-15.333188731652497
1778595623192458200,27.671458251953126,3.9830882236689327,7.557970324978232,-15.318358242267369
1778595623202451200,27.681451171875,4.121428188344836,7.459666018092632,-15.275046339285373
1778595623212443100,27.691443115234375,4.257199763837456,7.404065126901864,-15.215434458887577
1778595623222436000,27.70143603515625,4.378958011546731,7.36270786511898,-15.160395877754688
1778595623232429000,27.711428955078127,4.464025820240378,7.321689626032113,-15.129697957152127
1778595623242421200,27.721421142578127,4.4316690265148875,7.292428460234404,-15.16449454524517
1778595623252414200,27.731414306640627,4.25994555541426,7.330914550495147,-15.251526347488165
1778595623262406100,27.74140625,4.163817131263017,7.45192987088263,-15.251187324792145
1778595623272396800,27.751396728515626,5.681183934441209,-1.231728491345048,-4.690901561981439
1778595623282388700,27.761388671875,5.336920999681949,-0.6629129970952868,1.6012877799242733
1778595623292381700,27.771381591796874,4.0937873172253365,-1.2713254654571413,4.481168093699217
1778595623302375000,27.781375,-0.2748839858457446,-2.6906600566893815,10.890395669054984
1778595623312366800,27.791366943359375,-5.646728122609853,-3.3831592137530446,15.327286229610442
1778595623322359800,27.80135986328125,-9.4630183488816,-3.6835870984390375,16.992402046322823
1778595623332351700,27.811351806640626,-9.759318924504518,-3.211525466762483,17.75106937355995
1778595623342344700,27.8213447265625,-9.006571634966134,-2.4929522495046257,17.615034763216972
1778595623352338000,27.831337890625,-9.592162030667065,-2.5152804011687633,16.496624608016013
1778595623362329600,27.84132958984375,-9.550921673262119,-2.4163082780241965,15.175238057577609
1778595623372322800,27.85132275390625,-9.770198045915365,-2.350500173334777,15.222193870019911
1778595623382314800,27.861314697265627,-10.271022246217727,-2.388936286973953,14.902979451799391
1778595623392307700,27.8713076171875,-9.81123615874648,-2.1577155017659067,13.625963958007096
1778595623402300000,27.8812998046875,-9.040779024994373,-1.8726241562910377,11.740164239931106
1778595623412292600,27.891292724609375,-8.35746416812241,-1.0755902735196052,10.02643958287239
1778595623422285800,27.901285888671875,-7.156058334326744,-0.4510888401441276,8.540657420003413
1778595623432277800,27.91127783203125,-5.755998644667864,-0.2890114415280521,7.241247723573446
1778595623442270700,27.921270751953124,-4.7517067438170315,-0.22211656451523304,5.469432112073898
1778595623452263000,27.931262939453124,-3.6645921828508374,-0.2275448731742799,2.886781179204583
1778595623462255600,27.941255615234375,-2.497821316845715,-0.12905483445823193,-0.11374211451411247
1778595623472247800,27.951247802734375,-1.1865116315245627,0.28157120852470396,-3.0557091743677853
1778595623482240800,27.96124072265625,1.6318252492681145,1.5031962390065192,-6.056183368247747
1778595623492233700,27.971233642578124,5.0828527151107785,2.8215181411772963,-9.681812490975856
1778595623502226000,27.981225830078124,8.488567751803993,3.2399764852210877,-12.231162627267837
1778595623512218600,27.991218505859376,8.508948276531695,3.302425342610478,-12.203434077864884
1778595623522210800,28.0012109375,8.499178577667474,3.3729812263488768,-12.186477097845076
1778595623532203800,28.011203857421876,8.480804716587066,3.432098016706109,-12.177021871757507
1778595623542196700,28.02119677734375,8.458047525855898,3.490549328891933,-12.170055539876222
1778595623552189000,28.03118896484375,8.433060968637466,3.5507360865682362,-12.16401742875576
1778595623562181600,28.041181640625,8.408287761908769,3.605054244472086,-12.159939804053305
1778595623572173800,28.051173828125,8.377188274767994,3.6571710929393766,-12.159573893350363
1778595623582166800,28.061166748046876,4.118782642272114,3.1687054389506577,-7.645072269847988
1778595623592158700,28.07115869140625,4.561880629792809,3.385141035220027,-5.08689760658741
1778595623602152000,28.08115185546875,4.560821768389642,3.435578260037303,-2.5832968295574186
1778595623612144600,28.09114453125,5.2084647156387565,3.5139889489293097,-0.17030571325719354
1778595623622136800,28.10113671875,6.893525003749132,3.2406405020877718,0.6296586700081825
1778595623632129800,28.1111298828125,7.444695243453979,2.8615841941058635,2.3261183040112257
1778595623642121700,28.121121826171876,6.473783926418423,2.0831270015105603,3.4110324323236942
1778595623652115000,28.131114990234376,4.051042984998226,1.2832383138298988,2.7572534665375947
1778595623662107000,28.14110693359375,1.043668510210514,1.0645543541118503,2.578027364721894
1778595623672099800,28.151099853515625,-1.1070061331331729,1.049984123098105,3.107903471985459
1778595623682092500,28.161092529296877,-2.2482523895204065,0.9078042879983782,3.6251451386034486
1778595623692084700,28.171084716796877,-2.3492238697886467,0.54552346598953,5.2343865078806875
1778595623702078000,28.181077880859377,-2.4867457960799335,0.54554217069,6.890269801345467
1778595623712069600,28.191069580078125,-3.6780522606655954,1.0769193301662803,8.800409595429898
1778595623722062800,28.201062744140625,-4.403882317183911,1.411592891064286,11.391653584599494
1778595623732054800,28.2110546875,-4.6499569726526735,1.5660557230234144,13.625880955898761
1778595623742047700,28.2210478515625,-4.847739306378364,1.7373950171120465,14.706416430735587
1778595623752041000,28.231041015625,-5.23311225016117,1.9234521339915691,14.830609796637296
1778595623762032600,28.24103271484375,-6.25511721009612,1.7276362780332564,14.09746854032278
1778595623772025900,28.25102587890625,-8.123121743762493,0.9387238885276019,13.044798393011092
1778595623782017800,28.261017822265625,-9.635786068338156,0.2546604052454233,11.824158866435289
1778595623792010800,28.2710107421875,-9.735643449884652,0.42226694254651664,9.82848773779869
1778595623802002700,28.281002685546873,-8.691998905071616,0.9171449477955699,7.563764105948805
1778595623811995600,28.29099560546875,-6.55198827908337,0.9345463105820119,5.597345375281572
1778595623821988900,28.30098876953125,-3.482881863003969,1.0271499216079711,4.276704674774408
1778595623831980800,28.310980712890625,-0.8709124811917542,1.4607830384299159,2.5936346836984154
1778595623841973800,28.320973876953126,1.144613686993718,2.3085411462664602,0.12995149103701115
1778595623851965700,28.330965576171874,2.4643980629324913,3.917029066827893,-3.6303847928225994
1778595623861958700,28.340958740234374,2.5474229676216837,5.498657037514448,-8.710147725224495
1778595623871950800,28.350950927734374,2.426248072758317,5.4064720902919765,-12.754815914493799
1778595623881943800,28.36094384765625,3.189915400239825,5.687638809669018,-13.723072917628288
1778595623891936800,28.370936767578126,3.2147230937600133,5.572796624958515,-13.74772337476015
1778595623901928700,28.3809287109375,3.2521520761832594,5.430142888736724,-13.777606471848488
1778595623911921700,28.390921630859374,3.288076499262452,5.288585715579987,-13.810475306749343
1778595623921913900,28.400913818359374,3.3266678034633395,5.173442502096295,-13.834821812498568
1778595623931906800,28.41090673828125,6.3341317101001735,6.321058293515444,-9.613129999893903
1778595623941898800,28.420898681640626,8.395383856672048,5.906289743900299,-6.261266964897513
1778595623951891700,28.4308916015625,10.12002621358633,5.494600455600023,-3.02541223578155
1778595623961884700,28.440884765625,11.778716965687273,4.755375787718593,-1.51651106313169
1778595623971876900,28.450876953125,12.169185771304369,2.754531640358269,-1.3874538905858993
1778595623981869800,28.460869873046875,10.267061525893212,0.10191431407630443,-1.2096516840934752
1778595623991861800,28.47086181640625,8.396523089835048,-2.176133201988041,-1.3197206630527973
1778595624001854700,28.480854736328126,6.164098384043574,-3.626828561645746,-1.4793419006884097
1778595624011846700,28.4908466796875,3.0997435464054344,-4.190364069665968,-0.7772890255987643
1778595624021840000,28.50083984375,0.023992285484075546,-4.406640091459453,-0.4360077369987964
1778595624031831800,28.510831787109375,-2.616978442145884,-4.822624154344201,1.1244675555437802
1778595624041824800,28.52082470703125,-4.821443420127034,-5.592534175607562,4.216863661795855
1778595624051817700,28.530817626953127,-5.320832619190216,-6.575961275345087,6.596909955349564
1778595624061809700,28.5408095703125,-5.527388041958212,-7.097531326556205,7.404327577230334
1778595624071803000,28.550802978515627,-6.224689338606596,-7.2585682762086385,7.62931180613637
1778595624081794800,28.560794921875,-6.519636746054887,-6.894442703115939,8.19390442199409
1778595624091787800,28.570787841796875,-6.7447934089183805,-6.089751291328668,8.79351925139427
1778595624101779700,28.58077978515625,-6.783823104536533,-5.272583844327927,9.20139921053946
1778595624111772700,28.590772705078123,-6.71650254945755,-4.691425293594598,9.419777173048256
1778595624121766000,28.600765869140623,-7.0156421478986735,-4.238700522811711,9.53077729537785
1778595624131757800,28.6107578125,-6.875603562611341,-3.843463479879498,8.959809299269319
1778595624141750800,28.620750732421875,-6.467029775983095,-3.350070598621666,8.019280261015892
1778595624151742700,28.63074267578125,-6.065339319127798,-2.552014679326117,6.7656941581279035
1778595624161735700,28.640735595703124,-5.676833338016271,-1.6817472180396318,5.162059522816539
1778595624171727600,28.6507275390625,-5.057316122794151,-1.3619921170711518,3.276004368674755
1778595624181720800,28.660720947265624,-4.192957885551452,-0.7484180281624198,1.5444249059736728
1778595624191712800,28.670712646484375,-2.8086238805517554,0.7105500698000192,0.44725218459069727
1778595624201705700,28.680705810546876,-0.764906221626699,2.149891091750562,-0.6557680937767029
1778595624211698700,28.69069873046875,1.1665136763736605,3.724170745500922,-3.3539100306540726
1778595624221690600,28.700690673828124,2.4543454554736615,6.096338268503547,-6.042783203926682
1778595624231683800,28.710683837890624,2.710653920187056,6.523600973510741,-7.93656924458146
1778595624241675800,28.72067578125,1.274847209842503,4.577760335969924,-10.52258643901348
1778595624251668700,28.730668701171876,0.5029965759053826,4.310390379016101,-13.15386783953905
1778595624261661000,28.740660888671876,0.4968564657151699,4.319751497079432,-13.153471533697843
1778595624271654400,28.750654296875,0.49064270576685665,4.336883249144256,-13.15097796331644
1778595624281647400,28.7606474609375,0.5057958512350916,4.358728293466568,-13.139589138817787
1778595624291639300,28.770639404296876,0.5438710226073861,4.385721514332294,-13.118819907033442
1778595624301632500,28.780632568359376,0.5715002032890916,4.420857709643244,-13.099817100399731
1778595624311624200,28.790624267578124,8.344710485011339,2.0666993060618637,-7.302826520130038
1778595624321617400,28.800617431640624,9.865796600973605,1.6809309332206843,-4.332473323747515
1778595624331609300,28.810609375,9.31773718676567,1.221213527071476,-1.8454583553373813
1778595624341602300,28.820602294921876,8.79247763338685,1.0942074418365955,-0.22921032216846943
1778595624351595500,28.830595458984376,9.7261928999722,1.1471690705649553,1.4822183329075573
1778595624361587200,28.840587158203125,10.122536150580643,1.0073077415406704,3.5205297488749023
1778595624371580400,28.850580322265625,8.753581208759545,0.03147752667292952,4.466998114049434
1778595624381572400,28.860572265625,6.067095222884416,-0.5800647641472518,4.575576562190055
1778595624391565300,28.8705654296875,2.5750503947377203,-0.1934635937437415,5.572870274716616
1778595624401557500,28.8805576171875,-1.093555699929595,0.7753603956237435,6.43434564999938
1778595624411550200,28.89055029296875,-3.795310858868062,1.1953677226752042,6.859675925639271
1778595624421542400,28.90054248046875,-4.3988840705052015,0.6407499728649855,8.069199014917016
1778595624431535400,28.910535400390625,-3.574634556289017,0.8010413648471236,10.20533133816719
1778595624441528300,28.9205283203125,-3.3284882968887683,2.154144949802756,11.558967130303381
1778595624451520500,28.9305205078125,-3.7371523921489715,3.1662603838860988,12.911760041874647
1778595624461513200,28.94051318359375,-4.041515278196335,3.1632489271104336,13.727903406524657
1778595624471505400,28.95050537109375,-3.7636402938410636,2.6049428441762923,12.737853089255093
1778595624481498400,28.960498291015625,-4.634829838408529,2.530658295303583,11.534917561674117
1778595624491490300,28.970490234375,-5.410184973335266,2.9605007876709104,9.732507489946483
1778595624501483500,28.9804833984375,-6.000207214003801,3.2267563536420463,7.3701535049498075
1778595624511475200,28.99047509765625,-6.19150369284153,3.270064749492705,5.097255334472656
1778595624521468400,29.000468505859374,-5.443313335955143,3.271608471803367,2.9016923326104878
1778595624531461000,29.010461181640625,-3.8779526094585655,2.6366715691313147,1.167111350005865
1778595624541453300,29.020453369140625,-1.7171362190678714,2.7254847018331287,0.6395382589876651
1778595624551446500,29.030446533203126,-0.8700947350680828,4.043662519358098,0.6886749226003885
1778595624561438200,29.040438232421874,-2.1133593504279853,5.914025306588411,-0.000969137293100357
1778595624571431400,29.050431396484374,-3.6536779901266097,6.8034957732558246,-3.9169636003762482
1778595624581423400,29.06042333984375,-2.6180519165962934,6.814425163549185,-8.435304948171973
1778595624591416300,29.070416259765626,-1.4034452404439448,7.125549798816442,-11.359439414215087
1778595624601408300,29.080408203125,-2.4077067461565136,6.69046735996902,-13.398022632861137
1778595624611401200,29.090401123046874,-2.3743080421626566,6.550030130752921,-13.439706057858466
1778595624621394400,29.10039453125,-2.3036481135278937,6.408100617152452,-13.466734350037575
1778595624631386400,29.110386474609374,-2.2157325141876933,6.2917877753674984,-13.477007906770705
1778595624641379300,29.12037939453125,-2.138781960976124,6.217535959720611,-13.47526369345188
1778595624651371300,29.130371337890626,10.228453855079412,2.3694606021314857,-8.945544042551518
1778595624661364200,29.1403642578125,10.936734226381779,2.5908529440253973,-4.792019757243991
1778595624671356400,29.1503564453125,10.91319436084032,3.052558016860485,-1.1522913820147513
1778595624681349400,29.160349365234374,10.299331810379028,2.377479365675151,0.23226327999830246
1778595624691342300,29.17034228515625,9.314349297893047,0.6879243964940309,-0.24035773912668226
1778595624701334300,29.180334228515626,7.693926024866104,-1.1477911479860543,0.534452913659811
1778595624711327200,29.1903271484375,5.382756283661723,-3.3764898189917205,1.2693839760005474
1778595624721319400,29.2003193359375,3.5181501602619885,-4.953936412340402,1.3650351380288601
1778595624731312400,29.2103125,1.1140271178111434,-5.771556279283762,1.7829051607906818
1778595624741304300,29.22030419921875,-1.4219541260808706,-6.197741125926375,2.933288663357496
1778595624751297300,29.23029736328125,-3.5056817238330837,-6.537092907768487,4.548232628190517
1778595624761289500,29.24028955078125,-3.440809438689053,-7.159045241183042,5.223175962558388
1778595624771282400,29.250282470703127,-2.5372464415222407,-7.554308295339346,5.492204500374197
1778595624781274400,29.2602744140625,-3.31767785679996,-7.405287946695089,6.317668066555261
1778595624791267300,29.270267333984375,-3.8433439451530576,-7.120665533906221,6.92640845169723
1778595624801260500,29.280260498046875,-3.7371710968494414,-6.621769086796045,7.076773785209656
1778595624811252500,29.29025244140625,-3.5237399430930614,-5.670152837339043,7.544208341607451
1778595624821245400,29.300245361328123,-3.7928093974411485,-4.388622204209864,8.642241479212045
1778595624831237400,29.3102373046875,-4.608932596085966,-3.1260826872766017,9.705653969812392
1778595624841230300,29.320230224609375,-5.509550187450647,-2.0298902091026303,10.01157636026144
1778595624851222300,29.33022216796875,-6.452956826967001,-1.1849965507864952,9.611425534063578
1778595624861215200,29.34021533203125,-6.812671597880125,-0.7766159486427903,7.954708127862214
1778595624871207200,29.350207275390623,-6.3036535697281355,-0.9369096787124872,5.3529743088603015
1778595624881200400,29.360200439453124,-6.0688441123783585,-0.5115457930639385,2.8116350450664758
1778595624891193300,29.370193359375,-5.80425384927094,0.7890662648931145,1.0940157186567783
1778595624901185300,29.380185302734375,-2.5102982288420197,0.8274760750472545,1.2661036391556262
1778595624911178200,29.39017822265625,-0.8419944297432899,2.7866262760162352,1.3721236349850892
1778595624921170200,29.400170166015624,-1.967210465566814,6.275864814570546,-0.7939554982393979
1778595624931163400,29.410163330078124,-0.24847645591348408,7.751293341207504,-2.8171874184966086
1778595624941155300,29.4201552734375,1.149034133784473,6.70603843858838,-5.804043421390652
1778595624951148300,29.430148193359376,0.8266822943210601,3.9130236305788157,-11.12140456507802
1778595624961140500,29.440140380859376,0.8474442195817827,2.684157835188508,-15.745173788028955
1778595624971133400,29.450133544921876,0.7865542820721865,2.715450214552879,-15.759294667840003
1778595624981126400,29.46012646484375,0.7418637842133641,2.761568114866316,-15.762105049085616
1778595624991118300,29.470118408203124,0.7272881463721395,2.7978195779427883,-15.755967569243907
1778595625001111300,29.480111328125,0.7357377025485038,2.821977283121645,-15.744337921726702
1778595625011103500,29.490103515625,8.008862911897896,-0.20495383279025553,-9.894562092208862
1778595625021096400,29.500096435546876,8.210441130775212,0.4571268051341176,-7.150035420775413
1778595625031088400,29.51008837890625,7.0017235126614565,0.5237941570013761,-4.834155017662048
1778595625041081300,29.520081298828124,5.125829102528095,0.3123366414055228,-2.7982337117016316
1778595625051073300,29.5300732421875,3.8577579626917835,-0.2547621120542288,-1.2441916670769453
1778595625061066500,29.54006640625,3.733165368339419,-0.8273442653611301,0.8145020271837711
1778595625071059500,29.5500595703125,4.778059328691661,-0.9754542211621999,3.2953608110517263
1778595625081051400,29.560051513671876,5.742509048497676,-0.9849491947382688,5.158614935320616
1778595625091044400,29.57004443359375,5.029675251674652,-0.6144795133158564,6.745107881695032
1778595625101036300,29.580036376953124,2.495968966977298,0.16248305680751798,7.856053692364692
1778595625111029500,29.590029541015625,-0.3430208257436752,1.301018885192275,8.41785404715538
1778595625121021200,29.600021240234376,-2.2349583159223196,2.061678555290401,8.265685463613272
1778595625131014400,29.610014404296876,-3.0404587060049173,2.1264415348410606,7.793540829828381
1778595625141006600,29.620006591796876,-3.9645954123839733,2.3395520783409474,7.854516399794816
1778595625150999300,29.629999267578125,-4.849132806563377,2.798435664014518,8.678367270082235
1778595625160991500,29.639991455078125,-5.470756638675928,2.964239974199235,10.287331575983762
1778595625170984200,29.649984130859377,-5.436956075882911,2.5556992130577565,12.022874097096919
1778595625180977400,29.659977294921877,-5.11640193349123,2.0261793718859553,12.798816384261846
1778595625190969300,29.66996923828125,-5.64352728074193,2.1966662869289517,13.146940086102484
1778595625200962300,29.67996240234375,-6.726113258367777,2.2672309384956955,12.565883242177962
1778595625210954500,29.68995458984375,-7.83119631448388,2.028044581235945,10.425244839680195
1778595625220947200,29.699947265625,-8.912498097518085,1.729487458857894,7.901487994328141
1778595625230939400,29.709939453125,-8.956662817937135,1.2223647429332136,5.354230446401238
1778595625240932400,29.719932373046873,-7.433516846835613,0.9199661426961422,3.289458309009671
1778595625250924300,29.72992431640625,-5.208740025448799,1.7524702750384806,1.9336025027364492
1778595625260917500,29.73991748046875,-2.5009774427890776,3.5850659339323636,-0.7661848632603884
1778595625270909000,29.749908935546873,-0.2716521643176675,5.015797532969713,-5.6199605271935456
1778595625280901600,29.759901611328125,2.5677111378908157,4.165598461721837,-12.2855395296216
1778595625290894800,29.769894775390625,4.138617808076739,3.2247944059193134,-16.81472375847101
1778595625300886500,29.779886474609373,4.153273525416851,3.142807319845259,-16.8360798502326
1778595625310879700,29.789879638671874,4.202067659202218,3.011585370481014,-16.86030945160389
1778595625320872000,29.799871826171874,4.2639334560066455,2.8810119481533762,-16.880702251291275
1778595625330864600,29.80986474609375,4.338623955331743,2.7864745925858614,-16.883587451338766
1778595625340856800,29.81985693359375,4.428733557584882,2.7301512323394417,-16.8660728374362
1778595625350849500,29.829849609375,7.1872513449698685,5.9668988186419005,-6.474300059247017
1778595625360841700,29.839841796875,11.968201426666974,5.703572876381874,-1.4940011251598595
1778595625370835000,29.8498349609375,15.642310794925688,3.9641435769632456,-0.5208230322360992
1778595625380826600,29.85982666015625,15.597033729350565,0.6081847970858216,-1.4915712676644324
1778595625390819800,29.86981982421875,13.25152040451765,-1.993321935161948,-1.3578028486877678
1778595625400812500,29.8798125,10.630599069964886,-2.5832360392808913,-0.4575245722800493
1778595625410804700,29.8898046875,7.052870347052812,-2.787771938920021,1.114327854323387
1778595625420798000,29.8997978515625,3.455895364139974,-4.149394638156891,2.4707646753549573
1778595625430789600,29.90978955078125,0.32407413321137424,-5.593145000982284,2.995432692581415
1778595625440782800,29.919782958984374,-1.5351473745405673,-5.8267304694950575,2.784968571937084
1778595625450774800,29.92977490234375,-2.787357512900233,-6.109629711753129,3.638805999687314
1778595625460767700,29.939767822265626,-4.5175379224583505,-6.4507239533483975,5.131711146304011
1778595625470759700,29.949759765625,-6.222820037603378,-6.678928313344716,6.653235653683542
1778595625480752600,29.959752685546874,-6.782319714236259,-6.443188297146558,8.061286926618218
1778595625490744800,29.969744873046874,-7.043672310596704,-5.999538520961999,8.834715769657493
1778595625500737800,29.97973779296875,-7.502941680717468,-5.039928934663534,9.08629048384726
1778595625510729700,29.989729736328126,-8.053291251689195,-3.7309140822812914,8.899970039856433
1778595625520722700,29.99972265625,-8.482628424882888,-2.881892530380189,8.456468732231855
1778595625530715600,30.009715576171875,-8.523479490709304,-2.215350821393728,8.276711884540319
1778595625540707800,30.019707763671875,-8.303482987087964,-1.4977543402135371,8.140067617866396
1778595625550700500,30.029700439453126,-7.894027741450071,-0.9186305101782083,7.7131988806128495
1778595625560692700,30.039692626953126,-6.82580931187272,-0.6569964665278792,6.557533638250828
1778595625570685700,30.049685791015627,-3.676197280448675,-0.011277180817723274,4.782251227423548
1778595625580677600,30.059677734375,0.8101827026799321,1.3252496556073425,2.906069232520461
1778595625590670800,30.0696708984375,4.8422950694978235,0.4325511668041348,1.3359738787174225
1778595625600662800,30.079662841796875,-0.6368795611724257,-1.7462556383073329,-0.7405278594344854
1778595625610655700,30.08965576171875,-4.319061176727712,-2.8623692070037126,-4.611801137259603
1778595625620647700,30.099647705078127,1.911742845366895,2.7640236913248897,-5.66437717654705
1778595625630640600,30.109640625,0.19723025280088186,6.062376962190866,-5.6268421034008265
1778595625640633900,30.1196337890625,-1.0419506003767252,4.424408680123091,-6.792988992288708
1778595625650625800,30.129625732421875,-1.7200374934673308,-0.030564065089821815,-9.093434510383009
1778595625660618800,30.13961865234375,-3.1621412581294774,-1.7310542697831988,-10.85806459429264
1778595625670610700,30.149610595703123,-0.7508534386157989,0.9464508295178413,-12.458525275743007
1778595625680603600,30.159603759765623,-0.6784478353574872,1.0808598844856023,-12.390587465548515
1778595625690595600,30.169595703125,-0.7035460362568497,1.230351942294836,-12.349708342671393
1778595625700588800,30.1795888671875,-0.7893807376697659,1.3830486413642764,-12.329160060161351
1778595625710580700,30.189580810546875,-0.8848588812187314,1.5236156344398855,-12.318529945075511
1778595625720573700,30.19957373046875,9.101980804932117,-1.4952989098854361,-8.46058201276958
1778595625730566000,30.20956591796875,10.430319658726454,-0.9469887357868254,-4.302950876665115
1778595625740558600,30.21955859375,9.10326207691431,-0.7282007311724126,-1.3499053734362125
1778595625750550800,30.22955078125,9.465193354833126,-0.9939750894978642,0.3567378009289503
1778595625760543700,30.239543701171876,7.898073801970481,-1.0350761845625935,2.205874552518129
1778595625770536700,30.24953662109375,6.118737147316336,-0.23960750528126953,2.7841736221671103
1778595625780529000,30.25952880859375,6.114266139382123,1.061373093727231,4.19180579290688
1778595625790521600,30.269521484375,5.09152117473483,2.235600705479085,5.412873774027824
1778595625800513800,30.279513671875,4.179363075441122,3.6802562004506587,6.576453442776203
1778595625810506800,30.2895068359375,1.6797151276901363,3.8804353661850093,6.791783123630285
1778595625820498700,30.299498779296876,-2.35236012198776,4.511761092622578,7.65655812498033
1778595625830492000,30.309491943359376,-5.051848505038023,4.847618310347199,7.516946825194358
1778595625840483600,30.319483642578124,-3.9268440661385653,4.187235123990476,8.844950163424015
1778595625850476800,30.329476806640624,-3.185846251104772,3.5725972052425146,10.70992687370181
1778595625860468700,30.33946875,-3.7815667034149167,2.509815121500194,10.771316869688034
1778595625870461700,30.349461669921876,-5.058308640962839,1.4835574725568295,10.2549221752882
1778595625880454000,30.359453857421876,-6.576994710046052,0.7456067701339721,10.224197366678714
1778595625890446600,30.369446533203124,-8.330972467038034,0.14895605123639105,10.735559327608346
1778595625900438800,30.379438720703124,-9.599881811264156,0.28505145185589786,10.584482630956172
1778595625910431700,30.389431640625,-10.299415981531142,0.893574687115848,9.562940612357854
1778595625920423700,30.399423583984376,-10.284234779012202,1.4074822408750653,7.683891537585854
1778595625930417000,30.4094169921875,-8.501621879166365,1.59747991207391,5.8465282258987425
1778595625940409600,30.41940966796875,-6.14681816341877,0.9167647163063287,3.3886353070765733
1778595625950401800,30.42940185546875,-4.1109862893074745,-0.0989376363530755,-1.401270234492421
1778595625960394500,30.43939453125,-2.715195363008976,-0.5646265181273221,-7.62356712500453
1778595625970386700,30.44938671875,-1.5841443374216555,-0.8892606233090162,-13.710402821147442
1778595625980380000,30.4593798828125,0.322564020909369,-0.950149684035778,-17.37362488468885
1778595625990371600,30.46937158203125,0.4366518801212311,0.7530562093570828,-16.743398059403894
1778595626000364800,30.47936474609375,1.5424910153016447,2.0827347873225808,-15.540523322099446
1778595626010356700,30.489356689453125,3.291106952999532,1.9148124620705842,-14.988728813016413
1778595626020349700,30.499349609375,4.807924890123307,2.2858587743371723,-14.37943956182003
1778595626030341600,30.509341552734377,7.105282671335339,3.357165525318682,-12.057723292160034
1778595626040334600,30.51933447265625,9.199809895521401,3.7099510814905163,-7.949097302243113
1778595626050326800,30.529326904296877,11.601544873791932,3.6747882904335856,-3.1308909643411633
1778595626060319700,30.53931982421875,13.493441155177354,3.7301232241645454,0.32868834900856014
1778595626070312700,30.549312744140625,14.562532860457896,3.5085268841311334,1.11113344219625
1778595626080304600,30.5593046875,13.60141520768404,1.7262079987958072,-0.37593291526436806
1778595626090297600,30.569297607421873,11.91936345373988,-1.3811048138201236,-2.9335195495039224
1778595626100289800,30.579289794921873,7.658037549883127,-3.0217241949185727,-3.9376445693552493
1778595626110282800,30.58928271484375,3.0190462078809737,-2.915561868008971,-2.7049457716733216
1778595626120274700,30.599274658203125,-1.013073465460539,-2.7725226396009326,-0.9864104994624853
1778595626130267600,30.609267578125,-3.4958351603403686,-2.7954642469882964,0.2728390360146761
1778595626140259800,30.619259765625,-4.756232989069819,-3.177856421394646,2.1438754847228525
1778595626150252800,30.629252685546874,-4.796072539766133,-3.597610065945983,4.622050144073367
1778595626160244700,30.63924462890625,-3.6896024132058023,-3.8244066049709913,6.589240443634987
1778595626170237700,30.64923779296875,-4.110463142216205,-4.714525598675013,7.697826539435982
1778595626180229600,30.659229736328125,-4.849803545431793,-5.531128397530317,7.942832396629452
1778595626190222800,30.669222900390626,-5.225556135693192,-5.640525176316499,7.76154000993371
1778595626200214500,30.679214599609374,-5.724368996173143,-5.0979696202218525,7.827190585973859
1778595626210207700,30.689207763671874,-6.111770230913162,-4.422791015793383,8.147213397967814
1778595626220200000,30.699199951171874,-6.766905872005224,-3.463496486793458,8.48085556999147
1778595626230192600,30.709192626953126,-7.855081047940254,-2.456118018104136,8.729352776432037
1778595626240185900,30.719185791015626,-8.684094415557384,-1.7780813938960431,8.39066208884716
1778595626250177500,30.729177490234374,-8.850894751042127,-1.3700550120174884,7.392198163497447
1778595626260170800,30.739170654296874,-8.377236790084838,-0.5812552891060709,5.80449525681138
1778595626270163000,30.749162841796874,-7.6854866978228085,0.6243801450833678,4.130900365567207
1778595626280155600,30.75915576171875,-5.311591328114271,1.3868269908592104,2.3194302045494317
1778595626290147800,30.76914794921875,-2.6663828167840835,1.929099053837359,0.2825368386864662
1778595626300140800,30.779140869140626,-2.6452266315087676,1.2877113675907252,-1.7908242633521556
1778595626310132700,30.7891328125,-1.209873802411556,2.3625457081764933,-3.7752094433426855
1778595626320125700,30.799125732421874,1.7281541644275187,7.078188328182697,-5.796921022164821
1778595626330117600,30.80911767578125,1.071253851750493,7.607966235768795,-8.011180541190505
1778595626340110800,30.81911083984375,0.12468319524526596,4.35520917942971,-9.225700123581289
1778595626350102800,30.829102783203126,0.7134250407144427,2.7674308694198726,-10.008794036066531
1778595626360095700,30.839095703125,0.3147343501970172,2.90956730376929,-10.761441956883669
1778595626370088000,30.849087890625,1.1937477202579378,2.974188536761701,-10.471501563942432
1778595626380080600,30.85908056640625,2.853005750852823,2.5732164573088285,-9.905729967433214
1778595626390072800,30.86907275390625,3.9944109971940516,0.9644242931038141,-10.239168141317366
1778595626400065500,30.8790654296875,5.28190112324953,-0.9255597249194979,-10.749626431405543
1778595626410058800,30.889058837890627,7.99069129539132,-2.150506885561347,-10.636545995670556
1778595626420051000,30.899051025390627,10.809382104188202,-2.330189206711948,-8.13403593648672
1778595626430043600,30.909043701171875,11.112701034140587,-1.6854221071600912,-4.0391929727286096
1778595626440035800,30.919035888671875,6.655321227785945,-1.6930714528694748,-2.1712813780426976
1778595626450028500,30.929028564453127,5.403102321597934,-2.6757310753658414,-2.9647470469385384
1778595626460020700,30.939020751953127,7.209693478402495,-3.0441204433828593,-1.6404449013143776
1778595626470014000,30.949013916015623,5.812205100536346,-2.2387761206448076,0.3186193749368191
1778595626480005600,30.959005615234375,4.104703263515233,-1.1080042042598128,1.837194969382882
1778595626489998800,30.968998779296875,1.9949270322710275,0.1925631377726793,3.2701322617709634
1778595626499990800,30.97899072265625,-0.831169668868184,1.1153306016251445,4.3727667556911705
1778595626509983700,30.988983642578123,-3.3764187995821238,2.1401497421979903,5.466946724998951
1778595626519975700,30.9989755859375,-4.978200500503182,3.1520699459701773,7.175193242907524
1778595626529968600,31.00896875,-4.610951826953888,2.8594132798075673,8.778812096127867
1778595626539960800,31.0189609375,-4.781746785032749,2.5145488720238207,9.971606753444672
1778595626549953800,31.028953857421875,-4.836033963276446,2.4392563151523468,11.122773515343665
1778595626559945700,31.03894580078125,-4.685196628338098,2.232093281880021,11.688183877325057
1778595626569938700,31.048938720703124,-4.9726352675914764,1.6134940582856534,11.963215454947948
1778595626579931000,31.058930908203124,-5.990767185485363,1.2582254531264305,12.351069109630584
1778595626589923800,31.068923828125,-7.345368023261427,1.85313517357558,12.684150725162029
1778595626599916800,31.078916748046876,-8.260869587764143,2.9589424523130057,12.70274085934162
1778595626609908700,31.08890869140625,-8.919066954514383,3.9584704997628926,11.72935759923458
1778595626619901700,31.098901611328124,-9.035513651812076,3.5691003030374646,9.395642264223099
1778595626629894000,31.108893798828124,-8.091643486437201,2.4551819062978026,8.16702869002819
1778595626639886800,31.118886962890624,-6.382025095653534,1.5585025311648846,7.031826389980316
1778595626649878800,31.128878662109376,-4.681835627472401,1.151216153998673,4.829971009975671
1778595626659871700,31.138871826171876,-3.398327556790411,1.3803519496262073,1.8673621441096067
1778595626669863700,31.14886376953125,-2.0557544259384275,2.351528639599681,-1.6332447606772182
1778595626679857000,31.15885693359375,-0.5178448932081461,3.4790842242866753,-7.120887652224302
1778595626689848600,31.1688486328125,1.5776289641782641,4.438193167586625,-13.217433425998687
1778595626699841800,31.178841796875,3.8814696776688096,4.565106898362934,-16.570886945056916
1778595626709834000,31.188833984375,3.457331242161989,3.6471094253912564,-17.53554796952605
1778595626719826700,31.19882666015625,3.9047000388696786,2.415356384126842,-19.518377152246234
1778595626729819000,31.20881884765625,5.182295086115598,2.161377239143848,-18.112369367837903
1778595626739811600,31.2188115234375,5.7637289466589685,2.8375913240998982,-13.815797963076829
1778595626749803800,31.2288037109375,7.032477547365427,3.4498420554503797,-10.248455025100707
1778595626759796700,31.238796630859376,7.433546072930097,3.267978590868413,-7.381331317046285
1778595626769788700,31.24878857421875,9.271556450349092,1.454490368026495,-5.28490498124063
1778595626779782000,31.258781982421876,14.19588682897687,-1.7400436319246888,-5.876642793655395
1778595626789773800,31.26877392578125,17.9105468188107,-2.0131462873116135,-3.9529888534814117
1778595626799766800,31.278766845703124,15.747762050956487,-3.460783428442478,0.6092547644048929
1778595626809759700,31.288759765625,9.096405635148287,-5.089951148939132,0.7886410252183675
1778595626819751700,31.298751708984376,3.4164106182307004,-4.749914307442308,0.5041320096760988
1778595626829745000,31.308744873046876,0.16579963400959968,-4.201752601903677,0.8975339461356401
1778595626839736600,31.318736572265625,-1.6141712268948554,-4.48876132530719,1.261361413064599
1778595626849729800,31.328729736328125,-3.334449543380737,-5.101198519140482,2.425708559054136
1778595626859721700,31.3387216796875,-3.9366625725805755,-5.026226572525501,4.828339024859667
1778595626869714700,31.348714599609377,-4.600500575566292,-5.3992620127826925,6.3541410634279245
1778595626879707000,31.358706787109377,-6.4856655028700825,-5.7198149861305945,6.710573159408569
1778595626889699600,31.368699462890625,-7.62994601238668,-5.269433271342516,7.044858890032768
1778595626899691800,31.37869189453125,-8.355630522954463,-4.394114371885359,7.707415621036291
1778595626909684700,31.388684814453125,-8.769899306353926,-3.2810400247544047,8.565585525032878
1778595626919676700,31.3986767578125,-9.02946443477571,-2.451768882983923,9.550467499753832
1778595626929670000,31.408669921875,-9.613924949663877,-1.3918921652942895,10.497152722549437
1778595626939661800,31.418661865234377,-10.35137997752428,-0.4885808048009872,11.099910526150465
1778595626949654800,31.42865478515625,-10.520657516777515,0.16989537889063358,10.530721814674138
1778595626959646700,31.438646728515625,-10.034845007646084,0.3104074269086122,8.386887831005454
1778595626969639700,31.4486396484375,-9.302793300133944,-0.4310129974514246,6.258682209101319
1778595626979631600,31.458631591796873,-7.959772425514459,-0.9804612356692552,4.388592685854435
1778595626989624800,31.468624755859373,-4.721336739994586,-1.1327090219274163,2.249997771883011
1778595626999616800,31.47861669921875,-0.6487345418781042,-0.464856522603333,1.3664941046655177
1778595627009609700,31.488609619140625,-0.7302472884386777,0.571542288865149,2.0830729332357643
1778595627019602000,31.498601806640625,-2.9331045389622448,1.8755343446493147,1.734158957800269
1778595627029594600,31.5085947265625,-3.5878283843830228,5.341591329580545,-2.4871540846198794
1778595627039586800,31.5185869140625,0.6120493635594845,6.537307427302003,-8.446765668863058
1778595627049579800,31.528579833984374,6.834505828547477,4.998000010472536,-15.088759213042259
1778595627059572700,31.53857275390625,6.407032695659995,1.6535577731266617,-19.497434901982544
1778595627069565000,31.54856494140625,3.7026664774402973,-2.8916341721937058,-20.32136176011562
1778595627079557600,31.5585576171875,4.4783629731506105,-2.003732270017266,-18.28944326005578
1778595627089549800,31.5685498046875,5.814032315963506,-0.9272986775413155,-16.938106977033613
1778595627099542800,31.578542724609374,6.544494708457589,0.31629823851287364,-14.746263287955522
1778595627109534700,31.58853466796875,5.1806338749051095,-0.281543151473999,-12.217912685072422
1778595627119528000,31.59852783203125,6.237346575605869,-1.3852978815957904,-10.76852636218667
1778595627129519600,31.60851953125,8.544797588548064,-1.6794971010252833,-8.101759806782006
1778595627139512800,31.618512939453126,8.706316184237599,-0.887344706685096,-4.297815851864218
1778595627149504800,31.6285048828125,8.448895666629076,-0.47936917821094394,-1.118193882101774
1778595627159497700,31.638497802734374,7.543450801238417,-0.3490335101619363,2.6447803490459916
1778595627169490000,31.648489990234374,6.878914879116415,-0.46760377548485993,4.249008274075389
1778595627179482600,31.658482666015626,5.575830878087878,-0.7368629071861506,4.4162411557585
1778595627189474800,31.668474853515626,3.1926299198955297,-0.5953232696861028,4.917829326170683
1778595627199467800,31.6784677734375,0.830088011111319,-0.13200667000114916,6.124987439882755
1778595627209459700,31.688459716796874,-1.5889865167558193,0.40807957337051626,7.278775197935104
1778595627219453000,31.698452880859374,-3.7729113955333826,1.099348311856389,8.22558784650266
1778595627229444900,31.70844482421875,-4.310562228451669,2.18647719360888,9.777298233309388
1778595627239437800,31.718437744140626,-3.4486110523507,2.944745000134408,11.056081905817985
1778595627249429800,31.7284296875,-3.1699183218717573,3.172634302832186,11.793187389588356
1778595627259422700,31.738422607421874,-3.4367166164174674,2.7906863650619984,12.0314502022624
1778595627269414700,31.74841455078125,-3.9426352172493933,1.9274094933152197,11.898062307035921
1778595627279407600,31.75840771484375,-4.933558810222149,1.1899363452762364,11.46846209899187
1778595627289399300,31.7683994140625,-6.54589171577394,0.673880673572421,10.775662205415964
1778595627299392500,31.778392578125,-8.077343742927908,0.60102615750283,9.825237796092033
1778595627309384400,31.788384521484375,-8.630095698866247,1.0478314751088618,8.800414856126904
1778595627319377400,31.79837744140625,-8.038492911008,1.7779647817790507,7.49957951080799
1778595627329369300,31.808369384765626,-7.2079381591677665,2.328060962511599,5.917433653727174
1778595627339362300,31.8183623046875,-5.68405276787579,2.7199460646674036,4.430917331364751
1778595627349355500,31.82835546875,-3.2556931097909807,3.048499681380391,3.1990485547661778
1778595627359347500,31.838347412109375,-1.3589508496791123,3.381671605543792,1.0339970110237597
1778595627369340400,31.84834033203125,-0.027649054425954816,4.050881072434783,-3.1397394567072388
1778595627379332400,31.858332275390627,0.3606926760345697,3.5602786986783146,-8.985677315497398
1778595627389325300,31.8683251953125,1.1467010146617889,3.254939076553285,-13.447578398668766
1778595627399317500,31.8783173828125,1.8666186322659253,5.159208225038648,-13.43664199411273
1778595627409310500,31.888310546875,1.1574708304792642,6.200195533341169,-17.015577170205116
1778595627419302400,31.898302490234375,1.9430846168309448,5.690626885569095,-20.756386331295968
1778595627429295400,31.90829541015625,4.710523377296329,4.086367396357655,-18.867695567953586
1778595627439287600,31.91828759765625,6.981321360623836,3.0882647055357695,-13.540122242331504
1778595627449280500,31.928280517578123,7.923779905635118,2.880387971036136,-8.909848459792137
1778595627459272400,31.9382724609375,8.560928639137744,3.0659269092604515,-4.9444659886837
1778595627469265400,31.948265380859375,10.981913092279434,2.412295535251498,-2.7556273266404867
1778595627479257300,31.95825732421875,14.858096353977917,0.08539426416903734,-3.590261456748843
1778595627489250300,31.968250244140624,15.999937653648852,-2.8084450168535113,-3.0769658974081278
1778595627499242200,31.9782421875,11.896420969569682,-3.84220120485872,0.18846330123841762
1778595627509235500,31.9882353515625,8.529177994611858,-4.209445202232897,1.2162795778006315
1778595627519227400,31.998227294921875,4.242748044636845,-3.5315775048509237,2.1371265949845313
1778595627529220400,32.008220458984376,-0.32497137431204315,-2.9282635286718603,2.704752294927835
1778595627539212500,32.01821264648437,-1.9170698856085537,-3.0328400476947426,3.015263182210922
1778595627549205200,32.02820532226563,-2.438966976816952,-3.585606616680324,3.8569729497939345
1778595627559197400,32.038197509765624,-3.1166426587581633,-4.736540446606278,6.124905606818198
1778595627569190400,32.0481904296875,-4.612521268227696,-5.887570430383086,8.007655289673805
1778595627579182300,32.058182373046876,-6.897651143768429,-6.032670390713214,8.680683145809173
1778595627589175600,32.068175537109376,-9.084190881219506,-5.615526344138384,8.695298531138896
1778595627599167200,32.07816723632813,-10.23282023359537,-5.126387905454635,8.08534292498827
1778595627609160400,32.08816040039063,-10.515866775369643,-4.662369002719223,7.734185554540157
1778595627619153400,32.0981533203125,-10.34884315252304,-4.231546559403837,8.22724964223504
1778595627629145300,32.10814526367187,-10.232231035530567,-3.6802021321758627,8.992626111721991
1778595627639138600,32.118138671875,-10.388841985434293,-3.0579315265923737,9.643508187022805
1778595627649130200,32.128130126953124,-10.769509528005122,-2.433289807963371,9.96597663860321
1778595627659123500,32.13812353515625,-10.649825163960456,-1.805506576438248,9.436624262952805
1778595627669115400,32.14811547851563,-9.685046650591492,-0.7512786782905458,7.720271595478057
1778595627679108400,32.1581083984375,-7.614640306705236,0.5071352831453084,6.019149814882874
1778595627689100500,32.1681005859375,-3.1312735339179634,2.529524030576646,4.49100851971209
1778595627699093200,32.17809326171875,3.979376509669423,3.2449078041434287,1.4658657485216855
1778595627709085400,32.18808544921875,0.4703586271509528,1.198715864059329,-1.4851719220161437
1778595627719078400,32.198078369140624,2.0309084462344646,-0.4500231106087565,-4.153967352899909
1778595627729070300,32.2080703125,13.990010036122799,2.891781471709907,-7.693999090102315
1778595627739063600,32.2180634765625,7.999125946259498,2.3278639786347743,-12.848317205011844
1778595627749055500,32.22805541992187,1.2810323282182217,1.2019371641933918,-14.293085804969072
1778595627759048400,32.23804833984375,-0.7629892820894718,0.08332301085293292,-16.18567766740322
1778595627769040400,32.248040283203125,-2.0066113325849173,-0.015625439155101777,-17.526692462897298
1778595627779033300,32.258033447265625,1.5102011493325234,1.29411831202358,-17.115656670069693
1778595627789025300,32.268025390625,2.5118624094188213,2.1051988403260706,-15.212455735337734
1778595627799018500,32.2780185546875,2.3897210076108575,1.5805325766652822,-12.930716086757183
1778595627809010400,32.28801049804687,2.618222304727137,-0.0715925333097577,-11.386918957293032
1778595627819003400,32.29800341796875,4.499566796959936,-1.7488038614854216,-9.592682839670777
1778595627828995600,32.30799560546875,5.163015216106176,-1.3680810815960167,-5.960318855729699
1778595627838988300,32.31798828125,4.57025273681879,0.292621302588284,-2.9056898778140545
1778595627848980500,32.32798046875,6.985871279013156,0.032170331242680546,-0.9825795429974794
1778595627858973400,32.33797338867188,8.437623161986469,-1.063905534814298,1.2431330979347228
1778595627868966400,32.34796630859375,8.635625275942683,-1.7957494447946547,3.042947307950258
1778595627878958300,32.35795825195312,6.094861181688309,-1.2785682761922479,4.338293992725014
1778595627888951300,32.36795141601562,2.462928282640874,-0.2927659717559814,4.695250989362597
1778595627898943500,32.377943603515625,-0.06029840135723352,0.2923804795697331,5.179090737116336
1778595627908936400,32.3879365234375,-1.8360820397049187,1.0026078932866453,6.520178013324737
1778595627918928400,32.39792846679688,-1.9548776382163167,1.5775409936338662,7.804507045000791
1778595627928921300,32.40792138671875,-1.1996852936133742,1.920264297735691,9.234496008977294
1778595627938913300,32.41791333007812,-0.7415735690951347,2.38960410323292,10.581071361207961
1778595627948906500,32.42790649414062,-1.4704370019599795,3.1828467770278452,10.965478674829006
1778595627958898400,32.4378984375,-2.7058254771173,3.4689439385443923,11.114143634164332
1778595627968891400,32.447891357421874,-3.9138533594012257,2.935031999893486,11.0887660318017
1778595627978883600,32.45788354492188,-5.2567339487671845,2.005578774666786,11.234753880882263
1778595627988876300,32.467876220703126,-6.602889029759168,0.9799082779616117,11.642665988731384
1778595627998868500,32.47786840820312,-7.8860969484508034,0.48632513482868667,11.351990267252921
1778595628008861200,32.48786108398438,-8.106729996410012,1.3519526613548398,10.148062221503258
1778595628018853400,32.497853271484374,-7.318735452401637,2.660236569114029,9.17198665357232
1778595628028846600,32.5078466796875,-6.199577109181881,3.3562244450762866,8.092699717491865
1778595628038838300,32.51783837890625,-5.092434197926521,3.39699630818665,6.194123519951105
1778595628048831500,32.52783154296875,-3.1309006089523432,3.1509520478561517,3.670156246718764
1778595628058823400,32.53782348632812,-0.7761892476633191,3.725403502166271,0.42746670314669605
1778595628068816400,32.54781640625,0.3865837808772921,4.748397765399515,-4.26364470219314
1778595628078808300,32.557808349609374,0.15426760164797304,4.533654944522678,-11.9487204811275
1778595628088801300,32.56780126953125,2.361791674938798,2.6071248643904923,-17.576780143624543
1778595628098793500,32.57779345703125,3.904688348431885,2.189904829970002,-15.93519133297205
1778595628108786400,32.587786376953126,3.747054485221207,2.8084353722423314,-16.199287675082683
1778595628118778400,32.5977783203125,5.252314378759265,2.648428057898581,-16.38858859618902
1778595628128771300,32.60777124023438,6.557625992709398,3.039372372072935,-13.453692497634886
1778595628138763500,32.617763427734374,7.694238159555196,3.7813749802350998,-10.015042575067282
1778595628148756500,32.627756591796874,8.721915904429554,4.3391520708590745,-5.508847592139244
1778595628158748400,32.63774853515625,9.921118090701103,4.436163123063743,-1.728454024156928
1778595628168741400,32.647741455078126,10.704975973296165,4.164746521067619,-0.5664630859047174
1778595628178734300,32.657734375,10.815739364260434,3.0066648652136325,-0.9126520202904939
1778595628188726500,32.6677265625,9.387483507686852,0.6447571626797318,-1.451140473076701
1778595628198719500,32.67771948242188,7.284354459372162,-0.8295885371565819,-1.039597315248847
1778595628208711400,32.68771142578125,4.181868920782208,-2.23147953389585,-1.2967360933065413
1778595628218704400,32.69770434570312,0.5964812075495719,-3.3825089331507683,-1.7118974416315555
1778595628228696300,32.7076962890625,-2.2665876721560956,-4.585039387062191,-1.2623837418496608
1778595628238689500,32.717689453125,-4.312886579746007,-5.214981550186872,0.6789882258445024
1778595628248681200,32.72768115234375,-6.196522397786379,-4.994601600205898,3.7837025463998315
1778595628258674400,32.73767431640625,-7.415970084229111,-5.395716302999854,5.3353053811788556
1778595628268666600,32.74766650390625,-7.636731727004051,-6.494013644498586,6.2174605563968415
1778595628278660400,32.75766040039063,-7.325321845054626,-7.023179557666182,7.294556704434752
1778595628288652300,32.76765234375,-6.835286749792099,-7.050458609735966,8.160255250370502
1778595628298645200,32.77764526367187,-6.398474710673093,-6.862361803722381,8.812495754542946
1778595628308637200,32.78763720703125,-6.118620827460289,-6.458474129083752,9.259298441800475
1778595628318630100,32.79763012695312,-6.112217974680662,-5.788912487754225,9.67507295358777
1778595628328622300,32.80762231445313,-6.807751092612743,-4.453202812930941,10.021708462697267
1778595628338615300,32.817615234375,-7.3854498582810155,-3.432031965732574,9.925305605518817
1778595628348607200,32.82760717773437,-7.3826330472946164,-3.0704288968548177,9.240182822442055
1778595628358600200,32.83760009765625,-6.750123664030433,-2.714092954725027,7.431206816327571
1778595628368592400,32.84759228515625,-5.252790764099359,-1.631678826534748,4.985831433773041
1778595628378585300,32.85758544921875,-3.5932089083775876,-0.23864158285856246,3.289444865006208
1778595628388577300,32.86757739257813,-1.9874831460058688,0.4422165285110473,1.8833733677119016
1778595628398570200,32.8775703125,-1.1715119230523705,1.5539800853043795,1.2637930241256952
1778595628408562200,32.88756225585937,0.7508207053899765,3.1399133519694207,-0.30699031194150445
1778595628418555100,32.89755517578125,3.879904035787284,6.568191225865483,-4.00830800512135
1778595628428547000,32.907547119140624,7.270609427136183,8.358681727218627,-7.718300003144145
1778595628438540300,32.917540283203124,5.148317997711897,5.9635050845503805,-12.047401804631948
1778595628448532200,32.9275322265625,2.5478540525153277,4.745812132820487,-13.752434621191023
1778595628458525200,32.937525146484376,0.4483095846891403,3.196390441472828,-14.970996756970882
1778595628468517400,32.94751733398437,0.603833031617105,2.3144971320614216,-16.225329294312
1778595628478510000,32.95751000976563,1.6680135839805006,1.758087238137424,-16.18553036788702
1778595628488502300,32.967502197265624,2.3960674540281293,0.63274991402179,-15.234578719818591
1778595628498495200,32.9774951171875,2.1214766059100625,-0.4080900947645306,-12.770428494167327
1778595628508488200,32.98748828125,3.759048289875686,-0.7800631664872169,-10.697950020182132
1778595628518480400,32.99748046875,6.577387508755922,-0.8689952493935823,-7.797140900146961
1778595628528473000,33.00747314453125,7.459738498806953,-1.1580050834864377,-4.931525258567929
1778595628538465300,33.01746533203125,6.722369980186223,-1.5283338951334355,-3.721051736697554
1778595628548458200,33.02745825195313,6.832173001685738,-1.6143071282342076,-2.030797387075424
1778595628558450200,33.0374501953125,6.873005947333574,-1.203180442252755,0.3058224372059107
1778595628568443400,33.047443359375,5.8699453418433665,-0.7678413982957601,2.780024685794115
1778595628578435000,33.05743505859375,3.794481714567542,-0.9446849888890981,4.597870227062702
1778595628588428300,33.06742822265625,1.8037392745047807,-0.5702338366150855,5.740841407546401
1778595628598420200,33.07742016601563,-0.2970660070374608,-0.6579147504165769,6.509308828786015
1778595628608413200,33.0874130859375,-1.840333559669554,-0.31035218959003685,7.280304307198524
1778595628618405400,33.0974052734375,-3.498182307988405,0.4211550357818603,8.867383529028295
1778595628628398000,33.10739819335937,-3.115275754319131,1.3211574178576468,10.447508109414576
1778595628638390300,33.117390380859376,-3.708082657270133,1.5044254885405302,11.84038285600543
1778595628648383200,33.12738330078125,-4.248406508789956,1.1582067435383796,12.219056009888648
1778595628658375200,33.13737524414063,-3.493161849477887,0.8080255246460437,12.132377258867024
1778595628668368400,33.14736840820313,-4.290754242914915,-0.6723012954264879,11.999091070449351
1778595628678360300,33.1573603515625,-3.4291035110652444,-0.5330246344223618,10.993797591340542
1778595628688353300,33.16735327148437,-4.195303571894764,0.5708925927847623,10.223125353533028
1778595628698345200,33.17734521484375,-4.92126573036015,1.6139806727588175,8.30580412351191
1778595628708338200,33.187338134765625,-4.816295828105509,1.6750427519649267,6.392703141534328
1778595628718330000,33.197330078125,-4.352077018883824,1.5364362453073261,5.033559984153509
1778595628728323300,33.2073232421875,-3.983979035028815,2.0029221226781604,3.6599113315582272
1778595628738315300,33.21731518554687,-3.4467882208377123,2.5451760654777287,2.9853391685903072
1778595628748308200,33.22730810546875,-2.484545947948098,3.9353821773812174,1.167355680155754
1778595628758300400,33.23730053710938,-2.0565201496139167,5.727485666888952,-3.0360534567832946
1778595628768293000,33.247293212890625,-2.831679761968553,5.9553106721788645,-9.096240215453506
1778595628778285300,33.25728540039062,-1.5333587375581264,5.173087697309255,-14.001321703732012
1778595628788278300,33.2672783203125,1.5465625025242566,6.140106683081388,-14.065055632495879
1778595628798270200,33.27727026367187,1.662403050622344,5.848299327224493,-14.559065476608275
1778595628808263400,33.28726342773437,1.8474445607185364,4.731199670100212,-13.613793043220042
1778595628818255000,33.297255126953125,2.23196468706429,4.213274112871289,-11.811842990219592
1778595628828248300,33.307248291015625,2.638560159356892,4.877017715571821,-8.881346587929128
1778595628838240300,33.317240234375,3.7762253423869607,5.321140077704191,-6.005344576892257
1778595628848233200,33.32723315429688,4.650496486356854,4.626111986684799,-3.383573932033777
1778595628858225400,33.337225341796874,5.962478664112091,3.580699555416405,-2.0481144325792786
1778595628868218000,33.34721801757812,7.64796039250493,2.1470108601391313,-2.1350731695860623
1778595628878210300,33.357210205078125,9.228288386508822,0.5859086678698658,-2.35126852735877
1778595628888203300,33.367203369140626,10.930760412669182,-1.7664193054139614,-3.027188013282418
1778595628898195200,33.3771953125,10.285074152445793,-4.813841420690715,-2.9656209071636197
1778595628908188400,33.3871884765625,7.706919946473836,-6.361729911121726,-3.360401146239042
1778595628918180400,33.397180419921874,4.037867277082801,-6.316186888086795,-3.1789778266400095
1778595628928173300,33.40717333984375,1.0720026242911815,-5.631276870977878,-1.4911065727621315
1778595628938165200,33.417165283203126,-1.2775219820097088,-5.382172346293926,2.893041993165016
1778595628948158200,33.427158203125,-2.560302907460928,-5.280570751428604,6.052360010567307
1778595628958150100,33.43715014648438,-4.030421344991028,-5.636852040761709,6.44238399502635
1778595628968143000,33.44714306640625,-5.824964628866314,-6.20927724994123,6.807416161569953
1778595628978135300,33.45713525390625,-6.742382256123423,-6.435026033478975,7.556611896106601
1778595628988128300,33.46712817382812,-6.993125195664167,-5.895925001752376,8.759486633411049
1778595628998121200,33.47712133789062,-7.66394297453463,-5.2144765232741825,10.223755468130111
1778595629008113200,33.487113037109374,-8.108912601146102,-5.099159706789255,10.652177280044555
1778595629018106000,33.497106201171874,-8.390757365915178,-4.931002111476659,10.36989996907711
1778595629028098300,33.50709838867188,-8.80750919830203,-4.448046160820127,10.034043043613433
1778595629038091300,33.51709130859375,-8.977293518033623,-3.9354529045298694,9.575417816615104
1778595629048083200,33.52708325195312,-8.532546594262122,-3.159993432445824,8.779954251900314
1778595629058076200,33.537076171875,-7.738541411662101,-2.337313359503448,7.664250433048606
1778595629068068400,33.547068359375,-6.596732845216989,-1.604369379326701,5.707528336009383
1778595629078061300,33.557061279296875,-4.803204875864088,-0.8311071250259876,3.4885412039399144
1778595629088053200,33.56705322265625,-2.0865634057000277,-0.7920853204533457,1.627434028571844
1778595629098046200,33.577046142578126,1.611180520646274,-1.043465096592903,0.24822715732753275
1778595629108038100,33.5870380859375,3.220849759946763,-0.7769076250657438,0.2608949157208204
1778595629118031400,33.59703125,3.6700399268627164,0.5283426140859723,-1.6438380508840083
1778595629128023000,33.60702294921875,6.082187578076124,2.8324577606037256,-6.599180238369107
1778595629138016300,33.617016357421875,7.34006699424386,3.992768782944977,-12.303100905275343
1778595629148008400,33.62700854492188,4.085675614701211,1.87993550221771,-16.282723498660324
1778595629158001200,33.63700122070313,0.21710867322534322,1.874174162212014,-16.6681946421206
1778595629167993300,33.64699340820312,-1.647634228296578,3.2417730132490394,-17.32226879146099
1778595629177986000,33.65698608398438,0.5248001191735268,2.9873508006736635,-15.965347986304758
1778595629187978200,33.666978271484375,3.49701618681848,1.965971571421623,-14.227510632252692
1778595629197971500,33.676971435546875,4.394709707430005,0.8863485352545976,-12.723974201506376
1778595629207963100,33.68696313476563,4.575910616450011,0.8638532103300094,-10.122712676191329
1778595629217956400,33.69695629882813,6.143734810450673,1.3099202767893672,-7.201662147638201
1778595629227948300,33.7069482421875,6.1659963266193865,0.5797302714958786,-4.6132034052729605
1778595629237941200,33.71694116210937,5.4953802078008644,-0.43431759195476766,-3.1884523419499398
1778595629247933200,33.72693310546875,5.225409420698881,-0.9066416739597916,-1.2958669092565773
1778595629257926100,33.73692602539062,4.041205481594801,-0.7052253676459193,1.2590034517616033
1778595629267918000,33.74691796875,1.9785522360533474,0.03297346431910991,3.674246730902791
1778595629277910500,33.75691064453125,-0.18196049521565436,0.3354401613563299,4.796415946376324
1778595629287902700,33.76690283203125,-1.917958943402767,0.21713877610266208,5.101400763714313
1778595629297895400,33.7768955078125,-3.028782881258428,0.2961290184482932,5.387047843375802
1778595629307887600,33.7868876953125,-3.4212706254824994,0.8474962420299649,6.172838155338168
1778595629317880300,33.79688037109375,-3.4579157640516756,1.5248291018828748,7.20158966692388
1778595629327872500,33.80687255859375,-3.3931942855551838,2.1280790729150176,8.270244734352827
1778595629337865500,33.81686547851562,-3.350597252844274,2.379742634432018,9.237776930344104
1778595629347857400,33.826857421875,-2.9224855297923087,2.3094752122461792,10.462128170919417
1778595629357850600,33.8368505859375,-1.8990540441855788,2.0912483486458657,11.56450956686139
1778595629367842600,33.84684252929687,-0.7039993329823017,1.6759470073282718,12.56264382186532
1778595629377835500,33.85683544921875,-0.04824965164512396,1.2380439581021665,12.8940174644351
1778595629387827500,33.866827392578124,-0.22893238200992344,0.9345134312257171,12.27011750408411
1778595629397820400,33.8768203125,-1.3125003564104436,0.7373948221057653,10.358957719302177
1778595629407812600,33.8868125,-2.988168546797335,0.7579454427033663,7.9530778963118784
1778595629417805300,33.896805419921876,-4.0905382523015135,0.5156278016805649,5.735123029899597
1778595629427797500,33.90679760742187,-4.375775874379277,-0.08696370544284582,3.649802025476098
1778595629437790500,33.91679052734375,-3.5959225512504576,0.3319958661213517,2.487931498733163
1778595629447782400,33.926782470703124,-1.5259861629635094,2.285856143988669,0.9952706822663545
1778595629457775600,33.936775634765624,-0.8651584477096795,4.462099820613861,-3.069730685457587
1778595629467767600,33.946767578125,-1.5846984641730784,4.706187686179578,-10.373902774977683
1778595629477760500,33.956760498046876,-1.044145772333443,4.249754124006628,-14.846561399006843
1778595629487752400,33.96675244140625,-1.5761811034575104,3.740683488884568,-16.55031060549617
1778595629497745400,33.97674536132813,-0.3366550901040435,2.8703771568924186,-16.923799050217866
1778595629507737300,33.9867373046875,2.9692455274015663,2.3916470072373746,-15.029526102828978
1778595629517730600,33.99673046875,4.248988692592084,2.6668668009087444,-12.16819442217946
1778595629527722500,34.006722412109376,4.512194223342836,3.1796289840251206,-8.88817263455689
1778595629537715500,34.016715576171876,5.187223774689436,3.9564620825499293,-5.91695434577763
1778595629547707600,34.02670776367187,6.2249775078982115,4.3614606410399075,-3.316381387248635
1778595629557700400,34.03670043945313,7.061746896469592,3.383489760881662,-1.7430881141871213
1778595629567692500,34.046692626953124,7.57565386570692,1.9038973925635216,-1.4159844040215015
1778595629577685500,34.056685546875,7.366967860651016,0.597814501979947,-1.3424509657770394
1778595629587677400,34.066677490234376,7.06428839764595,-0.6671580873191356,-0.8626613701969384
1778595629597670700,34.076670654296876,6.478775158834457,-2.120992914046347,-0.46863165722787375
1778595629607662300,34.08666235351563,4.276464436277747,-3.412302598389983,-0.812394825771451
1778595629617655600,34.09665551757813,1.9816259444102644,-4.804002163721621,-1.758680235594511
1778595629627647500,34.1066474609375,-0.14882044215798376,-6.058235624602436,-1.7464912006288766
1778595629637640400,34.11664038085937,-1.3364116856127977,-6.067139646548032,1.2436042225778101
1778595629647632400,34.12663232421875,-2.7042846774160862,-5.557148973971605,5.35709927983582
1778595629657625300,34.136625244140625,-3.523547050869465,-5.968022854235768,6.4642082888215775
1778595629667617500,34.14661743164063,-4.225110388876497,-6.875875949811935,6.574044043546914
1778595629677610500,34.15661059570313,-4.846988780272007,-7.23747288120985,7.168647182264924
1778595629687602400,34.1666025390625,-5.464705668073893,-7.100109068089723,7.5866738568931815
1778595629697595600,34.176595703125,-5.97021890297532,-6.697677437478304,8.111535350865125
1778595629707587600,34.18658764648438,-6.231342366755008,-6.36634588048458,8.650748026272653
1778595629717580500,34.19658056640625,-6.83373601321876,-5.931318971216678,9.038449705263972
1778595629727572500,34.20657250976563,-7.5390253860116,-4.929373633491993,9.038106006392836
1778595629737565400,34.2165654296875,-7.72147980222404,-3.9954444318950175,8.55735779491365
1778595629747557400,34.22655737304687,-7.208427988511324,-3.5675896062135695,7.162849894163012
1778595629757550600,34.23655053710937,-6.636817018324137,-2.7363427804559466,5.20403813136816
1778595629767542300,34.246542236328125,-5.857338373726606,-1.7619830765321849,3.174364779886603
1778595629777534500,34.25653442382813,-5.245879377275705,-0.5629305278643966,1.2924439490705728
1778595629787527700,34.26652758789062,-4.011406555658579,1.2185855166554451,-0.2744406259924173
1778595629797520400,34.27652026367188,-1.7433599168658256,2.9577810073181987,-2.7964877448171377
1778595629807512600,34.2865126953125,1.8625602967858312,5.41909191789031,-5.349341505315899
1778595629817504500,34.29650439453125,5.2781134214043615,7.533153279107808,-7.882591570678353
1778595629827497500,34.30649755859375,4.42335624846071,5.788614381590485,-11.419797144544123
1778595629837489400,34.31648950195312,1.3746584141597151,3.8996702280089255,-13.953313751888274
1778595629847482400,34.326482421875,0.9318936041161417,2.1267551308348773,-16.469639570456742
1778595629857474600,34.336474609375,3.253100170688331,2.033268161103129,-16.44538425012231
1778595629867467500,34.34646752929687,4.959699213650822,2.197139749659598,-13.211339200776814
1778595629877459500,34.35645947265625,5.000558462783694,0.9610054245710372,-11.409463966578244
1778595629887452400,34.366452392578125,3.7604479275405405,0.006447860965132713,-10.509974794721602
1778595629897444600,34.37644458007812,3.29053295250386,-0.8542860483005642,-9.471943413615227
1778595629907437600,34.3864375,3.593099895045161,-1.4099921778693794,-7.923716192749142
1778595629917429500,34.396429443359374,4.638043832018971,-0.6340370312228798,-4.984965172332525
1778595629927422500,34.40642236328125,4.818514965459704,-0.5497349462047219,-2.003913471803069
1778595629937414400,34.416414306640625,4.427831055787205,-1.4085507468894123,-1.0501058497816325
1778595629947407400,34.426407470703126,4.1681764955163,-2.084692351131141,0.09181202225685119
1778595629957399300,34.4363994140625,3.5647859469696876,-2.0044529855072497,2.2407406987160443
1778595629967392500,34.446392578125,3.0306261710375546,-1.7002163561880588,3.9027293233186002
1778595629977384400,34.456384521484374,1.9695885928750037,-1.5145853557661175,4.836999885699153
1778595629987377400,34.46637744140625,0.40690146950185296,-1.5139508572548628,5.464875763943791
1778595629997369600,34.47636962890625,-0.9183698134154081,-1.646375168146193,5.988481120374798
1778595630007362300,34.4863623046875,-2.428438860800862,-1.0955763921022414,6.826676157835125
1778595630017354500,34.4963544921875,-4.023502067121863,0.16555033542364836,8.039525761187075
1778595630027347500,34.50634741210938,-5.190595296949148,1.1585688548490405,9.021345425727963
1778595630037339400,34.51633935546875,-5.658656460812687,1.9112386952370404,9.988173272842168
1778595630047332600,34.52633251953125,-5.748238532060385,2.0507263686433435,10.867939507097006
1778595630057324300,34.53632421875,-5.59085952039361,1.4114979062572122,11.737239292395115
1778595630067317500,34.5463173828125,-5.354660069990158,0.21359277405887842,11.737332815897464
1778595630077309400,34.55630932617188,-5.328766919320821,0.025436639073491096,11.404432402151823
1778595630087302400,34.56630249023438,-5.472294515767693,0.8187938791587949,11.253808125442266
1778595630097294600,34.576294677734374,-5.518901953163743,1.2470777439072727,10.536542483651637
1778595630107287300,34.58628735351562,-5.619549608305096,1.4816434556290508,9.512003036803007
1778595630117279500,34.596279541015626,-5.613607943296432,1.38159639672935,7.681154806098341
1778595630127272400,34.6062724609375,-5.130039998221397,1.0391042710348963,5.905270922246575
1778595630137264400,34.61626440429688,-3.0750621096134183,0.5986284487113356,4.944755327019095
1778595630147257600,34.62625756835938,-0.0156722009062767,0.8459194942325353,4.02885979476273
1778595630157249500,34.63624951171875,1.9020570253938436,2.045029033784568,1.9662866287201641
1778595630167242500,34.64624243164062,3.0732676274120805,3.0812127411976453,-3.259075445705652
1778595630177234400,34.656234375,3.549956334367394,3.1340260474964974,-10.77643260526657
1778595630187227400,34.666227294921875,3.465180494357645,3.639187984742224,-14.006411720347403
1778595630197219300,34.67621923828125,3.119823626881838,5.251721089041233,-15.067110860335825
1778595630207212500,34.68621264648438,2.4454694905787706,4.842702481254935,-16.95738217086792
1778595630217204500,34.69620458984375,2.995693973866105,3.770601949547231,-16.401298440158367
1778595630227197400,34.70619750976562,2.5563234824359418,4.518958310650289,-13.969016347932815
1778595630237189600,34.71618969726563,2.409574878115952,5.421827480334043,-10.086273581588268
1778595630247182300,34.726182373046875,3.9478041443198917,5.731079307466745,-6.7210530523687595
1778595630257174500,34.73617456054688,6.185092656755447,5.42084431451559,-4.874717914196848
1778595630267166500,34.74616650390625,8.739248147502542,4.621500693497062,-4.231428193721175
1778595630277159200,34.7561591796875,10.73506716017723,2.4643287970885632,-3.243718886619806
1778595630287151000,34.766151123046875,11.677311770176887,-0.4776254032835364,-3.6166193023204802
1778595630297144000,34.77614404296875,11.424508390974998,-3.040235418643057,-4.168121550458669
1778595630307136000,34.78613598632813,8.916730035999416,-4.177759731897711,-3.4198242260664697
1778595630317129200,34.79612915039063,5.307388615727424,-3.7099788462802765,-1.1604711813390254
1778595630327121000,34.80612084960938,2.1598528060555457,-4.213688831152021,0.9501882624804973
1778595630337114000,34.81611401367188,-0.6619359687566757,-4.482067088365555,4.046107282161713
1778595630347106300,34.826106201171875,-2.2026935843944546,-5.326477931600809,6.803996708515286
1778595630357099000,34.83609912109375,-3.064076020696759,-6.406708286011218,8.491170627778768
1778595630367091200,34.84609130859375,-4.175306493526697,-6.448311046987771,9.758536249694227
1778595630377084000,34.856083984375,-4.919533792001008,-6.396936249059438,10.08489060279727
1778595630387076000,34.866076171875,-5.19635517565012,-6.5526832756102085,9.85058851044774
1778595630397069300,34.8760693359375,-5.838860467749834,-6.354737860277295,9.843297184395789
1778595630407061000,34.88606103515625,-6.792616651844978,-5.70415798279345,10.032720855098962
1778595630417054200,34.89605419921875,-7.488889774489403,-5.125474882262945,9.582572364544868
1778595630427046100,34.90604614257813,-7.935802351862192,-4.6488224156647915,9.069346363309025
1778595630437039000,34.9160390625,-8.233030563724041,-4.059794738991559,8.497648299360275
1778595630447031000,34.92603100585937,-7.959924401205778,-3.083209467972815,7.578799762517213
1778595630457024000,34.93602392578125,-7.611190458512306,-2.060594559445977,6.231141291224956
1778595630467016200,34.94601611328125,-7.091190433096886,-1.8596803574353455,4.294728407242894
1778595630477009200,34.956009033203124,-6.766136641198396,-0.7846168842688203,2.3516724319845435
1778595630487001000,34.9660009765625,-6.9863774749696255,1.2078519411951303,1.065910737156868
1778595630496994000,34.975994140625,-7.539427537071704,4.087633178509772,-0.0393354005664587
1778595630506986200,34.985986328125,-5.390002601528168,8.155808207833767,-2.354627774658799
1778595630516978000,34.99597802734375,-1.5294249052405355,10.952792211735249,-6.057459379532933
1778595630526971100,35.00597119140625,1.1684349998250603,9.334661433559656,-10.139094486671686
1778595630536963000,35.01596313476563,2.33878284753412,6.845091519969701,-13.404863877058029
1778595630546956000,35.0259560546875,1.7212182276844978,4.117611844927072,-16.42997508406639
1778595630556948200,35.0359482421875,3.698855394719541,4.371605602957308,-16.52057597696781
1778595630566941000,35.04594091796875,6.208170750004053,4.613675114437937,-14.82551159671545
1778595630576933000,35.05593310546875,7.251251231193542,3.554475857618451,-13.6243541847229
1778595630586926300,35.06592626953125,7.151183421766757,2.346610472419858,-11.953814004874229
1778595630596918000,35.07591796875,5.994222878897189,1.3178770810127258,-9.99596728771925
1778595630606911200,35.0859111328125,6.988325101906061,1.105327678526938,-8.38870277147293
1778595630616903200,35.09590307617187,10.256362437224388,1.2439698410198092,-5.26728106174469
1778595630626896100,35.10589624023437,9.616109892487525,0.1487543911844492,-2.7581396017223594
1778595630636888000,35.11588818359375,7.0831871593832965,-0.7613473601013422,-2.3584984786123036
1778595630646881000,35.125881103515624,5.961638121634722,-1.8948752971962093,-1.1890344280004501
1778595630656873000,35.135873046875,5.933873331874609,-2.39364168818593,0.6700456254541873
1778595630666866200,35.1458662109375,5.664969881743192,-1.8879110111415385,2.946349220460653
1778595630676858000,35.15585815429687,4.855616031102836,-1.855962505955994,4.706880052357912
1778595630686851000,35.16585107421875,3.0086899413004518,-1.5802131354525684,5.727772082614899
1778595630696843300,35.17584326171875,0.7207853403493761,-1.6797756257057188,5.501051239174604
1778595630706836000,35.1858359375,-1.328661802138388,-1.6915931970104574,5.8253843155831095
1778595630716828200,35.195828125,-3.219547445176542,-1.3789754005759953,6.993470648100971
1778595630726821000,35.205821044921876,-4.340630326718092,-1.0878525198519229,8.000993493697047
1778595630736813000,35.21581298828125,-4.234569122095405,-0.8458595807388425,9.136517280784249
1778595630746805200,35.22580517578125,-4.319743021512031,-0.6763523243829608,9.983103129971028
1778595630756798000,35.2357978515625,-4.647471585577726,-0.6055404200568795,10.986427939355373
1778595630766790100,35.2457900390625,-4.977081141084432,-0.5134183089375496,11.850733569628
1778595630776783000,35.255783203125,-5.497444154593349,0.17485533938556908,12.360629549658297
1778595630786775000,35.26577514648437,-6.335438116523623,1.2324465764865278,11.649371623849868
1778595630796768300,35.27576831054687,-7.033743037256598,1.787029839505255,9.808408241844177
1778595630806760200,35.28576025390625,-7.228841830986738,2.2655700195461512,7.74257227461338
1778595630816753200,35.295753173828125,-6.708554220801592,2.7631638596251604,5.1236634489268065
1778595630826745000,35.3057451171875,-4.2907218019500375,2.244411496183276,2.268327793821692
1778595630836738000,35.31573803710938,-0.5504711515247821,0.7557651760548353,1.2664654582053423
1778595630846730000,35.32572998046875,2.9951208501532673,0.35635201648175713,1.587892291778326
1778595630856723000,35.33572290039063,4.322791887688637,1.3570093602225184,2.019562876355648
1778595630866715100,35.345715087890625,3.9206925577715035,3.363366425785422,-0.6663631375491619
1778595630876708000,35.3557080078125,2.4312398896962404,4.20573787214756,-7.987513834398984
1778595630886700000,35.36569995117188,-0.938664997947216,3.8493373403489586,-14.419154317092895
1778595630896693000,35.37569287109375,-3.7984459420233962,4.463630391182005,-16.59012005331516
1778595630906685200,35.38568530273437,-5.8350166518032545,4.235080871009826,-18.761600168800353
1778595630916678100,35.39567822265625,-3.4389015592411156,3.0824697555214167,-19.644340450429915
1778595630926670000,35.405670166015625,1.7115782926797867,2.0137544823378324,-17.121153513920305
1778595630936662300,35.41566235351563,5.279715011382103,2.4072362060353156,-12.19241817833185
1778595630946655000,35.42565502929688,6.356029069131613,3.9401805175736544,-8.031540023130178
1778595630956647200,35.43564721679687,5.811423010247945,4.878749653930962,-5.558984372705221
1778595630966639900,35.44563989257812,6.66706018089652,4.624898811502755,-4.21336529828608
1778595630976632000,35.455632080078125,9.021324967461824,3.324314810596406,-2.5834581575989723
1778595630986625300,35.465625244140625,10.142385344910622,1.0679258763715624,-1.77123342769742
1778595630996617000,35.47561694335938,10.445434225749969,-1.5670114163130522,-2.089836436021328
1778595631006610200,35.48561010742188,7.874481329458951,-3.9678289874777195,-3.417980059504509
1778595631016602000,35.49560205078125,3.9230338602006434,-3.296061945058405,-0.9219880039125681
1778595631026595000,35.50559497070312,2.7114251968204974,-3.0722832925498484,2.3336340864688156
1778595631036587000,35.5155869140625,1.9852154933348296,-3.4413305399537086,5.617382785660028
1778595631046580000,35.525580078125,1.2231027018189429,-3.991438703384995,9.092306383135915
1778595631056572200,35.535572265625,0.4399295866176486,-4.09880748347491,11.441726067757607
1778595631066565000,35.54556518554688,-1.0140031475260853,-4.254010904668271,12.496481789171694
1778595631076557000,35.55555712890625,-2.415988544550538,-4.464174581061303,12.70654609684348
1778595631086549000,35.565549072265625,-3.719940852846205,-4.849339435051381,12.19622575392127
1778595631096542200,35.575542236328126,-5.363063156676292,-5.264870493471622,12.085967389869689
1778595631106534000,35.58553393554688,-6.580026040565967,-5.059596927207708,12.161561267775296
1778595631116527000,35.59552709960938,-7.168625554955005,-4.7755873856201765,11.756582290768623
1778595631126519300,35.605519287109374,-7.250391984015703,-4.831028702335059,10.709895309519768
1778595631136512000,35.61551196289062,-7.43298142478466,-4.3389208924517035,9.710901222816108
1778595631146504200,35.625504150390626,-6.933153249782324,-3.383921138036251,8.318772910678387
1778595631156497000,35.635496826171874,-6.338767553207278,-3.469270686280727,6.279320507982373
1778595631166489000,35.64548901367188,-5.72193037084937,-3.1348668822348116,3.672424191650748
1778595631176482300,35.655482421875,-3.913306539173424,-1.8344111838832498,0.8708540290027856
1778595631186474000,35.66547387695312,0.06722118635773658,-1.2046797408998011,-0.6505342847764491
1778595631196467200,35.67546728515625,0.5900830309450626,-0.505934967444837,-1.2147785255879162
1778595631206459100,35.685459228515626,-3.598568097323179,0.8116931072428822,-3.563766833055019
1778595631216452000,35.6954521484375,0.43732174220681186,5.053847569900751,-5.200355058941245
1778595631226444000,35.70544409179688,2.605480604314804,8.468214115083217,-4.830944238922
1778595631236436200,35.715436279296874,-1.1165031525358557,7.0650471070587635,-7.791457009291649
1778595631246429200,35.72542919921875,-1.1992869419455527,5.039038123303651,-13.382473181551694
1778595631256421000,35.735421142578126,-1.7237787258222699,1.226821430081129,-18.34485008997917
1778595631266414000,35.7454140625,0.11488178606852889,1.5340733155682682,-19.063765252542495
1778595631276406500,35.75540649414062,1.947478175614774,2.732250834967196,-17.443893768179414
1778595631286399500,35.7653994140625,1.8007726797841488,2.7965920819744468,-15.244735372173785
1778595631296391400,35.775391357421874,1.0863780633851885,2.167929729527235,-14.18033036340475
1778595631306384600,35.785384521484374,2.732714945347607,1.1774670320644973,-12.890206381714343
1778595631316376300,35.795376220703126,6.608367168909311,1.10122082773,-9.927592255151271
1778595631326369500,35.80536962890625,6.072127956354618,0.8511112176567316,-6.286064137023687
1778595631336361500,35.81536157226562,5.065066298529506,0.5383472907498479,-4.9175838269770145
1778595631346354400,35.8253544921875,5.6947360744535915,-0.5038789116978645,-2.57055600592792
1778595631356346400,35.835346435546874,5.975458557194471,-0.7025111402511596,0.7464245162576436
1778595631366339300,35.84533935546875,5.324744824197888,-0.5667962633818387,3.0706998227506874
1778595631376331500,35.85533154296875,3.2730078172072767,-0.9589625205665826,4.016387851202488
1778595631386323500,35.86532348632812,1.0926254333421588,-1.4823580336391924,4.7392029438138
1778595631396316400,35.87531640625,-1.1760834687516093,-1.6012895334899424,6.042608431881666
1778595631406308400,35.885308349609375,-1.7621804988004266,-1.6343869164496658,7.2938307282477615
1778595631416301600,35.895301513671875,-1.0226606473647057,-1.2727791713967918,8.8798917129457
1778595631426293200,35.905293212890626,-0.4181317424379289,-1.089875842373073,10.068684148883818
1778595631436286500,35.91528637695313,-0.9500127597831189,-1.0103636219799519,10.47585274488926
1778595631446278700,35.92527856445312,-1.6222713851116597,-0.5436687780335545,11.33774429975748
1778595631456271400,35.93527124023438,-2.0479497435368597,0.018160802851617336,12.693683108139037
1778595631466263600,35.945263671875,-2.5286358495652674,-0.09576777414530516,13.41023329513669
1778595631476256300,35.95525634765625,-2.572331198906898,-0.21904928589910266,13.17636024185419
1778595631486248400,35.96524853515625,-2.9639126419410107,0.18495704668313265,12.242184372019768
1778595631496241700,35.97524169921875,-3.1049685875773427,0.5321408373251557,10.588913306879997
1778595631506233300,35.9852333984375,-2.797797658371925,0.7733233368381858,8.646648774260282
1778595631516225500,35.9952255859375,-2.432437867309153,1.1724757996484636,6.261150645041465
1778595631526218500,36.005218505859375,-1.8423451917529106,1.331422206762433,3.9068993024796246
1778595631536210400,36.01521044921875,0.08143675871491432,0.8566831725701689,1.7494412826061247
1778595631546203400,36.02520336914063,1.4625390883170066,0.562355358324945,0.7546762117743492
1778595631556195600,36.03519555664062,2.568842480008304,2.476722122454643,1.1346475887745617
1778595631566188500,36.0451884765625,3.192216662919521,5.784676457619667,0.18478665855228898
1778595631576180500,36.055180419921875,2.8680276711568236,6.456261713731289,-4.62622070775628
1778595631586173400,36.06517333984375,0.7614832614406943,4.616408631055057,-9.66328782324791
1778595631596165400,36.07516528320313,-0.2692225990831852,5.065969384849071,-12.021879240840672
1778595631606158600,36.08515869140625,-1.9546561044201254,5.610543879550695,-15.245441474616527
1778595631616150300,36.095150390625,-4.063128851850331,4.284899379406869,-18.72611501392126
1778595631626142500,36.105142578125,-4.521962753163278,3.7836359109044073,-18.94898035097718
1778595631636135700,36.1151357421875,-4.782783726865053,4.059885632145405,-16.10175435256958
1778595631646127400,36.12512744140625,-3.771122174029052,5.003695007243752,-11.163430519902706
1778595631656120600,36.13512060546875,-1.048991166538,5.775555578052997,-5.715818609970808
1778595631666112500,36.14511254882812,1.7575827957466243,6.160343999946117,-1.8147201027244328
1778595631676105500,36.15510546875,3.987606285615265,5.878668746525049,-0.5583294638097286
1778595631686097400,36.165097412109375,5.565623372328281,3.4615769169077275,-1.766774110201001
1778595631696090400,36.17509033203125,7.4916101393640036,0.33290625896453857,-4.854910805442929
1778595631706082600,36.18508251953125,9.158920251250267,-5.335742603552341,-12.047781743860243
1778595631716075500,36.19507543945313,4.572578841678798,-8.88785523917079,-16.64685959314704
1778595631726067500,36.2050673828125,2.097512377476692,-7.975581404542923,-10.003006100314854
1778595631736059400,36.215059326171875,4.693419682282209,-4.9367806948781014,1.1620464678317308
1778595631746052600,36.225052490234376,5.84845364100337,-3.893022168296575,7.327068980982899
1778595631756044300,36.23504418945313,5.86889437148571,-4.415988642302155,12.059680271446704
1778595631766037500,36.24503759765625,4.570476900963485,-5.642358236962557,16.30520537958145
1778595631776029700,36.25502978515625,0.3267684868618846,-6.279656608068943,17.720646178245545
1778595631786022400,36.2650224609375,-3.3291841701984404,-5.754526818549633,14.692654447364806
1778595631796014600,36.2750146484375,-4.6567640223190185,-6.07753244574666,12.989458198583126
1778595631806007300,36.28500732421875,-5.1803334306538105,-5.698326207900047,13.481716815114021
1778595631815999500,36.29499951171875,-5.709072058320045,-4.331807261054218,13.599350676369665
1778595631825992700,36.30499267578125,-5.969271977514028,-3.4531957497924566,13.62754099806547
1778595631835984400,36.314984375,-5.219000722700357,-3.230416045193374,12.361597517907619
1778595631845976600,36.3249765625,-4.457347365389764,-3.4992680573984978,10.43415061519146
1778595631855969500,36.334969482421876,-3.953713952885568,-3.4157144526600836,8.759241134217381
1778595631865961500,36.34496142578125,-3.4646491639599204,-3.0941216148704287,6.591743366366624
1778595631875954400,36.35495434570313,-3.124684510916471,-3.120837772360444,2.974101150739193
1778595631885946600,36.364946533203124,-3.9846959511265156,-3.3095679078415032,0.1752612898379564
1778595631895939600,36.374939697265624,-5.31181695356369,-2.1579776598334313,-0.8290735733717679
1778595631905931500,36.384931640625,-6.909164471429586,0.7608885104179381,-0.9041957421123981
1778595631915924500,36.394924560546876,-7.624232895436882,4.465232857942581,-1.9680781883120535
1778595631925916400,36.40491650390625,-6.2794379968822,7.494916195172071,-3.3177889159590004
1778595631935908600,36.41490869140625,-3.4254864896118637,8.689182678607105,-6.687651718026399
1778595631945901300,36.4249013671875,-2.708015096116066,5.641318957042694,-12.433309001421927
1778595631955893500,36.4348935546875,-1.6902258541800081,2.098391498398781,-16.856804658353326
1778595631965886700,36.44488671875,-2.6968893064677713,1.555584597891569,-17.515455614089966
1778595631975878400,36.45487841796875,-1.5487623506560921,3.846056418982148,-16.092953790998457
1778595631985871600,36.46487158203125,0.4598093222163617,4.561544237445295,-14.347973579454422
1778595631995863600,36.474863525390624,1.3701532116949557,3.751033910246193,-12.691356711018084
1778595632005856500,36.4848564453125,2.7845512233078478,2.671447698958218,-12.119801854932307
1778595632015848400,36.494848388671876,3.7750036916375156,1.466657483421266,-10.89786585880518
1778595632025841400,36.50484130859375,5.979995616102218,0.9687877490103244,-9.955920524013042
1778595632035833600,36.51483349609375,8.22590524188876,0.7921130852431059,-7.394217686626314
1778595632045825500,36.524825439453124,8.061125014054774,1.0112707999527453,-4.096535739150643
1778595632055818500,36.534818603515625,7.360382637041806,0.9945441215574741,-2.495796240758896
1778595632065810400,36.544810546875,8.007933522093296,-0.6049427464246749,-1.4465350251078606
1778595632075803400,36.554803466796876,7.683873417407273,-1.6017819931820034,0.4362912301152944
1778595632085795300,36.56479541015625,6.060706398630142,-1.550830973623693,2.2439047157049177
1778595632095788500,36.57478857421875,3.9730958219647405,-2.0985937429726125,3.3193910904586312
1778595632105780500,36.584780517578125,1.4729295494280754,-2.6674147901803256,4.154422110930085
1778595632115773400,36.5947734375,-0.8253017997480928,-2.8710297755822536,4.948714293777942
1778595632125765600,36.604765625,-2.379038139424473,-3.0478698590442534,6.171241826057433
1778595632135757600,36.61475756835937,-2.6337679566442964,-3.4732252691254017,7.943715024682879
1778595632145750500,36.62475048828125,-2.518189274352789,-2.910365760670602,9.666839962771535
1778595632155742500,36.634742431640625,-2.7688743462264536,-2.2142726707682012,10.953234110283852
1778595632165735400,36.6447353515625,-3.5054303794205186,-1.9257851069837808,11.992785248303413
1778595632175727400,36.65472729492188,-4.190832563960552,-1.2019988312527536,12.847992210841179
1778595632185720300,36.66472021484375,-4.298642950338125,-0.12228490193188189,13.154377542626857
1778595632195712500,36.67471240234375,-4.108133237963915,0.7824024230897426,12.435990787851809
1778595632205705500,36.68470556640625,-3.6193501885890957,1.5497612985655664,10.925788469475506
1778595632215697400,36.694697509765625,-2.6783880196154115,1.3797531069502234,9.339045347732306
1778595632225689300,36.704689453125,-1.4820434147320687,1.0384963682696222,7.5806556195169685
1778595632235682600,36.7146826171875,-0.4719698617398739,1.1308981731131673,5.458637746337056
1778595632245674500,36.72467456054687,0.4582451416395604,1.2123965988874434,3.5990655254513024
1778595632255667500,36.73466748046875,2.2176012306690214,1.454230840307474,2.6644179464519024
1778595632265659600,36.74465966796875,3.1064424595221873,2.935091913387179,2.898202736929059
1778595632275652600,36.754652587890625,2.1643300976000726,5.281262240824103,1.8900579600423573
1778595632285644500,36.76464453125,-0.5033614636950194,7.489073314362764,-2.9761481463968753
1778595632295637500,36.77463745117188,-3.9966520541191097,7.651979565018415,-10.057077882242202
1778595632305629400,36.78462939453125,-4.890161567044258,7.495196765679121,-13.8194722676754
1778595632315621600,36.79462158203125,-3.221678319725394,7.854274407732486,-14.839081856906413
1778595632325614600,36.804614501953125,-2.2048834956541654,6.803301711988449,-15.847629953896998
1778595632335606500,36.8146064453125,-1.4440519761204718,6.238383517438173,-14.683456410908699
1778595632345599700,36.82459985351562,-0.6149038762077689,6.189398244994878,-10.710850418287515
1778595632355591400,36.83459130859375,0.5224377739563584,6.62222735195756,-5.7508712186515325
1778595632365584600,36.844584716796874,1.9916823512613773,6.927145533800124,-1.1966051555156707
1778595632375576600,36.85457666015625,4.720808624467254,6.122728847301006,-0.13511691097617148
1778595632385569500,36.864569580078125,7.403139828750491,3.417617655932903,-2.254573409235477
1778595632395561700,36.87456176757812,9.290909970116616,0.5310182630360126,-3.7185008831709623
1778595632405553700,36.8845537109375,11.31398582302928,-1.90489838629961,-6.893856427660584
1778595632415546600,36.894546630859374,11.972186696910857,-6.470244646376371,-13.096395309257506
1778595632425538600,36.90453857421875,4.727316106665135,-7.0597571839571,-11.828630458891391
1778595632435531500,36.914531494140626,3.0767838188394903,-6.0944298045337195,-8.380259937298298
1778595632445523500,36.9245234375,3.869377965597808,-5.292558126342296,-1.7648399272680282
1778595632455516700,36.9345166015625,4.919239192968607,-5.4710804638028145,4.230886926451325
1778595632465508600,36.944508544921874,2.9100407664999364,-6.118249656060338,7.984949536868929
1778595632475500500,36.95450048828125,-1.1646972746014594,-5.318619034793973,11.59554417207241
1778595632485493800,36.96449365234375,-2.8374492852807043,-3.7949557618200775,13.456460793304442
1778595632495485400,36.9744853515625,-3.31438612177819,-3.5087297132268547,13.923390907311438
1778595632505478700,36.98447875976562,-3.871252235037088,-4.070489443746209,13.402389011377096
1778595632515470600,36.994470703125,-5.079377147954702,-4.406914524486661,13.059812422269582
1778595632525463600,37.004463623046874,-6.474885750180483,-3.950260305300355,12.815771026194096
1778595632535455700,37.01445581054688,-8.120103272724151,-3.7080163140356537,12.202280231654644
1778595632545448400,37.024448486328126,-8.275455162477494,-3.6882141737177965,11.051751767659187
1778595632555440600,37.03444067382812,-8.120498409521579,-3.8022853740558027,9.89016648759842
1778595632565432600,37.0444326171875,-8.132911316370963,-3.6849697849690912,8.749224767115711
1778595632575425500,37.054425537109374,-7.318727269095182,-3.0569504066005346,8.68522371184826
1778595632585417500,37.06441748046875,-6.249965234160423,-2.3637191358700393,7.91120567074418
1778595632595410700,37.07441064453125,-6.075653792393207,-1.88640674405843,5.578989049857855
1778595632605402600,37.08440258789062,-6.591452274465561,-1.3429440099909902,2.6810288895130157
1778595632615395600,37.0943955078125,-7.01960169917941,-0.5790469654068351,0.02098141323029995
1778595632625387800,37.1043876953125,-6.164447343611717,0.9231599703013896,-2.0201304471105335
1778595632635379500,37.11437939453125,-4.658857779727876,3.68540116212368,-4.836805239909887
1778595632645372700,37.12437255859375,-2.4855644773408767,6.234261469072103,-8.424555006098746
1778595632655364600,37.13436450195312,-0.8642623756527901,6.154488844177126,-12.910550081562995
1778595632665357600,37.14435766601562,1.1340016920864582,4.561901380319893,-16.698041498851776
1778595632675349800,37.154349853515626,2.1508000232890248,3.281759863461554,-18.119640820145605
1778595632685342500,37.164342529296874,2.3974688452586532,3.4506785062745213,-17.487550539076327
1778595632695334700,37.17433471679688,3.042464492869377,3.075072046485543,-15.777741009634733
1778595632705326600,37.18432666015625,2.9631343510448933,1.8736247116357088,-14.240983861809967
1778595632715319600,37.19431958007812,2.488005733013153,1.686032348012924,-11.737720938432217
1778595632725311500,37.2043115234375,2.5376304724037646,1.8633473555102944,-10.112405217188597
1778595632735304700,37.2143046875,3.540249179345369,1.3505062619388102,-8.817490494090318
1778595632745296600,37.22429663085938,4.97473603926301,0.9345286287948489,-6.147063662612438
1778595632755289600,37.23428955078125,4.708406823533773,0.6584060410648584,-4.958420279756188
1778595632765281800,37.24428173828125,4.465361452758312,-0.21745032626986502,-3.5557822640419006
1778595632775274500,37.2542744140625,4.716780684125423,-1.003026410959661,-1.4522364516198634
1778595632785266700,37.2642666015625,5.136940863651037,-1.1480135585650801,0.3586147007167339
1778595632795258600,37.27425854492188,4.746994328342378,-1.9108526185289023,1.4854279426038264
1778595632805251600,37.28425146484375,3.8447286775097247,-2.518613637244701,2.460944123086333
1778595632815243800,37.294243896484375,2.7561422904253003,-2.9783205219998954,3.32761823605597
1778595632825236500,37.30423657226562,1.6346550658665597,-3.3532235096946357,4.605279042014479
1778595632835228700,37.314228759765626,0.4608535705722868,-2.8226524059042335,6.354558412057161
1778595632845221600,37.3242216796875,-0.42727936388105153,-2.065040725199878,8.082156696167587
1778595632855213600,37.33421362304688,-0.6289339359302073,-1.7779864090889692,9.39774595850408
1778595632865205500,37.34420556640625,0.16627536176256835,-1.9097341358929871,10.618721585166453
1778595632875198700,37.35419873046875,0.755225808481127,-1.9454986922353505,11.579100402271747
1778595632885190400,37.3641904296875,1.0293336953878403,-2.113143369589746,12.126436178380251
1778595632895183600,37.37418359375,0.9783294843375683,-1.990067609541118,12.31155893701911
1778595632905175800,37.38417578125,0.13325944654121993,-1.2323638666391372,12.202245160341262
1778595632915168500,37.39416845703125,-0.8443043141208588,-0.4596808735311031,11.275555846869945
1778595632925160700,37.40416064453125,-1.7935871521942317,-0.0009659224227070807,9.336246656924486
1778595632935152600,37.41415258789063,-2.718366978782415,0.6428273636609315,7.919695266669988
1778595632945145600,37.4241455078125,-3.399223921108246,1.9244576577723025,7.074457909482717
1778595632955137500,37.43413745117188,-2.986661357104778,2.384296352213621,5.4276797134935855
1778595632965130500,37.44413061523438,-2.3415382837221026,2.5502225352123378,3.3940596702128647
1778595632975122700,37.454122802734375,-2.8103914747461674,3.439973864647746,0.36319326067864893
1778595632985115600,37.46411572265625,-4.5582525024235245,4.208338702295721,-5.0553620661169285
1778595632995107600,37.47410766601563,-6.25916619322598,3.9240012439280747,-11.705117476469278
1778595633005099500,37.484099609375,-5.702600231957435,4.109043630807101,-13.971345083141326
1778595633015092700,37.4940927734375,-4.402030844098329,6.464047545301914,-13.512753758412599
1778595633025084400,37.50408447265625,-3.7129590311348437,8.008892137992381,-14.154721290373802
1778595633035077600,37.51407763671875,-1.912533995744586,8.2016627810359,-12.081915484130382
1778595633045069600,37.52406958007813,1.0698612283483147,9.186463507214189,-8.793309992557763
1778595633055062500,37.5340625,4.177117342340946,9.825553437912463,-4.8934167694479225
1778595633065054700,37.5440546875,7.611026792383194,8.517617905199527,-1.831564854541421
1778595633075046700,37.554046630859375,10.619219597816466,5.898923014524579,-2.25827986253798
1778595633085039600,37.56403955078125,10.696005900377035,3.0419685260459777,-3.5567630917727944
1778595633095031600,37.57403149414063,9.45302711622119,1.313478846053779,-4.493774477294087
1778595633105024500,37.5840244140625,9.084287327331303,-0.2535077280789614,-6.096058867040276
1778595633115016700,37.5940166015625,8.59726719597578,-1.7511203217342495,-6.506643993490934
1778595633125008600,37.604008544921875,7.934337540006637,-3.8784970915988084,-8.827183620586991
1778595633135001600,37.614001708984375,5.772076503765582,-6.013773967063426,-11.470510263693331
1778595633144993500,37.62399365234375,2.6684648837551475,-6.270599441388249,-12.46346331666708
1778595633154986500,37.63398657226563,3.051592094437778,-7.019412898609041,-6.2702744472175835
1778595633164978400,37.643978515625,4.261640084372461,-4.433325269289314,4.948949856099486
1778595633174971600,37.6539716796875,1.283379475866258,-2.7993431342482564,10.525974327886104
1778595633184963600,37.663963623046875,-2.916465246589482,-3.417695981866121,11.821164945316314
1778595633194955500,37.67395556640625,-6.254290696144103,-3.857249720908701,11.582363203459977
1778595633204948700,37.68394873046875,-10.18045291749835,-3.595338029360771,11.364012713479996
1778595633214940700,37.69394067382812,-12.559762128949165,-4.18382356198132,10.819935062384605
1778595633224933600,37.70393359375,-12.680505646657943,-4.593227077431976,11.632810949671267
1778595633234925600,37.713925537109375,-10.929258191412687,-4.785059562842547,12.729142544054984
1778595633244917500,37.72391748046875,-9.010918139737845,-4.873438395780324,12.995854037100075
1778595633254910700,37.73391064453125,-7.402730078905821,-4.700883734552562,12.432674210649727
1778595633264902700,37.743902587890624,-5.57116463984251,-4.134358104805648,11.96897416460514
1778595633274895600,37.7538955078125,-3.4756221011340616,-2.8025226410672066,12.064552845919131
1778595633284887600,37.763887451171875,-2.460416299819946,-1.3355305188640951,11.686924817174672
1778595633294880500,37.773880615234376,-2.5800515640258785,-0.6428270713999867,10.18531964675188
1778595633304872400,37.78387255859375,-3.9122237123727794,0.32989304862320423,6.899976956367492
1778595633314864600,37.79386474609375,-6.036760874897241,1.1614712982922792,2.7654724288284775
1778595633324857600,37.803857666015624,-6.794621561926603,1.4022957781478762,-0.4519219299674034
1778595633334849500,37.813849609375,-6.071908176124095,2.017781545896828,-2.7282448141962288
1778595633344842800,37.8238427734375,-3.2448937756180762,3.5972897479504344,-5.250085012272
1778595633354834400,37.83383447265625,-0.202384859085083,4.298553226228058,-8.577326816231011
1778595633364827600,37.84382763671875,1.0187244769595563,3.0570947835072873,-13.181555472409725
1778595633374819600,37.853819580078124,3.477345271664858,1.9108137478232383,-16.433012259805203
1778595633384811500,37.8638115234375,3.0925369760274886,1.1628671365648506,-16.855820323491095
1778595633394804700,37.8738046875,0.37094343641400335,1.4919745877683162,-17.483560592657327
1778595633404796700,37.88379663085937,-2.0317523497126997,1.1343439296528697,-17.921615325313805
1778595633414789600,37.89378955078125,-2.8818402156710623,0.1563727572336793,-17.42525453416109
1778595633424781600,37.903781494140624,-1.045153268875554,0.1508303206756711,-15.45239378774762
1778595633434773800,37.91377368164063,0.23443660544939338,1.0484574980527162,-11.007068576323986
1778595633444766500,37.923766357421876,2.577436413091421,2.1466855737075208,-6.873747705611586
1778595633454758700,37.93375854492187,6.4898308058559895,1.6254101215288042,-4.336915690109134
1778595633464751600,37.94375170898437,8.020824567848443,0.4536977074682712,-2.5191093118071555
1778595633474743600,37.95374365234375,8.105217838281392,0.24738603032827375,-2.357607667252421
1778595633484736800,37.96373681640625,8.138164999115467,0.04212210867553949,-1.6100176143467426
1778595633494728400,37.973728515625,8.30274765855074,0.032146950367093086,-0.21329379111230373
1778595633504720600,37.983720703125,6.258710850673913,0.5986383855834603,0.4779939443349838
1778595633514713600,37.99371362304687,1.5428420206964015,0.5661649797409772,2.081339241310954
1778595633524705500,38.00370556640625,-0.04181669598817825,0.45553076811432835,3.305755948337912
1778595633534698500,38.013698486328124,1.230692280165106,1.5057134825244545,5.328056725224852
1778595633544690700,38.02369067382813,1.875472385329008,2.2465429552540184,7.486462255081534
1778595633554682400,38.03368237304687,0.9852232624392956,2.42170984480679,8.780403164711593
1778595633564675600,38.04367553710937,0.500058476626873,2.7622987672284243,10.118708701246977
1778595633574667800,38.053667724609376,-0.09894085122346878,2.0981948067829013,11.393386107480525
1778595633584660500,38.063660400390624,-0.22745383388996124,2.732517376948893,11.51767884210348
1778595633594652700,38.07365258789063,-0.7194459084391593,2.0825372189238665,11.752060429430006
1778595633604644600,38.08364453125,-0.9217056798398494,1.5172612969771027,12.043694766807555
1778595633614637600,38.09363745117187,-1.0232372051436454,1.8535934387370943,12.534686139881611
1778595633624629500,38.10362939453125,-2.0174106667578218,2.0289105504155156,12.270009952056407
1778595633634622500,38.11362255859375,-2.5297078627109526,1.7514187201589344,11.372871727240085
1778595633644614700,38.12361474609375,-2.2295232852615414,1.805493716956675,10.375506703042984
1778595633654607600,38.13360766601563,-1.698702298363298,2.7262942646503445,8.870721149018406
1778595633664599600,38.143599609375,0.05377119154557585,2.54178846886605,6.437641184413433
1778595633674591500,38.153591552734376,2.398062865629047,1.2390414447069167,3.806585409337282
1778595633684584700,38.163584716796876,3.6889573933005333,0.43136049571484325,1.5873323198080063
1778595633694576400,38.17357641601563,2.918736406391859,1.1110077699899672,-1.1905851645737886
1778595633704569600,38.18356958007813,-2.1970520713761448,2.3343343436926602,-5.685289616194367
1778595633714561800,38.193561767578124,-10.399971282213926,1.8411670878842472,-11.893621109718083
1778595633724553500,38.203553466796876,-13.31453770944476,0.8855427718296647,-14.795418071746825
1778595633734546700,38.213546630859376,-12.889998291921614,1.6160606939032673,-14.065492854869365
1778595633744538600,38.22353857421875,-10.962008952891827,3.916851664434373,-12.48533612577915
1778595633754531600,38.23353149414063,-6.13450813242197,4.016754930949211,-11.972612228846549
1778595633764523500,38.2435234375,-2.075967046753317,3.392410149440169,-10.83271855611205
1778595633774515700,38.253515625,1.6099663225509226,3.5669644600525494,-8.150159388291835
1778595633784508700,38.2635087890625,4.27765276927948,3.6465696194261312,-4.812292729943991
1778595633794500600,38.27350048828125,6.4551452769219875,3.6710491039052604,-3.087914576923847
1778595633804493600,38.28349365234375,7.120272735196352,3.085591102412343,-4.292852091977
1778595633814485500,38.293485595703125,8.621833481955528,0.49843964325338597,-5.641926859807968
1778595633824477700,38.30347778320313,10.167890373045205,-1.6808318567603826,-8.375378594997525
1778595633834470400,38.313470458984376,13.844343674081562,-7.665330044978856,-19.55279497015476
1778595633844462600,38.32346264648437,6.6330491902232165,-8.582782159027456,-20.38326496632099
1778595633854455800,38.33345581054687,2.165646587026119,-1.5583283436417579,-8.707980318057537
1778595633864447500,38.343447509765625,7.263177815830707,-0.09273995075672864,1.8622189360022543
1778595633874439700,38.35343969726563,7.158139232254028,-2.3810987252160905,7.057195809036493
1778595633884432600,38.3634326171875,2.1368740815281866,-2.6479455350786445,11.333601208603381
1778595633894424600,38.37342456054687,-0.19047347201704978,-1.345776895329356,13.285375912368297
1778595633904417500,38.38341748046875,-1.2481798599302767,-1.9346242469996213,14.13737969495058
1778595633914409700,38.39340966796875,-1.896068452503532,-2.9151819287806746,13.579021005046366
1778595633924402700,38.403402587890625,-2.2483014893591404,-3.921562618604302,12.61079790418148
1778595633934394600,38.41339453125,-3.034454204893112,-4.219117578202486,13.05454120386839
1778595633944386800,38.42338671875,-4.136772472470999,-4.094178362369537,12.686044576084614
1778595633954379500,38.43337963867187,-4.821707039499283,-4.399510093449056,12.262302446419
1778595633964371700,38.44337182617188,-5.127117388772964,-4.380938079448044,11.607802765142917
1778595633974363600,38.45336376953125,-4.884800332272053,-3.684648005668819,10.683747307306527
1778595633984356600,38.46335668945313,-4.77861140961647,-3.4549934468641874,8.91191299110651
1778595633994348500,38.4733486328125,-5.693895531976223,-3.353747241307795,6.531762652656435
1778595634004341500,38.48334155273437,-6.654926675510406,-2.2088351558893917,3.76981138369143
1778595634014333400,38.49333349609375,-7.511172917968034,-1.1859767939954995,0.5883873329430819
1778595634024325600,38.50332568359375,-6.263190626436471,-0.1997904586777091,-1.0618389576733112
1778595634034318600,38.51331860351563,-6.6136956704556935,0.5985322948604822,-3.4196260731458663
1778595634044310500,38.523310546875,1.381259127599001,2.704297536897659,-8.637712603610753
1778595634054303700,38.5333037109375,4.292271661740541,5.379980389207601,-11.414891836845873
1778595634064295400,38.54329541015625,-2.8907658649265766,6.0472939593493935,-8.068599879980086
1778595634074288600,38.55328857421875,1.1240344248235226,7.887869218820333,-7.196260580855608
1778595634084280600,38.56328051757812,-0.13544069957043975,5.161747972649335,-5.320233484253287
1778595634094272500,38.5732724609375,-3.117644529277086,4.735303890548646,-6.976622389152646
1778595634104265700,38.583265625,-3.1709096709966658,4.42136858177483,-8.930380375689268
1778595634114257700,38.59325756835938,-3.6146103005856274,2.5857515292331574,-9.465881337097287
1778595634124249600,38.60324951171875,-3.522695986998081,2.094506181398034,-10.177309358775615
1778595634134242600,38.61324267578125,-2.8915064541608095,1.4400056233391165,-10.53773023213148
1778595634144234800,38.62323486328125,0.8106699016749859,0.5051169290602207,-10.753658463400601
1778595634154227500,38.6332275390625,6.282372881290316,0.22841829500794408,-10.370559309768677
1778595634164219600,38.6432197265625,7.706051346945762,0.36202597046494484,-9.189293177682162
1778595634174211600,38.65321166992187,10.923008483368157,0.6840852567225695,-9.09052417589426
1778595634184204500,38.66320458984375,13.4851128872931,-0.781622086367011,-9.297130452066659
1778595634194196700,38.67319677734375,8.168209424245356,0.28611732752174135,-3.887992941957712
1778595634204189400,38.683189453125,2.1762825473308562,2.219707263037562,-0.15274784473478792
1778595634214181600,38.693181640625,0.029360534518957135,1.1154697178348898,-0.6114864689797163
1778595634224173600,38.70317358398437,0.24194763866662977,0.1432335819363594,0.7158464226424693
1778595634234166500,38.71316650390625,1.4156360289752483,-0.3347179845616221,2.9146897613495586
1778595634244158500,38.723158447265625,1.5476748476803301,-1.1139122592598198,4.405068019837141
1778595634254151700,38.733151611328125,1.6287538789987563,-1.884855130702257,5.286983541080355
1778595634264143600,38.7431435546875,1.3217501230537891,-2.6132047688260673,6.384645507284999
1778595634274135600,38.75313549804687,-0.27792613002061844,-2.5500045085474845,7.8289914979159825
1778595634284129000,38.76312890625,-0.8696797245264053,-1.59347067643255,9.725694887322186
1778595634294121000,38.77312084960938,-0.5861655652403831,-0.47901627312004563,12.039336571598053
1778595634304114000,38.78311401367188,-0.9383271442949771,-0.07423252642452717,13.813598991727828
1778595634314106000,38.793106201171874,-1.7758499815821647,0.02593260589689016,14.642586640381813
1778595634324097800,38.803097900390625,-2.430968087017536,0.3359814286261797,14.799567008119821
1778595634334091000,38.813091064453126,-2.872460977429151,0.23046909005790947,13.98644328355193
1778595634344083000,38.8230830078125,-3.282257583850622,-0.3366033599168062,11.961679331421852
1778595634354076000,38.83307592773438,-4.0714474751234055,-0.11139087521284818,10.144580809128284
1778595634364068000,38.843068115234374,-4.569296459007263,0.30080344000011683,8.406599662691354
1778595634374060000,38.85306005859375,-3.695190734732151,0.7083975679412484,6.5138195842087265
1778595634384053000,38.863052978515626,-2.720402284002304,0.9521543018564581,3.967742185977101
1778595634394045000,38.873044921875,-2.944184151381254,0.9129206080988049,1.5217594851791858
1778595634404037000,38.883037109375,-2.792293800258636,1.9783064445987342,-1.2814929314672947
1778595634414030000,38.893030029296874,-3.1926679138183593,3.391829134681821,-6.019709786853194
1778595634424022000,38.90302197265625,-4.249965136408806,2.3740149044349788,-11.85058276298046
1778595634434015000,38.913014892578126,-4.625230527675152,0.8609349847957491,-14.475343237304687
1778595634444007000,38.9230068359375,-3.4173522829949854,3.0097186998263,-13.946467831516266
1778595634453999000,38.9329990234375,-2.292200252318382,4.833916532731056,-13.786481852221488
1778595634463991800,38.94299169921875,-0.08437354281917214,5.274353776609897,-12.661069124782085
1778595634473984000,38.95298388671875,2.4031004214048384,5.735073930060863,-11.168268023061751
1778595634483977000,38.96297705078125,4.511811069244146,6.455892295897007,-9.403087904053926
1778595634493969000,38.97296899414062,7.072129174274206,6.88811934531331,-7.055588958361745
1778595634503961000,38.982961181640626,8.31542710738182,6.113678110361099,-5.645232331094145
1778595634513954000,38.9929541015625,8.854457996481656,4.174409544686973,-6.277835822382569
1778595634523946000,39.00294604492188,10.109760840159653,1.2570716069161891,-8.068134600555897
1778595634533939000,39.01293896484375,10.902720897620915,-1.7412296268388627,-10.475004019105434
1778595634543931000,39.02293090820312,9.148331052696705,-0.7704349219202995,-8.448846566790342
1778595634553922800,39.0329228515625,5.9165527792394155,-1.0543708137497305,-5.201935606130958
1778595634563916000,39.042916015625,1.3017454459011555,-2.536007839637995,-3.444197619822621
1778595634573908000,39.05290795898438,0.3966984937869012,-4.373047033937275,-0.369133172121644
1778595634583900000,39.06289990234375,0.4927764298599213,-5.083312149316072,4.051479622849822
1778595634593893000,39.07289306640625,0.5275521212954074,-4.147125816442072,9.475707150062918
1778595634603885000,39.082885009765626,0.4676292021870613,-3.5010929347380992,13.590555960017442
1778595634613878000,39.0928779296875,-0.46432080829143524,-3.6104935129165647,15.00425020727515
1778595634623870000,39.10286987304688,-2.2574597783267496,-4.552731108653545,14.253739298486709
1778595634633862100,39.112862060546874,-4.6205520144701,-5.5420677246958014,13.242546824467182
1778595634643855000,39.122855224609374,-6.714146926242113,-5.68420182095766,13.454517842543124
1778595634653847000,39.132846923828126,-7.7075500610709184,-5.497070645105839,13.629841676223277
1778595634663840000,39.142840087890626,-7.837031011986732,-5.239761771178245,13.658394401490687
1778595634673832000,39.15283203125,-7.186063011968136,-4.647737835298479,13.24227209917903
1778595634683824000,39.16282421875,-6.378360143405199,-3.6085546538084743,12.055272976398467
1778595634693816800,39.17281689453125,-5.175920290386676,-2.9155232895642516,9.788488320365548
1778595634703809000,39.18280908203125,-4.226764293563366,-2.880441747049987,6.557078880220652
1778595634713801000,39.19280102539062,-4.509822525775433,-2.9017171747907993,2.5552123063236474
1778595634723794000,39.2027939453125,-4.277314915627241,-2.784684494298696,-1.7266612955212592
1778595634733785900,39.212785888671874,-3.3061469934821126,-2.3299054213345047,-4.810137013214827
1778595634743779000,39.222779052734374,-3.7786967009365555,-0.4531596550688147,-5.29622424763441
1778595634753771000,39.23277099609375,-2.316843841318041,1.833505759476125,-6.20286036863625
1778595634763763000,39.24276293945312,0.9604746056299656,4.492153305833042,-6.727284055712818
1778595634773756000,39.252755859375,-0.1598375838000327,5.16336242210865,-7.648260836756229
1778595634783747800,39.262747802734374,-1.2932850760698318,3.5263618160292505,-10.475311477619409
1778595634793740000,39.27273999023438,-0.9443980617064982,0.9504021974921226,-13.593063558924197
1778595634803733000,39.28273291015625,-5.534342098879814,0.999035295496881,-15.379406877470016
1778595634813725000,39.29272485351562,-5.739031143254041,1.9178645431175827,-15.677990011072158
1778595634823718100,39.30271826171875,-3.2680466876685617,1.7706600117236375,-13.575165498661994
1778595634833710000,39.3127099609375,-1.1407646103501319,2.6050296456769106,-11.43800733949542
1778595634843702000,39.32270190429688,1.1787573641359805,3.4969302621006966,-8.510188047459721
1778595634853695000,39.33269506835938,3.955158014214039,3.1782699706315993,-8.185002738136053
1778595634863687000,39.34268701171875,8.31281780166626,2.5395892052561044,-6.649113605317473
1778595634873680000,39.35267993164062,10.489764365863799,2.339818035800755,-4.7714124380230905
1778595634883672000,39.362672119140626,8.33383487073183,1.6702707152575254,-3.29979207149744
1778595634893664000,39.3726640625,10.368117177313566,0.678643942451477,-2.0027263078451156
1778595634903657000,39.38265698242188,10.279760848468541,-0.7594739674448967,-1.865028148204088
1778595634913649200,39.392649169921874,5.837836385399103,-0.8119576033979654,0.46722237495183944
1778595634923641000,39.40264111328125,5.348242019641399,-0.8126610754922032,2.1513298923820257
1778595634933634000,39.412634033203126,4.982775553333759,-1.1831699198812247,4.221064620617032
1778595634943626000,39.4226259765625,3.73187649757266,-0.8144546809107065,5.948609713235497
1778595634953618200,39.4326181640625,1.2783996416270733,0.04085106582641601,6.854867648574709
1778595634963611000,39.44261083984375,-2.262380283594131,0.7266498484686017,7.746364652633667
1778595634973603000,39.45260302734375,-3.6282454427063464,0.03510316982418298,8.361881400042773
1778595634983596000,39.462595947265626,-4.661034831506013,0.1441328688636422,9.7590535515666
1778595634993588000,39.472587890625,-5.401227759897709,0.815375010626018,11.308289072692393
1778595635003580200,39.482580078125,-5.6096624205410475,1.04386257147789,12.487189060169458
1778595635013572900,39.49257275390625,-5.755861866545676,1.4923586186498403,13.180372400104998
1778595635023565000,39.50256494140625,-5.7897501076221465,1.9282304543092845,13.654555261719226
1778595635033557000,39.51255688476562,-5.277735820263624,1.872732731232047,13.210101183414459
1778595635043550000,39.52255004882812,-4.595754257822036,1.9338672911524772,11.480535983145236
1778595635053542000,39.5325419921875,-4.190245703983306,2.2969907014653086,9.189580762451886
1778595635063534800,39.542534912109375,-3.945798649716377,2.1759832721233368,6.246466286128759
1778595635073526800,39.55252685546875,-2.90411283775568,2.1468018935635684,3.304825974011421
1778595635083519000,39.56251904296875,-1.2370645916759968,2.42418091109544,0.8557260179758072
1778595635093512000,39.57251196289062,0.34899814658761025,2.3283915096402166,-0.6275497150301933
1778595635103504000,39.58250390625,0.7580931806109845,3.209566733910143,-1.9686767387270927
1778595635113496000,39.59249609375,-1.0777451134659348,4.170641424325108,-5.539535575869679
1778595635123489000,39.60248901367188,-3.906289938409626,3.288334857937693,-9.58413654512167
1778595635133481000,39.61248095703125,-3.236284937226772,3.5636575274616478,-10.537709189343452
1778595635143473000,39.622472900390626,-2.3770060490749776,5.615252203372121,-10.49039798759222
1778595635153466000,39.632466064453126,-1.7008802269242702,6.1455947591036555,-10.867959380841254
1778595635163457800,39.64245776367188,0.18415844365134834,6.02743833527863,-11.075291633200644
1778595635173451000,39.65245092773438,2.1163833744242786,5.9704708319097755,-10.135216768455505
1778595635183443000,39.66244287109375,4.584291783565282,5.864266127163171,-8.376607260009646
1778595635193435000,39.672434814453126,6.447726525098085,5.365088525024056,-6.420162810868025
1778595635203428000,39.682427978515626,6.9836641243577,4.269711454886198,-5.3447886643171305
1778595635213420000,39.692419921875,7.883722620534896,2.379915652911365,-5.9373909846067425
1778595635223412000,39.702411865234374,8.689279124718905,0.45470863807648415,-7.22671183322072
1778595635233405000,39.712405029296875,9.47150736028552,-2.578806824661791,-11.307704550802708
1778595635243397000,39.72239721679688,6.518781006008386,-3.474614093135297,-10.5421725984931
1778595635253390000,39.73239013671875,1.9860291478052734,-3.4791377080395818,-9.739648593872785
1778595635263382000,39.74238208007812,-2.58366741643548,-5.276702385562658,-7.954159846329689
1778595635273374200,39.752374267578126,-2.2123275280497965,-5.517120914965868,-3.749234459608793
1778595635283367000,39.762366943359375,-1.4311504089713096,-4.819355215676128,1.780144463905692
1778595635293358800,39.77235888671875,-0.24239523630365728,-4.9032329378023745,7.2741130513429635
1778595635303351000,39.78235107421875,0.4875273502252996,-5.705962401866913,10.845817691659926
1778595635313343700,39.79234375,0.22397242151498795,-4.957779059243202,13.288621177899836
1778595635323336000,39.8023359375,-0.2143279564656317,-3.869331203846633,14.789570514762401
1778595635333328000,39.81232788085938,-1.5297534065425396,-4.056266857126355,14.577487268483639
1778595635343320800,39.82232080078125,-3.185501675450802,-4.388338126571476,13.518609498703478
1778595635353313000,39.83231298828125,-4.52851436676383,-3.457750636617839,13.717870672810077
1778595635363305700,39.8423056640625,-5.398681582546234,-2.128738121345639,14.37649357149601
1778595635373298000,39.8522978515625,-5.842145480769872,-1.006428036096692,14.502888246834278
1778595635383289900,39.86228979492188,-6.437067183917761,-0.5377797199949622,13.240334993636607
1778595635393282800,39.87228271484375,-6.856082869583368,-0.6211492003381252,9.985769718831778
1778595635403274800,39.88227465820312,-6.684044048923254,-1.3791191929608582,5.12725650498271
1778595635413267000,39.892266845703126,-4.453993671047687,-2.091560191074014,0.8220008585065602
1778595635423259600,39.902259765625,0.8854207528851926,-2.259415004047751,-2.5141426293104887
1778595635433251800,39.912251953125,2.5765689826071263,-1.4657912219807505,-2.649007611352205
1778595635443243800,39.922243896484375,-3.554916002601385,-2.4902929671674965,-2.431311201366782
1778595635453236700,39.93223681640625,-5.955518177449703,-1.1669611278802157,-5.758240870636701
1778595635463229000,39.94222900390625,-2.868366401591897,2.9483477008014916,-7.794442747104167
1778595635473220900,39.95222094726562,-5.586909321463108,3.0572742317274213,-10.41682421733737
1778595635483213800,39.9622138671875,-7.191524784505367,4.056978512527048,-11.554314336061477
1778595635493205800,39.972205810546875,-7.7098332035720345,2.81876971925199,-11.883404836130142
1778595635503199000,39.982198974609375,-10.91349246700406,0.8758022990599275,-12.859900090777874
1778595635513190700,39.99219067382813,-10.964342364275454,4.041501249670982,-11.296978574126959
1778595635523182800,40.00218286132812,-7.4252633977532385,5.275585364231467,-8.856140250480175
1778595635533176000,40.01217602539062,-2.19445884001255,5.060452667254209,-6.541781942367553
1778595635543167700,40.022167724609375,1.8868471813023089,4.483418795235455,-5.843942301058769
1778595635553160000,40.03215991210938,5.96522240986228,3.282576732802391,-7.8467212158739565
1778595635563153000,40.04215283203125,12.45644788494706,1.53713767157495,-9.939053560364245
1778595635573144800,40.05214477539062,20.817945838630198,-0.7897650608122349,-10.992088449335098
1778595635583136800,40.06213671875,25.940966898000237,-1.9732403933808207,-10.618517002505063
1778595635593130000,40.0721298828125,18.24770489000082,-2.4107336927622556,-7.1133595948070285
1778595635603121700,40.08212158203125,7.232830608361959,-1.7701491395920514,-4.0453754607558245
1778595635613113900,40.09211376953125,0.4686437860570848,-0.3451505312487483,-1.8962626599013803
1778595635623107000,40.102107177734375,-0.05006912215724587,-0.9144061704814433,0.4139356059223413
1778595635633098800,40.1120986328125,3.1005893495798107,0.13409487445205448,4.064830102810263
1778595635643092000,40.12209204101563,4.617224915874004,1.7642568666830658,6.773337366357445
1778595635653084000,40.132083984375,2.863910591226816,1.0348960056900978,7.838069707384705
1778595635663075800,40.142075927734375,-0.36779870864748954,0.6882230871796607,7.342462949469685
1778595635673068800,40.15206884765625,-2.182849066239595,1.1037032921954988,7.970722274073958
1778595635683061000,40.16206103515625,-1.799877192249149,1.7603873317733405,9.256218595963716
1778595635693052700,40.172052734375,-2.781443904942274,2.0439581896826624,10.204232437014578
1778595635703046000,40.1820458984375,-4.067906441515684,1.4412939095839856,10.233418784010409
1778595635713038000,40.1920380859375,-4.77650245463848,0.34646804358810185,10.020299764943122
1778595635723029800,40.20202978515625,-4.706265135329962,0.12885346666723488,10.012114120399952
1778595635733023000,40.21202294921875,-4.571773662775755,0.32522038063704967,10.035866751909255
1778595635743015000,40.22201489257812,-3.782715873450041,0.38725013583153484,9.595328970265388
1778595635753006800,40.2320068359375,-2.137605464542657,0.4071495990440249,8.623439748108387
1778595635762999800,40.241999755859375,-0.8126008697375655,0.686825787602365,6.863511558279395
1778595635772992000,40.25199194335938,0.1912028092049062,1.0798986382380127,4.917809452426433
1778595635782983700,40.26198364257812,1.1811983275473117,0.6365653806567192,3.424451301345229
1778595635792977000,40.27197680664062,1.0159266629345713,0.7790490210086107,3.4601860470712182
1778595635802968800,40.28196875,-0.5323889668673276,2.3726702118277547,4.414052705803513
1778595635812960800,40.29196069335938,-3.7298131353020665,4.804000117895007,4.494482917824388
1778595635822954000,40.3019541015625,-8.009330529409647,6.592098171153665,0.4990852476805448
1778595635832946000,40.31194580078125,-11.843819844716787,5.323190580493211,-5.939488249146938
1778595635842937900,40.32193774414063,-11.081368322765826,4.43751103054136,-9.232818431153893
1778595635852930800,40.33193090820313,-7.018459543406963,5.406623481461406,-12.649542353117464
1778595635862923000,40.34192309570312,-2.10538705637455,5.844558971652388,-15.253838716083765
1778595635872915700,40.35191577148437,2.4793451644346116,5.283835890704393,-15.043222619748114
1778595635882908000,40.361907958984375,5.451921005302667,5.7275113858520985,-12.793114957749843
1778595635892899800,40.37189990234375,6.2935693980872625,6.305960677626729,-9.260831058195233
1778595635902892800,40.38189282226563,6.627219753417372,5.704656579965353,-6.778615014499425
1778595635912885000,40.39188500976562,7.406887198585271,4.5686984931141135,-5.42940405306816
1778595635922877000,40.401876953125,8.528363755619525,2.725135742264986,-5.108349559938907
1778595635932870000,40.411869873046875,9.342870458978414,0.24209055426865814,-4.856935004746914
1778595635942861800,40.42186181640625,8.814669006928801,-0.9259104380533099,-4.0238469350367785
1778595635952854000,40.43185400390625,7.76653650304675,-1.4258727608293293,-2.785522698688507
1778595635962846700,40.4418466796875,5.465843147671222,-2.452725453056395,-1.7707102806061505
1778595635972839000,40.4518388671875,3.3978380197077986,-3.3361139694616195,-1.07614571544528
1778595635982830800,40.46183081054688,1.8988684584856033,-3.8979435503467914,1.4132991104602812
1778595635992823800,40.47182373046875,1.435786252078414,-4.949180157724022,3.1523084309011695
1778595636002816000,40.48181591796875,1.313833066318929,-6.192948046430945,4.713293426531553
1778595636012808000,40.49180786132813,0.23652649040073154,-7.075891157156229,6.660900489223003
1778595636022801000,40.50180078125,-1.116070314076543,-7.44732266934812,7.283772860091924
1778595636032792800,40.51179272460938,-2.5582126571834087,-7.36914345112443,7.192050269684195
1778595636042785000,40.521784912109375,-4.012961383885145,-6.999019514399767,7.192665186712145
1778595636052777700,40.53177783203125,-5.340885227137804,-6.554519843387603,7.046130225142836
1778595636062770000,40.54177001953125,-6.271983004701137,-5.634827256935835,7.279341015124321
1778595636072761900,40.55176196289062,-6.52906976031065,-4.233100510847568,8.031205676609277
1778595636082754800,40.5617548828125,-6.231484990096092,-2.7756013163939115,8.638888077130913
1778595636092746800,40.571746826171875,-5.876259347295761,-1.753799185554683,8.570789523416757
1778595636102739000,40.58173901367188,-5.513216308742761,-0.9050131959751248,8.262370639976858
1778595636112732000,40.59173193359375,-5.502134942758083,0.020562895557284355,7.729233485090732
1778595636122723800,40.60172387695312,-5.2661202012717725,0.61093877196908,6.090677174001931
1778595636132716000,40.61171606445313,-5.627495014351606,0.9700111533254384,4.234117578935623
1778595636142708700,40.621708740234375,-6.3636038883000605,2.514809568786621,3.0909014837801454
1778595636152701000,40.63170092773437,-6.731356419718265,5.365301875513792,2.3476479987740517
1778595636162692900,40.64169287109375,-7.151376313990355,8.669858384934066,0.3859013515710831
1778595636172685800,40.65168579101562,-5.013339033901691,9.275116773179173,-3.0131115571349856
1778595636182677800,40.661677734375,-2.6115409272670744,6.056127254146337,-7.430878899547457
1778595636192670000,40.671669921875,-0.13327245215326547,4.4372310445562,-11.508515876960754
1778595636202663000,40.68166284179687,-0.09166443047970532,2.771028017129004,-14.702818113982676
1778595636212654800,40.69165478515625,-0.18324615111202,1.7066773688957093,-16.236935560953615
1778595636222647000,40.70164697265625,0.912459712588787,1.0771049158662558,-15.728724173009395
1778595636232639700,40.7116396484375,1.482663154065609,-0.13919628924429417,-13.57357092294693
1778595636242632000,40.7216318359375,2.924262476336956,-0.8791653457522391,-11.53054767602682
1778595636252624000,40.731623779296875,4.483925867974758,-1.6997957926884293,-10.90709429039955
1778595636262616800,40.741616943359375,4.286016108477115,-3.0070334062650796,-10.384375069153307
1778595636272608800,40.75160888671875,4.020727926233411,-3.5260263004645704,-9.277253200685978
1778595636282601200,40.761601318359375,5.317539422863722,-3.5127281352132558,-7.198290625378489
1778595636292594200,40.77159423828125,5.661703573423623,-3.262591052611172,-4.636154657271504
1778595636302586400,40.78158642578125,5.430762481939793,-3.2650539355933663,-3.2603292451590296
1778595636312578300,40.79157836914062,6.570522883683442,-3.594056465117633,-1.2136182496368884
1778595636322571300,40.8015712890625,6.720257518076896,-3.2345819327011704,0.9966840561956166
1778595636332563200,40.811563232421875,6.184789874416589,-2.4603429423227903,2.9718618473798033
1778595636342556200,40.82155615234375,5.620697024774551,-1.7567670954495667,4.662128471961617
1778595636352548000,40.83154809570313,4.621683356587589,-1.191947685098648,6.090072193846106
1778595636362540300,40.84154028320312,3.1387235576629635,-0.537436897906661,7.06680476438105
1778595636372532200,40.8515322265625,1.6807469549559055,0.476277788066864,7.873806791198253
1778595636382525200,40.861525146484375,0.6063559742234647,0.9786702605992555,8.690472133895755
1778595636392517400,40.87151733398437,-0.6330941974148154,0.6276742181926965,9.302404008555412
1778595636402509300,40.88150927734375,-2.057056448447704,0.2322954287022352,9.951718980669975
1778595636412502300,40.89150219726562,-3.0624992728993297,0.3877697757914662,10.756735386627913
1778595636422494200,40.901494140625,-3.637943829900026,0.4965402393728494,11.614824042081832
1778595636432486400,40.911486328125,-4.174892652028799,0.005824760630726814,12.453679589277504
1778595636442479000,40.92147900390625,-4.5384825108096,-0.10724749179780482,12.397225296127795
1778595636452471300,40.93147119140625,-5.120345118159055,0.6121206752300262,11.360360620713234
1778595636462463200,40.94146313476563,-6.264194835042953,1.4583818225070833,9.876519070518016
1778595636472456200,40.95145629882813,-7.674142296987772,2.06147514167279,7.831094607675075
1778595636482448400,40.96144848632812,-8.532519706255197,2.3541963975042104,5.804226961264014
1778595636492440300,40.9714404296875,-8.787862248545885,2.029323807391524,4.4496179401814935
1778595636502433300,40.981433349609375,-7.405865454322099,2.3037086115434766,4.046063443019986
1778595636512425200,40.99142529296875,-6.651812342882156,3.0148113467901942,3.3399037171334025
1778595636522417400,41.00141748046875,-7.856908263367414,3.826527834908664,0.5563689773917198
1778595636532410000,41.01141015625,-8.40261673053503,4.381520263250172,-4.059616752076149
1778595636542402300,41.02140234375,-6.595933219271898,3.6985017589762803,-9.24537513038814
1778595636552394200,41.03139428710937,-3.571009351529181,3.1193945878148077,-14.433400284588336
1778595636562387200,41.04138720703125,-2.432094168438017,3.211320007318258,-16.978726572191714
1778595636572379100,41.05137915039062,1.8180325882732866,4.463378169986606,-16.552850937628744
1778595636582371300,41.06137133789063,3.2904885288402435,4.228113077823817,-16.819844170224666
1778595636592364300,41.0713642578125,3.7959392198994752,2.8938445417195555,-15.669218675595522
1778595636602356200,41.08135620117187,5.211431164228916,2.886171230612695,-11.400166561400889
1778595636612348400,41.091348388671875,6.272835237616301,3.822937409201264,-7.001154772862791
1778595636622341000,41.10134106445312,7.073759990346431,4.72533779232949,-3.744152626299858
1778595636632333300,41.11133325195313,7.7350903944253915,4.825385728012025,-2.4464316136091946
1778595636642325200,41.1213251953125,8.106289851427078,3.6970223340734836,-1.3123761455088854
1778595636652318200,41.13131811523437,9.24533947455287,2.508129068109393,-0.8089858941107988
1778595636662310100,41.14131005859375,10.404120218586922,0.27244302243441343,-1.1724778454750775
1778595636672302300,41.15130224609375,9.484290854012965,-2.526264736519754,-1.6189888563096522
1778595636682295300,41.16129541015625,6.65130147075057,-3.569949321082234,-0.7979507053554058
1778595636692287200,41.17128735351562,5.081473243451118,-3.6138249954268336,0.24839374606609343
1778595636702279400,41.18127954101563,3.8138074695453046,-3.6587487175196407,2.019869750347733
1778595636712272100,41.191272216796875,3.0598189477741715,-4.1634047510698435,3.7041286589473486
1778595636722264300,41.20126440429687,3.685846567803621,-4.871733929949999,5.294534394851326
1778595636732256300,41.21125634765625,3.4923297825679183,-5.115686478698254,6.968045114943385
1778595636742249200,41.22124926757812,2.002721923930943,-4.791798515708744,8.061684986025094
1778595636752241200,41.2312412109375,0.1333387953877449,-4.130266451577842,8.292612633505463
1778595636762233300,41.2412333984375,-1.7449585842341184,-4.124881835930049,8.15916102539301
1778595636772225000,41.25122509765625,-3.1371728210896253,-3.5397362613871692,8.118189548057318
1778595636782218200,41.26121826171875,-4.603929965493083,-2.1126365891113874,8.425502516081929
1778595636792210400,41.27121044921875,-6.091065296536684,-0.7442299288228154,9.119692402711511
1778595636802202000,41.2812021484375,-7.047124496877193,0.3036503538638353,9.72721698232293
1778595636812195300,41.2911953125,-7.341331899613142,0.6523600388988852,9.700501993876696
1778595636822187300,41.301187255859375,-7.203515666550397,0.1451873463526368,9.374855496782065
1778595636832179200,41.31117919921875,-6.019758302170038,-0.14795096584707498,7.534258025479316
1778595636842172200,41.32117211914063,-5.11434909261465,0.4333066613465547,5.952344223588705
1778595636852164400,41.33116430664062,-4.1099394106030465,1.8530369738981127,5.540124773934483
1778595636862156000,41.341156005859375,-3.628893385221064,3.132011492803693,4.990612238308787
1778595636872149200,41.351149169921875,-3.387423300938308,3.319335268618166,3.1170261051177977
1778595636882141200,41.36114111328125,-0.9730801855072378,3.0547371144652367,-0.022705168282985685
1778595636892133000,41.37113305664062,1.6420543823376297,3.719374451135099,-3.563603166925907
1778595636902126300,41.38112622070312,2.173371628320217,2.6353105099111795,-8.223546111541985
1778595636912118300,41.3911181640625,1.8391816131554544,2.506445060545206,-11.294874295324087
1778595636922110200,41.40111010742187,0.6695835609003901,1.7067027955979108,-13.077377305054664
1778595636932103200,41.41110327148437,-0.7724445081770419,1.4110735433652997,-14.188738126266001
1778595636942095400,41.421095458984375,-2.3307233135886487,1.083665297295153,-14.765075540453195
1778595636952087000,41.43108715820313,-2.885523872619867,0.5477288670793176,-14.898130258202553
1778595636962079200,41.44107934570312,-2.4187619547866284,0.12963088078051804,-13.667643875873088
1778595636972072200,41.451072265625,-1.4934497748874127,-0.6633432052060961,-12.792517576378582
1778595636982064000,41.461064208984375,-0.15222352859973906,-1.7639950008764862,-11.836983276695012
1778595636992056000,41.47105615234375,2.6164400974854827,-1.5281562004789708,-8.841893113940953
1778595637002049300,41.48104931640625,5.473321520727873,-1.1447411127656697,-5.89265518630147
1778595637012041200,41.49104125976562,5.937542960298061,-1.545740957008302,-4.182908785223961
1778595637022033200,41.501033203125,5.2239890325069425,-2.261739063081145,-3.076596479573846
1778595637032026400,41.5110263671875,4.898502694410086,-2.3892136426106094,-1.8471347641170024
1778595637042018000,41.52101806640625,4.731602990204095,-1.7907722409039735,-0.2469751114398241
1778595637052010200,41.53101025390625,4.0476854912638665,-1.5544950490891933,1.3609054908782243
1778595637062003200,41.54100317382812,2.370514641229063,-1.6022446422576904,2.6446336340516803
1778595637071995100,41.5509951171875,1.1155648487724363,-1.346467215681076,4.418465846070647
1778595637081987000,41.56098706054688,-0.045776247268915174,-1.0506406873106955,6.315886443835496
1778595637091980300,41.57098022460937,-1.8166038706444203,-1.220405717819929,7.772118102571368
1778595637101972200,41.58097216796875,-3.1131004561066624,-1.1015995979145168,8.958546147465706
1778595637111964200,41.59096411132813,-2.421607553476095,-1.0810200434833765,9.965576825630665
1778595637121956000,41.6009560546875,-1.3735748567067085,-0.32853257392495866,11.254611258518695
1778595637131949300,41.61094921875,-0.5146995809197425,0.10043810404390097,11.642253316277264
1778595637141941200,41.620941162109375,0.01253565644621849,-0.020823884581029413,11.529750388169289
1778595637151933200,41.63093310546875,0.1631951505996287,-0.0664645227715373,11.004640472394227
1778595637161926100,41.64092602539063,-0.19938041657209396,0.0734334850013256,10.103052866953611
1778595637171918000,41.65091796875,-1.015777463722229,0.8957537847205996,9.656911273953318
1778595637181910300,41.66091015625,-1.8460652351893483,1.6948025144457817,7.997376472243666
1778595637191903200,41.6709033203125,-2.603513103634119,2.1380571538329125,6.173101774710417
1778595637201895200,41.68089526367187,-3.0942730060398578,2.7350024717628956,5.467239570465684
1778595637211887000,41.69088720703125,-2.567937932384014,3.038092269134521,5.405874708920717
1778595637221880300,41.70088037109375,-2.864794388324022,2.684690919151902,4.953363580888509
1778595637231872300,41.71087231445313,-4.17408834990859,3.2712957525923847,4.326448072108626
1778595637241864200,41.7208642578125,-5.5880842104613775,4.748568445791304,0.5488520258903503
1778595637251856400,41.7308564453125,-6.898010624730587,4.892196287742257,-5.85550297499299
1778595637261849000,41.74084912109375,-7.333438516014814,2.94256970192194,-10.916240888929366
1778595637271841300,41.75084130859375,-8.139525766074657,0.7487287015467882,-16.630454401791095
1778595637281837300,41.76083740234375,-9.723039988899231,0.9078218236550688,-18.81820877572894
1778595637291830300,41.770830322265624,-6.5793959259688855,2.645775497563183,-16.081860734575987
1778595637301822200,41.780822265625,-2.756595879411697,3.3392008295610545,-14.132006769740581
1778595637311814400,41.790814453125,0.26119009927511216,3.9518738779768348,-11.813159333515166
1778595637321807000,41.80080712890625,4.249655632068216,4.934629654324055,-7.718111202573776
1778595637331799300,41.81079931640625,7.957481099706888,5.280984008404612,-4.108298073136806
1778595637341791200,41.82079125976563,10.255783760553598,4.60535386081636,-3.799357796171307
1778595637351784200,41.8307841796875,10.988587163215875,3.020263182455301,-3.6447470801740884
1778595637361776000,41.84077612304687,11.683166341423988,1.8846634075224398,-3.1685359276026483
1778595637371768300,41.850768310546876,11.801593983405828,1.0284656803816556,-3.477673188444972
1778595637381760000,41.86076000976563,11.260189935433864,-0.2605526781544089,-3.7200475280910728
1778595637391753200,41.87075317382813,9.223728531247376,-0.8039920313462614,-1.9862568190813064
1778595637401745400,41.880745361328124,6.668369509929418,-1.146546116361022,0.11687164471149444
1778595637411737000,41.890737060546876,4.11490229370743,-1.3712468521505594,1.7301736875563858
1778595637421730300,41.900730224609376,2.075007407940924,-1.4248171142965553,3.2448505209982392
1778595637431722200,41.91072216796875,0.9569944353640079,-2.168062415996194,4.064559469175339
1778595637441714200,41.920714111328124,0.885978532898426,-2.859386391800642,4.954081373769045
1778595637451707100,41.93070703125,1.2503075196087359,-3.523113043366372,5.761214333489537
1778595637461699300,41.94069921875,1.365749423778057,-4.339303754289448,6.491131367060542
1778595637471691000,41.95069091796875,1.0732568621359766,-5.0526165668010705,6.801070591935515
1778595637481683200,41.96068310546875,0.13951134654283523,-5.072254164206981,6.651421882259846
1778595637491676400,41.970676513671876,-2.325244443786144,-4.928292852517962,7.21136345744133
1778595637501668000,41.98066821289063,-4.135080866122245,-3.763233758866787,8.09159029494524
1778595637511660300,41.990660400390624,-5.266454547792673,-1.859851037827134,9.014003830793499
1778595637521653200,42.0006533203125,-5.952705458116531,-0.41583764015138147,10.200739334201812
1778595637531645200,42.010645263671876,-5.914404076772928,0.6568066430442034,11.473612905883789
1778595637541637000,42.02063720703125,-5.349014757579565,1.429695680118352,12.008939095246792
1778595637551630300,42.03063037109375,-4.477276346957684,1.8322728566803037,11.51197390846014
1778595637561622000,42.0406220703125,-3.633779695957899,1.7427467534035443,10.175140782564878
1778595637571614200,42.0506142578125,-2.4788462750017644,1.5830974587172268,8.509342244285344
1778595637581606100,42.06060620117187,-1.6836976214550434,2.0996885524719953,6.900618176880479
1778595637591599000,42.07059912109375,-1.700550556578487,2.25078220025897,4.400418732726574
1778595637601591000,42.080591064453124,-2.348324728991836,2.367229774339497,0.5564800365507603
1778595637611583200,42.09058325195313,-1.28842068490386,3.631720425340533,-2.186920845723152
1778595637621576200,42.100576171875,1.3142306873343885,3.469776297715306,-4.371657917666435
1778595637631568100,42.11056811523437,2.7676281455576417,2.712936770427227,-8.080304930821061
1778595637641560300,42.120560302734376,2.548893040174246,0.9168272601485252,-12.871609233272075
1778595637651552300,42.13055224609375,1.2873745368517935,-1.1069652166008948,-17.144955245268346
1778595637661545200,42.14054516601563,-0.4064133937239647,-1.8144198046036064,-20.060873087108135
1778595637671537200,42.150537109375,-2.6789023988783356,-1.9046169390097258,-19.668976879036425
1778595637681529300,42.160529296875,-4.867981299418211,-0.7070183885425328,-15.729011757779121
1778595637691522000,42.17052197265625,-5.68463086002469,0.9731589498318731,-12.598626989394425
1778595637701514200,42.18051416015625,-4.151315377086401,1.3040994616813957,-10.301758745265007
1778595637711506200,42.190506103515624,-1.3476935426056385,0.29320421704277394,-7.6812588509947055
1778595637721499100,42.2004990234375,1.6027787491343914,-1.2235938463367522,-5.671448722368479
1778595637731491300,42.2104912109375,1.9596224946558474,-2.2012521534144875,-4.414566500544548
1778595637741483300,42.22048315429687,1.7650715440668165,-3.2216844572052357,-4.550138169550896
1778595637751475500,42.230475341796875,1.7382232846297323,-3.5608301950812336,-3.9521594169199465
1778595637761468200,42.24046826171875,1.9103696573175488,-3.332146527135372,-2.605090728214383
1778595637771460400,42.25046044921875,1.6814495502673088,-3.695740477569401,-0.9906927068263292
1778595637781452300,42.260452392578124,0.8709117505393922,-3.7929330238208174,0.5631541074872016
1778595637791445200,42.2704453125,0.2848339366476983,-3.4191181236237287,1.9307091193825006
1778595637801437200,42.280437255859376,-0.15246654357537626,-2.537045950514078,3.473860936680436
1778595637811429400,42.29042944335937,0.09618651101402938,-1.4614476398184895,5.258862777489424
1778595637821421000,42.300421142578124,1.0689572652459145,-0.7027236139580607,6.986342988178134
1778595637831414300,42.310414306640624,2.290098311603069,-0.33109614080265165,8.882496927008033
1778595637841406500,42.32040649414063,4.086184441006183,-0.229098240096122,10.417909089964628
1778595637851398100,42.33039819335937,4.4364825642764565,0.0017358838818967342,11.673907514691352
1778595637861391400,42.34039135742187,3.7019910623967647,-0.0873774008102715,13.189646424406765
1778595637871383300,42.35038330078125,3.002055325591564,0.43242724816352124,13.76905842373371
1778595637881375200,42.36037524414063,1.6947382170379162,0.8182143257051706,13.504102834445238
1778595637891367200,42.3703671875,0.29055297188162804,0.6985448669686913,12.167732649886608
1778595637901360400,42.3803603515625,-0.92295421859622,0.934547041234374,10.228232905805111
1778595637911352000,42.39035205078125,-1.373916363620758,1.1653158448912202,7.940386757043004
1778595637921344300,42.40034423828125,-1.4109879109084604,0.8161845734432339,5.267768553000688
1778595637931337200,42.41033715820313,-1.1097732597589491,0.6456678477838635,3.404879754912853
1778595637941329200,42.4203291015625,-0.792207047136873,1.0217765580065548,2.1424469132244583
1778595637951321000,42.430321044921875,-1.1486145931981504,1.8249059811741113,2.0989023705303667
1778595637961313300,42.44031323242187,-3.1507530181527135,2.5620512124329804,2.290615613475442
1778595637971306200,42.45030615234375,-6.132210961395502,4.132839224675298,0.6609715076386928
1778595637981298200,42.46029809570312,-8.39239694981575,6.054279580453038,-1.8451941514432428
1778595637991290400,42.47029028320313,-7.974869456881284,7.020882386639713,-4.50676898342371
1778595638001283000,42.480282958984375,-8.036372850114107,6.3279924766927955,-9.907578225648402
1778595638011275300,42.49027514648437,-8.878923744696378,4.4030569722756745,-15.604102937084436
1778595638021267200,42.50026708984375,-6.5547665116250515,2.9238901358932257,-18.023833006250857
1778595638031259400,42.51025927734375,-2.6348703649282452,2.7826664324745534,-16.407894185161588
1778595638041252000,42.52025219726563,0.42594680010303854,2.7005986823797223,-15.29823315360546
1778595638051244300,42.53024438476562,1.4970814093880354,3.6216432679623365,-12.396998501634597
1778595638061236200,42.540236328125,2.673708337366581,5.074284793251753,-8.510029057505726
1778595638071229200,42.550229248046875,4.011784156799316,6.647878510564565,-5.64464664016068
1778595638081221400,42.56022143554687,5.849820253181457,6.128949329251051,-3.878891936135292
1778595638091213300,42.57021337890625,7.109080310052633,4.022869614437222,-2.80276784799993
1778595638101205000,42.580205078125,7.25414519906938,2.4280787953168153,-1.06579500182271
1778595638111198200,42.5901982421875,7.65068367998898,0.19262129770070313,-0.5953174244672059
1778595638121190400,42.6001904296875,8.561248372611402,-1.9300565006926655,-0.9517857608050108
1778595638131182000,42.61018212890625,7.524877618193626,-3.1109093758031725,0.04163432515859604
1778595638141174300,42.62017431640625,6.85251728605628,-4.154322742208838,1.7276082209825514
1778595638151167200,42.63016723632813,6.979197208076715,-5.078070157009363,3.6480227408438917
1778595638161159200,42.6401591796875,6.876380976724624,-5.733430254507065,5.170715122959018
1778595638171151000,42.650151123046875,5.903323879832029,-5.852170031177997,6.5328802585095165
1778595638181144300,42.660144287109375,4.024748852312564,-5.512929893016815,7.36149556671977
1778595638191136000,42.67013598632813,2.468490885204077,-5.171441683667898,7.354130590909719
1778595638201128200,42.68012817382812,0.893168152141571,-5.055552035731077,7.238177814608812
1778595638211120000,42.6901201171875,-0.8808150126554072,-4.9418005688667295,7.086368712028861
1778595638221113000,42.700113037109375,-2.0638278422787786,-4.396783883355558,7.2302499442189925
1778595638231105300,42.71010522460937,-3.3562393503844734,-3.00949482794255,7.613622069573402
1778595638241097200,42.72009716796875,-4.886615857261419,-1.3192375557109712,8.709657311359047
1778595638251090200,42.73009008789062,-6.021361061191558,-0.2736870311461389,9.710758599475026
1778595638261082000,42.74008203125,-6.537483368390798,0.20049787629470228,9.935350029671191
1778595638271074300,42.75007421875,-6.281860255593061,0.8197172776140272,9.947276614308358
1778595638281066200,42.760066162109375,-5.576892954361439,1.4813297135047614,9.575763853573799
1778595638291057200,42.77005712890625,-4.516669615191221,2.0035164353094994,8.35420253597796
1778595638301049300,42.78004931640625,-3.46283042410016,2.3763325337275862,7.0889072905957695
1778595638311041000,42.790041015625,-2.838738740569353,2.7969454254567623,4.47209865205884
1778595638321033200,42.800033203125,-2.7261422889590263,3.7931566034436224,1.4995482378929852
1778595638331026400,42.8100263671875,-1.6692131690286098,6.053575231575966,-1.2505828294187784
1778595638341018000,42.82001806640625,-0.3240413999855518,5.461586659270525,-5.2580175588369364
1778595638351010300,42.83001025390625,0.6713492553986609,3.929771059501171,-9.736327340495587
1778595638361003300,42.84000317382812,-1.0606805814184248,2.789604999566078,-12.451342670762537
1778595638370995200,42.8499951171875,-2.730922508972883,1.7671750922173262,-14.859530770695208
1778595638380987100,42.85998706054688,-2.6915795096218584,1.9282098499126732,-16.23996572242975
1778595638390979300,42.869979248046874,-2.0596482185065743,1.9822621964871883,-15.60511883612871
1778595638400972000,42.87997192382812,-1.7582780845344066,1.0175025339491666,-13.75669344767928
1778595638410964200,42.889964111328126,-1.4268249469876289,-0.10603709309473633,-11.909914072871208
1778595638420956200,42.8999560546875,-0.9362018227040767,-1.229581834705174,-11.621639567315578
1778595638430948400,42.9099482421875,-0.25452289647087456,-2.2399276287674903,-10.310905343794822
1778595638440941300,42.91994140625,1.5942320161938666,-2.331206859321892,-7.615514751452207
1778595638450933200,42.92993334960938,3.1050434063792225,-2.004071731104702,-4.536555634400249
1778595638460925400,42.939925537109374,2.1623358550429344,-2.171336615361273,-3.3208331059604883
1778595638470918100,42.94991821289062,1.929290484756231,-2.93675078651011,-3.3283389515459536
1778595638480910300,42.959910400390626,2.557227153277397,-3.868139655974507,-2.5046482402563095
1778595638490902300,42.96990234375,2.742879488748312,-4.170416383397579,-1.4006968185186386
1778595638500894200,42.979894287109374,2.508347094774246,-4.365161541384459,-0.3467646884471178
1778595638510887200,42.98988720703125,2.3322119447112084,-4.322934218768776,0.979447090190649
1778595638520879400,42.99987939453125,1.3250772216498852,-3.8114527231127022,2.367844983628392
1778595638530871000,43.00987109375,0.17502806560397147,-3.2026839886590834,3.800593475446105
1778595638540863200,43.01986328125,-0.5458348700262606,-2.633214998936653,5.273858686569333
1778595638550856200,43.029856201171874,-0.3309913652539253,-1.8547575140804051,6.798528506237268
1778595638560848100,43.03984814453125,0.6023544834971427,-0.9191704622738063,8.249955979561806
1778595638570840000,43.04984008789062,1.8613351389050483,-0.3114697954431176,9.92837551448345
1778595638580832300,43.059832275390626,3.5557892783045766,-0.1108117601506412,12.039656889593601
1778595638590825200,43.0698251953125,4.622960244655609,-0.16725567803680896,13.72687347895503
1778595638600817200,43.07981713867188,4.487990633195638,-0.5444375704489648,14.299154311227797
1778595638610809300,43.089809326171874,2.8699767593979835,-0.5047497031830251,13.40458096846342
1778595638620802000,43.09980200195312,1.28122171331048,-0.06363821330443024,11.654441766721009
1778595638630794200,43.109794189453126,0.16833762805461883,0.35934330725222824,9.622406362283229
1778595638640786200,43.1197861328125,-1.190433846469596,1.1371836831234394,7.24967068400383
1778595638650778400,43.1297783203125,-2.3756606258153914,2.106565160243213,5.6175856147557495
1778595638660771000,43.13977099609375,-2.681923208004236,3.0357705481886863,4.7338031305968755
1778595638670763300,43.14976318359375,-2.410097148424387,3.2729654393702745,4.4717321568340065
1778595638680755200,43.15975512695312,-2.164048504179716,3.395936862261593,4.811681320047378
1778595638690747100,43.1697470703125,-1.961945384645462,4.938887311768531,3.9251036522120235
1778595638700740400,43.179740234375,-4.840890171135961,6.745718707069754,-0.4123445373386144
1778595638710732300,43.18973217773438,-8.016120335680245,6.546247105082869,-8.3980673966676
1778595638720724200,43.19972412109375,-8.61354963773489,4.110069758984446,-14.571223531913757
1778595638730716200,43.209716064453126,-8.747024042201042,1.846509764086455,-17.64924215324521
1778595638740709400,43.21970947265625,-8.363249181264639,0.8286965567529201,-18.370994585061073
1778595638750701300,43.22970141601562,-4.542489116102457,0.25704116290211676,-17.164574137973784
1778595638760693200,43.239693359375,-0.34930341314449903,1.462019302226603,-13.714709578430652
1778595638770686200,43.249686279296874,2.696589738999307,3.1653695725262163,-9.20098712260723
1778595638780678400,43.25967846679688,5.048907190889119,4.211315087758004,-5.836991166746616
1778595638790670000,43.26967016601562,6.605354543089867,4.360781718865037,-3.7336142811506985
1778595638800662300,43.279662353515626,7.151334228414297,4.2751586143761875,-3.0759178496599198
1778595638810655200,43.2896552734375,7.973998519265651,3.112327133646607,-2.8340479524046183
1778595638820647200,43.29964721679688,8.582711431878804,0.9923395972505211,-2.1300708312541246
1778595638830639000,43.30963916015625,8.40804460080266,-0.8500330670312046,-2.6094535995990036
1778595638840631300,43.31963134765625,8.216287518715857,-2.232074577179551,-3.528302720963955
1778595638850624300,43.329624267578126,7.833021191823482,-2.5258140701428053,-2.1301661083221433
1778595638860616200,43.3396162109375,5.633611451405287,-3.224329126495123,-0.14912030188739298
1778595638870608400,43.3496083984375,3.938943376994133,-3.8760932453274726,1.0868944884747267
1778595638880600300,43.35960034179688,3.591059329128265,-4.073073907281458,2.653060686135292
1778595638890593300,43.36959326171875,4.034705598181486,-4.5308904482454055,4.095760663124919
1778595638900585200,43.37958520507812,3.516013732755184,-4.719555117274821,5.576065855887532
1778595638910577400,43.389577392578126,2.2983597978614267,-4.616996660076081,6.726597827014326
1778595638920569000,43.39956909179688,0.4031764576293528,-4.552770271620154,7.264497666257619
1778595638930562300,43.40956225585938,-1.8061666477821767,-4.477572699555754,7.497311565876006
1778595638940554200,43.41955419921875,-3.9272389106750487,-3.753139942614734,8.054148160779476
1778595638950546200,43.429546142578126,-5.81835310177207,-2.543082600329816,9.20721695690751
1778595638960538000,43.4395380859375,-6.734157448613643,-1.4810755926132202,10.210977819621561
1778595638970531300,43.44953125,-7.007451827180385,-0.730498632851243,11.235315021896362
1778595638980523000,43.45952294921875,-6.693204675978421,-0.038892332974076266,12.154438284027576
1778595638990515200,43.46951513671875,-5.991921031695604,0.7711050762668251,12.162999191623925
1778595639000507100,43.47950708007812,-4.797423662114143,1.3577515568919478,10.322125825989247
1778595639010500000,43.4895,-3.2003286577045915,1.4750661230653523,8.080926277589798
1778595639020492300,43.4994921875,-1.3986952694378791,1.5010810004182158,6.065609952762722
1778595639030484200,43.50948413085938,-0.023427637338638303,1.5071185270167886,4.752666236498952
1778595639040476400,43.519476318359374,-0.019119564881175756,2.2674502803348004,4.505288389477133
1778595639050469000,43.52946923828125,-0.6312262115858495,4.434171949246526,5.827362337657809
1778595639060461300,43.53946142578125,-1.0540953578092158,5.390093202421069,4.219885639965534
1778595639070453200,43.54945336914062,-1.3751521890260279,5.841801781898736,0.5048579858630895
1778595639080445200,43.55944506835937,-2.291677835879475,5.684620338630676,-3.671913904041052
1778595639090438100,43.569438232421874,-2.0537350489400326,3.7073189794212578,-12.015236734086274
1778595639100430300,43.57943041992188,-3.3692940622687337,1.4599160463370382,-17.178576944363115
1778595639110422000,43.58942211914062,-3.4468063410162926,-0.3683062197782099,-19.115828617256877
1778595639120414200,43.599414306640625,-2.2419046279288826,-1.4395993806257843,-19.396332488811016
1778595639130407400,43.609407470703125,-1.1539235132612287,-2.125941184103489,-18.643515056645867
1778595639140399000,43.61939916992188,-1.0724622046269476,-2.562706461471319,-17.031652691215275
1778595639150391300,43.62939135742187,-1.9090321251034736,-2.759647960458696,-14.374969138407707
1778595639160383200,43.63938330078125,-0.9183176448367536,-2.939482257300615,-11.705926454764604
1778595639170376200,43.649376220703125,0.7475695946395396,-3.087903471007943,-9.037938833132385
1778595639180368100,43.6593681640625,2.0016813288368285,-3.351963572761416,-6.3408566344410175
1778595639190360300,43.6693603515625,1.3075345506966114,-3.3196225611269474,-5.250012531557679
1778595639200352300,43.67935229492188,1.0104758501827715,-3.81136329126358,-4.4115731639474625
1778595639210345200,43.68934521484375,2.0184403020665047,-4.3380110841304065,-3.374983213821053
1778595639220337200,43.69933715820312,3.028549364763498,-3.938343073013425,-1.8745242908239363
1778595639230329300,43.709329345703125,3.3547160863399506,-3.3304254024311897,-0.2518114455550909
1778595639240321300,43.7193212890625,2.9512884304285047,-2.857922748988867,1.3733055382460355
1778595639250314200,43.72931420898438,2.495069095528126,-2.1535499065190553,3.2633541459381576
1778595639260306200,43.73930615234375,1.5773954476833343,-0.8771415848396718,5.188769250565767
1778595639270298400,43.74929833984375,0.529970726744458,-0.43174306529164314,6.78175857322216
1778595639280290000,43.7592900390625,-0.13204006081409753,0.3547976266466081,8.406518414148687
1778595639290281000,43.769281005859376,0.45528873951938,1.3670304034993053,10.203042350447177
1778595639300273200,43.77927319335937,1.9759797552168368,1.7574487941034138,12.026560092133282
1778595639310265000,43.78926513671875,4.384848238629102,1.634367188835889,13.536670056051015
1778595639320257300,43.79925732421875,5.897800147974491,1.2076422439672052,14.204364734464884
1778595639330250000,43.80925,5.326614709722995,0.42121670284122226,13.818541708827018
1778595639340242200,43.8192421875,3.543813593828678,-0.3031412352979183,12.208082195931672
1778595639350234000,43.829234130859376,1.5887211438179014,-0.33823286081478,10.811555356574058
1778595639360226000,43.83922607421875,-0.12751114868018776,-0.3240203571975231,8.554780053380131
1778595639370219000,43.84921899414063,-1.4078431831419467,0.13860562987476585,6.620318303465843
1778595639380211200,43.859211181640624,-2.2837211777865885,1.4071066855609415,6.04521189237833
1778595639390203000,43.869202880859376,-2.073611277407408,2.451036915447563,4.831774844527244
1778595639400195000,43.87919506835937,-1.342585990333557,2.6309388706982135,3.104388157340884
1778595639410188300,43.88918823242187,-1.5234829479709266,3.2773961152940987,0.8121949192851782
1778595639420180000,43.899179931640624,-3.6359015104174612,4.177546965929865,-3.594448387044668
1778595639430172200,43.90917211914063,-6.369841321384906,4.234643064114451,-9.653201313519478
1778595639440164000,43.9191640625,-6.713893243741989,3.237642781576514,-12.809618348783253
1778595639450156300,43.92915625,-6.4801172210931774,2.714526085445285,-13.980197082638739
1778595639460149000,43.93914892578125,-7.511283977127075,3.2924189123809335,-15.953440106368063
1778595639470141200,43.94914111328125,-7.0988757269024845,3.0167022751033303,-15.595988604211806
1778595639480133000,43.959133056640624,-4.417388572227955,3.039882659682631,-12.906893312621117
1778595639490125000,43.969125,-1.791816635390371,4.240547904244065,-10.363601161193847
1778595639500118000,43.979117919921876,1.1664824044525623,5.722407340711355,-7.477477569115162
1778595639510110200,43.98911010742187,3.8404268886625763,6.608204671823978,-4.521661432129145
1778595639520102100,43.99910205078125,6.0595724261641495,7.0963809874773025,-1.5390285998880862
1778595639530094000,44.00909399414063,8.426345981168746,5.428914808246493,-1.2274679112911224
1778595639540087000,44.01908715820313,9.992657724779844,0.9122618519291281,-4.682373972132802
1778595639550079200,44.029079345703124,10.93993974442482,-1.5539315699875353,-6.2790089578151695
1778595639560071000,44.03907080078125,11.928664366048574,-1.5493451189801095,-2.6102152316212655
1778595639570063000,44.04906298828125,9.914338805824517,-2.0665756796821952,-0.8537339673757552
1778595639580056000,44.05905615234375,7.385646842157841,-3.1778125822529195,0.03713116852045059
1778595639590048000,44.069048095703124,4.868220953392982,-4.302771720705926,0.9487187744498252
1778595639600040200,44.07904028320313,2.3279145397782326,-4.793586568169295,1.930643068408966
1778595639610032000,44.0890322265625,1.6391186211466788,-4.34500693436712,3.694862817952037
1778595639620025000,44.09902514648437,1.4912230387486516,-4.303841688024997,5.338559999060631
1778595639630017000,44.10901708984375,1.0088463492847979,-4.09170320442766,6.73455550802052
1778595639640009200,44.11900927734375,0.6479715946815907,-3.7593700691759584,7.735144170439243
1778595639650001200,44.129001220703124,0.23410101681947706,-3.2121374611809848,8.272182424417137
1778595639659993000,44.1389931640625,-1.4117980582475662,-2.628692845337093,8.812630779099464
1778595639669986000,44.148986083984376,-2.9777286935865876,-2.2901719613611697,8.898424563980102
1778595639679978200,44.15897827148437,-3.7407740897774695,-1.9206755088850855,8.965024988090992
1778595639689970000,44.168969970703124,-4.214859920758009,-1.6250979868397115,9.315244785428046
1778595639699962000,44.17896215820313,-4.420516056598722,-1.238043081319332,9.532283023765682
1778595639709955300,44.18895532226563,-3.9541117200314995,-1.1710530733689666,9.874718743097782
1778595639719947000,44.19894702148437,-2.932724015212059,-1.4111036462426185,10.151159018474816
1778595639729939200,44.208939208984376,-1.8416016799092292,-1.4808657492548227,9.644406012645364
1778595639739931100,44.21893115234375,-1.0470189896821975,-0.959911199593544,8.532637779676914
1778595639749924000,44.22892407226563,-0.4484955357152968,0.40933658769428727,6.941154185408354
1778595639759916000,44.238916015625,-0.7242039166212082,1.6691346969649195,5.002545252686739
1778595639769908200,44.248908203125,-1.873117785026878,1.9125106148689983,2.9831986494302747
1778595639779900200,44.25890014648437,-2.1528921732626856,1.4471613403126597,0.521951744005084
1778595639789892000,44.26889208984375,-1.950377550318092,4.4844083907946946,-2.8661177458822724
1778595639799885000,44.278885009765624,-1.4952280366063118,6.925332931420207,-5.84160947419703
1778595639809877200,44.28887719726563,-1.0940075353503227,5.175756039735675,-10.547543185615538
1778595639819869000,44.29886889648437,-1.4275228661239145,2.1439783605754372,-14.697709392666816
1778595639829861000,44.308861083984375,-2.8550246894598006,0.6989078550621867,-16.930269707536695
1778595639839854000,44.31885400390625,-3.8618683206200597,0.22177169660031795,-17.63696953164935
1778595639849846000,44.32884594726563,-4.459399329483508,0.17737068320736288,-16.149726064056157
1778595639859838000,44.338837890625,-4.9895080764591695,0.3351831178553402,-14.342638063645362
1778595639869830100,44.348830078125,-5.68931288036108,0.1050363916195929,-12.38647710762024
1778595639879823000,44.358822998046875,-5.198227983784675,-0.08812310461103916,-10.105579170560835
1778595639889815000,44.36881494140625,-4.293289898872375,-0.6577350099354982,-7.897809598076343
1778595639899807200,44.37880712890625,-2.549899586868286,-1.7268883822754024,-6.946333633872866
1778595639909799200,44.38879907226563,-0.9583857435919344,-2.1296862158507106,-4.34193848670721
1778595639919791000,44.398791015625,-0.31376090205498036,-2.2932833713799714,-2.7566999243080614
1778595639929784000,44.4087841796875,0.4464052123725414,-2.8497414883598684,-2.1964929761886594
1778595639939776300,44.4187763671875,1.5310180196508765,-3.477777233341336,-1.4744237335085868
1778595639949768200,44.42876831054687,2.875342670345306,-3.58918476742804,-0.3639952247112989
1778595639959760100,44.43876000976562,4.435943635094166,-3.1354993349194524,1.0726356614977122
1778595639969753000,44.44875317382812,6.14381488994956,-2.556363522185385,2.7506179740458725
1778595639979745000,44.4587451171875,6.224312906509637,-1.9226073537304997,4.119193561160564
1778595639989737000,44.46873706054687,5.196369204175472,-1.0683715743124484,5.566424167317152
1778595639999729200,44.478729248046875,4.619497536981106,-0.800524062974751,7.424867091912031
1778595640009721000,44.48872119140625,4.529419206649065,-0.5723676337733864,8.456053721690177
1778595640019714000,44.49871411132813,4.211400720214844,-0.2517933253765106,10.1330633898139
1778595640029706000,44.5087060546875,4.003194023108482,-0.22073621607273816,11.258569640755653
1778595640039698200,44.5186982421875,2.484052026951313,-0.3623173546269536,11.800182947564124
1778595640049690000,44.52869018554688,0.7511188115537166,-0.8340256428211927,11.556944684565067
1778595640059683000,44.53868310546875,0.05961180733256042,-0.8701146088123322,11.20948733767867
1778595640069675300,44.54867529296875,-0.6330055692832917,-0.2761912690520286,11.262224071609973
1778595640079667200,44.55866723632813,-1.0618050554037093,0.5508806091085076,11.130070686614513
1778595640089659100,44.5686591796875,-1.922651485133171,1.5881681861102581,9.671994276794791
1778595640099651000,44.578651123046875,-3.149061411803961,2.057348124870658,7.464807472634315
1778595640109644300,44.588644287109375,-4.207186317390203,2.137744726882875,5.580090289098024
1778595640119636000,44.59863598632813,-4.683949258625507,2.06213711271286,4.212700696897507
1778595640129628200,44.60862817382812,-5.467934566992521,2.0662261355921623,3.4447622679680583
1778595640139620000,44.6186201171875,-7.350161687278747,2.888004875780642,0.6933832464218139
1778595640149613000,44.628613037109375,-9.442793306976556,3.990573610988259,-4.381894064998627
1778595640159605000,44.63860498046875,-8.071812412285805,4.005960857473314,-9.862308174335956
1778595640169597200,44.64859716796875,-5.264824900764227,3.760633220979571,-13.130800267684458
1778595640179589000,44.658589111328126,-4.33287605932951,3.7429578635573386,-15.32219621299505
1778595640189581000,44.6685810546875,-3.469783896499872,3.5913457448542117,-17.94754822347164
1778595640199574000,44.67857397460938,-1.8839643193423747,3.494739474058151,-17.088815424895287
1778595640209566200,44.688566162109375,0.22780586219802498,3.6230654097199437,-13.738224894052744
1778595640219558000,44.698557861328126,2.212600061380863,4.137198881189525,-10.485820012152194
1778595640229550000,44.70855004882812,3.971210154348612,4.6213589469388126,-7.840073448422551
1778595640239543300,44.71854321289062,6.127791975909471,4.547519803746044,-4.751390809735655
1778595640249535000,44.728534912109374,8.869830922180414,2.878442682187259,-3.5234447595387697
1778595640259527200,44.73852709960938,10.075167665684223,-0.6019812662705779,-5.901766713517904
1778595640269519000,44.74851904296875,10.873908644634485,-1.2585089462429284,-4.887153032878041
1778595640279511300,44.75851123046875,11.022136381596326,-1.9128809094861148,-2.82844881722331
1778595640289504000,44.76850390625,8.698865283709765,-2.8263281718075275,-0.8505833943903446
1778595640299496200,44.77849609375,6.024207682794332,-3.248493553675711,0.961753612589836
1778595640309488000,44.788488037109374,3.6994250113010403,-3.690132282298803,2.886576596543193
1778595640319480000,44.79847998046875,2.2139900544345377,-3.7014895426154135,4.861345222404599
1778595640329472000,44.80847192382812,1.5604593643210827,-3.7088998188719153,5.781372739899158
1778595640339465200,44.81846533203125,1.3993851513981819,-3.5875387537866827,6.216196820071339
1778595640349457200,44.82845703125,1.1494612731553613,-3.6146585236415265,6.911262320491671
1778595640359449000,44.83844897460938,1.206116203443706,-3.611035364708304,7.828043403410911
1778595640369441000,44.84844091796875,0.5487585023880005,-3.7302827986404297,8.320285068807005
1778595640379434000,44.85843408203125,-0.8144644716523587,-3.915719737794995,8.636753403189777
1778595640389426000,44.868426025390626,-2.519794371461868,-3.335566856972873,9.05583513982892
1778595640399418000,44.87841821289062,-4.433520207339525,-2.3359043694883583,9.0812723634243
1778595640409410000,44.88841015625,-5.802053124356269,-1.6092758560687304,9.317229821765423
1778595640419402200,44.89840234375,-6.6421770840525625,-0.8682473536357284,9.755954416507482
1778595640429395200,44.90839526367188,-6.657327891433239,-0.1439376385524869,9.873334595263003
1778595640439387100,44.91838720703125,-6.020706396675109,0.12095482237190007,9.41699484885335
1778595640449379300,44.92837939453125,-4.961676651203632,0.8372422667801379,8.529856040003896
1778595640459371000,44.93837109375,-3.932334772509336,2.0158765890583394,7.2344292757302515
1778595640469363200,44.94836328125,-2.2997606045700607,3.2590646320506926,5.864577092808485
1778595640479356200,44.958356201171874,-0.5273464426554739,3.4167776979774236,3.5043192033082247
1778595640489348000,44.96834814453125,-0.4525507293902337,0.682470807263255,0.8588029412031173
1778595640499340000,44.97834008789062,0.2807037780404091,3.123056909714639,-1.9588152699261903
1778595640509332200,44.988332275390626,-0.7083271330535411,5.672604322144389,-4.891880645921826
1778595640519325000,44.998324951171874,0.2704993410207331,4.655867950262129,-8.482950496444106
1778595640529317000,45.00831713867188,0.7831856824219227,3.1262583361044523,-11.03706857779026
1778595640539309000,45.01830908203125,-0.6260872412621975,1.3799676264837384,-13.351066820418835
1778595640549301200,45.02830126953125,-1.092306722781807,1.9056813533708452,-14.590026432061194
1778595640559293000,45.03829296875,-1.7182266446530818,2.313877246597409,-14.365211129981278
1778595640569286100,45.0482861328125,-2.178794384021312,1.5698367028668523,-13.344163616901636
1778595640579278000,45.058278076171874,-1.7881249412655829,-0.20589505916312337,-12.826613907247781
1778595640589270000,45.06827001953125,-2.1384838548123835,-2.0059050840117036,-12.252470788234472
1778595640599262000,45.07826196289062,-2.4762720405995844,-2.7721254569768905,-11.162222897678612
1778595640609254100,45.088254150390625,-0.9988416726209223,-2.8359949948191643,-8.974791179823875
1778595640619247000,45.0982470703125,1.4239081827580928,-2.333701744877547,-5.34794099086821
1778595640629239000,45.10823901367188,1.3042119821451603,-1.7256985879689455,-3.110190706139803
1778595640639231200,45.118231201171874,0.7819231151401996,-2.3160659888133406,-3.2222797927498816
1778595640649223200,45.12822314453125,1.406503458970785,-3.785566878966987,-3.1499475469887255
1778595640659215000,45.13821508789062,2.286667168110609,-4.373101394473016,-2.2487726140022275
1778595640669208000,45.1482080078125,2.743192792481184,-3.9655815008118744,-0.9788198982030153
1778595640679200300,45.1582001953125,2.4869769744873045,-3.340101285532117,0.3970668887078762
1778595640689192000,45.16819189453125,2.142709801944345,-2.772851725424826,2.010881557250023
1778595640699184000,45.17818408203125,2.031356043871492,-2.4780177152231335,3.3378485381692644
1778595640709176000,45.188176025390625,1.6762090192653238,-1.7450199590325355,4.952983057138323
1778595640719169000,45.1981689453125,1.4629434313341974,-0.946352337579429,6.686532358607649
1778595640729161000,45.20816088867188,1.8397008147239684,-0.10060936895757913,8.387327391466497
1778595640739153200,45.21815307617187,2.074671600115299,0.5757452935129403,10.150781417334079
1778595640749145000,45.22814501953125,1.9151637597262858,0.15715572430491445,11.977989830231666
1778595640759137300,45.23813720703125,1.9382067816615103,0.2966980505079031,13.604987805473804
1778595640769130000,45.2481298828125,1.8741256468951701,0.9433540325462818,15.082401952970027
1778595640779122200,45.2581220703125,1.7468845838606357,1.0919529409080744,15.845347980439662
1778595640789114000,45.26811401367188,1.619083402725309,1.0152484714120626,14.820055669397115
1778595640799106000,45.27810595703125,1.050024601238966,0.9923831441313028,12.363967169648408
1778595640809098000,45.288097900390625,-0.07896423112154007,1.231851240941882,10.28701944129467
1778595640819091200,45.29809130859375,-1.6478981399297714,1.8755866593584418,7.9897104676604265
1778595640829083100,45.30808325195313,-3.0369056896984574,2.7587401979640123,6.493832442712783
1778595640839075000,45.31807495117187,-4.0700913843393325,3.10452551998496,5.606095083448291
1778595640849067300,45.3280673828125,-4.162913460421562,2.915509845560789,4.505325798878073
1778595640859059200,45.33805908203125,-4.047748619627952,3.040263475693762,3.8533921686977144
1778595640869052200,45.34805224609375,-3.6124446469843385,3.879829801507294,3.243775000721216
1778595640879044000,45.358044189453125,-2.9480712219476697,5.11925498483479,-1.0013801050573587
1778595640889036300,45.36803637695313,-1.9967795282699166,5.475083269703388,-10.3426168253541
1778595640899028000,45.37802807617187,-1.8238579334259033,3.6357889899536966,-19.002729476821422
1778595640909020200,45.388020263671876,-5.5921349471569055,3.6452383708223697,-21.079407156062125
1778595640919013000,45.39801318359375,-9.88445804682374,5.277268787273765,-21.299089186906812
1778595640929005000,45.40800512695313,-8.40574976786375,4.621282374571264,-21.090218472933767
1778595640938997000,45.4179970703125,-4.569202643243968,3.667248834839463,-16.533566391444204
1778595640948989200,45.4279892578125,-1.3263267833195627,4.199806144011021,-11.769777287906408
1778595640958981000,45.43798120117187,1.4947465366996824,4.952345343756676,-6.367345412915944
1778595640968974000,45.44797412109375,5.0300119362831115,4.373604083298146,-2.3616461289882658
1778595640978966000,45.457966064453124,8.95301657038927,3.2876670416787266,0.03569499823749065
1778595640988958200,45.46795825195313,11.083667831879854,1.2352201328530907,-0.3119628396570682
1778595640998950000,45.47794995117187,11.654445273852348,-1.123112341542542,-3.673599665170908
1778595641008942000,45.487942138671876,11.970638882946968,-1.6359782772943376,-3.824333247473836
1778595641018935300,45.497935302734376,10.211711979115009,-3.162755590635538,-1.8885446328699587
1778595641028927000,45.50792700195313,8.077496303141116,-4.80256716248244,-0.9805576817810535
1778595641038919200,45.517919189453124,5.733040962928533,-5.346489623016119,0.5691939721733331
1778595641048911000,45.5279111328125,3.7159903616547583,-5.918747658935189,2.79717338899374
1778595641058903300,45.5379033203125,3.0242589740931987,-5.790747301965951,5.298472318822145
1778595641068896000,45.54789599609375,2.989548602978885,-5.256278021693229,7.208187165492773
1778595641078888200,45.55788818359375,2.5915759976029396,-5.710612858021259,7.796176439028978
1778595641088880000,45.56788012695313,1.459393337637186,-6.387693788939714,7.568657138687372
1778595641098872000,45.5778720703125,0.45712768191695213,-6.588798545086384,7.6954621483922
1778595641108864000,45.587864013671876,-0.5603600928544998,-5.9037394748955965,8.082675167083739
1778595641118857200,45.597857177734376,-1.7509212920308113,-4.865610186372697,8.51300661201179
1778595641128849200,45.60784912109375,-2.715525033354759,-3.776006731200218,8.75038387402296
1778595641138841000,45.617841064453124,-3.5801720244109627,-2.6198770861968397,8.981752251008153
1778595641148833000,45.6278330078125,-4.228716596674919,-1.4454378775209187,9.596254852938651
1778595641158825200,45.6378251953125,-4.52709748570323,-0.3800947111189365,10.127884525871277
1778595641168817200,45.647817138671876,-4.23483069564104,0.4326964204937219,9.881681567847728
1778595641178810000,45.65781005859375,-4.801528174823522,0.7658177835136651,9.282089534801244
1778595641188802000,45.66780200195313,-4.102810581636429,1.2211413386180996,7.7180059886336325
1778595641198794200,45.677794189453124,-2.54220844784379,2.468678224469721,5.904095448726415
1778595641208786000,45.687785888671876,-1.5890543212950228,3.871036838720739,3.0766724674195047
1778595641218778000,45.69777807617187,-1.6898096745945512,4.420820884764194,-0.5019903214722872
1778595641228771300,45.70777124023437,-1.2325194955922663,6.185679516732693,-3.394856958070397
1778595641238763000,45.717762939453124,-1.126250931829214,5.943069030243158,-7.308597504746913
1778595641248755200,45.72775512695313,0.11418167497515677,4.414792710515856,-11.644772605621814
1778595641258747100,45.7377470703125,-0.7763117049992084,2.623798351293802,-13.689467585146426
1778595641268739000,45.747739013671875,-1.9147592705786227,1.1226751191690563,-13.309469904661178
1778595641278732000,45.75773193359375,-2.651128256767988,2.6601392462193965,-12.604665100514888
1778595641288723500,45.767723388671875,-4.218769203156232,3.3682556591317057,-11.545389855849741
1778595641298715400,45.77771533203125,-4.0900142284274095,2.148162660522759,-9.832312849044799
1778595641308707600,45.78770751953125,-2.7314754666805268,0.6643254942417144,-8.808983362507819
1778595641318699300,45.79769921875,-2.005777365978807,-0.18285744405537843,-8.234811017400025
1778595641328692500,45.8076923828125,-2.2605178507231174,-1.2116668233081698,-8.269923831835388
1778595641338684400,45.81768432617187,-2.7237235373795032,-2.454467036026716,-8.552596279600262
1778595641348676400,45.82767626953125,-2.2310440650880334,-3.1763916095390914,-8.118224034848808
1778595641358668300,45.83766821289063,-0.619067279497534,-3.3044021956413983,-6.292664558202028
1778595641368660500,45.84766040039062,1.2277543270170688,-3.02828457634747,-4.605759519007802
1778595641378652400,45.85765234375,2.3212732020676135,-3.2613536197707056,-3.5604502558529374
1778595641388645400,45.867645263671875,3.7608617690384385,-4.26228451975584,-2.753216758367419
1778595641398637300,45.87763720703125,5.922145484679937,-4.746759935064613,-1.231959377491474
1778595641408629500,45.88762939453125,7.970907567512989,-4.456025469136238,0.3110708592534065
1778595641418621200,45.89762109375,7.183785714685916,-3.726358026412129,2.193670319983363
1778595641428613400,45.90761328125,5.444174921220541,-3.257930659584701,3.322733386623859
1778595641438606600,45.91760668945312,3.3939036028683183,-2.007710525998473,4.94043863286376
1778595641448598300,45.927598388671875,1.3269114513397215,-0.45967064439803357,6.6793883320719
1778595641458590500,45.93759057617188,-0.012809212690591812,0.6672238460317254,8.066445916816592
1778595641468582400,45.94758251953125,-0.7957623284656554,1.702633061940968,9.6527863029778
1778595641478574300,45.95757421875,-0.2061141087412834,2.3592729701161383,11.562117703288793
1778595641488566300,45.96756616210938,0.5274620318591594,1.6236784754306077,12.893788331854342
1778595641498559500,45.9775595703125,1.0080185201585292,0.21807781051844358,13.806140492415427
1778595641508551400,45.987551513671875,1.2070061380207537,-0.4960726218611002,14.10286017023325
1778595641518543400,45.99754345703125,0.7868329528830945,-0.11401479397565126,13.769858049678803
1778595641528535300,46.00753540039062,0.043965325389429925,0.3995467228248715,12.572761895775795
1778595641538527500,46.017527587890626,-1.010470078029111,0.8263105383992194,10.0050834911108
1778595641548520400,46.0275205078125,-2.433174072629213,1.8146990599364041,7.30972212486267
1778595641558512400,46.03751245117188,-3.891996916902065,3.2123265540122983,5.716847953018545
1778595641568504300,46.04750439453125,-4.526632206279039,3.9549043317139145,3.9493741701155898
1778595641578496500,46.05749658203125,-4.355010734248161,4.078988976544141,1.8406962555021047
1778595641588488400,46.06748852539062,-4.841641866286099,4.360140206091105,-1.4446195468753575
1778595641598480400,46.07748046875,-6.071334175628423,4.434754133048654,-8.374715747174621
1778595641608473300,46.087473388671874,-6.990462113934755,3.300451119928062,-14.122761971533297
1778595641618465500,46.09746557617188,-7.460878316491842,3.1247479315415023,-14.492823948937653
1778595641628457200,46.10745727539062,-7.27369102653861,3.495110937719047,-16.943947519755362
1778595641638449400,46.117449462890626,-5.929069730985164,2.335477668508887,-18.579126463365554
1778595641648441300,46.12744140625,-3.492028461533785,1.602944899481535,-15.257686039161682
1778595641658434300,46.13743432617188,-0.5032207400500774,2.705157076336443,-11.522366707658767
1778595641668426500,46.147426513671874,1.9576478335820138,4.4288846564933655,-7.605059992933273
1778595641678418400,46.15741845703125,4.423544756770133,5.191479094046354,-3.9562551618009802
1778595641688410400,46.16741040039062,8.406746962207555,4.381188839338719,-1.0719570315837859
1778595641698402300,46.17740234375,11.445201634913682,2.492586338801682,-1.697793512955308
1778595641708394200,46.18739428710938,11.580384012341499,-0.12287263869196176,-3.356175637498498
1778595641718387500,46.19738745117188,9.486697915154695,-1.9389280816733836,-4.856155252546071
1778595641728379400,46.20737939453125,8.402588673484324,-2.8194895579591392,-7.033193586680293
1778595641738371300,46.217371337890626,8.02782480199933,-2.541478964525461,-4.767388004812598
1778595641748363500,46.22736352539062,6.79729399600625,-2.749086234433949,-2.7316566684663295
1778595641758355500,46.23735546875,4.769138647872209,-3.187618229213357,-1.7312690815776586
1778595641768347400,46.24734741210938,2.8864988551318644,-3.0947730645164846,0.14144786756336689
1778595641778340400,46.25734033203125,2.299841122460365,-2.8503900153964756,2.961717469984293
1778595641788332500,46.26733251953125,2.9604981573224065,-3.278268514214456,5.581876587992906
1778595641798324200,46.27732421875,3.724737147212028,-3.5314570933416483,7.615020830455422
1778595641808316400,46.28731640625,3.71024334243536,-4.225930473087728,8.316748126852511
1778595641818308400,46.297308349609374,2.806295437604189,-4.691727783672511,8.276271155035495
1778595641828300500,46.30730053710938,0.9242213889878242,-4.364308723947405,8.347707913261651
1778595641838293200,46.317293212890625,-1.3906500562787054,-3.691022216875851,8.561243111914395
1778595641848285400,46.32728540039062,-3.390127591460943,-2.6470509243264795,9.34647520547211
1778595641858277400,46.33727734375,-4.652263496029376,-1.7199883936285971,10.400744020152091
1778595641868269600,46.34726953125,-5.2330456146657465,-1.2607163931593297,11.1703395686388
1778595641878261200,46.35726123046875,-5.053468799716234,-0.771677907718718,11.685235548913479
1778595641888253400,46.36725341796875,-4.943960961771011,-0.6514873477175831,11.509108582156896
1778595641898246400,46.377246337890625,-4.757590833419561,-0.26861294275224207,10.277649555402993
1778595641908238300,46.38723828125,-4.244402826106548,0.480416203045845,8.532768712580204
1778595641918230300,46.39723022460937,-3.316621625745296,1.326328975276649,7.118829550650715
1778595641928222500,46.40722241210938,-2.499055534815788,2.301924942997098,5.230224127504229
1778595641938214400,46.41721435546875,-2.571844876694679,3.9700221136078238,1.5754291160464287
1778595641948207400,46.42720727539062,-2.3924866729319096,5.458953972679376,-1.8050737379789352
1778595641958199600,46.437199462890625,-0.44063378936424846,5.183678064906597,-4.558668097487092
1778595641968191500,46.44719140625,1.3754269143141806,3.5284546966552734,-8.424052317273617
1778595641978183400,46.45718334960937,0.769375622125715,1.9542866865858435,-11.05700545040369
1778595641988175400,46.46717529296875,-1.3007808386527,0.0874327842593193,-12.64401043795347
1778595641998167300,46.47716723632813,-3.0235879429638386,1.3214488020196555,-11.751658278369902
1778595642008159500,46.487159423828125,-4.125945958030224,2.546504975993931,-11.674532953113317
1778595642018152400,46.49715234375,-4.644614150319994,1.9748525047525762,-12.201228092253208
1778595642028144400,46.50714428710938,-4.787860883998871,0.20427052670121193,-11.834621808260678
1778595642038136600,46.51713647460937,-3.837036661702394,-1.2292898660212754,-11.349308480823039
1778595642048128300,46.527128173828125,-2.605474759095907,-2.0865996460571883,-10.392906750655174
1778595642058120400,46.53712036132813,-2.00109549177289,-2.6901193739414215,-9.365839831155538
1778595642068113400,46.54711352539063,-1.0647883089981973,-3.156648798193037,-8.358402325755357
1778595642078105300,46.55710522460937,0.37343598388209936,-3.2749329400509595,-6.60318421331346
1778595642088097300,46.56709716796875,2.1869652693867683,-3.2767207002505656,-4.431001502516866
1778595642098089500,46.57708935546875,3.333286344820261,-3.3946728336751457,-2.9723166054099797
1778595642108081400,46.587081298828124,3.6785891440212724,-3.8707966002240775,-2.2186808425992726
1778595642118073300,46.5970732421875,4.414569715414941,-4.150648729871214,-1.0300298609584568
1778595642128066300,46.60706640625,4.994080206680297,-3.9360345038101077,0.2550011815071106
1778595642138058500,46.61705859375,4.495816212254763,-3.5340155456528066,1.9020237076461315
1778595642148050400,46.627050537109376,3.2507939395725725,-2.9000723301932214,3.192459239503741
1778595642158042400,46.63704248046875,1.630278312087059,-1.811002835766971,4.598512616619468
1778595642168034300,46.647034423828124,0.16436171016097068,-0.5123503874450922,6.67146163072586
1778595642178026500,46.65702661132813,-0.654950932174921,0.4075114180937409,8.674896379101275
1778595642188019500,46.66701953125,-0.43077980975005775,0.70405836969316,10.403363847261666
1778595642198011400,46.67701147460937,0.6144716222703457,0.21568127077072857,12.213339385807513
1778595642208003300,46.68700341796875,1.5841338160276413,-0.3241849001094699,13.455335004144906
1778595642217995500,46.69699560546875,1.5513339547097682,-0.36906332175582646,14.20123637331128
1778595642227987200,46.7069873046875,1.4069266528189182,-0.0477118915066123,14.18191324868202
1778595642237979400,46.7169794921875,1.2343255221009253,0.33816841727644203,13.490498671984671
1778595642247971300,46.72697143554687,0.9769557117663323,0.569552284091711,11.925709023374319
1778595642257964300,46.73696435546875,0.30384390367455777,0.9895780235826969,8.780007443392277
1778595642267956500,46.74695654296875,-1.2802186737477779,2.2171803749084473,6.226442319753765
1778595642277948400,46.75694848632813,-2.759982599240541,3.1969071588233113,3.992625867342949
1778595642287940400,46.7669404296875,-3.1875837424218654,3.463233451943099,2.4157483060538767
1778595642297932300,46.776932373046876,-3.7253614165902134,3.783852768525481,0.09031155456602573
1778595642307924200,46.78692431640625,-6.613855829453468,4.502221695382893,-4.81824374730289
1778595642317917400,46.79691748046875,-8.913098401498795,4.334745652593672,-10.473142901408671
1778595642327909400,46.806909423828124,-9.044491908037662,5.138182388144731,-12.897204277777671
1778595642337901300,46.8169013671875,-7.55881379006505,6.296157661014795,-13.96835466915369
1778595642347893200,46.82689331054687,-4.925059861946106,5.916958437430858,-15.870288360428809
1778595642357885400,46.836885498046875,-2.6231121225953102,5.145144043850898,-16.000008965319395
1778595642367877000,46.84687719726563,-0.5416109687209129,4.996936765155196,-13.493671456801891
1778595642377870300,46.85687036132813,1.2034078212678432,4.877239541628956,-10.105078819823264
1778595642387862500,46.866862548828124,3.3913106637656685,4.987058345219492,-6.580125993809103
1778595642397854200,46.876854248046875,5.699274302405119,5.032546423196792,-3.9567403149694202
1778595642407846400,46.88684643554687,7.799727994030714,4.291885000510513,-2.6424007604330777
1778595642417838300,46.89683837890625,10.356218649727106,0.21478578323572872,-7.125655597278476
1778595642427830500,46.90683056640625,14.496326404100655,-2.8780300097331404,-9.44612683531344
1778595642437823200,46.9168232421875,14.845628502070904,-3.7236233407512307,-5.556060009691119
1778595642447815400,46.9268154296875,10.356679252976178,-3.666191727001965,-4.097953204733133
1778595642457807400,46.936807373046875,5.849247421729564,-3.2215935640513895,-2.4729934573203325
1778595642467799600,46.94679956054687,3.2517969791352748,-3.160508103969693,-0.018991700717806814
1778595642477791200,46.95679125976562,1.8730957193255424,-3.6345749379888175,2.448413727337122
1778595642487783400,46.96678344726563,1.1194283923327921,-3.436586560297012,4.443382260662317
1778595642497775400,46.976775390625,0.5350608164250851,-3.7696480098232623,5.953088904476165
1778595642507768300,46.98676831054688,0.6429977517917752,-4.425597013124824,7.440325942328572
1778595642517760300,46.99676025390625,0.6531412524044513,-5.083623699483275,8.501001701441407
1778595642527752400,47.00675244140625,-0.16996259890794754,-5.290262124359607,8.946371725547314
1778595642537744400,47.01674438476562,-2.0403975745916365,-5.017935714042187,8.61920079536438
1778595642547736300,47.026736328125,-4.052037548993527,-4.10207086918503,9.181896053168177
1778595642557728300,47.03672827148438,-4.851170449870825,-3.426165411786735,10.022677599990367
1778595642567721500,47.04672143554688,-5.022935714286565,-3.0285584248527884,10.270194563221931
1778595642577713200,47.05671313476562,-4.938823014360666,-2.5363924550414083,10.81015250403881
1778595642587705300,47.066705322265626,-4.557436509865522,-1.6619839484274386,11.446899086481332
1778595642597697300,47.076697265625,-4.0287458129942415,-0.6471320751175283,11.33250347649455
1778595642607689500,47.086689453125,-3.291778568650782,0.6953197674423456,10.170607230788468
1778595642617681200,47.09668115234375,-2.5005039800584314,2.2292031133964656,8.553669461789728
1778595642627673300,47.10667333984375,-1.3522694722190498,3.607370704720914,6.676372199121118
1778595642637666600,47.11666650390625,1.07422015421018,4.677016829013824,5.262016857606172
1778595642647658200,47.126658203125,3.6761551948726177,3.5836283023446796,4.56572210765183
1778595642657650400,47.136650390625,1.6532605437457562,0.11023790578544139,2.980417494279146
1778595642667642400,47.146642333984374,-1.3835922467216848,0.022542378936707973,-0.32643092547059055
1778595642677634300,47.15663427734375,-3.0502023936450477,3.8514974409922953,-4.388439541119337
1778595642687626200,47.16662622070312,-3.7728736938714977,3.993270594987273,-9.011510844933985
1778595642697618200,47.1766181640625,-2.3131391415812073,2.642286194142699,-11.933603576016425
1778595642707611400,47.186611328125,-1.9757870091237126,2.1897794500246643,-13.706689938104152
1778595642717603300,47.19660327148438,-2.739364174103737,2.0807935901269317,-14.590753577291965
1778595642727595300,47.20659521484375,-3.3253906231343744,1.6735212414860725,-15.248929901254176
1778595642737587500,47.21658740234375,-3.6138358090817926,0.8882526153102517,-14.95876738999486
1778595642747579400,47.22657934570312,-3.228575093501806,-0.12328355758041143,-13.118224863749742
1778595642757571600,47.236571533203126,-3.461798158442974,-0.6683563571929931,-11.909860296857357
1778595642767563300,47.24656323242188,-3.9525639060676094,-1.218462474797666,-12.459701333785056
1778595642777556500,47.25655639648438,-3.4731402211904525,-1.8713389387860893,-10.165769727629423
1778595642787548400,47.26654833984375,-1.0867629710495472,-1.890284170013666,-7.5451768943786615
1778595642797540400,47.276540283203126,0.26992402535080906,-2.1211688551351426,-5.540907448744774
1778595642807532300,47.2865322265625,1.2654640260778367,-2.7790818519860503,-4.334853496882319
1778595642817524500,47.2965244140625,3.1006326041996477,-3.5246623186349866,-3.129105249968171
1778595642827516400,47.30651635742188,5.579024121171236,-3.381731519037485,-1.3432342251092195
1778595642837509400,47.31650927734375,7.094123563939332,-3.5456063224643466,-0.25323884800970553
1778595642847501300,47.32650122070312,6.3555532683134075,-3.4665602582782507,0.7347510295987129
1778595642857493500,47.336493408203125,3.6854654595315455,-2.8428531901508567,2.3471371266424654
1778595642867485200,47.34648510742188,3.5464790136456488,-1.5696657302141188,4.793905424860119
1778595642877477400,47.35647729492187,3.5217549067556857,0.044326632982492446,7.778401712885499
1778595642887469300,47.36646923828125,2.244487045637518,1.2895073110967874,9.982266094624995
1778595642897461500,47.37646142578125,1.9353763805411754,1.758273408359289,11.756454864996671
1778595642907454200,47.3864541015625,2.5650036324977874,2.1071254244744777,13.411084359008074
1778595642917446400,47.3964462890625,2.968981908029318,2.3829539976939556,14.297812248969077
1778595642927438300,47.40643823242188,1.892947251743078,1.3479820041581987,13.95764856622219
1778595642937430300,47.41643017578125,-0.07921659844741225,0.1570811977639794,13.171139292335509
1778595642947422200,47.426422119140625,-1.9094541499078272,0.16535802772194147,12.990696215945482
1778595642957414400,47.43641430664063,-3.2119828551411627,1.1172256215915084,13.002422894096373
1778595642967406300,47.44640625,-4.1203509145021435,2.508259416490793,12.05515607202053
1778595642977399300,47.4563994140625,-4.6119878920033575,3.0835210181400177,9.923615168213844
1778595642987391500,47.4663916015625,-4.604191246777773,3.658293374967575,7.913594611707329
1778595642997383400,47.47638354492187,-3.899609729993343,3.9220802127376198,5.062471021339297
1778595643007375400,47.486375244140625,-3.620236323773861,3.152063516229391,2.6967455140829086
1778595643017367300,47.4963671875,-4.582028807069361,2.5090973286196587,0.8784306017369031
1778595643027359200,47.50635913085937,-5.40758501996994,3.1511770887836814,-1.7364748335272073
1778595643037351400,47.516351318359376,-6.519300061446428,3.5696114674299952,-7.833662412336468
1778595643047344400,47.52634448242188,-6.458302864170074,3.15147811755687,-14.84936476598978
1778595643057336300,47.53633642578125,-5.925810436928272,3.9145428029701113,-15.661242289888857
1778595643067328500,47.54632861328125,-8.096181129866839,4.107166146497428,-17.348554740840196
1778595643077320400,47.55632055664063,-7.996281662744283,3.6705008223727345,-18.819194279634953
1778595643087312400,47.5663125,-4.943008191090822,3.5894042553976178,-15.703594407927989
1778595643097304300,47.57630419921875,-0.9731607033975421,4.055829634752869,-12.267322320407628
1778595643107296500,47.58629663085937,2.979781534463167,4.545904477503895,-8.720139542406796
1778595643117289200,47.59628930664063,5.996642799520492,5.056940859740973,-5.756646879443526
1778595643127281400,47.606281494140624,7.927738287872075,4.671088315747678,-3.688649934786558
1778595643137273300,47.6162734375,10.017790996992588,3.548421087624132,-2.9435101976424454
1778595643147265500,47.626265625,11.686584625434875,1.2740744719043373,-3.4055765050053592
1778595643157257200,47.63625732421875,11.491901426768303,-1.6645988071009516,-4.272663290429115
1778595643167249400,47.64624951171875,11.184204427862166,-2.1828332841485736,-3.5072798066794872
1778595643177241300,47.656241455078124,10.173531009280682,-2.2126213964298365,-0.6435246982753277
1778595643187234300,47.666234375,8.190013259774446,-2.8765508770912884,0.875256647875905
1778595643197226200,47.676226318359376,5.845806925886869,-3.212711169415712,2.5191969900906086
1778595643207218400,47.68621850585937,3.8126398870706555,-3.0821807094469666,4.7561797975778575
1778595643217210400,47.69621044921875,3.002791823172569,-2.951373478363454,5.975346328991651
1778595643227202300,47.70620239257813,2.792165205442905,-3.480537637965381,6.255978795361519
1778595643237194200,47.7161943359375,2.702013225352764,-4.273585958231985,6.469791641911864
1778595643247186400,47.7261865234375,2.40095288798213,-4.810550270190835,6.8133584111005066
1778595643257178400,47.73617846679687,1.3110638938665389,-5.096218392640352,7.01495884180963
1778595643267171300,47.74617138671875,-0.3886312149263918,-5.290571920961141,7.071684353116154
1778595643277163300,47.756163330078124,-2.2819093060590325,-4.609556573203206,7.542478156813979
1778595643287156000,47.76615600585937,-4.222865532559156,-3.2231907701149582,8.146909446585179
1778595643297147600,47.776147705078124,-5.653101749294996,-2.6480779292866585,8.576589734128117
1778595643307139800,47.78613989257813,-6.763672296911477,-2.5649264756083485,9.100679659205674
1778595643317131800,47.7961318359375,-7.037868008232116,-1.6691399576619266,9.761188225507736
1778595643327124000,47.8061240234375,-6.746044285762309,-0.1195461246177554,10.209606531268358
1778595643337117000,47.816116943359376,-6.267532455033064,1.0858785894304512,9.901087694585323
1778595643347108900,47.82610888671875,-5.103206936353445,2.065264304822683,8.693219386777281
1778595643357101000,47.83610107421875,-2.4255915085457262,4.367096308839321,6.362096990868449
1778595643367092700,47.8460927734375,-1.036400565034151,3.2835046613022683,3.0269845996648073
1778595643377085000,47.8560849609375,-0.2914648260295391,0.18343816655278206,0.6391583197593689
1778595643387076900,47.866076904296875,1.3259469902217387,3.6110894329831003,-2.930047489479184
1778595643397068800,47.87606884765625,1.5254346665605902,5.372630610966682,-6.711389151966571
1778595643407060700,47.88606079101562,2.3386662354171275,4.826065819230675,-9.907218160164355
1778595643417054000,47.89605395507812,1.2401856463059782,2.7465537933468815,-12.321181336367129
1778595643427046000,47.9060458984375,-0.10486191183552146,1.8963368941813705,-13.375064951121807
1778595643437037800,47.91603784179687,-1.187278670374304,4.110742543679476,-13.649818296325206
1778595643447029800,47.92602978515625,-2.4511622953929004,4.7136868097633124,-13.939268859922885
1778595643457022000,47.93602197265625,-3.3009950175464153,3.6287414095297454,-13.310938223648071
1778595643467014000,47.94601391601562,-3.538930497962236,1.7572393891364335,-12.937912720263004
1778595643477006000,47.95600610351563,-3.4582232225656506,-0.5788619642287492,-12.274828750514983
1778595643486998800,47.965998779296875,-3.0845699426710604,-2.35794610542655,-10.959287418973446
1778595643496991000,47.97599096679688,-1.9589375811316072,-3.090004827201366,-9.23739056137502
1778595643506983000,47.98598291015625,0.6279458747409283,-3.3166549434930084,-6.27934447337985
1778595643516974800,47.99597485351563,1.9155973288379609,-3.358445628257096,-3.466448030075431
1778595643526966800,48.005966796875,1.6176396336577832,-3.468103103806078,-2.1149264536142347
1778595643536959000,48.015958984375,1.497705094244331,-3.910536782199144,-1.4055880976915358
1778595643546951000,48.02595092773438,2.5043138937354086,-4.753569907340407,-0.09475216736197471
1778595643556942800,48.03594287109375,3.4224922762319445,-5.050817992946505,1.2239227860301731
1778595643566935800,48.04593579101562,3.925682913404703,-4.859533204546571,2.235851173108816
1778595643576928000,48.055927978515626,4.089198235869407,-4.707109184938669,3.351026584172249
1778595643586919700,48.06591967773438,3.105665337669849,-4.321536042408645,4.302215548127889
1778595643596911900,48.075911865234374,1.1032990953087807,-3.436446275043487,5.3894782853931185
1778595643606903800,48.08590380859375,-0.43995442879796026,-2.0855627042248845,6.927559959819913
1778595643616896000,48.09589599609375,-1.1078829159677028,-0.5740110170662402,8.848773521104455
1778595643626887700,48.1058876953125,-0.32424371762461957,0.5809782257303595,11.092675314199925
1778595643636880000,48.1158798828125,1.0699287406265734,0.9793135269388555,13.319875563341379
1778595643646872800,48.12587280273438,1.7264659190796314,0.5534338007226586,15.0881220841825
1778595643656864800,48.13586474609375,1.926772510585934,-0.08835720562785863,15.11240429252386
1778595643666856700,48.145856689453126,1.0414508341610431,-0.40805590023398397,12.851971635866164
1778595643676849000,48.15584887695312,-0.15489377072229982,-0.4014715534076094,10.775254209136962
1778595643686840800,48.1658408203125,-0.5553029555954039,-0.28071517621725794,8.947502190881966
1778595643696832800,48.17583276367188,-0.7764847234785557,0.2630336813151836,6.715835609981418
1778595643706824700,48.18582470703125,-2.1855929581202567,1.682930874866247,5.669426861152052
1778595643716817000,48.19581689453125,-3.0567735887289045,2.967677547432482,4.785686462569236
1778595643726809900,48.205809814453126,-2.7647265788972377,3.4393946034550664,4.057012707057595
1778595643736801800,48.2158017578125,-3.4475065982401367,3.890705708047747,3.55865518912971
1778595643746793700,48.225793701171874,-5.716744492644072,4.7250285802498455,0.41197219689488407
1778595643756786000,48.23578588867188,-7.61138802691102,5.399231033122539,-5.973489887470007
1778595643766777900,48.24577783203125,-7.413350841641425,4.60365524020493,-13.652781822305917
1778595643776769800,48.255769775390625,-7.0417281907916065,4.166204903182387,-16.542762089812754
1778595643786761700,48.26576171875,-9.028933104377984,5.24723196092844,-17.309913167756793
1778595643796754000,48.27575390625,-8.915684326338768,5.146456295493245,-19.871775579619406
1778595643806747000,48.285746826171874,-5.5752136229723686,3.645015667982399,-17.916545182442665
1778595643816738800,48.29573876953125,-1.379902013901621,3.714780401343107,-13.50171213991642
1778595643826731000,48.30573095703125,2.8598063707783816,4.74865027885586,-9.268912657842039
1778595643836723000,48.315722900390625,6.323122824829817,5.280954197788239,-5.602145469039678
1778595643846714600,48.32571459960938,8.43689426319003,5.302314965724944,-2.8006881191164252
1778595643856706800,48.33570678710937,9.42219709367156,4.9459009899228805,-1.0361404527932405
1778595643866698800,48.34569873046875,10.43194813671112,3.5770465858668086,-1.2666565968632697
1778595643876691000,48.35569091796875,10.874300274300575,0.48760465324521063,-1.9445751476496458
1778595643886684000,48.36568383789062,10.735269404751062,-1.4340502220660447,-2.470526774945855
1778595643896675800,48.37567578125,9.931389309346676,-1.9731004003882406,-0.7455804666489362
1778595643906668000,48.38566796875,7.6576634558737275,-2.4700258396863934,0.9320704219877719
1778595643916659700,48.39565966796875,5.804224038654565,-3.022648908548057,1.6392010387331246
1778595643926652000,48.40565185546875,4.229840340007842,-3.293802183432877,3.11422390717864
1778595643936643800,48.41564379882813,2.175150912952423,-3.4683559095233676,5.21002480456233
1778595643946636000,48.425635986328125,0.6139557817026973,-3.72699047909677,6.220169230833649
1778595643956628000,48.4356279296875,0.46752267307266593,-4.08597781251818,6.244492355707288
1778595643966621000,48.44562084960938,0.7654233773685991,-4.76184615277648,6.754837833070755
1778595643976612900,48.45561279296875,0.14240692185387013,-5.683337313082814,6.917783831214904
1778595643986605000,48.46560498046875,-1.624498559641838,-5.945336975175142,7.000861342874169
1778595643996596700,48.4755966796875,-3.661281158606708,-5.320107812047004,7.278155020210146
1778595644006589000,48.4855888671875,-4.468651141953468,-4.754579961165786,7.73490627003014
1778595644016580900,48.495580810546876,-5.1136593567848205,-3.9123938082426784,8.68242560556233
1778595644026573000,48.50557299804687,-6.119595809972286,-3.119955144307017,9.659957217520475
1778595644036564700,48.515564697265624,-6.475863070780038,-2.3405407971173524,10.174647446089983
1778595644046558000,48.525557861328124,-6.419483596432209,-1.2791957604408264,10.342252083694934
1778595644056550000,48.5355498046875,-5.930591825985908,-0.014993278731405733,9.978772991812228
1778595644066541800,48.54554174804687,-5.1818602018296716,0.9109142367124557,8.98697846122384
1778595644076533800,48.55553369140625,-3.9092227769911285,1.0936951084002853,7.50636814803481
1778595644086526000,48.56552587890625,-2.010385736557096,1.3070572885736822,5.587884888496995
1778595644096518000,48.575517822265624,-0.5182696944914758,2.7162013251811263,4.577022669345141
1778595644106509800,48.585509765625,1.5566577800810335,3.1747274757191537,4.03443613359034
1778595644116501800,48.59550170898437,2.542284435689449,-0.7436100433588028,1.2264175254553555
1778595644126494000,48.605493896484376,1.3656243360936642,0.0754161832511425,-2.317078088465333
1778595644136486000,48.61548583984375,-0.06742226188778877,5.698568199962377,-5.117676191210746
1778595644146478800,48.62547875976563,-0.47825464109778404,5.973941138368844,-9.637501055562495
1778595644156470800,48.635470703125,-1.1879425411105156,3.9897029656335707,-13.774305092215537
1778595644166463000,48.645462890625,-2.731273222106695,2.811427247534692,-16.022067652392387
1778595644176454700,48.65545458984375,-2.151571299922466,1.4120096551716328,-17.721898224133252
1778595644186446800,48.66544677734375,-0.9396484560266136,1.08826811491549,-15.953457642024755
1778595644196438800,48.67543872070313,-0.7396037303268909,1.620309583519399,-13.38275959727764
1778595644206431000,48.685430908203124,-0.8668915551126003,1.5684370652019977,-11.864280448943376
1778595644216423000,48.6954228515625,-0.5611600110605359,0.5909516304731368,-10.85603162716031
1778595644226415900,48.705415771484375,1.1344633182488382,-0.46775458213239907,-8.974450988084078
1778595644236407800,48.71540771484375,2.4714321993529795,-1.3819067778527736,-6.774211226582527
1778595644246400000,48.72539990234375,2.971478985542059,-1.7451783644646406,-4.394153242591023
1778595644256391700,48.7353916015625,2.4341642527103424,-1.422658182696998,-2.776020126327872
1778595644266384000,48.7453837890625,2.1766882055222987,-1.9763620325326918,-2.3711060312509535
1778595644276375800,48.755375732421875,2.7909762879192828,-3.4439895300298926,-1.5003876113265753
1778595644286368000,48.76536791992187,3.2950106824398038,-3.992648079174757,-0.08650631706416606
1778595644296359200,48.77535913085938,3.013223200815916,-4.071259259074926,1.0296423229455947
1778595644306351000,48.78535107421875,1.9526221143744884,-3.893895151738822,2.024026870027184
1778595644316344000,48.79534399414062,0.6336402869902551,-3.506994267736375,3.314915406349301
1778595644326336300,48.80533618164063,-0.5139082113463431,-2.399057575754821,4.929420395243167
1778595644336328000,48.81532788085938,-0.22441066680178046,-1.3969506177276372,6.437263583272695
1778595644346320100,48.825320068359375,0.04273556439876556,-1.4764818350821733,8.39010094783306
1778595644356312000,48.83531201171875,1.1721534358263015,-1.7411644526481627,10.450002848839759
1778595644366304300,48.84530419921875,3.670104224270582,-0.7634089688062667,11.942130581343173
1778595644376296000,48.8552958984375,4.6341818958938115,-0.25619945138096806,12.683542822396754
1778595644386288000,48.8652880859375,4.183595013922453,-0.3051502370327711,12.290358328080176
1778595644396280000,48.875280029296874,3.206777103191614,-0.9166416744485497,10.920762750267983
1778595644406273000,48.88527294921875,1.731607519751787,-1.223486732700467,9.845243642288446
1778595644416265000,48.895264892578126,0.3928792277596891,-0.7419713362410664,8.987773410993814
1778595644426257200,48.90525708007812,-0.8640307588540017,0.2928729392617941,7.571360552427172
1778595644436249000,48.9152490234375,-1.871093147331476,1.5068071229800581,6.557022181597351
1778595644446241000,48.92524096679688,-2.402525251865387,2.6578467513680457,5.626576145941018
1778595644456233000,48.93523291015625,-2.805634927868843,3.37335736618489,4.724314586761594
1778595644466225200,48.94522509765625,-3.170299430143833,3.623357962925732,3.5796593987137078
1778595644476217000,48.95521704101562,-4.254012365972995,4.125390369974077,-0.3166594730406999
1778595644486209300,48.965209228515626,-7.770082212829589,4.5730853298962115,-8.027557090973854
1778595644496201000,48.97520092773438,-10.568458547872304,4.1268715484425424,-14.581651402425765
1778595644506194200,48.98519409179688,-10.437399387854336,4.2731013895854355,-16.221773063135146
1778595644516186000,48.99518603515625,-9.036372898989915,4.95692565728426,-18.157590319311616
1778595644526178000,49.005177978515626,-6.881680252176523,4.373927031642198,-17.84853956770897
1778595644536170000,49.015169921875,-4.003635921657085,3.8290555998206135,-14.81702550792098
1778595644546162200,49.025162109375,-0.8953262069582939,4.186608224263787,-12.202087339431047
1778595644556154000,49.03515405273438,2.089775499614328,5.274486463078857,-8.839634521359205
1778595644566146000,49.04514599609375,4.609268111650645,6.124405256080627,-5.0425680509954685
1778595644576138000,49.055137939453125,6.827578075110912,5.941944410127401,-2.176137585902214
1778595644586130200,49.06513012695312,8.399689444911479,4.419261672623455,-1.4613240134388208
1778595644596123100,49.075123046875,9.842727860075234,3.0966517178699373,-1.2229226690769195
1778595644606115000,49.08511499023437,10.606971526139974,1.8212664556279778,-0.4767039045244455
1778595644616107000,49.09510693359375,9.869133051919937,-0.7574702264070511,-0.9932581734001636
1778595644626099200,49.10509912109375,8.765438819813728,-2.564386961904168,-2.060080180183053
1778595644636091000,49.1150908203125,9.19746245561242,-2.429401276092231,-1.5581301907211542
1778595644646083000,49.1250830078125,7.52671652405858,-2.695638721884787,0.2917570869743824
1778595644656075000,49.13507495117187,5.403902532064914,-2.9759891564428806,1.7449287736177443
1778595644666067200,49.14506713867188,4.1452839879676695,-3.172910489425063,3.4076953968554733
1778595644676059000,49.15505883789063,3.830744868081808,-3.6626682290509343,5.058861598670482
1778595644686051000,49.165051025390625,3.1708664163768288,-4.6152746585890645,6.37059944627583
1778595644696044300,49.175044189453125,1.9905717596709727,-5.387178191757202,6.895609408807754
1778595644706036000,49.18503588867188,0.9942354939997196,-5.642853327003121,7.128095391646027
1778595644716028200,49.19502807617187,-0.3726363579370081,-5.637043763941526,7.655764344254136
1778595644726020000,49.20502001953125,-2.3442425742447375,-5.439349108499289,7.873050419872999
1778595644736012300,49.21501220703125,-4.460129981845617,-4.78257359124571,8.395731062674521
1778595644746004200,49.225004150390625,-5.9494426569283005,-3.9703193429887293,9.213135241040586
1778595644755996000,49.234995849609376,-6.672403880012035,-3.09903364457041,9.974127211833
1778595644765988000,49.24498803710937,-6.778883894568681,-2.2547651324152946,10.735789629232883
1778595644775980000,49.25497998046875,-6.4180351511895655,-1.6360358527004717,11.136847633403539
1778595644785972200,49.26497216796875,-5.804731403654813,-1.397574010322988,10.84350064688921
1778595644795965200,49.27496508789063,-5.106887086170912,-0.8270113801449537,9.510070607435702
1778595644805957000,49.28495703125,-5.186958401751518,0.33684330615252256,6.877748757946491
1778595644815949300,49.29494921875,-4.476023132026195,2.10820269831717,4.957742234364152
1778595644825941000,49.30494091796875,-1.3163842121064662,2.9628280615746974,3.4482489410400388
1778595644835933200,49.31493310546875,1.4834148492157457,1.5044436087191104,2.6938082915872332
1778595644845925000,49.32492504882813,0.13194997137784958,0.36393677252233025,-0.03973579806089401
1778595644855917300,49.334917236328124,-1.6827648706495761,3.928189927789569,-4.405429838886857
1778595644865909000,49.344908935546876,-0.4089195313259959,5.758438439035415,-7.3077505325287575
1778595644875901200,49.35490112304687,1.32984224409461,4.662882212938368,-12.118088036751747
1778595644885893000,49.36489306640625,0.05471007983088493,2.85192964605391,-14.57259598931074
1778595644895885000,49.37488500976563,-1.6360254774369298,0.986692531274259,-17.082554026412964
1778595644905878000,49.3848779296875,-3.001082388906181,1.1573401898369193,-17.66471912384033
1778595644915870200,49.3948701171875,-3.179514417734742,1.8509033228702843,-15.347891795265674
1778595644925862100,49.404862060546876,-2.964928540985286,1.8870086554743348,-12.993604796868562
1778595644935854000,49.41485400390625,-2.8910288997769356,1.4737309289388358,-10.986930628180502
1778595644945846000,49.424845947265624,-2.817580217206478,0.839227449247986,-9.243514012691378
1778595644955838200,49.43483813476563,-3.1853193046212196,-0.06536693679317832,-8.0258087860018
1778595644965830100,49.444830078125,-2.259558358041197,-0.8750381828196346,-6.523076657375693
1778595644975822300,49.454822265625,0.16221768386960028,-1.2769075033731758,-4.423658738538623
1778595644985814000,49.46481396484375,2.037429372435808,-1.9561831678569315,-3.856569045168161
1778595644995806200,49.47480615234375,3.2672973306059836,-2.7218758636862037,-3.7312434603661297
1778595645005799200,49.48479907226562,5.158607921057939,-2.6709227983012793,-2.7870734352618456
1778595645015791000,49.494791015625,8.257436690706013,-2.5747420594409105,-1.1620745248824358
1778595645025783000,49.50478295898437,8.449125968253613,-1.8527607873052359,1.842694735842943
1778595645035775200,49.514775146484375,8.660327755522728,-0.47401130443960426,4.2307811279892915
1778595645045767200,49.52476708984375,8.21630505437255,-0.29738047981411214,6.766243608704209
1778595645055759000,49.53475903320312,7.188562427568435,-0.8293316397860646,8.31882493312657
1778595645065751000,49.5447509765625,6.383759956622123,-0.2774135043233633,8.593582954505086
1778595645075743200,49.5547431640625,4.745382509231567,-0.39341654950678345,8.886950399285555
1778595645085735200,49.564735107421875,2.491616909247637,-1.45186031178385,8.510774907436966
1778595645095727000,49.57472705078125,0.5062555046360939,-2.359482521213591,8.650591958928107
1778595645105719000,49.58471899414062,-1.1943069615758954,-3.1709272066533565,9.104721628072857
1778595645115711200,49.594711181640626,-2.591489488363266,-3.4459675521045923,9.644522332501412
1778595645125704000,49.604703857421875,-3.2076199837565422,-3.1570377975106236,10.478714564061164
1778595645135696100,49.61469604492188,-3.2302585165441036,-2.530141870214045,10.9271433912158
1778595645145688000,49.62468798828125,-3.726612293434143,-1.5633777359858154,10.974997029280662
1778595645155680300,49.63468017578125,-4.9233039581894875,-0.3866293735846877,10.73939496024847
1778595645165672000,49.644671875,-5.627385124236345,0.7662398083180189,9.819673147702217
1778595645175664000,49.6546640625,-5.764809727632999,1.5306851344347,8.259392500948906
1778595645185656000,49.66465600585938,-5.63754060754776,2.18630943582654,6.68101038031578
1778595645195648300,49.674648193359374,-5.174566537690162,2.701748144675791,5.103095292672514
1778595645205640200,49.68464013671875,-4.444006237779558,3.4332062702089545,3.4178888740897175
1778595645215632100,49.69463208007812,-4.454700650273264,4.274465079154074,0.2065858179062605
1778595645225624000,49.7046240234375,-4.623748472423851,4.633882036164403,-6.435359795477986
1778595645235617300,49.7146171875,-3.46514396173954,4.168936666233837,-15.836410640746355
1778595645245609000,49.72460888671875,-2.914137388163805,3.7800878630340096,-21.900576239919662
1778595645255601200,49.73460107421875,-6.203486391580104,4.355710699211061,-21.41218715829849
1778595645265593000,49.744593017578126,-7.239259180104732,4.648655534665286,-22.14731695808172
1778595645275585300,49.75458520507812,-3.989363358415663,4.036050583049655,-20.207174239921567
1778595645285577000,49.764576904296874,0.024077333419024943,4.311177145479619,-14.625658886456488
1778595645295569400,49.7745693359375,2.4324153632164,5.506981798267364,-9.121864486053585
1778595645305561600,49.7845615234375,5.659482390242815,5.653323867613077,-2.708821151801944
1778595645315553500,49.79455346679688,14.727066420054435,3.4354090409502387,-0.6401379784464836
1778595645325545500,49.80454541015625,19.826143124735353,0.2636582429543137,-1.7609873434931038
1778595645335537400,49.814537353515625,17.603934692531823,-1.781684679085016,-0.7357669286429882
1778595645345529600,49.82452954101562,13.357218328785896,-3.064295508666336,-0.5566431181579828
1778595645355522300,49.83452221679688,8.8587402038455,-3.3404341707482934,-0.3584861059010029
1778595645365514500,49.84451440429687,4.9239305656552315,-3.9478082359731195,0.32685411931872366
1778595645375506400,49.85450634765625,2.4984312654376026,-4.221908962486684,1.4366262100338936
1778595645385498600,49.86449853515625,1.532007322949171,-4.099532875140011,3.2222073120355605
1778595645395490300,49.874490234375,1.3481038769721985,-4.012933911356329,5.049443781983852
1778595645405482500,49.884482421875,1.2967360933065413,-4.52550261772722,6.59204965583682
1778595645415474400,49.89447436523437,1.2562190817400813,-4.850453533773124,7.534163917455077
1778595645425466600,49.90446655273438,1.0304010323584079,-5.17941923841834,7.256743983390927
1778595645435458300,49.91445825195313,0.25670097116231916,-5.059060920634866,7.280587215793132
1778595645445450500,49.924450439453125,-0.9425988302648067,-4.805996260148286,7.637019311773776
1778595645455442400,49.9344423828125,-2.7413211533904076,-4.23935518732816,8.234372625982761
1778595645465434600,49.9444345703125,-4.308875590538978,-3.2578432735621927,8.807569988578557
1778595645475426600,49.954426513671876,-5.447835197293758,-2.015517692618072,9.562717909517884
1778595645485419500,49.96441943359375,-6.322452962744236,-0.7456596693649887,10.155345364248753
1778595645495411500,49.97441137695313,-6.8084723926246165,0.33555589669048785,10.442626182591914
1778595645505403400,49.9844033203125,-6.612012247413396,1.1925181784629821,10.053133528530598
1778595645515395300,49.994395263671876,-5.746204395884275,2.111042890179157,9.232949364057182
1778595645525387500,50.00438745117187,-4.401765178899467,2.758121481543779,8.431067164471745
1778595645535379500,50.01437939453125,-2.9735797572135922,3.688892511370778,7.665879495555162
1778595645545371600,50.02437158203125,-1.5148574507057666,4.0887367558375,6.597296324318647
1778595645555363300,50.03436328125,-0.4444315742120146,1.6784408699706195,4.3223938282817596
1778595645565355500,50.04435546875,-0.08901333144903183,1.1322566019847988,1.375001820769906
1778595645575347500,50.05434741210937,1.0084931519329547,5.401611206257343,-1.9774130028903483
1778595645585339600,50.064339599609376,2.9819346208438278,6.450192038428783,-8.591382229590415
1778595645595331300,50.07433129882813,2.7336113096654415,3.505640807300806,-14.085107071399689
1778595645605323500,50.084323486328124,-0.2940308771252632,-0.786131672745943,-16.0240959433496
1778595645615316500,50.09431640625,-2.0410636372849345,-3.0593478231310844,-17.91657557758093
1778595645625308400,50.104308349609376,-2.377584579615295,-1.0472412541307508,-18.85229926137924
1778595645635300400,50.11430029296875,-3.5557077375009656,0.24112945415154097,-17.40761483257413
1778595645645292500,50.12429248046875,-4.029186542499065,-0.192446233394742,-14.938250671666859
1778595645655284500,50.13428442382813,-5.154871657139062,-1.9414061622247099,-13.084412610518932
1778595645665276400,50.1442763671875,-4.463642958402634,-1.9771302404262123,-11.593349876898527
1778595645675268400,50.154268310546875,-2.741165378306806,-1.3218570905596017,-9.08127353246808
1778595645685260500,50.16426049804687,0.5041702958598733,-1.006832086852938,-6.209529178875685
1778595645695252500,50.17425244140625,2.2418445683047175,-0.9032964551851153,-3.7427602951586243
1778595645705244400,50.18424438476563,3.419751160830259,-1.4794187653169035,-3.450065050551295
1778595645715236400,50.194236328125,4.535077378541231,-2.2056284688025714,-2.7826117796778678
1778595645725228500,50.204228515625,6.272507905358076,-2.491254505676031,-1.89298115401268
1778595645735220500,50.21422045898437,7.747391073071956,-2.0067888811089096,-0.6349141063183545
1778595645745212700,50.224212646484375,7.23517921731472,-0.7120457151852547,1.114462294358015
1778595645755205400,50.23420532226562,5.084321034097671,0.3748455584190786,3.3126188198447224
1778595645765197600,50.24419750976563,3.209443984313309,0.9365081121742724,5.297807717433572
1778595645775189500,50.254189453125,1.7321733369410037,1.542008346351236,6.83834204570949
1778595645785181400,50.264181396484375,0.7684872949838638,2.0103757996849714,8.381247779291868
1778595645795173400,50.27417333984375,0.35197789305076,2.069016935354471,10.123797548818589
1778595645805165600,50.28416552734375,0.5140972311124206,1.1323444263987243,11.297902118712663
1778595645815157500,50.29415747070313,0.8358062426276505,-0.7460533448576927,11.43310086275339
1778595645825149400,50.3041494140625,0.40628903669193384,-1.517759748018533,11.493056442022324
1778595645835141400,50.314141357421875,-0.9208405874431133,-1.5535153904020786,11.819384491640328
1778595645845133600,50.32413354492188,-2.6082079834520817,-1.31453551549986,11.705256592679023
1778595645855125500,50.33412548828125,-3.8998634124934672,-0.8334132100112736,10.569079310119152
1778595645865117400,50.344117431640626,-4.981567931109667,0.1382088856421411,9.279587781113385
1778595645875109400,50.354109375,-5.5579626284420485,1.0324036043524742,7.695851439970731
1778595645885101600,50.3641015625,-5.885458552795648,1.3605401646971702,6.20127456074953
1778595645895093500,50.37409350585938,-5.876703583931922,1.725788896600902,5.350007860270142
1778595645905086500,50.38408642578125,-5.6554585415542125,1.665392295566201,4.741538693284988
1778595645915078400,50.39407836914062,-5.083076002472639,1.93473822876811,4.511663769727945
1778595645925070600,50.404070556640626,-3.722268419010937,2.8876272746399043,2.7489374736130237
1778595645935062500,50.4140625,-2.9710239352509378,3.742869308491051,-1.2657079178363084
1778595645945054500,50.424054443359374,-2.2597356143042444,3.868248377045989,-8.610037245699763
1778595645955046400,50.43404638671875,-3.144319770234823,3.859696821799874,-13.84964762570858
1778595645965038600,50.44403857421875,-6.053596274363994,4.2752158975213765,-15.651008480644226
1778595645975030500,50.454030517578126,-9.072854079169035,4.343504420849681,-20.23607534023523
1778595645985022500,50.4640224609375,-7.57934570596218,3.226530435931682,-19.38199767398834
1778595645995014400,50.474014404296874,-3.1671932808220387,2.8615932541951534,-14.849920061784982
1778595646005006600,50.48400659179688,0.9270572700008749,3.572284778292477,-11.698948432445526
1778595646014998500,50.49399853515625,4.589088370192051,4.449007699328661,-8.12920603211224
1778595646024990500,50.503990478515625,7.066728192013501,4.914416887378692,-4.343144939887523
1778595646034982400,50.513982421875,8.531751644492148,3.2251503797501324,-3.079818948751688
1778595646044974600,50.523974609375,10.703979947996139,-1.4331094340845942,-5.683841170951724
1778595646054966500,50.53396655273438,15.317231284064054,-3.5184649252995848,-6.0688008577585215
1778595646064959500,50.54395947265625,15.709380005592108,-3.2695509547516703,-3.08311623673141
1778595646074951400,50.55395141601562,12.667870621490477,-3.593401800601184,-1.3554472254723309
1778595646084943600,50.563943603515625,8.929918603396414,-3.1833281308040022,-0.507093197569251
1778595646094935300,50.57393530273438,5.4124190159976475,-3.3322914885640142,0.5224859970122575
1778595646104927500,50.58392749023437,2.93935161665827,-3.321344270353019,2.2070962032675743
1778595646114919400,50.59391943359375,1.9566124991849063,-3.071649670821428,4.301941991883516
1778595646124911600,50.60391162109375,2.1606045012056825,-2.96328866482377,6.123814304450154
1778595646134903600,50.613903564453125,2.508267599797249,-3.314582521133125,7.654956535002589
1778595646144895500,50.6238955078125,2.4806629690349102,-3.844142402054369,8.729293739721179
1778595646154887400,50.63388745117187,1.9126527998186647,-4.26457876817286,9.065932755473256
1778595646164879600,50.643879638671876,0.9584979717947542,-4.676836796271801,8.919169830366968
1778595646174871600,50.65387158203125,-0.4598245197854936,-4.612469245779514,8.814323554491997
1778595646184863500,50.663863525390624,-2.389321194638312,-3.866437235970795,9.029305444821714
1778595646194855400,50.67385546875,-4.275295977020264,-2.861931692369282,9.117283588004112
1778595646204847600,50.68384765625,-5.316502481031417,-1.6711133035615087,9.655935122397542
1778595646214839600,50.693839599609376,-5.830638582849502,-0.6099728495463729,10.310475135684014
1778595646224831500,50.70383154296875,-5.915036529457569,0.12865151435434818,10.725838728582858
1778595646234823400,50.713823486328124,-5.584007754802704,0.9012427375257015,10.294792413383721
1778595646244816600,50.723816650390624,-5.142065951579809,1.428801507757604,9.185410198768972
1778595646254808300,50.733808349609376,-4.291028968203068,1.8490961273178457,8.275577912074327
1778595646264800500,50.74380053710937,-3.1385727510154244,2.1312588719949126,6.955580185645818
1778595646274792400,50.75379248046875,-2.219763961660862,1.8991659801274536,4.900650227832794
1778595646284784600,50.76378466796875,-2.228995608125627,1.4279051434397696,1.2500918310314417
1778595646294776800,50.77377685546875,-1.7059224588751791,4.580161259631812,-1.7388608518809079
1778595646304768800,50.78376879882813,0.16636165180653334,8.498092535996436,-5.314097757977247
1778595646314761000,50.793760986328124,1.7985995735287665,4.298695849569142,-11.228813969439267
1778595646324753000,50.8037529296875,2.5064611348971724,0.34255729988515377,-15.091055215024948
1778595646334744800,50.81374487304687,2.7980171463415027,-2.1700739019490776,-17.523589820706842
1778595646344736800,50.82373681640625,2.2373647925421594,-2.468212652784586,-17.992165948355197
1778595646354729000,50.83372900390625,0.3655211191043258,-1.17432873403877,-16.126902822351454
1778595646364721000,50.84372094726562,-0.6799579476594925,-0.20609613469317553,-13.750363075613974
1778595646374712800,50.853712890625,-1.0625397994190453,-0.8656348330497741,-12.227498844063282
1778595646384704800,50.86370483398437,-2.071971401245892,-2.280023638442904,-10.966761115854977
1778595646394697000,50.873697021484375,-2.0751789651155472,-2.9792955045118927,-9.30208953577876
1778595646404689000,50.88368896484375,-1.2292296602666377,-3.3108483030408618,-7.589922629556059
1778595646414680800,50.89368090820312,-0.018488135109841822,-3.4713419395968317,-5.828932947975397
1778595646424673800,50.903673828125,1.1819368709549307,-2.968972263418138,-3.6182483648270365
1778595646434666000,50.913666015625,2.043367822574079,-2.8521324751496313,-2.436597032815218
1778595646444658000,50.92365795898438,2.8275439773380753,-3.3014585434049364,-1.9571195719242094
1778595646454649900,50.93364990234375,3.3036969699814915,-3.664912500846386,-1.357998663520813
1778595646464641800,50.94364184570313,3.594226268726587,-3.710147480845451,-0.5278121604710817
1778595646474634000,50.95363403320312,3.3364307803258297,-3.187384420457482,0.6870107887804507
1778595646484626000,50.9636259765625,2.692316591724753,-2.282678244604915,2.4391122305065394
1778595646494617900,50.97361791992188,0.9771347215950489,-1.3175824819803237,4.157598402878642
1778595646504609800,50.98360986328125,-0.3665218205794692,-0.5483148502737284,5.834022380068898
1778595646514602000,50.99360205078125,-1.4937956657156348,0.22317045748233794,7.616999437052011
1778595646524594000,51.00359399414062,-2.423077041506767,1.652962437582016,9.314713455030322
1778595646534585900,51.0135859375,-2.3603625189185142,3.592577332475781,11.257764169591665
1778595646544577800,51.02357788085938,-1.5193177911154925,4.283776805117726,13.375584006559848
1778595646554570000,51.033570068359374,-0.37378742766827344,3.1832506816536186,15.093134943908453
1778595646564562000,51.04356201171875,0.06074702190756798,1.6723761631041765,15.589713177204132
1778595646574553900,51.05355395507812,-0.3789537243902683,1.3691529486112295,15.393016885149478
1778595646584545800,51.0635458984375,-2.039382844591141,1.6612927512928843,13.013692476129531
1778595646594537700,51.07353784179688,-3.8234608485534785,2.3853043602123853,10.210098698699474
1778595646604530000,51.083530029296874,-4.291107294136285,3.567493160101771,8.464207802051305
1778595646614521900,51.09352197265625,-3.872481192310154,4.301991676244139,6.389272582563757
1778595646624513800,51.103513671875,-2.123963308159262,3.9091339296638963,3.4415666867971417
1778595646634505700,51.113505615234374,-2.2806315412081775,3.7234927001088853,0.868840935614705
1778595646644498000,51.12349780273438,-3.71159504930526,4.876614103206992,-2.4261352600336075
1778595646654491000,51.13349096679688,-3.629077509616315,5.887331945452094,-8.351649928885697
1778595646664482800,51.14348291015625,-2.720368381732702,5.6941375240385526,-13.365143276566267
1778595646674475000,51.15347509765625,-4.109525276844203,5.210373179608583,-14.129687386882305
1778595646684467000,51.16346704101562,-6.352662223047018,5.057831671100854,-16.838573420614004
1778595646694459000,51.173458984375,-5.930296057909727,4.245691696873307,-17.838933534973858
1778595646704450800,51.18345092773438,-3.785848033995926,3.196542124903202,-15.083742846184968
1778595646714443000,51.19344311523437,-1.0668696453168987,2.7499694470092653,-13.135524373596906
1778595646724435000,51.20343505859375,2.004286689029634,2.5644606116622684,-10.813312429374456
1778595646734426600,51.21342651367188,4.555346551848948,2.4220468216761946,-7.638460742753744
1778595646744418800,51.22341870117187,6.962936978149414,2.480566522923112,-4.931039520877599
1778595646754410800,51.23341064453125,9.673902740764618,1.5643974344223737,-2.8227567430615426
1778595646764403000,51.24340283203125,11.791551897341012,-1.9844006698206067,-3.416372039785981
1778595646774394600,51.25339453125,13.070215742862224,-4.186412409430742,-5.142625923550129
1778595646784386800,51.26338671875,14.275751223808527,-3.548808625636995,-2.340802662923932
1778595646794378800,51.27337866210937,12.185983761370181,-3.060392656008899,0.4351519969522953
1778595646804371000,51.283370849609376,8.244396007347106,-3.3371792606055735,1.1229027904450892
1778595646814363000,51.29336279296875,5.139018254446983,-3.139630735635757,2.3362246874839068
1778595646824354800,51.303354736328124,2.9761972462356088,-3.1762501552417874,3.774669345116615
1778595646834346800,51.3133466796875,1.8268330037139355,-3.5927725627869367,5.2631747954696415
1778595646844339000,51.3233388671875,1.2075181791961191,-4.048433094760775,5.980698795935512
1778595646854331000,51.333330810546876,0.8550244455777108,-4.388419082853198,6.330702904695272
1778595646864322800,51.34332275390625,0.6639465779267251,-4.961599494314194,6.643259618592261
1778595646874314800,51.353314697265624,-0.01762333497405052,-5.28345127530098,7.029339833861589
1778595646884307000,51.36330688476563,-1.1706442003071307,-5.133757557439804,7.375738027083873
1778595646894299000,51.373298828125,-2.7336346905410287,-4.616114908805489,7.64922938952744
1778595646904291800,51.38329174804687,-3.927016207835078,-3.8567715820029376,8.049125364181398
1778595646914283800,51.39328369140625,-5.1316287287175655,-2.7375504026800392,8.87222687740624
1778595646924276000,51.40327587890625,-5.9085950982332225,-1.8077564011916518,9.828476047360896
1778595646934267600,51.413267578125,-6.091462186899781,-1.1740417337909341,10.52860935256481
1778595646944259800,51.423259765625,-6.111981827837228,-0.6826536164842546,10.725710133767127
1778595646954251800,51.43325170898437,-5.783494554358721,-0.24498013823032377,10.670281092011928
1778595646964244000,51.443243896484375,-5.18007156484723,0.25257746149152516,10.437146874397992
1778595646974235600,51.45323559570313,-4.8273769018292425,0.7296177583634853,8.982721388301252
1778595646984227800,51.46322778320312,-4.736696513950824,2.0211714805960654,7.232778001391887
1778595646994219800,51.4732197265625,-3.97788101041466,3.010731384000182,6.076849139657616
1778595647004212000,51.4832119140625,-1.932948861133307,2.8889602768093345,5.1935898025900125
1778595647014204000,51.493203857421875,-1.3695035156145692,2.626013689255714,2.4899925229161974
1778595647024195800,51.50319580078125,-0.23333792349249124,4.40120900632143,-2.0237644196987152
1778595647034187800,51.51318774414062,2.132951647387445,5.8768064597845076,-7.905978291484713
1778595647044180000,51.52317993164063,2.5299355339869853,4.031855177186429,-14.530013569647073
1778595647054172000,51.533171875,-0.6913362507641315,3.724745038257539,-18.097393917024135
1778595647064163800,51.543163818359375,-3.2493601073771714,1.4146131156682968,-20.788167955482006
1778595647074155800,51.55315576171875,-2.1859598917365073,-0.2952389377407729,-21.112292357575893
1778595647084148000,51.56314794921875,0.1980029907390475,0.5293126281619072,-16.99847172162533
1778595647094140000,51.573139892578126,0.6660179773733019,1.207248130083084,-13.418207342755794
1778595647104131800,51.5831318359375,0.4175602261602878,1.1343459754794836,-10.270504359823464
1778595647114123800,51.593123779296874,0.8989777152031659,1.1267074434250592,-7.5294257830172775
1778595647124116000,51.60311596679688,1.6694272501707077,0.7284212420552969,-6.127043203368783
1778595647134108000,51.61310791015625,2.775293273358047,0.048620530784130096,-4.700826159146428
1778595647144099800,51.623099853515626,3.4533284362614154,-0.07379705761671065,-2.594935829424858
1778595647154091800,51.633091796875,3.8530098913818596,-0.5124379195980727,-1.9013328027725218
1778595647164084000,51.643083984375,4.9068169337689875,-1.4486473410867153,-2.1470319029271603
1778595647174076000,51.65307592773438,6.047977265438437,-2.741394803148508,-1.8671873720645904
1778595647184067800,51.66306787109375,6.645819824469089,-3.738426357607543,-0.5269347931146622
1778595647194059800,51.673059814453126,6.325657311743497,-3.7050218083947897,1.1763310137718914
1778595647204052000,51.68305200195312,4.854059449310601,-3.259939076797664,2.419576339909434
1778595647214045000,51.693044921875,2.9206486697539686,-2.8624329198896885,3.426683590441942
1778595647224036900,51.703036865234374,0.780016404736042,-2.761879957294464,4.45359678068459
1778595647234028800,51.71302880859375,-1.2792263017095624,-2.3843977667614817,5.490419955044985
1778595647244021000,51.72302099609375,-2.5519185254752634,-1.8546498159222304,6.8385811151623725
1778595647254013000,51.733012939453126,-2.714760186462104,-1.2863795344650744,8.766654040822386
1778595647264004900,51.7430048828125,-2.7482956685781477,-0.7182568447850645,10.658080951130389
1778595647273996800,51.752996826171874,-2.7902842140018937,-0.12226546657904983,12.299191622877121
1778595647283989000,51.76298901367188,-3.0058105864718554,0.2554575469724834,13.576362599492072
1778595647293980400,51.77298046875,-3.3731343710839745,0.4484735430791974,14.459551793932913
1778595647303972600,51.78297265625,-3.551166879200935,0.8263587614551187,14.784971496534347
1778595647313964300,51.79296435546875,-3.9618648183763026,1.3128887712061403,13.781191929119824
1778595647323956500,51.80295654296875,-4.063036205130815,2.411578034631908,12.031507485407591
1778595647333948400,51.812948486328125,-3.4742204176425933,3.699966570831835,9.787784556010365
1778595647343940600,51.82294067382813,-2.242336881866306,4.191167787264288,7.46707483304441
1778595647353932300,51.83293237304687,-2.061592338311672,4.553817442585528,5.960629236853122
1778595647363924500,51.84292456054688,-1.0392368113733828,3.955073550800979,4.410277863439918
1778595647373916400,51.85291650390625,-0.28282559249997136,3.4538723338797688,3.043531245318055
1778595647383908600,51.86290869140625,-1.3672761949539183,4.499027283255756,-0.12544132013618944
1778595647393900300,51.872900390625,-3.741173902750015,5.380596475279331,-7.695861961364746
1778595647403892500,51.882892578125,-3.564835631330311,4.62361023299694,-16.797352936953306
1778595647413884400,51.892884521484376,-5.581141259455681,4.53615143751353,-20.847494589197634
1778595647423876600,51.90287670898437,-9.006976124113798,5.4484886927664276,-19.923667094898224
1778595647433868300,51.912868408203124,-6.183683959001303,4.678688561618328,-19.857143827676772
1778595647443860500,51.92286059570313,-0.4961664376243949,2.9720667223021384,-16.554821945440768
1778595647453852400,51.93285229492187,3.3437180147245527,2.7862077583432194,-11.203776558816433
1778595647463844600,51.9428447265625,6.722690298181772,2.7262194458484648,-6.802382259055972
1778595647473836500,51.95283642578125,10.167706833171843,2.6470468326732517,-3.7213317226827143
1778595647483828500,51.962828369140624,12.714110979139804,1.8051368663430214,-3.0395360382020473
1778595647493820400,51.9728203125,13.103444643247126,-0.45659138308316466,-3.941695890572667
1778595647503812600,51.9828125,12.43890053781867,-3.1370451030567286,-5.870656120461225
1778595647513804500,51.992804443359375,11.90877074805498,-3.4679140109747646,-4.1158366519480944
1778595647523796500,52.00279638671875,9.988983420181274,-2.6807740379691123,-1.2434452326238155
1778595647533788400,52.01278833007812,7.169525718665122,-2.4811992678686976,0.14935527968704698
1778595647543780600,52.02278051757813,4.191611439378559,-2.6621605229139327,1.8323785090118645
1778595647553772500,52.0327724609375,2.736804260487854,-2.738818815180659,3.9159336728066205
1778595647563764500,52.042764404296875,2.3833830367609856,-2.9519883953914046,5.502987760195135
1778595647573756400,52.05275634765625,2.3219442331969735,-3.1416642872899767,6.220871826145053
1778595647583748600,52.06274853515625,2.0469792910695075,-3.5973005616053935,6.4393064872771495
1778595647593740500,52.07274047851563,1.3706485939964652,-3.937560690464079,6.865287335780263
1778595647603732500,52.082732421875,0.40542029103338717,-4.108087937517464,7.4181883448004715
1778595647613724400,52.092724365234375,-1.0619994089320302,-4.175225537244975,7.879732089594006
1778595647623716600,52.10271655273438,-2.8198671590998767,-3.798886379267275,8.379534545633197
1778595647633708500,52.11270849609375,-4.655328728818893,-3.186524588757753,8.688347396826744
1778595647643700500,52.122700439453126,-6.320415319436788,-2.5255919518247247,8.887669945731759
1778595647653692400,52.1326923828125,-7.541942150241136,-2.105759104557335,9.0134993884027
1778595647663685600,52.142685546875,-8.077550079154967,-1.7145181455239653,9.012225130683182
1778595647673677600,52.152677490234375,-7.9457836476504795,-1.0461366538897157,9.049532240292429
1778595647683669500,52.16266943359375,-7.544580097529292,-0.26398148355931045,8.940624706327915
1778595647693661400,52.17266137695312,-6.764151604861021,0.41300329350829124,8.492110538977384
1778595647703653600,52.182653564453126,-5.8544029047966,1.1333940815821288,7.966108058276772
1778595647713645600,52.1926455078125,-4.573053765714168,1.6808730655536055,7.285539869764447
1778595647723637500,52.202637451171874,-3.5175285212323066,2.4201471255347133,5.358588057088852
1778595647733629400,52.21262939453125,-2.420930677127838,4.096607050821185,1.5055103611677885
1778595647743621600,52.22262158203125,-0.4921051795348525,7.882858697181939,-2.800226931345463
1778595647753613600,52.232613525390626,3.0194825534716245,7.119813885512948,-9.337757646009326
1778595647763605500,52.24260546875,2.3232851264119145,2.8669050968676806,-14.901850155508518
1778595647773597400,52.252597412109374,0.5789142789378762,0.5096341142237186,-17.831838608276843
1778595647783589400,52.26258935546875,-0.356637555424869,0.31307386963889,-18.330585417783258
1778595647793581600,52.27258154296875,0.2902180408388376,2.1055024994477627,-16.59230733422637
1778595647803573200,52.2825732421875,0.3870134044662118,2.7254516763463617,-14.361191957467794
1778595647813565400,52.2925654296875,-0.23801965156793592,2.0822053566209973,-12.869087605839967
1778595647823557400,52.302557373046874,-0.7555167542517185,1.1105052272953093,-11.166284155768155
1778595647833549600,52.31254956054688,-0.816460467775166,0.08948723257109523,-9.674468557953833
1778595647843541500,52.32254150390625,-0.31635172226577996,-0.545925470919162,-8.367848784014582
1778595647853533400,52.332533447265625,0.06646218468397855,-1.1779039621770382,-6.641657444092631
1778595647863525400,52.342525390625,0.7103384728759526,-1.544113794197887,-4.65264869595468
1778595647873517600,52.352517578125,1.0654168161600828,-2.028335965397954,-3.729008248659968
1778595647883509500,52.36250952148438,1.3100710834369063,-3.115645464414358,-3.657168754851818
1778595647893501400,52.37250146484375,2.30853749300465,-4.313474901027977,-3.0102117440402507
1778595647903493400,52.382493408203125,3.501151679188013,-4.645234620305896,-1.7444418668836355
1778595647913485600,52.39248559570313,4.034011478437483,-4.487717076951265,0.45357846500277516
1778595647923477500,52.4024775390625,3.732313719946146,-4.392031428131461,1.9787661710649727
1778595647933469400,52.412469482421876,3.0129461374402045,-4.159707357856631,2.9291321281999347
1778595647943461400,52.42246142578125,3.00562441624999,-3.748971717019379,4.380328715378046
1778595647953453600,52.43245361328125,2.485644264578819,-3.0740865425795314,6.445078056415915
1778595647963445500,52.44244555664063,2.246643785279989,-1.5992548127919435,8.491237263274192
1778595647973437400,52.4524375,2.4474542346552015,0.22772271395921706,10.462724383246899
1778595647983429400,52.462429443359376,2.6670672919169065,0.9037114657267927,12.021550739538668
1778595647993421600,52.47242163085937,2.7985391243889928,0.7223276013553143,12.917185574054717
1778595648003413500,52.48241357421875,1.814757219864428,0.6041857905775309,13.271188397061824
1778595648013405400,52.49240551757813,-0.5640427268899977,0.512520483314991,13.094182309383154
1778595648023397400,52.5023974609375,-3.2321833471268415,0.6502420238316059,12.587798136866091
1778595648033389600,52.5123896484375,-5.613140325784683,1.4115253787860274,11.654465147596596
1778595648043381500,52.52238159179687,-7.881849812400341,2.4752383136376737,10.0724484698534
1778595648053373700,52.532373779296876,-9.615118543362616,3.413118006426096,8.8627301502645
1778595648063365400,52.54236547851563,-8.120929786676168,4.081569056165218,8.635360487526654
1778595648073357600,52.552357666015624,-4.750518410815299,4.459421833576262,8.275177514579891
1778595648083349500,52.562349609375,-3.9129961580500003,3.589528758560121,7.027484561383724
1778595648093341700,52.572341796875,-4.219308132338524,2.1173770616367458,5.586913997638225
1778595648103333400,52.58233349609375,-3.851539818829298,2.0005293823227284,2.9085376684606072
1778595648113325600,52.59232568359375,-2.7713457047760484,1.9622215712383388,-4.577325451683998
1778595648123317500,52.6023173828125,-1.1454732264325023,1.410664378042519,-13.865702103930712
1778595648133309400,52.612309326171875,-1.6251728056415915,3.0224665377184747,-16.849030517220495
1778595648143301400,52.62230126953125,-6.452332557588815,4.475869402769208,-20.679713425981998
1778595648153293300,52.63229321289062,-9.293534473401307,2.9974238663986323,-23.506398156142232
1778595648163285500,52.64228540039063,-5.0534009951770305,1.1921110589668154,-17.917667464470863
1778595648173277400,52.65227734375,0.12849077083468435,1.5090744833901524,-12.35995618044138
1778595648183269400,52.662269287109375,4.523672187429666,1.834686493693292,-8.645471547174454
1778595648193261300,52.67226123046875,7.302344289571046,2.9183266565471886,-4.425049316114187
1778595648203253500,52.68225341796875,9.3916125703156,4.082032582023739,-2.3285762185573575
1778595648213245400,52.692245361328126,13.093598956537246,1.5917361077249048,-4.1476556855350735
1778595648223237600,52.70223754882812,16.60604710576534,-2.345221356149018,-5.482004593399167
1778595648233229300,52.712229248046874,15.806284382551908,-3.57255891905874,-4.589247944667935
1778595648243221500,52.72222143554688,11.544324856966734,-2.697561506640911,-3.40650823289752
1778595648253213400,52.73221337890625,8.070132496374844,-1.9010370346963406,-2.367548046508431
1778595648263205600,52.74220556640625,5.225588284397125,-1.9504224123731255,-0.30234803909361363
1778595648273197300,52.752197265625,3.3621389298170805,-1.7451786567255854,3.457660912507772
1778595648283189500,52.762189453125,2.251742569723725,-1.0982102477371691,6.538797958120703
1778595648293181200,52.77218115234375,1.526801863260567,-0.913961057062447,7.577976755696534
1778595648303173000,52.78217309570312,0.7032159275196492,-1.7826374497652053,7.601482718968391
1778595648313165300,52.792165283203126,-0.08930018556639552,-2.548530344341695,7.472655848047137
1778595648323157000,52.80215698242188,-0.6919815629303455,-3.213744896377623,7.348323950457573
1778595648333149200,52.812149169921874,-1.024947443127632,-3.2647365402072666,7.951189890608191
1778595648343141000,52.82214111328125,-1.6858325876571236,-3.2209757244139907,8.467824238982796
1778595648353133300,52.83213330078125,-3.011113369055092,-3.013441519741714,8.546671565726399
1778595648363125000,52.842125,-4.765050794036686,-2.7535812077656385,8.455923957830667
1778595648373117200,52.8521171875,-6.111862585371733,-2.5911364371418952,8.606642342564463
1778595648383109000,52.86210913085937,-6.45530777400732,-2.3102064491301775,8.824115465188026
1778595648393101300,52.87210131835938,-6.435271532672643,-2.177076620317995,8.98568900593519
1778595648403093000,52.88209301757813,-6.397281116974353,-2.2489538157880307,9.061721275258064
1778595648413085200,52.892085205078125,-6.0972530452609055,-2.1504165769293904,9.066897216591238
1778595648423077000,52.9020771484375,-5.326573793190717,-1.7206082790926098,8.911630082511902
1778595648433069000,52.91206909179687,-4.508196385878324,-0.8721130891531705,8.222525536322593
1778595648443061000,52.92206103515625,-4.344660020625591,0.30482027442604304,7.1087880491077895
1778595648453053000,52.93205297851563,-4.391213682007789,1.21252431692034,5.822590885472297
1778595648463045000,52.942045166015625,-3.711656716364622,2.372298455905914,3.124460054510832
1778595648473037000,52.952037109375,-2.336220595830679,4.8255584542304275,-1.1336807895690202
1778595648483029200,52.962029296875,-0.4522232510015368,8.05815155120194,-7.268907299393415
1778595648493021000,52.97202099609375,1.4508569799602031,6.752969701111316,-13.875115244442224
1778595648503013000,52.98201318359375,1.678464250846207,1.8670619921192526,-17.81929243043661
1778595648513005000,52.992005126953124,1.0509574981749057,-1.5886106691807507,-19.235606504803894
1778595648522997200,53.00199731445313,1.1832263262435794,-0.9779282100602984,-18.42372781186104
1778595648532989000,53.01198901367187,-0.39016076258122917,0.4707172313302755,-16.962469849395752
1778595648542981000,53.021981201171876,-1.0467957023203371,1.511480960009992,-14.199667516559362
1778595648552973000,53.03197314453125,-0.1891809479884803,1.3223369830310343,-10.963421157777308
1778595648562965200,53.04196533203125,1.0015411408379673,0.5208525505915284,-8.927815493637324
1778595648572957000,53.05195703125,1.7861513031050562,0.14742635745108126,-6.852132670652866
1778595648582949000,53.06194921875,2.454662266337871,-0.09666559976786375,-5.359439120960236
1778595648592941000,53.071941162109376,2.3152993883550166,-0.6849968186095357,-3.9518472822308537
1778595648602933200,53.08193334960937,1.4988462271034717,-1.5557064707055688,-3.1769454440295695
1778595648612925000,53.091925048828124,1.1854735206484794,-2.6307100303784012,-3.4867689335703846
1778595648622917000,53.10191723632813,2.001512694271654,-3.7268610074982047,-3.1339439221709964
1778595648632909000,53.11190893554687,2.619534848630428,-3.87640508775562,-1.4092688320308924
1778595648642901200,53.1219013671875,2.861094364762306,-3.623527474273741,0.35687983974814413
1778595648652893200,53.13189306640625,2.9846260518848893,-3.5669197441279885,2.122822759822011
1778595648662885000,53.14188500976562,2.91806303717494,-3.161705497060716,3.786290224805474
1778595648672877000,53.151876953125,3.3271079484462738,-2.685605403648317,5.441342912665009
1778595648682869200,53.161869140625,3.515998535186052,-2.1576880292370912,7.307398065829276
1778595648692861200,53.171861083984375,2.764246101903915,-1.1231728395581244,8.552351949450372
1778595648702853000,53.18185302734375,2.1189095319010316,-0.2891626865670085,10.14814873074293
1778595648712845000,53.19184497070312,1.9007552951455116,0.1405447812438011,11.688780089652537
1778595648722837200,53.201837158203126,1.9183809682071207,0.11296002422571182,12.757215961372852
1778595648732829200,53.2118291015625,2.046716110088676,-0.5029714414641261,12.826341520047187
1778595648742821000,53.221821044921874,1.634997595693916,-1.2285811332300305,12.349573902636767
1778595648752813000,53.23181298828125,0.37519393346533175,-1.2797995715528725,11.539428901618718
1778595648762805000,53.24180493164062,-1.3136688156679273,-0.6437921170398593,9.91433529869318
1778595648772797200,53.251797119140626,-3.217923935627937,0.1170759351119399,7.980620567753911
1778595648782788900,53.26178881835938,-4.371396051859856,0.31295389652103184,6.433251425021886
1778595648792781000,53.271781005859374,-4.505079715162515,0.670290540125966,5.48401242609024
1778595648802773000,53.28177294921875,-4.014144456189871,0.9056593849241733,4.979077283337712
1778595648812765200,53.29176513671875,-2.9852278171703217,0.9877633753761649,4.470537978613376
1778595648822757000,53.301757080078126,-2.229657579165697,1.9708222263231872,2.339534250423312
1778595648832749000,53.3117490234375,-2.1490521567083896,3.1117648235887287,-2.969102904060483
1778595648842741000,53.321740966796874,-3.331728301723301,2.930933332403004,-11.250969687145949
1778595648852733200,53.33173315429688,-4.027047484643757,2.818448816734552,-16.252759737551212
1778595648862725000,53.34172509765625,-4.147524460370838,6.129820266866684,-17.69437542643547
1778595648872717000,53.351717041015625,-5.812636477690935,6.50812458743751,-18.936427158874274
1778595648882709000,53.361708984375,-4.566572587001324,5.7203013083428145,-15.558964987719058
1778595648892701200,53.371701171875,-2.6676576590254903,6.20741145606935,-11.955424947202205
1778595648902693000,53.38169311523438,-0.6279764160096645,6.167610776078701,-8.465509532299638
1778595648912685000,53.39168505859375,2.55296949583292,5.9020484530687325,-5.049841256868839
1778595648922677000,53.401677001953125,5.408019904255867,6.003128654408455,-2.5006255606114864
1778595648932669200,53.41166918945312,7.217724224644899,5.707573344194889,-1.9976871446341276
1778595648942661000,53.4216611328125,9.021675680595635,2.849084485755861,-4.06233653242886
1778595648952653000,53.43165307617188,10.721979715067148,-1.742047957484424,-7.840528206452727
1778595648962645000,53.44164501953125,14.097996948111057,-2.1440324288502333,-5.898085394656658
1778595648972637200,53.45163720703125,13.466246858781576,-2.606017487670481,-3.025869331899285
1778595648982629000,53.46162915039063,8.971444207483529,-2.7439301668450233,-1.5411813940078019
1778595648992621000,53.47162109375,5.291159949982166,-2.900155040040612,-0.11576105312108993
1778595649002613000,53.481613037109376,2.503012163487077,-3.0913422132849693,1.9975673176467417
1778595649012605200,53.49160522460937,1.3102499471351503,-3.2000080474480983,3.585257949373126
1778595649022597000,53.50159716796875,0.7975041306316852,-3.5206586359515786,4.849538464754819
1778595649032589300,53.51158935546875,-0.42553427377939224,-3.6574765056267378,6.520128913486004
1778595649042581000,53.5215810546875,-1.4204783544398842,-3.7658214372724292,7.760763764864206
1778595649052573200,53.5315732421875,-1.4865538778938352,-4.377722624532878,8.570368083134293
1778595649062565000,53.54156518554687,-2.1114964791655537,-4.8375776855871075,8.841511421146988
1778595649072557300,53.551557373046876,-3.5317090222761034,-4.893329675686359,8.736267085865139
1778595649082549000,53.56154907226563,-5.0963446493685245,-4.908333183550835,8.828976349222659
1778595649092541200,53.571541259765624,-6.298346110969781,-4.669990583638847,9.106071289116144
1778595649102533000,53.581533203125,-6.581918722444772,-3.9795308234483002,9.620882513716817
1778595649112525000,53.59152514648437,-6.205719265198708,-3.3722844762563704,10.140181697386502
1778595649122517000,53.60151708984375,-5.967229658031464,-2.7563217386454344,10.139572625577449
1778595649132509000,53.61150903320313,-5.81327828272581,-1.6867442956745624,9.765267603775857
1778595649142501000,53.621501220703124,-5.461548665347695,-0.50484775673002,8.895583203074336
1778595649152493000,53.6314931640625,-4.8698915169537065,0.2240747128456831,7.3491393584936855
1778595649162485200,53.6414853515625,-4.152727874232828,1.0517033481061457,5.417316140389442
1778595649172477000,53.65147680664062,-1.667401297301054,1.509539470553398,3.2845395573079585
1778595649182469000,53.66146923828125,2.8906203189760444,1.6412886586621402,2.4329198056071997
1778595649192460000,53.6714599609375,3.680337448993325,0.4582794823005795,-0.6891250044554471
1778595649202452200,53.6814521484375,1.8998063238576053,2.472423548477888,-5.476986472976208
1778595649212444200,53.691444091796875,-0.5723007060170173,6.561286268782616,-10.872502284967899
1778595649222436000,53.70143603515625,-3.2521064834758637,3.0264898018851873,-14.638756852960586
1778595649232428000,53.71142797851562,-1.91565037419945,1.8741371912024913,-14.551889885890484
1778595649242420200,53.721420166015626,-1.3674322622984647,2.068713714624196,-15.449084224808216
1778595649252412200,53.731412109375,-0.4352189247086644,2.5356501122415063,-15.25007790224552
1778595649262404000,53.741404052734374,-0.66037997148633,2.645014742323756,-13.48188749550581
1778595649272396000,53.75139599609375,-0.6015419980704784,1.839858343373239,-12.040495093983411
1778595649282388200,53.76138818359375,-0.25128683715909717,0.29542481570169327,-10.682022967731951
1778595649292382500,53.77138256835938,-0.6404442679166793,-0.6014256782144308,-9.532067919710277
1778595649302374400,53.78137451171875,-0.9433436572827398,-0.9087338239334524,-8.298073236998915
1778595649312366600,53.79136669921875,-0.8941334900423884,-1.4437192370347678,-7.301549924322963
1778595649322358300,53.80135815429688,-0.6291865224517882,-2.044192582960427,-5.726570890131592
1778595649332350500,53.8113505859375,0.36574338355287905,-2.2736001812666653,-4.177334784483909
1778595649342342400,53.82134228515625,1.507738266350329,-2.673478328002989,-3.0428011774778363
1778595649352334600,53.83133447265625,2.79422622962594,-3.3932369556531308,-2.0488445004194973
1778595649362326300,53.841326171875,3.645709787726402,-3.875635564687848,-0.7755781300276517
1778595649372318500,53.851318359375,4.404170194214582,-3.7721418724656104,0.9524912787258625
1778595649382310400,53.861310302734374,4.894331546205282,-3.540095157827437,2.7026719815224407
1778595649392302600,53.87130249023438,5.072999429616332,-3.03430924346447,4.56665266650021
1778595649402294300,53.88129418945312,4.608976142966747,-2.3374713265441356,6.25461452127099
1778595649412286500,53.891286376953126,3.5450244309231635,-1.383018392356485,7.634543861570954
1778595649422278400,53.9012783203125,2.123229002535343,0.2332256952896714,9.149227709275484
1778595649432270600,53.9112705078125,2.135396410191059,1.6962306475527584,10.994289758771657
1778595649442262500,53.92126245117188,2.8590216501414774,2.2938712542705235,12.83623864468336
1778595649452254500,53.93125439453125,3.310148630338907,1.7575857183560728,14.159177685260772
1778595649462246400,53.941246337890625,2.609727740365267,0.3497682541772723,14.349128594708441
1778595649472238600,53.95123852539062,1.2251181332945822,-0.6889269976653158,13.811533291369676
1778595649482230500,53.96123046875,0.3211563460685313,-0.9167135706409811,12.930374725973605
1778595649492222500,53.97122241210938,-0.5530746120214461,-0.5514899731785059,11.024733996874094
1778595649502214400,53.98121435546875,-2.2139387626387177,0.7197315935127436,8.299196688070893
1778595649512206600,53.99120654296875,-3.6531168491125103,1.71374906084761,5.596479113841056
1778595649522198500,54.00119848632813,-4.563840531688928,2.573098091626167,3.2537925368666647
1778595649532190500,54.0111904296875,-4.866387892746925,3.0726041950672864,1.5027046560972928
1778595649542182400,54.02118237304688,-4.892435357195138,3.2330855566635726,0.3743646430343389
1778595649552174600,54.03117456054687,-4.540877004730701,4.5226615490823985,-1.762137682572007
1778595649562166500,54.04116650390625,-3.918270883582532,5.30694905526638,-6.299035846799612
1778595649572158500,54.05115844726563,-2.2218553809821606,4.6802924896836275,-10.3984141158998
1778595649582150400,54.061150390625,-1.1186413336083292,5.812043187972903,-10.217206484878062
1778595649592142600,54.071142578125,-2.753218219672143,7.140738600119948,-12.961929555666446
1778595649602134500,54.08113452148437,-4.857323127281665,5.727417862349748,-14.89128901400566
1778595649612126500,54.09112646484375,-5.421220746612549,5.301099744716287,-14.006575386476516
1778595649622118400,54.10111840820313,-4.490072407905757,5.213933502438664,-12.384321390891074
1778595649632110600,54.111110595703124,-2.4485809005975723,5.0161558448880905,-9.620877837541698
1778595649642102500,54.1211025390625,0.20102043886408208,5.350434561249614,-6.814152776348591
1778595649652094500,54.13109448242187,2.7877953197956082,5.312219689145684,-4.456923879280686
1778595649662085600,54.14108569335937,5.189270770347118,4.069339689189196,-3.324949309107661
1778595649672077300,54.151077392578124,7.2279907671153545,2.5002450368613003,-3.0596348233789206
1778595649682069500,54.16106958007813,9.033459641891717,-1.7447078243434428,-4.559259633639455
1778595649692061400,54.1710615234375,10.653327619123457,-4.806218670727312,-7.600687769198418
1778595649702053600,54.1810537109375,12.496664160001277,-3.9996275627985596,-4.690770629078149
1778595649712045300,54.19104541015625,10.730773262375592,-4.26625634599626,-1.5866116043180227
1778595649722037500,54.20103759765625,6.957023954713344,-4.969656544041634,-0.6276642813205718
1778595649732029400,54.21102954101563,3.782892691321671,-5.39762593601346,0.7543079629838466
1778595649742021600,54.22102172851562,1.3335922442778945,-5.108286431574821,3.074432579538226
1778595649752013600,54.231013671875,0.9026452978000045,-5.078838218772411,5.783135073396563
1778595649762005500,54.24100561523438,1.1906921320796011,-5.014598678573965,7.278525607088207
1778595649771997400,54.25099755859375,1.0874407241806388,-4.770066576372087,7.8878733104735606
1778595649781989600,54.26098974609375,0.34387525061592455,-4.779973930141329,9.005140140858291
1778595649791981600,54.27098168945312,-0.4391865131653845,-4.988187056988477,9.477947622466086
1778595649801973500,54.280973388671875,-1.0770495324172078,-4.862418112333119,9.657712068942189
1778595649811965400,54.29096533203125,-2.349685642081499,-3.8978786684170363,9.764875389587878
1778595649821957600,54.30095751953125,-3.895615107399225,-3.157761143349111,9.455323702725767
1778595649831949600,54.310949462890626,-5.16435026410222,-2.3914275192677974,9.500127305570244
1778595649841941500,54.32094140625,-5.94742956354022,-1.2650193510502576,10.100822331422567
1778595649851933400,54.330933349609374,-6.226939747881889,0.12163842072188853,10.86486959813237
1778595649861925400,54.34092529296875,-6.024084933197498,1.257054948042333,10.844159987580776
1778595649871917600,54.35091748046875,-5.312758033806086,2.0436612525627016,9.75761796580553
1778595649881909200,54.3609091796875,-4.584872798323631,4.788792319630086,8.09839880591631
1778595649891901400,54.3709013671875,-1.098610060709715,7.208702713799476,4.441955442729592
1778595649901893400,54.380893310546874,1.8616218468919394,3.307128990256786,-0.0724789607554674
1778595649911885600,54.39088549804688,1.9972937614023685,-1.1555495070278643,-2.5383301451057196
1778595649921877500,54.40087744140625,4.3560733950436115,2.3735376423120496,-6.919315278565883
1778595649931869400,54.410869384765626,1.8752255709610879,5.708735373711586,-9.607252047771215
1778595649941861400,54.420861328125,0.5171661171637475,7.387942844140529,-10.584580830633639
1778595649951853600,54.430853515625,-0.1414540050432086,1.5862535846605896,-12.685322107028961
1778595649961845500,54.44084545898438,1.415577430655807,-2.011546743160486,-11.738866601336001
1778595649971837400,54.45083740234375,0.4153790827289223,0.908152516914159,-11.43481701902151
1778595649981828400,54.46082836914063,-2.888779075023532,3.3728596457958218,-12.175602652609347
1778595649991820500,54.470820556640625,-5.5355999899864194,2.915979801160097,-12.476465421581267
1778595650001812500,54.4808125,-5.703190599066018,0.7253602470494807,-12.03531038482189
1778595650011804700,54.4908046875,-5.207161816346645,-0.7029479242332279,-10.630686748248339
1778595650021796400,54.50079638671875,-5.149904390120506,-1.4204593574784696,-9.183609871348738
1778595650031788500,54.51078857421875,-3.8707577295184135,-2.1799130127876998,-7.739442744415998
1778595650041780500,54.520780517578125,-1.9963959357798098,-2.8344635474681854,-6.092482177597284
1778595650051772700,54.53077270507813,-0.21944822208881376,-3.305232801246643,-4.846868953284621
1778595650061764400,54.54076440429687,1.463222248275578,-3.3031495652318,-3.1578257330179214
1778595650071756300,54.55075634765625,2.739941681730747,-3.745456110113859,-1.947804631090164
1778595650081748500,54.56074853515625,3.9737902339696882,-4.368762780746818,-1.414358848646283
1778595650091740400,54.570740478515624,5.967164191579818,-4.29818643874228,-0.017636194455623627
1778595650101732600,54.58073266601563,7.553246803587674,-3.779070210424065,1.1607540899336337
1778595650111724300,54.59072436523437,7.971928142732382,-2.8631115498036146,2.660626737475395
1778595650121716500,54.600716552734376,6.92444971884489,-1.813698504591733,4.266874185633659
1778595650131708400,54.61070849609375,4.969862295746803,-0.412211997000128,5.791842695987224
1778595650141700600,54.62070068359375,2.9487843386530876,1.0726287933655083,7.614673624452948
1778595650151692300,54.6306923828125,1.1277541759990155,2.353214692990482,9.361767467150091
1778595650161684500,54.6406845703125,0.32168007768169044,2.5931618054896592,11.13376720304489
1778595650171676400,54.650676513671876,-0.056434273274987935,1.628477254014462,12.493220157027244
1778595650181668600,54.66066870117187,-0.5769396178640425,0.16260785223096608,13.049944523727893
1778595650191660300,54.670660400390624,-0.980373118994385,-0.863757056479156,13.368273975807428
1778595650201652500,54.68065258789063,-1.5224424990072845,-1.2365946360766886,12.927024246501922
1778595650211644400,54.69064453125,-2.1549419453993437,-1.0663774778857826,11.897529223072528
1778595650221636600,54.70063671875,-3.1795509503528474,-0.4846437576130032,10.391377641391754
1778595650231628500,54.71062866210937,-4.633053476385772,0.4060056897059083,8.362345510423182
1778595650241620500,54.72062036132812,-5.6239118951678275,1.1516387633249163,6.10604776161313
1778595650251611400,54.730611328125,-6.404648430871963,1.7893430848836898,3.7882606480956076
1778595650261603600,54.740603515625,-7.089435113862156,2.587597157099843,1.6863807230591772
1778595650271595500,54.75059545898438,-7.2357917962551115,3.401317678517103,-0.7579635628819466
1778595650281587500,54.76058740234375,-7.600107923483848,4.386248168554902,-5.935188506126403
1778595650291579400,54.770579345703126,-6.00414455345273,4.607624728357791,-11.058625745081901
1778595650301573600,54.78057373046875,-4.820184359976649,4.839617374721169,-13.094239592528343
1778595650311565600,54.79056567382813,-4.390871152180433,5.698071940878033,-15.526887595456838
1778595650321557500,54.8005576171875,-3.1794258626684546,6.694006055489182,-17.225238157773017
1778595650331549700,54.8105498046875,-2.139110754539072,6.923208778873086,-15.948008728969096
1778595650341541600,54.82054174804688,-1.2721546097576617,7.154691722148656,-13.496341552793979
1778595650351533600,54.83053344726562,0.8173138697341084,7.413204711169004,-10.444407805311679
1778595650361525500,54.840525390625,3.63715355630517,7.645234182411432,-6.598968056923151
1778595650371517700,54.850517578125,6.419066247802973,7.576855642712116,-2.549581022438407
1778595650381509600,54.860509521484374,9.629631052839756,5.310364416667818,-0.43234395379424095
1778595650391501600,54.87050146484375,11.981558920890093,-0.40099662937223907,-5.204419824162125
1778595650401493500,54.88049340820312,15.103230805987119,-0.4886690676063299,-5.446673752298951
1778595650411485700,54.890485595703126,16.36315137259364,-2.1884455710723993,-2.431570729085803
1778595650421477600,54.9004775390625,13.228816405278444,-4.067811164447665,-0.9978063382238149
1778595650431469600,54.910469482421874,9.70385013526082,-4.994402862763405,-0.5343231498003006
1778595650441461500,54.92046142578125,6.1669093498110765,-5.208223892620206,0.44477790343165396
1778595650451453700,54.93045361328125,2.8968329098805783,-4.885068335558474,1.9705495468616485
1778595650461445600,54.940445556640626,0.37337241712659597,-4.621498939931392,4.039403985130787
1778595650471437600,54.9504375,0.18857699074596165,-4.112130783167482,5.8774254684656855
1778595650481429500,54.960429443359374,0.5691138926744461,-4.867536770521104,6.544288956752419
1778595650491420400,54.97042041015625,-0.05653042712584137,-5.674852977854013,7.1191153818547726
1778595650501412600,54.98041259765625,-0.8234051723465323,-5.991693652680516,7.433004221138358
1778595650511404500,54.99040454101562,-1.855832157574594,-5.91227290996313,7.8470193220376965
1778595650521396700,55.000396728515625,-3.146481039921939,-5.458233841711283,7.906219699025153
1778595650531388400,55.01038842773438,-4.052340915854275,-5.153364175185561,7.837096478438377
1778595650541380600,55.02038061523437,-4.864490534693003,-4.794288286697864,8.021088187220693
1778595650551372500,55.03037255859375,-5.4124201850414275,-4.220163287863135,8.681914733430743
1778595650561364700,55.04036474609375,-5.67377745757699,-3.0236215529724952,9.570509001785517
1778595650571356400,55.0503564453125,-5.8267608646333215,-1.7536662068247795,10.260832860636711
1778595650581348600,55.0603486328125,-6.239045196217298,-0.7305728671312332,10.482941826367378
1778595650591340500,55.07034057617187,-6.654466072261333,0.2902960745111108,9.741368841794133
1778595650601332700,55.080332763671876,-6.118952835893631,1.3862149964407084,7.865654464402795
1778595650611324700,55.09032470703125,-4.861059391200542,3.142167268376052,5.819874027729034
1778595650621316600,55.100316650390624,-2.8468200479552146,4.497454627111554,3.9931466763466594
1778595650631308500,55.11030859375,-1.0251049717769025,2.613995919203758,0.5675713394075632
1778595650641300700,55.12030078125,0.3464265425339341,1.878199179944396,-4.315467828410863
1778595650651292700,55.130292724609376,1.4335735444650053,4.32709513784051,-9.705048405134677
1778595650661284600,55.14028466796875,0.03915799817293882,3.9059091223984956,-13.993582633912563
1778595650671276500,55.150276611328124,-1.358058284753561,4.142837471598386,-14.870282466334103
1778595650681268700,55.16026879882813,-2.8073826483190056,2.262360702110827,-15.747845053064822
1778595650691260700,55.1702607421875,-1.5213316151559353,1.721382624465972,-16.99259143141508
1778595650701251600,55.18025146484375,-0.9535919334441423,1.9694668661914765,-14.205702120548485
1778595650711243500,55.19024340820312,0.008060556858778,1.8196764099575578,-11.438382602548598
1778595650721235500,55.2002353515625,-0.042585926795005793,1.4258512796498835,-9.653001991555094
1778595650731227600,55.2102275390625,-0.22567688734531402,0.9469280916407704,-7.81396460917592
1778595650741219600,55.220219482421875,-0.8881304502353071,0.35038112537860866,-6.436756802794337
1778595650751211500,55.23021142578125,-1.5587354631379247,-0.17807050203979014,-5.579447899541258
1778595650761203500,55.24020336914062,-0.6650096771135926,-0.42841304408609865,-4.303346013462543
1778595650771195600,55.25019555664063,1.082884083789587,-0.8058889510087669,-3.2475282157748935
1778595650781187600,55.2601875,2.9288734772637484,-1.565837550228089,-2.8186235887795683
1778595650791179800,55.2701796875,4.731990235956013,-2.6110826621055603,-2.8281419432312247
1778595650801171500,55.28017138671875,6.287303323429822,-3.7004914714887738,-2.02420281111598
1778595650811163600,55.29016357421875,7.10681119607687,-3.956363590611517,-0.8573363757818937
1778595650821155600,55.300155517578126,6.618464200031757,-3.575934240710735,0.8715537017047404
1778595650831147800,55.31014770507812,5.783092403298616,-3.118665104496479,2.590060916864872
1778595650841139500,55.320139404296874,4.093873241943121,-2.4141348795078694,4.096251661512255
1778595650851131600,55.33013159179688,2.054928788769245,-1.1585405055373907,6.148375329732895
1778595650861123600,55.34012353515625,1.4002688023649155,0.5579841575033962,8.246636479750276
1778595650871115800,55.35011572265625,1.6564399044342337,1.5930622417621314,10.279376233065127
1778595650881106700,55.360106689453126,1.570551573137939,1.1934325168289244,11.40958671617508
1778595650891098600,55.3700986328125,0.8971510842978954,-0.09019099692627787,12.059527126711606
1778595650901090600,55.380090576171874,-1.3149956803575158,-1.1000738496519624,12.250603825318812
1778595650911082500,55.39008251953125,-3.6199312033474444,-1.4547345520459114,12.399142527925967
1778595650921074700,55.40007470703125,-5.253671054065228,-1.3276497024863958,12.450244938653707
1778595650931066600,55.410066650390625,-6.028821314069629,-0.5832597607962787,12.024605450934171
1778595650941058600,55.42005859375,-7.613453727269172,0.5102180515915156,10.732815581858157
1778595650951050500,55.43005053710937,-9.522024080079794,1.99497788567543,9.470327210590243
1778595650961042700,55.44004272460938,-8.473277243691681,3.3901305140703917,8.786661640584468
1778595650971034600,55.45003466796875,-5.372974309837818,4.453233208069205,8.203726143306493
1778595650981026600,55.460026611328125,-6.029598143661022,4.176179769229889,5.725226489785313
1778595650991018500,55.4700185546875,-6.093821901768446,3.8499867441684006,2.896012533408403
1778595651001010700,55.4800107421875,-5.049684605002403,4.399219293808937,-1.3009540032625198
1778595651011002600,55.49000268554688,-2.4583695964232084,4.98090975946188,-7.525684258401394
1778595651020994600,55.49999462890625,0.06913403424173593,4.969683432048559,-11.311833613431453
1778595651030986500,55.509986572265625,-0.6063628423556685,5.349738980200886,-11.69243101337552
1778595651040978700,55.51997875976563,-4.217116467513144,5.660098476314545,-15.732589031744002
1778595651050969600,55.529969482421876,-6.285103183037042,4.499375366041064,-17.331424742341042
1778595651060961500,55.53996142578125,-4.655617190371453,4.219342619130015,-14.871852492129802
1778595651070953700,55.54995361328125,-2.2332123490378257,4.39768317028284,-12.770822461920975
1778595651080945400,55.5599453125,0.8436939271375536,4.63304792342782,-10.067944144171475
1778595651090937600,55.5699375,4.543866541935503,4.626711121621728,-6.7007379940927025
1778595651100929500,55.579929443359376,8.129103740781545,3.868385739690065,-4.285963501507044
1778595651110921700,55.58992163085937,11.054552796554566,0.6599915566906333,-4.955244572329521
1778595651120913400,55.599913330078124,13.94819217109084,-2.8232044868290425,-6.894981632298231
1778595651130905600,55.60990551757813,16.65907610064149,-3.2824864241704343,-6.002957974016666
1778595651140897500,55.6198974609375,15.502903493279218,-3.1623452562689778,-3.458403839829564
1778595651150889700,55.6298896484375,11.340490383595228,-4.029038073939085,-1.6708271800965069
1778595651160881400,55.63988134765625,7.7560139399886125,-4.0007527674362064,-0.1281704528391361
1778595651170873600,55.64987353515625,4.767425706474483,-4.125726762321591,1.1969687281310557
1778595651180865500,55.65986547851563,2.8781752634227273,-4.1186037785738705,3.1399177358835932
1778595651190857700,55.66985766601562,2.3984043725430966,-4.128364125087857,4.990642633447051
1778595651200849400,55.679849365234375,2.1762743640244007,-4.088399194446206,6.131750942668319
1778595651210840600,55.689840576171875,2.083959360681474,-3.994151469475031,7.060684820196032
1778595651220832500,55.69983251953125,1.9877622552081942,-3.9005283061429856,7.818470103901624
1778595651230824700,55.70982470703125,1.5824850259073078,-4.403667505389452,8.345531738266349
1778595651240816600,55.71981665039063,0.2897325954094529,-4.65893405983448,8.254265659454465
1778595651250808800,55.72980883789062,-1.4067302534639834,-3.783369661183655,8.05020556063354
1778595651260800500,55.739800537109375,-3.4368753141105173,-2.4020336689561606,7.690265164270997
1778595651270792400,55.74979248046875,-5.111318931138515,-0.8266343635261059,7.646033223834634
1778595651280784600,55.75978466796875,-6.414630895704031,0.41307445904836054,7.987675162440538
1778595651290776600,55.769776611328126,-7.054781733632088,1.0250567487210034,8.24571585777402
1778595651300764700,55.7797646484375,-6.798491096836328,1.1162028544150293,8.463643738427757
1778595651310756600,55.78975659179687,-6.184140470597147,1.0491679844096302,8.415518882206081
1778595651320748500,55.79974853515625,-5.277309119284153,1.0508701121523976,7.709279076820612
1778595651330740700,55.80974072265625,-3.85858564568758,1.8277188466377556,7.204100772961974
1778595651340732700,55.819732666015625,-2.874520832568407,2.798464597848058,6.382213311702013
1778595651350724600,55.829724609375,-2.240871923880279,3.5751281850248575,4.718507361787557
1778595651360715500,55.839715576171876,-1.6024080161258578,4.305344786064326,1.3537562036454678
1778595651370707500,55.84970751953125,-1.5855550810024142,7.120030743134022,-2.7629665834873913
1778595651380699600,55.85969970703125,-1.6933780346006153,6.45560704921484,-9.375279275152087
1778595651390691600,55.86969165039063,-1.0749404313087463,2.3386788026377556,-14.92390767353773
1778595651400683500,55.87968359375,0.09145838651359081,-0.6861958191357552,-15.680874042075871
1778595651410675500,55.889675537109376,0.013181260873377322,-1.706006630027294,-15.636308924162387
1778595651420667600,55.89966772460937,-1.5869792685866355,-0.32248496432378887,-15.862432386231422
1778595651430659600,55.90965966796875,-3.346590355290472,-0.3034782121673226,-14.719791460615395
1778595651440651800,55.91965185546875,-3.3711893744960424,-0.9958005513593554,-12.638990563964843
1778595651450643500,55.9296435546875,-4.068341618062555,-1.6988555892288684,-11.28639989696741
1778595651460635600,55.9396357421875,-4.801685995733737,-2.2056566719837485,-10.040877273547649
1778595651470627600,55.94962768554687,-4.206375293268263,-2.7119804926156994,-8.71224674333036
1778595651480619800,55.959619873046876,-3.0964009579792617,-3.0022257137224075,-7.357843473953008
1778595651490611500,55.96961157226563,-1.3065049153879285,-3.0862054349184036,-5.978922433912754
1778595651500603600,55.979603759765624,1.5875088454186916,-2.8537136068612337,-3.6012580670595167
1778595651510594600,55.98959448242187,4.150283988212049,-2.8677891862258313,-2.266967026862502
1778595651520586500,55.99958642578125,5.477464611881971,-3.7656326367020605,-2.0342799684941766
1778595651530578700,56.00957861328125,6.213221603652834,-4.327152420985699,-1.6057576188147067
1778595651540570600,56.01957055664062,6.490711095821857,-3.949356634458899,-0.5014467161148787
1778595651550562600,56.0295625,6.143335582000017,-2.976979921045899,1.299060736861825
1778595651560554500,56.03955444335938,5.737015711778402,-1.5997376278728246,3.3099031311452385
1778595651570546700,56.049546630859375,4.96134581181407,-0.31074308860376476,4.941676065704226
1778595651580538600,56.05953857421875,3.725090198433399,0.767394969702512,6.826430658641457
1778595651590530600,56.06953051757812,2.212132443869114,1.8916946213334798,8.559833245116472
1778595651600522500,56.0795224609375,1.601065077084303,2.3705219477526844,9.96045641387701
1778595651610514700,56.0895146484375,1.1409352907419203,1.2953520916022359,10.889835697084665
1778595651620506600,56.099506591796874,0.24699308548793195,-0.21430326041579245,11.279439410305022
1778595651630498600,56.10949853515625,-0.8641748434998094,-1.0797988311253488,11.472607528233528
1778595651640490500,56.11949047851562,-2.1290239525496957,-1.2274385390661655,11.249281587928532
1778595651650481700,56.12948168945312,-3.4868083887979386,-1.051405680333823,10.359320122873783
1778595651660473600,56.1394736328125,-4.852209729790688,-0.633147096645832,9.203891611877083
1778595651670465800,56.1494658203125,-6.026828678947687,0.03378098130971193,8.003573573318123
1778595651680457500,56.15945751953125,-6.45890609076023,0.5295879379719496,6.358510949075222
1778595651690449700,56.16944970703125,-6.106527069562673,0.3645040510162711,4.641759053149819
1778595651700441600,56.17944165039062,-5.8667363166689865,0.1588970150142908,3.4629315463870762
1778595651710433800,56.189433837890626,-5.621140092366933,0.27702771987617014,2.9945377895683047
1778595651720425700,56.19942578125,-5.257776735818386,1.144654895786941,2.8974235692501065
1778595651730417400,56.20941748046875,-4.656531967128813,2.595024092230201,-0.5924444993793964
1778595651740409600,56.21940966796875,-3.619976503793895,2.7410341531425715,-6.869492970776558
1778595651750401500,56.22940161132812,-0.4531026641845703,1.5131478703089059,-11.783535764145851
1778595651760393700,56.239393798828125,-0.22215601974278687,1.80294812412709,-13.820374769473075
1778595651770385400,56.24938549804688,-4.393378458826244,3.3655016842484473,-18.157398596131802
1778595651780376600,56.25937646484375,-6.263182443130016,3.2310990590214725,-20.618761821413038
1778595651790368500,56.26936840820313,-3.724325059279799,2.422723113502562,-16.628325573068857
1778595651800360700,56.279360595703125,-1.023198261372745,3.18736980741024,-12.233853766047954
1778595651810352600,56.2893525390625,1.6087874880298971,4.85123533180058,-8.047309254670143
1778595651820344600,56.29934448242187,4.123964136563242,5.756232453423738,-4.172553395426273
1778595651830336500,56.30933642578125,6.4654843001067634,4.9034360591590405,-1.419233761206269
1778595651840328700,56.31932861328125,8.195897057116031,3.3494340542837975,-0.45375382156968114
1778595651850320600,56.329320556640624,10.357716194808482,0.8754565543621778,-2.8701071077793836
1778595651860312600,56.3393125,13.019105148828029,-1.5129744134381413,-4.489552475684881
1778595651870304500,56.34930444335937,12.947774773585795,-2.8864556005120274,-3.98038948610425
1778595651880296700,56.359296630859376,10.316591572737693,-3.874902866499126,-3.2580431800484657
1778595651890288600,56.36928857421875,7.152506779325008,-4.156978809675574,-2.025385298898816
1778595651900279600,56.37927954101563,4.66102197202444,-4.199494301582873,-0.9314870691418647
1778595651910271700,56.389271728515624,3.1852634827807544,-4.223232612305879,0.8134510568261146
1778595651920263400,56.399263427734375,2.3202549649357795,-4.08290878033638,3.0132220317721363
1778595651930255600,56.40925561523437,2.048172738637775,-3.5154403167814015,5.138877969193458
1778595651940247600,56.41924755859375,2.1428711299858985,-3.156405052565038,7.311542326027155
1778595651950239700,56.42923974609375,2.025524999630451,-3.2675624112829564,9.119625182694197
1778595651960231400,56.4392314453125,1.210640695130825,-3.2872456013962625,9.757623811024427
1778595651970223600,56.4492236328125,-0.1672957177862525,-3.146780899651348,9.343651964744925
1778595651980215600,56.45921557617187,-1.6922449389174579,-2.924241141287982,9.316257761862873
1778595651990207700,56.469207763671875,-3.4526305171251295,-2.653179636339843,9.15182649359703
1778595652000199700,56.47919970703125,-4.968158998960257,-1.888117055107653,9.15846724678576
1778595652010191600,56.48919165039062,-6.2243152445971965,-1.2954697266325355,9.603184944462775
1778595652020182500,56.4991826171875,-7.240630468457937,-0.5970706978753209,10.192665917861461
1778595652030174500,56.509174560546874,-7.819132951724529,0.2610717335924506,10.601672250688075
1778595652040166700,56.51916674804688,-8.204371455472707,0.9704347855649887,10.452217017757892
1778595652050158600,56.52915869140625,-8.067847015786171,1.3289542092137039,9.689534609660505
1778595652060150500,56.539150634765626,-7.298127548658847,1.6499804991617797,9.033181409472226
1778595652070142500,56.549142578125,-6.4888885565698144,2.8346067553311585,8.189974681329726
1778595652080134700,56.559134765625,-3.9904982076644897,3.6173201440662144,6.903881562590598
1778595652090126600,56.56912670898438,-1.1469041360184549,2.761184083984792,4.988603236573934
1778595652100118500,56.57911840820312,0.5680149915218353,0.6070479020103812,1.8770336432963608
1778595652110110500,56.5891103515625,1.9901932817474006,3.2532021697580813,-3.0230536899566647
1778595652120102700,56.5991025390625,2.1986323263049123,4.5820910586506125,-10.884774906563758
1778595652130093600,56.60909350585938,3.309417685715854,-0.09510945636704564,-18.071673784834147
1778595652140085800,56.619085693359374,2.976212443804741,-2.7560189563065767,-16.777618308913706
1778595652150077700,56.62907763671875,1.8347601434513925,-4.878982001382112,-18.882745837569235
1778595652160069600,56.63906958007812,0.3458911204829812,-3.866963013410568,-20.020218420636652
1778595652170061600,56.6490615234375,-1.4500091309592127,-2.591992761710286,-16.949895614504815
1778595652180053800,56.6590537109375,-2.25329067594856,-2.4425382594324647,-14.150159681546688
1778595652190045700,56.66904565429687,-3.2055247650429606,-2.0945067659199235,-11.658348711031675
1778595652200037600,56.67903759765625,-3.268008693745732,-1.6917084939531981,-9.567568856680392
1778595652210029600,56.68902954101563,-2.6653441213861107,-2.1170300017647445,-8.458050448465347
1778595652220021500,56.699021484375,-1.0606126307487487,-2.2472392669551073,-6.661245941659808
1778595652230013700,56.709013671875,1.299047585119307,-1.6875202484831213,-4.351197897961735
1778595652240004600,56.719004638671876,2.6643068872928617,-1.6781594226807355,-3.359358359187841
1778595652249996500,56.72899658203125,4.242703328712285,-2.627299637413025,-2.9851427692353725
1778595652259988500,56.738988525390624,6.084373689943551,-3.6297874114513395,-2.1587474751621483
1778595652269980700,56.74898071289063,7.2065411518514155,-3.0032775608628985,-0.27548984278440475
1778595652279972600,56.75897265625,6.815663180911541,-1.7958876842215656,1.4863164158761502
1778595652289964800,56.76896484375,5.013071322876215,-0.892198430326581,2.9825369706511498
1778595652299956500,56.77895654296875,2.4099622699983416,-0.1260835635624826,4.149982667177915
1778595652309948700,56.78894873046875,0.6185343416646123,0.5949526828080416,5.466455726611614
1778595652319940600,56.79894067382813,0.13042904542088507,1.5836736511699854,7.197304536950588
1778595652329932800,56.808932861328124,-0.8430620589748025,1.8956439434811472,8.45554577216804
1778595652339924500,56.818924560546876,-1.4274039159193634,1.9895707659348845,9.253398862367868
1778595652349915600,56.82891552734375,-1.4823787841662763,1.5969016737945376,10.039058241426945
1778595652359907600,56.83890747070313,-1.6285712159082293,0.5750184405431151,10.530602572208643
1778595652369899800,56.84889965820312,-2.5803414868831633,0.21445099832341075,10.917575936925411
1778595652379891700,56.8588916015625,-4.0873952781006695,0.18237682093158364,11.133872416985035
1778595652389883600,56.86888354492187,-4.431026929219067,0.3461996019102633,11.147054554641246
1778595652399875600,56.87887548828125,-4.539019394165277,0.7616618328779935,11.042200679981708
1778595652409867800,56.88886767578125,-5.12057892691493,1.3086170852363108,10.85939028993845
1778595652419859700,56.89885961914062,-5.3398541305243965,2.0013404064446685,10.640797807896137
1778595652429851600,56.9088515625,-4.12514194817096,2.8137787790969013,10.350248343145847
1778595652439843600,56.91884350585938,-2.384091477291286,2.7858567529484626,8.856755752030015
1778595652449834500,56.92883447265625,-2.7716870655596253,1.9988284236237406,7.276511929178238
1778595652459826700,56.93882666015625,-2.9947429567515846,2.3659809433221817,6.1510501019001005
1778595652469818600,56.948818603515626,-2.6652339390099047,3.0210870660588145,-0.5694020619660616
1778595652479810800,56.95881079101562,-0.6624775282874703,1.886078535017371,-11.764300317800044
1778595652489802500,56.968802490234374,1.5753317931517958,0.34096053221300243,-17.23129497359395
1778595652499794700,56.97879467773438,-0.5104001301601528,-0.5043284090310335,-15.73957056119442
1778595652509786600,56.98878662109375,-4.673206915336847,0.27928236693516373,-20.964499504899976
1778595652519778800,56.99877880859375,-5.025760124057531,1.2055667528674006,-21.18773542883396
1778595652529770500,57.0087705078125,-2.1760221428290007,1.1010036778479815,-14.903720625555515
1778595652539762700,57.0187626953125,0.4955409992024302,1.6495613969668745,-11.13686516906023
1778595652549753600,57.028753662109374,2.5373048937112093,2.0522724290415644,-8.239456212857364
1778595652559745500,57.03874560546875,4.246689475739002,2.7511475508779286,-5.0107794125467535
1778595652569737700,57.04873779296875,5.378175385612249,3.090861444030702,-2.3487591748863457
1778595652579729700,57.058729736328125,6.073341423797607,2.3682354442507028,-1.4031962341189383
1778595652589721600,57.0687216796875,6.992586266481876,-1.2479586183950304,-3.2439585405945777
1778595652599713500,57.07871362304687,9.854695361244678,-2.346898641711473,-5.216839745274186
1778595652609705700,57.08870581054688,11.417495297342539,-1.3917431122124195,-2.943271712711453
1778595652619697700,57.09869775390625,9.165531193822622,-2.52735370080024,-1.6397867296665907
1778595652629689600,57.108689697265625,6.927841699370742,-2.6677894687116144,-1.4299199903935194
1778595652639681500,57.118681640625,4.919489368337392,-2.9408447778254745,0.03367021441161632
1778595652649672700,57.128672607421876,3.3118364372953772,-3.8601048180788755,1.320750590622425
1778595652659664600,57.13866455078125,2.2427803878501056,-4.66828611780852,2.628810041975975
1778595652669656800,57.14865673828125,1.730112020497024,-4.800767419584095,3.85532167545557
1778595652679648500,57.1586484375,1.5073030898034572,-5.042669173282385,5.472066552230715
1778595652689640700,57.168640625,1.2077810679160057,-5.252888963776827,7.0289634017646305
1778595652699632600,57.178632568359376,0.47074733420759435,-5.033023393058777,8.037347248104215
1778595652709624600,57.18862451171875,-1.0745432486847042,-4.777916413089633,8.9109613894701
1778595652719616800,57.19861669921875,-3.253243086290359,-4.770901565891504,8.985293284615874
1778595652729608400,57.2086083984375,-4.732131397992372,-5.116678412345052,8.860372773483395
1778595652739600600,57.2186005859375,-5.8255053116142745,-4.883386081559956,8.984476123014092
1778595652749591600,57.22859155273437,-6.5996548701435325,-4.120910009689629,9.023670653805135
1778595652759583700,57.238583740234375,-6.92616704415679,-3.0363495171204207,9.267934752720594
1778595652769575700,57.24857568359375,-7.092514959698915,-1.7842182892158627,9.634978843608499
1778595652779567600,57.25856762695312,-7.207097616690397,-0.20789251659065483,9.77361983705759
1778595652789559600,57.2685595703125,-6.1043280982136725,1.4262266888335347,9.727938866856693
1778595652799551700,57.2785517578125,-2.186860201577097,3.221178261248767,8.465948508238792
1778595652809543700,57.288543701171875,0.6469055728852748,2.677497208255529,5.4219747798502445
1778595652819535600,57.29853564453125,-1.9287495097473262,-2.1458979304611683,2.912413633111119
1778595652829527600,57.30852758789062,-1.430381470425427,-2.6396023618862032,-0.5457593205720186
1778595652839518500,57.3185185546875,0.38765374819636345,2.1775024445146323,-3.417573232269287
1778595652849510700,57.3285107421875,-1.0104884174034,4.413637110739946,-7.853208824327588
1778595652859502600,57.33850268554688,-1.7048805486068128,4.150101617382466,-13.314641754341125
1778595652869494800,57.348494873046874,-3.6584824677988883,0.3087552757874131,-16.951333538353442
1778595652879486500,57.358486572265626,-3.9036300715506074,-1.8549328706473112,-18.05016104120612
1778595652889478700,57.36847875976562,-3.819291453914344,-1.8251196239247918,-17.65326950906515
1778595652899470600,57.378470703125,-5.018664028316736,-2.194165117762983,-17.778567621338368
1778595652909462800,57.388462890625,-6.41410950217843,-2.1594167527258397,-17.10743946134448
1778595652919454500,57.39845434570312,-7.059533896595239,-2.5454110432773827,-15.385053358924388
1778595652929445600,57.40844555664062,-6.168871005272865,-2.8089187718451023,-13.24618488870859
1778595652939437600,57.4184375,-4.2405075722336765,-2.6659672217205164,-10.80112514797449
1778595652949429800,57.4284296875,-1.5692504274114965,-2.05750214638859,-7.919383716502785
1778595652959421700,57.438421630859374,1.9768948242351412,-0.8935428306728601,-4.051368563690781
1778595652969413600,57.44841357421875,3.512954345184564,-0.5479562460944056,-1.8580039486557245
1778595652979405600,57.45840551757812,4.288591511923075,-1.5995345065161586,-2.228773197546601
1778595652989397800,57.468397705078125,6.558390547341108,-2.9791704168274995,-1.0338748459488152
1778595652999389700,57.4783896484375,8.53178788484931,-3.684507720415294,0.03323357656002045
1778595653009381600,57.48838159179687,10.1397000513494,-2.9662241337537765,1.740858163177967
1778595653019372800,57.49837280273437,10.362976891815661,-2.0711969097420573,3.887311389434337
1778595653029364500,57.508364501953125,11.527449710011481,-2.040485837396979,5.342377511522174
1778595653039356700,57.51835668945313,7.1127253885567185,-1.868213500241935,5.559183694669604
1778595653049348600,57.5283486328125,2.244601465797424,0.23685294587612152,6.113984984353184
1778595653059340800,57.5383408203125,-0.07560542221292853,2.2257816145151854,7.691558126690984
1778595653069332500,57.54833251953125,-0.8578547005675733,2.542697108143568,9.306164822393654
1778595653079324700,57.55832470703125,-0.45114685394167897,1.2826339181959627,10.284335316777229
1778595653089316600,57.56831665039063,-0.13483882468715308,-0.24969196918308734,10.772296528375149
1778595653099307500,57.5783076171875,-1.03069563139081,-0.990036581005156,10.702104801774023
1778595653109299700,57.5882998046875,-2.1557753274835645,-1.3147598257750273,10.662086095118521
1778595653119291600,57.598291748046876,-3.038220863950252,-0.5137395037159324,10.468702873134612
1778595653129283600,57.60828369140625,-3.8868578004479404,0.4930141110733151,9.686692664232849
1778595653139275500,57.618275634765624,-4.715588259470462,1.1735256009623407,8.511340140104293
1778595653149267700,57.62826782226563,-5.391643938994408,1.5519205224260686,7.417554723072052
1778595653159259600,57.638259765625,-5.571057087814808,1.5182725198462605,6.246701848450303
1778595653169251600,57.64825146484375,-5.0776329346358775,1.2464435376569627,5.452421356040239
1778595653179243500,57.65824340820313,-4.05456063773036,1.0941633104339241,4.987393276262283
1778595653189234700,57.66823461914063,-4.10948582161665,1.6761434066832064,3.377228946921229
1778595653199226600,57.6782265625,-4.762708907085657,2.220183648377657,-1.042510572347045
1778595653209218800,57.68821875,-4.858977031968534,1.927327075728774,-6.649328124850988
1778595653219210800,57.69821069335938,-2.783354999260604,1.7583485194221138,-9.457304647409915
1778595653229202700,57.70820263671875,-2.7207144186913967,2.1864731019556523,-11.645361803686619
1778595653239194600,57.718194580078126,-6.107274673059583,1.9020947270557282,-17.014314602923392
1778595653249186800,57.72818676757812,-7.449830852776765,0.9217509802863001,-18.852851050043103
1778595653259178800,57.7381787109375,-5.621169318461418,0.7323688106372952,-15.838380479514598
1778595653269169700,57.748169677734374,-2.7933748734936117,2.087747062526643,-12.761389447665215
1778595653279161600,57.75816162109375,0.2039902484551072,3.8294697335794567,-9.93367362089157
1778595653289153500,57.76815356445312,2.940341504478454,5.614529149794579,-7.286499070185423
1778595653299146000,57.77814599609375,10.66102694145441,3.959355465903878,-6.44911476458609
1778595653309138200,57.78813818359375,17.24860617387891,-0.6985203170493245,-6.821853852245211
1778595653319129900,57.7981298828125,16.719134555763006,-1.9091139581680296,-4.866743282055855
1778595653329122000,57.8081220703125,13.486232831233739,-1.7341747398912906,-2.884662287354469
1778595653339114000,57.818114013671874,10.166253711754083,-1.4565914319589732,-0.8843459632605314
1778595653349105200,57.828105224609374,6.734330467092991,-1.4335513326331972,0.765178316566348
1778595653359097000,57.83809716796875,4.712530040943622,-1.5326950129523873,2.279160153481364
1778595653369089000,57.84808911132812,3.232252905231714,-1.9999156343385576,4.07831969898045
1778595653379081000,57.8580810546875,1.8297310632430015,-2.3951927170202136,5.228907199686765
1778595653389073200,57.8680732421875,1.586432156097889,-2.791684728449583,5.959592879542708
1778595653399065000,57.87806518554687,2.0247848487876356,-3.2970401424407956,6.61377808804214
1778595653409057000,57.88805712890625,2.2362707136951387,-3.9670977505937217,7.040504786476492
1778595653419049000,57.89804907226563,1.7131413042128085,-4.295321989221871,7.125398407647014
1778595653429041000,57.908041015625,0.5588229464150964,-4.242595484423637,7.366108613473177
1778595653439032000,57.91803198242187,-1.2266869900465012,-3.973169471722841,7.698292987903952
1778595653449024000,57.92802392578125,-2.848425437325239,-3.799699156954884,7.809983430585265
1778595653459016200,57.93801611328125,-3.951083896642923,-3.0356042517110704,7.9532076601713895
1778595653469008000,57.9480078125,-5.209871659827232,-2.020472100155055,8.259687684503197
1778595653479000000,57.958,-6.014992110681534,-1.365089498564601,8.789367392411828
1778595653488992000,57.96799194335937,-6.201085175657272,-0.5964376606687903,9.315048970595
1778595653498984200,57.977984130859376,-6.0548097418069835,0.03676759590506554,9.392583461174368
1778595653508975000,57.98797509765625,-5.66807135488987,0.31478841847181316,9.091782651522754
1778595653518967000,57.99796704101563,-5.300929648846387,0.44282560032010077,8.304879409882426
1778595653528959000,58.007958984375,-5.120647900497913,1.2660986707195638,7.402862765374779
1778595653538951000,58.017950927734375,-4.088659306687116,2.423564240501821,6.855882963097095
1778595653548943000,58.02794311523437,-3.0562288143277168,2.414882629135251,5.498272422111034
1778595653558935000,58.03793505859375,-2.3400258333325383,1.3853084029898046,2.1954133642584086
1778595653568927000,58.04792700195313,-0.9291638868913054,2.751867389585078,-0.7679676550239324
1778595653578919000,58.0579189453125,0.1345607383981347,4.905141694033146,-4.316258686527609
1778595653588910000,58.06791015625,-0.9574830956637859,4.299758218103647,-10.502827261054515
1778595653598902000,58.077902099609375,-2.04420909570381,1.7722718308344483,-16.027044271761177
1778595653608894200,58.08789428710938,-0.8813106872178613,-1.80627668402791,-19.94211928191185
1778595653618886000,58.09788598632812,0.5407753946796059,-3.0004312315210697,-21.203711581122874
1778595653628878000,58.10787817382813,-0.20520941498652098,-2.8084286502405997,-19.401798937523363
1778595653638870000,58.1178701171875,-0.3081105481430888,-2.346767124286294,-16.098368801784513
1778595653648862200,58.1278623046875,-0.42211394394189117,-2.1553033260576426,-12.570222732686995
1778595653658853000,58.13785302734375,-0.4218611382246017,-1.6704586390450595,-9.377159682071209
1778595653668845000,58.147844970703126,-0.07663783400058746,-1.5748603762477635,-7.365885910633206
1778595653678837000,58.1578369140625,0.024770722510665654,-1.554123439297825,-5.651197961500286
1778595653688829000,58.167828857421874,0.9229296686768531,-1.7374388562537728,-4.229216362890601
1778595653698821000,58.17782104492188,2.6309169511273502,-2.0653049290940166,-3.004475830736756
1778595653708813000,58.18781298828125,4.140562804664671,-2.56650936088562,-2.472356912982464
1778595653718805000,58.197804931640626,5.7151616073668,-2.894043571422994,-1.5285136356145144
1778595653728797000,58.207796875,6.68488926757574,-2.8287808256566525,-0.2706909180700779
1778595653738788000,58.2177880859375,6.661638155847787,-2.714521409270167,1.1183236459612846
1778595653748780000,58.22778002929687,5.979474222576618,-2.0974802287727594,2.6367852586388585
1778595653758772200,58.23777221679688,4.687728777164221,-1.5308438321277498,3.8185967496484516
1778595653768764000,58.24776391601562,2.5338334182083604,-0.8204284946233034,5.201126627835631
1778595653778755800,58.257755859375,0.64842532979846,0.07667597405388951,6.856235429796576
1778595653788748000,58.267748046875,-0.17373495705351233,1.3093893847830593,8.788575365251303
1778595653798740000,58.27773999023437,-0.6151446992263198,2.201116105944663,11.031159061485528
1778595653808731100,58.28773120117187,-0.6133376498043537,2.152480085330456,12.908611806976795
1778595653818723000,58.29772314453125,-0.2991651712737977,1.2255766907170413,13.690256689697502
1778595653828715000,58.30771508789063,-0.9101952747881412,0.11073138839080929,13.287244044327736
1778595653838707000,58.31770703125,-2.535598674315214,-0.4896683077767491,12.447431050276755
1778595653848699100,58.32769921875,-3.765277247393131,-0.415291988967359,12.053622286581993
1778595653858691000,58.33769116210937,-4.5363305934727185,0.10569909331202507,11.01358950252533
1778595653868683000,58.34768310546875,-5.421643940460681,1.0550267934404314,9.233453806447983
1778595653878674000,58.357673828125,-6.661655691504478,1.7786732223093509,7.63783355076611
1778595653888665900,58.367665771484376,-5.533339059317112,2.0788822035476566,6.557700226989388
1778595653898658000,58.37765795898437,-2.737200274068117,2.327584723301977,5.260838461476564
1778595653908650000,58.38764990234375,-1.320136842638254,2.9411788320854306,3.346252793899178
1778595653918642000,58.39764184570313,-0.6574949175693094,3.8844349572151895,-1.0765104571044444
1778595653928633900,58.4076337890625,-0.6437915325179696,4.474856718595325,-7.070785358449816
1778595653938626000,58.4176259765625,-0.6686050712570548,4.014683969894051,-10.95692828862667
1778595653948617000,58.427616943359375,-1.96269474170804,3.1047213348180054,-14.577522339797019
1778595653958609200,58.43760913085937,-5.4335284395217895,2.835467463813722,-19.08850572604537
1778595653968601000,58.44760107421875,-5.992110416787862,3.092015582501888,-17.773779218018053
1778595653978593000,58.45759301757813,-3.0341116750657555,3.6273926252692936,-13.414609026002884
1778595653988585000,58.4675849609375,-0.1475885622754693,4.334577602550387,-10.386825384914875
1778595653998577200,58.4775771484375,2.5542086822390555,4.780045826333761,-7.818893297749757
1778595654008569000,58.48756909179688,4.930035312271118,4.6880935188233845,-5.307907671165466
1778595654018560000,58.49756005859375,7.733383590507507,1.3918079941421746,-6.79393650227189
1778595654028552000,58.50755200195312,13.869473439162968,-2.018384772486985,-8.585850314426422
1778595654038544000,58.5175439453125,16.187176381528378,-2.3503686559095978,-5.5318485284984105
1778595654048536000,58.5275361328125,13.738877220481633,-2.877616752757132,-3.5334003363639113
1778595654058528000,58.537528076171874,10.350499687558411,-2.7691023097634315,-2.059074218010902
1778595654068520200,58.54752026367188,6.987967374509573,-2.9416181002855297,-0.5451964259922504
1778595654078511900,58.55751196289062,4.528500338238477,-2.9458135061487556,1.4538812962174414
1778595654088503000,58.5675029296875,2.5630980911374093,-2.8883813078776,3.897204422417283
1778595654098495000,58.577494873046874,1.3411375450909138,-3.179319187423587,5.591085730364918
1778595654108487200,58.58748706054688,1.1756770799078047,-3.303969357182085,6.84945848300755
1778595654118479000,58.59747900390625,1.2744658093094825,-3.549104393713176,7.70573862773478
1778595654128471000,58.607470947265625,1.0244447543025017,-4.030748384988308,7.820347003689408
1778595654138463000,58.617462890625,0.3656194649122655,-4.183481908936798,8.036306214618682
1778595654148455000,58.62745483398437,-0.7181986848570406,-3.848419056460261,8.475244159850478
1778595654158446000,58.63744604492187,-2.2605323176398873,-3.7163217855662105,8.334418223577737
1778595654168438000,58.64743798828125,-3.5225907730579373,-3.3164684810101983,7.989693516525626
1778595654178430200,58.65743017578125,-4.543549731071293,-2.5695076659187674,8.091071824029088
1778595654188422000,58.667421875,-5.787639983600378,-1.7523400727875529,8.417114042443037
1778595654198414000,58.6774140625,-6.6017877905189986,-0.9071158673427998,8.891214486470817
1778595654208406000,58.68740600585937,-6.920079833197593,-0.31544366751015185,9.277693345668911
1778595654218398200,58.697398193359376,-6.605964783942699,0.23038404212296007,9.09002265611291
1778595654228389000,58.70738916015625,-5.875875900936126,0.945678237710148,8.377118716663121
1778595654238380800,58.717380859375,-4.9957402488470075,2.4666221687227488,7.591235465720295
1778595654248373000,58.727373046875,-3.122590461246669,3.5419901777938008,6.552988980558514
1778595654258365000,58.737364990234376,-0.7753539658829569,3.4305116242974996,6.254420460003614
1778595654268357000,58.74735717773437,-0.5198353363730013,0.5019276314996183,3.779561208811402
1778595654278348800,58.757348876953124,0.6040417059317231,-0.6768028446294367,-0.6309902108728885
1778595654288340000,58.767340087890624,2.2019383821129797,2.925351148356497,-5.282116811826825
1778595654298331400,58.77733129882812,1.9363351425707338,3.7569618389904496,-11.871092467045782
1778595654308323600,58.78732348632813,0.7695625229999422,1.819857757873833,-15.417529395115375
1778595654318315500,58.7973154296875,-1.7954367255836725,-0.29442411422654985,-18.71344725552797
1778595654328307700,58.8073076171875,-2.052582517904043,-2.135419498805702,-20.993524523854255
1778595654338299400,58.81729931640625,-2.4408628735661506,-2.3674206207364796,-18.64374185113907
1778595654348291600,58.82729150390625,-2.5412279123738406,-2.2602502858281133,-16.05417777788043
1778595654358282500,58.83728247070312,-2.6530294142141937,-2.0684096171110866,-13.080187686300278
1778595654368274700,58.847274658203126,-3.4016955719187854,-1.6623805465295909,-10.303009622108936
1778595654378266600,58.8572666015625,-3.104595954872668,-1.5292553938925266,-8.403375439947842
1778595654388258800,58.8672587890625,-1.9951251851916312,-1.3197383448399602,-6.444701039797067
1778595654398250500,58.87725048828125,-0.01645399893373251,-0.8820300875335931,-3.5182904455155133
1778595654408242700,58.88724267578125,1.1807815634399652,-0.7398204418174922,-1.6576444579184055
1778595654418233600,58.89723364257812,2.249842289060354,-1.4756998909242451,-1.6798007601469753
1778595654428225500,58.9072255859375,4.2083331493377685,-2.5948884831517933,-0.8482645960539579
1778595654438217700,58.9172177734375,7.118535536140203,-2.76409792560488,0.7897282359331845
1778595654448209400,58.92720947265625,9.142246764346957,-1.464058845230192,2.3271172519206997
1778595654458201600,58.93720166015625,10.880150169372557,-0.11244096878767013,4.881179803687334
1778595654468193500,58.94719360351562,12.124995916444062,0.5655101690940558,6.321677886718511
1778595654478184700,58.95718481445312,9.060649262112378,1.3754590630181134,7.287292266389727
1778595654488176600,58.9671767578125,3.1626991842731833,2.117283976525813,7.996687320935726
1778595654498168800,58.9771689453125,1.8984614851199089,3.155450820580125,9.268490048515796
1778595654508160500,58.98716040039063,1.0046865992568432,2.612489021772146,10.673984622704982
1778595654518152700,58.997152587890625,-0.5096818988882005,1.0972603996664285,11.26775014155507
1778595654528144600,59.00714453125,-2.442912061180919,0.340077319637686,11.159828696018456
1778595654538136800,59.01713671875,-4.509476488816738,0.23306305207386613,11.088389599704742
1778595654548127700,59.02712768554687,-6.008369477671384,0.6553131896160542,10.932933665055035
1778595654558119400,59.037119384765624,-7.326776135516166,1.5877125512972474,10.34627125620842
1778595654568111600,59.04711157226563,-8.224860116750001,2.8224469464600084,9.736099961480498
1778595654578103600,59.057103515625,-8.628761235392092,3.6300931163996455,9.27950302543938
1778595654588095700,59.067095703125,-8.272761685609817,3.8947599518746134,8.790720560586452
1778595654598087400,59.07708740234375,-6.927995428627729,3.4496710827976464,8.2497578266412
1778595654608078600,59.08707861328125,-4.950569566255807,2.2827159462668,6.830134189334512
1778595654618070500,59.097070556640624,-3.9323862104356286,2.045530553565919,5.294329812189936
1778595654628062500,59.1070625,-4.5160091054558755,3.5491990862593052,1.156466037350893
1778595654638054700,59.1170546875,-4.254807315742969,5.465218878293037,-7.27921242030859
1778595654648046600,59.127046630859375,-1.2388029597759247,7.649481318461895,-15.332048913967608
1778595654658038500,59.13703857421875,-2.5445468276634813,8.906959752613306,-20.04448543140888
1778595654668029400,59.14702954101563,-6.709206547230481,8.60995132098198,-23.863115498805044
1778595654678021600,59.15702172851562,-4.484045987223088,8.171658687916398,-20.849287902355194
1778595654688013600,59.167013671875,0.36429508444070813,8.725444663077592,-14.089385771632193
1778595654698005800,59.177005859375,5.6099055816471575,10.555119758349656,-8.995641660150884
1778595654707997400,59.18699755859375,14.83561914923191,11.330019258463382,-3.952615343993902
1778595654717989600,59.19698974609375,23.81351764742136,4.581218367469311,-4.269758216637372
1778595654727980500,59.20698046875,23.648044176626204,0.2645592834472656,-7.095884143871069
1778595654737972500,59.21697241210938,18.59446314870715,-1.827334377364814,-8.869661410832405
1778595654747964700,59.226964599609374,13.970863437104224,-2.1593980480253694,-6.542531299430132
1778595654757956600,59.23695654296875,8.881630081045627,-0.9594678397402167,-2.0656202786535025
1778595654767948500,59.24694848632812,5.211238272005319,-0.8494351011380553,1.2582862434029578
1778595654777940500,59.2569404296875,1.6594240348115563,-1.251105391988158,3.1971558728873726
1778595654787931600,59.266931640625,-1.4974433745682239,-1.49531542262882,5.032790753346681
1778595654797923600,59.27692358398438,-2.8556185636997222,-1.5206304811492561,7.132857491481304
1778595654807915800,59.286915771484374,-3.2770714133843777,-2.494533381216228,8.24565740558505
1778595654817907500,59.296907470703125,-2.482376494954526,-3.744380005314946,8.853640834879874
1778595654827899600,59.30689965820312,-1.7031319513738155,-4.855342767119407,7.901423112398385
1778595654837891600,59.3168916015625,-1.7968740649104118,-5.171147669157386,7.859680066168308
1778595654847882500,59.32688256835937,-2.6790190109953285,-4.505884309543669,8.477464758509397
1778595654857874700,59.33687475585938,-3.3077944684281944,-3.458881101952493,8.294811604854464
1778595654867866600,59.34686669921875,-4.000612482182682,-3.163533004748821,7.517809579503536
1778595654877858600,59.356858642578125,-4.491019625627994,-3.486997773890197,7.673353776958584
1778595654887850500,59.3668505859375,-4.707922839409113,-3.387471816255152,8.046378111299871
1778595654897842700,59.3768427734375,-5.28906268544197,-2.783974884724617,7.995054751297831
1778595654907833600,59.38683349609375,-6.319518662858009,-1.9679411179289221,8.214875898352265
1778595654917825800,59.39682568359375,-7.331234868490696,-1.4140116426438092,8.295297927066683
1778595654927817500,59.4068173828125,-7.225193245351314,-0.5158826532244682,7.914373194864392
1778595654937809700,59.4168095703125,-6.0382093201398845,0.3089136812195182,7.752056726795434
1778595654947801600,59.426801513671876,-5.196716410177946,0.2639320914596319,6.741886581560969
1778595654957793800,59.43679370117187,-4.425180249017477,1.1342942452922462,4.997150700166821
1778595654967784700,59.44678466796875,-2.3834581478238106,4.034370082616806,1.509576879954338
1778595654977776600,59.456776611328124,0.026412206107378003,8.346842236343026,-4.000582379305363
1778595654987768600,59.4667685546875,2.1433435698032377,7.605535209229588,-9.947819050621986
1778595654997760500,59.47676049804687,4.715017766106128,1.3625433212131262,-12.714845138633251
1778595655007752700,59.486752685546875,3.7813916391089557,-2.7878116864085194,-15.121969408726692
1778595655017743600,59.49674365234375,1.3184696400783955,-2.1070282477103173,-18.722778562974927
1778595655027735800,59.50673583984375,-0.2307717262662947,-1.6117748332776127,-19.753741905391216
1778595655037727500,59.5167275390625,-0.8462181849181651,-1.6842473642922937,-17.250855414110422
1778595655047719700,59.5267197265625,-0.7360885618127883,-1.0431040081955492,-14.3280191711843
1778595655057711600,59.53671166992188,-0.8698506971791387,0.15870952961817383,-11.197481258064508
1778595655067703600,59.54670361328125,0.1561481546975672,0.5028023685075342,-8.864054092344642
1778595655077694700,59.55669482421875,0.21041268271803854,0.5527646692894399,-6.586938011911511
1778595655087686700,59.566686767578126,0.47137379554286596,0.17585078016370534,-5.944095450681448
1778595655097678600,59.5766787109375,2.8561481405317783,-0.4208990151941776,-4.553506769201159
1778595655107670500,59.58667041015625,6.004672961241006,-0.9592945289999246,-2.1603210080891846
1778595655117662700,59.59666284179688,9.550850361591577,-1.1740838193669914,-0.07724865937530993
1778595655127654700,59.60665454101562,13.73321437241435,-1.801004881104827,2.5095693300455806
1778595655137645800,59.61664575195312,14.676706352126597,-2.231693322777003,3.581640927919745
1778595655147637500,59.626637451171874,12.248317175686358,-1.5262784239083527,4.42226523835361
1778595655157629400,59.63662939453125,7.987276518511772,-1.279234485016018,5.096877733331919
1778595655167621600,59.64662158203125,3.2412568804204462,-0.9813000245809554,5.969040506845713
1778595655177613600,59.656613525390625,0.10484094211272894,-0.3998370840735733,7.882528442314267
1778595655187604700,59.666604736328125,-1.48238141451478,-0.9558725917272269,9.716502111563086
1778595655197596700,59.6765966796875,-2.057826848298311,-1.8269186361707745,10.725343054020405
1778595655207588600,59.68658862304687,-1.5450526824831963,-2.268000169302523,11.476651250666379
1778595655217580500,59.69658056640625,-1.8168473240114746,-2.149543885748088,11.93726735922098
1778595655227572700,59.70657275390625,-2.955555440223217,-1.8152061326757072,12.195492763471602
1778595655237564700,59.716564697265625,-4.279188892805576,-1.380600663690269,12.421438530886173
1778595655247555600,59.7265556640625,-5.25816018217802,-0.4174664103969931,12.502881134819983
1778595655257547500,59.736547607421876,-5.616813461339474,0.8764525796622037,11.574862618571519
1778595655267539500,59.74653955078125,-5.416715251886845,1.8899696972370146,9.275050137683749
1778595655277531600,59.75653173828125,-4.88657610977292,2.7623227326259014,6.642278790861368
1778595655287523600,59.76652368164063,-3.6111727273523804,3.201286981342733,4.388981977432966
1778595655297515500,59.776515625,-1.9503822264932096,3.4449858475908637,2.9441777216404676
1778595655307507000,59.7865068359375,-0.28865093765258787,3.5278082154452797,1.936748984068632
1778595655317499000,59.796498779296876,0.8764424966596066,3.6759661020413037,-0.3510807980805635
1778595655327491000,59.80649096679687,0.3322178383089602,3.807868142624199,-5.0641106052398674
1778595655337483000,59.81648291015625,-2.509882049256563,2.4741288910910484,-13.320402802085876
1778595655347475000,59.82647485351563,-4.18267643777281,1.345928286498785,-17.890337558996677
1778595655357465900,59.8364658203125,-7.219372576373815,3.927672625917196,-17.981911096322534
1778595655367457800,59.84645776367187,-12.448807014805078,6.373803210753202,-21.5887829116106
1778595655377450000,59.856449951171875,-11.365362959045171,5.725824455678462,-19.836098701560495
1778595655387442000,59.86644189453125,-5.97322334548831,4.621643901360034,-15.756529879301786
1778595655397434000,59.87643408203125,-1.4854785037472844,5.579411074662208,-12.116138071727752
1778595655407425000,59.88642504882812,1.5275928675077854,9.40391792513728,-7.4852341745913025
1778595655417417000,59.8964169921875,11.692330475610493,11.035402690404652,-2.613759187838435
1778595655427409000,59.90640893554688,23.56729364660978,2.442282677236199,-5.309068531638384
1778595655437401000,59.916401123046874,25.244055477452278,-4.759039863184094,-8.26923000435233
1778595655447393000,59.92639306640625,21.802577637982367,-6.2387178639590735,-8.609965934029221
1778595655457385000,59.93638500976562,15.461353339272737,-3.7197196113109587,-6.113067284986377
1778595655467375900,59.9463759765625,9.754649763649702,-2.8139924218475816,-3.057981210952997
1778595655477367800,59.956367919921874,5.499499918079376,-3.5730092931747435,0.9926917716890573
1778595655487360000,59.96636010742188,2.4639503191649914,-3.2367031626388427,5.145957113799453
1778595655497352000,59.97635205078125,0.5439399961903691,-2.446865328851342,8.530986505338548
1778595655507344100,59.98634423828125,-1.4635539644479751,-2.7953873823598028,9.54719242360592
1778595655517335000,59.9963349609375,-1.9118112344279885,-3.6313983537793155,8.88231572522223
1778595655527327000,60.00632690429688,-1.7997665714815259,-4.279931527866423,8.000774297988414
1778595655537319000,60.01631884765625,-1.6226500091657041,-4.575139632077515,8.100079306349159
1778595655547311000,60.02631103515625,-1.5888497386336327,-4.7441865774452685,8.554320619174838
1778595655557303000,60.03630297851562,-2.1986954546689987,-4.899617962175608,8.593122351256012
1778595655567294000,60.0462939453125,-3.744823657429218,-4.301680126076937,8.50631091376543
1778595655577286000,60.05628588867187,-5.416529373925924,-3.753637370742857,8.860976584595441
1778595655587277800,60.06627783203125,-6.273448985600471,-3.496063708399236,9.258110108798741
1778595655597270000,60.07627001953125,-6.813487590438127,-2.6592680163428186,9.69668681950271
1778595655607262000,60.086261962890624,-7.505644509935379,-0.8181418449908494,10.348253954458237
1778595655617254100,60.09625415039063,-7.87922063294053,1.27903969309628,11.261765806448459
1778595655627245000,60.1062451171875,-7.3898776115953915,2.626579506444931,10.79054997794628
1778595655637237000,60.11623706054687,-5.380197831350564,3.784632228465378,8.216888991740346
1778595655647229000,60.12622900390625,-0.9136055216230452,2.4852388986483214,4.193658142775297
1778595655657221000,60.13622119140625,4.163559941631555,0.1427156955420971,3.2109272086083886
1778595655667213000,60.146213134765624,1.534588279353082,1.5476856613352894,6.117357091134786
1778595655677204000,60.15620385742187,-3.009544512303173,0.19617928244322538,3.8803175850242373
1778595655687196000,60.16619580078125,-1.265466218034923,0.11259119091331958,-0.6314858854353428
1778595655697187800,60.17618774414063,-0.6001087503969669,2.531929045891762,-5.459242141970992
1778595655707180000,60.18617993164062,-1.586131419585645,0.9519497191950679,-10.80964630808234
1778595655717172000,60.196171875,1.0919593706488608,0.43475598337203264,-13.678360500198602
1778595655727163100,60.2061630859375,-0.26077304290682074,-2.532492817254364,-16.133165389877558
1778595655737155000,60.21615502929688,-0.12098594816252589,-3.42106428925544,-20.366879648709297
1778595655747147000,60.22614697265625,-0.7374329621590674,-1.5927546371176837,-21.957309934532642
1778595655757139000,60.236138916015626,-5.527697254037856,-0.5095116568878293,-22.098577184832095
1778595655767131100,60.24613110351562,-9.157463622701167,-1.5500784016907214,-20.263741930317877
1778595655777122000,60.2561220703125,-8.195141854834556,-3.9110023538842795,-16.881667881453037
1778595655787114000,60.266114013671874,-3.3806305720582603,-1.9428055076286195,-10.738887595248222
1778595655797106000,60.27610595703125,0.3453285181641578,0.9928058995880186,-5.61353838519156
1778595655807097900,60.28609790039062,4.115685260778665,0.4443664000213146,-3.139441350543499
1778595655817090000,60.296090087890626,9.93199604306817,-2.1739108497634527,-0.9460884259462357
1778595655827081000,60.3060810546875,11.66367136735916,-3.289175984936952,1.4449708445310592
1778595655837073200,60.3160732421875,10.598456211251019,-1.6791034255325794,3.1948172008067366
1778595655847065000,60.326065185546874,9.444377361297606,-1.5276384602151811,4.649830715924501
1778595655857057000,60.33605712890625,8.225942651289701,-1.5757149472504852,4.289267803749442
1778595655867049000,60.34604907226562,4.990728558164835,-2.1035802992135286,3.9050720870524644
1778595655877039900,60.35603979492188,-0.7885176910996436,-0.2716317060515284,4.605377826213837
1778595655887032000,60.36603198242187,-4.774730184268951,1.5269181831166148,6.420468515816331
1778595655897024000,60.37602392578125,-5.586338828098774,1.3818831047162412,8.600625858753919
1778595655907016000,60.38601586914063,-3.7784512017428873,1.8855828604549167,11.419043111306427
1778595655917008000,60.3960078125,0.6241758546829224,1.3094190492689608,13.022177395880222
1778595655926999000,60.4059990234375,3.410744847553968,-0.47880847558826206,12.964273488444089
1778595655936991000,60.415990966796876,3.1642274167537687,-1.503407251408696,10.82652846930027
1778595655946983000,60.42598291015625,0.875226837259531,-1.6017667956128716,9.96892496701479
1778595655956975000,60.43597509765625,-1.778901331976801,-1.4194824752703308,8.862530243778227
1778595655966966800,60.445966796875,-3.5825989592969414,-0.7977499220862985,7.341469846779107
1778595655976958000,60.4559580078125,-3.9033787271380422,-0.5766004490375518,5.7433554361939425
1778595655986950000,60.46594995117187,-3.5543420021057126,-0.621350860390067,4.570757763731479
1778595655996942000,60.475942138671876,-3.1574913864970204,-0.5307447067916393,4.485112447410821
1778595656006934000,60.48593408203125,-2.0260699201621115,-0.23967355625480413,5.231877739930153
1778595656016926000,60.495926025390624,-1.3068624966539442,0.414105994053185,6.624608109614253
1778595656026916900,60.50591674804687,-1.37353510921821,1.945641315576434,7.535718745681643
1778595656036908800,60.51590869140625,-2.514508832274377,3.6826170843631028,5.318072506827115
1778595656046901000,60.52590087890625,-4.49751833999753,3.8232726325049993,-0.5953033959418534
1778595656056893000,60.53589282226562,-5.208127446508407,2.6238088726878166,-10.179205547785758
1778595656066885000,60.54588500976563,-3.5964243632927535,2.667742414699495,-15.251094970333575
1778595656076876000,60.5558759765625,-4.702187510627508,2.879470856191218,-17.120014865279195
1778595656086868000,60.56586791992188,-5.604794522243738,1.6170590572908519,-21.664632810103893
1778595656096860000,60.57585986328125,-2.0881761015936733,0.6407625400856137,-18.561265812504292
1778595656106852000,60.58585205078125,1.794477232901752,2.557624920423329,-13.184113340198993
1778595656116844000,60.59584399414062,5.3381578480005265,5.745568436068296,-9.473711592331528
1778595656126835000,60.6058349609375,9.345837492090464,7.501590850630402,-8.725232481631636
1778595656136827000,60.615826904296874,16.237670889490843,2.0748048711061475,-10.013727400815487
1778595656146818800,60.62581884765625,21.474413020586965,-3.103473672844469,-8.104277342560886
1778595656156811000,60.63581103515625,17.18364241105914,-4.70381511182934,-6.147386903217434
1778595656166803000,60.645802978515626,12.682221802926064,-3.521147880773246,-4.0263925278663635
1778595656176794000,60.655794189453125,8.522794431054592,-1.9806062459737062,-0.17540099056959152
1778595656186786000,60.6657861328125,4.4039948376476765,-1.6916525259822606,2.7417741578549144
1778595656196778000,60.67577807617187,0.2554652918875217,-2.0943331629186868,4.133125640401244
1778595656206770000,60.68577001953125,-2.4354841031372545,-2.4890581646755336,5.142700157830119
1778595656216762000,60.69576220703125,-3.3215859701544046,-2.789640947662294,5.999670038387179
1778595656226753000,60.7057529296875,-3.893407660482824,-3.3404332939654586,6.449345650732517
1778595656236745000,60.71574487304687,-3.489182132191956,-3.70336965727359,7.126437103044986
1778595656246737000,60.72573681640625,-3.1179081486493345,-4.245056321579217,7.822201691645383
1778595656256728800,60.73572875976563,-3.560720304965973,-4.473867415297031,8.260765542867778
1778595656266720000,60.74571997070313,-4.131404515697062,-3.9174683350279924,8.67472219157815
1778595656276712000,60.7557119140625,-4.888011695533991,-3.1848847125962374,8.94322758230269
1778595656286704000,60.7657041015625,-6.333652402150631,-2.508074999834597,8.670715294024347
1778595656296696000,60.77569604492187,-7.48674925532937,-2.0863556081682444,8.61121739539504
1778595656306688000,60.78568798828125,-7.889841395676136,-1.5442372744470834,9.229100287413596
1778595656316679000,60.795678955078124,-8.17562759154737,-0.6535337588533758,9.667421562051773
1778595656326670800,60.8056708984375,-8.03964967982769,0.2782818115904927,9.842188930892943
1778595656336663000,60.8156630859375,-7.256106270009279,0.7745803511619568,9.226419085505604
1778595656346655000,60.825655029296875,-5.575494778001308,2.1266578079402447,7.872410368403792
1778595656356647000,60.83564697265625,-2.7130589355021715,3.8734947532668706,5.5895180426567785
1778595656366637800,60.84563793945313,1.1925438974261282,3.1122774492859837,3.1711522475808858
1778595656376630000,60.85563012695312,-0.09995061278790235,0.8729825654640794,1.9163637831658125
1778595656386622000,60.8656220703125,1.5582206454835832,-0.11369885989427565,-2.197355730497837
1778595656396614100,60.8756142578125,5.079238031744957,3.4495699605107304,-6.279411693397164
1778595656406606000,60.885606201171875,1.6689949962332844,0.7033259637653827,-8.741764514237643
1778595656416597000,60.89559692382812,2.2301041538894175,2.217618766325712,-9.490041380363703
1778595656426589000,60.9055888671875,-0.6529673571422696,0.5553372962564229,-12.02291150649786
1778595656436580900,60.91558081054688,-0.2864747626572847,-1.9039815637156365,-13.307110774314403
1778595656446573000,60.925572998046874,0.6761787213817239,-0.2868953261569142,-15.769325063467026
1778595656456564000,60.93556396484375,-1.7345564326852558,-0.6188400466129184,-18.181768482756613
1778595656466556200,60.94555615234375,-3.4705472820878027,-2.0472364807009695,-19.20303811415434
1778595656476547800,60.9555478515625,-4.050642002981901,-4.301458007758856,-18.572939883685113
1778595656486540000,60.9655400390625,-3.099719581007957,-5.216733946812153,-15.176681826645135
1778595656496532000,60.97553198242188,-0.25627280887812376,-3.510042257130146,-10.723706392729282
1778595656506523000,60.98552294921875,2.4233187413081527,-1.7968296412467955,-6.0245823613256215
1778595656516515000,60.99551513671875,2.95276171785146,-1.7929095451936126,-3.0385294915080068
1778595656526507000,61.005507080078125,3.3836344300493595,-3.2996783819898963,-1.6058903052836655
1778595656536499000,61.0154990234375,4.75776034476757,-4.244764645156264,0.04296235889196395
1778595656546489900,61.02548974609375,6.20675854511857,-3.494787989374995,1.6472300314098596
1778595656556482000,61.03548193359375,7.018846496897935,-3.4659476793378587,2.924458291170001
1778595656566474000,61.045473876953125,6.1890580532550805,-3.5143449227601287,3.8820214663326738
1778595656576466200,61.05546606445313,4.565387176609039,-2.1195614199385044,5.116933263888955
1778595656586457900,61.06545776367187,2.1904453665874897,-0.8117465909957885,6.325819224306941
1778595656596449000,61.07544897460937,-1.071899894569069,1.3073238305553794,8.609343418216705
1778595656606441000,61.08544091796875,-3.4700340718686578,4.246053223662078,11.532221746718882
1778595656616433000,61.09543286132813,-2.742885333967209,5.912478661668301,14.128671487838028
1778595656626425000,61.105425048828124,1.7487585610389709,5.575778855639696,16.390826145982743
1778595656636417000,61.1154169921875,5.047203894102573,2.185639573740959,15.069624304461477
1778595656646408200,61.125408203125,3.4348213041901587,-0.20266338376551865,12.309399713158607
1778595656656400000,61.13539990234375,0.16233093498572707,-0.638031653816998,11.452081457555293
1778595656666392000,61.14539208984375,-2.13601498048082,-0.48900019925683735,10.359364546537398
1778595656676384000,61.15538403320313,-4.082285680001974,0.6019678222671151,8.737389367893337
1778595656686375000,61.165375,-5.463195263510942,1.4209551781713963,7.245182140412926
1778595656696367000,61.1753671875,-5.639150380831957,1.5570768822759389,6.086829266402125
1778595656706358800,61.18535888671875,-4.686786527878046,1.2780638338014483,4.824121114903688
1778595656716351000,61.19535107421875,-3.3413293660223484,0.6191498432144522,3.7357308349132534
1778595656726343000,61.20534301757812,-1.4990264059759675,0.4261582508966327,3.122335317441821
1778595656736334000,61.215333984375,-0.3016018969014287,1.4532625797972083,0.9844663796573877
1778595656746326000,61.225325927734374,-0.04108838171362877,2.9238550645798442,-4.036533398130536
1778595656756318200,61.23531811523438,-1.7942343640565872,1.7542808315917848,-12.445555904054642
1778595656766310000,61.24530981445312,-5.619828425246477,-0.9115656863585114,-18.793931243562696
1778595656776300800,61.25530078125,-5.112371070539951,0.4905135264292359,-19.23398971725702
1778595656786293000,61.26529296875,-7.433076117330789,2.8882383922755714,-18.37532939939499
1778595656796285000,61.27528491210938,-7.9446935143262145,2.4075115158453584,-16.23396385166645
1778595656806277000,61.285277099609374,-5.461899963003397,2.9618136238351465,-12.759814745694397
1778595656816268800,61.295268798828126,-1.7302675033196806,4.558464391608536,-10.00689200183749
1778595656826260000,61.305260009765625,2.5653546378925443,8.434286711040139,-7.168882160064578
1778595656836252000,61.315251953125,12.387075658035277,7.972433169645071,-7.355888832753896
1778595656846244000,61.325244140625,24.25654315422773,1.668639606924355,-4.710661908984184
1778595656856236000,61.33523608398438,25.52415369081497,-3.17133958684653,-3.879013516688347
1778595656866227000,61.34522705078125,19.144165069425107,-4.475359991942346,-4.177129617300629
1778595656876219100,61.35521923828125,11.907094339275359,-3.479306634865701,-2.9225089106678963
1778595656886210800,61.3652109375,6.395155795383453,-2.0863719747811555,-0.5874924299299716
1778595656896203000,61.375203125,2.7829727219447493,-1.3253335344985127,2.988416091817617
1778595656906194000,61.38519384765625,-0.4012044269040227,-1.481597862921655,5.3435190827727315
1778595656916186000,61.39518603515625,-3.3820123818054793,-1.9551742830753325,5.107480960410833
1778595656926178000,61.405177978515624,-4.6074379736140365,-2.436352702665329,5.106322438025474
1778595656936170000,61.415169921875,-4.722920209793746,-3.078362027941644,6.357625982934236
1778595656946162000,61.42516186523437,-4.482095437677204,-3.616746435831487,7.294824999982118
1778595656956152800,61.43515283203125,-4.568265362393856,-3.7833652772694824,8.205564464649557
1778595656966145000,61.44514501953125,-5.043045605379342,-3.5024566243067383,8.839432861307262
1778595656976137000,61.45513696289063,-5.12861668742001,-2.9618089476600287,9.048703388252854
1778595656986129200,61.465129150390624,-5.901249996167421,-2.0716656962975857,9.037079585954546
1778595656996120000,61.4751201171875,-7.110310144108533,-1.7651289733424782,8.948117692431808
1778595657006111700,61.48511181640625,-7.234659577354789,-1.4740303502768277,9.327141559448838
1778595657016104000,61.49510400390625,-7.248676996791362,-0.5313464720770716,10.165611906719207
1778595657026095900,61.50509594726562,-7.295453945535421,0.5064641058854759,10.922060388863086
1778595657036087000,61.51508715820312,-7.486529475098848,1.453841548728943,10.741906066286564
1778595657046079000,61.525078857421875,-7.045975326842069,2.0706784388259054,9.52999403604567
1778595657056071200,61.5350712890625,-5.916398465460539,2.561671857726574,7.505761998835205
1778595657066062800,61.54506274414062,-3.483977257025242,2.626650818115473,5.09336767938435
1778595657076055000,61.555054931640626,1.8484777031585573,1.4564479318350552,2.48153916734755
1778595657086046000,61.5650458984375,4.320644354265928,3.178788733808696,4.814732524311542
1778595657096038000,61.57503784179688,1.6667025013819337,4.33043100426495,5.371106762400269
1778595657106030000,61.585030029296874,1.9211787822321056,1.4123786346144973,-0.5611854377627372
1778595657116021800,61.595021728515626,3.9659456579491494,3.664310151039064,-7.667577531644701
1778595657126013000,61.605012939453125,0.775555333673954,1.2283249665118754,-12.85556060026884
1778595657136004900,61.6150048828125,1.2211048059999943,-0.8204946917273104,-13.036848895311355
1778595657145997000,61.6249970703125,-1.1304065902039409,-1.3028496077507734,-14.870891538143157
1778595657155989000,61.63498901367188,-3.1923987414881587,-1.5704139182329178,-17.96894172463417
1778595657165980000,61.64497998046875,-3.497311078111827,-1.8929513433963059,-19.226341832852363
1778595657175972000,61.65497216796875,-3.8940775225684043,-2.6577327695995567,-18.228707928586005
1778595657185963800,61.6649638671875,-3.7293154149129983,-2.7678186996936796,-15.818749896371363
1778595657195956000,61.6749560546875,-3.0337220912262794,-2.1691158705718814,-13.131292435115576
1778595657205948000,61.68494799804687,-1.2767828540802002,-1.4825094248086212,-10.395836374366283
1778595657215939000,61.69493896484375,1.2475278257623315,-1.0248536273643374,-7.436596108150482
1778595657225931000,61.704930908203124,3.299576090659201,-0.6542486291244626,-4.213430764737725
1778595657235923000,61.7149228515625,4.750877599516511,-1.3349774150259792,-3.076601155748963
1778595657245915000,61.72491479492187,7.119200722050667,-2.6287667873561382,-1.523954364874959
1778595657255905800,61.73490576171875,9.054191464275121,-2.4273240314267572,0.43330841491222377
1778595657265898000,61.74489794921875,10.450609582561254,-1.66036321535781,2.062013778594136
1778595657275890000,61.75488989257813,11.020886673796177,-0.5239408719956875,4.077039596042037
1778595657285882000,61.764882080078124,8.515699504357576,0.7879051121592521,4.97581740475893
1778595657295873000,61.774873046875,5.321210220330953,2.536467858365178,6.0275470563501115
1778595657305868000,61.78486791992187,2.537243518912792,4.484478825682402,8.210890043586492
1778595657315860000,61.79485986328125,1.3357203423477708,5.948566458615661,10.861660572957993
1778595657325852200,61.80485205078125,2.125736747572571,4.517279563783109,12.558153524708747
1778595657335843000,61.81484301757813,2.0920218172363936,1.3273559802368282,12.393159361863136
1778595657345835300,61.824835205078124,0.08308949435800314,-0.31547961560636756,11.6035076982975
1778595657355827200,61.8348271484375,-2.3943866613343356,-0.7628459280960261,11.322094310683012
1778595657365819100,61.84481909179687,-4.785485387039184,0.08010141845792532,10.751351940023898
1778595657375811000,61.85481103515625,-7.600340563195943,1.4112709656335412,9.80985551804304
1778595657385802000,61.86480200195312,-9.78009049437642,2.030594265718758,8.322095917621255
1778595657395794200,61.87479418945313,-10.706035126960277,2.143441038828343,7.019166814893484
1778595657405786000,61.8847861328125,-9.99176925150752,1.7643216024823485,6.059015961325168
1778595657415778000,61.894778076171875,-7.869076840066909,0.5904670618265867,5.020594119596481
1778595657425769200,61.904769287109374,-4.855485390460491,-0.25266382460072634,4.3978620339810846
1778595657435761200,61.91476123046875,-2.1956594479739664,0.508303742402792,3.5125381655991075
1778595657445753000,61.92475317382812,-1.6601950191840529,2.2672541732408105,1.121610997068882
1778595657455745300,61.934745361328126,-2.281539742094278,2.734887320950627,-4.631700015950202
1778595657465736200,61.944736083984374,-3.0301167602106927,1.805952274379134,-12.132892807173729
1778595657475728100,61.95472802734375,-3.230290957508981,2.4311598101973533,-14.866287843739986
1778595657485720000,61.96471997070312,-4.906578448837995,5.685220642611384,-15.921450392389296
1778595657495712000,61.9747119140625,-4.703403316158056,5.81426846280694,-17.34725944033265
1778595657505703200,61.984703125,-1.8981831065699457,5.637788444828987,-14.83093712889552
1778595657515695000,61.99469506835938,1.0423330238230526,7.786043167549371,-11.781852341103553
1778595657525687300,62.00468725585937,6.8867597473979,10.7954003405869,-9.91455741701126
1778595657535679000,62.014678955078125,18.242413797855377,10.050269371271133,-6.8881976712465285
1778595657545670100,62.024670166015625,21.828326996266842,5.698296397283673,-3.190550191012025
1778595657555662000,62.034662109375,21.366629522216318,-0.8289069846332072,-4.9442684202849865
1778595657565654000,62.04465405273437,17.286135986328123,-4.24693555945456,-7.8649401786535975
1778595657575646200,62.054646240234376,11.495983727645873,-3.0625100865542887,-5.569996765106916
1778595657585637000,62.06463720703125,5.940757830691338,-1.356678228572011,-1.214613105893135
1778595657595629300,62.07462939453125,1.628926020695269,-0.43465018490999935,2.468251231229305
1778595657605621000,62.08462109375,-1.4839508557885885,-0.3023924627572298,4.079883879557252
1778595657615613200,62.09461328125,-2.7774963363602754,-0.48673868406563997,5.226186250290274
1778595657625604000,62.10460400390625,-4.002736634729803,-0.6977429029360414,6.6057315597087145
1778595657635596000,62.11459594726563,-4.885277302134036,-1.462785610423982,7.374966458189487
1778595657645588200,62.124588134765624,-3.6382252771899104,-2.3315751081123945,8.503968150031566
1778595657655580200,62.134580078125,-1.8655267453759907,-3.1100404840141533,8.958267915046214
1778595657665571300,62.1445712890625,-0.9899541634187101,-3.559625203205645,9.55923766618669
1778595657675563000,62.15456298828125,-0.9288298326313496,-2.8367084037855266,10.3689483674407
1778595657685555200,62.16455517578125,-1.7816025537595153,-1.9542507384896277,10.224073448038101
1778595657695547100,62.17454711914063,-2.586684718430042,-1.6807215282537042,9.425639927601814
1778595657705538000,62.1845380859375,-3.7171278412520885,-1.469521932941675,8.378340367412566
1778595657715530200,62.1945302734375,-5.58703557819128,-0.9491307162515819,8.086378113254904
1778595657725522000,62.20452197265625,-7.0351675171017645,0.13177271511480212,8.844924444460869
1778595657735514000,62.21451416015625,-7.071101584792137,1.0476859291583298,9.356674527925252
1778595657745505000,62.224505126953126,-6.601776100081205,1.53888159263283,8.682250833517312
1778595657755497200,62.23449731445312,-5.588579885023832,2.088047214516997,7.5502400229871265
1778595657765489200,62.2444892578125,-3.6651182525515553,3.0992858657658098,6.556697771948576
1778595657775481000,62.25448120117188,-0.7841732321545481,3.859758781120181,5.971452828684449
1778595657785472300,62.26447216796875,-0.3271311826944351,3.358261796122789,5.455946607556939
1778595657795464000,62.2744638671875,-2.8415859466940163,2.2027871078968047,1.9538316362947223
1778595657805456100,62.2844560546875,0.008115501916408538,4.564198259085416,-1.672512941226363
1778595657815448000,62.29444799804688,2.949011133146286,6.963041023045778,-6.3892760896950955
1778595657825439200,62.30443920898438,1.7537455556713044,1.8624479224525392,-9.156065446341037
1778595657835431200,62.31443115234375,4.607445864659548,1.936818688303977,-10.323409436058997
1778595657845423000,62.324423095703125,3.0676649850994346,1.101473195055872,-12.980468251919746
1778595657855415000,62.3344150390625,2.2003388379618523,1.6180784634664653,-16.243309187638758
1778595657865406000,62.344406005859376,-0.28405674173012374,1.8816747471004724,-19.50658734573126
1778595657875398100,62.35439819335937,-2.6111267935082316,0.010057429764419793,-20.753533864474296
1778595657885390000,62.36439013671875,-3.564168399593234,-1.5606678925052284,-19.33203741903305
1778595657895382300,62.37438232421875,-3.865104818323254,-1.7485792589493094,-16.116521713590622
1778595657905373200,62.38437329101563,-1.8572981384739278,0.11258096178025007,-11.836271329033375
1778595657915365000,62.394365234375,-0.3049517918512225,2.3051728388771413,-7.0413371456474065
1778595657925357000,62.404357177734376,1.3497992827132343,2.151007820820808,-4.9134921737492085
1778595657935349000,62.41434887695313,4.347826667962968,1.0435183611501007,-2.7252152372419833
1778595657945340200,62.42434008789063,7.9352575774610035,-0.7320583564486354,-1.1316326248675583
1778595657955332000,62.43433203125,10.021782112455368,-2.1569275662586094,-0.582954201978445
1778595657965324300,62.44432421875,8.377898468863963,-1.4922469749689102,0.782375535082817
1778595657975316000,62.45431591796875,5.3834816753268235,-0.6244272721607238,2.1359218953698873
1778595657985307100,62.46430712890625,1.9606534451387823,0.4518531025148928,3.3703274969696997
1778595657995299000,62.47429907226562,-2.001574799722433,0.4238748891998082,4.643094685667753
1778595658005291000,62.484291015625,-3.563748128354549,0.5783231811769306,6.839587661856412
1778595658015283200,62.494283203125,-2.0708688468314707,1.6029137736909091,10.128165096378325
1778595658025274000,62.50427416992188,0.6670797613859176,2.2465790494807063,12.87221479794979
1778595658035266000,62.51426611328125,3.5077205361843107,1.888272976321727,14.229801958060264
1778595658045258000,62.524258056640626,5.656565626013279,0.9423403254590929,13.946603440594671
1778595658055250200,62.53425024414062,6.218954009824991,-0.1612842024117708,12.268882993853092
1778595658065241000,62.54424096679688,5.37159016200304,-0.3798426360540092,10.957198337739705
1778595658075233300,62.5542333984375,4.083346002709865,0.44122313355952497,10.376195269829035
1778595658085225200,62.56422509765625,2.4085236154973506,1.4275729888759552,9.371742917719482
1778595658095217000,62.574216796875,0.8156229940377175,2.403381284172833,8.31005652025938
1778595658105208000,62.5842080078125,-0.16029358393922447,3.6686391201540824,7.607510308694839
1778595658115200000,62.59419995117187,-1.2471477404035627,4.232207361400127,6.3413049627304074
1778595658125192200,62.60419213867188,-2.4512919131219384,4.3242122758805746,5.105999197420478
1778595658135184100,62.61418408203125,-4.187870207023621,4.718808390560746,3.3173101925313473
1778595658145175300,62.62417529296875,-6.838496944010258,4.868947514101863,0.4669096557408571
1778595658155167000,62.6341669921875,-10.409732797771692,3.9302714102387424,-3.7905730166912077
1778595658165159000,62.644158935546876,-13.385213420170544,2.4462808069616555,-7.976828774255513
1778595658175150000,62.654150146484376,-13.833445847970246,3.112196785265207,-8.712896731671691
1778595658185142000,62.66414208984375,-10.572678795915841,4.867370474043488,-8.667028129944205
1778595658195134200,62.67413427734375,-6.683018797528743,5.795325861927867,-9.73096669024527
1778595658205126100,62.68412622070313,-2.968594954538345,5.957876138752699,-11.181536669957637
1778595658215117300,62.69411743164063,1.8846271671652792,6.712127403113246,-11.7595364643991
1778595658225109000,62.70410888671875,8.801182333368063,7.4595415149301285,-13.29655898516178
1778595658235101000,62.714100830078124,16.20180930251479,6.720770728296041,-18.531586129033563
1778595658245093000,62.72409301757813,25.394251884138583,2.9974869947627183,-14.442018475329876
1778595658255084000,62.734083984375,28.32891885011196,-2.593561618462205,-10.654302601635456
1778595658265076200,62.744076171875,20.513360834264756,-4.5789933848962185,-12.26853228071928
1778595658275068200,62.754068115234375,10.419170488202571,-4.012227224391698,-10.921619659358262
1778595658285060000,62.76406005859375,4.196444850884378,-2.4623250560507177,-7.056331885683536
1778595658295051000,62.77405102539063,1.8133339090630411,-0.3564969779103994,-1.0884195060849189
1778595658305040100,62.7840400390625,-0.9781766318634152,0.49043870762735603,3.209322696021199
1778595658315032300,62.7940322265625,-3.1451264104425904,0.29248335542231796,5.569288324576616
1778595658325024000,62.80402392578125,-3.6854897171899674,0.21348726785779,6.050328212478757
1778595658335015400,62.814015380859374,-3.015645459526777,-0.1894049660027027,6.7594187311202285
1778595658345007000,62.824007080078125,-2.550567403127253,-0.4919041040048003,10.012925436782837
1778595658354999300,62.83399926757812,-3.391619583584368,-0.9838526316732168,11.036460675024985
1778595658364990200,62.843990234375,-3.288905059041083,-1.72900025986284,10.908036539685726
1778595658374982100,62.85398217773437,-2.778245108900964,-2.1564234161287543,12.124827574139832
1778595658384974300,62.86397436523438,-2.420679040454328,-2.288058622469008,13.024934001111983
1778595658394966000,62.87396606445313,-2.918985997238755,-2.0200725794434544,12.489500259721279
1778595658404957200,62.88395727539063,-4.179135111904144,-1.8231725815102457,11.741396412074565
1778595658414949000,62.89394921875,-4.993668703269958,-1.253121700246632,11.327923162966966
1778595658424941300,62.90394140625,-5.295805729961395,-0.7059278168268501,10.922978088229893
1778595658434933200,62.91393334960937,-5.740546808513999,-0.4006738271586597,10.364510677254199
1778595658444924200,62.92392407226563,-6.3203405006349085,-0.5710325857773423,9.128495886892079
1778595658454916400,62.933916259765624,-6.325425841075182,-0.07601867918893694,7.941001089549064
1778595658464908000,62.943907958984376,-6.030670156806707,1.8426297077827154,7.910315443906187
1778595658474900200,62.95390014648437,-4.274663524335622,3.8158909978210924,7.578572968024015
1778595658484891100,62.96389111328125,-0.7267736209787428,4.0373248407691715,6.049792205905914
1778595658494883300,62.97388330078125,3.1342014040634036,1.8210956291057168,3.415978656554222
1778595658504875300,62.98387524414063,3.5602170316189525,2.260589746915549,2.9544150380164385
1778595658514866200,62.9938662109375,-0.09805588508248328,3.254109347730875,2.542318337959051
1778595658524858000,63.00385815429688,-0.5955787057518959,3.0245290232062336,-0.15657178693711757
1778595658534850000,63.01385009765625,1.6383634188652039,5.549576492890715,-3.793317346963286
1778595658544842200,63.02384228515625,-0.19731851560622451,3.5937890463531015,-8.195583168861269
1778595658554833200,63.033833251953126,0.8953073561273515,1.5680793378055096,-9.927990899080038
1778595658564825300,63.04382543945312,0.42372327883467076,1.2586319881007075,-12.213070505738258
1778595658574817300,63.0538173828125,-0.041522535347193475,0.5756964859351515,-14.575322199404239
1778595658584809200,63.06380932617188,1.0770968786902726,0.31224589438214895,-15.856159297311304
1778595658594800000,63.073800048828126,0.33711744691878553,-1.322989747851342,-17.191134812641142
1778595658604792000,63.0837919921875,-0.7939557905003428,-2.8298896636813877,-17.936559211945532
1778595658614784300,63.0937841796875,-1.4452242347702384,-3.5701767000973224,-16.611583697104454
1778595658624776200,63.10377612304688,-1.5045032299518584,-3.3458775308459994,-13.11793143376112
1778595658634767400,63.11376733398438,-0.3083037326276302,-2.0138722634986044,-9.041180591532587
1778595658644759300,63.12375927734375,1.3699766860842704,-0.8551243988208472,-5.295559646245837
1778595658654751200,63.133751220703125,1.801550093897432,-1.1706731341406702,-3.8664614936292168
1778595658664742100,63.1437421875,4.2046833946585656,-2.264984767004102,-2.4468325956255197
1778595658674734000,63.15373413085938,7.949116591465473,-2.5677181521534918,-0.3262035464555025
1778595658684726300,63.16372631835937,10.614558620268106,-2.8361718126907944,2.1610762103706596
1778595658694718200,63.17371826171875,9.791848736709357,-2.669573137257993,4.197947948923707
1778595658704709400,63.18370947265625,8.63619167765379,-2.2998859845153987,5.1588610190361734
1778595658714701000,63.193701171875,5.827650506949424,-0.7492518486380577,6.31278380164504
1778595658724693200,63.203693359375,2.117729674466699,0.7718817597277462,7.033315751755238
1778595658734684200,63.21368408203125,-2.21167300966382,2.764595645993948,8.048239228996634
1778595658744676000,63.223676025390624,-5.481240623289346,4.6356449541836975,10.138605826371908
1778595658754668300,63.23366821289063,-3.923818288576603,4.635492978492379,12.75100950794816
1778595658764660200,63.24366015625,-0.8204596204139292,4.400940710774064,13.997330588269232
1778595658774651400,63.2536513671875,0.8029482213817536,2.3417357059903443,13.184702538263798
1778595658784643000,63.26364306640625,1.0776594810090958,0.3727537007063627,11.710769803142547
1778595658794635300,63.27363525390625,0.4707306753337383,-0.039428339546918864,10.689080485028027
1778595658804627200,63.28362719726562,-0.8792132765471935,0.8959718113854527,10.022233363354205
1778595658814618000,63.2936181640625,-2.6048715325057503,1.985193719894439,8.528740772238374
1778595658824610300,63.3036103515625,-3.704545423054695,2.3617051656991244,6.843554811921716
1778595658834602200,63.31360229492188,-3.872173733796179,2.001009274794161,5.537421360194683
1778595658844593400,63.32359350585938,-3.6143782453954216,1.7269931578241287,4.796517653185129
1778595658854585000,63.33358520507812,-3.8240909631505606,1.5952619437634945,4.207165274602175
1778595658864577300,63.343577392578126,-3.844181857281923,1.6993717220574616,4.093690871113538
1778595658874569200,63.3535693359375,-3.7469913568571207,1.9308127258874475,3.408461120530963
1778595658884560400,63.36356030273438,-3.6652506467595694,2.2849515963643787,-0.22277707425057885
1778595658894552300,63.37355224609375,-4.759340599696338,2.4296865227743982,-6.376856753104925
1778595658904544000,63.3835439453125,-7.039448555421829,2.585345871041715,-11.524737528443335
1778595658914535200,63.39353515625,-6.980564989298582,4.416284994900226,-15.479578731793165
1778595658924527000,63.40352709960938,-7.238976856032013,4.102838054165244,-21.1936671569705
1778595658934519300,63.413519287109374,-4.801913667009771,2.3150310928076503,-21.335362277293203
1778595658944511200,63.42351123046875,-0.6743667035236954,1.9024523083217442,-18.729215318024156
1778595658954502400,63.43350244140625,2.469573419743776,2.8619904368191955,-14.612690683811902
1778595658964494300,63.44349438476563,5.9391106480062,5.929761220380663,-8.123052770179509
1778595658974486000,63.45348608398437,8.115849122411012,8.63546044076979,-1.915792120757699
1778595658984477200,63.46347729492187,10.327349113595485,8.978336889606714,-0.6493810230880975
1778595658994469000,63.47346923828125,16.538887878727913,1.6714792142644523,-4.480318783393502
1778595659004461300,63.48346142578125,20.570873112034796,-2.139596784490347,-2.667346401119232
1778595659014453200,63.493453369140624,17.8670198117733,-2.1963146970123053,-1.2423498386025429
1778595659024444400,63.5034443359375,12.957466146516799,-2.1555483868598935,0.516571220010519
1778595659034436400,63.513436279296876,7.597110495233535,-2.118489699053764,1.8787550602614878
1778595659044428000,63.52342797851563,2.962171935753524,-1.9403689281314611,3.3031758687168358
1778595659054420200,63.533420166015624,-0.16974194189459085,-2.481412910619378,4.182940349406004
1778595659064411100,63.5434111328125,-0.7949342801436782,-3.019735943710804,5.3918035134702915
1778595659074403300,63.5534033203125,-0.5799491749435662,-2.848576828494668,7.331410809579491
1778595659084395300,63.56339526367187,-0.6159381876915693,-3.494142969469726,8.326241931384802
1778595659094386400,63.57338647460937,-0.6761658619001507,-4.307046037024259,8.486945119038223
1778595659104378000,63.58337817382812,-1.2661588764742016,-4.509948490242659,8.746919997304678
1778595659114370300,63.59337036132813,-2.513690209367871,-3.7454920582100746,9.08923764321506
1778595659124362200,63.6033623046875,-4.040700454682112,-2.917985880285501,9.398076213371754
1778595659134353200,63.61335327148438,-5.953412729603052,-2.619432849560678,9.149039493227004
1778595659144345300,63.623345458984375,-7.320529934602975,-2.2486950187213717,8.955046030390262
1778595659154337300,63.633337158203126,-8.188092520844936,-1.2804711872041226,9.307585795107483
1778595659164328400,63.643328369140626,-8.791298068213463,-0.49743938016965983,9.734650347194075
1778595659174320000,63.65332006835938,-8.860821101772785,0.3278833162359893,9.879327113676071
1778595659184312300,63.663312255859374,-8.382425006377696,1.1584975431784987,9.398207146275043
1778595659194304300,63.67330419921875,-7.2521361973345275,2.5125872165620327,8.260254670736193
1778595659204295200,63.683295166015625,-5.419219343662261,6.129907360628247,5.864383616062998
1778595659214287400,63.69328735351562,-2.7684733642101285,6.828674638175964,-0.14048749809861183
1778595659224279000,63.70327905273437,2.568445005123317,2.53021698127687,-4.105134056147933
1778595659234270200,63.71327026367187,3.943777080760896,-0.14483721774071454,-6.515278550845384
1778595659244262100,63.72326220703125,2.4311200627088545,2.001837542311847,-5.915317684486508
1778595659254254300,63.73325439453125,3.979541929364204,7.68093502586782,-8.231795468971132
1778595659264245200,63.74324536132813,2.1475985968992113,0.11468377927839755,-11.062605170106886
1778595659274237200,63.7532373046875,2.718462548111379,-2.6315561258137223,-9.753124746039509
1778595659284229400,63.7632294921875,1.9389955939516423,1.8786266115762291,-11.727321124970912
1778595659294221000,63.77322094726563,-2.1467361348509786,3.017678134398162,-14.408649289691448
1778595659304211500,63.78321142578125,-5.475353318816423,0.4920987497940659,-16.94784978789091
1778595659314203100,63.793203125,-5.196567941617966,-2.8955706348598,-17.956103285849093
1778595659324195300,63.8031953125,-3.885452902086079,-4.541401028604805,-16.191656157290936
1778595659334186200,63.81318627929687,-2.8538287576735017,-4.804290625274181,-13.21367728833556
1778595659344178400,63.823178466796875,-0.7172200490832329,-4.2774405878335235,-9.629036594077943
1778595659354170400,63.83317041015625,1.158978312432766,-3.712221949031949,-5.979528583112359
1778595659364162600,63.84316259765625,1.0545642904952168,-2.9697675054490564,-2.087904006654024
1778595659374153500,63.85315356445312,1.8976164125978945,-3.6148762580454346,-0.8512567636072635
1778595659384145200,63.863145263671875,3.7792975894391536,-4.490926686647534,-0.1687351029396057
1778595659394137300,63.87313745117188,5.756158803665637,-4.297400841322541,1.4739350732088088
1778595659404128300,63.883128173828126,8.42934340941906,-4.175159778532386,2.667793560364842
1778595659414120400,63.89312036132812,11.102993294596672,-4.584143315005302,4.710130578586459
1778595659424112400,63.9031123046875,10.277231037729978,-4.1711797689855095,5.051256384363771
1778595659434104300,63.91310424804688,6.437906557351351,-2.6882033111870287,6.234924901416897
1778595659444095500,63.92309545898438,0.940581206832081,-0.9614914545223117,7.176664484503865
1778595659454087200,63.93308715820312,-2.215714394009113,1.7632025353245435,9.117728993684054
1778595659464079400,63.943079345703126,-3.1017116316080093,3.6349054851174354,11.801579954880475
1778595659474070300,63.9530703125,-0.14625921336784958,3.5079110903203485,13.643383879363537
1778595659484062500,63.9630625,1.668091033130884,2.14097157997489,14.238999994516371
1778595659494054400,63.97305444335937,0.189311150239408,0.38001740809902546,12.32942309501171
1778595659504045300,63.98304541015625,-1.8328230379089712,-0.6437343955032527,11.081712021636962
1778595659514037200,63.993037353515625,-3.6247406494557857,-0.21881460036039352,10.236994888931513
1778595659524029200,64.003029296875,-5.383226823782921,1.2139337453268468,8.59952403499186
1778595659534021400,64.013021484375,-6.177313839447498,2.4246882760956883,7.014532725352049
1778595659544012300,64.02301220703124,-6.126241823858022,2.8794787472367287,5.40098167618215
1778595659554004500,64.03300439453125,-5.237349449339509,3.1297587454408404,4.414260211074352
1778595659563996400,64.04299633789063,-4.38001219677478,3.1188088968813417,3.579903728863597
1778595659573987300,64.0529873046875,-3.424444871604442,3.213286631216109,2.64618261705935
1778595659583979300,64.06297924804687,-2.802675201280415,3.7687212503671645,-0.20098785176873205
1778595659593971200,64.07297119140625,-3.800682615034282,3.8809646507561206,-5.78493247820735
1778595659603962400,64.08296240234375,-3.631382279427349,3.17136852068007,-10.058548539316654
1778595659613954300,64.09295434570312,-1.1892802194550633,2.8225337479606267,-11.381543693995475
1778595659623946500,64.10294653320312,-0.6190747321516274,2.7845000776425004,-15.82289883274436
1778595659633938400,64.1129384765625,-0.8927139786332845,0.18995280914381146,-18.17554916985035
1778595659643929300,64.12292944335937,-0.04883505031764507,-0.12868848536387084,-15.496626897227763
1778595659653921300,64.13292138671875,0.3783864458963275,1.2404551108971238,-12.166505153918266
1778595659663913200,64.14291333007813,1.4189590359181166,1.8559835487440228,-8.672995513916016
1778595659673904400,64.152904296875,3.0887533658355473,2.5716829641312358,-5.077805953115225
1778595659683896300,64.16289624023437,4.996242937672138,3.604293489232659,-2.0366805998951194
1778595659693888500,64.17288842773438,6.5365042942255736,4.163846941879392,-0.875413299742341
1778595659703879400,64.18287939453126,8.600186882814764,1.9800272770419716,-1.1302373711168765
1778595659713871400,64.19287133789062,10.162918429851532,-1.5499930614948272,-2.63868437025845
1778595659723863300,64.20286328125,12.108934423959255,-2.456669514507055,-1.4549100547432898
1778595659733855200,64.21285522460937,11.605253080660104,-1.4609107564628123,1.37057406745553
1778595659743846400,64.22284643554687,7.492427885487675,-2.7568109834671017,0.9800023859858512
1778595659753838300,64.23283837890625,3.1618484126627444,-3.552694527159631,1.559635334587097
1778595659763830500,64.24283056640625,0.7644675379484891,-3.7515409829854964,2.6907290302723643
1778595659773821400,64.25282153320312,-1.2184753342792392,-4.452766759601235,3.31825594894886
1778595659783813000,64.26281323242188,-3.1231659230470656,-4.306943453432619,4.989832486107945
1778595659793805300,64.27280541992188,-4.3280923321843146,-4.695377538351714,6.1201733175992965
1778595659803796200,64.28279614257812,-4.962549342384934,-5.342264114275574,6.32143764822185
1778595659813788400,64.29278833007812,-5.530997464627027,-5.667182881617546,6.129306472125649
1778595659823780400,64.3027802734375,-5.814911436885595,-5.856944405972957,6.135481361368298
1778595659833772500,64.3127724609375,-5.932195169529319,-5.789822588336468,6.498204666447639
1778595659843763500,64.32276342773437,-6.095539811602235,-5.1791351607799525,7.148453704541922
1778595659853755100,64.33275512695313,-6.313659415435791,-3.982311686338484,7.905762602907418
1778595659863747300,64.34274731445312,-6.8581333723723885,-2.720872239601612,8.514438690641521
1778595659873738200,64.35273828125,-7.7039564204931255,-1.7747794297412036,8.4945807284832
1778595659883730400,64.36273046875,-8.290969542473555,-0.9122809950210153,7.868853552705049
1778595659893722400,64.37272241210937,-8.378543781030178,0.09724909874424338,7.11055915043354
1778595659903713500,64.38271362304687,-7.779562573358416,1.057469364286959,5.9619718836337325
1778595659913705500,64.39270556640625,-5.859527992725372,3.880167070637643,4.42405445985794
1778595659923697400,64.40269750976563,-5.256980032482743,4.18362862393111,1.2148767252653836
1778595659933688300,64.41268823242187,-0.0635886750742793,0.4034554207012057,-1.7934674713373182
1778595659943680300,64.42268017578125,2.781352427266538,3.779958683696389,-7.731179942983388
1778595659953672400,64.43267236328126,1.6241881785184145,2.2473592400729654,-11.09695167634487
1778595659963664400,64.44266430664062,1.4695739553898572,1.237950142338872,-12.018826867532729
1778595659973655600,64.45265551757812,0.6795628108620643,-3.75928326767534,-15.015883361923693
1778595659983647200,64.46264721679688,1.576998849581182,-3.9318817680448293,-15.75553268495798
1778595659993639400,64.47263940429687,-3.23347280241549,-1.2736236593969166,-17.808266009509563
1778595660003630300,64.48263037109375,-6.596501959070563,-1.9494184960275887,-18.341244758963583
1778595660013622300,64.49262231445313,-6.159363172215223,-2.8264626118421554,-16.904350837904214
1778595660023614500,64.50261450195312,-5.2670764790833,-2.9372552289009093,-15.15196005784273
1778595660033605400,64.51260546875,-3.5083456823453307,-3.168972857715189,-13.599773870217799
1778595660043597600,64.52259765625,0.483208171851933,-3.5790216853320596,-11.298595361673831
1778595660053589200,64.53258935546874,2.9294486468032,-3.3486952186152337,-7.396487385123968
1778595660063580200,64.542580078125,3.7471392408952116,-2.6185177805423736,-4.227382717722654
1778595660073572400,64.552572265625,5.543819536799192,-2.845933620509505,-2.711649653226137
1778595660083564300,64.56256420898437,9.012283582872152,-3.2546751649200916,-0.9639572601139544
1778595660093556500,64.57255639648437,13.422208979612588,-3.301692936682701,2.105058555072546
1778595660103547400,64.58254736328125,14.171684115612505,-1.5890508141636848,5.3835021335929625
1778595660113539600,64.59253955078125,14.592057061105965,0.1308747433617711,7.915061761650443
1778595660123531300,64.60253125,10.598948378682136,0.8969692979902029,6.86676500711739
1778595660133522200,64.61252221679688,4.462938317264617,1.7950263912171125,6.280923267003893
1778595660143514400,64.62251440429688,-1.0946119309842586,2.9191087468355894,7.214553777915239
1778595660153506300,64.63250634765625,-4.901464759086072,2.52478852648735,8.305378007054328
1778595660163497500,64.64249755859375,-7.110398406913876,0.9016548254579305,8.542624920684098
1778595660173489400,64.65248950195313,-6.2555766443014145,-1.3834627751231192,8.95262494072318
1778595660183481300,64.6624814453125,-4.8669937496855855,-2.1121596192494034,9.58361222898662
1778595660193472500,64.67247241210937,-5.108050284731388,-1.535146205496788,9.69000924143493
1778595660203464200,64.68246411132813,-5.909814410895109,-0.5975304243415593,9.942771119582652
1778595660213456400,64.69245629882812,-6.6071069397151465,0.2405173136025667,9.781719556882978
1778595660223447300,64.702447265625,-6.979366719424724,0.9700205056756734,9.110589058801532
1778595660233439500,64.712439453125,-6.724376059311628,1.0205977234855295,8.068898570665716
1778595660243431400,64.72243139648438,-5.850955394691229,0.28746728082597256,6.710890554794669
1778595660253422300,64.73242236328124,-5.044639012050628,-0.10931319215595721,5.583376471161842
1778595660263414300,64.74241430664063,-4.818826515626907,-0.22236381727457044,4.00856870188415
1778595660273406200,64.75240625,-5.245462028646469,-0.20436726507395506,1.664848105686903
1778595660283398400,64.7623984375,-6.741039609342813,0.17663199366927146,-3.719347855389118
1778595660293389300,64.77238940429687,-6.602670418572425,0.025846096657216548,-12.491157963800429
1778595660303381800,64.7823818359375,-5.5234337513744824,0.3461275595873594,-16.148230857062337
1778595660313373400,64.79237353515624,-6.020325872924923,2.5242528121754524,-16.297452281236648
1778595660323364600,64.80236450195312,-5.341230095052719,1.4774720151633023,-18.49564972325563
1778595660333356500,64.8123564453125,-3.2125349360659716,0.14876345127373933,-15.918566361385583
1778595660343348500,64.82234838867187,-0.6574541471675038,0.72055445420295,-12.376163803398608
1778595660353339600,64.83233959960937,1.302850192272663,1.7524749512135982,-9.29727892062664
1778595660363331600,64.84233154296875,2.8748388124763964,3.140658325117826,-6.158418584841489
1778595660373323800,64.85232373046875,5.383813683760166,3.0296283921718596,-4.122638148656487
1778595660383314700,64.86231469726563,9.96852866117358,0.0018999884024262427,-7.003426224926113
1778595660393306400,64.87230639648438,14.782432333445549,-1.637592726753652,-7.441822318366169
1778595660403298600,64.88229858398438,16.07055257409811,-2.4907383728474377,-5.072992999875545
1778595660413289500,64.89228955078126,13.442453310739992,-3.034528439173102,-3.4798750824034212
1778595660423281700,64.90228173828125,10.187132833653688,-3.2414412970766424,-1.227612288197875
1778595660433273600,64.91227368164063,7.1523021966636176,-3.030625001993775,1.3565519718438386
1778595660443264500,64.92226440429687,3.832757669208944,-2.7489558860525487,2.9049188934415575
1778595660453256700,64.93225659179687,0.7353890352413058,-2.2660449435815213,4.40566598573029
1778595660463248400,64.94224829101563,-0.6731856770455836,-2.0712536083653568,5.892369939619303
1778595660473239600,64.95223950195313,-1.4922534047096967,-2.6710589919015764,6.619849516910314
1778595660483231500,64.9622314453125,-1.1880156063467264,-3.4494168157756326,6.74723787946105
1778595660493223700,64.9722236328125,-0.8861950982585549,-4.332322517099977,6.761027919882536
1778595660503214600,64.98221459960938,-0.8618483002483844,-4.384076669734716,7.0171192347139115
1778595660513206800,64.99220678710938,-1.2678119043782352,-4.597810605829954,7.101798920872807
1778595660523198700,65.00219873046875,-2.6521546772062776,-4.894869598604738,6.559235181471705
1778595660533190400,65.0121904296875,-4.272116470201313,-4.283206896275281,5.930502394136786
1778595660543181600,65.022181640625,-5.497352384656668,-2.909910710379481,5.889343869796395
1778595660553173500,65.03217358398437,-6.350160469359159,-1.527745866112411,6.467377566507459
1778595660563165700,65.04216577148438,-7.408112356466054,-0.4330351509287953,7.190263970789313
1778595660573156600,65.05215649414062,-7.928968706449866,-0.29618484028875824,7.628376571112871
1778595660583148800,65.06214868164062,-7.615712319850921,0.009890987156331538,7.728385928350686
1778595660593140500,65.07214038085938,-7.268246789658069,0.745006466153264,8.084475494503975
1778595660603131600,65.08213159179688,-6.651456953573226,0.7415338216066361,7.834895169001817
1778595660613123600,65.09212353515625,-5.424174920243025,0.5225809818193317,6.932780909338593
1778595660623115500,65.10211547851563,-3.261443928402662,-0.24702771840989587,6.881533537182212
1778595660633106700,65.11210668945313,-2.8989295898988843,-1.0778785305872558,6.762096425896883
1778595660643098600,65.1220986328125,-5.493288788479566,-1.6897911160245538,4.962796595144272
1778595660653090800,65.1320908203125,-4.530229646249115,0.3030550183191895,2.1152029324680566
1778595660663081700,65.14208178710938,-1.0971274209365247,3.0331141884610053,-2.9626971286714077
1778595660673073400,65.15207348632812,-1.3205945232778786,0.9463464923605323,-8.760690163981915
1778595660683065600,65.16206567382812,0.02306961768120527,0.29990736794322725,-13.28635790914297
1778595660693056500,65.17205639648438,-1.064450309215486,-6.198923613709211,-17.312427780926228
1778595660703048700,65.18204858398437,0.5174605700656771,-6.569415799224377,-16.996756734400986
1778595660713040600,65.19204052734375,-1.5840829626232384,-4.48601027303338,-20.56271786262989
1778595660723031600,65.20203149414063,-3.0188880947098133,-4.861844404098391,-22.010396212553978
1778595660733023700,65.21202368164063,-1.510917773169279,-5.461120795324445,-19.882016403126716
1778595660743015400,65.22201538085938,-0.11183335828334093,-4.682317858031392,-16.0422944478631
1778595660753006600,65.23200659179687,-1.1607105430528522,-2.649083891458809,-11.146457173269987
1778595660762998500,65.24199853515626,0.23076778074353932,-2.113885420128703,-9.504342877438663
1778595660772990700,65.25199072265625,6.685417675364017,-3.326697029557824,-8.862163164031506
1778595660782981600,65.26198168945312,10.741272444558144,-4.048866225481033,-5.0776954784780735
1778595660792973600,65.2719736328125,7.60495360994935,-2.3097357628785073,-3.01151873498559
1778595660802965800,65.2819658203125,5.532473966920375,-0.7735368334583937,-1.47199329149127
1778595660812956700,65.29195678710937,6.883715557396411,-0.043755555096268654,0.20087036286890506
1778595660822948600,65.30194848632813,4.746289979465305,1.783204728259146,1.0858201372414826
1778595660832940500,65.3119404296875,2.614489840200543,2.03671684025228,1.144453527995944
1778595660842931500,65.32193139648437,2.10881819986701,-0.8284136481583118,3.0540602381169792
1778595660852923600,65.33192358398438,1.1978481413140891,-1.8736936852186916,4.919239777490496
1778595660862915600,65.34191552734374,1.2106453713059424,-2.0756176487937568,5.775213048225641
1778595660872906800,65.35190673828124,0.970957494264841,-2.255888875748217,5.4723196502089495
1778595660882898700,65.36189868164062,0.9077475893750786,-0.809945971314609,6.413141533929109
1778595660892890600,65.371890625,1.3774033289536833,-0.43290100315511226,7.689103719276189
1778595660902881500,65.38188159179687,2.101625365753472,-0.35281975070238114,9.425679675090313
1778595660912873500,65.39187353515625,2.2718729190826417,-0.6001736323267222,10.619704750984907
1778595660922865700,65.40186572265625,0.22599369820952414,-1.2437100210398435,10.46690020762682
1778595660932856600,65.41185668945313,-2.4236478271320463,-1.5598282268106936,10.209539895772933
1778595660942848800,65.42184887695312,-4.090952386060357,-1.484684430760145,9.292619696643948
1778595660952840400,65.43184033203126,-4.694663252602517,-1.198370703883469,8.531756905189155
1778595660962831600,65.44183154296876,-4.898036245942116,-1.0057850620180369,7.705721676599979
1778595660972823600,65.45182348632812,-4.5553567809820175,-0.9321613151416182,7.06661888642013
1778595660982815500,65.4618154296875,-4.175157148183882,-0.5702499109670519,7.039799853077531
1778595660992806700,65.471806640625,-3.699854342629015,0.36605800246000286,6.205041804328561
1778595661002798600,65.48179858398437,-3.294346957834065,1.2769932819604872,3.842486159279942
1778595661012790800,65.49179077148438,-3.79018693998307,1.5126549722254274,-0.7317495096951723
1778595661022781700,65.50178173828125,-5.673811359846591,0.5435796384453773,-7.789975246301293
1778595661032773400,65.5117734375,-6.759123547565936,-0.0004933364748954773,-11.38356613973379
1778595661042765600,65.521765625,-7.490249372404813,1.6639160855337976,-13.633288017284869
1778595661052756500,65.53175659179688,-9.179552704912423,1.9584303622618315,-17.0684623726964
1778595661062748700,65.54174877929688,-8.052806098520755,0.5846025537073611,-17.0864001804471
1778595661072740600,65.55174072265625,-5.433657034337521,0.2728133170515299,-15.125600458705424
1778595661082731500,65.5617314453125,-2.945556316517293,0.8704057007133961,-12.417272058856486
1778595661092723700,65.5717236328125,-0.06726444097757339,1.51030051805377,-9.75092285208106
1778595661102715400,65.58171533203125,2.3310233194485304,2.588299460150301,-6.65146922853291
1778595661112706600,65.59170654296875,4.7437058081910015,3.413765072157979,-4.375960583296418
1778595661122698500,65.60169848632812,9.41363618607521,-0.6033282969653606,-8.943872309947013
1778595661132690700,65.61169067382812,14.520953480356932,-3.9374212819933887,-12.602111908900737
1778595661142681600,65.621681640625,19.348474174571034,-4.54219305576533,-6.854720349058509
1778595661152673800,65.631673828125,17.615682413470743,-4.452434166646004,-4.195730857396126
1778595661162665700,65.64166577148437,11.915597963726519,-3.7820366590142247,-3.137937960243225
1778595661172656600,65.65165673828125,6.1912546865165226,-4.057573555810749,-2.135177799004316
1778595661182648600,65.66164868164063,2.8513021618053314,-4.212770839524269,0.3037380321472883
1778595661192640500,65.671640625,1.5843907133981585,-3.832697463454306,4.426482563787698
1778595661202631700,65.68163159179687,1.1325859800696372,-3.1774247519791126,7.958739575335383
1778595661212623600,65.69162353515625,0.98189769821316,-3.0155677181154488,9.722097739613055
1778595661222615800,65.70161572265626,0.8643141058400273,-3.397992041225731,10.365921713095902
1778595661232606700,65.71160668945312,0.5465931410476565,-3.46282253305465,10.126970333635807
1778595661242598700,65.7215986328125,-0.19041501982808112,-3.5394390320062636,10.009088635098934
1778595661252590600,65.73159057617187,-0.8348141628503799,-3.3676161921843883,10.015798946392536
1778595661262581500,65.74158154296875,-2.2945441850960253,-2.907540181855857,9.950248323595524
1778595661272573700,65.75157373046875,-4.619552189777791,-2.3590540666684507,9.460476263183354
1778595661282565600,65.76156567382813,-5.978455985444784,-1.8720427031412719,8.78977363512516
1778595661292556500,65.771556640625,-6.766495537638664,-1.6069892064362763,8.625194482821225
1778595661302548700,65.781548828125,-7.429660171407461,-1.0300570412263275,8.738723831367492
1778595661312539400,65.79153930664063,-7.8379066257774825,-0.5664870513021946,8.67947669262886
1778595661322531300,65.80153125,-7.155500115922093,0.14732523516416549,8.47647165581882
1778595661332523300,65.81152319335938,-6.0144765623748295,1.0296259563326835,8.174560254576802
1778595661342514200,65.82151416015626,-4.377965201117098,1.7980618133902548,7.513879254317283
1778595661352506000,65.83150610351562,-1.678415735529363,0.5564464265421033,5.760626304468512
1778595661362498300,65.84149829101563,0.3330906756207347,-1.6784619127586482,4.266918609297275
1778595661372489200,65.8514892578125,-1.042933766195178,-2.0756106345310807,3.8231583584755655
1778595661382481400,65.8614814453125,-1.2424547602817415,-1.2071724344983696,0.9805442377775907
1778595661392473300,65.87147338867187,1.3107216563001274,2.78354058496058,-2.3097177888303992
1778595661402464300,65.88146435546875,-0.3249970932751894,2.302805525223911,-5.583254890608787
1778595661412456200,65.89145629882813,1.7592402075648306,1.980427674536407,-9.247890328079462
1778595661422448000,65.9014482421875,-1.463333891956508,-0.6187739956393837,-15.795143395334481
1778595661432439300,65.91143920898438,-3.876432268023491,-3.447530271376669,-19.541300931715963
1778595661442431200,65.92143115234374,-4.0444615607813,-2.5648317830622194,-21.24846257699728
1778595661452423400,65.93142333984375,-5.50490090034008,-3.237929489563405,-23.671747708296774
1778595661462414300,65.94141430664062,-5.305152819499373,-4.6454871337622405,-22.460777342820165
1778595661472406300,65.95140625,-3.8552459798708556,-4.991223648205399,-18.524834901207683
1778595661482398200,65.96139819335937,0.6516539364561438,-2.593363173280656,-12.931239818370342
1778595661492389000,65.97138916015625,3.2202266596123574,-1.0351654702812432,-8.139142904236913
1778595661502381300,65.98138134765625,3.173523652887344,-0.9095487935781479,-6.051568567928672
1778595661512373200,65.99137329101562,3.744905490493774,-1.7230094950154422,-5.5723459585815664
1778595661522364400,66.00136450195312,6.062555825889111,-3.072694795960188,-5.337635869953036
1778595661532356400,66.0113564453125,7.804605244678259,-3.5937574821710583,-3.912041926065087
1778595661542348300,66.02134838867188,6.107289286106824,-2.889429647886753,-1.4534095870524644
1778595661552339200,66.03133911132812,4.240435091519355,-1.6656377947598695,0.9486310961663722
1778595661562331100,66.0413310546875,3.794981188522279,-1.6925389534279702,1.8122353001713751
1778595661572323300,66.0513232421875,3.3245822293609377,-1.9611133177354931,3.110238052412867
1778595661582314200,66.06131420898437,0.7741209169566631,-1.2213804080709814,4.4453684660434725
1778595661592306400,66.07130639648437,-1.5984386741034686,-1.3531281348749995,5.463247870481014
1778595661602297300,66.08129736328125,-3.165627054418623,-1.1078814546629785,7.293947048103809
1778595661612289300,66.09128930664062,-2.916399487876892,-0.9466603806152939,9.03496420123577
1778595661622281200,66.10128125,-1.0648910387203097,-1.4310039862379431,10.30139867978096
1778595661632272100,66.11127221679688,0.3139724259138107,-1.756440055452287,11.145226170170307
1778595661642264300,66.12126440429688,1.1428463850602506,-1.7339882774084805,11.63392855552435
1778595661652256300,66.13125634765625,1.4645429754853247,-1.1560463506340979,12.024231356924771
1778595661662247200,66.1412470703125,1.1082055720508097,-0.7710907554805279,11.19022032715082
1778595661672239400,66.1512392578125,0.08503361416310072,-1.0165215600878,9.75138988507092
1778595661682231300,66.16123120117187,-0.833702402216196,-0.8402437866836786,8.743265566450358
1778595661692222500,66.17122241210937,-1.4976044103488326,-0.23605858062803745,7.578966935777664
1778595661702214100,66.18121411132813,-2.1117178668312726,0.46593847262114285,6.682797263732552
1778595661712206300,66.19120629882812,-2.7380536760270595,1.4659513809785245,6.200728617304563
1778595661722197200,66.201197265625,-3.0245240547701715,1.7114882763087749,5.279008324417472
1778595661732189200,66.21118920898438,-2.7837521818846462,2.029365016184747,3.9238632967621085
1778595661742180400,66.22118041992188,-2.217612190454453,2.7093659262031315,1.3737959521114826
1778595661752172300,66.23117236328125,-3.4669293838515878,2.8201573742181063,-4.175239858031273
1778595661762164500,66.24116455078125,-6.770819830578565,1.7304633181527256,-10.70142324925065
1778595661772155400,66.2511552734375,-7.968876938468218,1.1648758460387587,-12.696153297644853
1778595661782147000,66.26114697265625,-7.366537652540207,2.27104552834779,-14.706194312417507
1778595661792139300,66.27113916015625,-6.95225717870295,2.0993442690789696,-17.02150188407898
1778595661802130200,66.28113012695313,-5.360287262222171,0.6936988882422447,-15.870726751846075
1778595661812122400,66.29112231445312,-3.4506481111362572,0.6651411945387721,-14.230882154512404
1778595661822114300,66.3011142578125,-0.9955822324335575,1.0101084781751035,-11.842878764474392
1778595661832105200,66.31110522460938,1.8128572314620017,1.1781696273759006,-8.825174034330248
1778595661842097400,66.32109741210938,4.107400539775193,1.9623609797090291,-6.183922443932294
1778595661852089000,66.33108911132813,8.78449306437373,-0.09034867170602083,-7.655309586223959
1778595661862080300,66.34108032226563,11.687068609559535,-3.0201240662455557,-11.543339353060722
1778595661872072200,66.351072265625,13.128552196496724,-2.782842665824294,-7.515902284577488
1778595661882063400,66.3610634765625,14.727898779225349,-3.3046775054514406,-4.6773178577870125
1778595661892055300,66.37105517578125,11.479924573248624,-3.2299580722928045,-3.140516870820522
1778595661902047200,66.38104711914062,6.744443864828348,-3.3848096113085746,-2.7566350423783064
1778595661912038400,66.39103833007813,3.823800748032331,-3.322025530615449,-0.5442863254100084
1778595661922030300,66.4010302734375,2.4755256061464546,-3.3154674872741103,3.9258027403920885
1778595661932022300,66.41102221679688,2.069291660642624,-3.2281843406185504,7.731841621762514
1778595661942013200,66.42101318359374,2.020793587194383,-3.2128917866796254,9.860909997975826
1778595661952005400,66.43100537109375,1.8564087884187697,-2.895072914470732,11.989607787311076
1778595661961997300,66.44099731445313,0.9625541153177618,-3.1031504322394725,12.399464014965295
1778595661971988200,66.45098828125,0.07932283530086279,-3.687198859195411,11.51107842092514
1778595661981980400,66.46098046875,-0.8257634259104728,-3.783532158268988,11.576133369159697
1778595661991972000,66.47097216796875,-2.4530416793987153,-3.0370176256403325,11.331978575837612
1778595662001963300,66.48096337890625,-4.345886347550153,-1.8384917311951516,10.627351466345786
1778595662011955200,66.490955078125,-5.486060590791702,-1.0961036308467387,9.363929613620043
1778595662021946000,66.50094604492188,-6.695903998064995,-0.5301946716934443,8.044531606650352
1778595662031938300,66.51093823242188,-7.2388698885262,-0.2392980009406805,7.049739063289761
1778595662041930200,66.52093017578125,-7.6328826503604645,-0.1135465919420123,6.724941291978955
1778595662051921400,66.53092138671875,-7.160102056759595,0.2719260128229856,6.864233442813157
1778595662061913300,66.54091333007813,-5.193362423574924,0.6243064953252673,7.031539974254369
1778595662071905300,66.5509052734375,-3.0231203254520893,0.7903393535688519,6.910902839529514
1778595662081896200,66.56089624023437,-2.4274857978597284,0.7738412232324481,6.450598865664005
1778595662091888000,66.57088818359375,-3.436739997293055,0.1788978927746415,5.241802337095141
1778595662101880300,66.58088037109376,-4.1360988109931345,0.6924938963666558,2.903911177703738
1778595662111871200,66.59087133789062,-2.2968448632538316,2.348152733425796,-0.5258581037938594
1778595662121863400,66.60086352539062,-1.9198422729313371,3.041878801935911,-4.806245266473293
1778595662131854300,66.61085424804688,-1.3124851588413118,1.120279163943231,-8.759226521170138
1778595662141846300,66.62084619140624,-1.2097460843786596,0.5161152929365634,-11.042296541571616
1778595662151838200,66.63083813476563,-2.138525648127496,-1.6946277424007654,-15.66985580445528
1778595662161829000,66.6408291015625,-0.7712558829143643,-1.8037158936291933,-17.657800722754
1778595662171821300,66.6508212890625,-0.9784313372768461,-2.2205945672661063,-19.959491272473333
1778595662181813200,66.66081323242187,-2.1206816561400887,-3.291121858307719,-20.912163752985
1778595662191804200,66.67080419921875,-2.724682737800479,-4.152240675237775,-19.41519384114742
1778595662201796400,66.68079638671875,-1.8545795271649956,-3.8920807957932353,-15.7935780457139
1778595662211788300,66.69078833007812,0.7225751463755965,-2.5227923842340707,-11.513301942193507
1778595662221779500,66.70077954101562,2.5919407392621037,-1.8640742084801196,-7.105566748973727
1778595662231771100,66.71077124023438,2.7279414473354815,-1.8880767230972646,-4.841213704001904
1778595662241762000,66.72076196289062,3.9447067628264425,-3.3621757546961306,-4.446667273682356
1778595662251754200,66.73075415039062,5.242967289221286,-4.419480283810198,-3.235142196932435
1778595662261746200,66.74074609375,5.962809503501654,-4.68723573295027,-2.0652192966371774
1778595662271737300,66.7507373046875,4.236839112854003,-4.842139878936112,-1.1626935335636137
1778595662281729300,66.76072924804687,1.9619265338145195,-5.117574484401941,0.3921931451916694
1778595662291721200,66.77072119140625,-0.6732663410663604,-4.706092409111559,1.9251018008947371
1778595662301712400,66.78071240234375,-2.1808454713322223,-3.7291380125194786,3.4909190389871596
1778595662311704300,66.79070434570312,-2.535783383232355,-2.686208630238473,5.598105838260055
1778595662321696300,66.8006962890625,-2.7229920082345602,-1.9773978053212165,7.349499423977732
1778595662331687400,66.8106875,-1.0463246507424862,-1.666073263567686,8.885379788967967
1778595662341679400,66.82067944335938,1.1811328610956668,-1.0566793829530476,10.290931061780451
1778595662351670300,66.83067016601562,2.5968425398290154,-0.9218170312598347,11.069495514142513
1778595662361662500,66.84066235351563,3.1744518736481666,-0.9941814257249235,11.469160018128155
1778595662371654400,66.850654296875,2.6529145556628704,-1.0017305259302258,11.259335364431141
1778595662381645600,66.8606455078125,1.4594330851256847,-0.13650544272512197,10.451793823909759
1778595662391637200,66.87063720703125,0.9503425762593746,0.8910562745541334,9.687319271698593
1778595662401629400,66.88062939453125,0.6781096894443035,1.182331715491414,8.383720891407132
1778595662411620400,66.89062036132813,0.4569838895320892,0.9233958248838782,6.528284162890911
1778595662421612300,66.9006123046875,0.17126958985328675,1.2603905222058296,5.470686496049165
1778595662431603500,66.910603515625,-0.7529297334332019,1.8369266738355159,4.947565708264708
1778595662441595400,66.92059545898438,-0.7890894265729933,1.7792039681851863,4.643741166877747
1778595662451587300,66.93058740234375,-0.8189116603195666,1.3743512479066848,4.965709267720579
1778595662461578500,66.94057861328125,-1.8315785908058284,1.7086621129721402,5.365965307858586
1778595662471570200,66.95057006835937,-3.5807881104826924,2.541089380685985,4.299376525309682
1778595662481562400,66.96056225585937,-5.436854369074106,2.540774031126499,0.5543775113135576
1778595662491553300,66.97055322265625,-7.865842095929383,1.742035098002851,-4.230623307079076
1778595662501545500,66.98054541015625,-9.611322658210993,0.62756520486027,-10.208458530277014
1778595662511536400,66.99053637695313,-8.953177898430823,1.2711202982738614,-13.872723380869626
1778595662521528300,67.0005283203125,-6.995501861667632,3.250683172674477,-14.920767621946334
1778595662531520300,67.01052026367188,-3.8601863588824865,5.313910710972547,-15.910875222361087
1778595662541511400,67.02051147460938,-0.15786197287812828,6.730684219545125,-15.608687926787137
1778595662551503400,67.03050341796875,3.4087934212252495,8.408853579097986,-15.410762969720363
1778595662561495300,67.04049536132813,10.281040951406956,6.790786513808369,-19.51329765702486
1778595662571486200,67.050486328125,18.380707000780106,-0.28992870250344277,-15.917207932513952
1778595662581478400,67.060478515625,19.724216535699366,-3.738148709709942,-12.503042462861536
1778595662591469300,67.07046923828125,13.936523945128917,-3.8350405194491146,-9.967686949652434
1778595662601461500,67.08046142578125,10.480333689695597,-2.782543975138664,-6.782100518527627
1778595662611453200,67.090453125,8.930872543120383,-2.287231816256046,-3.549906065484881
1778595662621444400,67.1004443359375,5.50581509257555,-2.314172137890756,-0.4515823227494955
1778595662631436300,67.11043627929688,2.6340906127274035,-1.9956278740167617,4.4996483377635474
1778595662641428500,67.12042846679688,1.5642799455225467,-0.9260346489548683,9.537878651815653
1778595662651419400,67.13041943359374,0.9759889125607907,-0.09954203198701142,11.859518933629989
1778595662661411300,67.14041137695312,0.6333972720146179,-0.23418343440592287,12.6897633043468
1778595662671402500,67.15040258789062,1.0975966458834707,-0.5091790639325976,13.590648314476013
1778595662681394400,67.16039453125,1.4819265103541315,-0.6054986267417669,13.764160130298137
1778595662691386400,67.17038647460937,1.0824119362331925,-0.9481105794236063,13.591966995859146
1778595662701377300,67.18037719726563,0.5419496991559862,-1.9222870357349513,13.355163149821758
1778595662711369200,67.190369140625,-1.0126061402097344,-3.082219287891686,12.783680774450302
1778595662721361400,67.200361328125,-3.4025814148426052,-3.786465289111435,11.620009920287131
1778595662731352300,67.21035229492188,-5.362493832355737,-3.9672786601185797,10.078758968174457
1778595662741344500,67.22034448242188,-6.368653572905063,-4.011566130134463,8.501874392622708
1778595662751335400,67.23033544921876,-6.7749325265944,-4.219263708674908,7.000734501624107
1778595662761327400,67.24032739257812,-6.29226825236082,-3.7940500451520083,5.805432245400548
1778595662771319300,67.2503193359375,-4.945826755642891,-1.6021180932685732,5.6856157794088125
1778595662781310200,67.26031030273438,-3.1273639592587945,0.4249003597900271,5.391813450342417
1778595662791302400,67.27030249023437,-0.7802724253237246,0.5194049821317196,3.823922328585386
1778595662801294300,67.28029443359375,0.3033829350993037,-0.39923371135294433,2.933215598121285
1778595662811285200,67.29028515625,-1.514933146290481,-1.321897714830935,2.6632822204202413
1778595662821277400,67.30027734375,-2.76002234672904,-0.19293840082585811,1.4582745627403257
1778595662831268400,67.31026831054687,-0.9930991834461689,3.5567703982964156,-0.28697452887296676
1778595662841260500,67.32026049804688,-3.119112848263979,4.827897126311063,-2.944184151381254
1778595662851252200,67.33025219726562,-3.7681519260466096,4.393150495289266,-6.03465601157248
1778595662861243100,67.3402431640625,-3.6798774302661417,2.614024268515408,-10.453811593472958
1778595662871235300,67.3502353515625,-4.3352807823836805,-0.07454173850417137,-12.130830613946914
1778595662881226200,67.36022631835938,-2.3735386652253565,0.6880252265200019,-11.726893254947662
1778595662891218400,67.37021850585937,-1.1501648913800715,1.8836676744833587,-13.345408648526668
1778595662901210400,67.38021044921875,-0.6086519762061536,1.9139228197544813,-15.699018770575522
1778595662911201300,67.390201171875,-2.094623670297861,0.4003890188679099,-17.017573896980284
1778595662921193500,67.400193359375,-4.216496874310076,-2.310772558580339,-18.172016319549083
1778595662931185200,67.41018505859375,-1.5933882588461041,-4.226321518231928,-18.290966524100302
1778595662941176300,67.42017626953125,-0.8042287627115845,-4.542513373760879,-13.083526475334168
1778595662951168300,67.43016821289062,-1.1574692230440675,-3.7714611967250704,-10.335160664129257
1778595662961159400,67.44015942382812,1.451373697310686,-3.3034953099295494,-8.311353574332594
1778595662971151400,67.4501513671875,7.934920892852545,-3.7723748044386505,-5.5983542600631715
1778595662981143300,67.46014331054687,11.520165398222208,-3.6515836481958623,-1.543540524354577
1778595662991134500,67.47013452148437,8.73803994075656,-2.8701427636146546,0.9520774372279643
1778595663001126400,67.48012646484375,6.780892311781645,-2.5850863433226943,2.5785604486852884
1778595663011118300,67.49011840820313,5.883354273992777,-2.6614354235097766,3.2482465931773183
1778595663021109200,67.50010913085937,4.965106625652313,-2.770237159012258,4.096969454392791
1778595663031101400,67.51010131835938,4.527390915691853,-2.517241472108662,6.509269081297516
1778595663041092400,67.52009228515625,1.8213024037241934,-1.8931015655219554,9.167124015972018
1778595663051084300,67.53008422851562,-0.5579998665291815,-0.7678641946494579,11.19900802924037
1778595663061076500,67.54007641601562,-1.650375343698263,0.5645075679227709,12.745384069281815
1778595663071067400,67.5500673828125,-0.4404558755140751,-0.14060732508599758,12.883229528439044
1778595663081059300,67.56005932617188,0.3813525291603058,-1.4843720038101076,12.365048535144329
1778595663091050500,67.57005053710938,0.05268178887367248,-1.573084014225006,12.16237375320196
1778595663101042200,67.58004223632813,-0.8346856410998851,-1.389093766747415,11.18341181617975
1778595663111034400,67.59003442382813,-1.6652642852723598,-1.0873089144945145,9.835140765947102
1778595663121025300,67.600025390625,-2.2765980479083954,-0.3561830896556377,8.008996182888746
1778595663131017500,67.610017578125,-2.6876889319241046,0.14199527231305836,5.5149207745730875
1778595663141008400,67.62000830078125,-2.835265511500835,0.40248102271109815,3.8777924504607912
1778595663151000300,67.63000024414063,-2.2655226732730864,0.8243482984155416,3.2307956921607253
1778595663160992300,67.6399921875,-1.1443594199717044,1.424405903147161,3.4361025761723516
1778595663170983400,67.6499833984375,-0.5400374357938766,2.4238141236096618,4.363794929206371
1778595663180975400,67.65997534179688,-0.23388364774174986,4.111495700134337,5.277775567752123
1778595663190967300,67.66996728515625,-1.3512581032194197,5.1877282170802355,2.89389247251451
1778595663200958200,67.67995825195312,-5.848496895623207,4.578874434691667,-3.567562133684754
1778595663210950400,67.68995043945313,-10.725305644619464,3.0067838154181836,-10.407750099521875
1778595663220941300,67.69994140625,-12.920511503607035,3.685618896527588,-13.046502858841418
1778595663230933500,67.70993359375,-10.545613094335794,5.793037458729744,-17.012386849731207
1778595663240925400,67.71992553710938,-6.4038698477149,5.476842096069455,-18.53360272955298
1778595663250916400,67.72991625976563,-1.883144819653034,4.555248644432425,-16.301863083416222
1778595663260908300,67.739908203125,2.4424342145361004,5.631787743109465,-13.325977971869706
1778595663270899200,67.74989916992187,3.9458746375620364,9.495559267002344,-10.539098013353348
1778595663280891400,67.75989135742188,10.396890851855277,8.146863853877782,-10.373954212903977
1778595663290883300,67.76988330078125,16.4957127538681,2.7316847255170345,-7.325057056638598
1778595663300874500,67.77987451171875,17.7567170240581,-3.1695293225541707,-8.844427016332745
1778595663310867000,67.78986694335937,15.921652636963127,-4.001029538550973,-9.128127053579687
1778595663320858000,67.79985815429687,12.368956648498774,-3.3863442735299465,-7.086840421193838
1778595663330850000,67.80985009765625,7.481203896161913,-3.061703738607466,-2.5954326730310915
1778595663340842000,67.81984204101562,4.067695136852562,-1.846395051665604,1.8980097958296536
1778595663350833200,67.82983325195312,1.0910331957146524,-0.8416662207022308,5.425224137035012
1778595663360825000,67.8398251953125,-0.9314332931280136,-1.6202821109905838,6.793941762968897
1778595663370817300,67.8498173828125,-1.1522469583511352,-2.089054345732927,8.042280028331279
1778595663380808200,67.85980810546874,-1.0460755713522434,-2.0707377677977084,10.109101499468087
1778595663390800000,67.8697998046875,-0.7520503933154046,-2.297307220068574,12.34594869787693
1778595663400791300,67.87979125976562,0.0899602569103241,-2.814884986773133,12.884461700582504
1778595663410783000,67.88978295898437,0.8430828095018863,-3.216160140825808,11.973790624976157
1778595663420775200,67.89977514648437,0.6925136239804327,-3.3570541738986965,12.167178523135185
1778595663430766000,67.90976611328125,-0.7482384338118135,-3.50181891092509,12.401674676752089
1778595663440758000,67.91975805664063,-2.893784335964918,-3.5332881081610914,12.275144392335415
1778595663450749200,67.92974926757813,-4.476111979353427,-3.198820883490145,11.53584344434738
1778595663460741000,67.9397412109375,-5.5317924143970005,-2.8908500360786915,10.407529150247573
1778595663470733000,67.94973315429688,-6.215463245099783,-2.715825477606058,9.47326034143269
1778595663480724200,67.95972412109376,-6.24292057634592,-2.44718623136878,8.15091575961709
1778595663490716200,67.96971606445312,-5.296186838233471,-1.393249132861197,6.889328721103071
1778595663500707000,67.97970703125,-3.184552411901951,1.0960896023213862,5.4129614523112775
1778595663510699000,67.98969897460937,1.2807891671121119,2.4426477111563085,3.2626164793133734
1778595663520691200,67.99969116210937,5.009469498991966,3.1314500595286487,2.450880409711599
1778595663530682000,68.00968212890625,1.9027775947533547,2.9978578739017245,3.01826937828958
1778595663540674300,68.01967431640625,-4.192555734491348,0.610892010217905,2.1107266638368367
1778595663550665200,68.02966528320313,-1.169228196029365,4.24681485568434,1.629614295220375
1778595663560657200,68.0396572265625,-2.107702932101488,5.339778142678737,-2.249987835010886
1778595663570649000,68.04964916992188,-3.753400931638479,2.350843872205913,-4.676006190666556
1778595663580640000,68.05963989257812,-1.0051717524252832,4.107903520861268,-7.0308186742424965
1778595663590632200,68.06963208007812,-2.9786078145086763,1.311375151772797,-11.427580638027191
1778595663600623000,68.079623046875,-2.5083859654799103,0.18120149354189632,-15.136072752881049
1778595663610615000,68.08961499023438,-1.0695653141416608,-0.15333324340730906,-17.726160557752845
1778595663620607200,68.09960717773437,-3.3640392104804513,1.4429282327875494,-19.78376061155796
1778595663630598100,68.10959814453125,-7.163653611761331,2.4620120445787905,-20.482399878811837
1778595663640590000,68.11959008789063,-9.66867594602704,-0.9889394334182142,-21.510003389406204
1778595663650581200,68.12958129882813,-5.345167434501648,-4.349900259366631,-19.436567468565702
1778595663660573000,68.13957299804687,-2.3897779984951018,-4.017364002758264,-12.237568987178802
1778595663670565000,68.14956518554688,-0.5961680499471723,-1.370327983739972,-8.398975159162282
1778595663680556000,68.15955615234375,1.9132592412792144,-1.6912559278801083,-6.480266274175047
1778595663690548200,68.16954833984374,5.802772086280584,-2.973533579984307,-4.360528620886803
1778595663700539100,68.1795390625,12.562115414077043,-3.792795368915796,-2.578943895044923
1778595663710531000,68.18953100585938,14.501263275980948,-3.8335131637513635,2.0076327845871447
1778595663720523000,68.19952294921875,10.980001705700158,-2.657778946828842,4.489236249342561
1778595663730514200,68.20951416015625,7.732171292108297,-1.63327924746871,5.138676309141516
1778595663740506000,68.21950610351563,5.80303979730606,-1.10118341832906,4.954775201252103
1778595663750497000,68.2294970703125,3.6049978381097314,0.10354746823608875,7.136243626788258
1778595663760489000,68.23948901367187,-0.5213911875128746,2.6566528654083608,10.340533589339255
1778595663770481200,68.24948120117188,-2.1130933929681777,3.7194121527969837,12.483327708566188
1778595663780472000,68.25947216796875,-1.1699696620464324,4.285335724997521,14.785588751649856
1778595663790464300,68.26946435546876,1.7950760755777357,3.2835391480937597,15.427456914889811
1778595663800455200,68.279455078125,4.012283338493108,1.6101517621204255,14.423781392371653
1778595663810447000,68.28944702148438,3.7601533285081383,0.8288102462604642,13.664517852807045
1778595663820439000,68.29943896484374,2.260228073996305,0.39392128415852784,13.16946054546833
1778595663830430000,68.30942993164062,0.32035430897064504,0.16252572690546513,11.651301715129613
1778595663840422100,68.31942211914063,-2.1316903952799735,0.22324615306705234,9.062519732159375
1778595663850413000,68.3294130859375,-4.808928221946954,0.4444716139614582,5.842404423967004
1778595663860405200,68.3394052734375,-6.883339125299453,0.7524360316321254,3.06275032505095
1778595663870397200,68.34939721679687,-7.475795315116644,0.5284001894921064,1.6121113717556
1778595663880388000,68.35938818359375,-5.379962853550911,-1.0054062918335198,1.2459756278842686
1778595663890380000,68.36938012695313,-3.1193396427571773,-1.9705726354762911,1.6283417910665272
1778595663900371200,68.37937109375,-2.0669941973552106,-1.3217232350468635,1.101784014570713
1778595663910363100,68.38936303710938,-2.922120788133144,-0.8026403244763612,-1.209762158730626
1778595663920355000,68.39935498046874,-5.472853903216123,-1.9178221652805805,-7.308360188859701
1778595663930346000,68.40934594726562,-6.074531510365009,-4.396607065483927,-13.585420350694655
1778595663940338200,68.41933813476562,-5.55801523541212,-1.9468635508477687,-12.967136476659775
1778595663950329000,68.4293291015625,-7.96430363920331,1.5070076139882207,-15.4852217061162
1778595663960321300,68.4393212890625,-6.353816069257259,2.400950549894571,-16.163907734143734
1778595663970312200,68.44931225585937,-3.700921387338638,4.468917099413275,-14.458468090349434
1778595663980304100,68.45930419921875,4.268516692143678,8.594569042932987,-14.356096095633506
1778595663990296000,68.46929614257813,12.986680550563335,8.15675045711994,-14.490047469961642
1778595664000287000,68.47928686523437,19.30649030532241,6.703420949566364,-11.094935075825452
1778595664010279200,68.48927905273437,20.325591360509396,4.443668676388263,-6.637321460714936
1778595664020270000,68.49927001953125,15.499242048162222,0.8271627713143825,-6.252778538015485
1778595664030262000,68.50926196289062,9.904405440831184,-1.7164903223797678,-6.371844477900862
1778595664040254200,68.51925415039062,5.535432816725969,-1.8851938611373305,-4.410622146832942
1778595664050245000,68.5292451171875,3.5205800177574154,-0.8576531866461038,-1.7424112378388643
1778595664060237000,68.53923706054688,2.2228911537706852,0.7839391311377286,1.8427701391667126
1778595664070228200,68.54922827148438,-1.138686927293241,1.430321556931734,3.3152491683483123
1778595664080220200,68.55922021484375,-3.242595143286884,0.6419894515320659,4.5296489237517115
1778595664090212000,68.56921215820313,-4.155318182986974,-0.10813391924351454,7.053270744547247
1778595664100203000,68.579203125,-5.047177006095647,-0.7790864304095506,8.687855813917517
1778595664110195200,68.5891953125,-5.4643479406774045,-2.2093168019264935,10.428924989497661
1778595664120186000,68.59918603515625,-5.307435377478599,-3.322435572721064,12.343084540617465
1778595664130178300,68.60917822265625,-4.8899485088154675,-3.921803441622853,12.372733828949928
1778595664140169200,68.61916918945313,-5.421724019959568,-4.258792878247797,12.248766088497637
1778595664150161200,68.6291611328125,-6.008749416899681,-4.040557831341028,12.28502047418356
1778595664160153000,68.63915307617188,-6.139844817274809,-3.449088022212684,11.20329491277933
1778595664170144000,68.64914404296874,-5.884603981792926,-3.2538243933096527,9.986537780594825
1778595664180136200,68.65913623046875,-5.20226586099863,-3.5201264287710186,9.020900020048021
1778595664190127000,68.66912719726562,-4.37971409061104,-3.489592466558516,8.609998667255043
1778595664200119000,68.679119140625,-4.000196887119114,-2.6306048164382574,9.025794221830367
1778595664210111200,68.689111328125,-4.3228897951051595,-0.6246849732488393,9.601017537295817
1778595664220102100,68.69910205078125,-3.23318375634104,2.008417505224049,8.284029514077305
1778595664230094000,68.70909399414063,1.8877189957007765,3.3728362649202346,4.169764056968689
1778595664240085200,68.71908520507813,5.831138933587074,1.7526023769855499,-0.31149522214531894
1778595664250077000,68.72907690429687,6.921665056562423,0.04085194260925054,2.5282015498012305
1778595664260069000,68.73906909179688,2.7258678559318184,0.46748920919448134,6.61288260050714
1778595664270060000,68.74906005859376,-3.799670223121345,0.23923165770620106,3.6575656452149152
1778595664280052200,68.75905224609374,-4.646340827982128,0.6933350233659148,0.05700491276979446
1778595664290043100,68.76904321289062,1.1164436774335802,2.5174361178979274,-4.551270972973108
1778595664300035000,68.77903515625,-2.6214520804286003,2.419333763325214,-6.179069743204116
1778595664310025200,68.78902514648438,-1.0595382795155048,2.829008496932685,-7.1940732999444
1778595664320017400,68.79901733398438,0.5768104385264218,2.3192817359894513,-11.658181537771224
1778595664330009300,68.80900927734375,-2.1507094223961234,1.4905444088347255,-19.563420409065483
1778595664340000300,68.81900024414062,-5.559437961691618,-1.7891909630618987,-24.294198054361342
1778595664349992200,68.8289921875,-8.928526272255182,-5.779883378124237,-25.99642867298126
1778595664359983000,68.83898315429687,-7.943465433835983,-7.2106900882244105,-23.84926934428215
1778595664369975300,68.84897534179687,-4.077987106025219,-3.699328565189242,-16.06538306250572
1778595664379967200,68.85896728515625,-0.6132362352564931,-0.9688741121195256,-10.54412723969221
1778595664389958400,68.86895849609375,0.5854146007426083,-0.7430665841318667,-6.9593503518342965
1778595664399950300,68.87895043945312,0.8376280512273311,-1.5067977706298232,-4.84062216784954
1778595664409941200,68.88894116210938,2.8734581717729566,-3.1671447655051943,-3.279525528538227
1778595664419933400,68.89893334960938,5.68209520406723,-4.013115989924967,-1.375652393633127
1778595664429924400,68.90892431640626,9.213603443074225,-4.105664802023768,0.8599854289859533
1778595664439916300,68.91891625976562,11.990611995917558,-2.875395277315378,4.6046828296869995
1778595664449908200,68.928908203125,12.073664373135566,-0.9866120133839547,6.758683402583003
1778595664459899100,68.93889916992188,12.748140674513577,-0.12885258988440035,8.128010100325941
1778595664469891300,68.94889135742187,9.263065685379505,-0.19035510633438824,9.186361215883492
1778595664479882200,68.95888232421875,1.9373663853146135,-0.40834070852473375,7.4550412809014315
1778595664489874400,68.96887451171875,-3.154804923892021,0.4012532344818115,8.658745454767345
1778595664499866400,68.97886645507812,-3.1405928586661815,0.9014248160943389,11.125942793029546
1778595664509857300,68.98885717773437,-1.6452163534998894,1.708287726701796,12.95793025689721
1778595664519849200,68.99884912109376,-0.6601473317742347,2.021235485742986,13.763339461565018
1778595664529840000,69.00884008789062,-0.548578469645977,1.7467562813058495,13.888534697985648
1778595664539832300,69.01883227539062,-0.7349884185511618,1.2891390623062848,12.91182667737007
1778595664549823200,69.0288232421875,-1.5771967102408408,1.06628921508044,11.163521705317496
1778595664559815200,69.03881518554688,-3.193777336364984,1.0381886174947024,9.018090223324299
1778595664569807400,69.04880737304687,-4.411493084448575,1.535259895004332,6.535198472324013
1778595664579798300,69.05879833984375,-5.328621957892179,2.669232360996306,4.949547821992636
1778595664589790500,69.06879052734375,-4.56156323440671,2.9676529975131154,3.5446108816862103
1778595664599781400,69.07878149414063,-2.8198844024956227,2.1833991013377902,2.9440824445724485
1778595664609773000,69.08877294921875,-0.951799350938946,1.8105097915530204,2.825108859145641
1778595664619764200,69.09876416015625,0.4940798406086862,2.4739795457482336,3.049629562193155
1778595664629756200,69.10875610351563,0.94807580037117,3.57231575795263,0.7679711621552705
1778595664639748400,69.11874829101562,-2.2346355137087404,3.703157768088579,-4.713409161865711
1778595664649739300,69.1287392578125,-8.209211296719312,3.166942813192308,-10.673170968234539
1778595664659731500,69.1387314453125,-8.91621857934594,2.864859270253777,-11.527809775495529
1778595664669722400,69.14872241210938,-8.544591252321004,2.785475936937332,-15.581072774630783
1778595664679714300,69.15871435546875,-7.308008306682109,1.8336016210660337,-19.521555782282352
1778595664689705500,69.16870556640625,-3.636408583156764,1.3468752119600773,-16.97450398606062
1778595664699697200,69.178697265625,-0.7749262419901788,1.7680735023617744,-14.861805729889868
1778595664709689300,69.188689453125,1.4796844305157661,3.6119393278107044,-12.217315303701161
1778595664719680300,69.19868017578125,4.568392495904862,6.837235545772313,-8.780323085212707
1778595664729672200,69.20867211914063,7.191189268940687,10.500851577067374,-7.5715049293339245
1778595664739663400,69.21866333007813,9.821578689062594,3.1679113659635183,-11.430082391715048
1778595664749655300,69.2286552734375,14.66400118433237,-3.4650831714630126,-6.492919419521093
1778595664759647500,69.2386474609375,15.53799935657978,-4.443524299481511,-2.3971733694434163
1778595664769638400,69.24863842773438,14.111499403762817,-3.896590674433112,-0.5677765065908432
1778595664779630000,69.25863012695312,10.234709408342837,-2.6268884262636303,1.9288351422041654
1778595664789621200,69.26862133789062,5.311738627630472,-2.3767343925267457,4.924885089901089
1778595664799613200,69.27861328125,2.008044141867012,-2.1503931960538027,7.500666137000918
1778595664809604000,69.28860400390624,1.0590925815746188,-2.5770976826563476,8.462230364498495
1778595664819596300,69.29859619140625,1.3099201306588948,-2.8108900719180703,8.873144576773047
1778595664829588200,69.30858813476563,2.358856644400209,-3.0382354769974946,8.899384933444857
1778595664839579400,69.31857934570313,2.3060404154919087,-3.540558975946903,9.003302404037118
1778595664849571300,69.3285712890625,1.118607285208255,-3.79694664337635,9.043321695214509
1778595664859562200,69.33856225585937,-0.6214949450358748,-3.6837069254264234,9.779622292342781
1778595664869554200,69.34855419921875,-2.2417712108075616,-3.326614904232323,10.626156703603266
1778595664879545000,69.35854516601563,-3.652315761862695,-2.8455057504862546,11.34044595993161
1778595664889537300,69.36853735351562,-5.621294406145811,-2.1418740817725657,11.406178953558205
1778595664899529200,69.378529296875,-8.010804693615436,-1.8535554448142646,10.569839188575743
1778595664909520400,69.38852026367188,-9.609000937265158,-1.1830319727152585,9.561289922541379
1778595664919512300,69.39851220703125,-10.352180772513151,-0.20602058523893355,8.683377207198738
1778595664929503200,69.40850317382812,-10.68008703123331,0.2506444476023316,8.039526930230856
1778595664939495400,69.41849536132813,-10.13938440952897,1.4461045247361064,7.337461195659637
1778595664949486300,69.428486328125,-8.800335945671796,3.33793095575571,5.14038486662507
1778595664959478300,69.43847827148437,-5.167905910757184,3.5291835954517126,2.305841239657998
1778595664969469200,69.44846923828125,-2.2253759563237425,4.046798187035322,2.561460845324397
1778595664979461000,69.45846118164063,-2.3650376711226997,2.298829022808373,1.1630278800845146
1778595664989453300,69.46845336914062,1.818567133541405,4.590232279530167,-2.4790596254915
1778595664999444200,69.4784443359375,2.955936256234348,4.684416291615367,-6.8608508146375415
1778595665009436400,69.4884365234375,3.4916333247363567,2.556095226638019,-8.71828719253838
1778595665019427300,69.49842724609375,4.449361042810977,1.4193278692305087,-9.506414423015713
1778595665029419300,69.50841918945312,4.596358653455972,0.2429875031083822,-10.528345148670672
1778595665039410400,69.51841040039062,5.184460155194998,2.167642144757509,-11.878024896657466
1778595665049402000,69.52840209960938,2.8648104626759885,2.819698816795647,-15.15695655095577
1778595665059394300,69.53839428710937,-1.2691463678523898,2.4436444671086965,-18.897319137322903
1778595665069385200,69.54838525390625,-3.744933547544479,-0.7875288261927664,-21.56899801468849
1778595665079377200,69.55837719726563,-3.5279356412172316,-5.6089148170441385,-20.224270336151122
1778595665089368300,69.56836840820313,0.8044333453729748,-5.99319528941512,-14.761867684322596
1778595665099360300,69.5783603515625,3.2568028245985507,-3.079305446271598,-8.706040289905667
1778595665109351200,69.58835107421875,1.8900923007033765,-2.3322834025122225,-5.301439936456084
1778595665119343400,69.59834326171875,1.0113513178430498,-3.442680200996995,-3.711680681762099
1778595665129335000,69.6083349609375,0.4026663161501288,-3.964351959016919,-1.6186849049270151
1778595665139326200,69.618326171875,-0.790159174696356,-3.2500445825099944,0.056498132291436194
1778595665149318100,69.62831811523438,-0.0461794212423265,-2.9706866661205886,1.7246727520525456
1778595665159309300,69.63830932617188,1.3226255907140672,-3.0794337488263843,3.3780507846981287
1778595665169301200,69.64830126953125,2.6848516626715657,-3.299020502603054,4.562341817563772
1778595665179292200,69.65829223632812,4.145693445551395,-3.5853704698368905,5.865000286656618
1778595665189284400,69.66828442382813,3.901187939095497,-2.711257731299102,7.672080688282847
1778595665199276300,69.6782763671875,2.439216859924793,-1.7206386742308735,9.299435806399583
1778595665209267500,69.68826733398437,3.330157983666658,-0.9294044176489115,10.755139641869068
1778595665219259100,69.69825903320313,4.766371521246433,-0.09743599961847066,13.131616260242462
1778595665229250300,69.70825024414063,5.170730905050039,-0.3696846685245633,14.780409887707233
1778595665239242200,69.7182421875,3.9509202305138107,-1.4030410435572265,13.910811996245384
1778595665249233200,69.72823315429687,1.5986708754241465,-2.0736445951551197,12.085152566355466
1778595665259225300,69.73822534179688,-0.1571405267357826,-2.1784160522282123,10.665994208472966
1778595665269216300,69.74821630859375,-1.3026327501296997,-1.583388258357346,8.49327549110353
1778595665279208200,69.75820825195312,-2.9905507657587527,-0.46606940552443266,5.398645926710963
1778595665289200400,69.76820043945312,-4.9575312219619745,0.8023118231743573,3.718116852289438
1778595665299191300,69.77819140625,-4.916308400213718,1.159927575981617,2.654080676832795
1778595665309183200,69.78818334960937,-2.960247981953621,0.7085507126763463,2.225290031605959
1778595665319174400,69.79817431640625,-1.3264005792081355,0.6514812102377414,3.335390039101243
1778595665329166300,69.80816625976563,-1.5497605679132043,1.5359244963929055,4.095679999104142
1778595665339157200,69.8181572265625,-4.005381304019689,2.714887027712166,1.7553449536919592
1778595665349149400,69.8281494140625,-6.672104604804516,3.3881925317451356,-3.393027989077568
1778595665359140400,69.83814038085937,-8.172484617346525,3.6881338019579646,-6.9335513091892
1778595665369132300,69.84813232421875,-7.994137636452913,4.638821246132254,-9.526550617593527
1778595665379124500,69.85812451171876,-7.760880669242143,5.500307727330923,-14.026407045149803
1778595665389115400,69.86811547851562,-5.14070284653306,5.912014551287889,-17.713215735983848
1778595665399107600,69.87810766601562,-1.0293303343869744,5.981368073499202,-17.580120101702214
1778595665409098500,69.88809838867188,1.6514061480507254,6.284688757017254,-15.004258390581606
1778595665419090200,69.89809008789062,3.6659821759045124,7.346652802374958,-11.720531318700314
1778595665429081300,69.90808129882812,5.375997457051277,8.780098628807067,-8.56058260217905
1778595665439073300,69.9180732421875,6.00041413475275,9.948452672350406,-4.571101462602615
1778595665449065500,69.9280654296875,7.219971126788854,5.109617972439527,-6.551366347792745
1778595665459056400,69.93805639648437,13.486108912593126,-0.5130503524079919,-8.585318399506807
1778595665469048300,69.94804833984375,14.97687470909357,-1.2903367476582526,-4.435177911418676
1778595665479039500,69.95803955078125,14.2785241956532,-2.8903689745634793,-1.908427144947648
1778595665489031400,69.96803149414062,12.336965765476226,-3.829982067015767,-0.2236480118662119
1778595665499022300,69.97802221679687,6.987918274670839,-5.532977824789286,1.6497586731046436
1778595665509014300,69.98801416015625,2.4396014753282067,-6.166508367794751,3.981607045200467
1778595665519005200,69.99800512695313,0.8817620842471718,-5.997407354152203,5.271705892449617
1778595665528997400,70.00799731445312,0.5268193500414491,-5.335739096421003,5.99875467710793
1778595665538989300,70.0179892578125,0.7988292417556047,-4.202661241181194,8.008425105002521
1778595665548980200,70.02798022460938,0.7510512992754578,-3.604495441545546,10.732779341500997
1778595665558972400,70.03797241210937,-0.5133829453632235,-3.566303658056259,12.218784791731833
1778595665568963300,70.04796337890625,-1.7024670577242969,-4.008492421777547,10.885725339156389
1778595665578955500,70.05795556640625,-2.3495523710906503,-3.605886311382055,11.166701504397391
1778595665588946400,70.06794653320313,-3.038839288109541,-2.5913351745843887,11.725523135638236
1778595665598938400,70.0779384765625,-5.200242246216535,-1.6812328387767075,12.165287010300158
1778595665608929300,70.08792919921875,-6.616659196436405,-0.9532000115171074,11.590832925641536
1778595665618921200,70.09792114257813,-7.6025827891647815,-0.4184080751612782,10.86319202030897
1778595665628912400,70.10791235351563,-8.420778994691371,0.20640870777368545,10.01075452248454
1778595665638904300,70.117904296875,-8.741327291864156,0.8376417874917388,8.846218575924635
1778595665648896500,70.127896484375,-7.804007863306999,1.634535969531536,7.240468555894494
1778595665658887400,70.13788745117188,-5.490520492810011,2.804495110183954,5.547977241000533
1778595665668879400,70.14787939453124,-2.0324073064900934,5.2374453109294175,4.464068490338326
1778595665678870500,70.15787060546874,1.432210731679201,5.993483458706736,1.7363070757448673
1778595665688862200,70.1678623046875,0.49966713922172784,1.4011065683633088,-1.2172890471041202
1778595665698853400,70.17785327148438,0.6267737622216344,-0.2632993465140462,-3.48062268590033
1778595665708845300,70.18784521484375,1.0810405017495155,0.08949526974707842,-6.404894514587522
1778595665718836200,70.19783618164062,1.8337050814405083,-0.16919658297151327,-8.922371841278672
1778595665728828400,70.20782836914063,3.0695261027961966,1.074452063269913,-10.588111342847347
1778595665738820400,70.2178203125,1.5366459425352512,-0.523210511894524,-10.78956330499649
1778595665748811300,70.22781127929687,1.2298831557393073,-0.018582535395026207,-10.953007315790652
1778595665758803500,70.23780346679688,1.2730137108050286,1.0505053704932332,-12.973795350027084
1778595665768794400,70.24779443359375,-0.38532881238013506,1.7717659271389246,-14.468545247727631
1778595665778786300,70.25778637695312,-2.488946813255548,2.290512737622857,-14.012986422562598
1778595665788777500,70.26777758789062,-4.126432280242443,0.33238048152476546,-13.817966539287566
1778595665798769200,70.27776904296876,-2.4812062821313736,-3.2925402006730433,-13.63231654190421
1778595665808760300,70.28776025390626,0.6329809462986886,-4.877230481539667,-10.632460187661648
1778595665818752300,70.29775219726562,1.542360082398355,-4.476887639901042,-7.62826609647572
1778595665828743400,70.30774340820312,4.410771784436703,-3.8822476763039826,-7.075028402847051
1778595665838735400,70.3177353515625,7.146734041142463,-3.729088328158855,-3.6335616692930457
1778595665848727600,70.3277275390625,6.523397559893131,-3.4142283057555556,-0.6330950741976499
1778595665858718500,70.33771850585937,6.302945129197836,-1.9163238895468413,1.3395026373654604
1778595665868710400,70.34771044921875,7.169463759344816,-1.4801846351228654,2.5500989088326693
1778595665878701600,70.35770166015625,6.467201625418663,-1.7487075615040957,3.1306969030737877
1778595665888693200,70.367693359375,4.350684103220701,-1.4651482479020952,4.324204677096009
1778595665898684200,70.37768408203125,1.6047273989841342,0.07495996391624211,6.338262526294589
1778595665908676400,70.38767626953126,0.4006977925561368,0.8150425638012587,9.046741148269176
1778595665918667300,70.39766723632812,0.5503167646806687,0.12017360886633395,11.132196008205414
1778595665928659500,70.40765942382812,0.5261666582863778,-0.8475275139510631,12.225125685191154
1778595665938651400,70.4176513671875,-0.1629272934436798,-1.6460294234484434,12.435663455593586
1778595665948642300,70.42764233398438,-0.7557597692273557,-2.1799930922865864,12.508722846585512
1778595665958634500,70.43763452148437,-1.526701325495541,-1.5808590321406721,12.453552163505554
1778595665968625400,70.44762548828125,-2.5275392865002155,-0.39255160324051974,11.533933226811886
1778595665978617300,70.45761743164063,-3.75461089195013,1.1994213819801807,10.264068773818016
1778595665988608300,70.46760815429687,-4.956574944150447,2.9366414809167383,9.001881431323289
1778595665998600200,70.47760009765625,-5.886711767727136,3.9903380486667155,7.039180844396352
1778595666008591400,70.48759130859375,-6.235787071204185,4.281301939436793,5.068504456284642
1778595666018583300,70.49758325195313,-5.334432105475664,3.987072909390926,4.106434032830596
1778595666028574500,70.50757446289063,-4.151800530254841,3.5297111264571543,3.9160289498746392
1778595666038566400,70.51756640625,-3.033884003789723,3.255895062103867,3.54511532407701
1778595666048557300,70.52755737304688,-2.8323011087372896,3.7259739955306053,1.986611623868346
1778595666058549500,70.53754956054688,-4.300611912323534,4.5051545339643955,-2.9289480038046833
1778595666068541200,70.54754125976562,-6.526077008235454,3.990281350043416,-9.729470314207672
1778595666078532400,70.55753247070312,-5.967698444586992,2.74010417881608,-12.189587923341989
1778595666088524300,70.56752416992188,-4.846598319649696,2.6010148570775984,-15.81385160293579
1778595666098515200,70.57751513671874,-4.1419054514452815,3.1015704695716497,-22.936825998306272
1778595666108507400,70.58750732421875,-1.0153908024922014,2.783879023134708,-21.16966435009241
1778595666118498300,70.59749829101563,1.6610072123497723,1.267770987845957,-16.891830379027127
1778595666128490500,70.60749047851563,3.7422473772004246,1.5355509869053958,-13.502453313672541
1778595666138481400,70.6174814453125,6.01567015607357,4.473998640461266,-8.777416257855295
1778595666148473300,70.62747338867187,7.2422647916615,8.241241927230357,-2.8641221881508825
1778595666158465300,70.63746533203125,8.774470852053165,9.153589411616325,-0.45705110954940315
1778595666168456200,70.64745629882813,11.566965727841854,-0.22376111685186623,-4.8385792638450855
1778595666178448400,70.65744848632812,16.077911704689264,-3.242944979637861,-4.7283986412048336
1778595666188439300,70.66743920898438,16.395857710409164,-3.4554970124721525,-2.256970533505082
1778595666198431200,70.67743115234374,12.843579070574044,-3.5778970652163027,0.36042496500909327
1778595666208422400,70.68742236328124,7.4990966957271095,-2.437907530891895,2.367217207118869
1778595666218414300,70.69741430664062,3.3263696972995995,-2.98274155331254,3.565475390538573
1778595666228405200,70.7074052734375,2.4768133078694343,-3.2764132417365905,6.016297348061204
1778595666238397400,70.7173974609375,1.8672884943515062,-3.3629841484695673,8.927087763884662
1778595666248388400,70.72738842773437,0.6865498932704329,-4.075985118553042,10.286859282296895
1778595666258380300,70.73738037109375,0.5428565848678351,-4.404952284502983,10.30039096404314
1778595666268371500,70.74737133789063,-0.06880377937406301,-4.562869640830159,10.564301428192854
1778595666278363400,70.75736328125,-1.717789714540541,-4.611396940372884,10.919265205186605
1778595666288354300,70.76735424804687,-3.6445080107212067,-4.480729410021007,10.768268003511428
1778595666298346200,70.77734619140625,-5.398503887891769,-4.083217992416024,10.996467687332629
1778595666308338400,70.78733837890626,-6.944712754672765,-2.9120766562417146,10.595146648311614
1778595666318329000,70.7973291015625,-8.263290092909335,-1.9044971120223402,9.889489611250161
1778595666328321300,70.8073212890625,-8.795559232789277,-0.864336902193725,9.092814917179942
1778595666338312200,70.81731225585938,-10.387683463048935,-0.03101005529165268,8.905873710942268
1778595666348304100,70.82730419921874,-10.88154483860135,0.4111325312003493,8.075497822800278
1778595666358295300,70.83729541015624,-8.67862036806047,1.329551736715436,6.078052085706592
1778595666368287000,70.84728686523438,-5.330416440093517,2.999596534262597,3.6447073326855897
1778595666378278100,70.85727807617188,-2.490877196796238,5.324437365683913,1.781524520087242
1778595666388270000,70.86727001953125,-0.3728443015992641,6.9049126592040055,0.8429144671976566
1778595666398261000,70.87726098632812,-3.2094097897827623,4.317542296597361,0.6715449241012335
1778595666408253200,70.88725317382813,0.07192424948215484,6.1959407985061405,-1.717052924698591
1778595666418244000,70.897244140625,3.1194974636673924,5.2063762189269065,-8.20785228332579
1778595666428236300,70.907236328125,-0.8841386041201651,-0.2393967851400375,-8.69124662539959
1778595666438228200,70.91722827148438,0.5428067543767392,2.8069726062133906,-12.220348972308635
1778595666448219100,70.92721923828125,-1.9574644398391245,0.38710780475139617,-13.610554791951179
1778595666458211000,70.93721118164062,-0.20233122920170424,0.2908084079474211,-13.351270234036445
1778595666468202200,70.9472021484375,1.7556565038591623,1.8038678693205117,-14.173977779507636
1778595666478194200,70.95719409179688,0.23892507597506044,2.734924730351567,-14.534227972471713
1778595666488185000,70.96718505859376,-2.058689310346544,1.7359649843089282,-15.445920792341232
1778595666498177000,70.97717700195312,-3.248271143096685,-0.8266863859742879,-15.125665925157069
1778595666508168200,70.98716821289062,-2.3758026646345853,-2.9107062446713448,-13.532247563433646
1778595666518160100,70.99716015625,0.5327691983565688,-3.245975141113996,-10.789425357830524
1778595666528151000,71.00715112304688,3.0509041121736167,-2.7811352773845193,-6.364290116998553
1778595666538143200,71.01714331054687,2.624906604796648,-3.4725244273796676,-4.272829879167675
1778595666548134100,71.02713403320313,2.5758573272064327,-5.191954894864559,-4.554119348141551
1778595666558126300,71.03712622070313,4.268912121202051,-6.070384327557683,-2.269104038891196
1778595666568117200,71.0471171875,5.3399967538654804,-5.206380895102024,0.7524293096303939
1778595666578109000,71.05710888671875,5.397291589492559,-4.9090112289428705,2.988534749761224
1778595666588101000,71.06710107421875,7.000515890437364,-4.513216844388842,4.867819971376657
1778595666598092000,71.07709204101562,8.491727092617749,-3.510594338054955,6.826167623791098
1778595666608084200,71.08708422851562,8.200137178903818,-2.0551285491250453,7.97448601052165
1778595666618075100,71.0970751953125,3.218603150063753,-0.36850145008936525,9.09996011275947
1778595666628067300,71.1070673828125,-2.060436446274817,2.4574480976641175,11.071709683060645
1778595666638058200,71.11705834960938,-1.9432525207437574,3.27605113042593,12.994981930440664
1778595666648050200,71.12705029296875,-0.22217077892050147,1.3036790443122386,13.947089762806891
1778595666658041300,71.13704125976562,-1.0229891486667095,-0.8004754015274346,13.965831872677802
1778595666668033000,71.14703295898437,-3.1902479931950567,-1.3147874444343148,12.609960868835449
1778595666678024000,71.15702392578125,-4.779437046785652,-0.8801004346452653,11.277967584186792
1778595666688016100,71.16701611328125,-5.164097750645876,0.010701719017326831,9.686277653691173
1778595666698007000,71.17700708007813,-4.841088324056566,0.8715836584515869,7.077061369979381
1778595666707999200,71.18699926757813,-4.807168811058998,1.1926719077199697,4.8718461581528185
1778595666717990100,71.196990234375,-4.62933620942831,1.7726392028421163,2.8861943192273376
1778595666727982000,71.20698217773437,-3.2160511274933814,2.410064415198564,1.68223529381752
1778595666737973200,71.21697314453125,-1.1425301587179302,2.490543727058172,1.5484668748408554
1778595666747965200,71.22696508789062,-0.41719665354490276,2.974873011894524,1.317691787573695
1778595666757957000,71.23695703125,-2.4853897052958605,3.8624119259774683,-1.5196025994062423
1778595666767948000,71.24694799804688,-5.8360173532783985,4.119814323407411,-7.217270635658502
1778595666777940000,71.25693994140624,-7.3910478244185445,4.921780694144964,-10.32536407725811
1778595666787931100,71.26693115234374,-7.827764001947641,6.12583558114469,-13.04420802590251
1778595666797923000,71.27692309570313,-6.579570113492012,6.662866820859908,-16.34510133664012
1778595666807914200,71.28691430664063,-1.6387907043665646,6.8886816553711885,-15.91506507526636
1778595666817906200,71.29690625,2.890854712253809,6.8975102739930145,-13.794530718642472
1778595666827897000,71.30689697265625,4.89551111137867,6.976437095713615,-12.207608733201026
1778595666837889300,71.31688916015625,6.092001700603961,7.271144264665246,-9.49772901225686
1778595666847880200,71.32688012695313,7.421433610332012,7.850535805726051,-6.001098609885573
1778595666857872100,71.3368720703125,10.963545076417923,6.037492111781239,-5.752993033111095
1778595666867863300,71.34686328125,15.066686497443914,1.224239889155328,-7.468837166541815
1778595666877855000,71.35685498046875,15.528120936644076,-2.2711229774981736,-6.458304033213853
1778595666887846100,71.36684619140625,13.76355807275176,-4.038849566118419,-6.041939154317975
1778595666897838000,71.37683813476562,10.824000996649264,-4.623254551427066,-4.246408320710063
1778595666907829000,71.3868291015625,7.674111901849508,-4.239376814638078,-1.6190519846737383
1778595666917821200,71.3968212890625,3.498913252611458,-3.765651633663475,1.6019734241008758
1778595666927812000,71.40681201171876,0.10596885016411542,-3.747596921534836,4.361180947315693
1778595666937804300,71.41680419921875,-0.7612053212821484,-3.973948931662738,5.783797336697578
1778595666947795200,71.42679516601562,-1.0900284025862812,-3.6723148860573764,8.406769758561254
1778595666957787100,71.436787109375,-1.7116189169511198,-3.787167007640004,11.558090347468852
1778595666967779000,71.44677905273437,-2.173874609406292,-4.208835253641009,12.649638214707373
1778595666977770000,71.45677001953125,-2.598532684873044,-4.645829371328651,11.0383358212471
1778595666987762200,71.46676220703125,-3.380235435260832,-4.684268407577276,10.652387707924841
1778595666997753000,71.47675317382813,-4.418348064909875,-4.174942628650367,10.920790807318687
1778595667007745000,71.4867451171875,-6.278221022307872,-3.716268886335194,11.164626451689005
1778595667017736200,71.49673608398437,-7.370399004143476,-2.9994395901352164,10.883907476079463
1778595667027728100,71.50672802734375,-8.065369812017678,-2.3008774797707794,10.554322470492124
1778595667037719300,71.51671923828125,-9.058320526903866,-1.4211974624946713,9.76681191060841
1778595667047711200,71.52671118164062,-9.249232390338182,-0.02037175689935684,8.678747209310531
1778595667057702100,71.5367021484375,-8.888968168848752,1.5595415188238024,7.473253229418397
1778595667067694000,71.54669409179688,-7.944199593329429,2.8816920393720267,6.075790570515394
1778595667077685000,71.55668505859374,-6.392437768596411,4.015151002883911,4.910516957330703
1778595667087677200,71.56667724609375,-4.087090449935197,4.953556473112106,3.9604602122753856
1778595667097668000,71.57666821289062,-0.3201695269882679,2.6434251350447533,2.4888608885377645
1778595667107660000,71.58665991210937,3.743059570366144,1.3317346337124705,3.9029625475525855
1778595667117651200,71.59665112304687,1.7486112615227698,1.8587138504907488,6.353524977356195
1778595667127643100,71.60664306640625,-1.2380869204610585,-1.0932876966431737,4.875512863966822
1778595667137634000,71.61663403320313,-1.4434157240435481,-0.40046646801829333,2.308366374221444
1778595667147626200,71.62662622070313,-1.3997951935037969,4.4432215171426535,-1.686534452316165
1778595667157617200,71.6366171875,-1.4925024110347032,6.088731300631165,-7.668205892676115
1778595667167609000,71.64660913085937,0.535827416883409,5.482746936199069,-14.231013087415695
1778595667177600300,71.65660034179687,-0.41446722858101126,1.0959303201064468,-20.947396394407747
1778595667187592000,71.66659204101562,1.2155834122300146,0.4435869400814175,-21.97603567779064
1778595667197583000,71.6765830078125,1.622130076944828,-0.5204889779761434,-21.031135000324248
1778595667207575000,71.68657495117188,0.5756432944431901,-2.818315253482759,-21.524396656417846
1778595667217567200,71.69656713867188,-0.06439180815070868,-3.767787768909335,-19.45518098362088
1778595667227558100,71.70655810546874,0.7473769946768879,-3.042577890115976,-15.60461848539114
1778595667237550300,71.71655029296875,1.5614371233120559,-0.8525273680649698,-10.35607953351736
1778595667247541200,71.72654125976563,1.0319123137041926,0.49815103557035323,-6.734774703729152
1778595667257533200,71.736533203125,1.7403087126016616,-1.6239553926758468,-5.457888973796368
1778595667267524400,71.7465244140625,3.444584281052649,-4.110005461576581,-3.4912902103871106
1778595667277516000,71.75651611328125,5.428336716097593,-5.09769547945559,-1.6003461151599883
1778595667287507000,71.7665068359375,5.160188468247652,-3.714535778932273,0.1970645408451557
1778595667297499100,71.7764990234375,4.735929328970611,-2.5869521371945736,1.8553858751118182
1778595667307490000,71.78648999023437,4.692241286152601,-1.387699828170985,3.768772103771567
1778595667317483000,71.79648291015624,4.328571640133857,-0.6953494319282472,5.634152134153246
1778595667327474000,71.80647387695312,2.635492296218872,-0.5603798204682767,7.350853761196136
1778595667337465900,71.8164658203125,0.35392785807475446,-0.6786835438095032,9.027204088628292
1778595667347457000,71.82645703125,0.8564670456014573,-0.7352908355638385,11.019580851894617
1778595667357448700,71.83644873046875,2.1694753515340386,-0.4331969173617661,13.17098965473175
1778595667367440000,71.84643994140625,2.409365327018499,-0.620141630730778,14.42544844880104
1778595667377431800,71.85643188476563,1.3612581037081777,-0.6583674626201391,14.721083253991603
1778595667387422700,71.86642260742188,-0.2520505150079727,-0.20514760179668665,14.145033424574136
1778595667397415000,71.87641479492187,-2.0158478013552723,0.5883851409859955,13.475177184212207
1778595667407405800,71.88640576171875,-3.5527333978652953,1.868273413735628,12.437720972645282
1778595667417397800,71.89639770507813,-4.726712880074977,3.103213268342614,10.44330539702773
1778595667427389000,71.90638891601563,-5.286579636454582,3.3863390128329396,7.757786794880032
1778595667437380900,71.916380859375,-5.014491711068153,3.2495763804763556,5.260343371436
1778595667447372000,71.9263720703125,-4.505395356982946,2.8897616563200947,3.5284722323119637
1778595667457364000,71.93636401367188,-3.3335847432449457,2.002555919714272,2.777780706259608
1778595667467355000,71.94635498046875,-2.6632968334674834,1.3102476090475916,3.228255944550037
1778595667477346800,71.95634692382812,-2.2347908504009246,1.3119248946100472,3.745036423397064
1778595667487337700,71.96633764648438,-2.7634119891673325,1.9013592523880303,2.465614452984929
1778595667497330000,71.97632983398438,-6.0960571134746075,2.091659121403843,-2.3590473446667195
1778595667507320800,71.98632080078124,-8.372710252571105,1.3310809921093285,-10.291022247195244
1778595667517312800,71.99631274414062,-8.87086201879382,0.9328281084872782,-14.34832896876335
1778595667527304000,72.00630395507812,-7.231073535561561,3.2465766141384838,-15.987774922168255
1778595667537296000,72.0162958984375,-6.342952145415544,3.877734582793712,-20.212299327850342
1778595667547286800,72.02628686523437,-2.5763258215010163,3.1176199793577193,-19.348273099040984
1778595667557279000,72.03627905273437,0.06984072120636702,3.6350349567160007,-17.57907965273857
1778595667567270700,72.04627075195313,0.5906558623969554,7.001102750414609,-14.765934787631034
1778595667577261800,72.05626171875,6.303203487873077,9.58448784277737,-11.671249109137058
1778595667587253800,72.06625366210938,22.069187424218654,4.9633507218956945,-8.405402561861276
1778595667597244700,72.07624462890625,26.278691955423355,-0.33910891299694773,-5.610428728738427
1778595667607236900,72.08623681640626,20.389488955402374,-3.732876614525914,-5.763773370322585
1778595667617227800,72.09622778320312,13.633907610487936,-3.6613992320284243,-4.086640368080139
1778595667627220000,72.10621997070312,10.401299315947293,-2.7380121749728916,-0.8561977271407842
1778595667637211000,72.1162109375,6.836766759216785,-0.7418032861977815,2.7072715842723847
1778595667647203000,72.126203125,2.0209981698557735,0.09710194535851478,4.709709138303995
1778595667657194000,72.13619409179688,-1.4080509806737302,-0.8016568663969635,5.74429184026122
1778595667667185700,72.146185546875,-1.553311100001633,-1.6148422580242157,6.779964675542712
1778595667677176800,72.1561767578125,-1.3728443504750727,-1.999620158523321,8.962574672329426
1778595667687168800,72.16616870117187,-1.6150474252074956,-2.8922403213933108,9.697291799658537
1778595667697159700,72.17615966796875,-0.9390314931720495,-3.9868104590624567,8.789658484312891
1778595667707152000,72.18615185546875,-0.8696046134635805,-4.724569438305497,8.695183380326629
1778595667717142800,72.19614282226563,-1.6006199636653065,-4.942187522357702,9.237892665678261
1778595667727135000,72.20613500976563,-2.759593015401065,-4.588165410128235,9.461523141887783
1778595667737126000,72.2161259765625,-4.184788607621193,-3.625265842373669,9.49192704797983
1778595667747117800,72.22611791992188,-5.649707430681586,-2.13062934191972,9.618426937258244
1778595667757109000,72.23610888671875,-7.2431649553716175,-0.6173384098783135,9.832202958929539
1778595667767101000,72.24610083007812,-8.54027397364378,0.4792658639669418,10.264774876260757
1778595667777091800,72.256091796875,-9.233467834973334,1.1899058040075003,10.577515130031108
1778595667787083800,72.26608374023438,-9.411562302410601,1.7946511281639337,10.479703575098513
1778595667797074700,72.27607470703126,-9.206742325133085,1.9697198180392383,9.336569313007592
1778595667807067000,72.28606689453125,-8.604422912949323,1.624903048789501,7.079113041812181
1778595667817057800,72.29605786132812,-8.123717956089973,1.3902091806434094,5.137311450529098
1778595667827050000,72.30605004882813,-7.293922498184442,1.9051728193268178,4.181243482360244
1778595667837041000,72.316041015625,-5.4312593255460255,4.020714482229947,4.738858075898886
1778595667847032800,72.32603271484375,-3.213438314646482,4.985176769256592,4.733308625078201
1778595667857024000,72.33602392578125,-1.6006661408945917,3.2547613818988204,2.4024977793365716
1778595667867016000,72.34601586914063,-0.16386691238135098,5.906643964165449,-3.4631244386106728
1778595667877006800,72.3560068359375,1.686550818929076,4.359647746399045,-12.223140648853779
1778595667886998800,72.36599877929687,1.2685878571867941,2.2475899800889194,-15.897230143368244
1778595667896989700,72.37598974609375,-0.026119068379700183,-0.35607729119360443,-20.5349063111186
1778595667906982000,72.38598193359375,1.372452428548038,-1.0243370561443268,-22.477562473404408
1778595667916972800,72.39597290039063,-0.1075341997846961,2.066499837967008,-19.44790602418184
1778595667926964700,72.40596484375,-1.312289051747322,3.3669121355682607,-17.016951965689657
1778595667936956000,72.41595581054688,-0.48922991635948415,2.0828753648370504,-14.630038124454021
1778595667946947800,72.42594775390624,0.03587853811085224,0.30263182447105647,-13.05606797504425
1778595667956938800,72.43593872070312,1.554903922151029,-0.880774388384074,-11.41941136009693
1778595667966931000,72.44593090820312,2.8566008527353404,-2.1069337012946603,-8.962073152548074
1778595667976921900,72.455921875,2.357940260207653,-2.871525157883763,-6.029465457192063
1778595667986913800,72.46591381835937,3.837928642106056,-3.613818857946992,-4.192970745033025
1778595667996905000,72.47590502929687,7.731240733259916,-3.7563071744740006,-1.2149597273737192
1778595668006897000,72.48589697265625,14.331359129261969,-3.791091195346415,1.8741303230702875
1778595668016887800,72.4958876953125,18.905843804562092,-2.7132974204331637,4.890382516318559
1778595668026879700,72.50587963867187,18.35645284948945,-1.3779060177788138,6.383758787578344
1778595668036871000,72.51587084960937,14.859272412019967,-2.321087031845748,5.643859873697162
1778595668046862800,72.52586279296875,7.551627677953243,-3.095502840095758,4.53451916013658
1778595668056853800,72.53585375976563,-1.3287540104664861,-1.6043819465473292,4.777256487876176
1778595668066846000,72.54584594726562,-7.322135031712055,-0.9767283327512443,5.662673879760503
1778595668076836900,72.5558369140625,-7.5296473168134685,-1.8487759554527698,7.427899006953835
1778595668086829000,72.5658291015625,-5.862810667657852,-1.307777711802721,9.902029943871497
1778595668096820000,72.57582006835938,-5.6059974682927125,-0.7347052907608449,11.734585563015937
1778595668106811600,72.58581176757812,-5.619920779705048,-0.7177759294003248,13.057085043132304
1778595668116802800,72.595802734375,-5.783109938955307,-0.1813026158288121,13.580381772005557
1778595668126794800,72.60579467773438,-5.9275920596480365,0.23840514375418423,12.653408380895852
1778595668136785700,72.61578564453124,-5.6552890302062035,0.30784429842233657,10.77997597696185
1778595668146777900,72.62577783203125,-4.94359037489295,0.6719324621140956,8.663098389279842
1778595668156768800,72.63576879882812,-3.996350148563087,1.2078707920260727,6.436157083335519
1778595668166761000,72.64576098632813,-2.2309271607100962,1.4451352413125336,5.221466820552945
1778595668176751900,72.655751953125,-0.2217220122396946,1.2508531707927584,4.549788625460863
1778595668186743800,72.66574389648437,1.7623533711493014,1.35585931340456,4.413435450688004
1778595668196735000,72.67573486328125,3.089617873710394,1.6829191844284535,3.9846950743436813
1778595668206727000,72.68572680664063,2.4519503770306703,1.9286837510347365,3.686700554284453
1778595668216718000,72.69571801757813,-0.2094888458713889,1.8893936509147284,-0.1583516560912132
1778595668226709800,72.70570971679687,-5.761161141997575,2.463273442816734,-9.281887874749302
1778595668236700700,72.71570068359375,-12.015851651114225,4.04788364418447,-16.086587178575993
1778595668246692900,72.72569287109376,-13.360928873741626,8.411496787083149,-15.880054552161692
1778595668256683800,72.73568383789062,-12.930380571192503,9.129346950763463,-20.93010389882326
1778595668266676000,72.74567602539062,-8.283926053702832,6.629764177203178,-19.540555081784724
1778595668276667000,72.7556669921875,-2.7699206404089924,5.763770447713136,-16.014831271398066
1778595668286658800,72.76565893554688,0.42662016931995744,7.594394222012162,-13.680796787434815
1778595668296650000,72.77564990234374,1.8417595008194445,12.43701603924632,-9.843777661389112
1778595668306642000,72.78564184570313,14.94037482421398,11.574508398306369,-7.42606302369833
1778595668316636000,72.79563598632812,23.59951015508175,4.501604440267384,-5.406252310061454
1778595668326628000,72.80562817382813,23.50496958464384,-1.977113143160939,-6.3004194101125
1778595668336619000,72.81561889648438,20.250744501578808,-4.786483458165824,-7.870699472832679
1778595668346610700,72.82561059570313,14.65038766952157,-5.34527615557313,-7.202371757212281
1778595668356601900,72.83560180664062,8.484667237234115,-3.7677275631546974,-2.588061267480254
1778595668366593800,72.84559375,3.8940529726490376,-2.520576169489324,1.7488538381069898
1778595668376584700,72.85558471679687,1.2265607333183288,-2.032034235394001,4.944063253101707
1778595668386577000,72.86557690429687,-0.855901666803658,-2.005572052665055,7.358035197132826
1778595668396567800,72.87556787109375,-1.4345228080138563,-2.0378589960247275,9.158166218012571
1778595668406560000,72.88556005859375,-1.343571201978624,-2.2010721206724644,10.694004497426748
1778595668416551000,72.89555102539063,-0.8373957037761807,-3.2403730833232403,10.252696315932273
1778595668426542800,72.90554296875,-0.08404606443047523,-4.295338940356672,9.763050512248277
1778595668436534000,72.91553393554688,-0.5270855997622013,-5.109802681356668,10.363195503002405
1778595668446525700,72.92552563476562,-1.5648527769744396,-5.334219339507818,10.404620569324493
1778595668456516900,72.93551684570312,-3.4131226826012133,-4.77847200114578,10.275527740943431
1778595668466508800,72.9455087890625,-5.117533567869663,-3.540248887084424,10.031122772252559
1778595668476499700,72.95549975585938,-7.004904480785131,-2.674967105256021,9.847208804881571
1778595668486492000,72.96549194335938,-8.47760855089426,-2.0219912725463507,9.922305839180945
1778595668496482800,72.97548291015624,-8.321655772638321,-1.0194906390264629,10.113409425795078
1778595668506473700,72.9854736328125,-7.3797104378461835,0.3096834965482354,10.42640686919689
1778595668516466000,72.9954658203125,-6.436385631394386,1.5888354178473352,10.202111791598796
1778595668526456800,73.00545678710938,-5.469719696843624,2.981478693769872,9.06816504456997
1778595668536449000,73.01544897460937,-3.8913606648251413,4.501745894564688,7.461715351837873
1778595668546440000,73.02543994140625,-1.5489996665433048,5.104658304205537,4.845218263468146
1778595668556432000,73.03543188476563,2.7843223829880355,2.018662128123641,1.778583205938339
1778595668566423000,73.04542309570313,4.589019688870012,2.3794664478391407,3.951103185865283
1778595668576414700,73.05541479492187,-0.056063540266454215,1.3437450972408056,4.213635347399116
1778595668586405600,73.06540551757813,-2.190397581923008,-0.29186873065531255,2.1825293327659367
1778595668596397800,73.07539770507813,-1.076634375745058,2.754997796565294,-0.9330249462336301
1778595668606388700,73.085388671875,-1.114158050714433,4.643652611811459,-5.631993494814634
1778595668616381000,73.095380859375,-0.7749744650460779,4.060058358363807,-12.793093914961814
1778595668626371800,73.10537182617188,-0.33540655134767294,2.8634038107484576,-19.39315268973112
1778595668636363800,73.11536376953126,-2.8755039983868595,0.11202274337559938,-22.1153529630661
1778595668646355000,73.12535498046876,-2.822555959792435,0.051881870667636394,-19.294221190857886
1778595668656347000,73.13534692382812,-2.5097318271309135,-0.7601251248300075,-17.170909186214207
1778595668666338000,73.14533813476562,-2.6743209163069723,-2.396621580779552,-17.47641072090268
1778595668676329700,73.15532983398438,-2.9042700741440055,-2.706782339450717,-15.240276639199257
1778595668686321000,73.16532080078125,-0.15981617568582296,-1.8631373660214243,-11.861488772398232
1778595668696312800,73.17531274414063,4.496754077626765,-0.7126866434372962,-7.866113898608088
1778595668706303700,73.1853037109375,5.3965036539852616,-0.7126005725890397,-4.8963697740346195
1778595668716296000,73.1952958984375,5.230887559849023,-2.00955323125571,-4.684845330682396
1778595668726286800,73.20528686523437,7.548314607882499,-3.8048569781094788,-4.1280093203008175
1778595668736278800,73.21527880859375,10.028755458599328,-4.519714974236488,-2.0684096171110866
1778595668746270000,73.22527001953125,8.505617670804261,-3.2731481024608016,0.9276642959833145
1778595668756262000,73.23526196289062,5.994989771616458,-1.9345994048193096,3.074586893317103
1778595668766252800,73.24525268554687,4.368174459464848,-1.5116998634576797,4.339394647443294
1778595668776245000,73.25524487304688,2.2449849121570584,-0.9716447458766401,5.195988095903396
1778595668786236000,73.26523583984375,-0.48272243416160343,-0.2287478192232549,6.725349288257956
1778595668796227800,73.27522778320312,-3.089091804009676,0.23608780672252178,8.207620228135585
1778595668806218800,73.28521875,-4.1468452459350225,-0.16250000794231892,9.4482147475034
1778595668816210700,73.29521069335938,-3.214205207365751,-0.3041113955043256,11.569525933718682
1778595668826201900,73.30520190429688,-1.909983580609411,0.13481427476778626,13.958629393953084
1778595668836193800,73.31519384765625,-1.3557083606265485,0.7007482222318648,15.430346791112422
1778595668846185000,73.32518505859375,-1.6134075490459798,0.940271702491492,15.938661054909229
1778595668856177000,73.33517700195313,-2.4134230779767036,1.8320080682642756,15.484011745804548
1778595668866167800,73.34516772460937,-3.2527824830412864,2.838895100174844,14.080613267111778
1778595668876160000,73.35515991210937,-3.257471517640352,3.132525872066617,11.223093838226795
1778595668886151000,73.36515087890625,-3.03028071860075,3.2205116140335797,8.010002145060897
1778595668896141800,73.37514184570313,-3.078935151654482,3.924181861191988,6.47151422792077
1778595668906134000,73.38513403320313,-2.4788743320524693,4.157654516980052,4.8692292536526915
1778595668916125000,73.395125,-1.5588170039415359,3.2423867612332105,3.5010885508239267
1778595668926116900,73.40511694335937,-0.762300715303421,2.9159476524561643,3.1343758838474747
1778595668936107800,73.41510766601563,-0.9939361457269639,3.791559105119109,2.4027234047859904
1778595668946099700,73.425099609375,-4.152890079057216,4.906529348999261,-2.8614941777348517
1778595668956091000,73.4350908203125,-9.848105461460351,5.222508438560366,-11.47252569516897
1778595668966082800,73.44508276367188,-11.167924324190617,4.293484252400696,-14.460298812907933
1778595668976073700,73.45507373046875,-9.958191976076364,2.593208567240834,-15.463855092960594
1778595668986066000,73.46506591796874,-12.866182532048224,2.617043908597529,-21.391626016306876
1778595668996056800,73.47505688476562,-6.854103678464889,3.947596931309998,-17.49198355308771
1778595669006049000,73.48504907226562,-1.1896434998095036,4.715001691754162,-14.593547591924667
1778595669016040000,73.4950400390625,2.5681436840891836,6.0797816859781735,-12.427772410082817
1778595669026031900,73.50503198242187,5.935858368211984,7.943215258467197,-8.751052567064761
1778595669036022800,73.51502270507812,11.028253987693786,7.078755314415693,-8.178861751163005
1778595669046014700,73.5250146484375,16.5885593798697,1.444721545945108,-9.341661083188653
1778595669056006000,73.535005859375,17.455854255086184,-2.3768641563862563,-8.580299110040068
1778595669065997800,73.54499780273437,16.409209359413385,-3.7869849290713664,-7.320816934850812
1778595669075988700,73.55498876953125,12.575379384797811,-4.1838688624277705,-4.839480596598983
1778595669085981000,73.56498095703125,7.432727742284536,-3.298621274152398,-1.5989806720256805
1778595669095971800,73.57497192382813,3.4676679272592064,-2.0025135418772697,1.656826711794734
1778595669105964000,73.58496411132812,0.6886407280698418,-1.7533011729046701,3.9286376715570688
1778595669115955000,73.59495483398437,-1.1241579050727188,-2.3505700237005946,5.7596285256028175
1778595669125947000,73.60494677734376,-1.3114762740597128,-2.8540996835693715,7.528720265096426
1778595669135938000,73.61493798828126,-0.9413725033402442,-3.3326194053441283,9.364204338908195
1778595669145929000,73.62492895507812,0.12547113075256347,-3.9708614870414136,10.756009410440921
1778595669155920600,73.63492065429688,0.7505142697893082,-4.536204629005492,10.342661249017715
1778595669165911800,73.64491186523438,0.3677366031967103,-5.126811683824658,9.710842186105252
1778595669175903700,73.65490380859374,-0.4136208408847451,-5.252180523246526,10.438218887543679
1778595669185895000,73.66489501953124,-1.90007271970883,-4.560750164458155,11.181596291190385
1778595669195886800,73.67488696289062,-4.0417946796596045,-4.0395387174263595,11.513105542838574
1778595669205877800,73.68487768554688,-5.530697020375729,-3.4818738550052046,11.308099687600135
1778595669215870000,73.69486987304687,-6.479483599364757,-2.8368896055713293,10.582565399158
1778595669225860900,73.70486083984375,-6.37302228950858,-2.0521631234481927,10.422520967674254
1778595669235853000,73.71485302734375,-5.925760168045759,-0.9375579134881495,10.161901361763476
1778595669245844000,73.72484399414063,-5.127990664476156,0.5455599986076355,9.697833651450276
1778595669255835600,73.73483569335937,-4.192139554905891,2.4736440301835536,8.875847990512847
1778595669265826800,73.74482690429687,-3.198985426402092,5.182275796893239,8.060885360080004
1778595669275818800,73.75481884765625,-0.4676163427054882,6.347597925394773,5.067288066232204
1778595669285809700,73.7648095703125,3.7878596660792825,4.500031784123182,1.6301958945006132
1778595669295801900,73.7748017578125,3.1154058104395865,3.9037326551422473,3.9480870529145
1778595669305792800,73.78479272460937,1.8108695647761224,1.4213441774889826,1.2592267391234635
1778595669315781400,73.79478149414062,5.203533104455471,7.104919098719954,-5.13671114654839
1778595669325772300,73.80477221679688,0.8792458636425435,0.5429650136783719,-16.14117918498516
1778595669335763500,73.81476342773438,-1.7119385042943058,-0.9401701418131589,-15.668050800859927
1778595669345755400,73.82475537109374,-3.792857328236103,3.7313764390960333,-17.438751144593954
1778595669355746600,73.83474658203124,-6.775049430972337,-0.9818852771230041,-20.718312913489342
1778595669365738500,73.84473852539062,-5.05403578594923,0.049078503684699536,-18.109173202145097
1778595669375729400,73.8547294921875,-4.984177236825228,2.547446640758216,-16.211700581932067
1778595669385721300,73.86472143554687,-6.052711308223008,1.3417622528605162,-14.683496158397197
1778595669395712300,73.87471215820312,-7.304993342775106,0.009548603459447622,-12.522687074530124
1778595669405704400,73.88470434570313,-8.16309251962304,-0.5452591159649193,-10.97233277850747
1778595669415695400,73.8946953125,-7.354263861900567,-1.3830237991839647,-8.779689463484287
1778595669425687300,73.90468725585937,-4.366076902663708,-2.3348339637778697,-6.376069402119517
1778595669435678500,73.91467846679687,-1.4085259047091006,-2.818435080470145,-3.924669936969876
1778595669445670400,73.92467041015625,-0.03656425535269081,-3.378573931789398,-2.454332595992088
1778595669455661300,73.93466137695313,1.2857973506629465,-4.075665385079383,-1.2022422846198082
1778595669465653500,73.94465356445312,4.105301813930272,-4.515619813877344,-0.04288403295874595
1778595669475644400,73.95464453125,9.270546396523713,-4.841993456202745,1.0405530085384844
1778595669485636400,73.96463623046876,11.31142795524001,-4.785955050377548,3.146794635915756
1778595669495627500,73.97462744140626,8.377323299324512,-3.367427099353075,4.747735794359445
1778595669505619200,73.984619140625,8.906427837693691,-1.3821157444283365,6.17727292291522
1778595669515610400,73.9946103515625,6.346693085509538,-1.9550550406098364,6.824925514775514
1778595669525601300,74.00460131835938,5.069316357189416,-0.7593219917535782,7.382919463020563
1778595669535593500,74.01459350585938,4.731368012404442,1.3228493164673447,11.125174731266497
1778595669545584400,74.02458447265624,6.075160455918311,2.282494704731554,12.674736415606736
1778595669555576300,74.03457641601562,6.187280522188544,1.613200043775141,13.059960890829563
1778595669565567500,74.0445673828125,3.9083296275436874,-0.27993279366791246,12.417968808948993
1778595669575559400,74.05455932617187,1.1091565891653299,-1.3910092449799178,11.786194169700146
1778595669585550300,74.06455029296875,-1.4176958841145038,-1.6150792816504835,11.651043356454371
1778595669595542500,74.07454248046875,-3.056356240099668,-1.056139869248867,11.619057149606942
1778595669605533400,74.08453344726563,-4.434391144955158,-0.21556422026231883,10.21012441766262
1778595669615525400,74.094525390625,-5.075231718713045,0.3281438668683171,7.845348758476972
1778595669625516300,74.10451635742187,-5.731929202294349,1.1245165092520415,6.146221951091289
1778595669635508200,74.11450830078125,-4.989619135618209,2.166512702336162,5.354411648187041
1778595669645499400,74.12449951171875,-2.929982607549429,2.4421118507139385,4.81145452555418
1778595669655491300,74.1344912109375,-1.7459633773624896,2.304174621620029,4.991544550722837
1778595669665482200,74.14448217773437,-1.2940870401024818,2.7838635333046318,5.162682038629055
1778595669675473400,74.15447338867187,-1.4603917010247707,3.9739474703580138,2.5316478908628226
1778595669685465300,74.16446533203126,-3.065609221613407,5.367540009829401,-4.2527386927753685
1778595669695456500,74.17445654296876,-5.218528429013491,6.616205022928118,-11.161368326675891
1778595669705448400,74.18444848632812,-7.333113521844148,8.380555705374478,-13.627680114275217
1778595669715439400,74.194439453125,-11.892295414072274,8.458970485919714,-20.6960870531559
1778595669725431600,74.204431640625,-14.372122516804932,5.396437018489837,-27.06553089965582
1778595669735422500,74.21442236328124,-10.367688138246535,2.0728180812031027,-21.26269217787981
1778595669745414400,74.22441430664063,-5.27774400357008,2.211876423281431,-15.693153677934408
1778595669755405300,74.2344052734375,-0.17730996599607168,4.793016951587796,-11.445614307367801
1778595669765397200,74.24439721679687,3.9882863768339156,9.776943428522348,-6.6899266772210595
1778595669775388400,74.25438842773437,9.45884310902357,5.832962641882896,-9.744417707970738
1778595669785380400,74.26438037109375,15.793886673271656,1.2144386261090636,-9.289085677298903
1778595669795371300,74.27437133789063,17.24164334912896,-1.3728934503138064,-5.736471521899103
1778595669805363500,74.28436352539063,17.71789541823268,-3.867101252837479,-6.085539811113477
1778595669815354400,74.29435424804687,14.50279121620059,-3.4561014081060883,-4.870708094033598
1778595669825345300,74.30434521484375,9.787086052352189,-2.4515382890984414,-1.60099551897943
1778595669835337500,74.31433740234375,5.127648134648799,-2.5489216817468403,2.029087076026201
1778595669845328400,74.32432836914063,1.5958078872084616,-2.6895857054561376,5.0203708322346206
1778595669855320600,74.33432055664062,-0.045215983037650585,-2.4717922648370263,7.278051559835672
1778595669865311500,74.3443115234375,-0.30701983029693364,-1.9994170371666549,8.665704772385954
1778595669875303400,74.35430346679688,-0.01614332554936409,-2.183364322285354,10.190262363851069
1778595669885294300,74.36429443359376,0.38965398210287094,-2.7141119516864416,11.90610415919423
1778595669895286300,74.37428637695312,0.6830278566241264,-3.2914944910123944,12.269517784625291
1778595669905277400,74.38427734375,0.7153880113504827,-3.7797511784255504,11.79388881585598
1778595669915269400,74.39426928710938,-0.2767794442035258,-4.120933975087106,11.621849995195864
1778595669925260300,74.40426025390624,-1.085616139101982,-4.09951475496143,11.410959173572063
1778595669935252500,74.41425244140625,-2.0452432610571383,-3.6549019789636135,10.756259585809707
1778595669945243400,74.42424340820313,-3.8592426482915876,-3.66475584897995,10.175113894557953
1778595669955234300,74.434234375,-5.265518143725395,-3.1192583942145107,10.023873531776665
1778595669965226500,74.4442265625,-5.890866549319028,-1.7657941592529416,9.890084654533862
1778595669975217400,74.45421752929687,-6.12980857642889,-0.4956441673159599,9.852760593789816
1778595669985209300,74.46420922851563,-5.887181723326444,0.922107538639009,9.818057529199123
1778595669995200500,74.47420043945313,-4.852026189917326,2.871430465337634,9.99829602292776
1778595670005192200,74.48419213867187,-2.9429449649751183,5.426486119794845,9.358018343749642
1778595670015183400,74.49418334960937,-0.6634278147496283,3.742141870999336,5.7426206921786065
1778595670025175300,74.50417529296875,1.965565036447346,1.2573898790851235,3.556406533420086
1778595670035166500,74.51416650390625,0.28046631602272387,-0.1929930536225438,3.302692469114065
1778595670045158400,74.52415844726562,0.38146862982064483,-0.22240356476306913,0.5189455479264259
1778595670055149300,74.5341494140625,2.323525072647631,5.8099733959615225,-5.0085968078106635
1778595670065140500,74.54414038085937,-0.887233793656528,3.235082283438742,-11.311533169180153
1778595670075132400,74.55413232421876,1.4336613688789308,3.4489395536527034,-15.2576509678483
1778595670085123300,74.56412329101562,-1.522543913555145,1.537173327410221,-19.168952304679156
1778595670095115500,74.57411547851562,-2.816502358841896,-1.6026578992336988,-20.551160695827004
1778595670105106400,74.5841064453125,-2.049130623884499,0.2216837260559201,-17.161423564988375
1778595670115098400,74.59409838867188,-4.663799620044231,2.094465557126701,-15.883968510735034
1778595670125089300,74.60408935546874,-7.211019758570194,2.4863407224103806,-15.518560496616363
1778595670135081200,74.61408129882813,-9.650898297274113,0.8946395398683845,-13.767573738133907
1778595670145072400,74.624072265625,-8.804048828715086,-0.4531640389829874,-11.932504674863814
1778595670155064300,74.63406420898437,-4.827713294176757,-1.1086718743883073,-9.575246551701426
1778595670165055500,74.64405541992187,-0.9746364750385283,-1.2841732565924524,-7.213313422465324
1778595670175047400,74.65404736328125,1.1092203020513056,-1.9777644466765223,-5.388019903278351
1778595670185038300,74.66403833007813,1.7150747564934192,-3.1628824318856,-4.941349902489781
1778595670195029500,74.67402954101563,2.3599765883408486,-4.652879289840161,-4.935916771525144
1778595670205021400,74.684021484375,3.6679376938864587,-5.229343837538361,-3.971533979475498
1778595670215012400,74.69401245117187,5.422487990069389,-4.6930292216598986,-1.8040093236178159
1778595670225004500,74.70400463867188,7.420885328799486,-3.669408643221855,1.6026327647924423
1778595670234995500,74.71399536132813,7.063340303140878,-1.8950087143175303,4.501037746295332
1778595670244987400,74.7239873046875,7.717099979704618,-0.5936594281271099,6.461086941930652
1778595670254978300,74.73397827148438,9.413652552688122,-0.4984945883110165,8.519987556940317
1778595670264970200,74.74397021484376,6.818173117905855,-0.6873448430404067,8.522306355276703
1778595670274961400,74.75396142578126,4.509088366281986,-0.204772046482563,9.76685165809691
1778595670284953300,74.76395336914062,3.8692286202549933,-0.3018545564882457,11.643369753086565
1778595670294944300,74.7739443359375,3.7365117561578747,-0.5833433474265038,12.282999197489023
1778595670304935400,74.78393530273438,2.7850737858772274,-0.8509756085783242,12.368393169397114
1778595670314927600,74.793927734375,0.7746949174523353,-1.5055758276194333,12.270054375720024
1778595670324918500,74.80391845703124,-1.2341209394395352,-1.7760770683363079,12.032948916387557
1778595670334910700,74.81391064453125,-2.871450923603773,-1.1166323318734765,11.77389582914114
1778595670344901600,74.82390161132813,-4.0866497204303736,0.21356442474722862,11.106329745543002
1778595670354893600,74.8338935546875,-5.432435383588075,1.667788396922499,9.573215338134766
1778595670364884700,74.843884765625,-6.936718833309412,2.729229149058461,7.255310735717416
1778595670374876400,74.85387646484375,-7.586773810136318,3.375858243089914,5.354896216833591
1778595670384867600,74.86386767578125,-7.248221069717407,3.482147411249578,3.5476644240379334
1778595670394859500,74.87385961914063,-6.365286726820469,2.9586496068462727,1.924206897881627
1778595670404850700,74.8838505859375,-6.615701749581098,3.2686285792097447,-0.34566578729450703
1778595670414841600,74.89384155273437,-6.936456967502832,4.351482560122013,-4.8043788880795235
1778595670424833500,74.90383349609375,-6.011549276751279,4.962003983461856,-8.3464412543267
1778595670434824700,74.91382470703125,-4.78073673120737,6.278264861449599,-9.017001259043813
1778595670444816600,74.92381665039062,-6.52213031643629,6.663122256925702,-13.430699744582176
1778595670454807600,74.9338076171875,-8.195009752887486,5.414666502663493,-17.549509859383104
1778595670464799700,74.9437998046875,-5.184379491174221,4.1319703328862785,-16.358412069112063
1778595670474790700,74.95379077148438,-1.8711400552131234,3.246497703683376,-13.394739957928657
1778595670484782600,74.96378247070312,0.7642039185762405,3.0919030620381234,-10.706306345117092
1778595670494773500,74.9737734375,2.984263648313284,3.810108322766423,-8.68253257306814
1778595670504765400,74.98376538085938,5.205886389583349,5.644280144935846,-6.204612765261531
1778595670514756600,74.99375659179688,5.847998882973194,5.391871902531385,-5.5666053691029544
1778595670524747500,75.00374755859374,9.967614468938113,-0.7811492081582546,-10.328670133066177
1778595670534739500,75.01373950195313,14.811063384646177,-1.9375296130523085,-9.70037924427986
1778595670544730600,75.02373071289063,14.654650003141164,-3.2579964182972905,-5.707297449862956
1778595670554722600,75.03372265625,13.650288251924515,-4.149211975066364,-3.570415769550204
1778595670564713700,75.04371362304687,10.671300498187541,-3.3755344179630278,-1.010378235027194
1778595670574705700,75.05370556640625,6.89811583867073,-3.5619290962338446,0.585977349191904
1778595670584696600,75.06369653320313,4.263769205355644,-3.3570454060703514,2.698787249043584
1778595670594688800,75.07368872070313,2.6285738951325417,-2.5393998201638457,5.494684626752138
1778595670604679700,75.0836796875,1.38279481273368,-2.3964631753474475,7.764246930804848
1778595670614671600,75.09367163085938,0.6080931732796132,-2.679492473725974,9.088139326584338
1778595670624662500,75.10366259765625,0.020400690732896326,-2.7507956687003374,9.753664844265579
1778595670634653700,75.11365380859375,0.21005612436532972,-3.217909322580695,9.703802788987755
1778595670644645600,75.12364575195312,0.2560145963333547,-3.641351592516899,9.817981541353463
1778595670654636500,75.13363647460938,-0.3860381296932697,-3.8129742335915564,10.483096140146255
1778595670664628500,75.14362841796876,-1.298882603815943,-3.5574461056008935,11.12436575297117
1778595670674619600,75.15361962890626,-2.5038123739540574,-3.0510069880262014,11.291874528986215
1778595670684611600,75.16361157226562,-4.141837939167022,-2.5622055262118577,10.918543905174731
1778595670694602500,75.1736025390625,-5.483679248613119,-1.4478263800926505,10.806376492631435
1778595670704594700,75.1835947265625,-6.228715525382757,0.20043708601817486,11.335064851415156
1778595670714585600,75.19358569335938,-6.799980458611249,1.1841150917768477,11.611569424200058
1778595670724576800,75.20357666015624,-6.60482613530159,1.3116342411004005,10.938961254781484
1778595670734568700,75.21356860351563,-6.221683727049827,1.0923742350600658,9.675896544930339
1778595670744559600,75.2235595703125,-6.022344227010011,1.6036282055705784,8.724346346446872
1778595670754551600,75.23355151367187,-5.91251607106924,2.7693594993948936,7.755023759907483
1778595670764542500,75.24354248046875,-4.901689507752657,3.849270120331645,6.746067082116007
1778595670774534700,75.25353466796875,-2.464983753865957,4.619212290298939,5.787033249878883
1778595670784525600,75.26352563476563,-0.633036183617264,3.7691780542239544,3.9618893682956693
1778595670794517500,75.273517578125,-0.0767852796472609,3.7682171002373095,0.419531233972311
1778595670804508700,75.2835087890625,0.49851869983896613,4.677380401629209,-6.344306482633948
1778595670814499600,75.29349951171875,0.8725544031798839,1.9330372700691223,-14.32438461407423
1778595670824491500,75.30349145507813,-0.46276145002022384,2.007362589343637,-16.12170759179592
1778595670834482700,75.31348266601563,-3.703504097308218,-0.8236714220672845,-19.739736760914326
1778595670844474600,75.323474609375,-5.212818819195032,-1.6506183586739003,-23.542937788510322
1778595670854465500,75.33346557617188,-4.648662841188908,-0.6897979352809488,-21.533982815408706
1778595670864457700,75.34345776367188,-3.3715140764057634,0.5983337035484612,-17.625939603590965
1778595670874448600,75.35344873046876,-3.1737890258252617,0.11914178160056471,-15.559100596797466
1778595670884440600,75.36344067382812,-2.904967408758402,-0.794915137051791,-13.431627965342997
1778595670894431500,75.37343139648438,-0.6576245352983474,-0.9194840582676231,-10.430470465373991
1778595670904422400,75.38342236328126,2.4313727222956714,-0.8007068721957504,-7.103555993673205
1778595670914414600,75.39341455078124,3.4168425799071787,-1.4612106161922216,-5.237585011661053
1778595670924405500,75.40340551757812,3.5291432634413242,-2.210899687203765,-3.782962541687488
1778595670934397700,75.41339770507813,3.95959453535676,-2.99268193256855,-2.713096344903111
1778595670944388600,75.423388671875,5.71100331864357,-3.5241800880759953,-1.7536849115252493
1778595670954380500,75.43338061523437,6.957691478711366,-3.744715520879626,-0.47456572345197195
1778595670964371700,75.44337182617187,6.16834025939703,-2.9841365148022767,1.2912865957289934
1778595670974363600,75.45336376953125,4.631435812056064,-2.6803581506446004,2.279084165635705
1778595670984354600,75.4633544921875,2.7564649465084075,-2.648032336579263,3.0854315279364584
1778595670994345700,75.473345703125,1.3910989690899849,-2.162647697471082,4.1754175526857376
1778595671004337700,75.48333764648437,0.5003296947836876,-1.115020951154083,6.073281218042969
1778595671014328800,75.49332885742187,1.649219159400463,-0.20237959838807582,8.468951781708002
1778595671024320500,75.50332055664063,4.739627306705713,0.782951873666048,11.074541107094287
1778595671034311400,75.5133115234375,7.46893887335062,1.265729252885282,13.338731070458888
1778595671044303600,75.5233037109375,8.539833244138956,1.045379844173044,13.950924226403236
1778595671054294500,75.53329443359375,7.234923196727037,0.10716653551608324,13.136440903919935
1778595671064286700,75.54328662109376,3.9397722290337085,-0.7825510377801954,11.429752721369265
1778595671074277600,75.55327758789062,0.5691781170170754,-1.2814585908062754,10.675712469410895
1778595671084268500,75.5632685546875,-1.9951357065856457,-0.8180487598799169,10.012440283614396
1778595671094260700,75.5732607421875,-4.003903632682562,0.31973595787659287,8.98533946184516
1778595671104251600,75.58325170898438,-5.616922182410955,1.1721977133594452,7.414061035737395
1778595671114243600,75.59324365234374,-6.453727226817607,1.4944859860673545,6.0843380341082804
1778595671124234800,75.60323486328124,-6.4170519853711125,1.580074749895185,5.071009132581949
1778595671134226700,75.61322680664063,-5.927469310051203,1.1864984797820448,4.348488054481148
1778595671144217600,75.62321752929688,-5.156593658626079,1.4715093073666095,3.743268244680762
1778595671154208800,75.63320874023438,-4.783934065943956,2.5324083538413045,1.3278501934945584
1778595671164200400,75.64320043945312,-4.932936878931522,3.5437156864121553,-3.7737060530424116
1778595671174191600,75.65319165039062,-5.028524912595748,4.431243202318251,-7.285131288963556
1778595671184183600,75.66318359375,-5.50624413164258,6.600923867166042,-8.328022969582676
1778595671194174500,75.67317456054687,-9.379348132026195,8.366990121358633,-14.130949954164027
1778595671204166700,75.68316674804687,-12.208565011012553,7.724404165238141,-21.805060686969757
1778595671214157600,75.69315747070313,-8.947750028163194,5.735425227716565,-21.69035644942522
1778595671224149800,75.70314965820313,-3.934420346611738,3.668812430894375,-17.57343083319664
1778595671234140700,75.713140625,0.15242811126112937,3.6857638579562306,-13.351630299520492
1778595671244132600,75.72313256835938,3.617686639291048,5.154159709477424,-9.475112106779218
1778595671254123800,75.73312377929688,6.579793400853872,7.3863120280683034,-6.1817421772837635
1778595671264114700,75.74311474609375,9.214500099653005,4.762063302658498,-7.758310526493191
1778595671274106600,75.75310668945312,13.490932387226819,2.5610911352291703,-7.240725161004066
1778595671284097800,75.76309790039062,14.464840547990798,1.3766142244026065,-3.5766257301062345
1778595671294089500,75.77308935546876,13.860111736577748,-1.6054337936878202,-2.352727493995428
1778595671304080400,75.78308032226562,13.380830675041675,-3.3666929398596284,-1.7235773580312728
1778595671314072600,75.79307250976562,10.508965909940004,-3.5019016207724807,-0.4873468790918588
1778595671324063200,75.80306323242188,6.804477770030498,-3.489202590458095,1.0109107344686985
1778595671334054400,75.81305444335938,3.8492356335401534,-3.564186812032759,3.1447306891232727
1778595671344046300,75.82304638671874,2.0547502173319456,-3.3957755342200397,5.53171934916079
1778595671354037200,75.83303735351562,0.8947111437998712,-2.930859390383959,7.270173958328366
1778595671364029400,75.84302954101562,0.23871640166044233,-2.599770117713511,8.54200883461237
1778595671374020400,75.85302026367188,-0.31234292501583694,-2.8658740002542733,9.281794351246953
1778595671384012500,75.86301245117187,-0.2513759767472744,-3.4834590783700343,9.468215333002805
1778595671394003500,75.87300341796875,0.08824731551259755,-3.635781098908186,9.85528806644082
1778595671403995400,75.88299536132813,-0.21835078224092722,-3.693201899002492,10.236572864127158
1778595671413986600,75.89298657226563,-1.320672264689207,-3.914287074643373,10.054793570697306
1778595671423977500,75.9029775390625,-2.3224377158023417,-3.740862352582812,9.491501516044138
1778595671433969400,75.91296948242187,-3.194887927955389,-2.828277844570577,9.309765477234125
1778595671443960300,75.92296020507813,-3.8570495221614833,-1.5162433521062135,9.866285261273383
1778595671453952300,75.9329521484375,-3.9611856039404865,-0.07543459569066763,10.730339547133445
1778595671463943400,75.942943359375,-3.9727509540498254,0.8442011460073292,11.574513074481487
1778595671473934300,75.95293432617187,-3.92742245054841,1.122599423584342,11.664258227336406
1778595671483926300,75.96292626953125,-3.7738980684831738,1.0919606858231126,10.89702414728403
1778595671493917400,75.97291748046875,-3.8878877280175685,1.467480636372417,9.811427881926297
1778595671503909400,75.98290942382812,-3.843122703617811,2.186971114605665,8.655916368821263
1778595671513900300,75.992900390625,-3.4974539937138553,3.0301714130073782,7.174300093460083
1778595671523892500,76.002892578125,-1.2461552222348748,1.9531113591961562,4.141323559904098
1778595671533883400,76.01288330078125,-0.24521876929178832,0.2298388293303549,1.8899872328937053
1778595671543875300,76.02287524414062,-0.8358125262379645,0.7602876219153404,-0.19871990683674812
1778595671553866500,76.03286645507812,-0.543610033583641,3.7193051852911707,-3.954938818505406
1778595671563857400,76.042857421875,-1.9039947154581545,2.799613183361292,-9.671896077117323
1778595671573849300,76.05284936523438,-2.5516625048875805,1.7242239853717385,-15.552705927324293
1778595671583840300,76.06284033203124,-5.750781202280521,0.16653467028588056,-20.122659388935563
1778595671593832400,76.07283251953125,-6.774987471652031,-0.048911914946138856,-22.18273664650917
1778595671603823400,76.0828232421875,-6.659873484262824,-0.41247736993804573,-19.386360545372963
1778595671613815300,76.09281518554687,-6.149235745954513,-1.4579716342709959,-17.154578813660144
1778595671623806500,76.10280639648437,-5.643482857078314,-2.8959637258306143,-15.661304249209165
1778595671633797400,76.11279736328125,-5.181585476541519,-2.9698478772088883,-13.813560413283108
1778595671643789300,76.12278930664063,-1.9100538693666458,-1.622779626894742,-10.231785629850625
1778595671653780500,76.13278051757813,2.0429615798607466,-0.35659152432605623,-6.6816252973437305
1778595671663772400,76.1427724609375,3.111749041497707,0.036419001663103696,-4.156975302544236
1778595671673763600,76.152763671875,3.5820343111515043,-0.3999498237330466,-2.8220313513964412
1778595671683755500,76.16275561523437,4.709113802759349,-1.412187203695625,-2.265016477316618
1778595671693746400,76.17274633789063,5.764739585006237,-2.47152455381155,-1.7723913655608892
1778595671703737600,76.18273754882813,6.580464431983232,-2.9087106869399544,-0.9260328953891992
1778595671713729300,76.19272924804687,6.479755986565351,-2.3281199992224573,0.9480179327040911
1778595671723720200,76.20272021484375,5.684309372985362,-1.0659482926882802,1.9905793584555387
1778595671733712400,76.21271240234375,7.112486903625726,0.266410464271903,3.5419974843174216
1778595671743703300,76.22270336914063,6.107327864551544,-0.7387419989310204,5.522018039357662
1778595671753695500,76.23269555664062,5.2439282432079315,-1.2711482091940938,6.000902795052528
1778595671763686400,76.24268627929688,4.559441419947147,-0.6416838927142322,7.041576799622177
1778595671773677300,76.25267724609375,4.673849889415502,-0.31050796467363834,8.85676510438025
1778595671783669500,76.26266943359374,5.072316123527288,-0.48475408611968157,9.951496862351894
1778595671793660400,76.27266040039062,4.754102406781912,-0.34394597776457664,10.745133796161413
1778595671803652400,76.28265234375,3.5923663200736042,-0.08601677998155355,11.277587644958496
1778595671813643500,76.2926435546875,1.5576140578925608,0.019719576600939034,11.485980220025777
1778595671823635500,76.30263549804687,-0.38212782438173887,-0.11528554456382989,11.301025803691148
1778595671833626600,76.31262670898437,-1.7479238637804984,-0.2006707486435771,11.136561217677592
1778595671843617500,76.32261743164062,-3.0542753421723843,0.18665274468511342,10.407222860777377
1778595671853609200,76.33260913085938,-4.022949693936109,0.8663795139372348,9.372205859056114
1778595671863600400,76.34260034179688,-5.29432338244915,1.6519171663127838,8.285825749844312
1778595671873592300,76.35259228515625,-6.446619440639019,2.334974833553284,7.59225311833024
1778595671883583200,76.36258325195313,-6.367952146637439,2.889561165311932,6.897368235173821
1778595671893575400,76.37257543945313,-5.706593685507774,3.4294098005354403,5.531492554667592
1778595671903566300,76.38256640625,-5.583909555125236,3.8084991340041157,3.0981267588585615
1778595671913557200,76.39255712890625,-4.546726899802684,4.0858512635290625,-0.7968459589838981
1778595671923549400,76.40254956054687,-2.8999042801499364,4.154010022997856,-5.436160541591048
1778595671933540400,76.41254028320313,-2.3357542934931814,5.27459226154089,-7.413947638490796
1778595671943532500,76.42253247070313,-3.1624621606469154,6.672814214378595,-7.359096688884496
1778595671953523500,76.4325234375,-7.646199812573194,6.8267357790678735,-15.939052684575318
1778595671963515400,76.44251538085938,-10.394710585206747,4.583520799192786,-25.91075179247856
1778595671973506600,76.45250659179688,-8.690628201240301,0.9070293581031262,-23.029173442614077
1778595671983497500,76.46249755859375,-4.725529807770252,-1.0776211948253214,-15.224744723546504
1778595671993489400,76.47248950195312,-1.2150573425292968,-0.7841017743535339,-10.843584818041323
1778595672003480300,76.48248022460938,2.3095102835595607,1.2497028317138552,-7.385580206662416
1778595672013472300,76.49247216796876,6.0830351348161695,4.532735783851146,-4.27455597230792
1778595672023463400,76.50246337890626,7.395374455446005,3.5816815521910783,-5.781076387301087
1778595672033455400,76.51245532226562,8.10112150887847,-0.2889206945046782,-10.005170000350475
1778595672043446300,76.5224462890625,11.48272794023156,-0.2115951705008745,-7.15610217346847
1778595672053437400,76.5324375,12.489225534433126,-0.9477727257713675,-2.294113392463326
1778595672063429400,76.54242944335938,12.06483692355752,-2.006291306850314,0.17765256888866424
1778595672073420300,76.55242016601562,9.937614467471837,-2.477199384577572,0.8805226055800914
1778595672083412500,76.56241259765625,7.926403239876032,-2.85857829028815,1.6599954049587249
1778595672093403400,76.5724033203125,6.2238733460485935,-3.0239769422814247,3.4457693991839884
1778595672103395600,76.5823955078125,4.933411510705947,-2.787022289596498,5.289648960897326
1778595672113386500,76.59238647460937,4.288502664595842,-2.740628787212074,7.126117954093218
1778595672123377400,76.60237744140625,4.282559246021509,-2.775367799898982,8.885122014814614
1778595672133369300,76.61236938476563,4.233418490755557,-3.2081074750125405,9.60424176003933
1778595672143360300,76.6223603515625,3.451695282101631,-3.4577456681817766,9.204982329723238
1778595672153352400,76.6323525390625,2.295189351131767,-2.9084347926080225,9.236860984542965
1778595672163343400,76.64234326171875,-0.8635296774640678,-3.333172363051772,9.428139927724004
1778595672173335300,76.65233520507813,-2.5631612195014952,-3.539311313973367,9.07793708152175
1778595672183326500,76.66232641601563,-3.494439029806852,-3.2123136945307253,9.183730867379904
1778595672193317400,76.6723173828125,-4.248810121154785,-2.05609432541728,9.429213694435358
1778595672203309300,76.68230932617188,-4.918370593440533,-0.6743366006463766,9.606246670120955
1778595672213300500,76.69230053710938,-5.111773689168691,0.5157695482388138,9.80021324495077
1778595672223292400,76.70229248046876,-4.934966338932514,1.5150518042340875,9.880383929252623
1778595672233283300,76.71228344726562,-4.594494028627873,1.8517456189133226,9.345764426854252
1778595672243274500,76.7222744140625,-3.853937527620792,1.5539042435891925,9.039674278622865
1778595672253266400,76.73226635742188,-3.2550410756230352,2.1775283096082507,9.059680709341167
1778595672263257600,76.74225756835938,-3.0031717624008656,3.824541337266564,8.589249893736838
1778595672273249300,76.75224926757812,-3.151901019144058,3.873139656218886,4.570922014382481
1778595672283240200,76.762240234375,-2.7487960193157193,4.502447028571367,0.5978104103267192
1778595672293232400,76.772232421875,-2.6886569001734255,3.621837329229712,-3.378305051720142
1778595672303223300,76.78222338867188,-2.0150703872419893,2.871865349623561,-7.837246700564027
1778595672313214200,76.79221411132812,-2.391403115478903,3.6796202406346796,-11.064991188460588
1778595672323206400,76.80220629882812,-5.357442394185066,1.7625811885558067,-13.833629387843608
1778595672333197600,76.81219750976562,-6.619654286599159,1.2981873150281606,-16.275898621076344
1778595672343189500,76.822189453125,-6.612122137528657,2.021058814001828,-18.548520897221564
1778595672353180400,76.83218041992187,-6.545629265445471,1.3013260514453053,-19.442841726529597
1778595672363172600,76.84217260742187,-6.406396151322126,-0.8671041749499737,-15.70271411796212
1778595672373163500,76.85216357421875,-5.305147558802366,-1.5713956227466463,-13.737685964870453
1778595672383154400,76.86215454101563,-4.371669608104229,-1.5756133865721522,-11.743356898492573
1778595672393146600,76.87214672851563,-3.0577696140289303,-1.46133000478819,-9.141029205250739
1778595672403137500,76.88213745117187,-0.4606874202251434,-1.3291710668347776,-7.030939085751772
1778595672413129500,76.89212939453125,1.4809972666800022,-1.2248176890432834,-5.126095059987902
1778595672423120400,76.90212036132813,3.3121640618145465,-1.6405369635120033,-3.851315946945548
1778595672433111600,76.91211157226563,4.298443043851853,-2.584669286954403,-3.6711119400084016
1778595672443103500,76.922103515625,5.084619140261411,-3.34481428552866,-2.8996248786866663
1778595672453094400,76.93209448242187,7.426396201175451,-3.1832828303575513,-1.1116799701631068
1778595672463086300,76.94208642578126,9.978447997641563,-2.354021625459194,1.1553285577535628
1778595672473077500,76.95207739257812,13.657549182838201,-1.506053235872835,4.395159204763174
1778595672483069400,76.9620693359375,15.526782381516695,-0.6434881656572222,7.372188810169696
1778595672493060600,76.972060546875,10.870677407628298,-0.7834595309272409,7.4184811902672045
1778595672503051500,76.98205151367188,6.375152287274599,-0.5549712394230067,6.762199301749467
1778595672513043500,76.99204345703124,3.7099697861909866,-0.40582799505144357,7.8806492044389245
1778595672523034600,77.00203466796874,2.7500457271158694,-0.937241979406774,9.234791192531585
1778595672533026600,77.01202661132812,1.846623745854944,-1.3853618867427109,10.29332292535305
1778595672543017500,77.022017578125,0.8397486235778778,-1.493834244160354,11.119142465364932
1778595672553008600,77.03200854492188,0.17082535321712494,-1.518158684208244,11.213286729961633
1778595672563000300,77.04200024414062,-0.7753365763567388,-1.311899467907846,11.322183158010244
1778595672572991500,77.05199145507812,-1.5954453375063835,-0.8694377324640751,10.892093120622635
1778595672582983400,77.0619833984375,-2.4780489871442315,-0.5049462486684322,9.528896888458728
1778595672592974300,77.07197436523437,-4.180956482112407,0.4003160997621715,8.138384194824098
1778595672602966500,77.08196655273437,-6.662166563636064,1.7603052064478397,6.351477981698513
1778595672612957400,77.09195751953125,-9.284027809387444,2.4307149890393016,4.592836324548721
1778595672622948400,77.1019482421875,-9.498782320702075,2.289611112608015,3.048037324565649
1778595672632940500,77.1119404296875,-7.909450936031341,2.3403106416232884,1.8803841227680445
1778595672642931500,77.12193139648437,-7.547126859402656,2.640544318911433,-0.23408698829412458
1778595672652923600,77.13192358398437,-7.946367000496387,3.2336656946390865,-4.079759960916638
1778595672662914600,77.14191455078125,-7.673202385789155,3.2248902675092217,-8.423985097256303
1778595672672905500,77.15190551757813,-6.1494099334776395,2.2764992637090384,-9.977664738309382
1778595672682897700,77.16189770507812,-5.482639968693256,3.702868429753184,-12.512745526230335
1778595672692888600,77.171888671875,-6.658957538461685,4.886285017871856,-15.30173794685602
1778595672702880300,77.18188037109375,-5.026543383389711,4.0485952995851635,-14.215601583272218
1778595672712871400,77.19187133789063,-1.8870283830881118,4.100440053112805,-11.806639576357602
1778595672722863400,77.20186328125,0.8730722895741462,4.6946726049527525,-10.216498044347762
1778595672732854300,77.21185424804688,4.414112911558151,7.2166089568793765,-7.711381017535924
1778595672742845400,77.22184545898438,7.594028895831108,11.56217732452154,-5.042768542003631
1778595672752837400,77.23183740234376,10.149797082471848,7.522242593514918,-8.088817907622456
1778595672762828500,77.24182861328126,14.557595988577603,0.3449874496415257,-8.409773616552352
1778595672772820500,77.25182055664062,16.23791521964073,-3.2776188181340693,-8.376669803851842
1778595672782811400,77.26181127929688,15.128963797658681,-4.56987981185317,-7.576396208506822
1778595672792802600,77.27180249023438,11.334385636979341,-3.4108395401000973,-4.7642707495749
1778595672802794500,77.28179443359375,7.099995670843124,-1.9192630117386578,-2.159889630934596
1778595672812785400,77.29178540039062,3.933068347480893,-1.2722332279518247,0.1755500436514616
1778595672822777600,77.30177758789063,1.625633993412554,-1.081781675505638,2.3382143999964
1778595672832768500,77.3117685546875,0.48779038507565853,-0.9189724554836749,4.43686776420176
1778595672842759400,77.32175952148438,0.41668899628371,-1.1345300998747347,5.808359531024098
1778595672852751600,77.33175170898437,0.8565221367895602,-1.4663064780265092,7.059917342954874
1778595672862742500,77.34174243164063,1.546381739129871,-1.4973811229869722,8.790767906859516
1778595672872734500,77.351734375,1.4559119252622126,-2.2110344194993377,9.517620876684784
1778595672882725400,77.36172534179687,0.7886798959240316,-2.9374226944223043,8.902081917443871
1778595672892717300,77.37171728515625,-0.8224772438466549,-3.2886291647091506,8.764284389081597
1778595672902708500,77.38170849609375,-2.2260253601431845,-3.646969140137732,8.851853366941214
1778595672912699400,77.39169946289063,-3.169943164052069,-3.8620346170976756,8.764002649530768
1778595672922691600,77.40169165039063,-3.839273042452335,-3.888606397680938,9.128224668735266
1778595672932682500,77.4116826171875,-4.241379678893089,-3.499224510517716,9.80430080652535
1778595672942674400,77.42167431640625,-4.6108372606635095,-2.812245870441198,10.436585733383893
1778595672952665600,77.43166552734375,-4.862795421212911,-1.9234717154748737,11.091206995213032
1778595672962656500,77.44165649414063,-5.013409176528453,-1.1869723809041082,11.257395920801162
1778595672972648400,77.4516484375,-4.856111997926235,-0.3460026180334389,10.968518188655375
1778595672982639600,77.4616396484375,-4.591504783684015,0.4768336683839559,10.380689074116944
1778595672992631600,77.47163159179688,-5.070774154782295,1.6053293104000388,9.434870697283744
1778595673002622500,77.48162255859376,-4.71266448097825,3.424115493519604,8.773625633400679
1778595673012613600,77.49161352539062,-2.5081074407994746,3.8528234288990495,7.493465411841869
1778595673022605300,77.50160522460938,-1.5170470697045326,2.589737676259875,5.171555080914497
1778595673032596500,77.51159643554688,-1.101420441955328,2.430570173741132,2.519369424048066
1778595673042588400,77.52158837890624,0.9812694833122193,4.987980136239528,-2.6341578327447173
1778595673052579300,77.53157934570312,1.865910776257515,5.538701463133096,-10.295254185676574
1778595673062571500,77.54157153320313,0.07444353882670401,3.505569787891209,-16.881358084851502
1778595673072562400,77.5515625,-5.658177737385034,0.4268250442422926,-23.57420269534588
1778595673082553300,77.56155322265624,-7.063874556148051,-2.0759176546536384,-27.042348761510848
1778595673092545500,77.57154565429687,-5.29335307611227,-1.8799900088839232,-21.75889281003475
1778595673102536400,77.58153637695312,-3.316892843902111,-1.0800624504975973,-16.582953814947604
1778595673112528600,77.59152856445313,-2.0090623789988458,-0.5350817130826413,-13.645981494641303
1778595673122519600,77.60151953125,-1.1615198136091232,0.31483634926676746,-10.226245531380176
1778595673132510500,77.61151049804687,-0.9082112613640725,0.5469523297488689,-7.99416218637228
1778595673142502700,77.62150268554687,-0.1338018828548491,0.5648414760522544,-6.387731198340654
1778595673152493600,77.63149365234375,1.23772977758646,0.31580212555900217,-4.48576886549294
1778595673162485200,77.6414853515625,2.471240476173162,-0.29675109586939213,-3.2462896138906476
1778595673172476400,77.65147631835937,2.9001836816132065,-0.9135248576022684,-3.117165221327543
1778595673182467600,77.66146752929687,4.1207215013802045,-1.9701871432900429,-2.209030970722437
1778595673192459500,77.67145947265625,5.655590643501282,-2.8167794222176075,-1.295509766381979
1778595673202450400,77.68145043945313,6.677965021270513,-2.967842090344429,0.45431087093055245
1778595673212442400,77.6914423828125,7.18057201333642,-2.796386038008332,2.2428297799497843
1778595673222433500,77.70143359375,6.7489435143351555,-2.453516311173141,3.9516783554047343
1778595673232425500,77.71142553710938,5.7341714282631875,-1.926537971177697,6.002645839327573
1778595673242416400,77.72141650390626,4.407506645160913,-1.508077289046347,7.28079822819531
1778595673252407600,77.73140747070312,3.757662096214294,-0.698770054026693,8.844933212289213
1778595673262399500,77.7413994140625,4.287528851127624,0.1771251840136945,10.419356366163491
1778595673272390400,77.75139038085938,5.23587353156805,0.4205839578956365,11.457566610968112
1778595673282382600,77.76138256835938,5.425131198054552,-0.35917204233855005,12.172662507504224
1778595673292373500,77.77137353515624,4.106241725128889,-1.9552977633245288,12.382657841593026
1778595673302364700,77.78136474609374,1.9539000253558159,-2.709717516119778,11.947917348051071
1778595673312356400,77.7913564453125,0.03203874075226486,-2.733357919426262,11.803650331413746
1778595673322347500,77.80134741210938,-1.1561129861295223,-2.1807152690812943,11.734813526552914
1778595673332339500,77.81133935546875,-1.7588124836720525,-1.4710601022943854,10.355237821996212
1778595673342330400,77.82133032226562,-2.667389655739069,-0.4462349703721702,8.082591580453515
1778595673352321300,77.8313212890625,-4.174476472443342,0.9978481315389275,5.427547611546516
1778595673362313500,77.8413134765625,-6.3108268223583694,2.1254276816233992,2.2687217615753412
1778595673372304400,77.85130444335938,-6.058260759043693,2.5450892639771103,-0.7158534369051456
1778595673382296600,77.86129663085937,-3.222187438291311,3.0068671097874637,-2.966749618932605
1778595673392287500,77.87128759765625,-1.598173008904606,4.133265633393824,-5.381203209000826
1778595673402278400,77.8812783203125,-2.2638173306599256,5.1511809859275814,-9.174870684576033
1778595673412270600,77.8912705078125,-3.045053048057854,5.884539099863171,-11.241681634318828
1778595673422261500,77.90126147460937,-5.840890512272715,6.370647961592674,-10.67895072067976
1778595673432253400,77.91125341796875,-9.547650688767433,5.744773486298322,-13.903533529675006
1778595673442244600,77.92124462890625,-11.165299820905924,4.495682941263913,-15.952430052542686
1778595673452235500,77.93123559570313,-9.155325441628694,3.3650644618749617,-14.354888473409414
1778595673462227500,77.9412275390625,-5.389854132968187,3.104247872087359,-11.643112563455103
1778595673472218600,77.95121850585937,-2.0739470852330326,3.552770807266235,-8.934100272995233
1778595673482210300,77.96121020507813,1.419554663723707,4.925914432948828,-6.2093029689043755
1778595673492201500,77.97120141601563,4.165010724961758,6.099076169034839,-3.8786744939923286
1778595673502192400,77.9811923828125,6.379725586539506,6.525343433263897,-2.1505279283493755
1778595673512184300,77.99118432617188,7.86021665726304,6.00160831297338,-1.4242776005923747
1778595673522175500,78.00117553710938,6.996898868983983,2.0692999900795517,-1.8956711237490176
1778595673532167400,78.01116748046876,7.166902384424209,-4.11942620087266,-6.019085517475008
1778595673542158300,78.02115844726562,13.676191923987865,-3.0155218331471083,-6.207648187434673
1778595673552150500,78.03115063476562,14.298836331319809,-2.1893327291704714,-2.011722099727392
1778595673562141400,78.04114135742188,11.687598186391591,-3.7074201017081734,-0.9971709629297256
1778595673572132600,78.05113256835938,8.434848436576127,-4.1148967407494785,0.04411971223354339
1778595673582124500,78.06112451171875,5.204420408684015,-3.8178862632915376,1.7994804480165243
1778595673592115500,78.07111547851562,3.2033354383051393,-3.220336257466674,4.198842851936817
1778595673602107600,78.08110766601563,2.46853150947541,-2.8978692671909925,6.895520561480522
1778595673612098600,78.0910986328125,1.7759350295171141,-3.39632527705729,8.904468520319462
1778595673622089500,78.10108935546874,1.369598792682588,-3.64694429795742,9.79616718443036
1778595673632081400,78.11108129882813,0.6976420729100704,-4.110819408307969,9.302487595185637
1778595673642072300,78.121072265625,0.10476181246191263,-4.380163880205155,8.536023330461978
1778595673652064500,78.131064453125,-0.6619618338502943,-4.226600919695199,8.417402211734652
1778595673662055400,78.14105541992187,-2.0034863324321806,-4.127300002987683,8.337093580266833
1778595673672046300,78.15104638671875,-3.139645933204889,-3.6668671420454975,8.465925711885093
1778595673682038500,78.16103857421875,-4.120257683260738,-2.426560061316937,8.931045561599731
1778595673692029400,78.17102954101563,-5.065285494238138,-1.06435883153975,9.529512390008568
1778595673702021400,78.181021484375,-5.448763418054581,-0.09028919660374522,10.134597175252438
1778595673712012500,78.19101245117187,-5.154911404627561,0.6320178003549576,10.704772559678554
1778595673722003500,78.20100341796875,-4.6263387811779975,1.4152248178258537,10.825284606719016
1778595673731995600,78.21099560546875,-3.546013734221458,2.639423790448904,10.588576622271537
1778595673741986600,78.22098657226563,-2.7701465581193565,4.653047632144391,9.242603327587247
1778595673751978500,78.230978515625,-1.7345001724533735,5.490210696208477,5.71426553530991
1778595673761969700,78.2409697265625,-1.3239385730087756,3.532415124718845,1.9010978249728678
1778595673771960600,78.25096069335937,-1.9486499958731234,2.0316889290876685,-1.7939672375530002
1778595673781952300,78.2609521484375,-2.109025120615959,0.7054865028001368,-7.100847903758287
1778595673791943400,78.270943359375,-2.873196305966377,2.950590511292219,-11.080884338641166
1778595673801935400,78.28093530273438,-4.422893891645968,2.254615933202952,-15.46363881986141
1778595673811926300,78.29092626953125,-3.5247163869097826,0.5358299011014401,-17.17728047481179
1778595673821917400,78.30091748046875,-2.288798627181351,1.2136831315666436,-15.526283199822903
1778595673831909400,78.31090942382812,-2.6393255907714366,2.6307617605656386,-14.412142392504215
1778595673841900500,78.32090063476562,-2.0890309648573395,3.4820571026176212,-12.11737258195877
1778595673851892500,78.330892578125,-1.2274797478593886,3.110932464417815,-10.273950700885058
1778595673861883400,78.34088330078124,-1.052644720609486,2.586047589570284,-9.303114787173271
1778595673871874600,78.35087451171874,-0.4373698191322386,1.436969178252667,-9.333858885005116
1778595673881866500,78.36086645507812,1.4060752966865897,0.22817513390183447,-8.200435285067558
1778595673891857400,78.370857421875,3.5904864976763724,-1.1774148634858428,-6.1025020518302915
1778595673901849600,78.380849609375,3.89692005251795,-2.5774516106605527,-3.962193319678306
1778595673911840500,78.39084057617187,3.1926223211109637,-3.221889332127571,-2.5232769528806207
1778595673921831400,78.40083154296875,2.68771581993103,-3.9312376249223946,-1.973060652899742
1778595673931823600,78.41082373046875,2.873468693166971,-4.3752334380656475,-1.4991057548224924
1778595673941814500,78.420814453125,3.2972903178095816,-4.771746200022101,-0.893276288691163
1778595673951806500,78.43080639648437,3.460106552094221,-4.8833477953761815,0.26633038477301596
1778595673961797400,78.44079736328125,3.513404427039623,-4.445012492212653,1.9616227285623549
1778595673971788300,78.45078833007813,4.029806135702133,-3.981019016179442,3.30889366184175
1778595673981780500,78.46078051757813,3.293533011102676,-3.783375506402552,4.713114562833309
1778595673991771400,78.470771484375,2.3053939342819154,-3.0385283224642277,6.040316521552205
1778595674001763600,78.480763671875,2.0299195813275874,-1.6647563357502222,7.270735683864355
1778595674011754500,78.49075439453125,2.5233108551502226,-0.717850163680315,8.726533627358078
1778595674021745400,78.50074536132813,3.696688279813528,-0.13945625535473227,10.633336970496178
1778595674031737600,78.51073754882813,4.006101434987783,-0.4770053716890514,12.10051263257265
1778595674041728500,78.520728515625,2.748651057887077,-1.3890468588657676,12.964115667533873
1778595674051720400,78.53072045898438,1.077746209444478,-2.1780952958412465,13.048249410247802
1778595674061711600,78.54071166992188,-0.3739081314384937,-2.294883061661571,12.545359509587287
1778595674071702500,78.55070263671875,-1.36339380056262,-2.747890010386705,11.322760665637254
1778595674081694500,78.56069458007812,-1.9907833565950392,-3.0717844031170007,9.809069920623301
1778595674091685600,78.570685546875,-3.0803382964506745,-2.846342785832286,7.6834133986800905
1778595674101677300,78.58067724609376,-4.092644576931,-1.832511049350351,6.136992934975027
1778595674111668500,78.59066845703126,-4.6759857324004175,-0.9114695325076579,4.770047579410672
1778595674121659400,78.60065942382812,-4.827184009605646,-0.15562383856251835,3.123207424101233
1778595674131651300,78.6106513671875,-4.265090224826336,0.9819523510098457,1.5108943922936915
1778595674141642500,78.620642578125,-3.4175638799190518,2.7970342727839945,-1.2226584651827812
1778595674151634400,78.63063452148438,-3.0833447847902775,4.15851493320167,-6.181902920803427
1778595674161625300,78.64062524414062,-2.9389877517819403,4.569255542474985,-10.993332311916351
1778595674171616500,78.65061645507812,-2.4744927559673786,5.6228550795912735,-13.8873188924551
1778595674181608400,78.6606083984375,-3.694142102462053,6.768540195208788,-18.326112656283378
1778595674191599400,78.67059936523438,-5.57724366749525,6.729144004365802,-21.243812120842932
1778595674201591600,78.68059155273437,-5.219112950903177,5.593447783321142,-18.207358851087093
1778595674211582500,78.69058251953125,-2.9081659125387667,5.144646615722775,-13.897694155997037
1778595674221573600,78.70057373046875,-1.1599565098151563,5.96331979111135,-10.063697008121013
1778595674231565600,78.71056567382813,0.6833095961749553,7.051530038359761,-6.558120498228073
1778595674241556500,78.72055639648437,1.7870212178073823,8.062759337258338,-4.229324499440193
1778595674251548400,78.73054833984375,2.420815964706987,7.722121607258916,-3.5556478240072726
1778595674261539600,78.74053955078125,2.754645622126758,5.042396201559901,-4.4146968489259475
1778595674271530500,78.75053051757813,4.256847297137975,0.6085797877527773,-6.041542848476767
1778595674281522400,78.7605224609375,9.120681998270749,-1.0144090979784726,-6.424630311670899
1778595674291513300,78.77051342773437,12.505230912816524,-1.1722545581132173,-2.861182627567649
1778595674301505500,78.78050561523438,12.252401814651488,-1.9691287202782928,-1.056492335948348
1778595674311496400,78.79049633789063,10.770892506796121,-3.1970296161592007,-0.4314426210403442
1778595674321487400,78.8004873046875,9.070137221425771,-3.972176076771319,0.6019383039116859
1778595674331479600,78.8104794921875,6.62368047337532,-3.8627316594511267,2.527683078885078
1778595674341470500,78.82047045898437,4.938798464441299,-3.875756560719013,4.517684345191717
1778595674351462400,78.83046240234376,4.1366941465377804,-4.440873492711782,6.263887376528978
1778595674361453600,78.84045361328126,3.784117556941509,-4.899701548805832,8.010693049934506
1778595674371444500,78.85044458007812,3.2895115005016327,-4.860174425059557,9.750465755963324
1778595674381436700,78.86043676757812,2.440487610512972,-4.683603221666813,11.033521698963641
1778595674391427600,78.87042749023438,1.2366824604906141,-4.575856548175215,10.871080727732181
1778595674401419500,78.88041943359374,-0.4046491605304181,-4.251408320954442,10.121960981041193
1778595674411410700,78.89041064453124,-1.7567653418838978,-4.210662469068169,9.660404376766085
1778595674421401600,78.90040161132812,-2.6197113742411133,-3.675473642349243,9.527992048573493
1778595674431393300,78.91039331054688,-3.458327267462015,-1.94888935758695,9.619467386221885
1778595674441384400,78.92038452148438,-4.242608343905211,0.2929167784035206,10.177017097830772
1778595674451376400,78.93037646484375,-5.16317420606017,2.343825225615501,10.940378135842085
1778595674461367300,78.9403671875,-5.4651031429588794,3.219434632451832,10.714953761953115
1778595674471358500,78.9503583984375,-4.599572647066414,3.2949247577220198,9.796909527230262
1778595674481350400,78.96035034179687,-3.674932375079393,3.4506033952116963,8.808231667357683
1778595674491341600,78.97034155273437,-3.139914813274145,3.918217107568681,7.741462267544865
1778595674501333500,78.98033349609375,-2.714573431718349,5.072167654967307,6.30711569288075
1778595674511324400,78.99032446289063,-1.8366389429353176,4.088519605955481,3.839306944721937
1778595674521315600,79.00031567382813,-1.417602360612154,3.712506611192226,0.4128554094702005
1778595674531307500,79.0103076171875,-1.7792158047534525,3.650871116012335,-4.9621600508064025
1778595674541298400,79.02029833984375,-4.167233077186346,2.418171587678045,-12.012304772287607
1778595674551290600,79.03029052734375,-6.5770566693663595,2.340491843409091,-14.50605401738882
1778595674561281500,79.04028149414063,-8.160586089760065,-0.04447159441113472,-16.92528490486145
1778595674571272400,79.0502724609375,-7.781154226464032,-1.6172037264585495,-18.67055270117521
1778595674581264400,79.06026440429687,-6.184838974255323,-0.5228946508783847,-15.462253502982854
1778595674591255600,79.07025561523437,-3.6498341741800306,0.2293964923903346,-12.360861020326613
1778595674601247500,79.08024755859375,-1.8259630890116094,0.4913748194336891,-10.911170746058225
1778595674611238400,79.09023828125,-2.0260593987680973,0.7892860451236366,-9.526106965479254
1778595674621229300,79.10022924804687,-1.1138310107171534,0.3936296077355742,-8.508943015834689
1778595674631221500,79.11022143554688,-0.033544542205333705,-0.3320604557901621,-8.022464151749015
1778595674641212400,79.12021240234375,0.6930310719832777,-1.364169753371179,-7.412767488795518
1778595674651204600,79.13020458984376,2.701364406055212,-2.823626511633396,-6.0969613688379525
1778595674661195500,79.14019555664062,4.476705853593349,-3.9784240312501784,-4.439069073638319
1778595674671186400,79.1501865234375,6.313963366818427,-5.084244461730123,-3.2780320751100778
1778595674681178600,79.1601787109375,7.697504467874765,-5.064805601766706,-2.0788427483201026
1778595674691169500,79.17016943359376,7.946419607466459,-5.227397379645705,-0.5981786591172218
1778595674701161500,79.18016137695312,7.001558677488565,-4.599427977898717,0.9291653481960296
1778595674711152600,79.19015258789062,6.503041000562906,-4.108688826020062,1.8543775748521087
1778595674721143600,79.2001435546875,6.138596278518438,-3.5250305674254894,3.1047283490806814
1778595674731135500,79.21013549804688,5.411629911446571,-2.906515222722292,4.5850049002707
1778595674741126700,79.22012670898438,4.933190561431646,-2.1667837743625045,6.146862587082386
1778595674751117600,79.23011767578124,4.0006209577500815,-1.7861871050707996,6.844350930735469
1778595674761109500,79.24010961914063,3.3457261396765707,-0.9119254595816135,7.237443655115365
1778595674771100400,79.25010034179688,3.009382892000675,0.18818492268845438,8.290105619120597
1778595674781092400,79.26009228515625,2.8260779964387415,0.919374460413307,9.802542564681172
1778595674791083500,79.27008349609375,1.633454604035616,0.6404634110085666,11.020402689671515
1778595674801074400,79.28007446289062,-0.16108959315512328,-0.07360562669783831,11.732104852116107
1778595674811066400,79.29006640625,-1.4822598339617252,-0.5358892300732433,11.920734742093085
1778595674821057500,79.3000576171875,-1.9881109225153921,-0.4633452412575483,11.93195522428751
1778595674831049500,79.31004956054687,-2.5337246971368788,0.2918395045608282,11.692090821635722
1778595674841040400,79.32004028320313,-3.3109774823784828,1.7413294339515268,11.10836621980667
1778595674851031600,79.33003149414063,-4.024357222646475,3.2938848932802673,10.379752670049667
1778595674861023500,79.3400234375,-4.493052592760324,4.430953279460966,9.497371869382262
1778595674871014700,79.3500146484375,-4.780907411599159,4.381390207129717,7.6574688100844615
1778595674881006600,79.36000659179687,-4.535653717124462,4.2723125772953034,4.986909876659512
1778595674890997500,79.36999755859375,-4.812689035785198,4.657154190680385,3.6263708810061215
1778595674900988700,79.37998876953125,-4.110260897642374,5.285056372410058,0.5565595315277576
1778595674910980400,79.38998046875,-2.6104350118517874,5.546314860746264,-7.6151757287561885
1778595674920971500,79.39997143554687,-1.3039163601994515,6.837719529896974,-15.02137436055541
1778595674930962700,79.40996264648437,-4.515781141918898,7.998500507837534,-15.650807405114174
1778595674940954400,79.41995434570312,-9.543953003293275,4.187766162127256,-18.032466394561528
1778595674950945300,79.4299453125,-9.768742586410045,0.556744386575371,-25.813452278721332
1778595674960937500,79.4399375,-5.932036764097213,0.1260512687280774,-19.190937341994047
1778595674970928400,79.44992846679688,-2.7695009536921975,1.423914466368407,-11.199605410611628
1778595674980919300,79.45991918945313,0.5330442159056663,2.890390017351508,-7.86674576677084
1778595674990911500,79.46991137695312,4.074848223477602,5.030579507037997,-4.247193918129802
1778595675000902400,79.47990234375,5.950336975419521,5.6261494449615475,-3.0135996329128742
1778595675010894600,79.48989453125,5.7896647674262525,1.2201722013249992,-8.16878167117536
1778595675020885500,79.49988549804688,9.645471596050262,0.33965178770199417,-10.154150601506233
1778595675030876400,79.50987646484376,11.548057613754272,0.3358604325950146,-4.9693689592719075
1778595675040868600,79.51986865234375,12.347512878453731,-1.059390687738359,-0.9485381571859121
1778595675050859500,79.52985961914062,11.898247015953062,-1.9296790456824005,-0.2851379610955715
1778595675060851500,79.5398515625,9.974376218158007,-2.6689345470935106,0.4142325430423021
1778595675070842600,79.54984252929688,7.304881114572286,-2.851235526309907,1.7969214111834764
1778595675080833500,79.55983349609374,4.8201077876091,-2.900837761607766,3.0927871513962746
1778595675090825500,79.56982543945313,3.188884595887363,-2.843011303322017,4.46721204906106
1778595675100816400,79.57981640625,2.3265534805580974,-2.9481951405882834,5.518505062800646
1778595675110808300,79.58980834960937,2.100606544099748,-3.0161113234728574,6.521641656136512
1778595675120799500,79.59979956054687,1.833508097563684,-3.1034003153473138,7.50894238243699
1778595675130790400,79.60979028320313,0.8821335479080676,-3.4490663949027653,8.516658704778552
1778595675140782600,79.61978247070313,-0.710175683529675,-3.4825042618632316,9.214894067406654
1778595675150773500,79.6297734375,-1.772646801626682,-3.4967420460522174,9.035329527416824
1778595675160765400,79.63976538085937,-2.8385645530462265,-4.035873180656135,8.481979021063447
1778595675170756600,79.64975659179687,-3.7890053289830683,-4.0141409490585325,8.834112543067336
1778595675180747500,79.65974755859375,-4.148542405241727,-3.1639047606706616,9.508236377745867
1778595675190739500,79.66973950195313,-4.51022000066042,-2.005927734234929,10.227234542417525
1778595675200730600,79.67973071289063,-4.510398864358663,-0.7724613131813705,10.720255375492572
1778595675210721500,79.68972143554687,-4.383244310563803,0.546175354027003,11.091681626987457
1778595675220713500,79.69971337890625,-4.191468523776531,1.583444372458756,11.140210972356796
1778595675230704600,79.70970458984375,-4.086827415084839,2.003923847066611,10.719174009996651
1778595675240696300,79.7196962890625,-4.213761019605398,2.6805145102500916,10.41003324202299
1778595675250687500,79.7296875,-4.599277755773067,3.755983933869004,10.298274994802474
1778595675260678700,79.7396787109375,-4.607147758495807,3.8758921697974205,7.77970461217761
1778595675270670300,79.74967041015626,-2.3954526831306517,4.1128026910796756,5.5663861733943225
1778595675280661500,79.75966162109376,-1.7404959057368337,6.0399780833780765,3.738508482933044
1778595675290653400,79.7696533203125,-1.070270247540623,9.718801620677112,-1.5375123501062393
1778595675300644400,79.77964428710938,0.3345511035621166,7.154898642897606,-15.816711084020136
1778595675310635500,79.78963549804688,-2.0381004035651684,2.485066172429919,-24.79805592327118
1778595675320627500,79.79962744140624,-7.309712772512436,-3.8519241419717667,-22.677681725645066
1778595675330618400,79.80961840820312,-7.227361821562051,-5.293269489482045,-19.76827779574394
1778595675340610300,79.8196103515625,-4.588154011951387,-2.524244336608052,-17.51619094262719
1778595675350601500,79.8296015625,-4.280359105628729,-1.4540512459568677,-14.898553452050685
1778595675360592400,79.83959228515624,-4.4932185969769955,-0.5741062941342592,-12.76389353944063
1778595675370584300,79.84958422851562,-4.070530944800376,-0.48383653288334605,-11.716871042627096
1778595675380575500,79.85957543945312,-2.8512685517966747,-0.6867299260124564,-10.694997015595435
1778595675390566400,79.86956640625,1.171066371241957,-0.9022264148008078,-8.80564574251771
1778595675400558600,79.87955859375,4.623775068169832,-1.3424477509066461,-5.887517823413014
1778595675410549500,79.88954956054687,4.724553656214475,-1.5080506933003663,-3.163659845998883
1778595675420541200,79.89954125976563,4.5661832954227926,-1.5576545360334217,-2.197465620613098
1778595675430532400,79.90953247070313,5.193047950798273,-2.4746330412209034,-1.9681530071139335
1778595675440523300,79.91952319335938,5.499653062814474,-2.910179298187792,-0.6943921312034129
1778595675450515200,79.92951513671875,6.06102554758191,-2.6039555867046116,0.4460241041004657
1778595675460506400,79.93950634765625,7.281161216288805,-1.7752445630349218,1.377739721301198
1778595675470498300,79.94949829101563,8.983187252247333,-0.580763852327317,3.0977333756268024
1778595675480489200,79.9594892578125,8.440230714136362,0.19424319981411098,4.962721191820502
1778595675490480400,79.96948046875,5.339183099395036,-0.21057517980337143,5.301440520977974
1778595675500472300,79.97947241210937,3.5775451830387115,0.04391293761506677,6.052237260970473
1778595675510463200,79.98946313476563,2.879484592455625,0.45850540001094336,6.944263257339596
1778595675520454400,79.99945434570313,3.07056479819417,0.3899162863008678,8.125424175485968
1778595675530446300,80.0094462890625,3.4237773476064204,-0.09568550268933176,9.174759040895104
1778595675540437500,80.0194375,2.661710441058874,-0.5744290963478386,9.937893868935108
1778595675550429400,80.02942944335938,0.754355893778801,-1.010934115344286,10.309799428379534
1778595675560420400,80.03942041015625,-1.2219745745718478,-1.1421382367908954,10.343942520999908
1778595675570411500,80.04941162109375,-2.4733657977640626,-0.6965250515788793,10.393781195402145
1778595675580403200,80.0594033203125,-3.3794016147851944,0.20936215075179934,10.3281814727664
1778595675590394400,80.06939428710938,-3.9522669689476486,1.549463046271354,10.17329018626213
1778595675600386300,80.07938623046876,-4.15417018199563,2.657296131747961,9.397284770733117
1778595675610377200,80.08937719726562,-4.3744577775180336,2.956621608150005,7.973954680123925
1778595675620368100,80.0993681640625,-4.422952051573992,2.8945465525090692,6.6896198032289735
1778595675630360300,80.1093603515625,-4.621419444954395,3.5815456508517265,5.628897866886854
1778595675640351200,80.11935131835938,-5.427062458378076,4.405497058904171,2.765177829796076
1778595675650342400,80.12934228515626,-5.48257800937295,5.514537328213453,-2.6386504679888487
1778595675660334300,80.13933422851562,-4.765115968227386,5.364890372103452,-8.136625952979921
1778595675670325200,80.1493251953125,-5.340915622276067,4.777435351574421,-9.946555314296484
1778595675680317400,80.1593173828125,-8.749874170935154,4.529121977268159,-15.02685600683689
1778595675690308400,80.16930834960938,-9.591326164364814,3.283173529651761,-19.570936191523074
1778595675700299300,80.17929931640624,-6.670000326001643,2.4198187703631815,-16.932023273205758
1778595675710291500,80.18929150390625,-2.8778596216022967,3.143797499926388,-12.368132472634315
1778595675720282400,80.19928247070312,0.7923461633466183,4.098849276790022,-9.450742220154405
1778595675730274600,80.20927465820313,4.099167841219902,4.7915427873820065,-7.537922393205761
1778595675740265500,80.21926538085937,7.303212889099121,4.900055184549093,-6.345263344967365
1778595675750256400,80.22925634765625,8.362240296483039,0.787832631444931,-9.424771328073739
1778595675760248300,80.23924829101563,12.595610856443642,-1.048194755463302,-11.624366946452856
1778595675770239200,80.2492392578125,14.904127452790735,-0.46912879309505223,-5.993506839582324
1778595675780231200,80.25923120117187,14.79335587852001,-1.8322279946252702,-2.588272279882431
1778595675790222300,80.26922241210937,13.631862952917814,-3.072783935548365,-1.7636551013976334
1778595675800213200,80.27921313476563,10.108523991841077,-2.917375054910779,0.011011223357915878
1778595675810205400,80.28920532226563,5.480732673767209,-2.2197814973175523,2.053264654949307
1778595675820196400,80.2991962890625,2.109978183557093,-1.7669176103249191,3.8985722036391492
1778595675830187300,80.30918725585937,0.04966097974777221,-1.5850155672982333,5.1157273952305315
1778595675840179500,80.31917944335937,-0.5537757460281253,-1.7863257828891277,6.006816403010487
1778595675850170400,80.32917041015625,-0.518967759758234,-2.053890093371272,7.325826287445426
1778595675860162300,80.33916235351562,-0.6777332573473454,-2.528291566172242,8.543195998570322
1778595675870153500,80.34915356445312,-0.328164617395401,-2.9479838359251618,9.762688108676672
1778595675880144400,80.35914428710937,0.19979075093865392,-3.150438837637007,10.397372497892379
1778595675890136300,80.36913623046875,-0.3912836291313171,-3.749411569741368,9.24244784476459
1778595675900127500,80.37912744140625,-1.7999207391299306,-3.8596179113447664,9.133094905120133
1778595675910118400,80.38911840820313,-3.027553339463472,-3.976237627121806,8.794389604488014
1778595675920110600,80.39911059570312,-3.96671868814826,-4.197454612448811,8.335962530410288
1778595675930101500,80.4091015625,-3.5778655010342595,-2.9442279905229807,8.09339822115004
1778595675940093200,80.41909326171876,-3.575536765825748,-1.8776788093321024,8.439794660806655
1778595675950084400,80.42908447265626,-3.6207752529561517,-1.0128269433535635,8.943584725177287
1778595675960075300,80.4390751953125,-3.584219253975153,-0.11053075125217438,9.001284634473919
1778595675970067200,80.44906713867188,-3.3416403316676613,0.9586606150105595,8.879450983440876
1778595675980058400,80.45905834960938,-2.4110943427681923,2.8799358433544633,8.565476219439507
1778595675990049300,80.46904931640626,-1.9196051031745969,5.2337014482259745,6.829119459334016
1778595676000041200,80.47904125976562,-1.6433318549275397,5.876247656857967,3.6632290778040884
1778595676010032400,80.48903247070312,-1.244690264248848,7.126037290072441,-1.0839373922348021
1778595676020024300,80.4990244140625,-1.0018341324351727,3.6598154699683185,-7.4909034523993725
1778595676030015500,80.50901538085938,-0.057371846386045214,1.7601641905419527,-11.096499256402254
1778595676040006400,80.51900634765624,-0.22809081661924718,-0.5240661058105528,-14.286507595622538
1778595676049998300,80.52899829101563,-0.3024268034182489,-2.4043574357286093,-15.352982980924844
1778595676059989500,80.53898950195313,-1.697674708881229,-0.46812166187912224,-14.432380878412722
1778595676069981400,80.5489814453125,-3.87221903424263,1.523673648237437,-15.725535021579265
1778595676079972400,80.55897241210937,-5.765907459741831,1.2505669011972844,-15.278265885853767
1778595676089963500,80.56896362304687,-5.247000490260124,-0.3187728119328618,-13.390373579412698
1778595676099955200,80.578955078125,-3.921316534888744,-0.929883944794163,-11.19107957432866
1778595676109946400,80.5889462890625,-2.6373592591345307,-1.272419105912745,-8.971935790392756
1778595676119937500,80.5989375,-2.0643466054558752,-1.7502414930731056,-7.26294985229373
1778595676129929200,80.60892919921875,-1.8631927494704723,-1.9813795684337614,-6.080483112245798
1778595676139920100,80.61892016601563,-1.1289653053544462,-2.176400766883045,-4.654376542660594
1778595676149912300,80.62891235351563,0.4528745545171201,-2.342576394598186,-3.154334383770823
1778595676159903200,80.6389033203125,1.7536650377810001,-2.713510770922899,-2.2942887490302324
1778595676169894400,80.64889428710937,3.1057915943980214,-3.369742390558123,-1.4847691864341497
1778595676179886300,80.65888623046875,4.462563930994272,-3.8389012865304943,-0.7904004361063242
1778595676189877200,80.66887719726563,4.993576348811388,-3.9971316543295976,-0.032799861317873
1778595676199868400,80.67886840820313,5.615698193573952,-3.692466278204322,1.0494733970969914
1778595676209860400,80.6888603515625,5.884271973359584,-3.0461043106764554,2.197954865434766
1778595676219851300,80.69885131835937,5.659916105484962,-1.9105686870209873,3.798621298590302
1778595676229843500,80.70884350585938,5.867696101611853,-0.37756153937950726,6.104871703571081
1778595676239834400,80.71883447265625,7.203512159419059,0.5404278964161873,8.177240287441014
1778595676249825300,80.7288251953125,7.87670309716165,1.250857554706931,9.801161923977732
1778595676259817500,80.7388173828125,7.9224863586932415,1.99832149701491,11.82708498301506
1778595676269808400,80.74880834960938,7.669831448051333,1.0872121761217712,13.511069166326521
1778595676279799600,80.75879956054688,6.806423058879375,-0.9078972269788383,13.181654841130971
1778595676289791200,80.76879125976562,4.424669376885891,-1.5384683356568216,11.855123329019547
1778595676299782400,80.77878247070312,1.2378034273445606,-2.0855891538403926,11.0349409181118
1778595676309774300,80.7887744140625,-1.3324912972986698,-1.733997775889188,10.6230715970695
1778595676319765200,80.79876513671876,-3.801466166627407,-0.05902998885661363,9.766084180855751
1778595676329756200,80.80875610351562,-6.002304478543996,1.9293390000730752,8.202401616704464
1778595676339748000,80.818748046875,-7.202700843036174,3.0644930770650505,6.781369281643629
1778595676349739300,80.8287392578125,-7.256960841012001,3.1466654565781353,5.474922526183724
1778595676359731200,80.83873120117188,-6.600658494228124,2.614117792017758,4.692589661198854
1778595676369722000,80.84872216796875,-4.762651623940467,2.666014860254526,3.951843775099516
1778595676379713300,80.85871337890624,-4.162492604660987,3.4520424881041047,1.4121668915599583
1778595676389705200,80.86870532226563,-4.968036249363422,3.4467981577098366,-4.713413253518938
1778595676399696100,80.87869604492188,-4.298437198632955,2.5884239633128043,-12.047950086164473
1778595676409687300,80.88868725585938,-3.794330323398113,2.7708085291594267,-14.768320805984734
1778595676419679200,80.89867919921875,-7.393699215710162,5.441178662014007,-17.659526231372354
1778595676429670400,80.90867041015625,-10.911596277993917,5.871359884816408,-19.340618200373648
1778595676439662300,80.91866235351563,-8.721372883594036,4.700885780379176,-15.35621772506237
1778595676449653200,80.9286533203125,-4.229707945799827,4.6289626999408,-10.37101874397397
1778595676459644400,80.93864453125,-0.07446823487654328,4.8252062797918915,-7.437003519907593
1778595676469636000,80.94863598632813,4.302236590915918,5.169095412802696,-5.2975891062468285
1778595676479627000,80.958626953125,7.649512882643938,5.553906046527624,-3.8091543830424546
1778595676489618200,80.9686181640625,8.827678710627556,3.0073937640100716,-6.570120732623338
1778595676499610000,80.97861010742187,13.389134393006563,1.1749115023627876,-8.950771421810984
1778595676509601000,80.98860107421875,16.756285598027706,-0.5043769243478775,-4.887251232555508
1778595676519593200,80.99859326171875,16.904771693664788,-2.956507918642461,-3.1516181105494496
1778595676529584000,81.00858422851563,14.145460125553607,-4.472582343922555,-2.8762890112847086
1778595676539575300,81.0185751953125,9.13097425970435,-4.604936512187123,-1.931799252706766
1778595676549567200,81.02856713867187,4.482445858550071,-3.352919558311999,-0.11778700599074363
1778595676559558100,81.03855810546875,1.7964628537610172,-2.4567887569725513,2.080886236846447
1778595676569549300,81.04854931640625,-0.22521891444474457,-2.1460931607723235,3.874035728275776
1778595676579541200,81.05854125976562,-1.5901400707051156,-2.139025414343178,5.234650711774826
1778595676589532200,81.0685322265625,-2.4771897399663922,-2.8798034491464493,6.053481123551726
1778595676599523300,81.0785234375,-2.6124495665445924,-3.433431311136484,7.129150453656911
1778595676609515300,81.08851538085938,-2.2411060248970984,-3.7196488841623068,8.350915769392252
1778595676619506200,81.09850610351563,-1.9171211774043737,-3.530732286198437,8.890996459805965
1778595676629498400,81.10849829101562,-2.601129423367977,-3.3296064872637388,8.567648302781581
1778595676639489300,81.1184892578125,-3.426373793840408,-3.140242730054259,8.392457155570387
1778595676649480400,81.12848046875,-4.480187558229267,-3.0595062285631895,8.632690391534567
1778595676659472100,81.13847216796874,-5.040175602900981,-2.814824196496606,8.816534216278791
1778595676669463000,81.14846313476562,-4.990695824939012,-2.189797424072772,9.170991212794185
1778595676679454200,81.1584541015625,-4.846335284799337,-1.4823451741576195,9.831132114827632
1778595676689446100,81.16844604492188,-4.624882152628898,-0.7582049704223871,10.344000973188876
1778595676699437000,81.17843701171876,-4.576700013262033,0.029848610296845435,10.394867237073182
1778595676709429200,81.18842919921875,-4.630324051421881,0.7559098452225327,9.734593064048886
1778595676719420200,81.19842016601562,-4.3760698888897895,1.2597466713443397,8.630659762489795
1778595676729411000,81.2084111328125,-4.0732571548938745,2.0353774083420633,7.429308873751759
1778595676739403300,81.2184033203125,-2.7080712102174758,3.5579455795556303,6.491344133028387
1778595676749394200,81.22839428710938,-0.6495382594764232,3.9197997005850076,5.811648635697365
1778595676759385300,81.23838525390624,0.20907412759065627,1.4552787419252098,3.327829248458147
1778595676769377300,81.24837719726563,1.8054627372965215,1.5916567588783799,-0.41827451190948484
1778595676779368200,81.2583681640625,2.1525985971435904,5.463975015711784,-7.379407655507325
1778595676789360400,81.2683603515625,-1.469534061770886,1.0241305737867952,-15.666541565340756
1778595676799351300,81.27835131835937,-3.90800814050436,-1.9961546743698417,-17.863384085619447
1778595676809342200,81.28834228515625,-4.963676885110139,-3.422722285595536,-17.188560578238963
1778595676819334100,81.29833422851563,-3.9288179965600367,-3.098429541197419,-15.520232229220866
1778595676829325300,81.3083251953125,-4.7026735405787825,-1.8047689098134636,-13.799480450004339
1778595676839316200,81.31831616210937,-4.4537832431674005,-1.3072165707886219,-12.454254758816957
1778595676849308200,81.32830810546875,-4.2908816686868665,-1.274313833618164,-10.9089448867023
1778595676859299000,81.33829907226563,-4.295335725486278,-1.6384094499640165,-9.920588513869047
1778595676869291300,81.34829125976563,-3.4449554524525996,-1.5581947803899645,-9.603391865211725
1778595676879282200,81.3582822265625,-2.2906711430549622,-1.7897186401978133,-9.21775705562234
1778595676889273000,81.36827319335937,0.24272519891038535,-2.0585253519564866,-7.557270652276277
1778595676899265300,81.37826538085938,2.6982804685652253,-1.9086105386905372,-5.447163581642508
1778595676909256200,81.38825610351563,4.641191482394934,-2.271909451700747,-4.284922468021512
1778595676919247000,81.3982470703125,6.5113797898411745,-2.9429812053322792,-2.9826918689519166
1778595676929239300,81.4082392578125,8.601822959583997,-3.1656615412101146,-1.2161217568904161
1778595676939230200,81.41823022460937,9.963224709546566,-2.696572495603561,0.7078507477134466
1778595676949221000,81.42822119140625,10.79069844650626,-1.9214961776182053,2.4485171877115963
1778595676959213300,81.43821337890626,11.325599103933571,-0.6630169689264148,4.40335361713469
1778595676969204200,81.44820434570312,11.262228747785091,0.5841496953733265,6.0294812392830845
1778595676979196400,81.45819653320312,9.428326390206813,0.8052532834537327,6.045001464498043
1778595676989187300,81.46818725585938,6.551642826646566,0.9100155343070626,5.857278752493858
1778595676999178200,81.47817822265625,4.144893819606304,1.2307282282613217,6.665663758102059
1778595677009170200,81.48817016601562,2.529336106789112,1.1853110235631465,7.8673571766674515
1778595677019161300,81.49816137695312,0.9712367495976388,0.6409728218354285,8.603846574366091
1778595677029152300,81.50815234375,-0.876096751961857,0.47574485023394225,9.580677344578504
1778595677039144200,81.51814428710938,-3.0698586957514284,0.3370619904045015,10.522515127342938
1778595677049135000,81.52813500976562,-5.003495685279369,0.3928256709415465,11.198735642039775
1778595677059126000,81.5381259765625,-6.123645377624035,0.9409455831650644,11.626679315048456
1778595677069118200,81.5481181640625,-6.906991219043731,2.0723826123952866,11.734416051667928
1778595677079109000,81.55810913085938,-6.3936909835278986,3.9765854176461692,11.71225682682991
1778595677089101300,81.56810131835938,-6.040578971880674,5.897960891494154,11.18647354183793
1778595677099092200,81.57809228515625,-6.188750594741106,6.411020303991436,9.470419565048813
1778595677109083100,81.58808325195312,-5.383530775165558,5.976269873577356,6.822097013351321
1778595677119075300,81.59807543945313,-4.977263511914015,5.896190959212183,4.909032856252789
1778595677129066200,81.60806616210938,-5.413678076148033,6.279291866409778,2.4245704949349163
1778595677139057200,81.61805712890624,-5.94058364316821,6.4634735448062415,-2.1849001535505055
1778595677149049300,81.62804931640625,-4.252042527204751,6.260519361400604,-10.266790307736397
1778595677159040300,81.63804028320313,-1.609656672079861,5.712000512987375,-15.337258173048495
1778595677169031200,81.64803125,-5.3863621991991995,4.042209397940337,-14.867534044408798
1778595677179023400,81.6580234375,-8.740072907888889,3.9905630895942448,-20.977433805274963
1778595677189014300,81.66801416015625,-6.155264504724741,3.518635897952318,-19.354761292016505
1778595677199006200,81.67800610351563,-2.67466110804677,2.5770225715935227,-12.729229053294658
1778595677208997400,81.68799731445313,1.0598211881101132,2.252657784872502,-9.462410446116328
1778595677218988300,81.69798828125,4.449674054282903,2.173392086586356,-6.9650921103566885
1778595677228980200,81.70798022460937,6.532434268307686,2.3035145502761005,-4.723757537400722
1778595677238971100,81.71797119140625,8.494848439508676,2.689816007080674,-2.826706941992044
1778595677248962000,81.72796215820313,11.4580377356112,0.4346412709511816,-4.018215651151538
1778595677258954200,81.73795434570313,15.250997939699888,-0.34949499019384384,-5.5783653650015586
1778595677268945200,81.74794506835937,16.76762064651251,-0.75734163159132,-3.1271763277322053
1778595677278937300,81.75793725585937,14.895162056046724,-2.6408213822871445,-0.7574719799727201
1778595677288928300,81.76792822265625,11.053954246139526,-3.686891108420491,0.03887947349250316
1778595677298919200,81.77791918945313,6.8781859803199765,-2.7208728241235014,0.9054489570438862
1778595677308911400,81.78791137695312,3.4440549964815377,-1.59871091517359,2.244920614749193
1778595677318902300,81.79790234375,1.6269360159218311,-1.0728376138105988,3.040737230685353
1778595677328893700,81.80789379882812,1.0890915601275861,-0.6402002300277352,4.069608569258452
1778595677338885600,81.8178857421875,0.9355541724503039,-0.9799453951016068,4.840774143540859
1778595677348876800,81.82787670898438,0.44614086234793066,-2.0555204710520805,6.089920802676677
1778595677358867700,81.83786767578125,-0.2864225940786302,-2.444084758222103,7.37020552739799
1778595677368859600,81.84785961914062,-0.5896808798849582,-2.284098486666381,8.111064810743928
1778595677378850800,81.85785083007812,-1.2597754590474068,-2.2782696343824265,8.814369147199391
1778595677388841700,81.867841796875,-2.216474418596178,-2.3453588649235666,9.178183170124887
1778595677398833400,81.87783349609376,-3.037003889375925,-2.3941963994592426,9.378544998949765
1778595677408824600,81.88782446289062,-3.8537750305354592,-2.4243407778322696,9.467005957213043
1778595677418816500,81.89781640625,-4.462539381074905,-2.307742981626093,9.646576342421769
1778595677428807400,81.90780737304688,-4.95796844433546,-2.1069544518217445,9.953170933043957
1778595677438798600,81.91779858398438,-5.322631777566671,-1.6145818535223602,10.378878225302696
1778595677448790500,81.92779052734375,-5.5371548182129855,-0.8288553275112063,10.66220299949646
1778595677458781700,81.93778173828125,-5.7339703527331345,-0.10184095657914877,10.287566553783416
1778595677468772600,81.94777270507812,-5.870369704735278,0.6742302176624536,9.926528425312041
1778595677478764500,81.9577646484375,-5.816736314225197,1.4425702131301164,9.53271732352972
1778595677488755700,81.96775561523438,-5.505619862264394,2.278290092648566,8.406750469338894
1778595677498746600,81.97774658203124,-4.387447022950649,3.081672759924829,5.523875065401196
1778595677508738600,81.98773852539063,-3.045684039437771,4.550572177053987,2.4182681799203154
1778595677518729700,81.99772973632813,-1.1967758359074592,8.560703013688325,-2.4320026907622814
1778595677528721700,82.0077216796875,0.6129962890207767,10.213609337168931,-13.338434133338927
1778595677538712600,82.01771264648437,0.3142749159917235,0.4684082237355411,-22.860094640803336
1778595677548703700,82.02770385742187,-0.1776853021144867,-2.450090136116743,-20.85609875141382
1778595677558695700,82.03769580078125,1.136153901684284,-2.752696241624653,-21.902322791326046
1778595677568686600,82.0476865234375,-1.401359666341543,-2.637392869143188,-19.04702220753431
1778595677578677800,82.057677734375,-1.761168253017962,-1.7047158595643936,-14.547223063123225
1778595677588669400,82.06766943359375,-0.981857512333244,-0.10188770919716916,-11.310302166080474
1778595677598660600,82.07766064453125,-1.160291148597002,0.6585406272299588,-7.94181123688817
1778595677608651500,82.08765161132813,-1.3589983420826495,0.5113613398751243,-6.288846461218595
1778595677618643500,82.0976435546875,-2.8649264902710914,0.3214564615262672,-5.087995338696241
1778595677628634600,82.10763452148437,-2.68620541536808,0.033393929637328255,-4.421342862811684
1778595677638625500,82.11762548828125,-0.8995173750378191,0.07920071589169092,-3.488187568196654
1778595677648617500,82.12761743164063,0.525189410752058,0.3214749470310285,-2.7863667482972145
1778595677658608600,82.13760864257813,3.229727770668268,0.2756497825864702,-2.044898977664113
1778595677668600600,82.1476005859375,6.546834549582004,0.029137822545832023,-0.8297130403190851
1778595677678591500,82.15759155273437,10.769362228488921,0.29866074714930724,0.7662380547523499
1778595677688582700,82.16758276367187,16.218588587880134,0.8591386028982698,1.5355571243852375
1778595677698574600,82.17757470703125,20.42738935472965,0.8913282964285463,2.537700615030527
1778595677708565800,82.18756567382812,21.296341934025286,0.8425925417669117,3.242113789510727
1778595677718556700,82.197556640625,14.798513699674606,0.2058143586097285,2.7341888172924516
1778595677728548600,82.20754858398438,8.544161044210195,0.4719350826874375,2.3653081586271525
1778595677738539800,82.21753979492188,3.1327719557821747,0.7339497231531887,2.255767587456107
1778595677748530700,82.22753076171875,-1.8007038523316383,0.22850540703581645,2.7623282855838536
1778595677758522600,82.23752270507812,-5.9746425646364685,0.0728896787145175,4.6881215758740895
1778595677768513800,82.247513671875,-8.64038854482174,0.8124224444307386,6.870275061064958
1778595677778504700,82.25750463867188,-7.149142271327972,1.0847053809326141,8.84031256675124
1778595677788496400,82.26749633789062,-4.491816621224582,0.46858694130331274,10.761433773577213
1778595677798487600,82.27748754882812,-6.844805104243755,0.19926681839609517,11.814333053469657
1778595677808479500,82.2874794921875,-10.045497334563732,0.9878710735343396,12.362142292308807
1778595677818470700,82.297470703125,-10.183401245909929,1.904883480991423,13.047959487390518
1778595677828461600,82.30746166992188,-9.313473684102297,3.1030291439473627,13.705310466444491
1778595677838453500,82.31745361328124,-8.554310682302713,4.971905199751258,14.152266298437118
1778595677848444700,82.32744458007812,-7.6757614226222035,6.954633260184526,14.127201999807356
1778595677858435600,82.337435546875,-6.741587890875339,8.191127943018078,13.33309394135475
1778595677868427500,82.34742749023438,-6.5101967175364495,8.430865504419803,11.589582048797606
1778595677878418700,82.35741870117188,-6.988201183265447,7.975494310781359,8.994463264021277
1778595677888409600,82.36740966796874,-7.1930492175936696,7.3079580377995965,5.7379509468019005
1778595677898401500,82.37740161132812,-6.648516808468103,8.952260783585906,3.329526700025797
1778595677908392700,82.38739282226562,-5.361486116617917,12.59233285768628,-0.15667641635537147
1778595677918383600,82.39738354492188,-1.0809227205887437,14.382952538377046,-17.340481324499844
1778595677928375800,82.40737573242187,-2.7006244013428686,9.703379595139623,-54.99106651751995
1778595677938366700,82.41736669921875,-14.48384218558073,3.994159945042431,-41.60285917623043
1778595677948357600,82.42735766601562,-2.3728597430504856,-0.5810972855327651,-22.14390568833351
1778595677958349800,82.43734985351563,8.606860369229317,3.1977059079855676,-17.01402000389099
1778595677968340700,82.4473408203125,10.910669226276873,6.630915100803971,-10.359106187862157
1778595677978332400,82.45733251953125,10.26495841613412,7.329018361485004,-6.5483104673534624
1778595677988323600,82.46732348632813,10.757305879992247,5.226943206137419,-4.418819481813907
1778595677998314500,82.477314453125,14.033082285130023,2.1403493564233185,-2.1258529212981463
1778595678008306400,82.48730639648437,18.17931349081993,1.6000570690855382,-1.0094611201822756
1778595678018297600,82.49729760742187,18.63235887185931,1.3280626672014593,-2.0342285305678844
1778595678028288500,82.50728857421875,15.876893457782268,0.7085986434713005,-0.8295148873984813
1778595678038280400,82.51728051757813,10.738356849372387,-0.5207636301990598,1.646285444036126
1778595678048271600,82.52727172851563,6.224633224505186,-1.4196948028467595,1.2971961120337248
1778595678058262500,82.53726245117187,3.2037773368537423,-1.1639147459216415,1.2404121485382318
1778595678068254700,82.54725463867187,1.1950573415517807,-0.698849037547037,2.262992278012633
1778595678078245600,82.55724560546875,-0.26261253329366446,-1.1054831613495946,3.267123143082857
1778595678088236500,82.56723657226563,-1.8304113005921243,-1.8506915798157453,4.7621495196372265
1778595678098228700,82.57722875976563,-3.4896637782290574,-2.182534885723889,6.3041030670613045
1778595678108219600,82.5872197265625,-4.136426435512304,-2.325473284105956,7.520641003537178
1778595678118210600,82.59721044921875,-4.616235904836654,-2.4153674900427458,8.456605510354041
1778595678128202800,82.60720263671875,-4.82635632660985,-2.315514492410421,9.248131735619902
1778595678138193700,82.61719360351563,-4.194931231451034,-2.588137547586858,9.683320557451248
1778595678148184600,82.6271845703125,-3.2415362818837163,-3.199186209671199,10.063692331945896
1778595678158176800,82.6371767578125,-2.5796926675856113,-3.711481652058661,10.611980878734588
1778595678168167700,82.64716772460937,-2.4213456876695156,-4.138172402396798,10.570802480649947
1778595678178159600,82.65715966796876,-2.792521763795614,-4.30310928209722,9.902226343226433
1778595678188150500,82.66715063476562,-3.070737816673517,-3.817591079737246,8.916951569795607
1778595678198141700,82.6771416015625,-3.182470344930887,-2.525243869039416,7.747520836931467
1778595678208133600,82.68713354492188,-3.312241218703985,-1.1741777081955223,6.438306954845785
1778595678218124500,82.69712451171876,-3.1783307609081266,-0.1631591477044858,5.098587459859251
1778595678228115500,82.70711547851562,-2.5773744537711143,0.6153822343092411,3.873144332394004
1778595678238107600,82.71710766601562,-1.0449101077694445,1.2707923814937472,1.7229250316023825
1778595678248098600,82.7270986328125,0.5894996780991554,2.633479202830791,-2.472670216715336
1778595678258089500,82.73708935546875,0.3533575108408928,5.7670946236997835,-8.456615447226167
1778595678268081700,82.74708154296874,-0.381494348783791,9.859161108481883,-12.726655987936258
1778595678278072600,82.75707250976562,-3.9581940209090707,8.052624312213062,-12.236294729459285
1778595678288063500,82.7670634765625,-3.903465236377716,3.3136014011412858,-12.40079789391756
1778595678298055700,82.7770556640625,1.919416594865173,2.0447598614543674,-17.425153996396062
1778595678308046600,82.78704663085938,2.928323734426498,-0.1598874873563647,-17.6019636847198
1778595678318037500,82.79703759765626,3.613814766293764,-1.347002345471084,-12.210482242810725
1778595678328029400,82.80702954101562,3.520736669623852,-0.639708062596619,-9.589120178753136
1778595678338020400,82.81702026367188,0.14136778806447983,1.4928306200757622,-7.479512289813161
1778595678348011500,82.82701147460938,-1.9956243668854234,3.744212247532606,-5.020161573398113
1778595678358003500,82.83700341796875,-2.991369096404314,5.0923003424137825,-3.354552420210838
1778595678367994400,82.84699438476562,-2.9952772097587586,5.31890311243236,-2.6279846970677374
1778595678377986300,82.856986328125,-1.588371599727869,5.187838691717386,-2.4417279659628868
1778595678387977500,82.8669775390625,0.4104033401429653,5.023026899701357,-2.096653130298853
1778595678397968400,82.87696850585938,3.080147450053692,4.425783475607633,-1.3948831638038157
1778595678407960300,82.88696020507813,5.183114585804939,3.178988348034024,-0.9218278449147939
1778595678417951200,82.896951171875,6.042188745164871,2.1410193646393716,-0.5010545019268989
1778595678427942400,82.9069423828125,6.870659676468372,1.6077723196379838,-0.10114274518191814
1778595678437934300,82.91693432617187,8.108306451946497,1.6954034029483793,0.818323631298542
1778595678447925200,82.92692529296875,9.016289895904064,1.6812030281603336,2.192699429124594
1778595678457916400,82.93691650390625,8.544975867724418,1.6023739677257836,3.0980168687433003
1778595678467908400,82.94690844726563,6.177489196014404,1.518822408813983,3.6008594231307502
1778595678477899300,82.95689916992187,3.4899990015327926,1.4142754081465303,4.309651251086592
1778595678487890400,82.96689038085937,1.7681950829148292,1.0515669353101402,5.2395998586148025
1778595678497882400,82.97688232421875,0.7713468491334468,0.9912512174919247,6.655820409479737
1778595678507873300,82.98687329101563,0.21231705503463744,1.0244704732656478,8.48213976458311
1778595678517864400,82.99686450195313,-0.2577158472932875,0.6776403914321214,10.272885702002048
1778595678527856400,83.0068564453125,-1.4054431362628936,0.3073431439671665,11.531906104898452
1778595678537847300,83.01684741210937,-2.9053929406940937,0.14991152533031998,12.554931640052795
1778595678547838500,83.02683837890625,-3.7857413587510584,0.5759758873984218,13.054248942923545
1778595678557830400,83.03683032226563,-3.985190748906135,1.109062700336799,12.940131565356253
1778595678567821600,83.04682153320313,-4.408819481325149,1.9217609660342334,12.675478758406639
1778595678577812500,83.0568125,-4.9673149493515485,3.2686054905951023,11.807533894848822
1778595678587804400,83.06680444335937,-5.654510447049141,4.59134579373002,10.47594276126027
1778595678597795600,83.07679565429687,-6.9570122642755505,5.915851352971792,9.177057965487242
1778595678607786500,83.08678637695313,-8.885817595863342,7.346646957156062,8.146222633364797
1778595678617778200,83.09677807617187,-10.64813823378682,9.40091582071185,6.196651577123999
1778595678627769300,83.10676928710937,-11.648702930808067,11.817129406189919,0.3859557121068239
1778595678637760500,83.11676049804687,-9.578294833356141,15.888589740794895,-7.895126058080792
1778595678647752200,83.12675219726563,-8.715625864374637,17.92628331712484,-15.17695187575817
1778595678657743400,83.13674340820313,-9.378149862152338,15.025843614923954,-22.53929266113043
1778595678667734300,83.146734375,-9.497032262164353,6.843161428689957,-28.175414049530026
1778595678677726500,83.1567265625,-5.315357987171411,0.15802856161668896,-24.695259565663335
1778595678687717400,83.16671728515625,-1.8756193925842641,0.9050661682713776,-18.54957771279812
1778595678697708300,83.17670825195313,0.22897242175936697,1.8108917766079307,-15.14813728468418
1778595678707700500,83.18670043945312,3.8097067562282083,2.96920110373795,-10.260186379426717
1778595678717691400,83.19669140625,7.660676081693172,4.366916568358242,-6.106428285363316
1778595678727682300,83.20668237304687,11.430020432394743,3.9228678559839723,-3.808273508554697
1778595678737674500,83.21667456054688,15.67975760526657,0.44644042981639503,-5.488375297474861
1778595678747665400,83.22666552734376,21.804218975448606,0.7607103773720562,-7.324518711978197
1778595678757657300,83.2366572265625,24.848549262189863,-0.7598239499263465,-3.530831362658739
1778595678767648500,83.2466484375,22.215144878160952,-3.6881153895184395,0.7067173597693442
1778595678777639400,83.25663940429688,15.823125627237557,-3.1130873043641447,2.150862859392166
1778595678787631600,83.26663159179688,8.61841636698842,-1.1010326116815208,2.6666256856292483
1778595678797622500,83.27662255859374,3.8129172427073117,-0.7727372805785387,3.3843197819650173
1778595678807613400,83.28661352539062,0.5716460415005683,-0.8159915350891649,4.00164913175404
1778595678817605400,83.29660546875,-1.8840230637922881,-0.9963681221142411,4.683054355612397
1778595678827596500,83.30659643554688,-3.845664204794168,-1.7477419313423335,5.728070773300528
1778595678837587500,83.31658740234376,-6.021034897977113,-2.0116944810681043,6.78116236089468
1778595678847579400,83.32657934570312,-7.790436434072256,-1.8030610829822717,7.585984121063351
1778595678857570300,83.3365703125,-7.959919725030661,-1.8696886873610317,8.264872978186608
1778595678867561200,83.34656127929688,-6.460554442489147,-2.467774553628266,8.812037489381431
1778595678877553400,83.35655346679688,-4.198358867812156,-2.909053216767311,9.430753909614682
1778595678887544300,83.36654443359375,-2.6204829431355,-3.2263889816343783,9.820756851285696
1778595678897535200,83.37653515625,-1.9238778120577333,-3.1512083607047794,9.976680403447151
1778595678907527400,83.38652734375,-1.351984956189245,-2.9106285032600163,9.767226336628198
1778595678917518300,83.39651831054688,-1.5860427183888852,-2.6383152446851135,9.352434406137466
1778595678927509200,83.40650927734374,-2.0393512804090976,-2.118162074534595,8.865471557927131
1778595678937501400,83.41650146484375,-2.5438988851487636,-1.343410750719905,8.33581172376275
1778595678947492400,83.42649243164063,-2.811508203816414,-0.5062362884789705,7.921815912085771
1778595678957483300,83.43648315429688,-2.604402745950222,0.46024975946024055,7.410550981789827
1778595678970597600,83.44959765625,-2.0146341877818106,2.13433681813553,6.150830906191468
1778595678980588500,83.45958862304687,-1.2966165585801004,3.7065228606075045,3.037746232175827
1778595678990579500,83.46957934570312,-1.2368950803279877,5.742805985617637,-0.29927111586630345
1778595679000571400,83.4795712890625,-1.5796353355646133,7.766362900045514,-3.820467219695449
1778595679010562300,83.48956225585937,-1.9806477470278738,8.509851947373152,-8.29608703161776
1778595679020553500,83.49955346679687,-2.2617384785592556,6.353512117874622,-12.141242117846012
1778595679030545400,83.50954541015625,-2.812192094427347,2.9250036500930783,-14.841076245594024
1778595679040536300,83.51953637695313,1.1804280738271773,0.8969271393489092,-18.56551879377365
1778595679050527200,83.52952734375,2.628845113289356,0.006525237050279974,-17.89880143595934
1778595679060519400,83.53951953125,3.431056983220577,0.2536789929926395,-13.232013740015029
1778595679070510300,83.54951025390625,3.802545194035768,1.2486340334385633,-9.627618543973565
1778595679080501200,83.55950122070313,2.427496026992798,2.3172335712879897,-7.278080201408266
1778595679090493400,83.56949340820313,1.0752069002252072,3.242323632869124,-5.985789981594682
1778595679100484400,83.579484375,0.4970435127198696,3.65475935562253,-5.375211275109648
1778595679110475300,83.58947534179687,0.9707201783776283,3.1788138682499527,-5.680505304527283
1778595679120467500,83.59946752929687,2.727055312150717,2.4788234786480663,-5.355115412542224
1778595679130458400,83.60945825195313,5.1938534219622605,1.3769624533183873,-5.095030059638619
1778595679140449300,83.61944921875,6.464844833159447,0.10411496592573821,-5.336227756720781
1778595679150441500,83.62944140625,7.792662293428182,-0.6280849178854375,-5.136400180903077
1778595679160432400,83.63943237304687,9.6354037910223,-1.068721118402481,-4.121621665090323
1778595679170423600,83.64942358398437,11.126394043928384,-1.1594224029384552,-2.22286368124187
1778595679180415500,83.65941552734375,11.362478928041458,-1.2314306774422525,-0.4486772489577531
1778595679190406400,83.66940649414063,9.7840816098392,-1.9351067698195576,0.789095198726654
1778595679200397600,83.6793974609375,7.030111402755975,-1.9448859671644865,1.9449293679147959
1778595679210389200,83.68938916015625,3.7776521603196858,-1.7233602081492543,3.082173987445235
1778595679220380400,83.69938037109375,0.8796271180450915,-0.9439313209775835,4.221088001492619
1778595679230371600,83.70937158203125,-0.3100695732563734,0.08260624088570476,5.853167225521802
1778595679240363300,83.71936328125,-0.002777063497900963,0.8085320128634571,8.42095025960505
1778595679250354200,83.72935424804687,0.4886474402964115,1.0215410687502473,10.838098495584726
1778595679260345300,83.73934545898437,0.3853577462136745,1.0607906907293945,12.658300829112529
1778595679270337300,83.74933715820312,-0.27771979379355904,1.4697089799463747,13.682618157643079
1778595679280328400,83.75932836914062,-1.1762333986163138,1.900761724886298,13.995890326333045
1778595679290319400,83.7693193359375,-2.3529531194448468,2.6324925298810005,14.201433941709995
1778595679300311300,83.77931127929688,-3.3969209048628803,3.579658229669928,14.025344384354351
1778595679310302500,83.78930249023438,-4.4600294440805905,4.629527055825293,13.331672384119033
1778595679320293400,83.79929345703125,-5.520111328953504,5.948264845320582,12.062670685434341
1778595679330285600,83.80928564453124,-5.669495250213146,6.910598888146877,9.86737364103198
1778595679340276700,83.81927685546874,-5.24482489978671,7.314756611898541,7.819082682842016
1778595679350267600,83.829267578125,-4.626746777456998,7.234530982539058,6.37294863975048
1778595679360259600,83.83925952148438,-3.830851251065731,6.565188536918163,5.088937003460527
1778595679370250800,83.84925073242188,-3.145413995212316,5.959186052307486,4.261936144709587
1778595679380241700,83.85924169921876,-3.3280443525135515,5.986811725857853,3.4034751488119364
1778595679390233600,83.86923364257812,-2.902593080842495,7.788934212815761,0.4331207833856344
1778595679400224800,83.87922485351562,-2.2221932346343993,9.495046641305088,-8.41582049550116
1778595679410215700,83.88921557617188,-3.724747668606043,8.646769185769557,-22.06651031396389
1778595679420207600,83.89920751953125,-7.107694993174076,4.537799496981501,-28.191303692579268
1778595679430198800,83.90919873046874,-6.804986304074525,-1.4184461179599166,-27.772907600116728
1778595679440189700,83.91918969726562,-0.14041969355940817,-2.4020377606093883,-21.698771226549148
1778595679450181400,83.92918139648438,0.04224807314276695,-0.5857532581124454,-15.78789181677103
1778595679460172500,83.93917260742188,1.6694553072214127,0.8960926612861454,-11.633975317275523
1778595679470163500,83.94916357421874,3.982345296347141,2.7562425359293816,-6.946498469045758
1778595679480155600,83.95915576171875,6.639833151274919,5.342241902443766,-3.4243291362702846
1778595679490146600,83.969146484375,10.16418918043971,6.916966085091233,-1.8830764305919407
1778595679500137500,83.97913745117188,13.444571618068217,5.665763662469387,-3.5617987478524444
1778595679510129700,83.98912963867187,17.656175751900673,2.6459704356133935,-4.9949622502118345
1778595679520120600,83.99912060546875,21.0069825558424,-0.45610743549112226,-2.737056481683254
1778595679530111500,84.00911157226562,19.155525836873053,-2.6156609298065305,-0.7538532049536705
1778595679540103700,84.01910375976563,14.19232241449356,-2.3229177544042465,0.17467442986071108
1778595679550094600,84.02909448242187,8.129698784065246,-1.36489514503628,2.0706594418644904
1778595679560085500,84.03908544921875,3.1876889563620088,-1.7084671749219298,2.9374329235553738
1778595679570077700,84.04907763671875,0.15191022486686706,-2.0694405675940213,3.2288965805411336
1778595679580068600,84.05906860351563,-1.7897569263815878,-2.4435016976371404,3.726764269125461
1778595679590060800,84.06906079101563,-2.593127318698168,-2.5969340175047515,4.780025368067622
1778595679600051700,84.0790517578125,-3.3379613508939743,-2.431938831745833,6.478031646990775
1778595679610042600,84.08904272460937,-4.366296682894229,-2.399151391518116,7.607626044028997
1778595679620034800,84.09903491210937,-4.706682483959198,-2.555492876830697,8.061964972010255
1778595679630025700,84.10902563476563,-4.593694402682781,-2.8623224452525378,8.408860008838772
1778595679640016600,84.1190166015625,-3.346882323974371,-3.046050826923549,9.0868492867738
1778595679650008600,84.12900854492187,-1.9602526092529295,-3.1499139369800684,9.6813396127671
1778595679659999500,84.13899951171875,-1.142582473427057,-3.033508740736544,10.227568888938427
1778595679669990700,84.14899072265625,-1.2405880896270274,-2.707796484929323,10.556313352048397
1778595679679982600,84.15898266601563,-1.7035761880099773,-2.196665410146117,10.595979007482528
1778595679689973500,84.16897338867187,-2.0626959156394005,-1.5491770689368247,10.399058259022235
1778595679699964400,84.17896435546875,-2.453486208295822,-0.8811571040913462,10.055115057736634
1778595679709956600,84.18895654296875,-2.6784534860670566,-0.2870865196137689,9.682768184265493
1778595679719947500,84.19894750976563,-2.587125447934866,0.5090030497785657,9.072997287032008
1778595679729938400,84.2089384765625,-2.3153929118573666,1.1923557544428856,7.853029376107454
1778595679739930600,84.2189306640625,-1.9277344874858855,1.99718825520128,4.980660753136873
1778595679749921500,84.22892163085938,-1.3682324727654456,3.3780373406946658,1.2063666710734366
1778595679759912400,84.23891235351563,-0.9832301158607005,4.524127529981732,-3.335679377436638
1778595679769904600,84.24890454101562,-1.8312953899502753,5.718199952149391,-7.89956842444241
1778595679779895600,84.2588955078125,-3.020267858630419,5.80829932526946,-11.146128671967983
1778595679789887700,84.2688876953125,-2.336321133595705,2.6598127907440063,-15.869321561223268
1778595679799878700,84.27887866210938,-2.0338217033326624,-1.2742546507768333,-20.846351264381408
1778595679809869600,84.28886962890626,-0.697521661400795,-2.7700121180847286,-19.866262369155884
1778595679819861800,84.29886181640624,1.4140508056104182,-1.4822203787341712,-13.67523097000122
1778595679829852700,84.30885278320312,1.5801754337906837,0.21048625941090285,-10.62893084449172
1778595679839843600,84.31884350585938,-0.2883189292192459,1.6246303693279622,-8.051620688128471
1778595679849835500,84.32883544921874,-1.2541817306935787,2.8240996821030975,-6.228619663792848
1778595679859826700,84.33882666015624,-1.125762271529436,2.957847058291733,-5.400466712397336
1778595679869817600,84.34881762695312,-0.642037674587965,2.111816797161102,-5.018803144526482
1778595679879809500,84.3588095703125,0.13221768240332601,0.9257185687430203,-5.092105112102628
1778595679889800400,84.36880053710938,2.2193746700823307,-0.19698064368767662,-5.1826662575155495
1778595679899791600,84.37879150390626,5.4160570802390575,-0.7541131710641086,-4.437456962266564
1778595679909783600,84.38878344726562,8.634124808251856,-1.2723621150285005,-3.2544027777194975
1778595679919774500,84.3987744140625,11.444145988380908,-1.7130496804066002,-2.0831080045491457
1778595679929766700,84.4087666015625,12.729590287822484,-2.2495703402511773,-0.9715408471107483
1778595679939757600,84.41875756835938,12.240640065187215,-2.4729706609666344,0.8897270717769861
1778595679949748500,84.42874853515625,9.952724358320236,-2.235929499042034,2.38950210416317
1778595679959740700,84.43874072265625,6.653460694611073,-2.0864050002679226,3.0806553995758295
1778595679969731600,84.44873168945313,3.653130877637863,-1.887951050890982,3.879114054453373
1778595679979722500,84.45872241210938,0.295336699026823,-1.5863493001200257,4.855827335765958
1778595679989714700,84.46871459960937,-2.449791445431113,-0.520839581512101,6.0615779207676646
1778595679999705600,84.47870556640625,-3.1747102323234078,1.1536606976065784,8.413361996433139
1778595680009696800,84.48869677734375,-2.282614677849412,2.58453455465883,11.854831068074702
1778595680019688700,84.49868872070313,-0.059845689153671264,2.770703315219283,15.37891587908268
1778595680029679600,84.5086796875,2.003752728283405,2.1080985072903333,17.870751399517058
1778595680039671600,84.51867163085937,2.412579028367996,1.4311524547979235,18.917080653369425
1778595680049662500,84.52866235351563,1.0081552982807158,1.10075920156762,17.977973756873606
1778595680059653600,84.53865356445313,-0.9457529103815555,1.0654711766958236,14.505050977826118
1778595680069645600,84.5486455078125,-2.934786208438873,2.1223991275824603,12.074447632467747
1778595680079636500,84.55863647460937,-4.523219767487049,4.096910417681932,9.50550490695536
1778595680089627400,84.56862744140625,-5.097545257329941,5.838955744817853,6.291918708270788
1778595680099619600,84.57861962890625,-4.699928918045759,6.4756397834181785,3.846695885929465
1778595680109610500,84.58861059570313,-3.650390639019012,6.432521357181668,1.8311054203361272
1778595680119602700,84.59860278320312,-2.9728724857270716,6.936140741160512,-1.0440063638627528
1778595680129593600,84.60859350585937,-2.1312252619862555,7.799635639572143,-6.294256795829535
1778595680139584500,84.61858447265625,-0.6005928075868636,7.104615147337317,-15.657148298573492
1778595680149576700,84.62857666015626,0.5691873963020742,3.71968950843364,-22.54715331150293
1778595680159567600,84.63856762695312,-2.6919875059008596,0.5259403021845966,-23.518406573843954
1778595680169558500,84.64855859375,-3.728504975312948,-1.1438028090022503,-22.58128938986063
1778595680179550700,84.65855078125,-2.3148200804054735,-0.039943230266496536,-16.635226438498496
1778595680189541600,84.66854174804688,-3.055853551274538,1.6364949946448206,-12.536954084813594
1778595680199533800,84.67853393554688,-0.4788425239883363,3.2077947558015585,-10.029818119394779
1778595680209524700,84.68852465820312,1.7164895917274057,4.4998169723287225,-7.582119846850633
1778595680219515600,84.698515625,2.7292262264490126,5.574043994671106,-4.9643783113777635
1778595680229507600,84.70850756835938,4.991653271794319,5.822516066670418,-3.262670839849114
1778595680239498500,84.71849853515624,8.45782131588459,4.826443128110468,-2.0567869838565587
1778595680249489700,84.72848974609374,11.054054783904553,2.992708236053586,-1.8949357952117918
1778595680259481600,84.73848168945312,13.619291056114434,-0.43476913511455056,-3.0092683257102966
1778595680269472500,84.74847241210938,15.012147098004817,-3.2172567038908597,-4.23539008308947
1778595680279464700,84.75846459960937,13.923006291908026,-3.370858827367425,-3.596665478572249
1778595680289455600,84.76845556640625,10.262153880107402,-3.465774368597567,-1.1940654079049824
1778595680299446500,84.77844653320312,6.618557723534106,-3.6206072029128666,0.6629764177203178
1778595680309438700,84.78843872070313,3.570425706422329,-3.8341473700016735,2.545151515558362
1778595680319429600,84.7984296875,0.9498023319028317,-3.5125866809159514,4.429206435793638
1778595680329421000,84.80842114257813,-1.9209622168719767,-3.3334318907707927,6.0297694085747
1778595680339413200,84.81841333007813,-3.45787017134428,-3.2886180587932468,7.754421702361107
1778595680349404200,84.82840405273437,-4.559357248795032,-3.865660698640346,8.775212610331177
1778595680359396000,84.83839599609375,-5.387039075547457,-4.721012622606754,9.251648219308256
1778595680369387300,84.84838720703125,-6.185854873299598,-5.321129556310177,9.42286812480092
1778595680379378200,84.85837817382813,-6.848914293128252,-5.507808312219381,9.394574927252531
1778595680389370000,84.8683701171875,-6.629474254345894,-5.3624178445100785,9.60867711213827
1778595680399361000,84.87836108398437,-5.890484272003174,-4.784802957732976,10.26980410259962
1778595680409352200,84.88835229492187,-5.344381837081909,-3.934500426110625,10.742508123832941
1778595680419344100,84.89834423828125,-4.857278703618049,-3.088875238649547,10.761896714913844
1778595680429335000,84.9083349609375,-4.648093516868353,-2.17030756457448,10.15514311967492
1778595680439327200,84.9183271484375,-4.794200608414411,-1.0896576695777476,9.268839008083939
1778595680449318100,84.92831811523438,-5.008626618427038,0.035169330395571886,8.015816384297608
1778595680459309000,84.93830908203125,-5.106267492967843,0.9453636918682604,6.344391238307953
1778595680469301200,84.94830126953126,-5.083646495836973,2.026948018170893,4.371943164348602
1778595680479292200,84.95829223632812,-4.036869498217106,4.287231037224829,2.765656553223729
1778595680489283000,84.96828295898437,-2.9576982974708077,5.823986723744869,-1.2336837170660495
1778595680499275300,84.97827514648438,-0.6250001766778528,5.0604965063959355,-8.96137114175856
1778595680509266200,84.98826611328126,-0.525198763102293,1.6232652184545993,-16.605633264267443
1778595680519258400,84.99825830078125,-1.665764489879459,-2.360054329752177,-17.588448369586466
1778595680529249300,85.00824926757812,-2.8674527938783165,-1.4107684229388833,-15.142600693345068
1778595680539240200,85.018240234375,-3.9324306340992448,-1.7071365108400582,-16.973161923801896
1778595680549232000,85.02823217773438,-3.210827839887142,-2.082186505790055,-14.944920066428184
1778595680559223300,85.03822338867188,-2.2196178311884402,-1.9973779325544834,-11.648822173273564
1778595680569215000,85.04821508789063,-2.243580744447559,-1.7609480343960224,-9.754220140060783
1778595680579206100,85.0582060546875,-3.021837884426117,-1.6695520455941557,-8.632731892588733
1778595680589197000,85.06819702148438,-3.9756677182793614,-0.9352166841242462,-7.826370501762628
1778595680599189000,85.07818896484375,-3.2509003225564954,-1.2683125473767518,-5.831120228886604
1778595680609180200,85.08818017578125,-3.066750208342075,-1.95567317250818,-5.014150934806466
1778595680619171000,85.09817114257812,-1.1260790823936462,-2.710769070999324,-4.7665351873755455
1778595680629163000,85.1081630859375,1.854880848199129,-3.4808465577840804,-4.3944174464851615
1778595680639154200,85.118154296875,3.60350847633481,-3.9535190148353574,-4.269629621821641
1778595680649146000,85.12814599609375,4.879014734607934,-4.312981272292137,-3.6745331466287374
1778595680659137300,85.13813720703125,6.883743614447116,-4.390081170846521,-2.3276889143288133
1778595680669128200,85.14812817382813,8.522419168001413,-4.118302165278792,-0.37703064737319947
1778595680679120100,85.1581201171875,9.077703272765874,-3.863652865949273,1.2585679829537868
1778595680689111300,85.168111328125,9.603993922758102,-3.3929724594980475,2.720213483431935
1778595680699103200,85.17810327148437,8.903497044938803,-1.7552227886170149,4.828210430043936
1778595680709094100,85.18809423828125,7.931171769452095,1.5789097977690398,6.4738914784461254
1778595680719085300,85.19808520507813,6.778101804280281,4.159609158179164,7.943424517303705
1778595680729077000,85.20807690429687,5.826295585209131,6.767165399724244,9.390172892901301
1778595680739068000,85.21806787109375,5.131989963245392,7.058831885805725,10.766888531851768
1778595680749059300,85.22805932617187,5.309623242911696,4.554975088188052,13.159972586154938
1778595680759051000,85.23805102539062,4.6053591215133665,2.9270673046246167,14.147952526891231
1778595680769042200,85.24804223632813,1.4127075743079185,1.7535554399266837,13.100239125204086
1778595680779034000,85.2580341796875,-1.7014964591264723,0.8833756569236516,12.514066545701025
1778595680789025000,85.26802490234375,-3.333246597331762,0.7924109722111373,11.795623676824569
1778595680799016200,85.27801611328125,-6.52248570574522,0.6505382302992045,10.538134721279144
1778595680809008000,85.28800805664062,-8.971099339568614,2.1116637985564766,9.451653489780426
1778595680818999000,85.2979990234375,-9.654606504142285,4.247682870690524,8.560727563607692
1778595680828991200,85.3079912109375,-9.87391911715269,3.2396281101748343,7.20131026546061
1778595680838982100,85.31798217773438,-6.995713458591699,1.7745820074729621,6.226262871533632
1778595680848973000,85.32797314453126,-5.13727053399682,1.3265034550607204,5.3411733964294195
1778595680858965200,85.33796533203125,-4.419428553622961,1.378971747314185,3.624101767030358
1778595680868956200,85.3479560546875,-3.7098634032070636,1.9114742575585841,-0.4325292472332716
1778595680878947300,85.357947265625,-1.168529473175481,3.1270503632649778,-8.277306343302131
1778595680888939300,85.36793920898438,-0.3590763268791139,3.14348624202013,-16.652236025488374
1778595680898930200,85.37793017578124,0.1368809980392456,1.1388489859871567,-21.45735900993347
1778595680908922000,85.38792211914063,0.009048544982820749,-1.7471067021787166,-26.092678385424612
1778595680918913000,85.3979130859375,-1.950815941735357,-2.3973133624359964,-21.146564045011996
1778595680928904000,85.40790405273438,-1.043655650728941,-0.7354644385650754,-16.07685138198137
1778595680938896100,85.41789624023437,-1.3118822245121002,-0.03198196906372905,-14.311181433629988
1778595680948887000,85.42788696289062,-1.4739783278286456,0.5142891004227101,-11.927847204446792
1778595680958879200,85.43787915039063,-0.48092948633022603,1.9768175212152301,-8.372792670157551
1778595680968870100,85.4478701171875,1.1869535300731657,3.1064968200579286,-4.904425654718279
1778595680978861000,85.45786108398437,5.666579655027389,2.3273066370129585,-4.065218225345015
1778595680988853200,85.46785327148437,8.787594537520409,2.7747867851406336,-4.540482452455163
1778595680998844200,85.47784423828125,12.304080563962458,2.1413673012942076,-1.2824971400737761
1778595681008836000,85.48783618164063,14.982025515985487,-1.1335263296596705,2.9695173300802704
1778595681018827300,85.4978271484375,13.248213179665804,-3.7242858963131904,4.21564084200263
1778595681028818200,85.50781811523437,9.320017991179228,-5.49208934956193,3.5751796229511497
1778595681038810400,85.51781030273438,6.0368812864065164,-5.49356059115827,3.500431548219919
1778595681048801300,85.52780126953125,2.5665008853182196,-5.107166487634181,4.705202474534511
1778595681058792200,85.53779223632813,-0.5013774502709508,-5.270093781077861,6.219208276847005
1778595681068784000,85.5477841796875,-3.263714211422205,-4.97048247347176,8.439622226849197
1778595681078775000,85.55777514648437,-5.455028323668241,-4.676126017653941,10.186916560554504
1778595681088767000,85.56776708984376,-6.56034518854022,-4.733233514015376,10.522844797688721
1778595681098758100,85.57775805664062,-6.1652118982434265,-5.406429420194029,9.683311205101013
1778595681108749000,85.5877490234375,-5.6936757517457,-5.922155421552062,8.393556056722998
1778595681118741000,85.59774096679688,-5.090231719446182,-6.109860597899556,7.6405562537282705
1778595681128732200,85.60773217773438,-3.713856856757402,-5.761016180568933,7.8010168647974725
1778595681138724000,85.61772412109374,-2.6523955002248285,-5.039529121690988,8.626247206744551
1778595681148715300,85.62771533203124,-2.36065010368824,-4.168946895366907,8.866694962242246
1778595681158706200,85.6377060546875,-2.794109325248003,-2.942591329231858,8.556636494901776
1778595681168698000,85.64769799804688,-3.571685935616493,-1.9576300056643783,7.8248273639738555
1778595681178689300,85.65768920898438,-4.289263712096214,-1.022124933052808,6.95529727705121
1778595681188681200,85.66768115234375,-4.005076183593273,0.3126516987040639,6.244367268022894
1778595681198672100,85.67767211914062,-1.2064041535396128,2.479239365972578,5.470073332586884
1778595681208663300,85.68766333007812,1.6246667558155954,4.28276265963912,3.3824633404433726
1778595681218655200,85.6976552734375,-2.6208698966264725,0.9034719578824937,-2.8586855500549078
1778595681228646100,85.70764624023437,1.6083704316616056,3.6578505996361375,-9.688115975034236
1778595681238638000,85.71763818359375,-0.8237782434426247,2.0947898206450044,-14.01180685738921
1778595681248629000,85.72762890625,-2.5643454608500003,2.1583438627973197,-11.512387749958037
1778595681258620200,85.7376201171875,-2.5555308707535267,3.439445456859469,-10.326397511959076
1778595681268612000,85.74761206054687,-3.0800340528070924,0.9656865681245922,-14.663159472811222
1778595681278603000,85.75760302734375,-1.825063217562437,-2.373690494786203,-19.06472153035402
1778595681288595200,85.76759521484375,-1.740637067773193,-4.831151159670949,-19.256216746634244
1778595681298586000,85.77758618164063,-2.5017700544714927,-3.3041309774845837,-15.318458780032396
1778595681308577000,85.78757690429687,-2.95907426199913,-1.8326897669181226,-11.522199534398316
1778595681318569200,85.7975693359375,-3.4089854366660117,-1.6997192203208804,-8.614478443017601
1778595681328559600,85.8075595703125,-2.634351309490204,-1.6846575525283813,-6.850769565606117
1778595681338551600,85.81755151367187,-1.386654264640808,-2.602802617277205,-6.427008731240034
1778595681348542500,85.82754248046875,-0.8743510773383081,-3.528608133651316,-5.254437946784496
1778595681358533600,85.83753369140625,0.105902506929636,-3.2898598755478856,-3.211336958453059
1778595681368525600,85.84752563476563,0.2540237878423184,-2.2331346076264977,-1.43657652567327
1778595681378516500,85.8575166015625,0.6711000298779457,-2.0767809934847055,-0.8891355356246232
1778595681388507600,85.86750756835937,2.202784769809246,-3.0303277726128695,0.15264263079464435
1778595681398499600,85.87749951171875,3.8222564411997793,-3.647403439901769,1.3968880738854408
1778595681408490500,85.88749047851563,4.518280557519197,-3.9909734239608046,1.6787673254460096
1778595681418482400,85.897482421875,5.150035323023796,-3.838514040778577,2.6458640526294706
1778595681428473600,85.9074736328125,5.27410477028489,-2.9859008941262957,3.853495629072189
1778595681438464500,85.91746459960937,4.399406340813637,-1.957751147826016,5.241471497705579
1778595681448456400,85.92745654296876,3.056356240099668,-0.8169805461265146,6.324250952076912
1778595681458447400,85.937447265625,1.6266741501152515,0.8888093724101781,7.697656443566084
1778595681468439600,85.947439453125,0.5654699832141399,3.545174653048813,9.427072006231546
1778595681478430500,85.95743041992188,1.069901852619648,6.383437300539017,11.349433568507433
1778595681488421400,85.96742138671875,2.158115606999397,7.195589549726248,13.689841679155826
1778595681498413600,85.97741357421874,3.195364897817373,5.84992663616538,16.426763720804452
1778595681508404500,85.98740454101562,2.7657389708101747,4.5905835771858685,17.34196367201209
1778595681518396700,85.99739672851562,1.186951191985607,3.3350387414455414,13.739886105263233
1778595681528387600,86.0073876953125,-0.6933692178964614,2.8689222819089886,10.452060365891455
1778595681538378500,86.01737841796874,-2.355368363893032,3.4992075593829153,8.868239853596688
1778595681548370700,86.02737060546875,-3.5050130307912823,4.096102023908496,7.130512974181771
1778595681558361600,86.03736157226562,-4.095133471137285,4.2470153466925025,5.871229536435008
1778595681568353500,86.047353515625,-3.9775007789254184,4.124530246013403,4.969000125959515
1778595681578344700,86.0573447265625,-4.201677783101797,4.5480970191121095,3.541491288360953
1778595681588335600,86.06733569335937,-5.481071111941337,5.550195501571894,1.1730652899742127
1778595681598327600,86.07732763671875,-7.976607824981212,5.962100478449464,-4.7782016597718
1778595681608318500,86.087318359375,-7.125409513562917,3.9451419393733143,-15.525810906136035
1778595681618310400,86.09731030273437,-3.3713679459333417,0.5329667667552829,-21.95002211561203
1778595681628301600,86.10730151367187,-4.287296211415529,-2.2970437468267977,-22.841085988950727
1778595681638292500,86.11729248046875,-5.946427693021297,-1.908231037853658,-18.72734718606472
1778595681648284400,86.12728442382813,-4.302828127068281,0.4739520485330373,-14.30360836802721
1778595681658275600,86.13727563476563,-3.500403491169214,2.1096306852936744,-12.359907080602644
1778595681668267500,86.147267578125,-2.4546155045866964,4.241726592634618,-10.194671996986866
1778595681678258400,86.15725854492187,0.3482932131886482,6.232279939866066,-7.130957210817932
1778595681688250600,86.16725073242188,3.4158395403444763,7.493160875937342,-4.815847792077064
1778595681698241500,86.17724145507813,5.148664034670591,7.1043807540595525,-4.47677891882956
1778595681708232400,86.187232421875,7.636973719066381,2.1872850028604267,-6.974855379480123
1778595681718224600,86.197224609375,11.529629976660013,-0.23562501151636242,-9.203807440724969
1778595681728215600,86.20721557617188,15.025938307470083,-0.9359327965043485,-6.037032093054056
1778595681738207500,86.21720751953124,15.662536421352623,-3.154756408575177,-1.4949182400047778
1778595681748198400,86.22719848632812,13.733399081331491,-4.366602387842535,1.2002344519287347
1778595681758189300,86.23718920898438,8.640003929418326,-3.8145740700036286,2.353704814594984
1778595681768181500,86.24718139648438,4.469883314096927,-3.066358578675985,2.171794003739953
1778595681778172400,86.25717236328126,1.8915911609590053,-2.209338575366884,3.219789144977927
1778595681788164600,86.26716455078125,0.01981763014793396,-1.8684363492123781,5.046942612817883
1778595681798155500,86.27715551757812,-1.9592659363031386,-2.0257799973048267,6.398078989353776
1778595681808146400,86.287146484375,-3.3195173471868036,-2.3059699806042016,7.414092015397548
1778595681818138600,86.297138671875,-3.5458009682536122,-2.625794493547082,8.457741820907593
1778595681828129500,86.30712963867188,-3.247662071287632,-2.793572149631381,9.272451353362202
1778595681838121500,86.31712158203125,-3.483443004018068,-3.1095161678791046,9.468077385836839
1778595681848112600,86.32711254882813,-4.11951855533123,-3.6305677481740712,9.439271562591195
1778595681858103600,86.337103515625,-4.111539831537008,-4.192768208198249,9.157721981376408
1778595681868095700,86.347095703125,-3.5976539050877094,-3.956285556939244,9.074047088345885
1778595681878086700,86.35708666992187,-3.169880912470817,-3.137236826236546,9.342930664733052
1778595681888078300,86.36707836914063,-3.293158917093277,-1.9245584877982735,9.770601950541138
1778595681898069500,86.37706958007813,-3.7744928195059297,-1.0708723050870002,9.988024804282189
1778595681908060700,86.38706079101563,-4.153988103426992,-0.590985971134156,9.789316587883233
1778595681918052400,86.39705224609375,-4.394916043657064,-0.12113273622207343,9.309897579181193
1778595681928043500,86.40704345703125,-4.528638285404443,0.568804023007676,8.337254323786496
1778595681938035500,86.41703540039063,-4.310037620055676,1.7885132099308072,7.393911397156119
1778595681948026400,86.4270263671875,-3.3225556919693946,3.7205478788286444,6.491511890810727
1778595681958017500,86.437017578125,-1.8391991488121449,4.766519113023579,4.000276674357057
1778595681968009500,86.44700952148438,-0.9993838166736065,1.5775541453763842,-1.601115345966816
1778595681978000400,86.45700048828125,0.5085739376462995,4.022736343446374,-6.640917439380288
1778595681987992600,86.46699267578126,-0.6411174910031259,1.5886049700923264,-15.542238309323787
1778595681997983500,86.4769833984375,-3.9700215290859338,-2.6854791469201444,-16.5851305744648
1778595682007975700,86.4869755859375,-3.550417522138357,-2.1594228902056813,-14.857424153804779
1778595682017966600,86.49696655273438,-2.3149428300023076,-3.418976961587369,-18.467259495073556
1778595682027957500,86.50695751953126,-3.5099268140569326,-3.5963790628463026,-15.86305081039071
1778595682037949400,86.51694946289062,-3.212071702468395,-3.0915780678674576,-13.42612410722971
1778595682047940600,86.52694067382812,-2.6285540213882923,-1.7507909436494111,-10.892948860669135
1778595682057932500,86.5369326171875,-3.4077976881861685,-1.1112100145637989,-8.961174157881736
1778595682067923500,86.54692333984374,-4.459786575235426,-0.7372169082555919,-7.95486594877243
1778595682077914400,86.55691430664062,-4.503196385633945,0.06353307242952287,-6.750750856018066
1778595682087906600,86.56690649414062,-3.523229070961475,-0.23004377731792627,-6.122428987571597
1778595682097897500,86.5768974609375,-1.5880793387830257,-1.784146977545321,-6.055774787446856
1778595682107889400,86.58688940429687,1.3835175740502774,-2.7362796520918606,-4.88756453628838
1778595682117880600,86.59688061523437,3.8396272627174852,-3.015782237648964,-3.3981840566664934
1778595682127871500,86.60687158203125,3.644889118993282,-3.045340925088525,-2.9094799177467823
1778595682137863700,86.61686376953125,4.050355587255955,-3.556087384468317,-2.448496144923568
1778595682147854600,86.6268544921875,5.512492670643329,-3.8806972319915887,-1.0584440545380114
1778595682157846500,86.63684643554687,6.557014582812786,-3.3861148486882446,0.2526338678538799
1778595682167837700,86.64683764648437,6.936252384841442,-2.5145067864477633,1.7010370249211788
1778595682177829600,86.65682958984375,6.276144800555706,-2.0302233865797517,2.9263094719946383
1778595682187820500,86.66682055664063,4.61581504907608,-1.887391663442552,3.99391064645648
1778595682197811700,86.67681176757813,3.347728711670637,-1.3926803930625318,5.036126619771123
1778595682207803400,86.68680346679687,1.8305038011811672,0.46129751494750376,6.155207806101441
1778595682217794300,86.69679418945313,0.6055494070809334,2.978573327717185,7.503924846535921
1778595682227786500,86.70678637695312,0.24081717333197591,5.069167888629436,9.203644359117746
1778595682237777400,86.71677734375,0.7692857518851757,6.2373284554272885,11.579829885590076
1778595682247768300,86.72676831054687,0.78171736343503,5.6054421724975105,13.966532129901648
1778595682257760500,86.73676049804688,0.9643477207362652,4.544387058678269,15.03923851854801
1778595682267751400,86.74675146484375,1.1767243239384144,3.5364395579293366,14.269724803125857
1778595682277743600,86.75674365234374,-0.18514504353590308,2.197488855358213,12.116901457315683
1778595682287734500,86.76673461914062,-0.9271090001881122,2.0778493533685802,11.486326256984471
1778595682297726700,86.77672680664062,-1.7293043573759495,2.6539135035723445,10.37437506866455
1778595682307717600,86.78671752929688,-3.702884211844206,2.62537860622257,8.072667567810417
1778595682317708500,86.79670849609376,-4.6985202202916145,2.2221207539200782,6.400781818571686
1778595682327700700,86.80670068359375,-3.960966992753744,1.8357687359720467,5.422277562189102
1778595682337692000,86.81669189453125,-3.058384531056881,1.3643231903672217,4.9451738446921105
1778595682347683600,86.82668359375,-2.87541047488451,1.230558863043785,4.0104479397594925
1778595682357674800,86.8366748046875,-2.6636206585943696,1.8157510532073675,1.9258792150080204
1778595682367665700,86.84666577148438,-2.7433915299236773,2.685886850938201,-2.8409815510600804
1778595682377657600,86.85665771484375,-2.2480725029088555,3.1102704933777447,-9.697684598368406
1778595682387648800,86.86664868164063,-1.2538977991856635,3.4886955177187917,-12.08432254527211
1778595682397640700,86.876640625,-1.9064673891820012,2.305009757269919,-11.453023706841469
1778595682407631600,86.88663159179687,-3.332472690349817,-1.165049229844287,-17.61658491526842
1778595682417622800,86.89662280273437,-3.8631986924409865,-3.400219654147327,-18.163580499637124
1778595682427614700,86.90661474609375,-4.370686442285776,-2.3249586125820874,-14.391948330259321
1778595682437605600,86.91660571289063,-3.888976107776165,-0.19425123699009417,-13.237267422759531
1778595682447597800,86.92659790039062,-2.807581385761499,1.7440408848673103,-10.843657298755645
1778595682457588700,86.93658862304687,-1.0206605595886706,3.272157922379672,-8.165383845430613
1778595682467580700,86.94658056640625,1.0914718793928622,4.075722083702683,-6.337205126196146
1778595682477571800,86.95657177734375,4.0740275547444815,3.28192557541728,-5.825957731556892
1778595682487562800,86.96656274414063,6.982161903101205,1.296899174913764,-6.23348463948071
1778595682497554700,86.9765546875,9.568181435620785,1.6204989686116575,-5.357278728055953
1778595682507545600,86.98654565429688,10.758356850349902,1.4702629605673252,-1.746126458969712
1778595682517537800,86.99653784179688,10.342647220492362,0.20347367723509668,1.6183856297194956
1778595682527528700,87.00652880859376,8.611029179346561,-1.176381428784877,2.007799957847595
1778595682537519600,87.01651953125,6.161842714071273,-2.1849986454889176,2.188995898431539
1778595682547511800,87.02651171875,3.8689936424553393,-2.8247388567894696,3.355386532947421
1778595682558127600,87.03712768554688,1.8521574145846067,-2.996005816294253,4.587809436297416
1778595682568118800,87.04711889648438,0.5455027154624462,-3.0981524778217073,5.712168855291605
1778595682578110700,87.05711083984374,-0.08316343637704848,-3.275109465661645,6.661116762322187
1778595682588101600,87.0671015625,-0.4529544878855347,-3.768048465672135,7.044857720988989
1778595682598093800,87.07709375,-1.141970040617138,-4.491735372681916,6.835051771992444
1778595682608084700,87.08708471679688,-1.7133480788312851,-4.921690677773952,6.7255965410172935
1778595682618077000,87.09707690429687,-1.9100037466146051,-4.562651614165306,6.977634781065583
1778595682628067800,87.10706787109375,-1.9716801583267747,-3.7021085512965914,7.442351895198225
1778595682638058800,87.11705883789062,-2.059546511697769,-3.0941911729753016,7.994279090750217
1778595682648050700,87.12705078125,-2.2999966052830216,-2.6352035424053666,8.569338740086556
1778595682658041600,87.13704150390625,-2.452400166624784,-2.20918382319659,8.92413066764474
1778595682668033800,87.14703369140625,-2.7790216462314126,-1.6273229694128035,9.118615128868818
1778595682678024700,87.15702465820313,-3.1766566902160642,-1.0067080220818518,9.025421296864748
1778595682688015600,87.167015625,-3.3272903192758556,-0.5119571503438055,8.701362945744394
1778595682698007800,87.1770078125,-3.2259798163115976,-0.34495573932901025,8.249955395039915
1778595682707998700,87.18699877929687,-3.1601451158761975,-0.08591594995558262,7.777468815949558
1778595682717990700,87.19699072265625,-2.85538007876873,-0.3575276361323893,6.730890555772185
1778595682727981800,87.20698193359375,-1.8641607177197932,-0.9028998570829629,4.931748545929789
1778595682737973800,87.21697387695312,-1.3046737544380127,-1.2073603582859038,1.5911071621716022
1778595682747964700,87.22696459960937,-1.9597791465222834,0.04592113563232124,-2.9982559333086014
1778595682757955800,87.23695581054687,-4.253978463703394,1.2953989994838833,-7.994678319200873
1778595682767947800,87.24694775390626,-7.248728434717655,0.7802050591759383,-12.522558479714393
1778595682777939000,87.25693896484376,-8.74426743696928,0.6452751221392303,-15.318763900458812
1778595682787930600,87.2669306640625,-6.5208350159287445,-0.4148435876127332,-16.08660822136402
1778595682797921500,87.27692163085938,-3.47286432685852,-1.3801511663571,-16.243371146959067
1778595682807913700,87.28691381835938,-1.6210077949166297,-1.8772902484059333,-15.563900690555572
1778595682817904600,87.29690454101562,1.0882803898751736,-2.4321552509754896,-13.958071760070323
1778595682827895600,87.3068955078125,4.836336453354359,-2.3087983358979223,-12.217314134657382
1778595682837887700,87.3168876953125,8.153885130816697,-1.2278675781331956,-10.122808537781237
1778595682847878700,87.32687866210938,7.937038031136989,0.06269267608262598,-7.450579625317454
1778595682857870800,87.33687084960937,5.922143146592378,0.802862735055387,-6.244203017371893
1778595682867861800,87.34686181640625,4.87995581485033,0.4791429682396352,-5.53125290069282
1778595682877852700,87.35685278320312,5.247228453797102,-0.02322678100429475,-4.161585426688194
1778595682887844900,87.36684497070313,7.1125967937409875,-0.3734314173048362,-2.781714538577199
1778595682897835800,87.37683569335937,8.223696918189525,-0.6021540655542165,-1.1521522658050058
1778595682907827700,87.38682763671875,6.881874313443899,0.28454437911659475,0.6512725359231233
1778595682917819000,87.39681884765625,5.403660540002584,1.2529907673433422,1.0032798011988402
1778595682927810600,87.406810546875,4.583905999118089,0.23789945925436912,1.9521242478549479
1778595682937801700,87.4168017578125,0.9066834672749042,-2.0419676003873346,2.3170079458385704
1778595682947793000,87.42679296875,-1.7272236055791377,-3.4700872633606195,3.064752897045016
1778595682957784600,87.43678466796875,-1.2893687794089317,-2.329338435101509,4.988835876286029
1778595682967775700,87.44677563476563,-1.7321593084156512,0.4251526905832812,7.223350247833133
1778595682977767700,87.456767578125,-1.9238684597074984,2.565509828454256,9.363025942778586
1778595682987758600,87.46675854492187,-2.015135561432689,3.7676550824403763,11.267809762787818
1778595682997750800,87.47675073242188,-2.289130343353748,3.9517172261103983,12.77948741441369
1778595683007741700,87.48674169921875,-2.6596704596638676,3.579893207469582,13.605415675497055
1778595683017732600,87.49673266601563,-2.7520447919785975,3.1910502494886517,13.299586808550357
1778595683027724800,87.50672485351562,-3.248450006794929,2.6719348979532715,12.100073072111606
1778595683037715700,87.5167158203125,-3.7895956960916517,2.1493859187074005,10.91410855307579
1778595683047708000,87.5267080078125,-3.875845408046245,2.186098423424363,10.018059877061843
1778595683057698800,87.53669873046876,-3.0820787103772163,3.0330004989534616,8.594169814482331
1778595683067690500,87.5466904296875,-2.2855802496567366,3.377034885653853,6.617848113960028
1778595683077681700,87.556681640625,-3.3961282931804657,3.509481700637936,5.165567238676548
1778595683087672800,87.5666728515625,-3.263404707081616,4.299867523697018,3.391815690678358
1778595683097664800,87.57666479492187,-3.5469197431504726,5.803039212784171,0.34584582003653047
1778595683107655700,87.58665576171875,-5.5778866415739055,6.124820851144194,-4.788372925174236
1778595683117647600,87.59664770507813,-6.865213101500272,4.074387620228529,-9.916362420606612
1778595683127638800,87.606638671875,-6.013012919563055,1.2864844561442732,-12.262302446419
1778595683137629700,87.61662963867188,-4.66781060925126,-1.1903477025561033,-14.187627534675597
1778595683147621600,87.62662158203125,-4.5975569233298295,-1.8017253043338655,-15.481269169098137
1778595683157612800,87.63661279296875,-4.98950573837161,0.9558918078843504,-10.82885720450878
1778595683167604700,87.64660473632813,-1.994039289651066,4.040717405816912,-8.77037744525969
1778595683177595600,87.656595703125,1.617559115767479,5.63485356042087,-8.218137530496715
1778595683187587800,87.666587890625,4.013572793781757,5.648205793946981,-7.998647807353734
1778595683197578800,87.67657885742187,6.025340486216545,4.253902768118679,-8.045656811287998
1778595683207570000,87.68656982421875,6.903689839410782,3.161098763339221,-8.007479933106898
1778595683217561600,87.6965615234375,6.941032604855298,3.2481419637590645,-7.238366615179181
1778595683227552800,87.706552734375,8.198770566725731,2.5677684210360048,-5.946640458989143
1778595683237544700,87.71654467773438,9.078770609736441,1.2580749387398362,-4.321358055493235
1778595683247535600,87.72653564453125,9.420954400134086,0.3013198650896549,-3.2218823178648948
1778595683257526500,87.73652661132813,8.410604806679487,-0.4334859634362161,-2.521970546457171
1778595683267518700,87.74651879882812,7.388851191157102,-0.7588358156718313,-1.457524621155858
1778595683277509600,87.75650952148438,5.829904423356056,-1.6159762304902077,0.2049813053190708
1778595683287501800,87.76650170898438,3.8791000259280204,-2.062438579877466,1.5497212588161229
1778595683297492700,87.77649267578126,1.6491010859787463,-2.6605957578152415,2.7767186299860476
1778595683307484700,87.78648461914062,-0.6407996572256088,-3.127835376162827,4.252127282878757
1778595683317475800,87.79647583007812,-2.1098422822177407,-2.910746576681733,6.454418716213107
1778595683327467800,87.8064677734375,-1.900700350087881,-2.72721664019227,8.764041227975488
1778595683337459500,87.81645947265625,-2.031245130842924,-2.9795903958052397,10.017807363605499
1778595683347450400,87.82645043945313,-2.673010418230295,-3.1971880215913053,9.801757551783323
1778595683357442600,87.83644262695313,-3.0605671357929705,-3.4984891819804904,9.200572112065553
1778595683367433500,87.84643359375,-1.913020317956805,-3.6339538834810257,9.108488871651888
1778595683377424600,87.85642456054687,-0.21329265860114247,-3.575431551885605,9.261659910234808
1778595683387416600,87.86641650390625,0.9811141466200352,-3.5498438139036295,9.186936385422944
1778595683397407500,87.87640747070313,1.2850696209102868,-3.556830896311998,8.995321342155338
1778595683407399700,87.88639965820313,1.215346096342802,-3.4109628742188214,8.643626796090603
1778595683417390600,87.896390625,0.8635504279911518,-2.8370225843012333,8.298242163825035
1778595683427382800,87.9063828125,0.9909621714174747,-1.3236715926356613,8.072087722095846
1778595683437373700,87.91637377929688,0.8924638032644987,0.629485213137418,7.296188105028867
1778595683447364600,87.92636450195313,0.20888066911147907,0.5261076946407556,4.42224653365314
1778595683457356800,87.93635668945312,0.5513251380056142,-2.0285022618755697,0.8543465463161468
1778595683467347700,87.94634765625,0.9079401893377304,-3.8672494291365145,-3.0857068377465007
1778595683477339400,87.95633935546876,-0.023556232154369354,-0.7687519372694194,-6.960409505498409
1778595683487330600,87.96633056640626,-2.6103449954807756,-0.08983151596412062,-10.057866986793279
1778595683497322500,87.97632250976562,-2.013331873011589,-0.7901538409341127,-9.89079777123928
1778595683507313400,87.9863134765625,-1.2695324445605278,0.3955870984788984,-10.33524483528137
1778595683517304600,87.9963046875,-0.8938485356211662,-1.2763318954423069,-13.323095109909772
1778595683527296500,88.00629663085938,0.3844201365699991,-3.9165433291375633,-15.452322476077079
1778595683537287700,88.01628759765624,0.06592471680641174,-5.235254522886872,-16.142022065550087
1778595683547279600,88.02627954101563,-1.1594799052793532,-5.346152938407659,-14.933722965109347
1778595683557270500,88.0362705078125,-0.14916067043039946,-4.7041418595656745,-13.0262082588315
1778595683567261700,88.04626171875,0.5944505785048008,-3.2551857447907326,-10.369822812187671
1778595683577253600,88.05625366210937,0.3943430167019367,-1.5445187217369676,-7.2917486612766975
1778595683587244500,88.06624462890625,0.3122515934705734,0.20805282171890138,-4.508970877382159
1778595683597236700,88.07623681640625,-0.23533428494147954,1.1335802518039941,-2.6623528306156397
1778595683607227600,88.0862275390625,-0.9310521117907017,0.716841278898716,-2.03020818901062
1778595683617218600,88.09621850585937,-0.17380414983220396,0.079117047063075,-1.4001988058686257
1778595683627210500,88.10621044921875,0.3002301701568067,0.34274105895422396,-0.2579226219117641
1778595683637201700,88.11620166015625,0.46326742678098376,0.8545148886203765,0.79984514079988
1778595683647193600,88.12619360351563,-0.27503289279714227,1.4316187571354209,1.3495172509014606
1778595683657184500,88.1361845703125,-0.3642612552363425,2.0981996290884912,1.7077631183058022
1778595683667176400,88.14617651367188,0.4665126923125237,2.715487916214764,2.792217812412977
1778595683677167600,88.15616772460938,2.4445558828651905,2.770277783283591,4.021198466354608
1778595683687158500,88.16615844726563,1.60573306889534,1.3750696253091097,4.44869147298634
1778595683697150700,88.17615063476562,0.3500186487417668,-0.4043204400327056,5.168442501851916
1778595683707141600,88.1861416015625,0.1492026464086026,0.37921471341401336,7.094588843363523
1778595683717133600,88.19613354492188,-0.5873731874644756,2.1706481947056946,8.302389346632362
1778595683727124700,88.20612475585938,-1.0302434306439012,3.22675839946866,9.59092284426093
1778595683737115600,88.21611572265626,-1.8117384565651415,3.9872640480488535,10.980878488534689
1778595683747107600,88.22610766601562,-1.7560965027116238,3.714562374678254,12.705158441877364
1778595683757098800,88.2360986328125,0.28632687861919404,2.873530360226333,14.335436753964423
1778595683767090400,88.24609033203124,1.580719039148092,2.1970186074979603,14.906311226570605
1778595683777081600,88.25608154296874,1.2724351802647114,1.2794511965066193,12.908850291907786
1778595683787073500,88.26607348632812,0.3220504453640431,0.10700535360500216,10.10557098725438
1778595683797064400,88.276064453125,-0.8285480881929397,-0.4812834143344313,8.244734445521235
1778595683807055600,88.2860556640625,-1.257860711467266,-0.35028760187625885,6.983167280751466
1778595683817047600,88.29604760742187,-1.4208102167427539,0.21545988310500977,6.197403272274136
1778595683827038500,88.30603857421875,-2.0607718157090247,1.5241437499672175,5.7836097051709885
1778595683837030700,88.31603076171875,-3.2330700668334957,3.4856425598889587,4.885620416483283
1778595683847021600,88.326021484375,-4.063310930418968,4.853233519880473,2.288181079804897
1778595683857012500,88.33601245117187,-5.616827489864826,5.351122543513775,-3.672287998050451
1778595683867004700,88.34600463867187,-7.157448327380418,4.0567356436818836,-13.886801006060837
1778595683876995600,88.35599560546875,-5.208989031773806,1.2153667738046496,-20.767688646554944
1778595683886987800,88.36598779296875,-2.3735164533935484,-1.3908677906826137,-19.68008513302803
1778595683896978700,88.37597875976563,0.8000876443188637,-3.7121541444927453,-18.66985127490759
1778595683906969600,88.38596948242187,2.0666531288325785,-1.9947648274466394,-14.50267664991021
1778595683916961800,88.3959619140625,-3.3656349552392957,0.908700798446685,-11.01379291614294
1778595683926952700,88.40595263671875,-6.912235549437999,3.169100283487141,-9.20665698493719
1778595683936944400,88.4159443359375,-4.320791653782129,4.5305338898926975,-8.084993965420127
1778595683946935600,88.425935546875,-0.6121509973030537,4.853364745044708,-6.705477297574281
1778595683956927500,88.43592749023438,1.7337796030938624,4.856182725074887,-5.003000010716915
1778595683966918700,88.44591870117188,3.6939468721508977,4.192739274364709,-4.59640015451014
1778595683976909600,88.45590966796875,5.342586185836792,2.87675253714323,-4.469983267340064
1778595683986901500,88.46590161132812,7.739286092549562,0.9377188031382858,-3.5880484568744895
1778595683996892700,88.475892578125,10.071589222675561,-1.397370596705377,-3.3396371751517053
1778595684006884600,88.48588452148438,11.10566339058876,-2.1145267867721618,-2.415881577044725
1778595684016875500,88.49587548828126,10.79084808411002,-1.6931281514927743,-1.0953875915318727
1778595684026866700,88.50586669921876,9.322081353449821,-1.344281396074593,0.16696049448251724
1778595684036858600,88.51585864257812,7.678982138234376,-0.7024798683300614,1.6500766530126332
1778595684046849500,88.525849609375,6.590567308324575,-0.8657569981247186,2.9779566571235656
1778595684056841700,88.535841796875,5.347798952049017,-0.9342956968218088,4.299083679842949
1778595684066832600,88.54583251953125,3.7840216953516004,-1.3889271780088543,5.57929709289372
1778595684076823800,88.55582373046875,1.694035621726513,-1.9282349843539297,6.742922354349494
1778595684086815500,88.5658154296875,-0.014321991873718798,-2.1433640280693766,7.8659373729974025
1778595684096806400,88.57580639648438,-1.2978877475596964,-2.374318563556671,9.10452815132737
1778595684106798600,88.58579858398437,-2.2951123403728007,-2.7463147238939998,10.199963089132309
1778595684116789500,88.59578955078125,-3.178020964306593,-3.0930308970242737,10.971672268772124
1778595684126780400,88.60578051757813,-3.7737715194940566,-2.9972631228789686,11.648581350255013
1778595684136772600,88.61577270507813,-3.8585552505493164,-2.475868135973811,12.1437251668334
1778595684146763500,88.62576342773437,-3.9964381191074847,-2.0365954058296976,11.979154197835921
1778595684156755700,88.63575561523437,-4.110770600730181,-1.5781364753089844,11.556660606926679
1778595684166746600,88.64574658203125,-4.070800993913412,-1.0386164144527166,10.917423961234093
1778595684176737500,88.65573754882813,-3.9870460213840007,-0.4136511629577726,9.936736515593529
1778595684186729700,88.66572973632813,-3.8817724600076673,0.20472601538375018,8.617088333255053
1778595684196720600,88.675720703125,-3.997461032414436,0.8173883232098073,6.932575157633424
1778595684206712600,88.68571264648438,-4.3726317311346525,1.3994608469828962,4.41364938569963
1778595684216703700,88.69570385742188,-4.588363563048839,1.8115189685955642,0.08791969099342822
1778595684226695400,88.7056953125,-4.416134188252687,1.4783604884356258,-5.667988352781534
1778595684236686600,88.7156865234375,-3.3757191268801687,0.5082945361830293,-9.93007530413866
1778595684246677800,88.725677734375,-3.1866613668799397,-1.4520821378409863,-11.86964285275936
1778595684256669400,88.73566943359376,-4.519702114754915,-1.3749845773741602,-11.937751343345642
1778595684266660600,88.74566064453126,-3.2421254799485206,-0.8882324493050575,-13.451014218336343
1778595684276652500,88.75565258789062,-2.328505929800123,-2.256123561286926,-14.254735323786734
1778595684286643500,88.7656435546875,-1.1612170312702654,-2.814113125617802,-12.622890493035316
1778595684296634600,88.77563452148438,-0.14607202023267746,-2.179434873881936,-10.824237143492699
1778595684306626600,88.78562646484374,-0.857022487527132,-1.9172301907368003,-9.82874726551771
1778595684316617500,88.79561743164062,-1.613700102251768,-1.2949775592014192,-8.85262318226993
1778595684326609000,88.80560888671874,-0.1770670240856707,-0.7983543907854705,-8.904743830129505
1778595684336599800,88.81559985351562,1.8580664924979209,-2.0556772690489886,-9.522175471249222
1778595684346590700,88.8255908203125,5.92301642229557,-3.2098385365888475,-8.463012454786897
1778595684356583000,88.8355830078125,7.782048544955253,-2.6441227619200944,-6.15155337524712
1778595684366573800,88.84557373046874,6.464434498792887,-2.0671105172112583,-4.592086967486143
1778595684376566000,88.85556591796875,6.031235973995924,-2.0678252413518727,-3.1879800482630727
1778595684386557000,88.86555688476562,5.726082814353704,-1.7812227606616913,-1.5682693074196576
1778595684396547800,88.8755478515625,5.767526585376262,-1.2222472540333866,-0.6608598639577626
1778595684406540000,88.8855400390625,4.907033206868172,-1.3823606591001152,-0.14719313321709632
1778595684416531000,88.89553100585937,2.6339748773932454,-1.809451222410798,0.26821839047670365
1778595684426523000,88.90552294921875,-0.14280688095688818,-1.5950120606556535,0.9170119690656662
1778595684436513800,88.915513671875,-1.937245973805338,-0.7427095873877406,2.119181772971153
1778595684446504700,88.92550463867188,-2.661141116738319,0.1520496698701754,3.5688878293305635
1778595684456497000,88.93549682617187,-3.2576258314192295,1.3179782032996414,5.555415282046795
1778595684466487800,88.94548779296875,-3.26025501087904,2.694078048439324,7.581075306233763
1778595684476479700,88.95547973632813,-2.4075357735037803,3.950972252961993,9.217971575155854
1778595684486471000,88.96547094726563,-1.4148060078918934,4.764587852700054,10.95263789795637
1778595684496461800,88.9754619140625,-0.20923881663307548,4.943465871730447,12.650697368371485
1778595684506453800,88.98545385742187,0.5332148962974548,4.4775364591985936,13.893425977158545
1778595684516445000,88.99544482421875,0.39344972112402316,4.040467814970016,14.58824597838521
1778595684526436900,89.00543676757812,-0.154892455548048,3.82887615160048,14.9226965441823
1778595684536427800,89.015427734375,-0.8844482545912266,4.028004054716229,14.733781407523153
1778595684546419000,89.0254189453125,-2.224551195937395,4.489848828282952,12.917816857695579
1778595684556411000,89.03541088867188,-3.2239433420479298,4.805864742723107,10.297253250539303
1778595684566402000,89.04540209960938,-3.624159634697437,5.3940650286614895,8.6666429300189
1778595684576393700,89.05539379882812,-4.032914623111486,5.660922652179003,7.0344748586624855
1778595684586385000,89.06538500976562,-4.504743030554056,5.467995357269048,5.266102081093192
1778595684596376000,89.0753759765625,-5.243938764601945,5.565361506521701,3.2240327738970516
1778595684606367700,89.08536767578126,-5.6424237034142015,6.053837097382545,-0.7337275317698717
1778595684616358700,89.09535864257812,-5.862074170076847,5.066837984377146,-8.5023963706702
1778595684626350800,89.10535083007812,-4.105381601168215,1.6270862380474804,-16.55315488901138
1778595684636341800,89.115341796875,-2.1765046656489373,-2.862545148092508,-18.029696929848193
1778595684646332700,89.12533276367188,-7.212832945472002,-5.225408251655101,-19.86822636270523
1778595684656324900,89.13532495117188,-14.904154340797662,-3.1887904878631232,-15.639251407355069
1778595684666315800,89.14531567382812,-13.335119894224405,1.1936783082835376,-10.692733746838568
1778595684676308000,89.15530786132813,-9.10098477963209,2.8114205255329607,-8.925596648544072
1778595684686299000,89.165298828125,-5.407126754808425,3.338903307919204,-7.515789471852779
1778595684696289800,89.17528979492188,-1.4894763412117957,3.8604868031337856,-7.4698969047278165
1778595684706282000,89.18528198242187,2.971530423468351,4.636030446369945,-7.259360303369164
1778595684716273000,89.19527294921875,6.341613590288162,4.603585389839113,-6.841607184985279
1778595684726264800,89.20526489257813,9.21529271133542,3.1502512061104175,-6.888969824662804
1778595684736256000,89.21525610351563,11.414012715923786,0.5702619667310267,-6.941717664510011
1778595684746247000,89.22524682617187,12.728400201255083,-1.7630056975781916,-7.254391282784939
1778595684756238800,89.23523876953125,14.8737229621768,-2.0834882360383866,-6.608006518903374
1778595684766229800,89.24522973632813,16.100026505863667,-2.4644801882579923,-3.5728766067057847
1778595684776221700,89.2552216796875,12.846426861220598,-2.531596745197475,-0.8667536079466343
1778595684786212900,89.265212890625,7.799781770044564,-2.054928788769245,0.5452443567872047
1778595684796203800,89.27520385742187,4.376289669120312,-1.3969663998186588,1.5750474232524632
1778595684806195700,89.28519580078125,2.222760220867395,-1.0526844680979848,2.7108167095333338
1778595684816187000,89.29518676757813,1.046997362372279,-0.9086718646131455,3.876985225731134
1778595684826178800,89.3051787109375,0.367342781573534,-0.7404134392745793,5.312746343368292
1778595684836170000,89.315169921875,0.08626140239238739,-0.49824353615939615,6.648785688537359
1778595684846161000,89.32516088867187,-0.06783665137495845,-0.48136634337753054,7.9234210091948505
1778595684856152800,89.33515283203126,-0.22848493050336838,-0.6400668129064142,9.069277974247932
1778595684866144000,89.34514404296876,-0.8913339224517345,-0.5261434235412628,9.804389069330691
1778595684876136000,89.35513598632812,-1.6979086637675762,-0.5206823085911572,10.030721790236234
1778595684886126800,89.365126953125,-1.7915812191992997,-0.6902853534717113,10.188758973550796
1778595684896118000,89.37511791992188,-1.5745897426128386,-0.6536265517033636,10.332218180936575
1778595684906109700,89.38510961914062,-1.545036315870285,-0.18429434499070046,10.48347724841833
1778595684916100900,89.39510083007812,-1.4175117597192526,0.6828868407182395,10.600355907392501
1778595684926092800,89.4050927734375,-1.1644109319407492,1.7880153434112667,10.57564699807167
1778595684936083700,89.41508374023438,-0.8191489762067794,2.3257963785804807,9.284602394405006
1778595684946075000,89.42507495117188,-0.24044256786592302,1.8158152044847606,7.299569564160704
1778595684956066800,89.43506689453125,0.47357729693651196,0.37814328479021786,4.281191464799642
1778595684966057700,89.4450576171875,1.7088941681623457,-0.42440570814087986,0.01810615005493164
1778595684976050000,89.4550498046875,1.5827058290511369,1.0252646193180233,-3.6717478998243807
1778595684986040800,89.46504077148437,1.0951286483347416,1.0034365261305123,-7.568288889896869
1778595684996031700,89.47503173828125,1.9188678749412298,-0.024083251703158018,-10.735479832631349
1778595685006024000,89.48502392578125,2.7925229328393932,-1.2813703280009328,-11.671277166187762
1778595685016014800,89.49501489257813,2.8311118989527224,-2.55554256119132,-13.105352522695064
1778595685026007000,89.50500708007813,2.5258850895524025,-3.712163789103925,-16.818378189325333
1778595685035998000,89.514998046875,2.3474130209743973,-5.387343026930093,-17.533571116495132
1778595685045988900,89.52498876953125,8.166036171859503,-5.897734681522846,-17.240124761259555
1778595685055980800,89.53498071289063,10.606226845252513,-5.1462604806601995,-12.71436349259615
1778595685065972000,89.54497192382813,2.4727906282246113,-1.9043767005130647,-9.382369525673985
1778595685075963600,89.55496362304687,-3.57348158686161,0.6853707664884626,-7.817226825842261
1778595685085954800,89.56495483398437,-6.32779666185975,2.545882460181415,-6.216297942358255
1778595685095945700,89.57494580078125,-5.79336128385663,3.8821027148753404,-4.996622292378545
1778595685105938000,89.58493798828125,-3.1853602211534975,3.9346544476285574,-3.2149025419801474
1778595685115928800,89.5949287109375,-0.8782114060282706,3.2722751190185546,-1.022290206617117
1778595685125920800,89.60492065429688,-0.5806769046962261,2.891678303596377,0.5482920539200306
1778595685135912000,89.61491186523438,-2.0803193967439233,2.8817335404261946,1.0956062027186155
1778595685145902800,89.62490283203125,-4.544914881944656,2.160207464712113,-0.07844634472727775
1778595685155894800,89.63489477539062,-6.930540436935424,1.1180459980636834,-0.3741103760123253
1778595685165886000,89.64488598632812,-7.111011570376157,1.0413157365392893,1.3854647625952958
1778595685175876900,89.654876953125,-4.575674761867523,1.8205707284487782,2.8184131608992815
1778595685185868800,89.66486889648438,-1.1758289094686507,2.0904479920484125,4.600528632616997
1778595685195860000,89.67485986328126,0.8990227233886718,2.220260074614733,6.233859318011999
1778595685205852000,89.68485180664062,0.11519874306321143,2.55345406447947,7.570650942853093
1778595685215843000,89.69484301757812,-0.7643686076186597,2.9561396698519586,8.798902697998285
1778595685225834000,89.704833984375,-0.9983096115708351,3.131666332627833,10.021246690404414
1778595685235825700,89.71482568359374,-1.1602560772836208,2.7551781215682625,10.692051025271414
1778595685245816800,89.72481689453124,-0.9301308322273194,2.1152694218330086,11.193631596899031
1778595685255808800,89.73480883789063,-0.5805820660196245,1.307730950051546,11.448179189419745
1778595685265799700,89.74479956054688,0.003461538630723953,0.8198354971662163,11.601730751752852
1778595685275790800,89.75479077148438,1.4847475591242312,0.20853128941822796,11.605157219070195
1778595685285782800,89.76478271484375,2.3258909249961377,-0.8595907305799424,10.083598809421062
1778595685295773700,89.77477368164062,1.2432710451006888,-0.8773460944358259,8.583062145012617
1778595685305766000,89.78476586914063,0.25231713005490597,-0.11150533190537243,7.771272299396991
1778595685315756800,89.7947568359375,0.21560440614223478,0.823899970126152,7.174400631225109
1778595685325748000,89.804748046875,-0.12302899829745292,1.6112240675270557,6.644277855724096
1778595685335739600,89.81473974609375,-1.184889071824029,2.2069376517049966,6.150152276277542
1778595685345730600,89.82473046875,-2.396123568129539,3.893846928682923,6.338939987164736
1778595685355721700,89.8347216796875,-3.597010931009054,5.643496885603666,3.8359120415866372
1778595685365713700,89.84471362304687,-3.7399358853876588,5.453485185879469,-2.354657000753283
1778595685375704600,89.85470458984375,-3.8992812286913394,4.132318415671587,-11.930933480024336
1778595685385696800,89.86469677734375,-5.137111544042825,2.984421469223499,-19.973632026028632
1778595685395687700,89.87468774414063,-7.8396742199718945,0.5970023453468456,-21.99272728487253
1778595685405678600,89.8846787109375,-6.707309189176559,-1.660993914476782,-20.59020675805807
1778595685415670500,89.89467041015625,-2.0690426543176175,-0.7796025632381439,-15.585436815059184
1778595685425661400,89.90466137695313,-1.219687924939394,2.495510409554839,-10.712243918472527
1778595685435653600,89.91465356445312,-5.400678309321403,4.492058905547857,-8.469093820527196
1778595685445644500,89.92464453125,-5.918842936003208,5.926330661410093,-7.037358305144309
1778595685455635500,89.93463549804687,-3.3948809234678743,6.373969214969873,-5.984995031824708
1778595685465627600,89.94462768554688,-0.7299100193083286,5.840696451005339,-5.3702533604413265
1778595685475618600,89.95461865234375,1.6550795758664607,5.093129778975248,-4.405580645534396
1778595685485610500,89.96461059570312,4.231021951007842,3.562775483930111,-3.5341315732479095
1778595685495601700,89.9746015625,7.166889524942636,1.807986995077133,-4.289547205212712
1778595685505592600,89.98459252929688,9.729296711206436,-0.3928991745691746,-4.714029924112558
1778595685515584800,89.99458471679688,10.670932249397039,-3.2568682910501954,-5.3481046569973225
1778595685525575700,90.00457568359376,11.467723263323306,-2.8391707022458315,-4.170529196122288
1778595685535567600,90.01456762695312,11.007551391404867,-2.344002920269966,-1.5178320826023817
1778595685545558800,90.02455883789062,9.294944340199232,-2.6550872235268352,0.47243163403272626
1778595685555549700,90.0345498046875,6.921047801446914,-2.7075214673802255,2.5253297937572
1778595685565541600,90.04454174804688,4.8327112485945225,-3.065198887246847,4.255353259187936
1778595685575532800,90.05453271484375,3.509212236046791,-3.0632562287464737,5.666062937676906
1778595685585523700,90.06452368164062,2.196482454794645,-3.181197840777039,6.109844815808534
1778595685595515400,90.07451538085938,0.9566858078062533,-3.1519074488848444,6.809245130562782
1778595685605506600,90.08450659179688,-0.1870399904370308,-2.9922666297659277,7.854032415670156
1778595685615498500,90.09449853515625,-1.1775474038243292,-3.174853732447326,8.441583882310987
1778595685625489700,90.10448974609375,-2.4189678526222704,-3.4603742631196974,8.700019714441895
1778595685635480600,90.11448046875,-3.107362789237499,-3.841630711494386,8.823439173361658
1778595685645472500,90.12447241210937,-2.664623698157072,-4.001485757885873,9.268180836436152
1778595685655463700,90.13446362304687,-2.310356671255827,-3.1043440259382127,9.943065718615054
1778595685665455600,90.14445556640625,-2.169224445512891,-1.9308385909810661,10.371033941543102
1778595685675446500,90.15444653320313,-2.1482161442756653,-0.9781329388521611,10.606021093547344
1778595685685437700,90.16443774414063,-2.0657219854623077,0.03499539860077202,10.690631806123257
1778595685695429600,90.1744296875,-2.1024282065689563,0.9396430491991341,10.243068071365355
1778595685705420500,90.18442065429687,-2.3042940102159974,2.0440607732743024,9.145370449325442
1778595685715411700,90.19441162109375,-2.633663911747932,2.792246453985572,6.9629732185065745
1778595685725403600,90.20440356445313,-2.9052830505788325,3.074350454212725,2.88624575715363
1778595685735394800,90.21439477539063,-3.1613889784574507,3.498279046361148,-2.5533482660174367
1778595685745386500,90.22438647460937,-3.296233502233028,3.435684643021226,-7.554917367148399
1778595685755377400,90.23437744140625,-2.717651523989439,0.12912742477040737,-9.216438958761096
1778595685765368600,90.24436865234375,-2.1767899123311043,-0.9408582702077924,-9.521577505356072
1778595685775360500,90.25436059570312,-1.0271639501333236,0.5182413086472079,-11.246858160173892
1778595685785351400,90.26435131835937,-1.020210477733612,-0.3874822640869766,-12.598284459567068
1778595685795343600,90.27434350585938,-1.6262649847924708,-1.0275465197101235,-13.622977051150798
1778595685805334500,90.28433447265625,-2.4031775782942773,-1.0823223582535981,-13.398885387170314
1778595685815325400,90.29432543945312,-2.588019766426086,-1.4429692954503,-11.678038915407656
1778595685825317600,90.30431762695312,-3.041872956717014,-1.3420609435461461,-10.488257468432188
1778595685835308500,90.31430859375,-2.2940812437593934,-1.3261705698445438,-9.290679083970188
1778595685845300700,90.32430078125,-1.3291723820090293,-1.6101679826028643,-8.903360851338505
1778595685855291600,90.33429174804688,0.8858978688776492,-2.7547061201423406,-8.938070345669985
1778595685865282600,90.34428247070312,2.6552491360902786,-3.1805630500048396,-7.17337128817737
1778595685875274800,90.35427465820312,2.806712786233425,-2.1711023682139814,-4.624465973043441
1778595685885265700,90.364265625,2.689889072316885,-1.1653912482149897,-2.933397384428978
1778595685895256600,90.37425659179688,2.8397558086574075,-0.8890262300312518,-1.6975205412328243
1778595685905248800,90.38424877929687,3.66801865016818,-0.8256048743478953,-0.5105535671561956
1778595685915239700,90.39423974609375,3.8174107547342775,-1.0155111409362405,0.238099731066823
1778595685925231600,90.40423168945313,2.9291888268232342,-1.215926234318316,0.697765991550684
1778595685935222500,90.41422241210938,2.3316367751717566,-0.9810022837433964,1.242176235601306
1778595685945213400,90.42421337890624,2.6668624169945714,-0.8942408228743821,2.2951240308105945
1778595685955205600,90.43420556640625,2.8325942464649674,-0.9842829128492623,3.823437759938836
1778595685965196500,90.44419653320313,1.238707098186016,-0.6821220668908208,5.3160360325634475
1778595685975187500,90.4541875,-0.9586065467357635,-0.17191249086670576,6.3535565415382385
1778595685985179600,90.4641796875,-1.9180127194166183,0.61623994711712,7.240076341706514
1778595685995170600,90.47417065429687,-1.5214800837159157,1.8829522196903823,8.832915442237258
1778595686005162800,90.48416284179687,-0.025922374480532015,3.1077240237653254,10.492146877086162
1778595686015153700,90.49415356445313,2.031545575094223,3.3325843340307473,11.925661092579364
1778595686025144600,90.50414453125,4.028219743293524,2.9962606678381563,13.373652746236324
1778595686035136800,90.51413671875,5.026868377560377,2.6175217552423478,14.245247364473341
1778595686045127700,90.52412768554687,4.611160501268506,2.3124185722216963,14.233472755527496
1778595686055119600,90.53411962890625,3.3274902257621286,2.2940569861009714,12.392095532023905
1778595686065110800,90.54411083984375,1.772564968562126,2.4170308932103217,9.936011708450318
1778595686075101700,90.55410180664063,0.1847989335119724,3.049707888126373,8.504200789743662
1778595686085093400,90.56409326171875,-1.3415069629251957,3.1247528999775644,6.323728974029422
1778595686095084500,90.57408447265625,-1.6238099928557872,2.638109200718999,4.2400808712542055
1778595686105075700,90.58407568359375,-1.8452233775377271,2.9728429673716423,2.7842583778411147
1778595686115067600,90.59406762695312,-3.236428729611635,4.119752071826159,1.8594623307704925
1778595686125058600,90.60405859375,-4.64835888980627,4.91986696947813,-0.9544073414802551
1778595686135050500,90.61405053710938,-5.276882418304681,4.159541645900905,-7.942958653357625
1778595686145041700,90.62404174804688,-5.05304794395566,2.624828571124375,-14.776488914871216
1778595686155032600,90.63403247070312,-3.8265304652571674,1.4813104242824018,-15.435820254087448
1778595686165024500,90.6440244140625,-7.10259562420845,-0.12631211162135003,-15.028043755316734
1778595686175015700,90.654015625,-14.388808278667925,-1.4944225654423235,-15.511417639124392
1778595686185006600,90.66400659179688,-13.172806348764896,-0.31427374694794413,-12.365852837264537
1778595686194998500,90.67399853515624,-9.424555054974556,1.0984737940441816,-10.513047041773795
1778595686204989700,90.68398974609374,-7.031736373609304,2.1242107070490714,-9.221856307634711
1778595686214981600,90.69398168945312,-3.5766567097663877,3.3187776347354054,-7.79121209461987
1778595686224972500,90.70397265625,-0.10386248900201171,4.375214733365178,-6.295013167154789
1778595686234963700,90.71396362304688,3.7015783899426458,4.88577531478405,-5.083765153780579
1778595686244955600,90.72395556640625,6.489523347342014,4.208882892175018,-4.465400031203031
1778595686254946800,90.73394677734375,8.870263468378782,0.6414386127162724,-6.696510731786489
1778595686264938500,90.7439384765625,10.799862580692768,-0.6394031613659114,-7.891898912727832
1778595686274929400,90.75392944335937,13.330983817332982,-0.7007968836791812,-5.467374595022201
1778595686284920600,90.76392065429687,13.69372991876602,-2.257770743972063,-1.7994693421006203
1778595686294912500,90.77391259765625,12.01697860931754,-3.4120646979808806,-0.4876975922256708
1778595686304903400,90.7839033203125,9.20807269695401,-2.9120784098073837,0.9657295304834842
1778595686314894600,90.79389453125,6.348074895256757,-2.7536896365761754,2.560712657305598
1778595686324886500,90.80388647460937,4.059844715613126,-3.0350705832257865,3.6977357430398463
1778595686334877700,90.81387768554687,2.8792086981236933,-2.95573547296524,4.883662852674722
1778595686344869600,90.82386962890625,2.1527146247386932,-2.8826413029208777,6.159394736397266
1778595686354860800,90.83386083984375,1.063163557340577,-2.9215906267791985,7.508179581370949
1778595686364851700,90.84385180664063,-0.4663268874168396,-3.2927623189911244,8.37538794734776
1778595686374844000,90.85384399414062,-1.9693173747181891,-3.244545400571823,8.749521119713783
1778595686384834800,90.86383471679687,-3.5205613130569455,-3.064657912237942,8.690117329108714
1778595686394825700,90.87382568359375,-4.56626162135601,-3.07896700809747,8.706841669416427
1778595686404818000,90.88381787109375,-4.821534021019935,-2.8315964675992724,9.251853386491536
1778595686414808800,90.89380883789063,-4.202712386846542,-2.4486022356465456,9.986717813336849
1778595686424800500,90.90380053710938,-2.857548654979467,-2.1607998776473103,10.410454097783566
1778595686434791700,90.91379174804688,-1.8854010741472242,-1.8117416714355348,10.556467665827274
1778595686444782800,90.92378295898438,-1.6381062292337416,-1.2470479332908988,10.55656586550474
1778595686454774500,90.9337744140625,-1.6410814456522465,-0.534974161054939,10.17470706732273
1778595686464765700,90.943765625,-1.8500585426092147,-0.05918284133076667,9.439751455062627
1778595686474756600,90.95375659179687,-2.1616285835564137,0.20487360716089606,8.374784720757603
1778595686484748800,90.96374877929688,-2.4532184972703455,0.6551689588397741,7.251325465473532
1778595686494739700,90.97373974609376,-2.794918303543329,1.4401144905410705,5.8501563532680265
1778595686504731600,90.98373168945312,-3.1444390127003192,2.5263223119258877,3.3638597622603177
1778595686514722800,90.99372290039062,-3.6865117537140843,3.7374417304843663,0.353599502903223
1778595686524713700,91.00371362304688,-3.6115222714424133,4.87698147521466,-3.550963465583324
1778595686534705700,91.01370556640624,-4.802545242911577,4.670301841545105,-7.999633895781636
1778595686544696800,91.02369677734374,-6.344661287420988,2.080498114311695,-10.659808797836304
1778595686554688800,91.03368872070313,-6.643197659271955,0.6038040977835655,-12.752006702291965
1778595686564679700,91.0436796875,-5.1858524863362305,-0.19506876391805708,-14.673201558876038
1778595686574670800,91.0536708984375,-3.1845372143328188,-1.3858591687403619,-14.52173790873289
1778595686584662800,91.06366284179687,-1.7816192126333712,-1.0522772024713456,-12.387026558196544
1778595686594654000,91.07365405273437,-1.514953312295675,-0.9384894221846014,-11.403618747681378
1778595686604644900,91.08364477539062,-0.6928279506266116,-1.0681996518116443,-10.704702417051791
1778595686614636500,91.09363647460937,0.4556897580683231,-1.0765993044316768,-9.978436307203769
1778595686624627700,91.10362768554687,2.4741759451031684,-1.0611235028803347,-9.148090814200042
1778595686634619600,91.11361962890625,5.242821158748865,-1.437515267828107,-8.35908796993196
1778595686644610600,91.12361059570313,5.488686263120174,-1.7943387012138963,-7.357899588054418
1778595686654601700,91.13360180664063,4.662344160538912,-1.9832618750490247,-6.651959642398357
1778595686664593700,91.14359375,5.010459679073095,-2.391873071078211,-5.598440184780955
1778595686674584600,91.15358447265625,5.932163020825386,-2.2026152584612366,-3.8505776957988735
1778595686684575700,91.16357568359375,6.57623483158946,-1.6571018754743039,-2.3600129748284817
1778595686694567700,91.17356762695313,6.374643753230571,-1.2752926155224442,-0.8487123398214578
1778595686704558600,91.18355859375,6.216207925987243,-0.9992264341548085,0.6153098266601562
1778595686714550800,91.19355078125,5.264982721674442,-0.36890396647565066,1.8723919549703596
1778595686724541700,91.20354174804687,3.946261591053009,0.03483136714547872,3.0070956578463313
1778595686734532900,91.21353295898437,2.509898415869474,0.2138390769701451,4.540295405450463
1778595686744524800,91.22352490234375,0.9459878881812095,0.0498330483790487,5.9916644265860315
1778595686754515700,91.233515625,-0.5733890857756138,-0.08460925127118825,7.1996519768595695
1778595686764507000,91.2435068359375,-1.1418214259266852,0.657133317715302,8.671063084548711
1778595686774498800,91.25349877929688,-0.8439151686728,2.2903885267212987,10.288804571145773
1778595686784489700,91.26348974609375,0.04505963256531395,4.139404282279313,11.428058776932954
1778595686794481700,91.27348168945312,1.4186778808891773,4.728084752950072,12.328558002614974
1778595686804472600,91.28347265625,1.9355530522823332,3.5987852472051975,12.502137622976303
1778595686814463500,91.29346337890625,1.3145908989489077,2.321563417185843,10.910931092083453
1778595686824455700,91.30345556640626,0.8823451448321342,1.4705053910210728,9.611965632289648
1778595686834446600,91.31344653320312,0.12659690164579077,1.1404862318001687,8.487241471636295
1778595686844437800,91.32343774414062,-0.6629132893562316,1.5462848546266554,7.37753484737277
1778595686854429700,91.3334296875,-0.8582616739332676,2.275311076837778,6.238346108037233
1778595686864420600,91.34342065429688,-1.018076972836256,3.1564693499729035,5.523790309727191
1778595686874412800,91.35341284179688,-1.483265211611986,4.154107053631544,5.1227796518296
1778595686884403700,91.36340380859374,-2.1662918991923332,5.315300119504332,3.673421970516443
1778595686894394600,91.37339453125,-3.3193279620945453,6.0845759345173835,0.5570651429623366
1778595686904386800,91.38338671875,-6.302412045234441,6.005031273159385,-3.932275735798478
1778595686914377700,91.39337768554688,-8.716599677842854,4.99927952888906,-8.04688430725634
1778595686924368600,91.40336865234374,-8.48726835964322,3.989691567456722,-9.300589652609824
1778595686934360800,91.41336083984375,-6.341877794182301,2.916880841653049,-11.29665942517519
1778595686944351700,91.42335180664062,-9.13246829765439,1.7623171307921408,-13.930552469503878
1778595686954343700,91.43334375,-10.245473963463306,1.9314898944966494,-12.593290304541586
1778595686964334800,91.4433349609375,-5.799773488986492,3.5065514924049377,-11.008257493847609
1778595686974325800,91.45332568359375,-2.3046575828313824,4.215942455297708,-10.176257219374179
1778595686984317700,91.46331762695313,0.592872369402647,4.214095950648188,-9.779826875004172
1778595686994308600,91.47330859375,3.243642898774147,3.5119781936287877,-8.978954729244112
1778595687004299500,91.48329956054687,6.962399218010902,0.9593510814927518,-9.693471949109435
1778595687014291700,91.49329174804687,10.589211413043737,-1.4820207645088432,-12.194236041408777
1778595687024282600,91.50328271484375,13.523639894086122,-0.6455638028874993,-11.224531762075424
1778595687034274800,91.51327490234375,15.06061214596629,-1.9971613671943544,-6.790649735686182
1778595687044265700,91.523265625,14.283061254560947,-2.8925790518283843,-3.0744331640601157
1778595687054256600,91.53325659179687,11.767546752375363,-2.088326469849795,-1.2484960862725973
1778595687064248800,91.54324877929687,8.1278820900321,-1.671567477069795,0.12947861282825468
1778595687074239700,91.55323974609375,5.443036272579431,-1.6368835555709897,1.5889835941463708
1778595687084230700,91.56323071289063,3.3052082513272762,-1.661181399872899,2.9656442880392073
1778595687094222800,91.57322290039062,2.628544669038057,-1.3811582975730299,4.90921756516993
1778595687104213800,91.5832138671875,2.2276398096024987,-1.2695948422722518,7.021546403506398
1778595687114206000,91.5932060546875,1.3643103308856486,-1.7079225466512142,8.057894361570478
1778595687124196900,91.60319677734375,0.4731844982266426,-2.4357301868528127,8.338725565382838
1778595687134187800,91.61318774414063,-0.4501484174888581,-3.0091677879452705,8.646007553747296
1778595687144179700,91.6231796875,-1.65623692920804,-3.206159848076105,8.74577901057601
1778595687154170600,91.63317065429688,-2.9983903733432293,-3.0215842019259926,8.840216705161332
1778595687164161800,91.64316186523438,-4.5190591406762595,-2.909646214224398,8.879530478417873
1778595687174153700,91.65315380859376,-5.34327942879796,-3.0567718351632354,9.076454734009504
1778595687184144600,91.66314453125,-4.822101007252932,-2.8852374568939205,9.568665419745445
1778595687194135600,91.67313549804688,-3.441286116290092,-2.080799289215356,10.325738171267508
1778595687204127700,91.68312768554688,-2.7371172719597814,-1.5723659290835261,10.628253968143463
1778595687214118700,91.69311865234376,-2.660883927106857,-1.1446209935173393,10.513380219250918
1778595687224110800,91.70311083984375,-2.806659010219574,-0.6385599885400385,10.09772085827589
1778595687234101800,91.71310180664062,-3.034519671344757,-0.2860451390683651,9.306344270613788
1778595687244092700,91.7230927734375,-3.233855664253235,0.031132220366597175,8.251848076918721
1778595687254084900,91.7330849609375,-3.608025661498308,0.7790968056730926,6.743864019113778
1778595687264075800,91.74307568359374,-3.68480378075242,2.117412571341544,4.034212261706591
1778595687274066700,91.75306665039062,-3.9569782153785225,4.034105001939833,0.7860165219336748
1778595687284059000,91.76305883789063,-4.020865288877487,4.925344524106383,-3.5636394072830675
1778595687294049800,91.7730498046875,-4.025059817957878,3.0288465941444036,-9.07776523208618
1778595687304041700,91.78304174804687,-3.7680186550557613,0.2469589640226215,-13.418703017318247
1778595687314033000,91.79303295898437,-2.1250164704740047,-0.8127056452862917,-14.793306778681277
1778595687324023800,91.80302392578125,-1.5225649563431738,-1.195527443281561,-14.864835891366004
1778595687334015500,91.81301538085937,-1.5476315930604934,-1.1316617778968066,-15.488336038744448
1778595687344006700,91.82300659179687,0.019547581034898755,-0.6263643777031451,-13.488371012306212
1778595687353997800,91.83299780273437,1.3482593597948551,-0.9290613763649016,-11.131503934288025
1778595687363989500,91.84298950195313,0.9026584495425224,-0.8772273634269833,-9.602290041449665
1778595687373980700,91.85298071289063,1.0843827979147433,-0.7405914261899889,-8.321217381221055
1778595687383971600,91.8629716796875,1.1871148581147193,-1.176296453915164,-7.541231956145167
1778595687393963500,91.87296362304687,1.2509738745629786,-1.3209025663137435,-6.433727810361981
1778595687403954700,91.88295458984375,1.9792378802299497,-1.088502362062782,-4.689684587407112
1778595687413946600,91.89294653320313,2.2556460069030524,-1.0206422202143817,-3.649635436737537
1778595687423937500,91.9029375,2.2476538391053675,-1.4267831536725162,-3.322069369757175
1778595687433928700,91.9129287109375,2.798542339259386,-1.9817735361874103,-2.4976912607252597
1778595687443920600,91.92292065429687,2.679153158769011,-2.1437854683518407,-1.373351130953431
1778595687453911600,91.93291162109375,2.1387696860164405,-2.1429515017457303,-0.592881721752882
1778595687463902700,91.94290283203125,1.8848978008002042,-2.2885741707757115,0.24389292751550673
1778595687473894700,91.95289477539062,1.745259613007307,-2.2717234276093543,1.4283791906923056
1778595687483885600,91.96288549804687,1.8855518807947635,-1.833242724625766,3.069163114702701
1778595687493877800,91.97287768554688,1.676729682138562,-1.332502110953629,4.557237772423028
1778595687503868700,91.98286865234375,0.8412368893742561,-0.7088059295464306,5.772153660655022
1778595687513859800,91.99285986328125,0.6232967337608337,0.4442918734803796,7.237917702367901
1778595687523851500,92.0028515625,1.3187258067965506,1.9194971127554774,8.359870060220361
1778595687533842700,92.0128427734375,2.747474415323138,3.520584693932533,9.321818903121352
1778595687543833900,92.02283374023438,4.952435944649577,4.864584642717242,10.595364090454577
1778595687553825500,92.03282543945312,7.530527606779336,4.955448570469022,12.419497918212413
1778595687563816400,92.04281640625,8.482530225205421,3.897714710026979,13.862433457523583
1778595687573807600,92.0528076171875,7.5384887949168675,2.797861663518846,12.748183929133415
1778595687583799600,92.06279956054688,4.987166481769084,1.9537606168851256,9.673528646755218
1778595687593790500,92.07279052734376,1.8866110344588756,1.9684049360483884,7.771804214316606
1778595687603782700,92.08278271484374,-0.423730987217091,2.220368795686215,6.580775982150435
1778595687613773600,92.09277368164062,-1.403170515155792,2.6563816472515462,4.569626129353046
1778595687623764700,92.1027646484375,-2.005164348646998,3.270499049256742,3.46092897439301
1778595687633756700,92.11275659179688,-2.9300808072268962,3.9254286463826893,2.4106951143175364
1778595687643747600,92.12274755859374,-4.857552844384313,4.404048029139638,0.5724906756311655
1778595687653738800,92.13273876953124,-6.722866823792457,4.842780807188153,-2.268565694230795
1778595687663730700,92.14273071289062,-3.467471527904272,4.531389922200143,-5.267476876577734
1778595687673721600,92.1527216796875,-1.3216741352081298,3.898345701406896,-6.97857235417664
1778595687683713800,92.1627138671875,-5.680410611981153,3.2665751538112757,-10.589006830382347
1778595687693704700,92.17270458984375,-9.032126931983232,3.0773557735085486,-15.594854631745815
1778595687703695600,92.18269555664062,-7.944054631900787,3.145262019520998,-15.706554426777362
1778595687713687600,92.1926875,-5.877246020245551,3.729076929982006,-13.923103322541714
1778595687723678500,92.20267846679687,-3.9229344914793964,4.974588155224919,-11.185827060627936
1778595687733669600,92.21266967773437,-0.4824117973098531,5.900597669738531,-8.214097315195202
1778595687743661600,92.22266162109375,3.1194226448655127,6.443306955090165,-6.160680100032687
1778595687753652500,92.23265258789063,4.236697658556699,6.356353478780388,-5.016172211501002
1778595687763644700,92.24264477539063,5.642645821732282,2.7095094263270494,-4.778808393493295
1778595687773635600,92.25263549804687,7.413618552666902,-1.4305590189494193,-8.223695164623855
1778595687783626500,92.26262646484375,10.735343054509162,-1.8648519148543476,-9.198308843308686
1778595687793618700,92.27261865234375,12.437207762426137,-4.350006350089609,-6.702357119727134
1778595687803609600,92.28260961914063,11.295007566314935,-5.743962169915437,-4.0957624166905875
1778595687813600500,92.2926005859375,7.437180630040168,-6.20783991061449,-2.844385806545615
1778595687823592700,92.3025927734375,3.0867829425454136,-7.075651503181457,-3.4565941600590944
1778595687833583600,92.31258349609375,2.1100001031279563,-7.38855776116848,-3.365483564069867
1778595687843574800,92.32257470703125,0.9980489148080348,-7.007464686661958,-1.2242349207192658
1778595687853566700,92.33256665039063,-0.03352598363533616,-5.763067852401733,2.132330008357763
1778595687863557600,92.3425576171875,-0.7203893267691135,-3.9328713636040686,6.5125219456136225
1778595687873549800,92.3525498046875,-1.100507272633165,-1.9270497200921177,10.250706603419781
1778595687883540700,92.36254077148438,-1.8634369334898888,-1.4113285410396754,11.155064842617511
1778595687893531600,92.37253173828125,-3.0149066238582134,-2.1507111759617925,10.751824233710765
1778595687903523600,92.38252368164062,-3.7883237764596935,-2.394468640529364,10.921501585936547
1778595687913514500,92.39251440429688,-3.4499744496583937,-2.272189145424962,10.801326223504542
1778595687923505700,92.40250561523438,-3.1098540215313433,-2.2910442141510545,10.133329931795597
1778595687933497600,92.41249755859376,-2.7199440188407897,-2.2964447580203413,10.143741435694693
1778595687943488500,92.42248852539062,-2.763697820371389,-1.8306997621446848,10.601462991851568
1778595687953479400,92.4324794921875,-2.8972996506094932,-1.0632197445072233,10.724318971669673
1778595687963471600,92.4424716796875,-2.709353651243448,-0.017552753955870866,10.631873327684401
1778595687973462500,92.45246264648438,-2.4039865565896035,0.801959210344404,10.207105946624278
1778595687983453700,92.46245361328126,-2.213825219261646,1.038005881338939,9.343678268229962
1778595687993445600,92.47244555664062,-2.1612124039709566,1.3445673734091221,8.197413306897879
1778595688003436500,92.4824365234375,-2.871896329283714,2.2745415537700056,6.78222385264635
1778595688013428700,92.4924287109375,-4.269306965738535,4.414412479026615,5.568466486799717
1778595688023419600,92.50241967773438,-5.590694685220718,7.463901463705301,3.8485511584073304
1778595688033410600,92.51241064453124,-5.420985768812894,10.415247177278994,1.1836281850427388
1778595688043402800,92.52240283203125,-3.5273370908021926,9.786341955986618,-3.51436128937304
1778595688053393700,92.5323935546875,-1.9887199943244456,5.652289848390221,-11.568746181517838
1778595688063384600,92.54238452148438,-3.091150490105152,2.037244517388195,-18.61779492445588
1778595688073376800,92.55237670898437,-4.575723861706257,-0.4520091698594391,-21.95598657697439
1778595688083367700,92.56236767578125,-3.7850644824028015,-2.3893166645936668,-20.115624083471296
1778595688093359600,92.57235961914063,-1.818516864658892,-3.309097075459361,-14.710982715737819
1778595688103350500,92.5823505859375,-1.2135152276538312,-2.212209746889025,-10.814053603130578
1778595688113341700,92.592341796875,-1.2956677334226667,-0.5541160108331591,-8.04768860937655
1778595688123333600,92.60233374023437,-1.3567010249257088,0.26426300391443075,-5.8128322925239795
1778595688133324500,92.61232446289063,-1.3311585873901843,0.5731272930342703,-4.939635499787331
1778595688143315500,92.6223154296875,-1.2294424262344836,0.7040808007206767,-5.0195431492388245
1778595688153307600,92.6323076171875,-0.5371498976588249,0.009650748659670352,-5.725183819687366
1778595688163298600,92.64229858398437,0.9584954145114868,-0.7488456059247255,-6.3120888051182025
1778595688173289500,92.65228955078125,2.456882280474901,-1.9096397356078028,-6.141824592915177
1778595688183281700,92.66228173828125,3.507153549951315,-2.4138490483038124,-5.107153628152608
1778595688193272600,92.6722724609375,3.7836429251670833,-2.370180586969107,-3.2324089725762604
1778595688203264800,92.6822646484375,4.303327308762073,-2.851963548323512,-1.828448183825612
1778595688213255700,92.69225561523437,4.20724827671051,-2.7461811606422066,-0.5185796372234821
1778595688223246600,92.70224658203125,3.554718434202671,-3.16722776761353,0.41998599200248715
1778595688233238800,92.71223876953125,3.013646394664049,-3.373881682319939,1.9906471629947422
1778595688243229700,92.72222973632813,1.807207242876291,-3.4253356829643247,3.3339415938585995
1778595688253220600,92.732220703125,0.7625579049348831,-2.793086704201996,4.9498587876379485
1778595688263212800,92.742212890625,0.16160627397298813,-1.878068247041106,6.41562166030705
1778595688273203700,92.75220361328125,-0.08696279212739318,-1.3426342133894562,7.389858906894922
1778595688283194600,92.76219458007813,0.5659142563829198,-0.8570809397161007,8.171080011245607
1778595688293186600,92.7721865234375,1.5618869129061699,-0.8470174455370754,9.112658266291021
1778595688303177500,92.78217749023437,2.6560709738671777,-1.0491801132388412,10.070928712940216
1778595688313169700,92.79216967773438,3.3250597837448117,-1.1656914002053438,10.643471411019563
1778595688323160600,92.80216064453126,3.5355578066587445,-1.169445492041856,10.712535010373593
1778595688333151500,92.8121513671875,3.0804163301229477,-0.4598267117425799,10.444022020864486
1778595688343143700,92.82214379882812,2.001563109284639,0.4528051425427198,9.660335403183103
1778595688353134600,92.83213452148438,0.727242261403799,0.9680170568987727,8.582475285035372
1778595688363125500,92.84212548828125,-0.5775590649366379,1.1051615281797944,7.501038477444649
1778595688373117700,92.85211767578124,-1.771791061580181,1.2307726519249378,6.936990051466227
1778595688383108600,92.86210864257812,-2.6149440137088296,1.4934053512237966,6.75988167245686
1778595688393099500,92.872099609375,-3.2707401645362375,1.6508615197800098,6.443450747475028
1778595688403091700,92.882091796875,-4.152742779541016,2.0630885682187974,5.1955228164792056
1778595688413082600,92.89208251953124,-4.46579399895668,3.471734153784811,1.689395102444291
1778595688423073500,92.90207348632812,-3.6725077782809734,6.043180678811669,-2.8019927719742057
1778595688433065700,92.91206567382812,-4.451417098557949,8.468651337456702,-4.457720582616329
1778595688443056600,92.922056640625,-7.7666674359500405,9.946859265679121,-4.155095480147004
1778595688453048800,92.932048828125,-9.006253655058146,9.311075390788913,-7.885905225270986
1778595688463039700,92.94203979492187,-7.840835080444812,4.922549924951792,-15.866179171544312
1778595688473030700,92.95203076171875,-8.913651359206437,0.5646669232029468,-20.888881077075002
1778595688483022600,92.96202270507813,-5.8854912860214705,1.1597910170551389,-15.509228020125626
1778595688493013500,92.97201342773438,-0.9661188220620155,2.0887568240910768,-11.099672041219472
1778595688503004700,92.98200463867188,2.079227363723516,0.9023110974095762,-9.667146836763619
1778595688512996600,92.99199658203125,8.878852433025836,-2.1964634578332305,-10.603131217324734
1778595688522987500,93.00198754882813,15.348817677938937,-5.109617387917638,-13.593197998958825
1778595688532979700,93.01197973632813,15.154837074583767,-1.3078738656535744,-10.741541324627399
1778595688542970600,93.021970703125,15.992785443806648,-0.7847495707377791,-5.417403818672895
1778595688552961500,93.03196142578125,14.788381597238779,-3.2733085537195206,-2.0360428865134717
1778595688562953700,93.04195361328125,10.6148310074687,-3.527917813299596,-0.46899815245270726
1778595688572944600,93.05194458007813,4.92460393487215,-2.914951919417083,-0.615948124563694
1778595688582935600,93.061935546875,0.6669406451761722,-4.62871106326729,-3.0693133368283507
1778595688592927700,93.071927734375,-0.8354618131041527,-5.368896100613474,-3.131273826178908
1778595688602918700,93.08191870117187,-1.834853813084215,-3.423121514046192,0.7906359984278678
1778595688612909600,93.09190966796875,-1.8761681125082075,-2.0232856962710617,4.440910902112722
1778595688622901800,93.10190185546875,-1.7125484528861938,-1.3138377424940466,7.472282923081517
1778595688632892700,93.111892578125,-0.9435025011062621,-1.0330348149280995,9.692213473480939
1778595688642883600,93.12188354492187,-0.6491221529562026,-1.9546090504080056,9.663888127228617
1778595688652875800,93.13187573242188,0.15239179783873258,-2.5774822980597616,9.481702591085433
1778595688662866700,93.14186669921875,0.9905763139050453,-2.8634114095330236,9.549960134753585
1778595688672858600,93.15185864257812,2.958265283703804,-2.9444615070179103,10.103617515099048
1778595688682849500,93.161849609375,0.5291057074129581,-3.2916222090452907,8.782184787431358
1778595688692840700,93.1718408203125,-2.274419096434116,-2.7481749648079274,9.01986074012816
1778595688702832600,93.18183251953126,-1.8851672653913496,-2.2787052493207156,9.861422039151192
1778595688712823600,93.19182348632812,-1.7270774751067162,-1.602910997211933,10.288332277458906
1778595688722814500,93.201814453125,-2.085041018438339,-0.8353424975734204,11.051934138488768
1778595688732806700,93.211806640625,-2.6540964589238167,-0.0661148325510323,11.413091509425639
1778595688742797600,93.22179760742188,-3.3284289679169654,0.8568892165362835,11.459383305001259
1778595688752788500,93.23178857421875,-3.9440041675150392,1.5644167236447333,10.971590435707569
1778595688762780700,93.24178076171874,-4.317463386142253,2.153701005427539,10.17103159368038
1778595688772771600,93.251771484375,-4.755270281517506,2.7479513851851225,9.142976832187175
1778595688782762500,93.26176245117188,-5.340117165374756,3.328545580033958,7.902100573268532
1778595688792754700,93.27175463867188,-5.92913519743681,4.513077435918152,5.817745783528685
1778595688802745600,93.28174560546876,-6.6604469002366065,6.874665989500284,2.927542813181877
1778595688812737800,93.29173779296875,-7.551189286535978,8.171027988797425,-1.5207394944816828
1778595688822728700,93.30172875976562,-7.647402758622169,7.005176867985725,-7.714494181120395
1778595688832719600,93.3117197265625,-7.374241651046276,3.7352211318254467,-13.327417064762114
1778595688842711800,93.3217119140625,-8.548285430663823,1.6582055989325046,-15.291684170353411
1778595688852702700,93.33170263671875,-7.723249149984121,-0.1363619426012039,-18.30781712113619
1778595688862693600,93.34169360351562,-5.304339749550819,-2.5872265702217816,-20.635624108886716
1778595688872685600,93.351685546875,-2.5166180795133113,-2.216539154395461,-17.909252687346935
1778595688882676500,93.36167651367188,-0.21931904275119304,-0.48773039851672945,-13.058188620460033
1778595688892667600,93.37166772460938,0.25577686032103375,-0.1968497290506959,-10.64483802319765
1778595688902659600,93.38165966796875,-0.14974577684197574,-0.6657035045966505,-9.976377621108293
1778595688912650500,93.391650390625,0.36920799092352385,-1.3780632541671394,-9.82984850475788
1778595688922642700,93.401642578125,1.0988619896441698,-2.2849079033531248,-9.089799368751049
1778595688932633600,93.41163354492187,2.9755116020590067,-2.328284542134404,-7.358890937179327
1778595688942624500,93.42162451171875,4.270492376130819,-2.0150847080282865,-5.771578491115569
1778595688952616700,93.43161669921875,5.191201446148753,-2.0366785540685055,-4.8677749631911515
1778595688962607600,93.44160766601563,6.505315375235677,-2.2881898476332423,-3.897272811478376
1778595688972598500,93.4515986328125,7.859802815765142,-2.9785274427488444,-2.285216384780407
1778595688982590700,93.4615908203125,8.040583745807409,-3.0607120972216126,-1.3879554103672505
1778595688992581600,93.47158154296875,7.606651061517,-2.624775379632413,0.20014146407246589
1778595689002572500,93.48157250976563,7.355456286555528,-2.225769485685974,1.9786638797342777
1778595689012564700,93.49156469726563,6.803242090755701,-1.367927936860919,3.753725341287255
1778595689022555600,93.5015556640625,5.417663346391916,-0.4080095768742263,5.2108115710258485
1778595689032546800,93.511546875,3.899313377395272,0.8997799714967608,6.396505456426739
1778595689042538800,93.52153881835937,3.0418256104439494,2.2467481224372983,8.073478299671411
1778595689052529700,93.53152978515625,2.8196809888780114,3.15788418520689,9.674667879918218
1778595689062521600,93.541521484375,3.261742034566402,3.712851479107141,11.14119063104391
1778595689072512500,93.55151245117187,3.6880654128968713,3.4069586070135234,12.39260991128683
1778595689082503700,93.56150366210937,3.325042832610011,2.512037765985727,13.30223235462308
1778595689092495600,93.57149560546875,2.0693407604813574,2.0667286782868204,13.207259237986802
1778595689102486500,93.58148657226562,0.6778227622617036,1.706735090432316,11.9192149851799
1778595689112477400,93.5914775390625,-0.8381903612852096,1.456611451833695,10.332425101685523
1778595689122469600,93.6014697265625,-2.397642155998945,1.4725947645157575,8.877655916717648
1778595689132460500,93.61146044921875,-3.563461128106713,1.6272360217817128,7.450483763727545
1778595689142451700,93.62145166015625,-4.200300065007806,1.7628977071590721,6.418450746253132
1778595689152443600,93.63144360351562,-3.3274843805432317,2.0652695655196904,5.619621504497528
1778595689162434600,93.6414345703125,-2.448521279364824,2.761411755260825,5.523816613212228
1778595689172425700,93.65142578125,-2.225724331369996,3.949022872459888,5.916869005581736
1778595689182417700,93.66141772460938,-2.062637463450432,4.9467006158679725,4.287028500390052
1778595689192408600,93.67140869140626,-3.249731863299012,5.054105928575992,1.0087889200091362
1778595689202400800,93.68140087890625,-3.8565649535149333,4.76283224120438,-3.16700448025167
1778595689212391700,93.6913916015625,-3.3057688078194856,3.466612280726433,-8.058713276737928
1778595689222382600,93.70138256835938,-4.936716397470236,1.5359684816651045,-13.190026363635063
1778595689232374800,93.71137475585938,-10.032395860928297,0.15332359879612922,-18.891850350522994
1778595689242365700,93.72136572265624,-12.260461202466487,0.20313933071419596,-20.71461639705896
1778595689252356600,93.73135668945312,-5.653814281478524,1.8657314741678535,-16.353087074697015
1778595689262348500,93.7413486328125,3.113250678232312,2.7454069613993166,-16.19618269480467
1778595689272339500,93.75133935546874,8.04846953062117,3.2327763445839284,-16.417085207355022
1778595689282330600,93.76133056640624,11.359930412602424,1.3172747312054038,-15.80098276901245
1778595689292322600,93.77132250976562,13.016609240359067,-1.6606234737291932,-13.67599552463293
1778595689302313500,93.7813134765625,11.568124250227212,-3.1396640533834694,-10.786081892621517
1778595689312304600,93.7913046875,9.038131140834093,-3.044404228760302,-7.851465780052542
1778595689322296600,93.80129663085937,7.202098785489797,-1.4654051452726125,-4.635318790969253
1778595689332289300,93.81128930664063,5.2138487467646595,-0.6722346599310636,-2.2835569271355864
1778595689342281200,93.82128125,3.35725291134119,-0.26752164038419723,0.48752632731199264
1778595689352272100,93.83127221679688,1.4183588780678809,0.5541144764631987,3.3537931262761354
1778595689362263300,93.84126318359375,0.052630277882143854,0.5556432934656739,5.057229029032587
1778595689372255000,93.8512548828125,-1.9393664730906486,-0.21564678397923706,5.601131323561072
1778595689382246100,93.86124609375,-2.0939117226362227,-0.5370651419848204,6.64192047894299
1778595689392237300,93.8712373046875,-2.687421220898628,-1.0925307407960294,8.422472939127683
1778595689402229000,93.88122900390626,-2.454084758710861,-1.9577064319014548,9.796156078514457
1778595689412220000,93.89121997070312,-0.8477998280864208,-2.9838793251708147,10.966074887156486
1778595689422211000,93.90121118164062,-0.049143056820891796,-3.528553773115575,11.99511865968704
1778595689432203000,93.911203125,-0.24707152101900426,-3.21965295137763,12.653070527243614
1778595689442194000,93.92119384765626,-0.8955202682256698,-3.0906025008335707,12.214480372536181
1778595689452185000,93.93118505859375,-1.924568716931343,-3.013538258114457,10.912061557418108
1778595689462177000,93.94117700195312,-3.576269756275415,-3.134580466508865,9.572992635294794
1778595689472168200,93.95116821289062,-4.2080619311809535,-3.4317791600152847,9.287941183438896
1778595689482159000,93.9611591796875,-3.4881437290549275,-3.5396333855345845,9.710672090235352
1778595689492151000,93.97115112304688,-2.4227122998476025,-2.3333311579994858,10.567360815763474
1778595689502142200,93.98114208984374,-0.6626140141487121,0.13539090561196207,11.55275950783491
1778595689512134100,93.99113403320312,1.8711024996817112,2.1182114666342735,12.886460765445232
1778595689522125000,94.001125,2.0320389115691184,0.45615971366763114,10.425230811154842
1778595689532116200,94.0111162109375,4.589945279282331,-1.8129905024528503,3.352120809149742
1778595689542108200,94.02110815429687,4.310910895758867,0.03996463838070631,-1.3393752115935087
1778595689552099000,94.03109912109375,-0.22514139222912488,5.777587376141548,2.347164599171281
1778595689562090200,94.04109033203125,-5.509224024236202,0.8339327038407325,1.5606354515403509
1778595689572082000,94.05108203125,3.009254297184944,1.2451444377571343,-11.254036088979243
1778595689582073000,94.06107299804688,-4.308199883234501,-1.5763848093360662,-18.987523724383113
1778595689592064300,94.07106420898438,-12.229247733557223,-1.807121610419452,-12.651155633533
1778595689602056000,94.08105590820313,-8.821977868637441,0.7381725284799933,-11.260886685526371
1778595689612047000,94.09104711914063,-12.282018369758129,0.6411907023698091,-12.145990773677825
1778595689622038000,94.1010380859375,-12.75134385446906,1.197895195326209,-13.624294563490151
1778595689632030000,94.11103002929687,-12.643418901801109,0.792821525773406,-13.043400216650962
1778595689642021000,94.12102124023437,-12.512332853776217,0.8946101676434278,-12.31616380046606
1778595689652013000,94.13101293945313,-10.745191079306602,1.5675024147003889,-10.51059672601223
1778595689662004000,94.14100390625,-8.150363386431335,0.9872858209922909,-10.05687797575593
1778595689671995100,94.1509951171875,-5.750305401462316,0.6582844605118036,-9.755905901190639
1778595689681987000,94.16098706054687,-1.2790477302722632,-0.2825171110726893,-9.744548056352137
1778595689691978200,94.17097827148437,3.9495664778172968,-1.0462589650951326,-8.439137073680758
1778595689701969200,94.18096923828125,6.337195189324021,-2.196208898550272,-6.998357251098752
1778595689711961000,94.19096118164063,9.528777645993232,-2.601774443273246,-5.768920670083165
1778595689721952300,94.2009521484375,13.69339440320134,-2.455993222680688,-4.449840058499574
1778595689731943200,94.21094311523437,14.304378767877816,-1.0773436930581928,-0.9605559272378682
1778595689741935000,94.22093505859375,11.568783590918779,0.7473480608433485,1.7249153286367653
1778595689751926300,94.23092626953125,9.82134488030672,0.8318342702567577,2.8195792820692063
1778595689761917200,94.24091723632813,6.846670898115635,0.7464300692155956,4.0578754613667725
1778595689771909000,94.2509091796875,4.272332743300497,1.4351272036477922,5.221087465846538
1778595689781900300,94.260900390625,2.712574366855621,2.2943080382525918,6.262748727887868
1778595689791892000,94.27089208984376,4.775497953771055,2.3564450532138346,6.980535763204097
1778595689801883100,94.28088305664062,7.703991491806507,0.8409542730405927,7.986435976034403
1778595689811874000,94.2908740234375,8.895844484359026,-1.0864917528927325,7.728446134105324
1778595689821866000,94.30086596679688,8.712649478912352,-1.9128825169213115,7.991575677010417
1778595689831857200,94.31085717773438,7.3356246278822415,-1.9155324469082056,9.267086611458659
1778595689841848000,94.32084814453125,5.1844847051143645,-1.341702923888713,9.955256507146357
1778595689851840000,94.33084008789062,2.2822185181386767,-1.077463373915106,9.594853753969073
1778595689861831200,94.3408310546875,-0.5146316302500665,-0.8620951146163046,8.597890880832075
1778595689871822000,94.35082202148438,-2.042146171824634,-0.34788170977830885,7.457850493103265
1778595689881814000,94.36081396484374,-2.7623651104629037,0.6540507684648037,6.332167132028937
1778595689891805200,94.37080517578126,-3.628562838092446,1.2606446430973708,5.578522601389885
1778595689901796000,94.38079614257812,-3.7529090564683076,1.5230486482068895,5.107332491850853
1778595689911788000,94.3907880859375,-3.2171380459472534,2.41078162355721,5.537900083622336
1778595689921779200,94.400779296875,-2.5100825402647255,3.8590883345127103,6.256369255983829
1778595689931770000,94.41077001953126,-2.2687438272766767,5.19842438313961,3.880422798964381
1778595689941762300,94.42076220703125,-2.988181114017963,5.242272292694449,-2.1950030298918484
1778595689951753200,94.43075317382812,-5.283570517766475,3.9821284387260674,-6.82592095555365
1778595689961744100,94.440744140625,-7.865135993486643,2.803164153841138,-10.824134267640114
1778595689971736300,94.450736328125,-11.218387267971039,2.877894108393788,-14.926549712479114
1778595689981727200,94.46072729492188,-12.444659247475862,2.730516266259551,-16.440414645016194
1778595689991719000,94.47071899414063,-9.772175483468175,4.130542930431663,-13.147448620146513
1778595690001710000,94.4807099609375,-6.677004651805758,5.535441000032424,-10.549687211906909
1778595690011701000,94.49070092773438,-3.6249867331713435,5.789390042138099,-8.510836866757273
1778595690021693000,94.50069287109375,-0.4624087641250342,5.683616130024195,-6.592314444252848
1778595690031684000,94.51068408203125,5.000779412057995,4.7911894438996905,-6.5324880443215365
1778595690041675000,94.52067504882812,10.47889108967185,1.898691640613973,-9.685192196542024
1778595690051667200,94.53066723632813,9.39920083348751,-1.4245146242186426,-11.450795509397983
1778595690061658000,94.540658203125,8.483898006427287,-3.3853131769165397,-11.206872186744212
1778595690071649000,94.55064892578125,7.903433867698907,-3.566735619732737,-8.612694482210278
1778595690081641200,94.56064111328125,7.21430944776535,-3.752104462087154,-4.883274730139971
1778595690091632000,94.57063208007813,6.918530850189923,-3.9250530910685657,-1.7847540035277605
1778595690101623000,94.580623046875,6.431162343788147,-3.1368808524057266,0.4676993448138237
1778595690111615200,94.590615234375,4.414976834911108,-2.544833535650372,2.6336300094783303
1778595690121606100,94.60060620117187,2.680817292588949,-1.9199837272286413,4.820214755114913
1778595690131597000,94.61059716796875,1.8256091610074041,-1.0405080003529787,6.814908563151955
1778595690141589200,94.62058935546875,1.410043323534727,-0.4320905635550618,8.996348347115516
1778595690151580200,94.630580078125,1.4697043037712574,-0.8604758428514003,10.490339535403251
1778595690161571000,94.64057104492187,1.6461878288805485,-1.677158282814175,11.315195783340931
1778595690171563300,94.65056323242187,1.7086591903626918,-2.3612362330131234,11.244629962730407
1778595690181554200,94.66055419921875,1.308601887667179,-3.0351901179522276,10.664018524485826
1778595690191546000,94.67054614257812,1.0805980186790227,-3.4104195611223576,10.74088549106717
1778595690201537000,94.680537109375,-0.10683891099691391,-3.318283421477675,10.426274767249822
1778595690211528000,94.69052783203125,-1.991921420714259,-3.099964203418791,9.307401670712233
1778595690221520100,94.70052001953125,-3.2260727552920576,-2.488251816728711,8.678573021787404
1778595690231511000,94.71051098632813,-4.050490027290582,-1.605506420532614,8.914640370243788
1778595690241502000,94.720501953125,-4.496393135359883,-0.11629165286645292,10.341721337819099
1778595690251494100,94.730494140625,-4.67991605758667,1.496022109593451,11.129624111890791
1778595690261485000,94.74048510742188,-4.519793300169706,3.1935458656966684,11.171505105286837
1778595690271476000,94.75047607421875,-3.2154245200276375,5.313856934958696,11.71026010005474
1778595690281468200,94.76046826171876,-0.13999171393830329,6.016681378942728,9.815310276317597
1778595690291459000,94.770458984375,-0.6608773996144532,2.085759395840764,4.056559118071198
1778595690301450000,94.78044995117187,-0.22476970937252044,3.661704644715786,1.0506652372300624
1778595690311442200,94.79044213867188,-0.14660393515229225,6.8606637676328415,-2.3785639460414645
1778595690321433000,94.80043310546876,-0.7651321393370628,4.094502187496423,-7.035443995955586
1778595690331422500,94.81042236328125,1.1611071411550045,3.33358620454967,-12.86451547561884
1778595690341414400,94.82041430664063,-1.216351473993063,0.7331700440175831,-15.532823999768494
1778595690351405300,94.8304052734375,-4.456915695974231,1.1006380594059824,-14.45747089600563
1778595690361396500,94.840396484375,-5.802198085784911,1.4257665239758788,-14.748371073889732
1778595690371388400,94.85038842773437,-6.727789082625508,-0.5363482258871197,-15.965235758101938
1778595690381379300,94.86037939453125,-7.047928798997402,-2.1837710033901034,-15.336630396538972
1778595690391371500,94.87037158203125,-6.14855185534358,-3.7475434377819297,-13.777440467631816
1778595690401362400,94.88036254882813,-5.173776848617196,-3.6401965772628784,-11.751765830397606
1778595690411353600,94.890353515625,-4.459896757611632,-2.202298447597027,-8.5844743498981
1778595690421345500,94.90034545898438,-4.182111497366428,-2.2022547545857725,-7.510324776706099
1778595690431336400,94.91033642578125,-3.409965679875016,-2.837839161381125,-6.494075603818893
1778595690441327600,94.92032763671875,-1.9262585697144268,-2.9084345003470777,-4.740616902264953
1778595690451319600,94.93031958007812,-0.427630953797698,-2.6655419820457698,-3.891469093635678
1778595690461310500,94.940310546875,1.1455782211769372,-2.979280014681816,-3.38959275393188
1778595690471301600,94.95030151367187,3.4766795012325047,-3.359965092909336,-2.3206243827700614
1778595690481293300,94.96029321289062,5.092710092258453,-3.241882318842411,-0.7753583497971296
1778595690491284500,94.97028442382812,5.21819466701448,-2.412660861432552,1.1583826846271752
1778595690501275600,94.98027563476562,5.073215702715515,-2.250871632108092,2.2374989403158425
1778595690511267300,94.99026733398438,4.9022453880697485,-2.5780864014327523,3.28515213624835
1778595690521258500,95.00025854492188,4.884190968202054,-2.5259108085155484,4.572394425022602
1778595690531249400,95.01024951171875,4.25684758939892,-1.5206091461002826,5.841083989018202
1778595690541241300,95.02024145507812,4.343946319398284,0.3032344665393233,7.507808409970998
1778595690551232500,95.030232421875,7.065026064270734,1.6283894296005368,9.733639708846807
1778595690561223400,95.04022338867188,8.908525686755777,2.0281778522267935,11.191856988441943
1778595690571215400,95.05021533203124,9.69217372599244,1.6144561813160776,11.446182462644577
1778595690581206500,95.06020654296876,9.03750219528079,0.2168736954256892,10.820231999504566
1778595690591197400,95.07019750976562,6.839354437622427,-0.827702577279508,10.062224012959003
1778595690601189400,95.080189453125,5.030132347792387,-0.6176666189193725,10.518394248020648
1778595690611180500,95.0901806640625,3.448144311621785,0.008246727080643177,10.803631577837466
1778595690621171500,95.10017138671876,1.6370431300468742,0.5201730438947677,9.657181907588242
1778595690631163600,95.11016357421875,-0.437132210984081,1.0625471059426665,8.070517111778258
1778595690641154600,95.12015454101562,-2.2907880474328994,1.4474860422223805,6.567968523025512
1778595690651146500,95.130146484375,-3.561547987961769,1.4562009713366626,5.144781055757403
1778595690661137700,95.1401376953125,-4.1057308529973024,1.735177194932103,4.291429365697502
1778595690671128600,95.15012866210938,-3.8992975953042506,3.36447058763504,4.07595121628344
1778595690681120500,95.16012060546875,-3.1318215231895445,6.111834528321028,2.7517624679058788
1778595690691111700,95.17011157226563,-3.3791216288000343,7.8420719287633895,-1.7435545626550912
1778595690701102600,95.1801025390625,-5.5251972539156675,6.287845175221562,-10.37292077820301
1778595690711094300,95.19009423828125,-8.389836159417033,2.3827391858994957,-19.846858580505845
1778595690721085400,95.20008544921875,-12.867003200781344,1.0065563386514782,-23.397532123231887
1778595690731076400,95.21007641601562,-13.068027292907237,3.598372867012024,-18.049890992093086
1778595690741068300,95.220068359375,-9.454126017373799,5.193129199340939,-14.04543440170288
1778595690751059500,95.2300595703125,-7.236355275356769,5.852716559144854,-11.180112774634361
1778595690761050400,95.24005029296875,-4.865232292971014,6.408927715626358,-8.772107630053162
1778595690771042600,95.25004248046875,-1.5068277273766695,6.90317136849463,-6.131769647368788
1778595690781033500,95.26003344726563,2.491509941741824,6.29704262715578,-2.6235043367832898
1778595690791024400,95.2700244140625,8.714768955284356,4.0661920388132335,-1.5588134968101977
1778595690801016600,95.2800166015625,11.457620386981963,1.9809826780706643,-4.247908203878999
1778595690811007500,95.29000756835937,11.094758550214767,0.8521560505345463,-6.59855889160037
1778595690820998400,95.29999829101563,10.914541099274158,-0.6813280669689178,-6.26921646259725
1778595690830990600,95.30999047851563,10.172918430340289,-2.756168886171281,-5.161785382050276
1778595690840981500,95.3199814453125,8.299702299505471,-3.8301846038505434,-3.4332255594313144
1778595690850972400,95.32997241210937,6.22326427423954,-3.8353491470068692,-1.3437673090726137
1778595690860964600,95.33996459960937,4.114340860432386,-3.7540605645909904,0.2304875024974346
1778595690870955500,95.34995556640625,2.6075124024033545,-3.219934983189404,2.022299023321271
1778595690880946400,95.35994653320313,1.452654969292879,-3.4215140788495537,4.439489344877004
1778595690890938600,95.36993872070312,0.8621043208360671,-3.6593835082918402,6.668786858558654
1778595690900929500,95.37992944335937,0.3523673307597637,-3.2936697892248628,8.715193318176269
1778595690910920400,95.38992041015625,0.33028292472362514,-3.433198086902499,9.917573549962043
1778595690920912400,95.39991235351563,0.635524931693077,-3.9805496451020237,9.83512907550931
1778595690930903600,95.40990356445313,0.4337479753732681,-3.9657685478165745,10.13283893340826
1778595690940894500,95.41989453125,-0.6711603086978196,-3.6456361379683018,10.360155989176034
1778595690950886400,95.42988647460938,-2.256202471742034,-3.4596927105963227,10.147351442885398
1778595690960877300,95.43987719726563,-3.517582004985213,-3.0537407969042656,9.602156185936927
1778595690970868500,95.44986840820313,-4.0909272516191,-2.5430501593649386,9.41111981934011
1778595690980860400,95.4598603515625,-3.9729076059162614,-1.512309665919095,10.053470213139057
1778595690990851300,95.46985131835937,-3.906253405791521,-0.26826836709827184,10.96998533859849
1778595691000843500,95.47984350585938,-3.8151322884082792,0.8495239484652877,11.404143648338318
1778595691010834400,95.48983447265626,-3.3141642957210538,1.7896954054526983,11.023398948878048
1778595691020825300,95.49982543945312,-2.673290404215455,2.377059240566939,10.410676216101646
1778595691030817500,95.50981762695312,-1.8102935184538362,3.396589480951428,9.798662508377433
1778595691040808400,95.51980834960938,-1.3294260645091533,4.083745815682411,7.969255124130845
1778595691050799400,95.52979931640625,-2.675194192010164,3.0638182465434074,4.551185632777214
1778595691060791600,95.53979150390624,-3.017787147730589,3.346633902171254,0.4770376665234565
1778595691070782500,95.54978247070312,-2.3036229790866374,5.370485415631532,-5.29598225557208
1778595691080773600,95.55977368164062,-3.6477123597204684,2.6857775453448296,-12.381277200889587
1778595691090765600,95.569765625,-3.755626206472516,0.7180290273785591,-15.312585504084824
1778595691100756500,95.57975659179688,-3.629252573922276,0.004817921675741672,-13.938387400913237
1778595691110747600,95.58974755859376,-3.656936699661612,0.9368455274350941,-13.194584465330838
1778595691120739600,95.59973950195312,-4.46915032364726,1.0205438013412058,-14.015060306227207
1778595691130730500,95.60973046875,-4.845196051636338,-0.16072700692042707,-14.276640866124628
1778595691140721700,95.6197216796875,-4.607493795454502,-0.5095395678080618,-11.918225974142551
1778595691150713300,95.62971337890625,-3.695414022094011,-0.3409456269048154,-10.273584790182113
1778595691160704300,95.63970434570312,-2.842423566561937,-0.5546398155115545,-8.900174622517824
1778595691170695400,95.6496953125,-2.4342986927449703,-1.0754638706609607,-7.948425686591863
1778595691180687400,95.65968725585938,-1.313147129881382,-1.4257966268531976,-6.829985136252641
1778595691190678500,95.66967846679688,0.7871937490195036,-1.106493945827335,-4.7410506175071
1778595691200669400,95.67966943359374,1.8839175575911997,-0.5003416774824261,-3.1814141138762233
1778595691210661400,95.68966137695313,3.3586066640377044,-0.5454688131928443,-3.1719752544015645
1778595691220652500,95.69965258789063,5.7866059643775225,-1.2529396216779947,-3.0488439647734165
1778595691230643500,95.7096435546875,7.241055415871739,-1.661322123517841,-2.2201935852497816
1778595691240635400,95.71963549804687,7.359851306644082,-1.0941107034638524,-1.119145483738184
1778595691250626600,95.72962646484375,6.381996454080939,-0.5996941782467067,-0.2666951264321804
1778595691260617500,95.73961743164062,4.763519054424762,-0.31204467272162434,0.5939946514308452
1778595691270609400,95.749609375,3.1413907310456035,0.0905989932052791,2.046193109127879
1778595691280600600,95.7596005859375,1.9639203379802406,0.2964833848439157,3.6660634244471786
1778595691290591500,95.76959155273437,0.8757784797929227,0.897207782921195,5.6688867629259825
1778595691300583400,95.77958349609375,0.054770285585522646,1.4114302478484808,7.402598561480641
1778595691310574600,95.78957470703125,0.12054667996242642,1.8817184401117264,8.777478217175602
1778595691320565500,95.7995654296875,1.4545179866857827,2.483425419485569,10.209483781671523
1778595691330557700,95.8095576171875,3.3403350942879912,2.4348987044647337,11.472385409915447
1778595691340548900,95.819548828125,4.852878422832489,1.7564212046213448,12.464872014421223
1778595691350540000,95.8295400390625,5.337405568328499,0.723959878732264,12.8228834885478
1778595691360531700,95.83953173828125,4.093430174350738,0.04996040108576417,12.426170820105074
1778595691370522600,95.84952270507813,2.121245865894109,-0.13869403881058096,11.283577825284004
1778595691380513800,95.859513671875,0.15971775681264697,-0.10700053129941224,9.3077038685292
1778595691390505700,95.86950561523437,-1.4513818806171417,0.37726036447584627,7.718209402251243
1778595691400497000,95.87949682617187,-2.415544892436266,0.7316235452279448,6.554454961457848
1778595691410487800,95.88948779296875,-2.506496498471498,0.7327008190706372,6.0726721462339155
1778595691420479700,95.89947973632812,-1.6865578331917523,1.3738555733442306,5.911628766840696
1778595691430471000,95.90947094726563,-1.039800728866458,2.7373618943706153,4.698077737221121
1778595691440461800,95.9194619140625,-2.1068559598833323,3.768259478074312,0.27917057712376114
1778595691450453800,95.92945385742188,-3.619346681457758,2.778030297106504,-7.63848646171689
1778595691460445000,95.93944482421875,-5.191781876385211,0.2478521865352988,-15.482318970412015
1778595691470435800,95.94943579101563,-7.924656688469648,-0.8222982340179383,-19.57825674366951
1778595691480427800,95.959427734375,-9.383823231613636,0.9726496851354837,-18.49979749058485
1778595691490419000,95.9694189453125,-7.509528657892346,3.0848841231867667,-14.909159017217158
1778595691500409900,95.97940991210938,-5.793992567497492,4.183410305005312,-12.43576633144617
1778595691510402000,95.98940209960938,-4.137952622166276,4.794975976701081,-10.515364086544514
1778595691520393000,95.99939306640626,-1.701703964397311,5.993454232612252,-8.728386561748385
1778595691530384000,96.0093837890625,3.507529982048273,6.650802289056777,-7.355655023998022
1778595691540376000,96.0193759765625,9.250537043195962,3.8735242716223,-9.04070888236761
1778595691550367000,96.02936694335938,11.876298218995332,0.170534261316061,-10.087386511266232
1778595691560358000,96.03935791015626,11.96672024819851,-2.263313765051961,-8.04418089351654
1778595691570349800,96.04934985351562,11.681841814821958,-3.139424399408698,-4.993429633817076
1778595691580340700,96.0593408203125,9.106134417480229,-3.1886569246113297,-3.3224265126317736
1778595691590332000,96.06933178710938,5.737982510983944,-3.096167149223387,-2.099161313727498
1778595691600323800,96.07932373046874,4.462989462929964,-2.9650235257923603,-0.3590431552618742
1778595691610314800,96.08931469726562,2.7029052057564256,-3.0506866700306534,1.7391326545596122
1778595691620305700,96.0993056640625,0.8153146587409078,-2.213850353702903,3.8008454043805595
1778595691630297900,96.1092978515625,0.08844766039028763,-1.4072975319579242,5.645957722759246
1778595691640288800,96.11928881835938,-0.33429844397529956,-1.162499180035293,7.627769252869486
1778595691650279700,96.12927978515626,-0.4156557077132165,-1.278771397548914,9.128038206252455
1778595691660271900,96.13927197265625,-0.18891864379048345,-1.8820415345862507,9.042582859545945
1778595691670262800,96.1492626953125,0.31849896342754364,-2.4018173958569764,8.993840748208761
1778595691680253700,96.15925366210938,0.4388895760454237,-2.9530954798504707,9.106422002249955
1778595691690246000,96.16924584960938,-0.22917700442075728,-2.8629627889826894,9.210914057859778
1778595691700236800,96.17923681640625,-1.7951577625118196,-2.440540071352571,9.424245258373022
1778595691710228000,96.18922802734374,-3.0260324135065075,-2.667941444402933,9.430954400622845
1778595691720220000,96.19921997070313,-3.4730221477687357,-3.2528578863650557,9.551673952934145
1778595691730210800,96.2092109375,-3.647464522439241,-3.362844447737932,9.798884042173624
1778595691740202000,96.21920190429688,-4.096460335826873,-2.496968791669607,9.777571789553761
1778595691750194000,96.22919384765625,-4.618866253340244,-1.1656932999014853,9.614630467584728
1778595691760184800,96.23918481445313,-4.865526307481527,0.04578559961915016,9.655320789891482
1778595691770176000,96.24917602539062,-4.5048833158075805,1.044836092685163,9.721088270309567
1778595691780168000,96.25916796875,-3.5508792944312093,2.4997546229958534,9.640478610068559
1778595691790158800,96.26915893554687,-2.01575413172245,5.093949278664589,9.337342635467648
1778595691800150000,96.27914990234375,-3.3317408689439296,3.0569775868684053,5.935034192347526
1778595691810141700,96.2891416015625,-2.195790380877256,4.2947167168051,0.031004210072755813
1778595691820132900,96.2991328125,-0.8302233279287815,2.4054716805808245,-9.152887400826812
1778595691830123800,96.30912377929687,-0.877918998952955,-4.385664815708995,-17.162320221567153
1778595691840115700,96.31911572265625,-1.5044061993181705,-1.5101622786268591,-17.189914330935476
1778595691850107000,96.32910693359375,-3.442435286325216,-2.3452216484099626,-17.41107870929241
1778595691860097800,96.33909790039063,-4.159754704129695,-0.8583832544863224,-15.84063439592123
1778595691870089700,96.34908984375,-4.778068973302841,1.668141302013397,-13.298885382282734
1778595691880081000,96.35908081054687,-5.65542639285028,1.9140334405221044,-11.257875228750706
1778595691890071800,96.36907177734375,-5.024477098509669,1.5342650387480854,-9.856128608918189
1778595691900063700,96.37906372070313,-3.938396264505386,0.5049385037533939,-9.183237530905007
1778595691910055000,96.38905493164063,-3.975862948590517,-0.24605069007128474,-8.347931785145402
1778595691920045800,96.3990458984375,-4.420170311900973,-0.509394752509892,-8.034879396685957
1778595691930037800,96.40903784179687,-2.1097873371601104,-1.1595375537507235,-6.95635935332477
1778595691940029000,96.41902880859375,2.674589796376228,-2.3016109086118637,-6.129146313127875
1778595691950019800,96.42901977539063,2.966373771357536,-2.188503584869951,-3.5047102484524246
1778595691960012000,96.43901196289063,3.287053001433611,-1.9648152409933506,-3.217487297776341
1778595691970003000,96.4490029296875,4.416320066213608,-3.2181326099425553,-3.6411511015087363
1778595691979993900,96.45899389648437,5.488754652181267,-3.675146894612908,-3.0945296111494303
1778595691989986000,96.46898608398438,5.8235372264117,-3.0425659074172375,-1.764215657889843
1778595691999977000,96.47897705078125,5.48455369336009,-2.351440376794338,-0.10118483075797557
1778595692009967900,96.4889677734375,4.172386222165823,-1.8894966728977858,1.3695406327545643
1778595692019959800,96.49895971679688,2.2752976328343153,-1.8172246328912673,2.5331506966412065
1778595692029951000,96.50895092773438,1.0488385332595556,-1.5075553109988569,3.972904683306813
1778595692039942000,96.51894189453125,0.6682249128330499,-1.0731709374181926,5.2501183300197125
1778595692049933800,96.52893383789062,1.3176935411393642,-0.6146140994809568,6.443646562308072
1778595692059924700,96.5389248046875,1.943196260511875,-0.31952596838772296,7.204234043952822
1778595692069915600,96.54891552734375,2.6710376568526026,-0.020326894844323394,8.278434470549225
1778595692079907800,96.55890795898438,3.0843881563633677,0.5849557510592043,9.338675345376133
1778595692089898800,96.56889868164062,3.9506864217579363,1.4095027869172394,10.806879181456566
1778595692099889700,96.5788896484375,4.046549180710316,1.7663129224300385,12.057630937701463
1778595692109881900,96.5888818359375,2.8101638034701346,1.8792165402933954,13.073416584730147
1778595692119872800,96.59887280273438,0.8543068718928843,1.6118977290049195,12.914465209180117
1778595692129863700,96.60886376953125,-0.9597170652609318,1.855709846369177,12.258742708110809
1778595692139856000,96.61885595703124,-2.000173700752854,2.953350331394374,11.5573281309247
1778595692149846800,96.6288466796875,-3.1013685172587633,3.573443008416891,10.511560018086433
1778595692159838000,96.638837890625,-4.503353622022271,3.4270427791431546,8.703362595129013
1778595692169830000,96.64882983398438,-4.902364630535245,3.149540135231614,7.1176955781847235
1778595692179820800,96.65882080078126,-4.414233323067426,3.918479850158095,5.941596619603038
1778595692189812000,96.66881201171876,-3.8394349550157783,6.603094781464338,3.279032776585221
1778595692199804000,96.67880395507812,-3.1118063246428966,9.164140616247057,-0.44489422328770156
1778595692209794800,96.688794921875,-3.3640275200426575,9.01636997540295,-4.613271209812164
1778595692219786000,96.69878588867188,-5.534354958361387,7.110920384961366,-10.119972437572478
1778595692229778000,96.70877783203125,-10.57818499211669,5.795698202371597,-15.650150402510166
1778595692239768800,96.71876879882812,-13.987721048402786,3.7008214340955017,-17.01803450022936
1778595692249760000,96.72876000976562,-14.16028009354472,3.406347197116911,-18.334978684306144
1778595692259751700,96.73875170898438,-11.812989822167157,4.088562860575318,-14.7724884470582
1778595692269742800,96.74874291992188,-8.13222567219436,6.683526162528992,-9.941725994443892
1778595692279734000,96.75873413085938,-3.666056994706392,6.742341924113035,-7.836383946254849
1778595692289725700,96.7687255859375,1.9747705255575476,2.472078388302028,-8.465407240968942
1778595692299716900,96.778716796875,6.581608341321349,1.0954469205036759,-8.149452701327204
1778595692309707800,96.78870776367188,11.396477059233188,1.0260507281944156,-8.48555278789699
1778595692319699700,96.79869970703125,11.111993762654066,-0.4814741876661777,-10.024746807479858
1778595692329691000,96.80869091796875,11.047767666459082,-2.0326281096339223,-12.032690557712316
1778595692339681000,96.81868090820312,10.370816499400139,-2.03690388725698,-11.010793149805068
1778595692349673000,96.8286728515625,8.199933765286207,-2.615184252205491,-8.769179759907722
1778595692359664000,96.8386640625,6.254560160735249,-2.9184295323997733,-5.7531900169879195
1778595692369655000,96.84865502929688,4.6404152373254295,-3.256508810088038,-3.4708605858206747
1778595692379647000,96.85864697265625,3.922818171623349,-3.4093566080659627,-1.2944178794920445
1778595692389638100,96.86863818359375,3.7294665138214826,-1.6618571071773767,2.0181512559920547
1778595692399629000,96.87862915039062,3.6911855907440185,-1.3956880504459142,7.202228549349307
1778595692409621000,96.88862109375,3.4276731860011815,-4.505414061683416,12.150668117839098
1778595692419612200,96.89861206054688,1.9371318459063767,-7.326034961760044,13.132599426060914
1778595692429603000,96.90860302734374,-0.576495819619298,-8.72787335152924,11.934234859657288
1778595692439595300,96.91859521484375,-2.743569224578142,-8.324683011505007,8.491506727865337
1778595692449586200,96.92858618164063,-2.3294366347789763,-7.3425471206218,4.428627174600958
1778595692459577000,96.9385771484375,-2.2631085978686807,-8.100165231066942,4.406007931035757
1778595692469569300,96.9485693359375,-3.8552854350984096,-8.639578397482634,5.056793560224771
1778595692479560200,96.95856030273437,-4.107549885118007,-7.2383093320339915,5.650618700307607
1778595692489551000,96.96855102539062,-3.070413991546631,-6.1176698103457685,6.664625647225976
1778595692499543300,96.97854321289063,-1.273922203952074,-4.9787324154227965,8.197200540930032
1778595692509534200,96.9885341796875,-0.764805391600728,-3.87626509476304,9.877886851739882
1778595692519525000,96.99852514648437,-1.0627595796495675,-2.796720384529233,11.113243470454215
1778595692529517000,97.00851708984375,-0.25705051525235173,-0.6799295983478426,12.223895851135254
1778595692539508200,97.01850830078125,0.7208785715907812,1.8252873817071318,12.226820798671245
1778595692549499100,97.0284990234375,3.3039959529280662,4.327800655761361,9.938836118221282
1778595692559490300,97.038490234375,2.1798399475514887,3.77184435082376,6.107309159851074
1778595692569482000,97.04848193359375,-5.408227994048595,-0.5426628158614039,2.0465537591338157
1778595692579473000,97.05847290039063,-3.938600262644887,3.7264392749547954,-3.855906781867146
1778595692589465000,97.06846508789063,0.6864443870693445,10.615730002135038,-11.418894642746448
1778595692599456000,97.0784560546875,-2.6426883452028034,4.013532754032314,-19.157335516643524
1778595692609447000,97.08844702148437,-1.9315128369808197,-0.9894541049420833,-14.637823956024645
1778595692619438000,97.09843798828125,1.615443731048703,-0.5077937470540405,-7.95227359419167
1778595692629430000,97.10842993164063,-2.2681968609184024,2.1547449615225194,-7.250985273733734
1778595692639421000,97.1184208984375,-8.974964782825111,3.241389566889405,-8.547325061199068
1778595692649412000,97.128412109375,-12.6068067887187,1.630166376145184,-13.28220078946352
1778595692659404000,97.13840405273437,-13.466099559265375,2.056599936851859,-14.101301834875345
1778595692669395200,97.14839526367187,-12.722553813314438,3.4846979725152254,-10.753521685278415
1778595692679386000,97.15838623046875,-9.395583812034129,4.7770308624267575,-7.9821233735322945
1778595692689378000,97.1683779296875,-5.853573468235135,4.580960301055014,-6.596906448218226
1778595692699369200,97.178369140625,-2.998357055595517,3.6603175742715597,-5.735723918402194
1778595692709360000,97.18836010742187,-0.7858886577703058,2.7083514884635806,-4.870827921020984
1778595692719352000,97.19835205078125,1.1374490560613573,1.835993776899576,-4.288865068167448
1778595692729343200,97.20834326171875,3.039751142257452,1.509869725421071,-4.8263931514889
1778595692739334100,97.21833422851563,3.940705125969648,1.3795067309737206,-4.832451136353612
1778595692749326000,97.228326171875,4.844942953658103,1.1432763009101152,-4.987879013952613
1778595692759317200,97.23831713867187,4.697672079029679,0.7740449291110039,-4.361788850080966
1778595692769308200,97.24830810546875,4.923744103172421,0.8064829713791608,-2.9686668507307767
1778595692779300000,97.25830004882812,5.42399781011045,0.6883724325224757,-1.6536258699268103
1778595692789291300,97.26829125976562,5.894677632039785,0.41473756995499134,-0.3291051131159067
1778595692799282200,97.2782822265625,5.273987865906953,0.040268297502398485,1.4401087914526463
1778595692809274000,97.28827416992188,3.809938226896524,-0.05556260500699282,3.262876591554284
1778595692819265000,97.29826513671875,3.1707202859044075,-0.13765782763063908,4.921157593810558
1778595692829256000,97.308255859375,3.224517342543602,-0.41164632594138384,6.470047662499547
1778595692839248100,97.318248046875,4.031304849827289,-0.5204533221408725,7.952182993298768
1778595692849239000,97.32823901367188,4.25568234501183,-0.7238967503681778,8.56908798019588
1778595692859230000,97.33822998046875,2.9631244141727686,-1.1273556782007217,8.500698919102549
1778595692869222100,97.34822216796876,1.5612386781305074,-0.977755483841896,7.565610610598325
1778595692879213000,97.35821313476562,1.1635329800624399,-1.0944462190285325,7.025598309245705
1778595692889204000,97.36820385742188,1.5772493172109125,-1.2694894822016358,6.856708892527222
1778595692899196200,97.37819604492188,2.0613731426030397,-1.5095695734307168,6.387620723703503
1778595692909187000,97.38818701171876,2.094935220465064,-1.7096978857606648,5.48444146515727
1778595692919178000,97.39817797851562,1.6299521488726139,-1.5360647816464303,4.878979078772664
1778595692929170200,97.40817016601562,-0.11957684854958206,-1.8846011559411882,5.32032116253674
1778595692939161000,97.4181611328125,-1.9338596923679112,-2.4018527594313026,6.187880826169252
1778595692949152000,97.42815209960938,-3.5248265692859886,-2.6008319017261265,6.540829171687364
1778595692959143200,97.43814306640625,-5.198448348537087,-2.65612299631536,6.39734424533844
1778595692969135000,97.44813500976562,-5.756987655705213,-1.2314423678800464,5.464323975279927
1778595692979126300,97.45812622070312,-6.267461143362522,0.1309510234683752,3.416377885004878
1778595692989117200,97.4681171875,-7.516275794064998,2.2332731393143535,-0.4747855036824941
1778595692999109000,97.47810913085938,-10.25001452950239,4.05297424532175,-5.152058937805891
1778595693009100300,97.48810034179688,-12.56793959018588,5.2590603458881375,-8.939735648533702
1778595693019091200,97.49809130859374,-12.809706027066706,5.562837541002035,-12.40448973417282
1778595693029083100,97.50808325195312,-11.292739621382951,4.9465708520084615,-14.430662384057044
1778595693039074300,97.51807421875,-8.742426193016767,4.467577959764004,-12.769915283948182
1778595693049065200,97.52806518554688,-6.804560187616944,4.798265665896237,-9.445200952640175
1778595693059057000,97.53805688476562,-5.843458316934108,6.097698450940847,-6.718503367885947
1778595693069048000,97.54804809570312,-4.8352913282155985,7.159494738516211,-3.9923499730110166
1778595693079039000,97.5580390625,-4.390270263677835,8.05928493914604,-1.8997160152256487
1778595693089031200,97.56803125,-3.863637668380141,8.478082013624906,-1.3269009299457073
1778595693099022000,97.57802197265624,-2.047791776496172,8.21785228381455,-1.52695471573472
1778595693109013000,97.58801293945312,0.9925415495634078,6.619392420792579,-1.6903157244205473
1778595693119005200,97.59800512695313,3.5047219388902184,4.579529391469061,-2.771591203969717
1778595693128996000,97.60799609375,5.205068058937788,3.50988502074182,-3.9647131935447453
1778595693138987000,97.61798706054688,6.247823545956611,1.9314958858460187,-4.134896157205104
1778595693148979200,97.62797924804687,7.897807844510674,0.3270432121500373,-3.612192133527994
1778595693158970000,97.63797021484375,8.333318737903237,2.075741859695315,-3.2936405631303787
1778595693168961000,97.6479609375,7.724493597087264,2.749489262276888,-3.1651474542081353
1778595693178953200,97.657953125,9.81955741236806,3.0422604947298764,0.3229267167419195
1778595693188944100,97.66794409179687,5.824176693359017,-1.1499088707923888,3.9631402451395985
1778595693198935000,97.67793505859375,5.910727434086799,3.1684099631354212,8.234585391950606
1778595693208927200,97.68792724609375,5.37679357586503,1.3922908092230557,9.55856429696977
1778595693218918100,97.69791821289063,8.76604906066656,-2.4657448013663292,9.220860866856574
1778595693228909000,97.70790893554687,9.003607524463535,-3.767473003871739,8.446192252889276
1778595693238900200,97.71790014648437,5.629692816656828,-5.81344662503004,6.457004056531191
1778595693248892200,97.72789208984375,3.626255730193853,-4.473717777693271,6.865524067145586
1778595693258883000,97.73788305664063,-0.07818389439880848,-0.520786207357049,9.357362510189413
1778595693268874200,97.74787426757813,-1.752141481475532,1.0210805385664106,8.970449935749173
1778595693278866200,97.7578662109375,1.6639897352918982,-0.35457010150104756,7.886313221549988
1778595693288857300,97.767857421875,2.012833860361576,-0.49678135465234513,8.14036104785502
1778595693298848300,97.77784814453125,-1.0659557453423738,0.9312643663018941,8.382927110680937
1778595693308840000,97.78783984375,0.3767518304318189,0.31527474068403244,7.147100536367296
1778595693318831000,97.7978310546875,3.349892611706257,-0.39835225234329696,5.025329331424832
1778595693328822000,97.80782202148437,5.44667433682084,-2.087079246267676,1.1652940714508295
1778595693338814700,97.81781469726562,7.031952646708488,-3.622677287185192,-2.004070708191395
1778595693348805600,97.8278056640625,8.123113560456037,-5.9356438486784695,-7.904218296074867
1778595693358796800,97.837796875,9.179034818518161,-8.426744625097513,-11.423921530997752
1778595693368788700,97.84778881835938,8.771025680035352,-9.407810840922593,-13.341740189146995
1778595693378779600,97.85777954101563,9.091094669258593,-10.460396817082167,-14.455018242156505
1778595693388770800,97.86777075195313,8.093178440919518,-12.667263887768984,-15.202869576346874
1778595693398762800,97.8777626953125,4.582545232158899,-13.665078993821144,-16.13704310809374
1778595693408753700,97.88775366210938,-2.2657871694281697,-12.829123844242096,-16.51839220318794
1778595693418744800,97.89774487304688,-10.531846434789895,-11.251705015683173,-16.63659655780792
1778595693428736800,97.90773681640626,-16.675289568817615,-9.969486108028889,-16.422651024788617
1778595693438727700,97.91772778320312,-19.211773209273815,-9.102630793273448,-15.705004274725914
1778595693448718800,97.92771875,-18.900988765746355,-7.553567121583223,-14.745537311768532
1778595693458710800,97.93771069335938,-17.835164537829158,-5.338737109193206,-13.836229341208934
1778595693468702000,97.94770190429688,-16.814101827180384,-2.6956974663347006,-12.740655287194251
1778595693478692900,97.95769287109376,-15.592600715339183,-0.537118041215837,-11.030325533270835
1778595693488683800,97.96768383789062,-12.5933405734241,1.49623385264799,-8.544385500615835
1778595693498675700,97.97767578125,-8.604385503548384,3.959437006707489,-6.358990841546654
1778595693508667000,97.9876669921875,-5.833910736387968,6.558653582191467,-3.997828112161159
1778595693518657800,97.99765771484375,-3.6048911628648637,8.470264033350348,-1.2095984926015138
1778595693528649700,98.00764965820312,-1.0151561169534922,8.66373727170527,0.7700976527899503
1778595693538640600,98.017640625,1.8080904554516075,7.695211973023414,1.5199521434962748
1778595693548631600,98.02763159179688,4.782129062348604,7.003834221205115,1.6419862855374812
1778595693558623700,98.03762377929688,6.891453458172083,6.465395452779531,1.598634635066986
1778595693568614700,98.04761474609376,7.445226573851704,5.8493222405314445,1.2586603374123573
1778595693578605600,98.05760546875,7.032668101501464,4.708229128879308,0.8346247777581215
1778595693588597800,98.06759765625,6.1620309301197524,3.5867467266261577,0.48358138907849785
1778595693598588700,98.07758862304688,5.281576129078864,3.451291961997747,0.4047644574731588
1778595693608579600,98.08757958984376,4.130544976258277,3.7563618272706862,0.7571078228354453
1778595693618571800,98.09757177734375,3.0353911934822797,3.6883193876579403,0.7300356915146112
1778595693628562700,98.10756274414062,2.036149854019284,3.0124568926185367,0.1737111377865076
1778595693638553600,98.1175537109375,1.7001023744195698,2.901539480136335,0.11927286063432693
1778595693648545800,98.1275458984375,2.646999194139242,3.3240216728687284,0.49058396131694315
1778595693658536700,98.13753662109374,3.5727070953577753,4.118003474593162,0.7322770407006144
1778595693668527900,98.14752783203124,4.086902818408608,4.7841611526981,0.6735653240129351
1778595693678518800,98.15751879882812,4.376927967023849,5.147262351179123,0.7809215368822217
1778595693688510700,98.1675107421875,3.8872681348145006,5.456062927412987,1.0245239570185543
1778595693698502000,98.177501953125,3.129755238309502,5.797767409861088,1.0794750059984624
1778595693708492800,98.18749291992188,2.5788129621416327,6.230186766979098,0.7704829988457262
1778595693718484700,98.19748461914062,1.9311422501027582,6.137051971685886,0.2328030128981918
1778595693728476000,98.20747583007812,1.2827578368365764,5.728408042430877,-0.2611939352000132
1778595693738466800,98.217466796875,0.5515659610241651,5.683916574275493,-0.6147670980855823
1778595693748458500,98.22745849609375,-0.8600374514341353,5.885155770456791,-0.7442519214589148
1778595693758450000,98.23744995117187,-2.0218442652910946,6.081565062263608,-0.7360749716788529
1778595693768440800,98.24744091796875,-2.5856904466956854,6.282913564038276,-1.4279168338775634
1778595693778432800,98.25743286132813,-2.716068054190278,5.8972004285156725,-2.132808147263527
1778595693788423700,98.26742358398438,-2.2061615527659653,5.025191968780756,-2.164406231576204
1778595693798414600,98.27741455078124,-1.360049750831723,4.043673040752113,-2.506135848465562
1778595693808406800,98.28740673828125,-0.6088455990821122,2.4151164378911254,-3.0619770025908943
1778595693818397700,98.29739770507813,0.1539075361639261,0.367352133923769,-2.832947297686338
1778595693828388600,98.307388671875,2.337404837179184,-0.5703980872660875,-2.4814549961954353
1778595693838379500,98.31737963867188,4.2784582404434675,-0.8722399304032326,-1.8652081809461116
1778595693848371700,98.32737182617187,5.603816617122292,-0.16702070023715496,-1.0063558476433156
1778595693858362600,98.33736254882812,4.276525226554274,0.2020899677917361,-1.308575876443088
1778595693868353800,98.34735375976562,0.5055407074302435,0.4713911850690841,-2.552189743632078
1778595693878345700,98.357345703125,-2.5964731219947335,2.0853271419033406,-3.5697125897169113
1778595693888336600,98.36733666992187,-4.4256724164485925,4.064000666248798,-4.3445641590356825
1778595693898327800,98.37732788085937,-4.647088723739981,5.792132618844509,-4.023734706833959
1778595693908319700,98.38731982421875,-4.009281818589568,5.459148033946752,-3.194665517376363
1778595693918310700,98.397310546875,-2.7560002516061064,3.0912577498719096,-2.9458769267737863
1778595693928301800,98.4073017578125,-1.7897288693308828,3.014946079085767,-2.727442557902634
1778595693938293800,98.41729370117187,0.6418921286374331,2.826125927233696,-2.4137619545422493
1778595693948284700,98.42728466796875,2.0580501356601713,2.5234043786525726,-2.3261726645469665
1778595693958275800,98.43727587890625,2.3346096535027026,2.8609704461216925,-2.2699483807608485
1778595693968267800,98.44726782226563,1.8052280517578123,3.4484558617889878,-2.0116759224981067
1778595693978258700,98.4572587890625,-0.13882336427867412,4.206328823778033,-1.4745543741509317
1778595693988249900,98.46724975585937,-1.2008844402700662,4.100869676701724,-1.0190227292537688
1778595693998240800,98.47724072265625,-1.5660621527642011,3.380938615094125,-0.35384880148917436
1778595694008232700,98.48723266601563,-1.928617700061202,2.3511691586375236,0.5154191273659467
1778595694018223900,98.49722387695313,-2.170152666273713,1.221125921853259,0.6329051045835018
1778595694028214800,98.50721484375,-2.535309920501709,0.7135555352263152,0.06927724210470915
1778595694038206700,98.51720678710937,-1.3117454463899134,0.34255671536326404,-0.4604451359018683
1778595694048197600,98.52719775390625,1.3257698800891637,-0.39691228266805406,-0.2783181980781257
1778595694058188800,98.53718872070313,2.783357045087218,-0.5617692290000618,-0.05890504730269312
1778595694068180700,98.5471806640625,3.126908032184839,0.12097001994103193,-0.17185250430777668
1778595694078171600,98.55717163085937,2.0179414126336574,0.3616540684126317,0.31067681843452155
1778595694088162600,98.56716259765625,-2.8724399346411227,-0.6304346228167415,0.51922217291072
1778595694098154800,98.57715478515625,-1.3850105890870092,-0.970211644333601,0.5557477036882191
1778595694108145700,98.58714575195313,-0.8245388525515794,-0.1683145394399762,0.615629633199051
1778595694118136600,98.59713647460937,3.6455993130892512,0.2371492984741926,1.7442366997003553
1778595694128127700,98.60712768554687,3.8664550638884303,1.1441466540038585,2.4491898262761533
1778595694138119700,98.61711962890625,2.1624773093402383,1.6672136657744645,2.2346206084005535
1778595694148110600,98.62711059570313,1.6267928080588578,2.303549037067592,2.1124051184430717
1778595694158101800,98.63710180664063,2.733951501405239,1.8954867070928214,1.7291769316039978
1778595694168093700,98.64709375,4.41197122335434,0.9598454408809542,1.4006880506902932
1778595694178084600,98.65708471679687,4.991894679334759,-0.16804682841449975,0.8899804620161652
1778595694188075800,98.66707568359375,4.505198373106122,-1.743756514967978,0.17029091754686088
1778595694198067700,98.67706762695312,3.9953754583120342,-2.0980559828341008,-0.012643500734865665
1778595694208059000,98.68705883789063,3.317974209398031,-1.1855015776991844,0.049264966167509555
1778595694218049800,98.6970498046875,2.5402999838739633,-0.7914186732381582,-0.028222616530209778
1778595694228041700,98.70704174804688,3.5398791769891975,-0.5025134685635566,-0.2886004495743662
1778595694238033000,98.71703295898438,0.05597381615638732,-0.5644003081560135,-0.07314020114317536
1778595694248023800,98.72702392578125,-5.997357669791579,-1.2361404625684023,0.28314539903886615
1778595694258015700,98.737015625,-6.383714363914728,-0.4665963520079851,-0.4407948982100934
1778595694268007000,98.7470068359375,-5.024273100370168,0.880635418304801,-0.9345513520833104
1778595694277997800,98.75699780273438,-4.234636634373665,1.3327958332031964,-0.6225341518905013
1778595694287988700,98.76698876953125,-3.5381098292291164,0.27604689214527606,0.2775241981562227
1778595694297980700,98.77698071289062,-2.474325582706928,-1.6547773780494928,1.1786772115718573
1778595694307971800,98.78697192382812,-1.124046699783206,-3.3322055638462302,1.814841098755598
1778595694317962800,98.79696264648437,0.08712123409211635,-4.2076136028915645,2.0622521173946557
1778595694327954700,98.80695458984376,-0.1648100384503603,-4.289617347839474,1.6389279208801686
1778595694337950200,98.8169501953125,-2.07728090583086,-3.685880470073223,0.9035748337350785
1778595694347941000,98.82694116210938,-4.030578873640299,-2.8766403089404102,0.19392653508037327
1778595694357933300,98.83693334960938,-5.467036741369962,-1.924663993999362,-0.27452786588445305
1778595694367924200,98.84692431640624,-6.295735636210441,-0.9045581456840037,-0.3006819325122982
1778595694377915400,98.85691528320312,-6.795520556592941,0.05076046542227268,0.18786051303967832
1778595694387906300,98.86690625,-6.709559013929963,1.0283230570405721,0.9219589239485562
1778595694397898200,98.87689819335938,-5.5759623955130575,1.9534774160295725,1.7126880074873565
1778595694407889400,98.88688940429688,-3.6231986807107925,2.5584809527307746,2.679241421574354
1778595694417880300,98.89688037109374,-1.453525906908512,2.505991471558809,3.3812609789162873
1778595694427872300,98.90687231445312,0.3666758420974016,1.7932260637968778,2.8899416890621183
1778595694437863400,98.91686352539062,0.7763613893598318,0.8273767063260078,2.7187878345429897
1778595694447854300,98.92685424804688,1.540758200159669,-0.21737843007743357,2.671383986072242
1778595694457846300,98.93684619140625,2.8613503853499886,-0.7116425412118434,1.9995459242433309
1778595694467837400,98.94683740234375,3.3154122499555347,-0.6860492502719163,1.1462142540581524
1778595694477828400,98.95682836914062,3.036813335239887,-0.5172486808806658,0.40147893299646675
1778595694487820300,98.9668203125,2.1345114440500734,-0.3482014432519674,-0.15177403126657008
1778595694497811200,98.97681127929687,0.9410323116004466,0.25997838539779183,-0.7730627131406217
1778595694507802400,98.98680224609375,-0.16865911509394646,0.9905150121718644,-1.2839660435825586
1778595694517793300,98.99679321289062,-1.0440426042199134,1.405309865272045,-1.3794149610370396
1778595694537151200,99.01615112304688,-1.1336246754676103,1.4185744205147026,-1.178923222222179
1778595694547143200,99.02614306640625,-0.2993587941497564,1.3724433684587478,-0.5292195430509746
1778595694557134000,99.03613403320313,1.0874164665222168,1.4922165798306464,0.18600630000773816
1778595694567125200,99.04612524414063,2.4105156660974023,1.760407497778535,0.6335376303333788
1778595694577117200,99.0561171875,3.267113206210732,1.875026395127177,0.8646472833171487
1778595694587108400,99.0661083984375,3.7637154049038886,1.5773089384436607,0.7994773304007947
1778595694597099300,99.07609936523437,3.8080408688426015,1.2825175983399153,0.24120018130019305
1778595694607091200,99.08609130859375,3.546980533427,1.5624609134018421,0.4921048872739076
1778595694617082400,99.09608227539063,3.7628240090221166,1.7096534620970487,0.3338019291626289
1778595694627073300,99.1060732421875,3.960366104251146,1.378385033467412,0.46701066842991856
1778595694637064200,99.11606420898437,3.8107828610271213,1.0061357751518487,0.6540592440322042
1778595694647056400,99.12605639648437,3.5031717868387697,0.9057920713931321,0.6530306316368282
1778595694657047300,99.13604736328125,2.797387908527255,1.000403953501582,0.8361955342061818
1778595694667038200,99.1460380859375,1.8928566508501767,1.547231195566058,0.6140656718179583
1778595694677030400,99.15603051757813,1.4347978255629539,1.650099449366331,0.2505719668880105
1778595694687021300,99.16602124023437,1.1716799730956553,1.163991172158718,0.21049933808818458
1778595694697012200,99.17601220703125,0.7057716033518314,0.553597174590826,0.7273230715550482
1778595694707004400,99.18600439453125,0.3700479488790035,0.2720721432954073,0.9537078149087727
1778595694716995300,99.19599536132813,0.08946399782598018,0.3101455611020326,0.8751685312010348
1778595694726986200,99.205986328125,-0.18287234936356545,0.33969489619135856,0.7962541305705905
1778595694736978200,99.21597827148437,-0.23685469944179058,0.2406470774620771,0.6223681476738303
1778595694746969300,99.22596923828125,-0.3583335456877947,-0.10093757799863814,0.23676930444696917
1778595694756960300,99.23596020507813,-0.4803384616345167,-0.4251292001098394,-0.30738632552176715
1778595694766951400,99.24595141601563,-0.4607371045857668,-0.6375415322124958,-0.7672936282198876
1778595694776943000,99.25594311523437,-0.5193453608989715,-0.7080296114116906,-1.007805973386392
1778595694786934300,99.26593432617187,-0.35067455536723136,-0.6133592771142721,-0.9434171609103679
1778595694796925200,99.27592529296875,0.07220365094542502,-0.3762140702933073,-0.4806294439377263
1778595694806917000,99.28591723632813,0.11739946797788142,-0.20843641420900821,0.23900321924518791
1778595694816908300,99.295908203125,-0.13862111970484256,-0.2078787803262472,0.849128957798332
1778595694826899200,99.30589916992187,-0.6195762519329786,-0.34626842936277386,1.0886804220434279
1778595694836891100,99.31589111328125,-1.2951117069751024,-0.5122095176696777,0.8827718458116054
1778595694846882300,99.32588232421875,-1.7513322109192608,-0.5427139615267514,0.4392231553813442
1778595694856873200,99.33587329101563,-2.3747721525430676,-0.6842758108586072,-0.06885010273382067
1778595694866864000,99.34586401367187,-3.4010400306195017,-1.0882049865514039,-0.7600832584496587
1778595694876856300,99.35585620117187,-4.1960459146946665,-1.491816182336211,-1.445345084670931
1778595694886847200,99.36584716796875,-4.011893462392687,-1.6802280456483363,-2.1105596367068586
1778595694896838100,99.37583813476563,-3.1631033811599014,-1.7498931180268524,-2.8920637957826254
1778595694906830300,99.38583032226562,-2.7735505213439464,-1.9493144511312246,-3.274758460266888
1778595694916821200,99.3958212890625,-2.991715717884898,-1.6721955458402633,-3.0139842483162878
1778595694926812200,99.40581225585937,-3.1027649400532242,-0.9214309545516968,-2.3625128288201984
1778595694936804400,99.41580444335938,-3.0258979734718796,-0.18313363064825533,-1.7866734272830187
1778595694946795300,99.42579516601562,-2.20855867703557,0.11771744788587092,-1.612612160884589
1778595694956786200,99.4357861328125,-0.27918285208344457,0.38958325495421886,-0.7495266469914466
1778595694966778400,99.4457783203125,-0.7274258012771606,0.5990794073492288,-0.04593605007366277
1778595694976769300,99.45576928710938,-0.9201029208183288,1.4003046043306588,-0.5974732873268425
1778595694986760400,99.46576049804688,-1.4744973832666872,1.9242431382387875,-1.4409379357531666
1778595694996752400,99.47575244140624,-2.2649890047878025,1.9023422720760106,-1.7767925231292843
1778595695006743300,99.48574340820312,-2.0103969886034725,1.722536324545741,-1.833325872864574
1778595695016734500,99.495734375,-1.2561702741622924,1.3799363545626402,-1.9331660110153257
1778595695026725400,99.50572534179688,-0.28851240596473215,1.2835785055696964,-1.8147300395965575
1778595695036717000,99.51571704101562,1.1199164681106806,1.554566360759735,-1.7034718508526683
1778595695046708200,99.52570825195312,2.3912872340142726,1.5379992568403482,-1.3984784118168054
1778595695056699400,99.53569946289062,3.127407798400521,1.2519418428122997,-1.0750894113253802
1778595695066691000,99.54569116210938,3.1490678415447473,1.0867162092983722,-1.0286257663141936
1778595695076682200,99.55568212890626,2.7797891234725713,0.6580629267156124,-1.2175255592737346
1778595695086673200,99.56567309570312,2.984167786723375,0.23984920508265495,-1.5228605782888829
1778595695096665300,99.57566528320312,2.907197359767556,-0.2862193265914917,-1.8445465011894702
1778595695106656300,99.58565625,2.575595753660798,-0.08788169707059859,-1.8484379556700585
1778595695116647200,99.59564721679688,2.2474258755683896,0.31101299158632756,-1.509618819399923
1778595695126639400,99.60563940429688,1.8742121561348437,0.7089473107784986,-0.9817430921733379
1778595695136630300,99.61563037109374,1.390184776854515,1.3170219254881144,-0.36373215332832187
1778595695146621200,99.62562109375,0.8248270218431949,2.0070769042700527,0.2757049285735004
1778595695156613400,99.63561328125,0.273657951182127,2.7285721464544532,0.890301656794548
1778595695166604300,99.64560424804688,-0.2732598917752504,2.379956277182698,1.1101011765390634
1778595695176595200,99.65559521484376,-0.16069909600019455,0.8024871797412634,0.5678914747400209
1778595695186587400,99.66558740234375,0.7436644038945436,-0.33953882884681225,-0.3022787732496858
1778595695196578300,99.67557836914062,1.5233727655947207,-0.8809738564789295,-1.106584400589764
1778595695206569200,99.6855693359375,2.3816133967399598,-1.2153443427771329,-1.8084147189699111
1778595695216561400,99.6955615234375,2.7255022374898195,-1.4202806399106978,-1.9736609568804502
1778595695226552300,99.70555224609375,2.6785709749668833,-1.3520558294683693,-1.7811537870787082
1778595695236543200,99.71554321289062,3.1078496959716078,-0.9052741849988698,-1.2278908128783106
1778595695246535400,99.72553540039063,3.623199265232682,-0.4314046271175146,-0.6986492041260004
1778595695256526300,99.7355263671875,3.0258927127748727,0.06949439198672772,0.7390620246656239
1778595695266517200,99.74551733398438,2.2738474340260026,0.1539957989692688,1.8047683252915738
1778595695276509200,99.75550927734375,1.0803776539266108,-0.06148702661991119,2.280249994544685
1778595695286500000,99.7655,-0.6136468618839979,-0.8492115215152501,1.1881650978200138
1778595695296491300,99.7754912109375,-1.5693004040330647,-1.2855524359911679,-0.3485328671634197
1778595695306483200,99.78548315429687,-1.7158435489088295,-1.2202730313509702,-1.1106769306004047
1778595695316474000,99.79547412109375,-1.6571908689320087,-1.2314771469324826,-0.8844161058872938
1778595695326465300,99.80546533203125,-1.1023936709016562,-0.7114788750827312,-0.3739010441105813
1778595695336457200,99.81545727539063,-0.6177952137351036,-0.1163718784958124,0.2057367998614907
1778595695346443800,99.82544384765625,-0.8211345970660447,-0.3302390855818987,1.1137949164904652
1778595695356435000,99.83543505859375,-1.1755600293993949,-1.0925088212251663,1.9187568157821893
1778595695366427000,99.84542700195313,-1.341245097118616,-1.4641998611360787,2.0277289394155145
1778595695376417800,99.85541772460938,-2.0293425120919943,-1.3022194931536912,1.6884581138551233
1778595695386408700,99.86540869140624,-3.1636919947028157,-1.0090016859769821,1.508603358747065
1778595695396401000,99.87540087890625,-3.8622605348080397,-0.9812360194340347,1.583046897573769
1778595695406391800,99.88539184570313,-4.666546288403868,-1.3678916965037584,1.758387097866833
1778595695416382700,99.8953828125,-5.361003301537036,-1.8215479029178618,1.245408057129383
1778595695426375000,99.905375,-4.082358745238185,-2.3420430183738468,0.9669626524750142
1778595695436365800,99.91536572265625,-4.4304327627182,-1.7857336622148752,0.5754027636855841
1778595695446356700,99.92535668945312,-4.768390459853411,-0.5661994665324688,0.017493278853595255
1778595695456349000,99.93534887695313,-4.66943441106081,0.5220172104567289,-0.14407127486951649
1778595695466339800,99.94533984375,-2.1918904508292676,1.9484902752667663,1.2471088696978985
1778595695476330800,99.95533081054687,-2.2367121738523243,2.0223849480390546,1.298866675594449
1778595695486323000,99.96532299804687,-1.2480799066871404,1.9312831198781728,1.4972341157317162
1778595695496313900,99.97531396484375,-0.5880640923380851,1.6315169139713048,1.6379228354908526
1778595695506304800,99.9853046875,-0.15222820477485655,1.6392425397872923,1.743985647548735
1778595695516297000,99.995296875,0.24291677595973013,0.9544394901841878,2.0049540668971835
1778595695526288000,100.00528784179687,1.1521563574582339,0.03539747659564018,2.3778555055111643
1778595695536279000,100.01527905273437,1.7380904520303009,-0.3891027779608965,2.6368139002114535
1778595695546270700,100.02527075195313,1.6305846015572547,-0.2568050160586834,2.588157129070163
1778595695556262000,100.03526196289063,1.1200058999598026,0.09081132078170776,2.3254744531497358
1778595695566253800,100.04525390625,0.2568815884262323,0.39610125854611394,1.900150314989686
1778595695576244700,100.05524462890625,-0.42284722665250296,0.6769856538504362,1.5250832227744162
1778595695586235600,100.06523559570313,-0.9262778100609779,0.822394826260209,1.4279747015446425
1778595695596227800,100.07522778320312,-1.0901298171341418,1.0261574034392833,1.3733280423387884
1778595695606218800,100.08521875,-0.8421253626465797,1.360480543464422,1.4191419912695884
1778595695616209700,100.09520971679687,-0.24707857181429863,1.583196242916584,1.474452228950709
1778595695626201900,100.10520190429688,0.6855220115274191,1.5676526368260382,1.4044149622589348
1778595695636192800,100.11519287109375,1.6683341942369936,1.2004629999876022,1.129754775231704
1778595695646184000,100.12518383789063,2.511571902039647,0.7750625817209482,0.691569328867644
1778595695656175900,100.13517578125,3.078599051567912,0.524357636103034,0.21636552670784293
1778595695666166800,100.14516674804688,3.44427419219017,0.4746656766951084,-0.14400426491475662
1778595695676158000,100.15515795898438,3.545399986237287,0.581898555445671,-0.12235889874985441
1778595695686150000,100.16514990234376,3.469580482882261,0.6650713441729545,0.07011216769204474
1778595695696140800,100.17514086914062,3.3357524426728484,0.830662303867936,0.18745421552741898
1778595695706132000,100.18513208007812,3.0522488047808407,1.0632184293329716,0.3970986720856279
1778595695716124000,100.1951240234375,3.152630502462387,1.0636480529218912,0.5985425239935517
1778595695726114800,100.20511474609376,3.8573908829450607,0.8148363737046718,0.6866894478715956
1778595695736106000,100.21510595703126,4.089807307678461,0.8723468979090452,0.6314591435588895
1778595695746098000,100.22509790039062,2.9858938798636196,0.7174661327987909,0.4256286009993404
1778595695756089000,100.23508911132812,2.7390526239365336,0.7359317638158798,0.3454839279215783
1778595695766080800,100.24508081054688,2.9133190575182435,0.714545276916027,0.42170477861911054
1778595695776071700,100.25507177734374,2.854441336613893,0.5016881236553192,0.5554427293922752
1778595695786062800,100.26506274414062,2.807452790945768,0.31401684957742687,0.6091701548613607
1778595695796054800,100.2750546875,2.35591255377233,0.1973532946586609,0.24134137986917048
1778595695806045700,100.28504565429688,1.5278490342259405,0.177694069942832,-0.07438050179416314
1778595695816036900,100.29503686523438,1.1061585763931274,0.10649638116955756,-0.16018687216173857
1778595695826028800,100.30502880859375,0.8619108440905809,0.027153379863500592,-0.06868289294075221
1778595695836019700,100.31501977539062,0.5165075071245432,-0.05326689528524875,0.0326510091654025
1778595695846011000,100.32501098632812,0.010635375782847404,-0.08259323527365922,0.10266359807364642
1778595695856002800,100.3350029296875,-0.5726163478374481,-0.0344686713129282,0.13960205703359096
1778595695865993700,100.34499365234375,-1.045462992411852,-0.0003787701845169067,0.1334295972100459
1778595695875985000,100.35498486328125,-1.409551156103611,-0.00027326398342847823,0.0662855494754389
1778595695885976800,100.36497680664063,-1.7054150938749313,-0.1688125520899892,0.00412701680213213
1778595695895968000,100.37496801757813,-1.9640876573711632,-0.25652532233446834,0.008205116428621113
1778595695905960000,100.3849599609375,-2.2594541670143604,-0.32321868542581794,0.06551717718513682
1778595695915950800,100.39495092773437,-2.5144676234811545,-0.40973990779817104,0.19272600018419325
1778595695925942000,100.40494189453125,-2.5411551393985747,-0.4656184468865394,0.24764924784172324
1778595695935934000,100.41493383789063,-2.4839152488291263,-0.6180690622404217,0.08890908562326803
1778595695945924900,100.4249248046875,-2.5926480107486247,-0.9974804672703146,-0.2547593538415618
1778595695955916000,100.434916015625,-2.780815543910861,-1.5436100824594496,-0.6053713105676696
1778595695965907700,100.44490771484375,-3.021746114489436,-1.9087790271252392,-0.9524844836588948
1778595695975898600,100.45489868164063,-3.091698771637678,-1.9270675480097532,-1.5132704737752676
1778595695985889800,100.46488989257813,-2.917413633355498,-1.5935969331607223,-2.1202659149460494
1778595695995881700,100.4748818359375,-2.6398347093373538,-1.0931485804334282,-2.44746563283205
1778595696005873000,100.48487280273437,-2.636457926380634,-0.6357225000917911,-2.270544446957856
1778595696015864800,100.49486474609375,-3.171595899695158,-0.05950871228426695,-1.9755016163110732
1778595696025855700,100.50485571289063,-4.384938839522004,0.5362418429031968,-1.6980387198880313
1778595696035847000,100.51484692382813,-5.520135878872871,1.1027604583874344,-1.4400703591383992
1778595696045838800,100.5248388671875,-5.687868526771664,1.8132815943539142,-1.3166311726048587
1778595696055829800,100.53482983398438,-5.29663633556664,2.2274045395419,-1.11891262483038
1778595696065821000,100.54482104492187,-4.385852447235584,2.0400676119849086,-0.8823429528750478
1778595696075812900,100.55481274414062,-2.885930699855089,1.6861431149110198,-0.8189249581925571
1778595696085803800,100.5648037109375,-1.4069061945527792,1.4560618551269173,-0.8837343341682106
1778595696095796000,100.5747958984375,0.04444003022909164,1.136072068619728,-1.1883164159242063
1778595696105787000,100.58478686523438,1.3312977035999298,0.7298267249390482,-1.6012331271275877
1778595696115778000,100.59477807617188,2.3014660933136937,0.26289544188827274,-1.9972427618674933
1778595696125769700,100.60476977539062,2.888911176970601,-0.06843494606167078,-2.246799998755008
1778595696135761000,100.61476098632812,3.1082331423312426,-0.18334172044098376,-2.2009639841228723
1778595696145752000,100.624751953125,3.189622554773092,-0.09907996743321418,-2.226717872451991
1778595696155743700,100.63474365234374,2.963887799760699,0.0194324302226305,-2.1557146833375094
1778595696165734700,100.64473461914062,2.614615512406826,0.06886749226003885,-1.8811017695181071
1778595696175726800,100.65472680664062,2.598753926408291,0.3287386178910732,-1.539121392738074
1778595696185717800,100.6647177734375,2.5607582500129937,0.556152119770646,-1.0664083114154637
1778595696195708700,100.67470874023438,2.325311663803458,0.6675476711586117,-0.5185714539170265
1778595696205700900,100.68470092773437,2.176793419462442,0.7807786212801933,-0.16255475207054987
1778595696215691800,100.69469189453125,2.223911728990078,0.9021814796805381,0.021100527831632642
1778595696225682700,100.7046826171875,2.362602991321683,0.8208201242893933,0.11795089131556451
1778595696235675000,100.7146748046875,2.507267482843995,0.6377808939263224,0.1640520962225273
1778595696245665800,100.72466577148438,2.6296312952309844,0.43738574735373253,0.14654862476848066
1778595696255658000,100.73465795898437,2.7195582343935967,0.129008072707057,0.06425656439848244
1778595696265649000,100.74464892578125,2.7752210849046706,-0.2277405418768525,0.00074037003852427
1778595696275639800,100.75463989257813,2.7058856828719375,-0.48572015467286106,0.05045110721215605
1778595696285632000,100.76463208007813,2.6707506566047665,-0.5130222953572869,0.10564626714624464
1778595696295623000,100.77462280273437,2.6951690585464236,-0.3768880240321159,0.179652547066845
1778595696305613800,100.78461376953125,2.6870272531449793,-0.2440358431175351,0.25712668576110154
1778595696315605800,100.79460571289063,2.486715108680725,-0.1587552684560418,0.2935881383264437
1778595696325597000,100.80459692382813,1.99430685454607,-0.09904811099022626,0.2738484687855467
1778595696335588900,100.8145888671875,1.2700941700965165,-0.05016571439951658,0.17792663658969105
1778595696345579500,100.82457958984375,0.3557885373800993,-0.027891338749229905,0.043278037245012814
1778595696355570400,100.8345703125,-0.6226742179483175,-0.11939297988265753,-0.03597575140763074
1778595696365562600,100.84456274414063,-1.5410200659662485,-0.30208558876514435,-0.053596711761504406
1778595696375553500,100.85455346679687,-2.194868005335331,-0.5372282235920429,-0.07026413425020873
1778595696385544400,100.86454443359375,-2.2945605517089365,-0.7937766345411539,0.010131152587756515
1778595696395536600,100.87453662109375,-1.8526029663950203,-1.0458066912829875,0.23240561107844113
1778595696405527600,100.88452758789063,-1.2647580697655678,-1.2775596836715937,0.5554357881948352
1778595696415519700,100.89451977539062,-0.9591688567936419,-1.383653329259157,0.782880854256451
1778595696425510700,100.9045107421875,-0.9320803588598966,-1.3257909228771925,0.8751078870549798
1778595696435501600,100.91450146484375,-1.156008941233158,-1.2526757100448012,0.7642997071009129
1778595696445493800,100.92449365234376,-1.4475024088352917,-1.1836889753192663,0.6370526527170092
1778595696455484700,100.93448461914062,-1.790620265212655,-1.1866647762596607,0.6339946533858776
1778595696465476900,100.94447680664062,-2.2288661365270612,-1.1593956610620022,0.6924527606386691
1778595696475467800,100.9544677734375,-2.601691148903966,-1.0887670043483375,0.7864410309560597
1778595696485458700,100.96445874023438,-2.9518115775197744,-1.1748150562509894,0.9165933052621781
1778595696495450600,100.97445068359374,-3.1035920385271307,-1.454782921232283,1.1850746575240045
1778595696505441800,100.98444189453124,-2.776903923425078,-1.565678121882677,1.4445852062143385
1778595696515433500,100.99443359375,-1.8409049298167228,-1.358858202959597,1.4879106993302702
1778595696525424600,101.00442456054688,-0.7556155384510755,-0.9881377616465091,1.4872963668242096
1778595696535415600,101.01441552734374,-1.2330296370714902,-0.0004904138654470443,1.9461596403621135
1778595696545407500,101.02440747070312,-1.2182166833430528,-0.014313187512755393,2.0825081389598545
1778595696555398700,101.03439868164062,-2.572818690162897,0.9392112336531281,1.983947519225627
1778595696565390600,101.044390625,-3.773423728969693,1.7458491033330559,1.5034145579323173
1778595696575381800,101.0543818359375,-4.888157241484523,2.1569991701900957,1.0384143160093575
1778595696585372700,101.06437255859375,-5.33048658272028,2.24255739274919,0.7020583549823611
1778595696595364600,101.07436450195313,-4.879138653248548,2.095624664033949,0.46559955952297893
1778595696605355800,101.08435571289063,-3.646910980209708,1.6387316676557062,0.4686103587115183
1778595696615347700,101.09434765625,-2.148644014298916,1.1132695774421095,0.8705335648767649
1778595696625338600,101.10433862304687,-0.8455529990077019,0.7583142760157585,1.3295659113712608
1778595696635329800,101.11432983398437,0.3143172938287258,0.5996724048063159,1.5919764923520385
1778595696645321700,101.12432177734375,1.3328572080016134,0.46581104684919117,1.7292051347851751
1778595696655312600,101.13431274414063,2.0065759690105915,0.27817250599712134,1.83148696699962
1778595696665304600,101.1443046875,2.170489935404062,0.3004191168576479,1.8679026807270942
1778595696675295500,101.15429541015625,1.8883418037742374,0.620038024225831,1.7105954191222785
1778595696685286700,101.16428662109375,1.4817928009718655,0.7990937379106878,1.3404258896902204
1778595696695278600,101.17427856445312,1.054808328384161,0.8319438681110739,0.910802373835817
1778595696705269500,101.18426953125,0.7662672808468342,0.8032081874921917,0.565701161621511
1778595696715261700,101.19426171875,0.6965373265385627,0.8309495963767171,0.34298549870196726
1778595696725252600,101.20425268554688,0.7538777548730373,0.7686170588433742,0.2142006950904615
1778595696735243500,101.21424340820313,0.9948509955495596,0.7386752173051238,0.1508523315780796
1778595696745235700,101.22423559570312,1.3858417792141438,0.6573816664531826,0.2013982774668373
1778595696755226600,101.2342265625,1.7936843289583921,0.5064700972348452,0.31328137490972874
1778595696765218800,101.24421875,2.0308459023922683,0.5631146522596479,0.43057146422900255
1778595696775209700,101.25420971679688,2.069443636333942,0.7671399720281362,0.5643931477628648
1778595696785201700,101.26420166015625,2.008654528850317,0.8857970388516783,0.5353272488089278
1778595696795192800,101.27419287109375,1.982236477524042,0.9155573863431811,0.3886366948191076
1778595696805183700,101.28418383789062,1.9911101043313741,0.8096984262943268,0.22951188066462053
1778595696815175400,101.29417553710938,1.9125123684346674,0.6208095931202173,0.09368702234849333
1778595696825166600,101.30416650390625,1.9001210888952016,0.5029661807671189,-0.041204765501758084
1778595696835158500,101.31415844726563,2.0720833371877667,0.44617812561839815,-0.16171055633137002
1778595696845149700,101.32414965820313,2.263756832644343,0.3374921254500747,-0.2013471866004169
1778595696855140600,101.334140625,2.4154911164224147,0.18900456850826738,-0.10554625910418107
1778595696865132500,101.34413256835937,2.4694039083957673,0.03445785765796899,0.12354414474535733
1778595696875123700,101.35412377929687,2.418808278146386,-0.025553543451428413,0.3902580124106258
1778595696885115600,101.36411572265625,2.279939905682206,0.006641629971563816,0.6184017282608896
1778595696895106600,101.3741064453125,2.2145932810246944,0.03334931189417839,0.7304967331551014
1778595696905098800,101.3840986328125,2.196572471165657,-0.06611088702827692,0.8288581770554184
1778595696915089700,101.39408959960937,2.0663252120524644,-0.29368630147129293,0.8111402956657111
1778595696925080600,101.40408056640625,1.8130045309782028,-0.4922539403557777,0.621135975530371
1778595696935072800,101.41407275390625,1.2938111457705497,-0.6340735638409852,0.3034826874130405
1778595696945063700,101.42406372070313,0.5256821627050637,-0.5955258065208793,0.021626003877306357
1778595696955055600,101.4340556640625,-0.2339548863470554,-0.5022112707465887,-0.1490446793679148
1778595696965046500,101.44404663085938,-0.9488257419556378,-0.4546852572008967,-0.24827117913234978
1778595696975038500,101.45403857421876,-1.5978116282463073,-0.349636444491148,-0.2702619703345932
1778595696985029600,101.46402954101562,-1.9633043980389833,-0.1651125285282731,-0.22593046024758368
1778595696995020500,101.4740205078125,-2.0531781457096336,-0.02135609176158905,-0.17459475222062318
1778595697005012700,101.4840126953125,-1.9762737697273491,-0.12334931629300117,-0.007647920937277376
1778595697015003600,101.49400366210938,-1.6823410922795534,-0.4085562509715557,0.2671014239444397
1778595697024995600,101.50399560546875,-1.2325795552164316,-0.6430293159738183,0.3985708635300398
1778595697034986800,101.51398681640624,-1.0660855092018842,-0.8112064927697181,0.2782998221712187
1778595697044978700,101.52397875976563,-1.3453046016424894,-1.02825232989192,0.05488511217080522
1778595697054969600,101.53396948242188,-1.7781559204369783,-1.2996177862226963,-0.16384493801156058
1778595697064960800,101.54396069335938,-2.0413363167464733,-1.4703098684489726,-0.48398343054074794
1778595697074952700,101.55395263671875,-2.001563109284639,-1.4444278236955403,-1.097301462329179
1778595697084943600,101.56394360351563,-1.645835946702957,-1.3505524391680954,-1.8319439169868825
1778595697094935600,101.573935546875,-1.4488509008347987,-1.3202037703946232,-2.3570037100099026
1778595697104926500,101.58392651367187,-1.8120277949005363,-1.178489945371449,-2.630814659796655
1778595697114918700,101.59391870117187,-2.5693729336231947,-0.62338762691468,-2.643051333296299
1778595697124909600,101.60390966796875,-3.31323899756968,0.1994625418975949,-2.3541996123746034
1778595697134901800,101.61390185546875,-3.8415556004315614,0.8477621994897723,-1.8780920663081109
1778595697144892700,101.623892578125,-3.9195448490411042,1.301156832358241,-1.2855671951688825
1778595697154884600,101.63388452148438,-3.266449773865938,1.7082807124391197,-0.8201121221505105
1778595697164875800,101.64387573242188,-2.4688322459876537,2.070373610660434,-0.5348857155865058
1778595697174866700,101.65386669921875,-0.7542652928858995,2.06646374374032,-0.33515984657760706
1778595697184858600,101.66385864257812,1.4970453151613472,1.4802210216104983,0.41645306863598525
1778595697194849800,101.67384985351562,2.91586231226027,1.0516554173111914,0.9372864761356264
1778595697204841700,101.683841796875,3.568964986220002,0.794024471822381,0.9669769001960754
1778595697214832600,101.69383251953126,3.343832873275876,0.29630057562291623,0.3014577939893119
1778595697224824600,101.70382446289062,2.606056942898035,-0.14879121606349943,-0.8145883902929723
