time,seconds_elapsed,z,y,x
1780001801692029700,0.10502978515625,-1.1682462692260742,-1.7729408740997314,1.2008038759231567
1780001801708361000,0.12136083984375,-3.2415084838867188,-2.8648247718811035,1.6347341537475586
1780001801724694300,0.1376943359375,-3.860884666442871,-3.182466506958008,1.3207719326019287
1780001801741025800,0.15402587890625,-2.7967967987060547,-2.709761619567871,2.180457592010498
1780001801757359600,0.170359619140625,-4.531276702880859,-1.8620595932006836,1.0584008693695068
1780001801773690000,0.186690185546875,-5.567293167114258,-0.46913957595825195,-1.799160361289978
1780001801790039600,0.20303955078125,-6.593116760253906,-3.7491443157196045,-4.863126277923584
1780001801806370300,0.219370361328125,-5.460659980773926,-5.137104034423828,-3.2564892768859863
1780001801822703400,0.235703369140625,-6.984555244445801,-6.627687454223633,-1.6024048328399658
1780001801839021800,0.252021728515625,-5.4885663986206055,-6.251814842224121,-1.024982213973999
1780001801855368000,0.268367919921875,-7.1652302742004395,-7.956276893615723,-0.6494572162628174
1780001801871682800,0.284682861328125,-6.947803020477295,-9.137418746948242,-1.0203561782836914
1780001801888054000,0.301053955078125,-5.99859619140625,-10.299043655395508,-1.2218432426452637
1780001801904379000,0.31737890625,-2.9138083457946777,-11.495650291442871,0.15766000747680664
1780001801920711400,0.33371142578125,0.9364972114562988,-12.64970874786377,2.2397804260253906
1780001801937039600,0.35003955078125,3.9956231117248535,-11.620436668395996,3.8019165992736816
1780001801953381000,0.366381103515625,4.625155448913574,-8.4287691116333,4.889464378356934
1780001801969708800,0.382708740234375,4.059871673583984,-6.394309043884277,7.419085502624512
1780001801986042400,0.39904248046875,7.013482093811035,-4.9645466804504395,9.752104759216309
1780001802002369500,0.41536962890625,8.648069381713867,-3.6953072547912598,11.659786224365234
1780001802018710800,0.431710693359375,10.008047103881836,-2.485398292541504,13.586950302124023
1780001802035035000,0.448034912109375,10.119487762451172,0.035668134689331055,14.39399242401123
1780001802051376600,0.464376708984375,8.214905738830566,4.538026809692383,13.598323822021484
1780001802067699200,0.48069921875,7.3173394203186035,7.100278854370117,12.471403121948242
1780001802084042500,0.49704248046875,6.438731670379639,8.084197044372559,11.365579605102539
1780001802100347100,0.51334716796875,7.026055812835693,7.67057991027832,10.310930252075195
1780001802116694500,0.529694580078125,6.2160515785217285,8.642007827758789,8.85576057434082
1780001802133020700,0.546020751953125,2.476731300354004,7.95002555847168,7.408185958862305
1780001802149370400,0.562370361328125,-1.1899328231811523,8.54401969909668,6.73034143447876
1780001802165685800,0.578685791015625,-6.768213272094727,9.065340042114258,6.521588325500488
1780001802181998300,0.594998291015625,0.13837575912475586,5.5983405113220215,4.994349956512451
1780001802198338000,0.611338134765625,0.9465804100036621,4.014456748962402,3.2919845581054688
1780001802214685400,0.627685546875,-1.9564712047576904,4.397727966308594,0.04401826858520508
1780001802231016200,0.64401611328125,-3.1650094985961914,6.003227710723877,-2.875309705734253
1780001802247350300,0.660350341796875,-5.1841044425964355,4.133632659912109,-3.229825019836426
1780001802263682000,0.67668212890625,-4.350265979766846,0.018767356872558594,-1.3627700805664062
1780001802280015400,0.693015380859375,-1.74489164352417,-0.49577999114990234,0.3039231300354004
1780001802296363500,0.709363525390625,-0.9354903697967529,1.0835862159729004,-0.7782196998596191
1780001802312694500,0.725694580078125,0.9653382301330566,2.4800004959106445,-2.779186964035034
1780001802329025800,0.74202587890625,0.11681127548217773,0.4858112335205078,-2.2990636825561523
1780001802345355800,0.758355712890625,-0.8138597011566162,-1.3174920082092285,-0.9966940879821777
1780001802361681200,0.77468115234375,-3.4207117557525635,0.29020214080810547,-1.883575201034546
1780001802378018800,0.791018798828125,-1.4336475133895874,1.893418788909912,-3.3137242794036865
1780001802394360300,0.8073603515625,-1.7651336193084717,-0.39401674270629883,-2.1452832221984863
1780001802410686700,0.823686767578125,-2.439276933670044,-3.9240503311157227,-0.31128740310668945
1780001802427042000,0.8400419921875,-3.453676462173462,-5.37803840637207,0.45564985275268555
1780001802443353600,0.856353515625,-3.4565582275390625,-3.1619858741760254,0.7709941864013672
1780001802459667200,0.872667236328125,0.20560669898986816,0.25034570693969727,-0.11472606658935547
1780001802476020700,0.889020751953125,0.9397023916244507,0.3035564422607422,0.9061598777770996
1780001802492323000,0.905322998046875,-0.3364184498786926,-0.48400211334228516,1.9059791564941406
1780001802508683500,0.92168359375,-2.0795798301696777,-0.24253606796264648,1.6805295944213867
1780001802524992300,0.9379921875,-2.54410457611084,-0.2783241271972656,1.120851993560791
1780001802541318400,0.954318359375,-2.427532434463501,0.6534695625305176,1.495405673980713
1780001802557680600,0.9706806640625,-0.0912676751613617,1.4498023986816406,1.2858796119689941
1780001802574015200,0.98701513671875,-0.8148215413093567,2.2314047813415527,1.8545255661010742
1780001802590345000,1.003344970703125,-0.0017468929290771484,2.232123851776123,2.3220982551574707
1780001802606667500,1.01966748046875,1.9233595132827759,1.4071869850158691,1.3807621002197266
1780001802622998500,1.03599853515625,0.1794193983078003,0.9077768325805664,0.8910455703735352
1780001802639318000,1.052318115234375,-1.4389642477035522,0.02713489532470703,0.8906326293945312
1780001802655663600,1.06866357421875,-3.4804024696350098,-0.36655521392822266,1.0325660705566406
1780001802671998200,1.084998291015625,-2.1700921058654785,1.3532943725585938,0.4363212585449219
1780001802688327700,1.10132763671875,-0.011294126510620117,1.1199383735656738,1.8823041915893555
1780001802704664000,1.1176640625,3.3819000720977783,-1.2908635139465332,0.9227628707885742
1780001802720996900,1.133996826171875,2.136209011077881,1.1942925453186035,-1.5339727401733398
1780001802737323000,1.150322998046875,1.506471872329712,2.132225751876831,-1.3486032485961914
1780001802753659100,1.1666591796875,-0.48830103874206543,-2.3746142387390137,-0.22446155548095703
1780001802769992700,1.18299267578125,5.466033458709717,4.385467529296875,4.400759696960449
1780001802786342000,1.199341796875,2.5435657501220703,3.770488739013672,3.052119255065918
1780001802802655700,1.21565576171875,-0.44783878326416016,0.9772305488586426,2.646851062774658
1780001802819003600,1.232003662109375,1.4433801174163818,1.8517165184020996,3.150789260864258
1780001802835320800,1.24832080078125,4.01224946975708,1.8401288986206055,4.789037704467773
1780001802851669000,1.2646689453125,3.5360796451568604,2.444385290145874,7.1061110496521
1780001802868002800,1.2810029296875,2.095863103866577,1.0194010734558105,7.0259809494018555
1780001802884334000,1.297333984375,2.1523637771606445,-0.10458755493164062,4.896580219268799
1780001802900665600,1.31366552734375,0.8848583698272705,-1.199632167816162,2.957563877105713
1780001802916998700,1.32999853515625,-0.17212629318237305,-2.654087543487549,1.5331835746765137
1780001802933334300,1.346334228515625,-1.762690544128418,-1.3759799003601074,0.46470022201538086
1780001802949664000,1.3626640625,-4.539874076843262,0.12928342819213867,-0.49515867233276367
1780001802966000400,1.37900048828125,-6.076058387756348,-0.17003536224365234,-2.09751558303833
1780001802982302500,1.395302490234375,-6.320366859436035,-2.207871437072754,-2.600724697113037
1780001802998655700,1.41165576171875,-6.287660121917725,-2.1130852699279785,-3.010037899017334
1780001803015001900,1.428001953125,-4.609452724456787,-1.2399711608886719,-3.8259098529815674
1780001803031335000,1.4443349609375,-2.0968658924102783,-0.39478015899658203,-2.562366008758545
1780001803047647700,1.460647705078125,-0.6479315757751465,4.270585060119629,-1.2297286987304688
1780001803063996700,1.47699658203125,0.28781944513320923,-0.18754339218139648,0.08307075500488281
1780001803080292000,1.4932919921875,2.931703567504883,-4.739020824432373,1.8956851959228516
1780001803096641500,1.5096416015625,1.402602195739746,-1.7789058685302734,1.38848876953125
1780001803112976400,1.525976318359375,2.2957534790039062,0.5564861297607422,-0.4091334342956543
1780001803129310500,1.542310546875,0.20026272535324097,0.8641438484191895,-2.82365083694458
1780001803145628000,1.5586279296875,-0.20185396075248718,1.571732521057129,-4.538372039794922
1780001803161975800,1.574975830078125,-1.3421623706817627,1.194974422454834,-6.342296123504639
1780001803178307000,1.59130712890625,-1.4664798974990845,0.05559539794921875,-5.615250587463379
1780001803194640600,1.607640625,-1.5784308910369873,-0.4581899642944336,-4.443269729614258
1780001803210972000,1.623971923828125,-0.494657039642334,-0.32471418380737305,-3.182122230529785
1780001803227305200,1.64030517578125,-0.09732280671596527,-1.3617987632751465,-3.4382128715515137
1780001803243637200,1.65663720703125,-0.7096515893936157,-2.3972573280334473,-4.31592321395874
1780001803259971000,1.67297119140625,-2.030402660369873,-2.0524678230285645,-6.455676078796387
1780001803276318700,1.689318603515625,-0.6364667415618896,-3.229555606842041,-5.124985694885254
1780001803292638700,1.705638671875,-0.7458156943321228,-5.305168628692627,-0.8100214004516602
1780001803308988200,1.72198828125,0.13045424222946167,-3.5636134147644043,-0.08816051483154297
1780001803325292000,1.7382919921875,-0.22729051113128662,-0.8212628364562988,1.5803604125976562
1780001803341659000,1.754658935546875,-1.8420162200927734,-0.20941972732543945,4.417977333068848
1780001803357981200,1.770981201171875,-0.44470393657684326,0.7866377830505371,4.193795204162598
1780001803374304000,1.787303955078125,-1.8211510181427002,3.709735631942749,4.522078037261963
1780001803390670300,1.80367041015625,-1.6530507802963257,3.89803147315979,6.729029655456543
1780001803406968300,1.81996826171875,-1.1614445447921753,5.1423187255859375,6.148650169372559
1780001803423308800,1.836308837890625,-3.416708469390869,4.3376288414001465,2.9685511589050293
1780001803439641600,1.8526416015625,-4.435576438903809,2.6953787803649902,-0.09439468383789062
1780001803455942400,1.8689423828125,-4.417102813720703,-0.8022232055664062,1.2469778060913086
1780001803472305000,1.885304931640625,-3.0111613273620605,0.0694742202758789,1.3231720924377441
1780001803488641000,1.90164111328125,2.052150249481201,1.5411102771759033,-1.1060805320739746
1780001803504972000,1.917971923828125,2.2289857864379883,3.2110376358032227,-0.099029541015625
1780001803521274600,1.934274658203125,1.8131000995635986,0.9552736282348633,0.6257400512695312
1780001803537635800,1.9506357421875,3.0643248558044434,0.2893095016479492,2.7244272232055664
1780001803553970700,1.966970703125,2.9982781410217285,0.9463393688201904,2.4592504501342773
1780001803570303700,1.9833037109375,4.078475475311279,1.0709757804870605,3.156261920928955
1780001803586619400,1.999619384765625,3.426560878753662,-1.008944034576416,5.098576545715332
1780001803602954200,2.015954345703125,1.8995656967163086,-0.10890054702758789,4.629082202911377
1780001803619284500,2.032284423828125,0.616145133972168,1.9157278537750244,4.608176231384277
1780001803635622400,2.048622314453125,2.070775032043457,1.168747901916504,5.673270225524902
1780001803651947300,2.064947265625,4.236336708068848,0.35677242279052734,6.223573207855225
1780001803668289800,2.081289794921875,2.4096877574920654,-0.3051280975341797,4.472723007202148
1780001803684618000,2.097617919921875,2.576817512512207,-6.4892120361328125,2.4656801223754883
1780001803700936400,2.1139365234375,-1.3966288566589355,-7.325130939483643,4.171156883239746
1780001803717280000,2.130280029296875,-3.922238826751709,-3.2637710571289062,3.5772790908813477
1780001803733613600,2.146613525390625,-4.1621551513671875,3.683931350708008,1.3073811531066895
1780001803749948000,2.162947998046875,-3.7620787620544434,6.345818042755127,0.5703384876251221
1780001803766280400,2.179280517578125,-9.455177307128906,5.820677757263184,-2.0988426208496094
1780001803782607000,2.195607177734375,-6.9851393699646,7.3092241287231445,-6.50876522064209
1780001803798963000,2.211962890625,-2.3914988040924072,5.399564743041992,-7.399829864501953
1780001803815292400,2.22829248046875,0.12712371349334717,1.7210302352905273,-3.5894994735717773
1780001803831624200,2.244624267578125,-1.0364658832550049,0.36728954315185547,0.8031771779060364
1780001803847957800,2.260957763671875,-2.3207712173461914,0.45454883575439453,2.6578359603881836
1780001803864287700,2.277287841796875,-1.408998727798462,2.5157032012939453,2.0761969089508057
1780001803880622600,2.29362255859375,-3.843985080718994,3.9126882553100586,-0.34838682413101196
1780001803896950000,2.309949951171875,-2.6429147720336914,4.53854513168335,-1.3942102193832397
1780001803913272300,2.326272216796875,-0.22202175855636597,3.8527259826660156,0.948304295539856
1780001803929623000,2.342623046875,0.7149547338485718,-0.05861854553222656,3.058742046356201
1780001803945956600,2.35895654296875,-0.4313744306564331,-7.6245012283325195,1.4353699684143066
1780001803962278700,2.375278564453125,4.060651779174805,-7.742249488830566,-1.1275689601898193
1780001803978621000,2.391620849609375,3.7836108207702637,-2.4780073165893555,-3.4872424602508545
1780001803994946800,2.40794677734375,0.08237206935882568,-4.936095237731934,-3.1811599731445312
1780001804011275000,2.42427490234375,-0.16690421104431152,-8.395194053649902,-2.5039467811584473
1780001804027613700,2.44061376953125,1.4384654760360718,-12.25494384765625,-1.0946122407913208
1780001804043938800,2.456938720703125,3.48561954498291,-2.7941932678222656,1.3405694961547852
1780001804060277800,2.47327783203125,12.941276550292969,6.776943683624268,5.864824295043945
1780001804076586200,2.489586181640625,3.079719066619873,10.476078033447266,11.388405799865723
1780001804092931600,2.505931640625,-6.441102504730225,6.522396087646484,4.425420761108398
1780001804109252400,2.52225244140625,-11.635599136352539,6.095712184906006,2.6555871963500977
1780001804125596700,2.5385966796875,-5.54438591003418,3.180614948272705,7.382934093475342
1780001804141930500,2.554930419921875,-6.195662975311279,0.9808816909790039,6.8455491065979
1780001804158262500,2.571262451171875,0.9102041125297546,-0.01700305938720703,5.897650241851807
1780001804174595600,2.587595703125,1.2816994190216064,-2.4667739868164062,5.394225120544434
1780001804190927000,2.603927001953125,1.7385802268981934,-0.9184913635253906,3.6570351123809814
1780001804207260700,2.6202607421875,0.06803953647613525,-1.460662841796875,0.18297350406646729
1780001804223592700,2.6365927734375,0.9706303477287292,-0.8141078948974609,-2.4969687461853027
1780001804239924500,2.652924560546875,3.817490577697754,-1.7450447082519531,-4.448344707489014
1780001804256260600,2.669260498046875,2.5917415618896484,-3.3016891479492188,-7.219616889953613
1780001804272586500,2.68558642578125,0.5319277048110962,-4.112679481506348,-9.468574523925781
1780001804288941000,2.701941162109375,-1.1006568670272827,-2.132841110229492,-9.107211112976074
1780001804305265000,2.718264892578125,-0.24088191986083984,-1.1107978820800781,-6.494703769683838
1780001804321589000,2.734589111328125,0.9426465034484863,-1.7846698760986328,-3.29205322265625
1780001804337935600,2.750935546875,1.9673950672149658,0.22597026824951172,-1.9500818252563477
1780001804354247400,2.767247314453125,0.6658198833465576,-2.0483407974243164,-0.6547050476074219
1780001804370580700,2.783580810546875,-1.337395191192627,-7.4772138595581055,0.7663476467132568
1780001804386915300,2.799915283203125,1.8588192462921143,-7.487392425537109,1.0059325695037842
1780001804403249400,2.81624951171875,1.9482054710388184,-2.708984375,1.5206146240234375
1780001804419584500,2.83258447265625,3.0661368370056152,4.951581001281738,5.546235084533691
1780001804435928800,2.8489287109375,1.8253093957901,4.6404829025268555,4.073894023895264
1780001804452262100,2.86526220703125,-2.022609233856201,3.425872802734375,2.5527796745300293
1780001804468596200,2.88159619140625,-1.6731683015823364,3.177738666534424,5.114675045013428
1780001804484927500,2.897927490234375,-1.138323187828064,2.2764692306518555,6.7288665771484375
1780001804501242400,2.914242431640625,-0.7922607660293579,2.5508527755737305,5.830827713012695
1780001804517592300,2.93059228515625,-1.7987921237945557,1.9955739974975586,2.1901984214782715
1780001804533926100,2.946926025390625,-2.0797717571258545,1.9463906288146973,0.1458917260169983
1780001804550257700,2.963257568359375,-1.683417797088623,2.7862977981567383,-0.02976328134536743
1780001804566575000,2.9795751953125,-0.5813762545585632,2.4111995697021484,0.08974742889404297
1780001804582910000,2.995909912109375,1.216422438621521,1.3927326202392578,0.6714578866958618
1780001804599241200,3.0122412109375,4.238579750061035,-7.438063621520996,0.4815981388092041
1780001804615574000,3.028573974609375,1.6770153045654297,-6.327523231506348,0.21195101737976074
1780001804631894000,3.04489404296875,1.0535705089569092,-1.82672119140625,-0.1277216672897339
1780001804648226000,3.06122607421875,1.205712914466858,-1.1004199981689453,-0.7016788721084595
1780001804664561000,3.077560791015625,0.8329261541366577,-2.4792251586914062,-1.3266810178756714
1780001804680893200,3.09389306640625,-1.795445203781128,-3.606520652770996,-1.3271639347076416
1780001804697229600,3.1102294921875,-1.0416967868804932,-3.279214859008789,-1.4396576881408691
1780001804713560800,3.126560791015625,-0.23030996322631836,-2.400453567504883,-1.312398910522461
1780001804729889500,3.1428896484375,0.45825308561325073,-0.4865446090698242,-2.329291582107544
1780001804746234600,3.159234619140625,-0.3819512128829956,-0.35678672790527344,-3.231837034225464
1780001804762569200,3.1755693359375,-0.384488582611084,-1.4561376571655273,-3.4739537239074707
1780001804778900000,3.19189990234375,-0.6415123343467712,0.4617338180541992,-2.277682065963745
1780001804795233800,3.20823388671875,1.7496616840362549,3.880621910095215,-0.06635719537734985
1780001804811565000,3.22456494140625,3.1415510177612305,6.825766563415527,2.201270818710327
1780001804827916300,3.240916259765625,1.5588653087615967,2.859640598297119,3.118077039718628
1780001804844240000,3.257239990234375,-0.6880531311035156,1.2755823135375977,2.7183804512023926
1780001804860582100,3.27358203125,-3.7495367527008057,-0.5819196701049805,2.048952102661133
1780001804876909000,3.289908935546875,-1.9692384004592896,-0.07719898223876953,1.6516036987304688
1780001804893243600,3.30624365234375,0.5272929668426514,-1.479391098022461,0.6314764022827148
1780001804909554000,3.322553955078125,0.8815299868583679,-1.1405811309814453,-0.15745636820793152
1780001804925892000,3.33889208984375,0.6146277189254761,0.21859073638916016,-0.9439112544059753
1780001804942222800,3.355222900390625,-2.8822147846221924,0.9270772933959961,0.01905357837677002
1780001804958554600,3.3715546875,1.291205644607544,0.49745845794677734,-0.9931778907775879
1780001804974894000,3.38789404296875,0.5498638153076172,2.0365333557128906,2.8754968643188477
1780001804991224600,3.404224609375,-4.256153106689453,-1.2995061874389648,-0.9159730672836304
1780001805007556600,3.420556640625,-2.195767879486084,-2.476588249206543,-3.0065417289733887
1780001805023890200,3.43689013671875,0.0364605188369751,0.023973464965820312,0.6209205389022827
1780001805040221200,3.45322119140625,1.8828015327453613,1.3606977462768555,2.134519100189209
1780001805056555000,3.469554931640625,2.3717010021209717,0.5343780517578125,1.4754122495651245
1780001805072886500,3.485886474609375,2.3044962882995605,2.148797035217285,1.4785056114196777
1780001805089220000,3.50222021484375,1.3169103860855103,0.5597028732299805,2.0114364624023438
1780001805105551000,3.518551025390625,3.1769042015075684,0.3391695022583008,0.15216374397277832
1780001805121885200,3.53488525390625,1.2937777042388916,2.6100120544433594,-0.3525250554084778
1780001805138215000,3.55121484375,-0.29276764392852783,1.458791732788086,0.9604640007019043
1780001805154550800,3.56755078125,-3.150141954421997,-0.37764930725097656,1.63899827003479
1780001805170871800,3.583871826171875,-3.9660568237304688,0.1883373260498047,0.47516417503356934
1780001805187215400,3.60021533203125,-1.4703480005264282,4.403922080993652,-0.19298577308654785
1780001805203531000,3.616531005859375,1.7926459312438965,3.566695213317871,-1.7099835872650146
1780001805219870700,3.63287060546875,2.795610189437866,0.7907247543334961,-2.5301060676574707
1780001805236211500,3.64921142578125,1.9427647590637207,-1.4121789932250977,-1.0052249431610107
1780001805252543000,3.66554296875,1.3975794315338135,-1.2894287109375,-0.7819116115570068
1780001805268862500,3.681862548828125,-0.7637453079223633,1.172978401184082,-0.5764129161834717
1780001805285198300,3.6981982421875,-0.7274001240730286,3.0116705894470215,0.36969494819641113
1780001805301529600,3.714529541015625,-1.4055306911468506,4.284161567687988,1.1105537414550781
1780001805317863000,3.73086279296875,-2.293519973754883,6.153737545013428,0.39580440521240234
1780001805334197200,3.747197265625,-2.0702154636383057,6.048235893249512,-0.18294668197631836
1780001805350528800,3.76352880859375,-2.399970531463623,4.4169840812683105,0.49344921112060547
1780001805366859000,3.77985888671875,-2.854304313659668,2.813730239868164,1.3994898796081543
1780001805383193900,3.79619384765625,0.7666733264923096,1.9734578132629395,1.44907808303833
1780001805399522300,3.812522216796875,5.088023662567139,2.4880313873291016,-0.21036195755004883
1780001805415860000,3.82885986328125,6.05159854888916,3.4134864807128906,-2.3797953128814697
1780001805432191700,3.845191650390625,6.806046485900879,5.1109771728515625,-3.5871124267578125
1780001805448524300,3.861524169921875,4.7524189949035645,-2.7123851776123047,-1.3282206058502197
1780001805464855300,3.877855224609375,2.9434874057769775,-13.825555801391602,1.4821674823760986
1780001805481190000,3.89418994140625,-0.45238107442855835,-23.14000701904297,3.371800422668457
1780001805497520600,3.910520751953125,1.8070714473724365,-19.431251525878906,3.661710023880005
1780001805513855700,3.926855712890625,2.0426406860351562,-10.082686424255371,0.9327340126037598
1780001805530185200,3.943185302734375,0.4146726727485657,-2.5921058654785156,-1.2750053405761719
1780001805546537200,3.959537109375,-1.4654830694198608,1.818565845489502,-2.2158162593841553
1780001805562877200,3.975877197265625,-2.7927353382110596,4.601306915283203,-2.3121590614318848
1780001805579196200,3.992196044921875,-2.3633365631103516,6.033703804016113,-1.724775791168213
1780001805595528400,4.008528564453125,0.6289888620376587,4.730179786682129,0.6587619781494141
1780001805611862800,4.02486279296875,-1.8414793014526367,2.400606632232666,2.524827480316162
1780001805628194000,4.041194091796875,-1.6654609441757202,0.890434741973877,2.8826804161071777
1780001805644526800,4.05752685546875,-0.6083999872207642,0.19270610809326172,2.370692729949951
1780001805660849400,4.073849365234375,0.6455146670341492,0.08818721771240234,1.544736385345459
1780001805677194000,4.090194091796875,1.2931787967681885,-0.5458831787109375,1.0481791496276855
1780001805693520000,4.106519775390625,-0.09588414430618286,-1.344985008239746,0.7958874702453613
1780001805709859000,4.122859130859375,-1.52451753616333,-1.2190628051757812,-0.7063133716583252
1780001805726206200,4.139206298828125,-2.290374994277954,-0.7542285919189453,-2.036987066268921
1780001805742537200,4.155537109375,-1.587514877319336,-0.6716747283935547,-1.85994291305542
1780001805758864100,4.171864013671875,0.026880204677581787,-0.6548595428466797,-1.032336711883545
1780001805775202300,4.188202392578125,0.27225011587142944,-0.4368410110473633,-0.5057797431945801
1780001805791536600,4.20453662109375,-0.2506482005119324,0.19763851165771484,-0.1922779083251953
1780001805807867000,4.220866943359375,-0.8376561999320984,1.8043322563171387,-0.838538646697998
1780001805824195000,4.237195068359375,-0.8201408386230469,1.0805587768554688,-0.5859251022338867
1780001805840533000,4.253532958984375,-2.0841171741485596,-0.48076820373535156,1.6839890480041504
1780001805856866800,4.26986669921875,-1.608659029006958,-0.8623418807983398,0.3341212272644043
1780001805873195000,4.286195068359375,0.36362236738204956,-0.9451627731323242,-0.977954626083374
1780001805889528300,4.3025283203125,10.09415054321289,-0.37541961669921875,-1.9414348602294922
1780001805905860600,4.318860595703125,4.398487091064453,-0.4469575881958008,-0.22549057006835938
1780001805922194400,4.3351943359375,-1.3027188777923584,-0.15022659301757812,2.134976387023926
1780001805938527500,4.351527587890625,-2.8408310413360596,1.468501091003418,2.723931312561035
1780001805954859000,4.36785888671875,-3.1803219318389893,0.8303112983703613,2.4462532997131348
1780001805971190000,4.38418994140625,-1.1811202764511108,-0.8004951477050781,2.25628662109375
1780001805987524900,4.40052490234375,-0.20830416679382324,-2.2424373626708984,2.7620491981506348
1780001806003858000,4.41685791015625,-0.41989943385124207,-1.9264717102050781,3.271986484527588
1780001806020168000,4.43316796875,-1.250556468963623,-1.3476905822753906,3.422189712524414
1780001806036520400,4.4495205078125,-0.8269529938697815,-0.823267936706543,3.0089902877807617
1780001806052837400,4.46583740234375,0.9340993165969849,-0.7090587615966797,2.910676956176758
1780001806069174500,4.482174560546875,2.285817861557007,0.20120906829833984,1.1538748741149902
1780001806085505500,4.498505615234375,-0.5901695489883423,2.176840305328369,-0.617469310760498
1780001806101838300,4.51483837890625,-0.6832878589630127,1.9041075706481934,0.6248124837875366
1780001806118171100,4.531171142578125,-1.0438867807388306,1.1052799224853516,1.194286823272705
1780001806134504400,4.54750439453125,-1.9182312488555908,2.2415051460266113,-0.38932132720947266
1780001806150836000,4.5638359375,-2.159349203109741,2.797757625579834,-1.8205589056015015
1780001806167169500,4.58016943359375,-2.0528056621551514,2.862093448638916,-2.6271698474884033
1780001806183501600,4.59650146484375,-1.0773735046386719,3.4856619834899902,-3.0761702060699463
1780001806199831300,4.612831298828125,2.2872378826141357,3.883566379547119,-3.0135960578918457
1780001806216185600,4.629185546875,6.612765312194824,2.739466667175293,-2.8778445720672607
1780001806232498700,4.645498779296875,9.852974891662598,0.9710264205932617,-2.821389675140381
1780001806248845600,4.661845458984375,6.897674560546875,0.0702066421508789,-2.030073642730713
1780001806265178600,4.6781787109375,2.565274477005005,0.6294546127319336,-1.6761795282363892
1780001806281492700,4.69449267578125,0.07508194446563721,-0.7135896682739258,0.9005743861198425
1780001806297845200,4.71084521484375,-1.0492019653320312,-0.4900217056274414,0.8600660562515259
1780001806314175500,4.727175537109375,-5.934729099273682,-0.5028877258300781,-0.29172247648239136
1780001806330505000,4.7435048828125,-3.1451287269592285,-0.758758544921875,-0.5382966995239258
1780001806346844200,4.75984423828125,0.01284325122833252,0.08262157440185547,-0.8626200556755066
1780001806363175000,4.7761748046875,1.4667726755142212,0.20878982543945312,-0.6367559432983398
1780001806379470800,4.792470947265625,1.5397799015045166,-0.36934566497802734,-0.08302974700927734
1780001806395840000,4.808840087890625,1.5753570795059204,-0.7180356979370117,0.5282520055770874
1780001806412158700,4.82515869140625,1.2712855339050293,-0.8042144775390625,1.1479763984680176
1780001806428505300,4.84150537109375,0.47320735454559326,-0.5083131790161133,1.091700792312622
1780001806444835600,4.857835693359375,-0.14075970649719238,-0.030393600463867188,0.9575009346008301
1780001806461199000,4.87419921875,-0.23775827884674072,0.3035106658935547,0.8847460746765137
1780001806477481200,4.890481201171875,-0.13343751430511475,0.4931297302246094,0.7994735240936279
1780001806493838600,4.906838623046875,-0.0013952255249023438,0.44666099548339844,0.780693769454956
1780001806510162700,4.92316259765625,0.03846585750579834,0.2866220474243164,0.8289000988006592
1780001806526503700,4.939503662109375,0.01759791374206543,0.16705322265625,0.8872330188751221
1780001806542826800,4.95582666015625,-0.099445641040802,0.060767173767089844,0.9434196949005127
1780001806559150800,4.97215087890625,-0.2753865122795105,-0.006726264953613281,0.9852545261383057
1780001806575482400,4.988482421875,-0.40028470754623413,-0.15860652923583984,1.1263947486877441
1780001806591816400,5.00481640625,-1.040745735168457,-0.4409055709838867,1.2192966938018799
1780001806608146200,5.021146240234375,-1.8208107948303223,-0.38069915771484375,0.5695617198944092
1780001806624481800,5.037481689453125,-0.8633557558059692,0.03148937225341797,0.006920814514160156
1780001806640813300,5.053813232421875,0.40856003761291504,0.16099834442138672,-0.24475836753845215
1780001806657146000,5.07014599609375,0.9042983055114746,0.027428627014160156,-0.3551595211029053
1780001806673479200,5.086479248046875,0.8057171106338501,-0.13445663452148438,-0.4492337703704834
1780001806689808100,5.10280810546875,0.4837038516998291,-0.09904766082763672,-0.5416250228881836
1780001806706163500,5.11916357421875,0.18695557117462158,-0.006237983703613281,-0.5863015651702881
1780001806722491100,5.1354912109375,0.0955190658569336,0.00478363037109375,-0.5576543807983398
1780001806738819800,5.15181982421875,0.2244178056716919,-0.032867431640625,-0.4254953861236572
1780001806755156200,5.16815625,0.3350929021835327,-0.05683612823486328,-0.21109271049499512
1780001806771490800,5.18449072265625,0.3073955774307251,-0.10538005828857422,0.014333724975585938
1780001806787817700,5.200817626953125,0.16898274421691895,-0.04474639892578125,0.16221952438354492
1780001806804151000,5.217151123046875,-0.05097639560699463,0.024583816528320312,0.28833603858947754
1780001806820486000,5.23348583984375,-0.3435112237930298,0.0076122283935546875,0.36214184761047363
1780001806836817700,5.249817626953125,-0.559963583946228,-0.037021636962890625,0.3889009952545166
1780001806853151700,5.26615185546875,-0.4499098062515259,-0.1517200469970703,0.41828036308288574
1780001806869483300,5.282483154296875,-0.1489161252975464,-0.1361551284790039,0.3230416774749756
1780001806885809400,5.298809326171875,-0.15010011196136475,-0.04780769348144531,0.1499335765838623
1780001806902155300,5.3151552734375,-0.1444638967514038,-0.036991119384765625,0.08367109298706055
1780001806918481700,5.331481689453125,0.017644286155700684,0.0029802322387695312,0.05172085762023926
1780001806934813400,5.3478134765625,0.1845381259918213,0.04272651672363281,0.012696504592895508
1780001806951144200,5.364144287109375,0.39534831047058105,0.05317974090576172,-0.016054391860961914
1780001806967477800,5.380477783203125,0.4697449207305908,0.020444869995117188,-0.009882450103759766
1780001806983811800,5.396811767578125,0.5213063955307007,0.06863212585449219,-0.0235440731048584
1780001807000143000,5.41314306640625,0.512067437171936,0.14983272552490234,-0.05610942840576172
1780001807016473900,5.429473876953125,0.4657320976257324,0.15872478485107422,-0.08437156677246094
1780001807032810200,5.445810302734375,0.4194248914718628,0.08217048645019531,-0.10315179824829102
1780001807049124900,5.462124755859375,0.37780630588531494,-0.013153076171875,-0.1332869529724121
1780001807065459200,5.478459228515625,0.35365915298461914,0.0691976547241211,-0.16538333892822266
1780001807081790500,5.49479052734375,0.31603896617889404,0.13256168365478516,-0.15005707740783691
1780001807098128400,5.51112841796875,0.3375800848007202,0.12433052062988281,-0.06197500228881836
1780001807114458000,5.5274580078125,0.3208693265914917,0.13512611389160156,0.03473830223083496
1780001807130790000,5.543789794921875,0.2857898473739624,0.12554454803466797,0.09682393074035645
1780001807147123200,5.560123291015625,0.24503660202026367,0.0876016616821289,0.11604094505310059
1780001807163455000,5.576455078125,0.15506255626678467,0.06298828125,0.06186270713806152
1780001807179787800,5.592787841796875,0.005483746528625488,0.0051422119140625,-0.013359546661376953
1780001807196136400,5.609136474609375,-0.11459118127822876,-0.08155536651611328,-0.07179641723632812
1780001807212450800,5.625450927734375,-0.1775684356689453,-0.1821432113647461,-0.10602426528930664
1780001807228779300,5.641779296875,-0.13378077745437622,-0.1961822509765625,-0.1658031940460205
1780001807245134300,5.65813427734375,-0.08266764879226685,-0.17124652862548828,-0.20795273780822754
1780001807261446400,5.6744462890625,-0.014393329620361328,-0.14575767517089844,-0.204880952835083
1780001807277796000,5.690796142578125,0.02135908603668213,-0.10060882568359375,-0.18199682235717773
1780001807294129700,5.707129638671875,0.07365119457244873,-0.041625022888183594,-0.1779317855834961
1780001807310446000,5.723446044921875,-0.08442068099975586,-0.025656700134277344,-0.09598350524902344
1780001807326795000,5.739794921875,-0.03020453453063965,0.02788829803466797,-0.042276620864868164
1780001807343123700,5.756123779296875,0.2613075375556946,-0.016015052795410156,-0.06538200378417969
1780001807359457300,5.772457275390625,0.5305059552192688,-0.031493186950683594,-0.10707974433898926
1780001807375792400,5.78879248046875,0.2884688377380371,-0.011666297912597656,-0.1116943359375
1780001807392108300,5.8051083984375,0.07793641090393066,-0.09258365631103516,-0.1168055534362793
1780001807408460800,5.821460693359375,0.11013662815093994,-0.2033405303955078,-0.12485837936401367
1780001807424787200,5.837787109375,0.01640796661376953,-0.15023517608642578,-0.21722102165222168
1780001807441106200,5.854106201171875,-0.22535258531570435,-0.03982734680175781,-0.30562281608581543
1780001807457451800,5.87045166015625,-0.31384599208831787,0.04014301300048828,-0.2012467384338379
1780001807473792300,5.886792236328125,-0.0647154450416565,0.05680561065673828,0.014992237091064453
1780001807490119400,5.903119384765625,0.2539668083190918,0.18537139892578125,0.08590006828308105
1780001807506440700,5.919440673828125,0.2652193307876587,0.21036815643310547,0.13659095764160156
1780001807522782200,5.9357822265625,0.01214599609375,0.09758472442626953,0.1855001449584961
1780001807539101700,5.952101806640625,-0.22658485174179077,-0.09267711639404297,0.23458147048950195
1780001807555436300,5.968436279296875,-0.21584194898605347,-0.07480335235595703,0.2278308868408203
1780001807571769000,5.98476904296875,-0.1376548409461975,0.0707406997680664,0.21384072303771973
1780001807588101600,6.0011015625,-0.12734264135360718,0.10666942596435547,0.16395092010498047
1780001807604435500,6.017435546875,-0.10545539855957031,0.0967254638671875,0.04716968536376953
1780001807620761000,6.033760986328125,-0.14424073696136475,-0.006153106689453125,-0.02122354507446289
1780001807637103600,6.050103515625,-0.044939637184143066,-0.03211784362792969,-0.044827938079833984
1780001807653434000,6.06643408203125,0.06535995006561279,0.03217315673828125,0.02125072479248047
1780001807669765400,6.082765380859375,0.1696401834487915,0.12398529052734375,0.12096905708312988
1780001807686113800,6.09911376953125,0.2738919258117676,0.12343788146972656,0.1934494972229004
1780001807702426600,6.115426513671875,0.2805551290512085,0.10389328002929688,0.1915750503540039
1780001807718777300,6.13177734375,0.2652472257614136,0.11806297302246094,0.1021261215209961
1780001807735110000,6.14810986328125,0.3364986181259155,0.10211753845214844,-0.026769399642944336
1780001807751440600,6.164440673828125,0.43180620670318604,0.004660606384277344,-0.1587069034576416
1780001807767772700,6.180772705078125,0.3822740316390991,-0.10987472534179688,-0.2883267402648926
1780001807784103700,6.197103759765625,0.26046884059906006,-0.1713886260986328,-0.43930768966674805
1780001807800441900,6.21344189453125,0.09170281887054443,-0.21806049346923828,-0.4935894012451172
1780001807816770600,6.2297705078125,-0.12308472394943237,-0.2128448486328125,-0.3827176094055176
1780001807833105200,6.246105224609375,-0.20903325080871582,-0.14092445373535156,-0.13232207298278809
1780001807849436200,6.262436279296875,-0.12916284799575806,0.018098831176757812,0.038074493408203125
1780001807865749800,6.278749755859375,-0.029178738594055176,0.09620285034179688,0.10216164588928223
1780001807882084900,6.2950849609375,0.007811903953552246,0.07472515106201172,0.06545805931091309
1780001807898418400,6.31141845703125,0.04986679553985596,0.0008821487426757812,0.0008947849273681641
1780001807914750200,6.327750244140625,0.13705480098724365,0.03706836700439453,-0.038457632064819336
1780001807931071500,6.344071533203125,0.15695536136627197,0.120452880859375,-0.006504535675048828
1780001807947420700,6.360420654296875,0.09803581237792969,0.1590890884399414,0.11418795585632324
1780001807963752000,6.376751953125,0.0547332763671875,0.2302703857421875,0.2619326114654541
1780001807980082400,6.39308251953125,0.04909682273864746,0.16541671752929688,0.3926842212677002
1780001807996416500,6.40941650390625,-0.07302826642990112,0.09174156188964844,0.42214417457580566
1780001808012748300,6.425748291015625,-0.26718002557754517,0.1180734634399414,0.2580235004425049
1780001808029081900,6.442081787109375,-0.38140857219696045,0.0155487060546875,0.12657642364501953
1780001808045412600,6.45841259765625,-0.26860713958740234,-0.010283470153808594,-0.0021600723266601562
1780001808061742300,6.474742431640625,-0.06600159406661987,-0.05008888244628906,-0.028254270553588867
1780001808078050000,6.491050048828125,-0.020560264587402344,-0.13646602630615234,0.008303165435791016
1780001808094403600,6.507403564453125,0.05256497859954834,-0.0020914077758789062,-0.09231972694396973
1780001808110727400,6.5237275390625,0.1780405044555664,0.04131507873535156,-0.18298912048339844
1780001808127063800,6.540063720703125,0.17574310302734375,0.01708507537841797,-0.17995595932006836
1780001808143411700,6.55641162109375,0.10758864879608154,-0.0655059814453125,-0.11752176284790039
1780001808159739400,6.572739501953125,-0.0020273923873901367,-0.13781261444091797,-0.08455634117126465
1780001808176058600,6.58905859375,0.04827463626861572,0.015645980834960938,-0.11745262145996094
1780001808192410000,6.60541015625,0.11454319953918457,0.014492034912109375,-0.0944356918334961
1780001808208737300,6.6217373046875,0.09460711479187012,-0.04391288757324219,-0.03160429000854492
1780001808225057500,6.6380576171875,-0.03657400608062744,-0.05291748046875,-0.03618931770324707
1780001808241390800,6.654390869140625,-0.08914631605148315,-0.00006961822509765625,-0.06490111351013184
1780001808257726000,6.670725830078125,-0.00003135204315185547,-0.014521598815917969,-0.04502439498901367
1780001808274057200,6.68705712890625,0.040694355964660645,-0.005421638488769531,0.004430055618286133
1780001808290406000,6.703406005859375,-0.06400096416473389,-0.043231964111328125,0.06190609931945801
1780001808306733600,6.719733642578125,-0.06570714712142944,-0.018230438232421875,0.052911996841430664
1780001808323067600,6.736067626953125,0.10656297206878662,0.024099349975585938,0.015783071517944336
1780001808339382800,6.7523828125,0.21733343601226807,0.051680564880371094,0.0111846923828125
1780001808355736000,6.768736083984375,0.10626554489135742,0.07083511352539062,0.04433584213256836
1780001808372059600,6.7850595703125,-0.0703362226486206,0.05588531494140625,0.08135342597961426
1780001808388415000,6.8014150390625,-0.15389949083328247,0.026668548583984375,0.0991523265838623
1780001808404741000,6.8177412109375,-0.10074871778488159,0.026268959045410156,0.09296488761901855
1780001808421077500,6.834077392578125,-0.03224658966064453,0.049988746643066406,0.05888819694519043
1780001808437404200,6.850404052734375,0.06648695468902588,0.030786514282226562,0.024738073348999023
1780001808453745000,6.866744873046875,0.14732730388641357,-0.03149604797363281,-0.009874582290649414
1780001808470096600,6.8830966796875,0.1702570915222168,-0.02665424346923828,-0.034957170486450195
1780001808486411500,6.89941162109375,0.14370286464691162,0.04974651336669922,-0.055365562438964844
1780001808502732500,6.915732666015625,0.12208175659179688,0.030073165893554688,-0.0671529769897461
1780001808519075000,6.932074951171875,0.20907700061798096,-0.008856773376464844,-0.07380485534667969
1780001808535390000,6.948389892578125,0.2907700538635254,0.01940631866455078,-0.09382796287536621
1780001808551723500,6.9647236328125,0.2884054183959961,0.1435251235961914,-0.1274428367614746
1780001808568054800,6.9810546875,0.281679630279541,0.19576168060302734,-0.12175178527832031
1780001808584388400,6.997388427734375,0.15319550037384033,0.09488677978515625,0.018404245376586914
1780001808600720400,7.013720458984375,0.02395176887512207,0.01766681671142578,0.17817449569702148
1780001808617037300,7.030037353515625,0.004683017730712891,0.11789226531982422,0.2719101905822754
1780001808633388300,7.04638818359375,0.09532821178436279,0.16371536254882812,0.295412540435791
1780001808649718800,7.06271875,0.17427945137023926,0.06068992614746094,0.21634578704833984
1780001808666048800,7.079048828125,0.17244470119476318,-0.08556652069091797,0.04970383644104004
1780001808682385400,7.095385498046875,0.03277170658111572,-0.09337043762207031,-0.11697077751159668
1780001808698699000,7.111698974609375,-0.11003100872039795,-0.12983322143554688,-0.19326043128967285
1780001808715036200,7.1280361328125,-0.16393542289733887,-0.16081809997558594,-0.22646641731262207
1780001808731380500,7.14438037109375,-0.09302568435668945,-0.14389801025390625,-0.21606659889221191
1780001808747700500,7.160700439453125,0.03147614002227783,-0.21130657196044922,-0.17573976516723633
1780001808764034000,7.177033935546875,0.10406196117401123,-0.2488393783569336,-0.1800403594970703
1780001808780367400,7.193367431640625,0.1723383665084839,-0.1042165756225586,-0.21985244750976562
1780001808796697600,7.209697509765625,0.3067547082901001,-0.0019521713256835938,-0.20597124099731445
1780001808813032000,7.226031982421875,0.3191901445388794,0.0896463394165039,-0.07865619659423828
1780001808829362400,7.242362548828125,0.33785903453826904,0.20843791961669922,0.05946707725524902
1780001808845696000,7.258696044921875,0.4030495882034302,0.26691150665283203,0.20077037811279297
1780001808862027800,7.27502783203125,0.40494394302368164,0.037555694580078125,0.12984585762023926
1780001808878363000,7.29136279296875,0.08907473087310791,0.15572738647460938,0.0018460750579833984
1780001808894693600,7.307693603515625,-0.12110209465026855,0.1830005645751953,0.022274494171142578
1780001808911027500,7.32402734375,-0.0397876501083374,0.1515045166015625,0.1754450798034668
1780001808927358700,7.340358642578125,-0.02097952365875244,-0.008022308349609375,0.2199265956878662
1780001808943692500,7.356692626953125,-0.24117439985275269,0.031053543090820312,0.08313298225402832
1780001808960023600,7.3730234375,-0.17535650730133057,0.042148590087890625,-0.08544254302978516
1780001808976372500,7.38937255859375,-0.013051867485046387,-0.005120277404785156,-0.061627864837646484
1780001808992701200,7.405701171875,-0.03875315189361572,-0.009305000305175781,0.04293179512023926
1780001809009034800,7.42203466796875,-0.12819838523864746,0.001190185546875,0.11796903610229492
1780001809025362000,7.43836181640625,-0.0776519775390625,0.031104087829589844,0.11822366714477539
1780001809041683000,7.454682861328125,0.03024756908416748,-0.05877399444580078,0.036950111389160156
1780001809058031000,7.471031005859375,0.021602272987365723,-0.1345367431640625,-0.09498429298400879
1780001809074365000,7.487364990234375,-0.08143806457519531,-0.15340137481689453,-0.20032215118408203
1780001809090696000,7.503696044921875,-0.07892954349517822,-0.21028900146484375,-0.24493956565856934
1780001809107029800,7.52002978515625,0.016832709312438965,-0.22014427185058594,-0.2931981086730957
1780001809123349800,7.536349853515625,0.08422386646270752,-0.19075775146484375,-0.34528660774230957
1780001809139695400,7.5526953125,0.09952235221862793,-0.0987997055053711,-0.3540325164794922
1780001809156026000,7.569026123046875,0.13050973415374756,-0.049530029296875,-0.2995743751525879
1780001809172374800,7.585374755859375,0.2009122371673584,-0.038872718811035156,-0.21144914627075195
1780001809188707300,7.601707275390625,0.24674975872039795,0.029010772705078125,-0.10452103614807129
1780001809205044700,7.618044677734375,0.2489243745803833,0.06361675262451172,-0.04190540313720703
1780001809221364700,7.63436474609375,0.259909987449646,0.09305763244628906,-0.0038213729858398438
1780001809237666800,7.650666748046875,0.2396944761276245,0.06485843658447266,0.01066136360168457
1780001809254039000,7.6670390625,0.1772298812866211,0.07479190826416016,0.0208284854888916
1780001809270363600,7.68336376953125,0.12585926055908203,0.1372385025024414,0.02767777442932129
1780001809286730500,7.69973046875,0.08701968193054199,0.16635608673095703,0.08816313743591309
1780001809303031800,7.71603173828125,-0.007291674613952637,0.1382923126220703,0.1578502655029297
1780001809319362600,7.732362548828125,-0.014520525932312012,0.09598731994628906,0.20838713645935059
1780001809335700000,7.748699951171875,0.07230818271636963,0.0529327392578125,0.22178983688354492
1780001809352034800,7.765034912109375,0.09845566749572754,0.043503761291503906,0.21615338325500488
1780001809368364300,7.7813642578125,0.05490720272064209,-0.004357337951660156,0.16051983833312988
1780001809384693800,7.79769384765625,0.006873607635498047,-0.0911102294921875,0.07449197769165039
1780001809401021000,7.81402099609375,-0.048413872718811035,-0.0973663330078125,-0.02759718894958496
1780001809417354800,7.830354736328125,-0.12407338619232178,-0.045513153076171875,-0.06852984428405762
1780001809433700900,7.846700927734375,-0.13092947006225586,-0.11804771423339844,-0.06748223304748535
1780001809450025700,7.863025634765625,-0.0583188533782959,-0.13223743438720703,-0.08324289321899414
1780001809466359800,7.87935986328125,0.02134871482849121,-0.05072593688964844,-0.1170206069946289
1780001809482684700,7.8956845703125,0.0413283109664917,0.00795745849609375,-0.08864402770996094
1780001809499027000,7.91202685546875,0.08293521404266357,0.0526580810546875,-0.05014300346374512
1780001809515345000,7.928344970703125,0.17750632762908936,0.08229446411132812,-0.007250547409057617
1780001809531675100,7.944675048828125,0.24894464015960693,0.09764385223388672,0.026066303253173828
1780001809548005600,7.961005615234375,0.2523384094238281,0.1308135986328125,0.07798433303833008
1780001809564341500,7.977341552734375,0.17526495456695557,0.1398458480834961,0.11961841583251953
1780001809580672800,7.9936728515625,0.10933518409729004,0.06731414794921875,0.14029335975646973
1780001809597003300,8.010003173828125,0.0548628568649292,0.022217750549316406,0.12676787376403809
1780001809613340400,8.02634033203125,-0.026386260986328125,0.039394378662109375,0.05053400993347168
1780001809629671400,8.04267138671875,-0.16363370418548584,0.022559165954589844,0.00693964958190918
1780001809646002700,8.059002685546876,-0.2267112135887146,-0.059578895568847656,-0.0640103816986084
1780001809662354200,8.075354248046875,-0.12596452236175537,-0.10723018646240234,-0.11740541458129883
1780001809678677000,8.091677001953125,-0.053165316581726074,-0.03921031951904297,-0.09228849411010742
1780001809695017500,8.108017578125,-0.08222436904907227,0.028901100158691406,-0.019099950790405273
1780001809711347200,8.12434716796875,-0.04477894306182861,0.1346454620361328,0.04491448402404785
1780001809727679000,8.140678955078124,0.06947696208953857,0.12980937957763672,0.10275936126708984
1780001809744009700,8.157009765625,0.17982745170593262,0.07155132293701172,0.14539194107055664
1780001809760344800,8.1733447265625,0.15455758571624756,0.04635429382324219,0.1678471565246582
1780001809776677000,8.189677001953125,0.022969841957092285,0.020895957946777344,0.1465463638305664
1780001809793008400,8.20600830078125,-0.15877044200897217,0.028188705444335938,0.11401128768920898
1780001809809327000,8.2223271484375,-0.23828202486038208,-0.051441192626953125,0.10377812385559082
1780001809825675500,8.238675537109375,-0.25345927476882935,-0.08747100830078125,0.09386825561523438
1780001809842007600,8.255007568359375,-0.168503999710083,-0.09900760650634766,0.04120016098022461
1780001809858320600,8.271320556640624,-0.07647538185119629,-0.10510444641113281,-0.019980907440185547
1780001809874659300,8.287659423828124,-0.016445159912109375,-0.1104888916015625,-0.07962870597839355
1780001809891005700,8.304005615234376,0.04044187068939209,-0.04826641082763672,-0.11478114128112793
1780001809907337500,8.32033740234375,0.05672287940979004,0.07194328308105469,-0.11512136459350586
1780001809923671000,8.336671142578124,0.07945740222930908,0.08698463439941406,-0.05855917930603027
1780001809939999700,8.352999755859376,0.12118268013000488,0.010485649108886719,0.011807680130004883
1780001809956319500,8.369319580078125,0.18829500675201416,0.05420398712158203,0.031363725662231445
1780001809972666600,8.38566650390625,0.20851945877075195,0.09268665313720703,0.026749134063720703
1780001809988985600,8.401985595703126,0.22108280658721924,0.054004669189453125,0.040611982345581055
1780001810005315600,8.418315673828126,0.26197052001953125,0.03356742858886719,0.02980947494506836
1780001810021652200,8.43465234375,0.22171950340270996,-0.004929542541503906,-0.009898662567138672
1780001810037983700,8.450983642578125,0.1469728946685791,-0.0345001220703125,-0.0499577522277832
1780001810054317000,8.467317138671875,0.09432435035705566,-0.015604972839355469,-0.07992982864379883
1780001810070649000,8.483649169921875,0.09015417098999023,0.031371116638183594,-0.08571410179138184
1780001810086982400,8.499982421875,0.08417212963104248,0.0019702911376953125,-0.05857729911804199
1780001810103313700,8.516313720703126,0.07165372371673584,-0.0124664306640625,-0.049950361251831055
1780001810119647500,8.5326474609375,0.0610198974609375,-0.021085739135742188,-0.08183884620666504
1780001810135978500,8.548978515625,0.08489096164703369,0.00470733642578125,-0.09727358818054199
1780001810152309200,8.565309326171874,0.13013744354248047,0.0736083984375,-0.06821656227111816
1780001810168658000,8.581657958984374,0.1783771514892578,0.08607101440429688,-0.025348663330078125
1780001810184983300,8.5979833984375,0.25521576404571533,0.10336017608642578,-0.005605459213256836
1780001810201314600,8.614314453125,0.2751731872558594,0.10580062866210938,0.00017571449279785156
1780001810217664300,8.630664306640625,0.21207451820373535,0.12195491790771484,0.014874458312988281
1780001810233992000,8.646991943359374,0.09628474712371826,0.11811447143554688,0.053020477294921875
1780001810250316800,8.66331689453125,0.044048428535461426,0.06569862365722656,0.09489893913269043
1780001810266637300,8.67963720703125,0.014103055000305176,0.03657722473144531,0.11639237403869629
1780001810282982100,8.695982177734376,-0.1042400598526001,-0.007616996765136719,0.15101265907287598
1780001810299321900,8.71232177734375,-0.2881779670715332,-0.10847091674804688,0.15178608894348145
1780001810315623000,8.728622802734375,-0.32267284393310547,-0.11748981475830078,0.07247424125671387
1780001810331983000,8.744983154296875,-0.23640257120132446,-0.10715961456298828,0.008318662643432617
1780001810348312800,8.761312744140625,-0.14592373371124268,-0.10151481628417969,0.004996061325073242
1780001810364635100,8.77763525390625,-0.11674308776855469,-0.058341026306152344,0.005379676818847656
1780001810380980000,8.79397998046875,-0.01933586597442627,-0.05310249328613281,-0.004790306091308594
1780001810397302500,8.810302490234376,0.07719075679779053,-0.05797576904296875,-0.05451607704162598
1780001810413644000,8.82664404296875,0.13310790061950684,-0.06832504272460938,-0.0964345932006836
1780001810429981000,8.84298095703125,0.08724117279052734,-0.11246585845947266,-0.1295151710510254
1780001810446316000,8.85931591796875,0.04094398021697998,-0.093963623046875,-0.17190051078796387
1780001810462640400,8.875640380859375,0.030251383781433105,-0.09038257598876953,-0.17215871810913086
1780001810478980400,8.89198046875,0.09066712856292725,-0.11038780212402344,-0.1777482032775879
1780001810495304400,8.908304443359375,0.13438141345977783,-0.11145591735839844,-0.19681835174560547
1780001810511627300,8.924627197265625,0.13520467281341553,-0.12064743041992188,-0.1968390941619873
1780001810527959600,8.94095947265625,0.16044998168945312,-0.058556556701660156,-0.21563935279846191
1780001810544290800,8.957290771484375,0.17179715633392334,-0.0018291473388671875,-0.22014069557189941
1780001810560619800,8.973619873046875,0.15099990367889404,0.008595466613769531,-0.20488286018371582
1780001810576958500,8.98995849609375,0.17478883266448975,0.05185413360595703,-0.16004323959350586
1780001810593292800,9.006292724609375,0.21318018436431885,0.07201671600341797,-0.1043388843536377
1780001810609623300,9.022623291015625,0.2209841012954712,0.08197307586669922,-0.058190107345581055
1780001810625955000,9.038955078125,0.18307757377624512,0.12131977081298828,-0.03516864776611328
1780001810642304300,9.05530419921875,0.14181184768676758,0.15597248077392578,-0.0005130767822265625
1780001810658634000,9.071634033203125,0.15938758850097656,0.19036102294921875,0.05345892906188965
1780001810674967800,9.0879677734375,0.1599717140197754,0.13827896118164062,0.14564871788024902
1780001810691298800,9.104298828125,0.12933003902435303,0.07631683349609375,0.19969940185546875
1780001810707631000,9.120631103515626,0.08495879173278809,0.1001119613647461,0.1960153579711914
1780001810723947000,9.136947021484374,0.0145646333694458,0.1329183578491211,0.12999320030212402
1780001810740297200,9.153297119140625,-0.07511138916015625,0.09400081634521484,0.11927437782287598
1780001810756630800,9.169630859375,-0.12926322221755981,0.03043651580810547,0.13123226165771484
1780001810772959000,9.185958984375,-0.07052266597747803,-0.02796459197998047,0.09149336814880371
1780001810789293800,9.2022939453125,-0.025226116180419922,-0.06680965423583984,0.014373779296875
1780001810805632000,9.218632080078125,-0.04155409336090088,-0.08076858520507812,-0.04294633865356445
1780001810821926400,9.234926513671875,-0.07472360134124756,-0.06622028350830078,-0.10449957847595215
1780001810838293200,9.251293212890625,-0.09270584583282471,-0.08502960205078125,-0.07101678848266602
1780001810854623500,9.26762353515625,-0.07576310634613037,-0.08458137512207031,0.015927553176879883
1780001810870954800,9.283954833984374,-0.04305672645568848,0.010988235473632812,0.07825469970703125
1780001810887288800,9.300288818359375,0.03399491310119629,0.044724464416503906,0.08727908134460449
1780001810903622100,9.3166220703125,0.09977591037750244,0.030272483825683594,-0.019327163696289062
1780001810919954000,9.332953857421876,0.09523880481719971,0.01042938232421875,-0.08350348472595215
1780001810936253700,9.349253662109374,0.10668253898620605,0.02386760711669922,-0.10913252830505371
1780001810952619000,9.365618896484374,0.20339560508728027,-0.01988983154296875,-0.18082022666931152
1780001810968953000,9.381953125,0.2116776704788208,-0.03009033203125,-0.2475438117980957
1780001810985280000,9.398280029296876,0.13294708728790283,-0.0015125274658203125,-0.22871661186218262
1780001811001612000,9.414612060546874,0.09756159782409668,0.030724525451660156,-0.14237475395202637
1780001811017937200,9.430937255859375,0.11561799049377441,0.01595783233642578,-0.07410168647766113
1780001811034269200,9.447269287109375,0.08558213710784912,-0.0033521652221679688,-0.1158442497253418
1780001811050601200,9.463601318359375,0.05763983726501465,-0.012807846069335938,-0.12165141105651855
1780001811066934000,9.47993408203125,0.03854167461395264,0.040154457092285156,-0.06477999687194824
1780001811083265500,9.496265625,-0.002064943313598633,0.011568069458007812,0.028934478759765625
1780001811099584800,9.512584716796875,-0.01703822612762451,-0.06502246856689453,0.09706354141235352
1780001811115930600,9.5289306640625,-0.0024061203002929688,-0.012577056884765625,0.10532498359680176
1780001811132281000,9.545281005859374,-0.01659524440765381,0.03121471405029297,0.1139988899230957
1780001811148607700,9.561607666015625,-0.12901544570922852,0.04241466522216797,0.13651061058044434
1780001811164934000,9.577933837890624,-0.21467643976211548,0.07246112823486328,0.16365480422973633
1780001811181272600,9.5942724609375,-0.17148524522781372,0.10196399688720703,0.19924402236938477
1780001811197603300,9.610603271484376,-0.15932762622833252,0.08683490753173828,0.23364782333374023
1780001811213945000,9.626945068359374,-0.18858343362808228,0.09106826782226562,0.2523345947265625
1780001811230273800,9.643273681640625,-0.20977240800857544,0.05782127380371094,0.20467686653137207
1780001811246604500,9.6596044921875,-0.1714932918548584,-0.028514862060546875,0.10861349105834961
1780001811262938600,9.675938720703124,-0.10981667041778564,-0.038475990295410156,0.045433998107910156
1780001811279263700,9.692263671875,-0.044101715087890625,0.03778266906738281,0.046190500259399414
1780001811295613000,9.708613037109375,-0.02430248260498047,0.0716094970703125,0.056264400482177734
1780001811311913500,9.72491357421875,-0.06344711780548096,0.057562828063964844,0.017040491104125977
1780001811328251000,9.7412509765625,-0.02328479290008545,0.01884937286376953,-0.04634594917297363
1780001811344585200,9.757585205078126,0.08182632923126221,0.07978534698486328,-0.06226658821105957
1780001811360918000,9.77391796875,0.20182263851165771,0.044114112854003906,-0.062478065490722656
1780001811377238300,9.79023828125,0.20641446113586426,-0.04760456085205078,-0.10151791572570801
1780001811393588700,9.806588623046874,0.16735374927520752,-0.12078380584716797,-0.18793654441833496
1780001811409914600,9.82291455078125,0.1320178508758545,-0.0976400375366211,-0.29741978645324707
1780001811426250200,9.839250244140626,0.10285913944244385,-0.12261390686035156,-0.35854554176330566
1780001811442581200,9.855581298828126,0.09530889987945557,-0.10868358612060547,-0.32808661460876465
1780001811458915600,9.87191552734375,0.0630652904510498,-0.1041860580444336,-0.22248530387878418
1780001811475258000,9.888258056640625,0.019943594932556152,-0.09069538116455078,-0.13796734809875488
1780001811491574000,9.904573974609375,-0.009303808212280273,-0.08584880828857422,-0.08517336845397949
1780001811507914200,9.920914306640626,-0.08765852451324463,-0.008894920349121094,-0.030657291412353516
1780001811524245200,9.937245361328126,-0.09069943428039551,0.07228374481201172,0.09576749801635742
1780001811540575200,9.9535751953125,-0.014389634132385254,0.1254291534423828,0.18842267990112305
1780001811556910600,9.96991064453125,0.1035008430480957,0.11601924896240234,0.21436119079589844
1780001811573241000,9.986240966796874,0.07888269424438477,0.07454109191894531,0.17226767539978027
1780001811589575200,10.0025751953125,0.041222214698791504,0.05636310577392578,0.14619803428649902
1780001811605893600,10.0188935546875,0.015624403953552246,0.11437511444091797,0.11536693572998047
1780001811622258000,10.0352578125,-0.006156206130981445,0.11909770965576172,0.12999725341796875
1780001811638584800,10.051584716796874,-0.013137340545654297,0.08006572723388672,0.16692662239074707
1780001811654918100,10.067918212890625,0.049957275390625,0.06885433197021484,0.170518159866333
1780001811671243000,10.084242919921875,0.06256687641143799,0.06290721893310547,0.1457538604736328
1780001811687590100,10.100590087890625,0.028864741325378418,0.01890850067138672,0.11670827865600586
1780001811703911700,10.11691162109375,0.020969867706298828,-0.030118942260742188,0.049278974533081055
1780001811720233000,10.13323291015625,0.069496750831604,-0.04621124267578125,-0.02594161033630371
1780001811736563700,10.149563720703124,0.06683039665222168,-0.03829669952392578,-0.06403589248657227
1780001811752895700,10.165895751953125,-0.016724348068237305,-0.030096054077148438,-0.08945322036743164
1780001811769219000,10.182218994140625,-0.05149376392364502,-0.07328987121582031,-0.1183326244354248
1780001811785553000,10.198552978515625,0.012170672416687012,-0.07723712921142578,-0.13498663902282715
1780001811801885000,10.214885009765625,-0.0008866786956787109,-0.03843975067138672,-0.048369407653808594
1780001811818233600,10.231233642578125,0.04830610752105713,0.013681411743164062,0.07102394104003906
1780001811834561500,10.2475615234375,0.05555415153503418,0.10401535034179688,0.12297940254211426
1780001811850895000,10.26389501953125,0.054148197174072266,0.055934906005859375,0.1346418857574463
1780001811867224300,10.280224365234375,0.03254592418670654,-0.011330604553222656,0.12653708457946777
1780001811883560400,10.296560546875,0.017549514770507812,-0.07034683227539062,0.07863783836364746
1780001811899892000,10.31289208984375,0.03875231742858887,-0.06736946105957031,-0.010907888412475586
1780001811916241700,10.32924169921875,0.09794294834136963,-0.015527725219726562,-0.11908841133117676
1780001811932554500,10.345554443359376,0.08914315700531006,0.012279510498046875,-0.16493010520935059
1780001811948904400,10.361904541015624,-0.016399860382080078,-0.03609943389892578,-0.14506030082702637
1780001811965231000,10.378231201171875,-0.014314532279968262,-0.060067176818847656,-0.08584189414978027
1780001811981555200,10.39455517578125,0.071816086769104,-0.0031709671020507812,-0.07770729064941406
1780001811997887000,10.410886962890626,0.15503311157226562,0.011569023132324219,-0.07220602035522461
1780001812014220500,10.427220458984374,0.1585170030593872,0.008153915405273438,-0.12197065353393555
1780001812030537700,10.443537841796875,0.06418836116790771,0.010878562927246094,-0.16161394119262695
1780001812046885000,10.459885009765625,0.027210712432861328,0.03668689727783203,-0.13040375709533691
1780001812063214000,10.476214111328124,0.10740911960601807,0.0037889480590820312,-0.0037801265716552734
1780001812079554000,10.492553955078124,0.1759805679321289,0.03747081756591797,0.08415794372558594
1780001812095881700,10.5088818359375,0.13792788982391357,0.03762531280517578,0.11323976516723633
1780001812112230400,10.52523046875,0.0684502124786377,0.023529052734375,0.07460403442382812
1780001812128557600,10.5415576171875,-0.02310967445373535,0.008283615112304688,0.040326833724975586
1780001812144894500,10.55789453125,-0.0868082046508789,-0.06409931182861328,0.005495548248291016
1780001812161229800,10.574229736328125,-0.08257782459259033,-0.03639698028564453,-0.04291844367980957
1780001812177555700,10.5905556640625,-0.04163098335266113,-0.017563819885253906,-0.06149625778198242
1780001812193875200,10.606875244140625,-0.037623047828674316,-0.031240463256835938,-0.07549238204956055
1780001812210222300,10.623222412109374,-0.052585601806640625,-0.010617256164550781,-0.022989511489868164
1780001812226540800,10.639540771484375,-0.04624950885772705,0.005492210388183594,0.011773824691772461
1780001812242873600,10.65587353515625,0.006275534629821777,0.049592018127441406,0.031687021255493164
1780001812259191800,10.67219189453125,0.06682181358337402,0.0796060562133789,0.05666613578796387
1780001812275529200,10.688529296875,0.11221063137054443,0.10479354858398438,0.034241676330566406
1780001812291859000,10.70485888671875,0.14689207077026367,0.07720565795898438,0.006746768951416016
1780001812308193800,10.72119384765625,0.13516223430633545,0.01574230194091797,-0.007011890411376953
1780001812324526000,10.737526123046875,0.11057484149932861,0.0015659332275390625,-0.025109052658081055
1780001812340858600,10.753858642578125,0.06346118450164795,0.02499866485595703,-0.011223554611206055
1780001812357187000,10.77018701171875,-0.0005985498428344727,0.023754119873046875,0.035331010818481445
1780001812373525200,10.786525146484376,-0.08488202095031738,0.017128944396972656,0.07062554359436035
1780001812389854500,10.8028544921875,-0.1516716480255127,0.02520751953125,0.08672308921813965
1780001812406189800,10.81918994140625,-0.20828759670257568,0.04255104064941406,0.07057046890258789
1780001812422519300,10.835519287109374,-0.2702215313911438,0.004229545593261719,0.02538442611694336
1780001812438854000,10.85185400390625,-0.2799836993217468,-0.03740215301513672,-0.010189056396484375
1780001812455184600,10.8681845703125,-0.13379311561584473,-0.001399993896484375,-0.005834102630615234
1780001812471518500,10.8845185546875,0.016114354133605957,0.06891155242919922,0.0027472972869873047
1780001812487865300,10.900865234375,0.09174776077270508,0.10434722900390625,-0.00028586387634277344
1780001812504196600,10.917196533203125,0.20351576805114746,0.10556411743164062,-0.03255057334899902
1780001812520528000,10.93352783203125,0.2670426368713379,0.019412994384765625,-0.05511283874511719
1780001812536861700,10.94986181640625,0.33771395683288574,-0.119476318359375,-0.11400365829467773
1780001812553192200,10.966192138671875,0.32877445220947266,-0.1492481231689453,-0.19323492050170898
1780001812569526000,10.982526123046876,0.1505962610244751,0.0029697418212890625,-0.21508383750915527
1780001812585857800,10.99885791015625,-0.12392914295196533,0.13498592376708984,-0.13492226600646973
1780001812602209000,11.015208984375,-0.24026274681091309,0.1095266342163086,0.03733348846435547
1780001812618534400,11.031534423828125,-0.14955615997314453,-0.030042648315429688,0.18591594696044922
1780001812634870000,11.0478701171875,0.030072569847106934,-0.06331348419189453,0.17699551582336426
1780001812651201000,11.064200927734374,-0.005235433578491211,-0.00000858306884765625,0.06951904296875
1780001812667519200,11.080519287109375,-0.06472992897033691,0.023679733276367188,0.0040280818939208984
1780001812683864300,11.0968642578125,-0.025776267051696777,-0.02938079833984375,-0.02855205535888672
1780001812700183800,11.113183837890626,0.04701054096221924,-0.06818962097167969,-0.04962968826293945
1780001812716531500,11.129531494140625,0.064034104347229,-0.08352088928222656,-0.01942920684814453
1780001812732864800,11.14586474609375,0.0356520414352417,-0.04181957244873047,0.013855457305908203
1780001812749181400,11.162181396484375,0.05870997905731201,0.023908615112304688,0.025381088256835938
1780001812765521700,11.178521728515625,0.09588015079498291,0.02793598175048828,-0.014719724655151367
1780001812781860000,11.194860107421874,0.1003427505493164,-0.015254020690917969,-0.0625772476196289
1780001812798191400,11.21119140625,0.06098055839538574,-0.019695281982421875,-0.08986735343933105
1780001812814522600,11.227522705078124,0.05989539623260498,-0.014204978942871094,-0.08737373352050781
1780001812830860000,11.243860107421876,0.06844556331634521,0.010648727416992188,-0.06989288330078125
1780001812847175000,11.2601748046875,0.10097002983093262,0.04499244689941406,-0.0331568717956543
1780001812863501000,11.2765009765625,0.10961902141571045,0.04960346221923828,0.016077518463134766
1780001812879836200,11.292836181640626,0.10777091979980469,0.04960060119628906,0.0454866886138916
1780001812896193300,11.309193359375,0.07996523380279541,0.03969097137451172,0.05015850067138672
1780001812912521200,11.325521240234375,0.032979726791381836,0.015242576599121094,0.055129051208496094
1780001812928851500,11.3418515625,0.0002970695495605469,-0.003795623779296875,0.011527538299560547
1780001812945174000,11.358174072265625,-0.007448434829711914,-0.04239845275878906,-0.03589677810668945
1780001812961503500,11.37450341796875,-0.048200368881225586,-0.04722881317138672,-0.058769941329956055
1780001812977830000,11.390829833984375,-0.04521322250366211,-0.042168617248535156,-0.052474021911621094
1780001812994176300,11.40717626953125,-0.03632950782775879,-0.0130157470703125,-0.022420644760131836
1780001813010501000,11.423501220703125,0.006972074508666992,-0.0029287338256835938,0.012884140014648438
1780001813026818000,11.439818115234376,0.059366703033447266,0.002166748046875,-0.005239725112915039
1780001813043168000,11.45616796875,0.0775153636932373,-0.016945838928222656,-0.0667414665222168
1780001813059498500,11.47249853515625,0.06541669368743896,-0.031378746032714844,-0.08991098403930664
1780001813075836200,11.488836181640625,0.02582526206970215,-0.031325340270996094,-0.12310385704040527
1780001813092183300,11.505183349609375,0.020686984062194824,-0.01672649383544922,-0.10789656639099121
1780001813108495400,11.521495361328125,0.03929710388183594,-0.021242141723632812,-0.06823420524597168
1780001813124845600,11.537845458984375,0.03461432456970215,-0.020879745483398438,-0.03369331359863281
1780001813141184800,11.554184814453125,0.02477741241455078,0.0033330917358398438,-0.03274655342102051
1780001813157510100,11.57051025390625,0.0333561897277832,-0.0014057159423828125,-0.03700089454650879
1780001813173846300,11.58684619140625,0.051280856132507324,-0.011172294616699219,-0.0562441349029541
1780001813190163000,11.603162841796875,0.06865477561950684,-0.02109050750732422,-0.07094073295593262
1780001813206500900,11.6195009765625,0.0709453821182251,-0.007107734680175781,-0.09978795051574707
1780001813222844700,11.6358447265625,0.06383991241455078,-0.031250953674316406,-0.10884499549865723
1780001813239169000,11.6521689453125,0.05661201477050781,-0.03605079650878906,-0.10313916206359863
1780001813255508500,11.668508544921876,0.04083609580993652,-0.01671600341796875,-0.0830986499786377
1780001813271837200,11.684837158203125,0.01736462116241455,0.0026636123657226562,-0.05386042594909668
1780001813288170200,11.701170166015626,0.008628249168395996,0.0075283050537109375,-0.015669584274291992
1780001813304501800,11.717501708984376,0.00843203067779541,0.0073184967041015625,0.01704692840576172
1780001813320835300,11.73383544921875,0.026497364044189453,0.02111053466796875,0.025363445281982422
1780001813337161000,11.750160888671875,0.028652667999267578,0.020389556884765625,0.009903192520141602
1780001813353504800,11.7665048828125,0.026256799697875977,-0.00394439697265625,-0.028400897979736328
1780001813369830700,11.78283056640625,0.024258017539978027,-0.004055976867675781,-0.04229569435119629
1780001813386164700,11.799164794921875,0.0329279899597168,-0.008627891540527344,-0.04130291938781738
1780001813402497300,11.815497314453125,0.018137693405151367,0.006183624267578125,-0.030201435089111328
1780001813418830600,11.83183056640625,0.012376785278320312,0.030579566955566406,0.00005650520324707031
1780001813435161600,11.84816162109375,0.011902451515197754,0.030269622802734375,0.03460240364074707
1780001813451496000,11.864495849609375,0.010680913925170898,0.030175209045410156,0.05395698547363281
1780001813467809300,11.880809326171875,0.00342404842376709,0.005801200866699219,0.06772994995117188
1780001813484146700,11.897146728515626,-0.0027205944061279297,-0.008500099182128906,0.052542686462402344
1780001813500478200,11.913478271484376,-0.023998260498046875,-0.023400306701660156,0.01768183708190918
1780001813516811800,11.929811767578125,-0.029814600944519043,-0.028580665588378906,-0.011548995971679688
1780001813533143000,11.94614306640625,-0.034606337547302246,-0.03818321228027344,-0.021209716796875
1780001813549476900,11.962476806640625,-0.014404535293579102,-0.04278087615966797,-0.001337289810180664
1780001813565807900,11.978807861328125,-0.0035178661346435547,-0.02821063995361328,0.0463864803314209
1780001813582128600,11.995128662109375,-0.005610823631286621,0.004738807678222656,0.07871294021606445
1780001813598487600,12.011487548828125,0.05122244358062744,0.018845558166503906,0.09124898910522461
1780001813614820000,12.027820068359375,0.1077197790145874,0.027856826782226562,0.06412124633789062
1780001813631154700,12.04415478515625,0.12016034126281738,0.022228240966796875,-0.0014934539794921875
1780001813647482600,12.060482666015625,0.09326601028442383,0.012417793273925781,-0.05733466148376465
1780001813663816700,12.076816650390626,0.08199596405029297,-0.021735191345214844,-0.09434819221496582
1780001813680150000,12.09314990234375,0.08644163608551025,-0.007718086242675781,-0.09231710433959961
1780001813696465200,12.109465087890625,0.10620832443237305,0.0017337799072265625,-0.0513453483581543
1780001813712813800,12.125813720703125,0.10267579555511475,0.01612377166748047,-0.03923392295837402
1780001813729146600,12.142146728515625,0.12666785717010498,0.0066699981689453125,-0.03597593307495117
1780001813745480000,12.15847998046875,0.13065814971923828,0.021271705627441406,-0.07028555870056152
1780001813761795000,12.174795166015626,0.11178505420684814,0.026506423950195312,-0.08981060981750488
1780001813778139600,12.1911396484375,0.09316742420196533,0.022367477416992188,-0.08095860481262207
1780001813794485800,12.20748583984375,0.07881593704223633,0.05187225341796875,-0.05195283889770508
1780001813810807800,12.223807861328124,0.04943645000457764,0.06212615966796875,-0.01321268081665039
1780001813827141400,12.240141357421875,0.0185164213180542,0.06264781951904297,0.025641202926635742
1780001813843473700,12.2564736328125,-0.013902902603149414,0.06302833557128906,0.059029340744018555
1780001813859789600,12.27278955078125,-0.046474456787109375,0.058470726013183594,0.08806991577148438
1780001813876140500,12.289140625,-0.06445538997650146,0.03954601287841797,0.1026301383972168
1780001813892476700,12.3054765625,-0.10147213935852051,0.025313377380371094,0.11628270149230957
1780001813908785200,12.32178515625,-0.12917578220367432,0.006313323974609375,0.12110710144042969
1780001813925125600,12.338125732421876,-0.15594065189361572,0.011303901672363281,0.11103963851928711
1780001813941454800,12.354454833984375,-0.13026928901672363,0.02116680145263672,0.09270358085632324
1780001813957771300,12.370771240234374,-0.08546864986419678,-0.002368927001953125,0.06449770927429199
1780001813974122000,12.3871220703125,-0.050417304039001465,-0.006680488586425781,0.04139280319213867
1780001813990450700,12.40345068359375,-0.03443753719329834,0.012862205505371094,0.02821063995361328
1780001814006788600,12.41978857421875,-0.00405573844909668,0.022652626037597656,0.013883590698242188
1780001814023113200,12.43611328125,0.016817688941955566,0.013126373291015625,0.008586645126342773
1780001814039452000,12.452451904296876,0.01814889907836914,0.00341796875,0.0029001235961914062
1780001814055783000,12.468782958984375,0.02942359447479248,0.012885093688964844,-0.03131914138793945
1780001814072134100,12.485134033203124,0.03970205783843994,-0.011165618896484375,-0.060655832290649414
1780001814088461800,12.5014619140625,0.04073798656463623,-0.020730972290039062,-0.07994294166564941
1780001814104778800,12.51777880859375,0.02210378646850586,-0.025463104248046875,-0.09911561012268066
1780001814121105700,12.534105712890625,0.02760136127471924,-0.03961181640625,-0.09876203536987305
1780001814137460200,12.550460205078124,0.037438273429870605,-0.034628868103027344,-0.06500101089477539
1780001814153793300,12.566793212890625,0.02342212200164795,-0.001041412353515625,-0.03615593910217285
1780001814170129200,12.583129150390626,-0.013764500617980957,-0.0008869171142578125,-0.007389068603515625
1780001814186456600,12.59945654296875,0.006961822509765625,-0.0054569244384765625,-0.0027730464935302734
1780001814202791000,12.615791015625,-0.009602785110473633,-0.014865875244140625,0.006552457809448242
1780001814219117000,12.632116943359375,-0.0089036226272583,0.009103775024414062,0.006193399429321289
1780001814235458800,12.648458740234375,-0.008013367652893066,0.0185699462890625,0.005559682846069336
1780001814251786800,12.664786865234374,-0.006161332130432129,0.008939743041992188,0.004921436309814453
1780001814268120800,12.681120849609375,0.004205107688903809,0.008975028991699219,0.009304523468017578
1780001814284451600,12.69745166015625,-0.03216099739074707,0.028148651123046875,0.00831747055053711
1780001814300786200,12.7137861328125,-0.012992143630981445,0.04242134094238281,0.008432626724243164
1780001814317122800,12.730122802734375,0.024783730506896973,0.03735923767089844,-0.0017676353454589844
1780001814333444400,12.7464443359375,0.023699164390563965,0.0034799575805664062,-0.011844158172607422
1780001814349780000,12.762780029296875,-0.02591836452484131,0.007916450500488281,-0.027186870574951172
1780001814366116000,12.7791162109375,-0.026775598526000977,-0.006663322448730469,-0.01795196533203125
1780001814382446800,12.79544677734375,-0.027424216270446777,-0.016409873962402344,-0.0038759708404541016
1780001814398780200,12.8117802734375,-0.0472559928894043,-0.006962776184082031,0.01515340805053711
1780001814415111200,12.828111083984375,-0.038968801498413086,-0.011873245239257812,0.02460789680480957
1780001814431446300,12.8444462890625,-0.010187149047851562,-0.0023975372314453125,0.020109176635742188
1780001814447774000,12.86077392578125,0.009263753890991211,0.007129669189453125,-0.004057884216308594
1780001814464096500,12.877096435546875,0.028983473777770996,0.011996269226074219,-0.018390417098999023
1780001814480426800,12.8934267578125,0.044141173362731934,-0.0023403167724609375,-0.027971267700195312
1780001814496745500,12.909745361328126,0.03418469429016113,0.012020111083984375,-0.04696226119995117
1780001814513080300,12.926080322265625,0.07685744762420654,0.026267051696777344,-0.04175972938537598
1780001814529430000,12.942429931640625,0.09495794773101807,0.02628612518310547,-0.04153704643249512
1780001814545758000,12.958758056640624,0.08462631702423096,0.011961936950683594,-0.036376953125
1780001814562092000,12.975092041015625,0.050524115562438965,-0.011922836303710938,-0.02683258056640625
1780001814578422500,12.991422607421875,0.015635132789611816,-0.02134227752685547,-0.021090984344482422
1780001814594759700,13.007759765625,-0.0047664642333984375,-0.016348838806152344,-0.015227079391479492
1780001814611099600,13.024099609375,-0.02933812141418457,0.0030298233032226562,0.00425267219543457
1780001814627435500,13.040435546875,-0.029471755027770996,0.0032796859741210938,0.043703317642211914
1780001814643767000,13.05676708984375,-0.009113550186157227,-0.0012311935424804688,0.08234500885009766
1780001814660099800,13.073099853515625,-0.013214945793151855,0.018088340759277344,0.08718514442443848
1780001814676429600,13.0894296875,-0.0018631219863891602,0.027679443359375,0.06766486167907715
1780001814692752000,13.105751953125,0.00857532024383545,0.022703170776367188,0.028496980667114258
1780001814709096400,13.122096435546876,0.04795026779174805,0.012897491455078125,-0.034586429595947266
1780001814725429800,13.1384296875,0.07190835475921631,0.0127105712890625,-0.07283782958984375
1780001814741760000,13.154760009765624,0.08122944831848145,-0.0065822601318359375,-0.07797670364379883
1780001814758079700,13.171079833984376,0.05693972110748291,-0.011560440063476562,-0.050290822982788086
1780001814774421500,13.18742138671875,0.03696179389953613,0.007380485534667969,-0.02687525749206543
1780001814790758100,13.203758056640625,0.027278780937194824,0.016828536987304688,-0.012839555740356445
1780001814807092000,13.220092041015626,0.013076424598693848,-0.0024232864379882812,0.0011370182037353516
1780001814823425800,13.23642578125,0.013514995574951172,-0.0023860931396484375,0.010659456253051758
1780001814839756300,13.25275634765625,0.02795720100402832,0.00246429443359375,0.0108184814453125
1780001814856105200,13.269105224609374,0.02315521240234375,0.012093544006347656,0.030140161514282227
1780001814872421600,13.285421630859375,-0.00986337661743164,0.007321357727050781,0.039572954177856445
1780001814888755000,13.3017548828125,-0.04648470878601074,0.007300376892089844,0.0526576042175293
1780001814905086700,13.318086669921875,-0.04405844211578369,0.0214996337890625,0.05609536170959473
1780001814921399600,13.334399658203125,-0.0039049386978149414,0.011723518371582031,0.031473636627197266
1780001814937755000,13.3507548828125,0.03053593635559082,-0.012524604797363281,0.001476287841796875
1780001814954067700,13.367067626953125,0.04155457019805908,-0.008046150207519531,-0.028453826904296875
1780001814970402800,13.38340283203125,0.056743621826171875,0.010858535766601562,-0.03924083709716797
1780001814986735900,13.39973583984375,0.06309807300567627,0.0154266357421875,-0.040453195571899414
1780001815003071200,13.4160712890625,0.08298695087432861,0.015142440795898438,-0.04096221923828125
1780001815019399000,13.43239892578125,0.09253525733947754,0.014891624450683594,-0.05126023292541504
1780001815035732200,13.448732177734374,0.08308494091033936,0.0002918243408203125,-0.06616044044494629
1780001815052066600,13.465066650390625,0.08317697048187256,-0.014186859130859375,-0.06176424026489258
1780001815068411600,13.48141162109375,0.05532348155975342,-0.009439468383789062,-0.03407478332519531
1780001815084747300,13.497747314453125,0.013062357902526855,0.014550209045410156,-0.010476350784301758
1780001815101077500,13.514077392578125,0.009328484535217285,0.024171829223632812,0.013224601745605469
1780001815117404200,13.530404052734376,0.03810703754425049,0.00029468536376953125,0.022919178009033203
1780001815133745700,13.54674560546875,0.04256260395050049,0.01950836181640625,0.013678789138793945
1780001815150071600,13.563071533203125,0.028563976287841797,0.010021209716796875,-0.005348682403564453
1780001815166412500,13.57941259765625,0.0017472505569458008,-0.004105567932128906,0.004212856292724609
1780001815182735600,13.595735595703125,-0.02493143081665039,-0.018274307250976562,0.017797231674194336
1780001815199072000,13.612072021484375,-0.018832683563232422,-0.0038652420043945312,0.02704310417175293
1780001815215404800,13.62840478515625,-0.05575919151306152,0.015228271484375,0.021629810333251953
1780001815231735800,13.64473583984375,-0.005805492401123047,0.015240669250488281,0.01672649383544922
1780001815248068000,13.661068115234375,0.02987825870513916,0.010580062866210938,0.0019516944885253906
1780001815264402400,13.67740234375,0.05101490020751953,-0.008507728576660156,-0.03188467025756836
1780001815280725500,13.6937255859375,0.051494717597961426,-0.018133163452148438,-0.056139230728149414
1780001815297066500,13.71006640625,0.02331674098968506,-0.017615318298339844,-0.07570934295654297
1780001815313402600,13.726402587890625,0.034264206886291504,0.010488510131835938,-0.0666661262512207
1780001815329731600,13.742731689453125,0.007731318473815918,0.020053863525390625,-0.02438664436340332
1780001815346065000,13.75906494140625,0.004300594329833984,0.020186424255371094,-0.0007672309875488281
1780001815362379300,13.775379150390625,0.02904486656188965,0.006060600280761719,-0.0051610469818115234
1780001815378728000,13.79172802734375,0.06264340877532959,-0.017627716064453125,-0.03778195381164551
1780001815395061500,13.8080615234375,0.04762589931488037,-0.012526512145996094,-0.06533288955688477
1780001815411395300,13.824395263671875,-0.004658222198486328,0.01641845703125,-0.04623770713806152
1780001815427710500,13.84071044921875,-0.03719043731689453,0.026205062866210938,0.03519415855407715
1780001815444043000,13.85704296875,-0.07868814468383789,0.04574871063232422,0.09781384468078613
1780001815460377600,13.873377685546876,-0.10994225740432739,0.079559326171875,0.16015052795410156
1780001815476711200,13.889711181640624,-0.11404699087142944,0.089080810546875,0.20740604400634766
1780001815493042200,13.906042236328124,-0.09062528610229492,0.060092926025390625,0.19720983505249023
1780001815509376300,13.922376220703125,-0.07299840450286865,0.026170730590820312,0.11536002159118652
1780001815525707300,13.938707275390625,-0.09871780872344971,-0.017362594604492188,0.05682229995727539
1780001815542058200,13.955058349609375,-0.14212340116500854,-0.021863937377929688,0.008375406265258789
1780001815558368800,13.97136865234375,-0.13217693567276,-0.04600715637207031,0.0028264522552490234
1780001815574717700,13.9877177734375,-0.07838428020477295,-0.05085563659667969,0.011803865432739258
1780001815591051000,14.004051025390625,0.008671998977661133,-0.022790908813476562,-0.016781091690063477
1780001815607385000,14.020385009765626,0.028387784957885742,-0.013152122497558594,-0.03532695770263672
1780001815623713800,14.0367138671875,0.06724560260772705,-0.03166675567626953,-0.06719207763671875
1780001815640048600,14.053048583984374,0.18251252174377441,-0.0732583999633789,-0.08153820037841797
1780001815656365800,14.06936572265625,0.28252315521240234,-0.013886451721191406,-0.12290072441101074
1780001815672715000,14.085715087890625,0.20651566982269287,0.04549121856689453,-0.12693119049072266
1780001815689045800,14.102045654296875,0.03827810287475586,0.018983840942382812,-0.07216572761535645
1780001815705377800,14.118377685546875,-0.06964945793151855,0.04375648498535156,0.07241106033325195
1780001815721695500,14.134695556640626,-0.12416350841522217,0.12177371978759766,0.2213304042816162
1780001815738045000,14.151044921875,-0.12182021141052246,0.18941688537597656,0.3471360206604004
1780001815754358300,14.167358154296876,-0.13410919904708862,0.1807861328125,0.3906219005584717
1780001815770710800,14.183710693359375,-0.14631903171539307,0.1575469970703125,0.33724308013916016
1780001815787024400,14.2000244140625,-0.06336754560470581,0.13842296600341797,0.23543167114257812
1780001815803375000,14.216375,0.02036762237548828,0.0711374282836914,0.1556401252746582
1780001815819683300,14.232683349609376,-0.025294899940490723,0.026781082153320312,0.04764151573181152
1780001815836039400,14.249039306640626,-0.06007564067840576,-0.040973663330078125,-0.07411456108093262
1780001815852367600,14.26536767578125,-0.06982862949371338,-0.07970428466796875,-0.19531989097595215
1780001815868708600,14.28170849609375,-0.013728976249694824,-0.11361980438232422,-0.24792170524597168
1780001815885032000,14.298031982421875,-0.00823831558227539,-0.1133260726928711,-0.30472874641418457
1780001815901360400,14.3143603515625,0.03583729267120361,-0.1517314910888672,-0.34351372718811035
1780001815917695700,14.33069580078125,0.12966907024383545,-0.1857748031616211,-0.353435754776001
1780001815934023400,14.3470234375,0.19801998138427734,-0.1711416244506836,-0.36062121391296387
1780001815950349000,14.36334912109375,0.19236695766448975,-0.12214374542236328,-0.36173439025878906
1780001815966685400,14.379685546875,0.17900514602661133,-0.0968942642211914,-0.31052660942077637
1780001815983000600,14.39600048828125,0.1718660593032837,-0.08695507049560547,-0.18907690048217773
1780001815999351000,14.41235107421875,0.08366847038269043,-0.05727958679199219,-0.08269476890563965
1780001816015681500,14.428681640625,-0.000023365020751953125,0.015245437622070312,-0.004984140396118164
1780001816032019200,14.445019287109375,0.007825970649719238,0.0725870132446289,0.07663536071777344
1780001816048361200,14.461361328125,0.05005514621734619,0.07761478424072266,0.12425088882446289
1780001816064694300,14.4776943359375,0.12567412853240967,0.03442192077636719,0.10882687568664551
1780001816081015600,14.494015625,0.12154793739318848,0.019309043884277344,0.057909488677978516
1780001816097351000,14.510350830078124,0.026296019554138184,0.018251419067382812,0.0065860748291015625
1780001816113696000,14.526696044921875,-0.03948533535003662,0.0037364959716796875,-0.011016845703125
1780001816130028500,14.543028564453126,-0.04535353183746338,-0.0013303756713867188,0.006041526794433594
1780001816146353700,14.559353759765624,-0.06443220376968384,0.031807899475097656,0.048180580139160156
1780001816162689800,14.575689697265625,-0.07008880376815796,0.046813011169433594,0.06772255897521973
1780001816179020800,14.592020751953125,-0.047143757343292236,0.028509140014648438,0.059357643127441406
1780001816195355400,14.60835546875,0.008626222610473633,0.082489013671875,0.03238415718078613
1780001816211680500,14.624680419921875,0.04876899719238281,0.10619831085205078,0.033486127853393555
1780001816228021200,14.641021240234375,0.048593759536743164,0.08213424682617188,0.046905517578125
1780001816244350200,14.65735009765625,0.012873530387878418,0.05752277374267578,0.05040693283081055
1780001816260684000,14.67368408203125,-0.018723487854003906,0.02397441864013672,0.020349502563476562
1780001816277009700,14.690009765625,-0.04597115516662598,-0.019556045532226562,-0.03234219551086426
1780001816293353700,14.706353759765625,-0.06400007009506226,-0.043731689453125,-0.07491207122802734
1780001816309680400,14.722680419921875,-0.05253887176513672,-0.057600975036621094,-0.09799528121948242
1780001816326014500,14.739014404296874,-0.027126073837280273,-0.029427528381347656,-0.09691166877746582
1780001816342343400,14.755343505859376,-0.019398093223571777,-0.06266212463378906,-0.062001705169677734
1780001816358679300,14.77167919921875,-0.03436589241027832,-0.04305267333984375,-0.04606056213378906
1780001816375009800,14.788009765625,-0.04011118412017822,-0.02822589874267578,-0.0014796257019042969
1780001816391344400,14.804344482421875,-0.016868233680725098,0.0009326934814453125,0.03874516487121582
1780001816407673000,14.820673095703125,-0.02115607261657715,0.034081459045410156,0.07280755043029785
1780001816423991800,14.83699169921875,-0.054129600524902344,0.02982330322265625,0.0861806869506836
1780001816440326400,14.853326416015625,-0.03470897674560547,0.015177726745605469,0.08583259582519531
1780001816456660000,14.869659912109375,-0.006356596946716309,0.0333099365234375,0.04166722297668457
1780001816472991500,14.885991455078125,0.031514525413513184,0.02854633331298828,-0.002764463424682617
1780001816489325000,14.902324951171876,0.04003417491912842,-0.0055599212646484375,-0.023343801498413086
1780001816505656600,14.918656494140626,0.025192975997924805,-0.006047248840332031,-0.02462172508239746
1780001816521985800,14.93498583984375,0.015627264976501465,-0.006445884704589844,-0.030585765838623047
1780001816538338800,14.9513388671875,0.010978341102600098,-0.006789207458496094,-0.026854991912841797
1780001816554672000,14.967672119140625,0.0013494491577148438,0.007335662841796875,-0.037091732025146484
1780001816570983200,14.983983154296874,0.02550959587097168,-0.002292633056640625,-0.0373377799987793
1780001816587333400,15.00033349609375,0.04990553855895996,-0.0071353912353515625,-0.028090715408325195
1780001816603665700,15.016665771484375,0.06013774871826172,-0.007145881652832031,-0.03313136100769043
1780001816619998500,15.03299853515625,0.056069374084472656,0.0024013519287109375,-0.023874998092651367
1780001816636327000,15.049326904296874,0.0330120325088501,0.007105827331542969,-0.010052204132080078
1780001816652643600,15.0656435546875,0.04343581199645996,0.025687217712402344,-0.005441904067993164
1780001816668978200,15.081978271484376,0.04409933090209961,0.044994354248046875,-0.009969472885131836
1780001816685328400,15.098328369140624,0.05826520919799805,0.045166015625,-0.023160457611083984
1780001816701643800,15.114643798828125,0.08935153484344482,0.045279502868652344,-0.017423391342163086
1780001816717991400,15.130991455078124,0.08686137199401855,0.03570747375488281,-0.02595233917236328
1780001816734308600,15.14730859375,0.07278454303741455,0.016269683837890625,-0.0015676021575927734
1780001816750658600,15.163658447265625,-0.011322855949401855,0.007037162780761719,0.022138595581054688
1780001816766989800,15.17998974609375,-0.07589882612228394,-0.02199268341064453,0.030989885330200195
1780001816783306500,15.196306396484376,-0.11090594530105591,-0.04612922668457031,0.0350799560546875
1780001816799637000,15.212636962890626,-0.11641138792037964,-0.03647422790527344,0.016429424285888672
1780001816816004600,15.229004638671874,-0.07349848747253418,-0.03149604797363281,0.008078575134277344
1780001816832302000,15.245302001953124,-0.02047276496887207,-0.026395797729492188,-0.005479097366333008
1780001816848652500,15.261652587890625,-0.00930774211883545,0.011662483215332031,0.01481318473815918
1780001816864982500,15.277982421875,0.016867995262145996,0.007287025451660156,0.029402494430541992
1780001816881307100,15.29430712890625,0.05722928047180176,0.02170848846435547,0.053409576416015625
1780001816897638100,15.31063818359375,0.02903735637664795,0.03094768524169922,0.056438446044921875
1780001816913965800,15.3269658203125,-0.004399299621582031,0.03524494171142578,0.03583884239196777
1780001816930298400,15.34329833984375,-0.0033224821090698242,0.011465072631835938,0.000850677490234375
1780001816946636800,15.35963671875,0.012129783630371094,0.001682281494140625,-0.038436174392700195
1780001816962966000,15.375966064453126,0.02264106273651123,0.006484031677246094,-0.03870582580566406
1780001816979298300,15.39229833984375,0.018643498420715332,0.021025657653808594,-0.019287109375
1780001816995636500,15.408636474609375,0.05217111110687256,0.025412559509277344,0.0056133270263671875
1780001817011964200,15.424964111328125,0.056940674781799316,0.03031158447265625,0.02988409996032715
1780001817028312000,15.44131201171875,0.05647170543670654,0.04472923278808594,0.020650386810302734
1780001817044643300,15.457643310546874,0.06977558135986328,0.04471302032470703,0.006600856781005859
1780001817060974300,15.473974365234374,0.04926109313964844,0.011734962463378906,-0.027050495147705078
1780001817077307100,15.49030712890625,0.03718280792236328,-0.012227058410644531,-0.04543948173522949
1780001817093637600,15.5066376953125,0.001462101936340332,-0.012259483337402344,-0.03520631790161133
1780001817109975600,15.5229755859375,-0.0043904781341552734,-0.007405281066894531,-0.015497684478759766
1780001817126304300,15.53930419921875,-0.00445711612701416,-0.026299476623535156,-0.019522428512573242
1780001817142638300,15.555638427734374,-0.009548187255859375,-0.03078174591064453,-0.023313045501708984
1780001817158969300,15.57196923828125,-0.023650646209716797,0.007906913757324219,-0.036956071853637695
1780001817175298300,15.58829833984375,-0.009475231170654297,0.01800823211669922,-0.03971457481384277
1780001817191621600,15.60462158203125,-0.003821134567260742,0.023471832275390625,-0.014084577560424805
1780001817207971000,15.62097119140625,-0.008397936820983887,0.024186134338378906,-0.002470731735229492
1780001817224298500,15.637298583984375,0.004880189895629883,0.02946186065673828,0.013706207275390625
1780001817240635600,15.6536357421875,0.02612626552581787,0.01954936981201172,0.015180587768554688
1780001817256953900,15.669953857421875,0.03826022148132324,-0.013301849365234375,-0.012405633926391602
1780001817273304600,15.6863046875,0.01608562469482422,-0.02298259735107422,-0.01646876335144043
1780001817289609500,15.702609375,-0.03396308422088623,-0.008798599243164062,-0.016821622848510742
1780001817305965300,15.71896533203125,-0.03954470157623291,-0.008980751037597656,-0.0021245479583740234
1780001817322293800,15.735293701171875,-0.03974461555480957,-0.01874828338623047,0.021290302276611328
1780001817338627600,15.751627685546875,-0.058740854263305664,-0.023505210876464844,0.02550506591796875
1780001817354958600,15.76795849609375,-0.0533214807510376,-0.013820648193359375,0.01605510711669922
1780001817371265800,15.784265869140626,-0.013323187828063965,-0.023145675659179688,-0.01671290397644043
1780001817387622100,15.8006220703125,0.007972002029418945,-0.008498191833496094,-0.0022389888763427734
1780001817403940400,15.8169404296875,-0.00018155574798583984,0.025259971618652344,0.012189626693725586
1780001817420274000,15.83327392578125,0.010637879371643066,0.06836414337158203,0.04056692123413086
1780001817436608500,15.8496083984375,0.02536618709564209,0.0627603530883789,0.06431198120117188
1780001817452939500,15.865939453125,0.010526895523071289,0.048089027404785156,0.06773877143859863
1780001817469273300,15.8822734375,0.018925189971923828,0.024499893188476562,0.014733552932739258
1780001817485604900,15.89860498046875,0.03709542751312256,0.009859085083007812,-0.038207054138183594
1780001817501939200,15.914939208984375,0.04559803009033203,-0.009490013122558594,-0.07174468040466309
1780001817518287000,15.931287109375,0.02442753314971924,-0.03827667236328125,-0.07604074478149414
1780001817534612200,15.9476123046875,-0.020371675491333008,-0.023944854736328125,-0.04680037498474121
1780001817550950400,15.963950439453125,-0.03653895854949951,-0.014392852783203125,-0.02310657501220703
1780001817567282400,15.980282470703125,-0.022817015647888184,-0.028764724731445312,-0.0031893253326416016
1780001817583613700,15.99661376953125,-0.047182679176330566,-0.038326263427734375,-0.0036072731018066406
1780001817599930600,16.0129306640625,-0.06568598747253418,-0.014223098754882812,-0.022449970245361328
1780001817616277200,16.02927734375,-0.03521537780761719,-0.013845443725585938,-0.01656317710876465
1780001817632612900,16.04561279296875,-0.004858732223510742,0.00566864013671875,0.012685060501098633
1780001817648946000,16.06194580078125,0.0001289844512939453,0.020203590393066406,0.04164624214172363
1780001817665273000,16.078273193359376,-0.00424039363861084,0.03456592559814453,0.04151606559753418
1780001817681595400,16.094595458984376,0.043568968772888184,0.04806327819824219,0.03178834915161133
1780001817697922000,16.110922119140625,0.04324078559875488,0.02376270294189453,0.021225929260253906
1780001817714244000,16.127244140625,0.027836918830871582,0.023863792419433594,0.00516057014465332
1780001817730582800,16.143582763671876,0.022228121757507324,0.013864517211914062,-0.029109477996826172
1780001817746924500,16.159924560546877,0.03517019748687744,-0.019872665405273438,-0.03410935401916504
1780001817763255800,16.176255859375,0.029755592346191406,-0.02955150604248047,-0.04378056526184082
1780001817779591400,16.19259130859375,0.039217233657836914,-0.015295028686523438,-0.048822879791259766
1780001817795922700,16.208922607421876,0.044170260429382324,-0.01528167724609375,-0.05362868309020996
1780001817812269800,16.225269775390625,0.03484487533569336,0.003887176513671875,-0.053639888763427734
1780001817828602000,16.24160205078125,0.030089259147644043,0.013593673706054688,-0.04367470741271973
1780001817844933000,16.25793310546875,0.02045917510986328,0.018611907958984375,-0.03817915916442871
1780001817861233000,16.27423291015625,0.034500956535339355,0.009261131286621094,-0.01827692985534668
1780001817877601500,16.2906015625,0.019222259521484375,-0.009675979614257812,-0.017348527908325195
1780001817893914000,16.3069140625,0.0036798715591430664,-0.004810333251953125,0.002445220947265625
1780001817910249200,16.323249267578124,-0.0020006895065307617,-0.0048618316650390625,0.016962528228759766
1780001817926579200,16.3395791015625,0.0017542839050292969,-0.0008974075317382812,0.049954891204833984
1780001817942917600,16.355917724609377,-0.017577528953552246,0.008946418762207031,0.04427146911621094
1780001817959248000,16.372247802734375,-0.0264815092086792,-0.0009765625,0.024062395095825195
1780001817975578600,16.38857861328125,-0.020916461944580078,-0.010782241821289062,-0.005624055862426758
1780001817991912400,16.404912353515623,0.013738393783569336,-0.0013170242309570312,-0.04940605163574219
1780001818008243500,16.421243408203125,0.057385802268981934,-0.015766143798828125,-0.07799577713012695
1780001818024595200,16.43759521484375,0.07664036750793457,-0.0158843994140625,-0.0783851146697998
1780001818040922600,16.453922607421877,0.07184338569641113,-0.01129913330078125,-0.06461930274963379
1780001818057249000,16.4702490234375,0.04809010028839111,0.007457733154296875,-0.04189014434814453
1780001818073617200,16.4866171875,0.0532451868057251,-0.00748443603515625,-0.024604320526123047
1780001818089927700,16.502927734375,0.04869484901428223,0.010935783386230469,-0.01724720001220703
1780001818106246700,16.51924658203125,0.07267379760742188,0.029425621032714844,-0.05747699737548828
1780001818122586600,16.535586669921877,0.0963754653930664,-0.0043621063232421875,-0.09653568267822266
1780001818138924000,16.551924072265624,0.08151841163635254,-0.013907432556152344,-0.12479138374328613
1780001818155251200,16.568251220703125,0.03168189525604248,-0.042621612548828125,-0.12469816207885742
1780001818171582200,16.584582275390623,-0.012784719467163086,-0.047481536865234375,-0.06700563430786133
1780001818187914000,16.6009140625,-0.03183162212371826,-0.014110565185546875,-0.0054128170013427734
1780001818204244000,16.617243896484375,0.00423121452331543,0.014121055603027344,0.036901235580444336
1780001818220585200,16.633585205078123,0.05023908615112305,0.05281639099121094,0.051841020584106445
1780001818236908500,16.649908447265624,0.023645877838134766,0.05308055877685547,0.047303199768066406
1780001818253249500,16.66624951171875,-0.015185356140136719,0.005710601806640625,0.041780948638916016
1780001818269580300,16.682580322265625,-0.010717272758483887,0.03429222106933594,-0.006148099899291992
1780001818285907200,16.6989072265625,-0.00692141056060791,0.03888225555419922,-0.04945206642150879
1780001818302242000,16.715241943359374,-0.017715096473693848,-0.004439353942871094,-0.04977226257324219
1780001818318573600,16.731573486328124,-0.0143660306930542,-0.04273509979248047,-0.034945011138916016
1780001818334907100,16.7479072265625,-0.030109763145446777,-0.018622398376464844,-0.048276662826538086
1780001818351240700,16.76424072265625,-0.002989649772644043,-0.008877754211425781,-0.03763532638549805
1780001818367556000,16.78055615234375,0.01448965072631836,0.0008249282836914062,-0.036669015884399414
1780001818383888400,16.796888427734373,0.012877821922302246,0.0008602142333984375,-0.031218290328979492
1780001818400223000,16.813222900390624,0.04967606067657471,-0.027894973754882812,-0.0493621826171875
1780001818416556500,16.829556640625,0.10936141014099121,-0.0328216552734375,-0.10153365135192871
1780001818432887600,16.845887451171876,0.12124967575073242,-0.01869487762451172,-0.1585674285888672
1780001818449220000,16.86222021484375,0.11373066902160645,-0.0526123046875,-0.18734049797058105
1780001818465541600,16.878541748046874,0.1392664909362793,-0.08155059814453125,-0.23473715782165527
1780001818481886700,16.89488671875,0.14189767837524414,-0.08062076568603516,-0.28063130378723145
1780001818498217500,16.911217529296874,0.09631228446960449,-0.055678367614746094,-0.3102405071258545
1780001818514566700,16.927566650390624,0.01786673069000244,-0.044350624084472656,-0.2762484550476074
1780001818530879700,16.943879638671874,-0.021475791931152344,-0.05600166320800781,-0.19604825973510742
1780001818547214000,16.960214111328124,-0.05549311637878418,-0.00948333740234375,-0.10504579544067383
1780001818563565600,16.976565673828127,-0.05533909797668457,0.046036720275878906,0.025103330612182617
1780001818579899000,16.99289892578125,-0.09309506416320801,0.03403282165527344,0.20083951950073242
1780001818596226300,17.009226318359374,-0.11055558919906616,0.0607757568359375,0.3518409729003906
1780001818612559600,17.0255595703125,-0.09318280220031738,0.10108757019042969,0.4398155212402344
1780001818628857600,17.041857666015623,-0.09661829471588135,0.17969703674316406,0.4889535903930664
1780001818645214700,17.058214599609375,-0.16867977380752563,0.199859619140625,0.5154688358306885
1780001818661542700,17.074542724609376,-0.2507737874984741,0.1767568588256836,0.536785364151001
1780001818677876200,17.090876220703127,-0.2732446789741516,0.19736862182617188,0.48769307136535645
1780001818694194000,17.10719384765625,-0.25078362226486206,0.24251079559326172,0.40564417839050293
1780001818710539800,17.123539794921875,-0.19635295867919922,0.18100261688232422,0.35450053215026855
1780001818726872000,17.1398720703125,-0.12568724155426025,0.1475076675415039,0.32702040672302246
1780001818743223600,17.1562236328125,-0.10210251808166504,0.13266754150390625,0.28433847427368164
1780001818759551500,17.172551513671873,-0.12753599882125854,0.07448482513427734,0.2265305519104004
1780001818775882500,17.188882568359375,-0.15818196535110474,-0.0023050308227539062,0.17408204078674316
1780001818792199000,17.205198974609374,-0.14986246824264526,-0.08915519714355469,0.11156463623046875
1780001818808549600,17.221549560546876,-0.12541544437408447,-0.10810375213623047,0.040355682373046875
1780001818824877000,17.237876953125,-0.046666860580444336,-0.0706472396850586,-0.02495431900024414
1780001818841227300,17.254227294921876,0.05677652359008789,-0.06143665313720703,-0.08219265937805176
1780001818857550300,17.27055029296875,0.14147543907165527,-0.06197643280029297,-0.14970088005065918
1780001818873845000,17.286844970703125,0.20687472820281982,-0.07695960998535156,-0.2464923858642578
1780001818890196500,17.303196533203124,0.2478238344192505,-0.0863800048828125,-0.35152244567871094
1780001818906530600,17.319530517578126,0.2653055191040039,-0.11997413635253906,-0.451831579208374
1780001818922856400,17.3358564453125,0.26391685009002686,-0.12833881378173828,-0.5353677272796631
1780001818939201500,17.352201416015625,0.22623121738433838,-0.13663005828857422,-0.5556268692016602
1780001818955526100,17.368526123046873,0.176194429397583,-0.08240318298339844,-0.4616680145263672
1780001818971858700,17.384858642578124,0.18335270881652832,-0.02444744110107422,-0.27711915969848633
1780001818988190500,17.4011904296875,0.17894887924194336,-0.0051364898681640625,-0.1365807056427002
1780001819004545800,17.4175458984375,0.12429261207580566,-0.004614830017089844,-0.057885169982910156
1780001819020868400,17.433868408203125,0.0400005578994751,-0.042713165283203125,-0.028089046478271484
1780001819037201200,17.450201171875,-0.06179213523864746,-0.07550048828125,-0.02343273162841797
1780001819053538000,17.4665380859375,-0.11815261840820312,-0.07017993927001953,-0.017414569854736328
1780001819069865200,17.482865234375,-0.1577708125114441,-0.040770530700683594,0.006747007369995117
1780001819086204200,17.4992041015625,-0.15799742937088013,-0.021001815795898438,0.06474590301513672
1780001819102534700,17.51553466796875,-0.11456453800201416,0.03153514862060547,0.10238933563232422
1780001819118865000,17.531864990234375,-0.08631503582000732,0.07484149932861328,0.12580299377441406
1780001819135199000,17.548198974609374,-0.0446544885635376,0.07468223571777344,0.12884736061096191
1780001819151533600,17.564533447265624,-0.033583879470825195,0.04547691345214844,0.11721467971801758
1780001819167863600,17.580863525390626,-0.056246042251586914,0.02117633819580078,0.08232903480529785
1780001819184195300,17.5971953125,-0.0744626522064209,0.006665229797363281,0.06177711486816406
1780001819200543500,17.61354345703125,-0.05849814414978027,0.030664443969726562,0.05242633819580078
1780001819216864800,17.62986474609375,-0.0331650972366333,0.054696083068847656,0.06658315658569336
1780001819233193700,17.64619384765625,0.005036711692810059,0.05944538116455078,0.08145499229431152
1780001819249525000,17.66252490234375,0.050440430641174316,0.04906272888183594,0.0719153881072998
1780001819265878000,17.6788779296875,0.06287109851837158,0.020651817321777344,0.019301652908325195
1780001819282194000,17.69519384765625,0.018456220626831055,0.0013475418090820312,-0.014568567276000977
1780001819298524000,17.71152392578125,-0.01603090763092041,-0.0130615234375,-0.023934364318847656
1780001819314854400,17.7278544921875,-0.0025086402893066406,-0.008358955383300781,0.004838228225708008
1780001819331188000,17.74418798828125,0.023940086364746094,0.00566864013671875,0.038544416427612305
1780001819347519500,17.76051953125,0.031016111373901367,0.014689445495605469,0.03778529167175293
1780001819363835600,17.776835693359374,0.01057124137878418,0.004549980163574219,-0.03561878204345703
1780001819380170800,17.793170654296876,-0.0038694143295288086,-0.038300514221191406,-0.09873843193054199
1780001819396504600,17.809504638671875,0.006144165992736816,-0.06244087219238281,-0.1280381679534912
1780001819412835300,17.82583544921875,0.005402565002441406,-0.06263923645019531,-0.09987545013427734
1780001819429169000,17.8421689453125,-0.005239605903625488,-0.02041912078857422,-0.028687000274658203
1780001819445500400,17.85850048828125,-0.01073753833770752,-0.0016269683837890625,0.032500505447387695
1780001819461821000,17.874821044921877,-0.015079021453857422,0.017142295837402344,0.05033683776855469
1780001819478165200,17.891165283203126,-0.03304338455200195,0.04553031921386719,0.03933238983154297
1780001819494515700,17.907515625,-0.012819170951843262,0.030900955200195312,0.0237424373626709
1780001819510843600,17.92384375,0.006606340408325195,0.021094322204589844,0.00916433334350586
1780001819527161300,17.940161376953125,0.011129498481750488,-0.0030384063720703125,0.008636713027954102
1780001819543507700,17.9565078125,0.02502286434173584,0.030257225036621094,0.01297450065612793
1780001819559842000,17.972842041015625,0.015493273735046387,0.029895782470703125,0.050142526626586914
1780001819576173600,17.989173583984375,0.024581074714660645,0.048473358154296875,0.05795574188232422
1780001819592494300,18.005494384765626,0.005187630653381348,0.03356742858886719,0.07073283195495605
1780001819608822800,18.02182275390625,0.014838099479675293,0.02376556396484375,0.05108237266540527
1780001819625159200,18.0381591796875,0.014221906661987305,0.028540611267089844,0.012991189956665039
1780001819641487000,18.054487060546876,0.037886738777160645,0.03816795349121094,-0.0010950565338134766
1780001819657833200,18.070833251953125,0.05690646171569824,0.038238525390625,0.00394892692565918
1780001819674170600,18.087170654296877,0.03723561763763428,0.023865699768066406,0.013669490814208984
1780001819690486500,18.103486572265624,0.016609907150268555,0.023728370666503906,0.01380467414855957
1780001819706833700,18.119833740234377,0.015078902244567871,-0.014638900756835938,-0.00023221969604492188
1780001819723167000,18.1361669921875,0.0238267183303833,-0.01936626434326172,-0.009098052978515625
1780001819739499500,18.15249951171875,0.01752173900604248,0.009516716003417969,0.0013380050659179688
1780001819755831800,18.168831787109376,0.04050469398498535,0.009549140930175781,0.011354446411132812
1780001819772162800,18.185162841796874,0.021025776863098145,0.004685401916503906,0.025602340698242188
1780001819788495000,18.2014951171875,0.006800174713134766,0.009382247924804688,0.025279998779296875
1780001819804811000,18.21781103515625,0.0020455121994018555,0.009158134460449219,0.015013933181762695
1780001819821148700,18.234148681640626,0.016523241996765137,-0.010143280029296875,-0.014002084732055664
1780001819837490200,18.250490234375,-0.007727146148681641,-0.02433013916015625,-0.04745960235595703
1780001819853813500,18.2668134765625,0.002740144729614258,-0.014355659484863281,-0.07506275177001953
1780001819870144500,18.28314453125,0.00786435604095459,0.0005092620849609375,-0.05472111701965332
1780001819886478000,18.29947802734375,0.022759556770324707,-0.003841400146484375,0.023346900939941406
1780001819902796000,18.315796142578126,-0.0006607770919799805,0.0060787200927734375,0.05771946907043457
1780001819919142000,18.332141845703124,-0.005469083786010742,0.02055072784423828,0.053293704986572266
1780001819935474200,18.34847412109375,-0.0005823373794555664,0.01076507568359375,0.014313697814941406
1780001819951807500,18.364807373046876,0.03825020790100098,-0.013563156127929688,-0.02516770362854004
1780001819968139300,18.38113916015625,0.05207467079162598,-0.02845287322998047,-0.05530714988708496
1780001819984476000,18.397475830078125,0.056192994117736816,-0.033104896545410156,-0.10888409614562988
1780001820000813300,18.413813232421877,0.0359879732131958,-0.018850326538085938,-0.1375141143798828
1780001820017155600,18.430155517578125,0.026872634887695312,-0.01858234405517578,-0.1225137710571289
1780001820033482800,18.446482666015626,0.02249431610107422,-0.008566856384277344,-0.07367944717407227
1780001820049814000,18.46281396484375,0.013860940933227539,0.010674476623535156,-0.028838396072387695
1780001820066147800,18.47914794921875,0.01362311840057373,0.044852256774902344,-0.00776219367980957
1780001820082481700,18.495481689453126,0.03237426280975342,0.040561676025390625,0.008250713348388672
1780001820098812700,18.511812744140624,0.022375941276550293,0.026510238647460938,0.014122247695922852
1780001820115144200,18.528144287109374,-0.011333584785461426,-0.0020732879638671875,0.028361797332763672
1780001820131477200,18.544477294921876,-0.039684414863586426,-0.0020122528076171875,0.03798317909240723
1780001820147810600,18.560810546875,-0.05329883098602295,0.0074253082275390625,0.04687094688415527
1780001820164142600,18.577142578125,-0.038088083267211914,-0.0023736953735351562,0.041069984436035156
1780001820180464600,18.593464599609376,-0.022777318954467773,-0.0026292800903320312,0.0018732547760009766
1780001820196801300,18.60980126953125,-0.01725304126739502,-0.02136993408203125,-0.0657796859741211
1780001820213143300,18.626143310546876,0.0021609067916870117,-0.03574180603027344,-0.10899806022644043
1780001820229469700,18.6424697265625,0.0029706954956054688,-0.04510974884033203,-0.10867786407470703
1780001820245803800,18.6588037109375,-0.005719184875488281,-0.020931243896484375,-0.07474541664123535
1780001820262138000,18.67513818359375,-0.020062804222106934,-0.0022554397583007812,-0.026716232299804688
1780001820278435600,18.691435546875,-0.04794037342071533,0.0025644302368164062,0.011365175247192383
1780001820294801400,18.707801513671875,-0.05724048614501953,0.012213706970214844,0.030414819717407227
1780001820311135700,18.7241357421875,-0.04247748851776123,0.01702117919921875,0.04468870162963867
1780001820327466800,18.740466796875,-0.03809988498687744,0.036110877990722656,0.03032398223876953
1780001820343783000,18.756782958984374,-0.024666786193847656,0.021694183349609375,0.01613140106201172
1780001820360117500,18.773117431640625,-0.020319819450378418,0.0026102066040039062,-0.00722956657409668
1780001820376433200,18.78943310546875,-0.04002952575683594,0.01714801788330078,-0.011260271072387695
1780001820392782300,18.8057822265625,-0.027005910873413086,0.012346267700195312,0.017682552337646484
1780001820409104100,18.822104248046877,0.019201040267944336,-0.01658344268798828,0.027806758880615234
1780001820425447200,18.838447265625,-0.006985306739807129,0.011951446533203125,0.017940044403076172
1780001820441769700,18.854769775390626,-0.03674769401550293,-0.0026397705078125,-0.00608515739440918
1780001820458112300,18.8711123046875,-0.013765573501586914,-0.007653236389160156,-0.015997886657714844
1780001820474446000,18.887446044921877,-0.02410900592803955,-0.0077228546142578125,-0.011132001876831055
1780001820490794200,18.903794189453127,-0.02943253517150879,-0.012454032897949219,-0.0203397274017334
1780001820507122700,18.920122802734376,-0.010715603828430176,0.00679779052734375,-0.005482673645019531
1780001820523455500,18.93645556640625,0.021967411041259766,0.006897926330566406,-0.004498720169067383
1780001820539786800,18.952786865234376,0.04038405418395996,0.0021142959594726562,0.0005640983581542969
1780001820556120600,18.96912060546875,0.00588679313659668,0.026015281677246094,0.02000141143798828
1780001820572451300,18.985451416015625,-0.023516178131103516,0.025963783264160156,0.05360150337219238
1780001820588785200,19.00178515625,-0.028701066970825195,0.03543376922607422,0.0582280158996582
1780001820605101800,19.018101806640626,-0.029356837272644043,0.04001426696777344,0.0626380443572998
1780001820621433900,19.034433837890624,-0.011172175407409668,0.020681381225585938,0.033701181411743164
1780001820637788700,19.05078857421875,-0.02185821533203125,0.02048969268798828,0.009014368057250977
1780001820654119700,19.06711962890625,0.0011572837829589844,0.00592041015625,-0.00025773048400878906
1780001820670445300,19.0834453125,-0.0047457218170166016,-0.013444900512695312,0.0042667388916015625
1780001820686783700,19.09978369140625,-0.015282630920410156,0.0006933212280273438,0.013536453247070312
1780001820703114200,19.1161142578125,-0.010771989822387695,0.010023117065429688,0.01768946647644043
1780001820719445800,19.13244580078125,0.008237719535827637,0.00023365020751953125,0.007506608963012695
1780001820735777500,19.148777587890624,0.04579150676727295,0.014405250549316406,-0.016715288162231445
1780001820752106200,19.165106201171874,0.0637202262878418,0.0046176910400390625,-0.03605151176452637
1780001820768448000,19.181447998046874,0.03910493850708008,0.0043239593505859375,-0.04124760627746582
1780001820784775200,19.197775146484375,0.03780245780944824,-0.005637168884277344,-0.027583599090576172
1780001820801095700,19.214095703125,0.007912158966064453,-0.02039051055908203,-0.018770933151245117
1780001820817432800,19.230432861328126,-0.00704646110534668,-0.0014667510986328125,-0.014420509338378906
1780001820833760800,19.2467607421875,0.02569591999053955,-0.01113128662109375,-0.014642715454101562
1780001820850091300,19.26309130859375,0.04911613464355469,-0.0016021728515625,-0.019366025924682617
1780001820866424600,19.279424560546875,0.04819893836975098,0.0031328201293945312,-0.023961544036865234
1780001820882754600,19.295754638671873,0.010234832763671875,0.007872581481933594,-0.02877521514892578
1780001820899075300,19.312075439453125,-0.008584380149841309,-0.0112762451171875,-0.00499415397644043
1780001820915411700,19.32841162109375,-0.01793372631072998,0.012633323669433594,0.028136253356933594
1780001820931754500,19.34475439453125,-0.017004728317260742,0.01730632781982422,0.05136680603027344
1780001820948086000,19.3610859375,0.017129898071289062,0.007549285888671875,0.05534791946411133
1780001820964419300,19.37741943359375,0.007823824882507324,0.0024862289428710938,0.04004716873168945
1780001820980768300,19.393768310546875,0.013141751289367676,-0.0026111602783203125,0.00539708137512207
1780001820997100800,19.410100830078125,-0.004834175109863281,-0.0030651092529296875,-0.0012140274047851562
1780001821013396200,19.426396240234375,-0.003477931022644043,-0.008378982543945312,-0.003331422805786133
1780001821029764000,19.44276416015625,-0.002682209014892578,0.0005006790161132812,-0.01530146598815918
1780001821046094000,19.459093994140623,0.02656424045562744,0.004372596740722656,-0.041977643966674805
1780001821062428000,19.475427978515626,0.0545116662979126,-0.01576995849609375,-0.06864118576049805
1780001821078755000,19.491755126953127,0.06308126449584961,-0.02624797821044922,-0.12365484237670898
1780001821095097000,19.50809716796875,0.06772124767303467,-0.045520782470703125,-0.1638638973236084
1780001821111424300,19.52442431640625,0.053177475929260254,-0.04593944549560547,-0.1937718391418457
1780001821127758600,19.540758544921875,0.04398083686828613,-0.050853729248046875,-0.1943037509918213
1780001821144087800,19.557087890625,0.030529260635375977,-0.05062389373779297,-0.16044998168945312
1780001821160422400,19.57342236328125,0.03151345252990723,-0.007647514343261719,-0.13536286354064941
1780001821176745700,19.589745849609375,0.051114559173583984,-0.011829376220703125,-0.09565019607543945
1780001821193087700,19.606087646484376,0.052359819412231445,-0.0015344619750976562,-0.055646657943725586
1780001821209418500,19.62241845703125,0.000615239143371582,0.046875,-0.001893758773803711
1780001821225752600,19.638752685546876,-0.003294229507446289,0.023212432861328125,0.05578422546386719
1780001821242067700,19.655067626953127,0.007120728492736816,0.04727745056152344,0.08938360214233398
1780001821258403300,19.6714033203125,-0.03618884086608887,0.042285919189453125,0.10320568084716797
1780001821274716400,19.68771630859375,-0.07010340690612793,0.027523040771484375,0.09674668312072754
1780001821291082200,19.704082275390626,-0.06056082248687744,0.012742996215820312,0.08590841293334961
1780001821307412700,19.720412841796875,-0.045900940895080566,-0.0020961761474609375,0.05584239959716797
1780001821323729400,19.7367294921875,-0.05595529079437256,-0.007367134094238281,0.02584981918334961
1780001821340064800,19.753064697265625,-0.05118262767791748,-0.00777435302734375,0.005480289459228516
1780001821356398000,19.769398193359375,-0.026715517044067383,0.011013031005859375,-0.010157108306884766
1780001821372729000,19.78572900390625,-0.030881404876708984,0.015491485595703125,-0.00653076171875
1780001821389061600,19.8020615234375,-0.025909066200256348,0.0056705474853515625,-0.021710634231567383
1780001821405394000,19.818393798828126,-0.011337637901306152,0.005715370178222656,-0.016273975372314453
1780001821421728300,19.834728271484376,0.0029131174087524414,0.010678291320800781,-0.02048325538635254
1780001821438058800,19.851058837890626,0.035830140113830566,0.00124359130859375,-0.0007069110870361328
1780001821454392000,19.86739208984375,0.02556765079498291,0.006054878234863281,0.02355480194091797
1780001821470737400,19.8837373046875,0.014481902122497559,0.020254135131835938,0.04256582260131836
1780001821487075300,19.900075439453126,-0.0148543119430542,0.04381561279296875,0.056047677993774414
1780001821503382800,19.9163828125,0.0041506290435791016,0.00033092498779296875,0.06442403793334961
1780001821519737600,19.932737548828126,-0.03392326831817627,-0.004703521728515625,0.05342245101928711
1780001821536064800,19.949064697265626,-0.04716777801513672,0.00001811981201171875,0.01953744888305664
1780001821552403700,19.96540380859375,0.0017653703689575195,0.019189834594726562,0.024610042572021484
1780001821568728300,19.981728271484375,0.016493797302246094,0.014372825622558594,0.04329538345336914
1780001821585068000,19.998068115234375,-0.006722092628479004,0.03342628479003906,0.06190037727355957
1780001821601387300,20.01438720703125,-0.006006002426147461,0.0421905517578125,0.08014965057373047
1780001821617692000,20.03069189453125,0.02241814136505127,0.04654407501220703,0.08351635932922363
1780001821634066000,20.04706591796875,0.004080057144165039,0.032425880432128906,0.05364274978637695
1780001821650393600,20.0633935546875,-0.03331470489501953,0.008241653442382812,0.028238534927368164
1780001821666727700,20.079727783203126,-0.03744828701019287,-0.0014476776123046875,0.008495092391967773
1780001821683042300,20.096042236328124,-0.007841110229492188,0.012862205505371094,0.013409614562988281
1780001821699374300,20.112374267578126,0.01598072052001953,0.007948875427246094,0.02240777015686035
1780001821715728000,20.128727783203125,0.02062821388244629,0.0028600692749023438,0.026334762573242188
1780001821732052700,20.145052734375,0.030039668083190918,0.026406288146972656,-0.0034666061401367188
1780001821748395300,20.161395263671874,0.0352938175201416,-0.007388114929199219,-0.023443937301635742
1780001821764721700,20.1777216796875,0.021795988082885742,-0.0169525146484375,-0.05223965644836426
1780001821781073700,20.19407373046875,0.007897734642028809,0.0023927688598632812,-0.05179882049560547
1780001821797383200,20.210383056640627,0.008356451988220215,-0.0020971298217773438,-0.008231639862060547
1780001821813707300,20.226707275390623,0.03275489807128906,0.01717853546142578,0.020488739013671875
1780001821830037500,20.24303759765625,0.023932814598083496,0.017078399658203125,0.04861950874328613
1780001821846371300,20.259371337890624,0.010350704193115234,0.016962051391601562,0.028842926025390625
1780001821862702800,20.275702880859374,0.006955146789550781,0.02635955810546875,0.008885383605957031
1780001821879033000,20.292033203125,0.017535924911499023,0.0023355484008789062,-0.010916709899902344
1780001821895370000,20.308369873046875,0.008855581283569336,0.007201194763183594,-0.030152320861816406
1780001821911701200,20.324701171875,-0.004329323768615723,0.0025224685668945312,-0.02547430992126465
1780001821928032500,20.341032470703126,0.006680130958557129,0.0025882720947265625,-0.0018815994262695312
1780001821944366000,20.357365966796873,0.012061715126037598,-0.0022487640380859375,0.02145671844482422
1780001821960700400,20.373700439453124,0.0036160945892333984,0.016754150390625,0.02062511444091797
1780001821977038300,20.390038330078124,-0.004021048545837402,0.0071239471435546875,0.01038670539855957
1780001821993380400,20.40638037109375,-0.0073860883712768555,-0.0024662017822265625,-0.009334325790405273
1780001822009700900,20.422700927734375,-0.005884408950805664,0.007197380065917969,-0.014388084411621094
1780001822026048800,20.439048828125,-0.004171609878540039,0.002574920654296875,-0.0001690387725830078
1780001822042375000,20.455375,0.002185344696044922,0.017134666442871094,0.014005661010742188
1780001822058706000,20.471705810546876,0.014156341552734375,0.02676677703857422,0.018096208572387695
1780001822075050000,20.488050048828125,0.0304262638092041,0.017098426818847656,0.017118453979492188
1780001822091376000,20.504376220703126,0.037111878395080566,0.0073528289794921875,-0.0030214786529541016
1780001822107697000,20.52069677734375,0.037917256355285645,-0.0024003982543945312,-0.027786970138549805
1780001822124035300,20.537035400390625,0.006042003631591797,-0.026292800903320312,-0.05736660957336426
1780001822140353500,20.553353515625,-0.006425976753234863,-0.03563499450683594,-0.06693077087402344
1780001822156695800,20.56969580078125,0.0010741949081420898,-0.025882720947265625,-0.05300712585449219
1780001822173041000,20.586041015625,0.02232980728149414,-0.016185760498046875,-0.010531425476074219
1780001822189365000,20.602364990234374,0.005656003952026367,-0.011301994323730469,-0.011126041412353516
1780001822205698300,20.6186982421875,-0.020188450813293457,-0.02077198028564453,-0.016632556915283203
1780001822221994200,20.634994140625,-0.030624032020568848,-0.030202865600585938,-0.022187232971191406
1780001822238352400,20.651352294921875,-0.04189467430114746,-0.010920524597167969,0.0008559226989746094
1780001822254694100,20.667694091796875,-0.04354369640350342,0.022597312927246094,0.004588127136230469
1780001822271018500,20.6840185546875,-0.017296791076660156,0.027314186096191406,-0.010796308517456055
1780001822287359000,20.70035888671875,-0.00025284290313720703,0.013012886047363281,-0.05443930625915527
1780001822303676700,20.7166767578125,0.03551435470581055,-0.0010833740234375,-0.10231280326843262
1780001822320010500,20.733010498046873,0.07540488243103027,-0.010302543640136719,-0.1203608512878418
1780001822336344300,20.74934423828125,0.08530247211456299,-0.019540786743164062,-0.10033869743347168
1780001822352675800,20.76567578125,0.03725743293762207,-0.013912200927734375,-0.08099675178527832
1780001822369009000,20.7820087890625,-0.03398430347442627,-0.008883476257324219,-0.06131863594055176
1780001822385340700,20.798340576171874,-0.046766042709350586,-0.013376235961914062,-0.01851820945739746
1780001822401674200,20.81467431640625,-0.050610899925231934,-0.008874893188476562,0.005813121795654297
1780001822418003500,20.83100341796875,-0.06397414207458496,-0.00380706787109375,0.025452136993408203
1780001822434317300,20.8473173828125,-0.05306744575500488,0.0060577392578125,0.04500126838684082
1780001822450670300,20.86367041015625,-0.027168869972229004,0.011090278625488281,0.02650928497314453
1780001822467017000,20.880016845703125,-0.01571190357208252,0.016015052795410156,0.011916160583496094
1780001822483350300,20.896350341796875,-0.004724025726318359,0.01605224609375,-0.0028221607208251953
1780001822499682300,20.912682373046874,0.010590434074401855,0.02086639404296875,-0.012639045715332031
1780001822516013800,20.929013916015624,0.04429292678833008,0.035111427307128906,-0.022017717361450195
1780001822532344000,20.945343994140625,0.05327105522155762,0.03014087677001953,-0.036722660064697266
1780001822548685000,20.96168505859375,0.02859175205230713,0.02047252655029297,-0.03735208511352539
1780001822565005800,20.978005859375,0.008874773979187012,0.011042594909667969,-0.03194451332092285
1780001822581314800,20.994314697265626,-0.020052075386047363,-0.0031137466430664062,-0.007340908050537109
1780001822597656300,21.01065625,-0.029335498809814453,-0.012395858764648438,0.01675581932067871
1780001822614010400,21.02701025390625,-0.028522253036499023,-0.021764755249023438,0.01707768440246582
1780001822630334000,21.043333984375,-0.003851771354675293,-0.021762847900390625,0.01742267608642578
1780001822646681600,21.059681640625,0.015427231788635254,-0.017057418823242188,-0.0067865848541259766
1780001822663016000,21.076015869140626,0.03457510471343994,0.00206756591796875,-0.030774354934692383
1780001822679334000,21.092333984375,0.04493260383605957,0.011750221252441406,-0.049855709075927734
1780001822695666700,21.108666748046875,0.046817779541015625,-0.011803627014160156,-0.04459953308105469
1780001822712008400,21.125008544921876,0.03942131996154785,-0.01604747772216797,-0.0054471492767333984
1780001822728342800,21.1413427734375,0.04470348358154297,0.01772308349609375,0.04763078689575195
1780001822744663300,21.157663330078126,0.06375932693481445,0.021894454956054688,0.0817098617553711
1780001822761001200,21.174001220703126,0.025742769241333008,0.012811660766601562,0.05197477340698242
1780001822777328600,21.19032861328125,0.03722834587097168,-0.011263847351074219,-0.03027176856994629
1780001822793652700,21.20665283203125,0.06372320652008057,-0.04901313781738281,-0.08378195762634277
1780001822809984000,21.22298388671875,0.03737068176269531,-0.015520095825195312,-0.10854005813598633
1780001822826317000,21.239317138671876,-0.00883185863494873,0.01745319366455078,-0.06760931015014648
1780001822842648800,21.25564892578125,-0.06961315870285034,0.021556854248046875,-0.003943204879760742
1780001822858979000,21.27197900390625,-0.0661126971244812,0.03952217102050781,0.03621077537536621
1780001822875312400,21.2883125,-0.06751924753189087,0.014962196350097656,0.07125663757324219
1780001822891650000,21.304650146484374,-0.06932634115219116,-0.0042514801025390625,0.07961034774780273
1780001822907978500,21.320978515625,-0.05873149633407593,0.06833362579345703,-0.0012829303741455078
1780001822924312000,21.33731201171875,-0.045244812965393066,0.058322906494140625,0.007269144058227539
1780001822940643000,21.35364306640625,-0.060475289821624756,-0.01397705078125,0.06804013252258301
1780001822956993800,21.369993896484374,-0.13706904649734497,0.014473915100097656,0.09059619903564453
1780001822973321000,21.386321044921875,-0.15701007843017578,0.0810384750366211,0.08956742286682129
1780001822989653800,21.40265380859375,-0.12433457374572754,0.05127239227294922,0.07473373413085938
1780001823005986800,21.41898681640625,-0.08142095804214478,-0.005702018737792969,0.02670574188232422
1780001823022303700,21.4353037109375,-0.06824737787246704,-0.015242576599121094,-0.025241374969482422
1780001823038651100,21.451651123046876,-0.009131312370300293,-0.0009984970092773438,-0.05742931365966797
1780001823054986000,21.467986083984375,0.011237382888793945,0.017395973205566406,-0.047301292419433594
1780001823071312600,21.484312744140624,-0.02867448329925537,-0.016305923461914062,-0.023816585540771484
1780001823087649800,21.50064990234375,-0.054746270179748535,-0.054238319396972656,0.00010919570922851562
1780001823103981600,21.516981689453125,-0.01919424533843994,-0.059889793395996094,0.004830360412597656
1780001823120312600,21.5333125,0.03212869167327881,-0.05060768127441406,-0.028475046157836914
1780001823136645600,21.549645751953125,0.04757261276245117,-0.03634834289550781,-0.06722211837768555
1780001823152979200,21.565979248046876,0.044888854026794434,-0.02193450927734375,-0.05819964408874512
1780001823169311000,21.58231103515625,0.05220496654510498,-0.0075550079345703125,-0.016129493713378906
1780001823185643300,21.598643310546876,0.07374882698059082,0.025842666625976562,0.02621626853942871
1780001823201975300,21.614975341796875,0.10966360569000244,0.03520965576171875,0.020005226135253906
1780001823218308900,21.631308837890625,0.09706127643585205,0.04442787170410156,-0.010354042053222656
1780001823234631200,21.647631103515625,0.07551765441894531,0.029813766479492188,-0.040436744689941406
1780001823250973700,21.6639736328125,0.044045448303222656,0.025023460388183594,-0.01301264762878418
1780001823267315200,21.680315185546874,0.002160787582397461,0.03954792022705078,0.04430675506591797
1780001823283616300,21.6966162109375,0.016832351684570312,0.07322883605957031,0.08282876014709473
1780001823299956500,21.71295654296875,0.030337095260620117,0.04930686950683594,0.08791899681091309
1780001823316289800,21.729289794921876,0.07206916809082031,0.01567554473876953,0.0504910945892334
1780001823332621000,21.74562109375,0.07011926174163818,0.025012969970703125,-0.006967067718505859
1780001823348954600,21.76195458984375,0.054688215255737305,0.01031494140625,-0.04152250289916992
1780001823365286400,21.778286376953126,0.024495959281921387,-0.04676532745361328,-0.027406692504882812
1780001823381618700,21.79461865234375,-0.0021300315856933594,-0.14235973358154297,-0.026543140411376953
1780001823397950700,21.81095068359375,-0.061586976051330566,-0.10836124420166016,-0.05623006820678711
1780001823414284500,21.827284423828125,-0.12742996215820312,-0.036110877990722656,-0.0429844856262207
1780001823430612200,21.8436123046875,-0.10535842180252075,-0.04055023193359375,-0.025293350219726562
1780001823446966500,21.859966552734374,-0.010006070137023926,-0.0684499740600586,-0.034227609634399414
1780001823463291100,21.876291015625,0.08116436004638672,-0.03424072265625,-0.05226707458496094
1780001823479631600,21.892631591796874,0.06465613842010498,0.029287338256835938,-0.07628703117370605
1780001823495942100,21.908942138671875,0.007616519927978516,0.054780006408691406,-0.054979562759399414
1780001823512294000,21.9252939453125,0.0524139404296875,0.07891654968261719,-0.0001430511474609375
1780001823528603000,21.941602783203123,0.026329636573791504,0.10861396789550781,0.016240835189819336
1780001823544962300,21.95796240234375,-0.024298787117004395,0.152435302734375,0.05128765106201172
1780001823561270500,21.9742705078125,0.03653919696807861,0.14757728576660156,0.09441089630126953
1780001823577601500,21.9906015625,0.07905447483062744,0.07036876678466797,0.0854043960571289
1780001823593943800,22.00694384765625,0.023497700691223145,0.03119945526123047,0.0039501190185546875
1780001823610287600,22.02328759765625,-0.023207783699035645,-0.06483078002929688,-0.024882078170776367
1780001823626613500,22.039613525390624,-0.07339322566986084,-0.04635334014892578,-0.03448605537414551
1780001823642958300,22.055958251953125,-0.1449407935142517,-0.04186725616455078,0.004545927047729492
1780001823659284000,22.072283935546874,-0.18072891235351562,-0.0897970199584961,0.038056373596191406
1780001823675616800,22.08861669921875,-0.16706407070159912,-0.13773822784423828,0.038054704666137695
1780001823691944700,22.10494482421875,-0.11382794380187988,-0.07544803619384766,-0.042688608169555664
1780001823708285700,22.12128564453125,-0.052802443504333496,0.025529861450195312,-0.08024024963378906
1780001823724613400,22.13761328125,0.0025734901428222656,0.0832967758178711,-0.055829763412475586
1780001823740946700,22.15394677734375,0.04558444023132324,0.06045722961425781,0.020383834838867188
1780001823757273300,22.1702734375,0.10040855407714844,0.09947776794433594,0.03985929489135742
1780001823773599500,22.186599609375,0.1112070083618164,0.13311767578125,0.01570725440979004
1780001823789928700,22.2029287109375,0.14331495761871338,0.08491706848144531,-0.018119096755981445
1780001823806263000,22.219262939453124,0.14927470684051514,-0.044762611389160156,-0.08502912521362305
1780001823822594300,22.23559423828125,0.09965050220489502,-0.07813549041748047,-0.13234782218933105
1780001823838928400,22.251928466796876,-0.03356027603149414,-0.035648345947265625,-0.13132596015930176
1780001823855257600,22.268257568359374,-0.147699773311615,-0.05518531799316406,-0.020633459091186523
1780001823871592700,22.2845927734375,-0.2142161726951599,-0.05023479461669922,0.0627906322479248
1780001823887922200,22.300922119140626,-0.18943428993225098,-0.011304855346679688,0.0977013111114502
1780001823904257800,22.3172578125,-0.1061849594116211,0.03690910339355469,0.07998228073120117
1780001823920588800,22.3335888671875,-0.04171168804168701,0.037995338439941406,0.050260305404663086
1780001823936921300,22.34992138671875,0.006166815757751465,0.03011322021484375,-0.0040204524993896484
1780001823953269000,22.36626904296875,0.10979509353637695,0.026472091674804688,-0.07624268531799316
1780001823969600800,22.382600830078125,0.26745522022247314,0.012370109558105469,-0.1425187587738037
1780001823985932000,22.39893212890625,0.34158527851104736,0.031158447265625,-0.11827301979064941
1780001824002265300,22.415265380859374,0.2397150993347168,0.10238456726074219,-0.01979207992553711
1780001824018594800,22.4315947265625,0.07122385501861572,0.10593223571777344,0.09985232353210449
1780001824034906600,22.44790673828125,-0.038692355155944824,-0.0001068115234375,0.19563794136047363
1780001824051261400,22.464261474609376,-0.1418466567993164,-0.07769203186035156,0.1829516887664795
1780001824067578400,22.480578369140623,-0.2865571975708008,-0.014868736267089844,0.025149106979370117
1780001824083906800,22.49690673828125,-0.29055333137512207,0.02801513671875,-0.06951475143432617
1780001824100245500,22.51324560546875,-0.09261482954025269,-0.024913787841796875,-0.05862689018249512
1780001824116574700,22.52957470703125,0.07084882259368896,-0.05829048156738281,-0.014343738555908203
1780001824132919300,22.545919189453127,0.07521140575408936,-0.04332256317138672,0.028841018676757812
1780001824149243000,22.562242919921875,-0.003281831741333008,-0.009623527526855469,0.0661308765411377
1780001824165564000,22.57856396484375,-0.03409862518310547,0.03322792053222656,0.09804868698120117
1780001824181907200,22.5949072265625,-0.03633379936218262,0.03751087188720703,0.12895750999450684
1780001824198241000,22.611240966796874,-0.06202751398086548,0.05128955841064453,0.13516473770141602
1780001824214572000,22.627572021484376,-0.08333170413970947,0.05554676055908203,0.08981728553771973
1780001824230905600,22.643905517578126,-0.02454841136932373,0.017449378967285156,0.0027866363525390625
1780001824247253800,22.660253662109376,0.042069315910339355,-0.04996013641357422,-0.041380882263183594
1780001824263567400,22.6765673828125,0.11879968643188477,-0.06451797485351562,-0.08908772468566895
1780001824279902000,22.69290185546875,0.11901998519897461,-0.04056262969970703,-0.1273648738861084
1780001824296235300,22.7092353515625,0.1345663070678711,0.0018873214721679688,-0.11826753616333008
1780001824312566300,22.725566162109374,0.11692655086517334,0.020796775817871094,-0.06225323677062988
1780001824328907300,22.7419072265625,0.032698869705200195,0.015824317932128906,-0.016202449798583984
1780001824345231400,22.7582314453125,-0.024182915687561035,0.0204010009765625,0.006323814392089844
1780001824361552100,22.77455224609375,-0.03414177894592285,-0.0029726028442382812,-0.0032494068145751953
1780001824377896000,22.79089599609375,-0.010594964027404785,-0.02193450927734375,-0.03129458427429199
1780001824394229200,22.807229248046873,0.009361863136291504,-0.011981964111328125,-0.03940606117248535
1780001824410561500,22.8235615234375,0.01608717441558838,-0.011386871337890625,-0.02392745018005371
1780001824426891800,22.839891845703125,0.01822495460510254,0.01732635498046875,0.0010657310485839844
1780001824443240400,22.856240478515623,-0.005279421806335449,0.041744232177734375,0.040470123291015625
1780001824459570000,22.87256982421875,-0.039145827293395996,0.04690265655517578,0.06503772735595703
1780001824475908000,22.888908203125,-0.04074251651763916,0.0374755859375,0.06122136116027832
1780001824492238000,22.905238037109374,-0.022792458534240723,0.027825355529785156,0.028692960739135742
1780001824508569000,22.921569091796876,0.009441137313842773,0.004303932189941406,-0.01930856704711914
1780001824524896300,22.937896240234377,0.027997970581054688,-0.0054912567138671875,-0.06743168830871582
1780001824541241600,22.95424169921875,0.01233983039855957,-0.024750709533691406,-0.10083651542663574
1780001824557564400,22.970564453125,0.016079068183898926,-0.024644851684570312,-0.0953829288482666
1780001824573902800,22.98690283203125,0.0004011392593383789,-0.029257774353027344,-0.08543992042541504
1780001824590227200,23.003227294921874,-0.015276312828063965,-0.024288177490234375,-0.07008075714111328
1780001824606565400,23.0195654296875,-0.021341919898986816,-0.04329872131347656,-0.05010867118835449
1780001824622901200,23.0359013671875,-0.026962757110595703,-0.05769538879394531,-0.016438722610473633
1780001824639227600,23.0522275390625,-0.03203165531158447,-0.04823589324951172,-0.011892080307006836
1780001824655562000,23.06856201171875,-0.04142916202545166,-0.010103225708007812,-0.017197608947753906
1780001824671893800,23.084893798828126,-0.03609907627105713,-0.000652313232421875,-0.017740488052368164
1780001824688227600,23.1012275390625,-0.0214461088180542,-0.00077056884765625,-0.02318859100341797
1780001824704550400,23.11755029296875,-0.01595127582550049,-0.0009622573852539062,-0.013835906982421875
1780001824720897500,23.1338974609375,-0.024274468421936035,-0.0060291290283203125,-0.029852867126464844
1780001824737223200,23.15022314453125,-0.0049860477447509766,-0.0016002655029296875,-0.0162198543548584
1780001824753541000,23.166541015625,0.019226908683776855,0.006928443908691406,-0.01286005973815918
1780001824769874200,23.182874267578125,0.009432673454284668,0.006476402282714844,-0.018918275833129883
1780001824786207700,23.199207763671875,0.013542652130126953,0.020369529724121094,-0.015290260314941406
1780001824802539300,23.215539306640625,0.0271683931350708,0.02952861785888672,-0.030624866485595703
1780001824818872800,23.231872802734376,0.026375532150268555,0.019561767578125,-0.03153681755065918
1780001824835203600,23.24820361328125,0.030040264129638672,0.019229888916015625,-0.036932945251464844
1780001824851532800,23.26453271484375,0.023712158203125,0.0003719329833984375,-0.04212808609008789
1780001824867872300,23.280872314453124,0.01720738410949707,-0.009397506713867188,-0.0325627326965332
1780001824884202500,23.297202392578125,0.015913963317871094,-0.009533882141113281,-0.032525062561035156
1780001824900533200,23.313533203125,0.0053141117095947266,-0.0000743865966796875,-0.027722597122192383
1780001824916867000,23.3298671875,-0.0006066560745239258,-0.014508247375488281,-0.027556657791137695
1780001824933216000,23.346216064453124,-0.020445942878723145,-0.009791374206542969,-0.013168811798095703
1780001824949545700,23.362545654296873,-0.030477166175842285,-0.009814262390136719,0.0006766319274902344
1780001824965876500,23.37887646484375,-0.03570437431335449,-0.014581680297851562,0.01524496078491211
1780001824982208800,23.395208740234374,-0.026797890663146973,0.008739471435546875,0.025612354278564453
1780001824998529500,23.411529541015625,-0.03270447254180908,0.0230865478515625,0.05447888374328613
1780001825014867500,23.427867431640625,-0.02352583408355713,0.032527923583984375,0.05901074409484863
1780001825031214300,23.44421435546875,0.01405489444732666,0.03223705291748047,0.053604841232299805
1780001825047538200,23.4605380859375,-0.0013970136642456055,0.012616157531738281,0.038194894790649414
1780001825063854600,23.4768544921875,-0.006791114807128906,0.01752758026123047,-0.0010809898376464844
1780001825080204800,23.493204833984375,-0.007408618927001953,-0.006794929504394531,-0.016402721405029297
1780001825096519000,23.509518798828125,-0.027235865592956543,-0.007109642028808594,-0.03146195411682129
1780001825112870700,23.52587060546875,-0.03741908073425293,-0.002544403076171875,-0.017549991607666016
1780001825129201000,23.542200927734374,-0.004427909851074219,-0.0122833251953125,-0.008301973342895508
1780001825145534500,23.558534423828124,-0.000058531761169433594,0.006195068359375,-0.008353471755981445
1780001825161849300,23.574849365234375,0.018448829650878906,0.02528858184814453,-0.0034923553466796875
1780001825178186200,23.591186279296874,0.03576838970184326,0.0059871673583984375,0.006625175476074219
1780001825194527200,23.60752734375,0.02910637855529785,-0.00864410400390625,0.005859375
1780001825210867700,23.62386767578125,0.008141398429870605,0.014921188354492188,0.005411624908447266
1780001825227194600,23.640194580078123,0.0024356842041015625,0.005008697509765625,0.009504556655883789
1780001825243511800,23.65651171875,-0.016596078872680664,-0.00959014892578125,0.013741493225097656
1780001825259833900,23.672833740234374,-0.017557621002197266,-0.00487518310546875,0.0232236385345459
1780001825276180200,23.68918017578125,0.0012804269790649414,0.0047512054443359375,0.023495912551879883
1780001825292510500,23.705510498046873,0.0158846378326416,0.03362751007080078,0.02927851676940918
1780001825308845800,23.721845703125,0.04493701457977295,0.06247901916503906,0.024785280227661133
1780001825325176300,23.73817626953125,0.059262871742248535,0.07214069366455078,0.020279645919799805
1780001825341497000,23.7544970703125,0.053504347801208496,0.0627145767211914,0.006688833236694336
1780001825357839600,23.770839599609374,0.022684216499328613,0.038847923278808594,0.021962881088256836
1780001825374175000,23.787175048828125,-0.003907442092895508,0.029315948486328125,0.036773681640625
1780001825390502700,23.803502685546874,-0.03525817394256592,0.010110855102539062,0.07101058959960938
1780001825406843000,23.8198427734375,-0.042664408683776855,0.00026702880859375,0.09025907516479492
1780001825423150300,23.836150390625,-0.04944121837615967,-0.01920604705810547,0.0851902961730957
1780001825439521800,23.852521728515626,-0.05022919178009033,-0.024347305297851562,0.03197765350341797
1780001825455850000,23.86885009765625,-0.03663527965545654,-0.014453887939453125,-0.03078937530517578
1780001825472166400,23.88516650390625,0.011442184448242188,-0.024100303649902344,-0.07395195960998535
1780001825488512000,23.901511962890623,0.011238455772399902,-0.009572029113769531,-0.09250879287719727
1780001825504859000,23.91785888671875,0.00636744499206543,0.019499778747558594,-0.08662867546081543
1780001825521163300,23.934163330078125,0.01996159553527832,0.04807472229003906,-0.06546473503112793
1780001825537513500,23.950513427734375,0.038112640380859375,0.015012741088867188,-0.015948057174682617
1780001825553838300,23.96683837890625,0.021438002586364746,-0.003734588623046875,0.0051920413970947266
1780001825570184400,23.983184326171877,-0.015357017517089844,0.020477294921875,0.01618504524230957
1780001825586509300,23.99950927734375,-0.024143218994140625,0.015827178955078125,0.03694915771484375
1780001825602841900,24.015841796875,-0.017748117446899414,-0.012970924377441406,0.07611966133117676
1780001825619167700,24.032167724609376,-0.016115546226501465,-0.018001556396484375,0.047806739807128906
1780001825635489500,24.048489501953124,0.010286688804626465,0.0008153915405273438,-0.004166841506958008
1780001825651838500,24.06483837890625,0.056147217750549316,-0.023481369018554688,-0.05240154266357422
1780001825668171800,24.081171875,0.07451820373535156,-0.009367942810058594,-0.10049200057983398
1780001825684501800,24.097501708984375,0.04903292655944824,-0.023241043090820312,-0.11941003799438477
1780001825700830000,24.113829833984376,-0.004818439483642578,-0.02315521240234375,-0.10495424270629883
1780001825717166800,24.130166748046875,-0.02984464168548584,-0.008543968200683594,-0.04658818244934082
1780001825733494300,24.146494384765624,-0.03442978858947754,0.0008182525634765625,0.01671767234802246
1780001825749817900,24.16281787109375,-0.035210371017456055,0.015500068664550781,0.0512537956237793
1780001825766152400,24.17915234375,-0.011919379234313965,0.030084609985351562,0.04798126220703125
1780001825782484000,24.19548388671875,0.015160799026489258,0.011013031005859375,0.02485966682434082
1780001825798817500,24.211817626953124,0.003674626350402832,0.02046680450439453,0.0014958381652832031
1780001825815148800,24.228148681640626,-0.03253209590911865,0.005901336669921875,-0.013096094131469727
1780001825831482400,24.244482421875,-0.06841504573822021,-0.003902435302734375,-0.003350496292114258
1780001825847813600,24.260813720703126,-0.1183093786239624,0.00540924072265625,0.03909420967102051
1780001825864147200,24.277147216796877,-0.14402931928634644,0.04823493957519531,0.06751084327697754
1780001825880478500,24.293478515625,-0.12141561508178711,0.009756088256835938,0.09134817123413086
1780001825896811500,24.3098115234375,-0.11893010139465332,-0.02860546112060547,0.09675359725952148
1780001825913147000,24.32614697265625,-0.12590086460113525,-0.019179344177246094,0.10669469833374023
1780001825929491000,24.342490966796873,-0.0795128345489502,0.02362537384033203,0.11638855934143066
1780001825945820200,24.358820068359375,-0.05988419055938721,0.02794170379638672,0.1004481315612793
1780001825962155000,24.375155029296874,0.03138387203216553,0.2035045623779297,0.03658485412597656
1780001825978486500,24.391486572265624,0.002106308937072754,0.03360557556152344,0.10080265998840332
1780001825994800600,24.407800537109374,-0.06119251251220703,-0.15880775451660156,0.16287875175476074
1780001826011156000,24.424156005859373,0.11948192119598389,0.1123342514038086,-0.0007066726684570312
1780001826027484700,24.440484619140626,0.11388027667999268,0.07684135437011719,-0.02046680450439453
1780001826043816700,24.456816650390625,0.07081878185272217,-0.058159828186035156,-0.04055929183959961
1780001826060135700,24.4731357421875,0.16998183727264404,-0.10648536682128906,-0.12221312522888184
1780001826076480800,24.489480712890625,0.22846388816833496,-0.04873943328857422,-0.23872017860412598
1780001826092802000,24.505802001953125,0.12898290157318115,-0.014551162719726562,-0.31377720832824707
1780001826109146400,24.522146484375,0.007793426513671875,-0.07686042785644531,-0.2524678707122803
1780001826125479000,24.53847900390625,0.033817410469055176,-0.019399642944335938,-0.11721944808959961
1780001826141807000,24.55480712890625,0.05103421211242676,0.04761981964111328,0.008135795593261719
1780001826158132000,24.571132080078126,0.03664815425872803,0.06219768524169922,0.13757896423339844
1780001826174475300,24.587475341796875,0.006412625312805176,0.04309558868408203,0.19508790969848633
1780001826190800600,24.603800537109375,-0.018613815307617188,0.028975486755371094,0.16748404502868652
1780001826207150800,24.62015087890625,0.020667314529418945,0.00522613525390625,0.10087108612060547
1780001826223456500,24.63645654296875,-0.010495185852050781,-0.017930984497070312,0.07180619239807129
1780001826239791400,24.652791259765625,-0.00472414493560791,-0.032093048095703125,0.027405500411987305
1780001826256124700,24.669124755859375,0.0973442792892456,-0.02251911163330078,0.006536245346069336
1780001826272456700,24.685456787109374,0.160386323928833,-0.012888908386230469,-0.05217099189758301
1780001826288787000,24.701786865234375,0.1081852912902832,-0.04624652862548828,-0.13037753105163574
1780001826305124400,24.718124267578126,0.07712662220001221,-0.059932708740234375,-0.22235465049743652
1780001826321442300,24.7344423828125,0.08892190456390381,-0.04541587829589844,-0.31339168548583984
1780001826337786000,24.7507861328125,0.18216335773468018,-0.07874870300292969,-0.3370625972747803
1780001826354119700,24.76711962890625,0.21867942810058594,-0.09254837036132812,-0.30321192741394043
1780001826370450700,24.78345068359375,0.1318678855895996,-0.058342933654785156,-0.19273638725280762
1780001826386784800,24.79978466796875,0.016652226448059082,-0.014710426330566406,-0.09335136413574219
1780001826403112700,24.81611279296875,0.03329956531524658,-0.0053920745849609375,-0.016399621963500977
1780001826419452400,24.832452392578126,0.07405686378479004,0.018738746643066406,0.021612882614135742
1780001826435792400,24.84879248046875,0.08978152275085449,-0.014612197875976562,-0.016713857650756836
1780001826452121600,24.86512158203125,0.04320180416107178,-0.028219223022460938,-0.08350205421447754
1780001826468466400,24.881466552734373,0.016808271408081055,-0.03270721435546875,-0.13168597221374512
1780001826484790300,24.897790283203125,-0.008379101753234863,-0.013025283813476562,-0.10740065574645996
1780001826501110500,24.914110595703125,-0.061570048332214355,0.006974220275878906,-0.05429720878601074
1780001826517454600,24.93045458984375,-0.10596877336502075,0.03652191162109375,0.008965492248535156
1780001826533789200,24.9467890625,-0.11718982458114624,0.06608200073242188,0.06761026382446289
1780001826550125800,24.963125732421876,-0.09557849168777466,0.1001434326171875,0.13758301734924316
1780001826566453500,24.97945361328125,-0.06086850166320801,0.10619163513183594,0.1790025234222412
1780001826582785800,24.995785888671875,-0.06063807010650635,0.11145973205566406,0.2204296588897705
1780001826599111400,25.012111328125,-0.08544021844863892,0.09790802001953125,0.24227595329284668
1780001826615451000,25.028450927734376,-0.144059956073761,0.0896921157836914,0.21564316749572754
1780001826631788800,25.044788818359375,-0.17332512140274048,0.07574272155761719,0.21726131439208984
1780001826648115700,25.06111572265625,-0.17495232820510864,0.06622886657714844,0.22278594970703125
1780001826664445200,25.077445068359374,-0.1725914478302002,0.06109905242919922,0.22260737419128418
1780001826680781600,25.093781494140625,-0.1363024115562439,0.02714252471923828,0.18365979194641113
1780001826697111300,25.110111328125,-0.12234622240066528,0.01736927032470703,0.10683584213256836
1780001826713431000,25.12643115234375,-0.07883667945861816,-0.015475273132324219,0.04006695747375488
1780001826729764000,25.14276416015625,-0.02123403549194336,-0.02535724639892578,0.0318906307220459
1780001826746097400,25.159097412109375,-0.024277806282043457,-0.024744033813476562,0.02354121208190918
1780001826762429200,25.17542919921875,-0.050131797790527344,-0.00010585784912109375,0.048377037048339844
1780001826778762800,25.1917626953125,-0.0514448881149292,0.019583702087402344,0.08708310127258301
1780001826795093500,25.208093505859374,-0.016518592834472656,0.053299903869628906,0.10616326332092285
1780001826811427000,25.224427001953124,-0.0017458200454711914,0.05786609649658203,0.10536694526672363
1780001826827757000,25.240757080078126,0.02705061435699463,0.04783344268798828,0.07583856582641602
1780001826844093000,25.257093017578125,0.013609766960144043,0.023322105407714844,0.030317306518554688
1780001826860423000,25.2734228515625,-0.018759846687316895,0.0228424072265625,0.0047702789306640625
1780001826876757000,25.289757080078125,-0.013319969177246094,0.008920669555664062,-0.0055201053619384766
1780001826893088000,25.306087890625,-0.040891170501708984,-0.0005054473876953125,-0.0006968975067138672
1780001826909446000,25.32244580078125,-0.03922581672668457,0.013521194458007812,0.028241395950317383
1780001826925766400,25.338766357421875,0.00010907649993896484,0.013597488403320312,0.03746652603149414
1780001826942100700,25.355100830078126,0.01640021800994873,0.004008293151855469,0.013023138046264648
1780001826958429700,25.3714296875,0.0031452178955078125,-0.020178794860839844,-0.012055158615112305
1780001826974765300,25.387765380859374,-0.02382636070251465,-0.03920173645019531,-0.05754590034484863
1780001826991095800,25.404095703125,0.001591324806213379,-0.05890464782714844,-0.09801149368286133
1780001827007400200,25.420400146484376,0.028236031532287598,-0.08796024322509766,-0.12787938117980957
1780001827023760100,25.436760009765624,0.027138590812683105,-0.0832366943359375,-0.1484682559967041
1780001827040088600,25.453088623046874,0.0421978235244751,-0.06389999389648438,-0.14975881576538086
1780001827056431600,25.469431640625,0.0720905065536499,-0.0350189208984375,-0.15127992630004883
1780001827072743000,25.485742919921876,0.06732070446014404,-0.030185699462890625,-0.14338397979736328
1780001827089088500,25.502088623046873,0.09140682220458984,-0.04935646057128906,-0.13555502891540527
1780001827105425400,25.51842529296875,0.11942219734191895,-0.04920387268066406,-0.1358654499053955
1780001827121752300,25.53475244140625,0.12285411357879639,-0.02510547637939453,-0.16042280197143555
1780001827138092500,25.551092529296874,0.13565993309020996,-0.03446006774902344,-0.1704256534576416
1780001827154418700,25.567418701171874,0.11988353729248047,-0.03424263000488281,-0.17129230499267578
1780001827170751000,25.5837509765625,0.08889734745025635,-0.019573211669921875,-0.1570289134979248
1780001827187085300,25.600085205078123,0.07810461521148682,-0.00490570068359375,-0.13813543319702148
1780001827203402000,25.616402099609374,0.07175743579864502,-0.033382415771484375,-0.11934018135070801
1780001827219735300,25.6327353515625,0.07947170734405518,-0.0426483154296875,-0.10502839088439941
1780001827236070100,25.649070068359375,0.0677032470703125,-0.04712677001953125,-0.10017108917236328
1780001827252401200,25.665401123046873,0.04641616344451904,-0.047008514404296875,-0.06777358055114746
1780001827268718600,25.681718505859376,0.03462576866149902,-0.004383087158203125,-0.020486116409301758
1780001827285053200,25.69805322265625,0.019051551818847656,0.048270225524902344,0.012492895126342773
1780001827301393700,25.7143935546875,0.0321732759475708,0.014452934265136719,0.019797563552856445
1780001827317727700,25.730727783203125,0.041802167892456055,-0.023553848266601562,-0.007032155990600586
1780001827334046500,25.74704638671875,0.12997698783874512,-0.052468299865722656,-0.0746760368347168
1780001827350396200,25.763396240234375,0.11931449174880981,-0.09107780456542969,-0.15626740455627441
1780001827366729700,25.779729736328125,-0.019110500812530518,-0.0857858657836914,-0.16091418266296387
1780001827383060700,25.796060791015623,-0.10591757297515869,-0.07605934143066406,-0.08292460441589355
1780001827399411700,25.81241162109375,-0.043209612369537354,-0.09034347534179688,-0.012151002883911133
1780001827415737900,25.82873779296875,0.011259913444519043,-0.03677845001220703,-0.022406816482543945
1780001827432068600,25.845068603515625,0.04623281955718994,0.025992393493652344,-0.028421878814697266
1780001827448404200,25.861404296875,0.010377049446105957,-0.009800910949707031,-0.0017850399017333984
1780001827464741600,25.87774169921875,-0.022653579711914062,0.05904102325439453,0.04055905342102051
1780001827481075200,25.8940751953125,-0.015567660331726074,0.11384868621826172,0.07329273223876953
1780001827497398800,25.910398681640626,-0.04193955659866333,0.08645153045654297,0.1099843978881836
1780001827513738000,25.926738037109374,-0.0410161018371582,0.057831764221191406,0.18308329582214355
1780001827530063000,25.94306298828125,-0.08061212301254272,0.009252548217773438,0.15853214263916016
1780001827546401300,25.9594013671875,-0.2149713635444641,0.008839607238769531,0.06123208999633789
1780001827562733000,25.975733154296876,-0.38029593229293823,-0.029615402221679688,0.029464244842529297
1780001827579063300,25.992063232421874,-0.47384560108184814,-0.03434467315673828,0.05245828628540039
1780001827595396600,26.008396728515624,-0.34238606691360474,0.057410240173339844,0.06305766105651855
1780001827611728600,26.024728759765626,-0.11564385890960693,0.10611438751220703,0.020789623260498047
1780001827628057900,26.041057861328124,0.08022278547286987,0.06454086303710938,-0.012569427490234375
1780001827644394500,26.05739453125,0.11016005277633667,0.06226158142089844,-0.027042388916015625
1780001827660713000,26.073712890625,0.1237950325012207,0.1121206283569336,0.030765056610107422
1780001827677038800,26.090038818359375,0.19866502285003662,0.14115142822265625,0.0986337661743164
1780001827693377500,26.10637744140625,0.23944330215454102,0.1598949432373047,0.10809707641601562
1780001827709708800,26.122708740234376,0.13530176877975464,0.1109457015991211,0.11404967308044434
1780001827726042600,26.139042724609375,0.031083226203918457,0.01755237579345703,0.07207584381103516
1780001827742374400,26.15537451171875,-0.03069150447845459,-0.032652854919433594,-0.03679776191711426
1780001827758708000,26.1717080078125,-0.05214953422546387,-0.05452442169189453,-0.11173343658447266
1780001827775038700,26.188038818359374,-0.12691879272460938,-0.07615852355957031,-0.1524207592010498
1780001827791371500,26.20437158203125,-0.13279509544372559,-0.12411975860595703,-0.210493803024292
1780001827807703600,26.22070361328125,-0.0930299162864685,-0.09909915924072266,-0.2421269416809082
1780001827824037600,26.23703759765625,-0.010767638683319092,-0.0936746597290039,-0.13425970077514648
1780001827840368600,26.25336865234375,0.0067484378814697266,-0.005603790283203125,-0.02068305015563965
1780001827856702000,26.269701904296873,-0.02004420757293701,0.04832267761230469,0.044290781021118164
1780001827873033000,26.286032958984375,0.023227691650390625,0.10725879669189453,0.09553241729736328
1780001827889370400,26.302370361328126,0.09782785177230835,0.1177358627319336,0.13129711151123047
1780001827905698800,26.31869873046875,0.10944879055023193,0.08891677856445312,0.13660287857055664
1780001827922044000,26.3350439453125,0.012737929821014404,0.05930137634277344,0.13177108764648438
1780001827938377200,26.351377197265624,-0.08198601007461548,0.08756637573242188,0.09411168098449707
1780001827954710000,26.3677099609375,-0.11163663864135742,0.05781364440917969,0.08972954750061035
1780001827971040500,26.38404052734375,-0.07087284326553345,0.056349754333496094,0.08920621871948242
1780001827987373300,26.400373291015626,-0.041073739528656006,0.02664947509765625,0.049950361251831055
1780001828003689700,26.416689697265625,-0.09266942739486694,-0.016747474670410156,0.009704113006591797
1780001828020040700,26.433040771484375,-0.12575989961624146,-0.06512165069580078,-0.01954936981201172
1780001828036371000,26.449370849609377,-0.11644876003265381,-0.09430313110351562,-0.028879880905151367
1780001828052687400,26.465687255859375,-0.09209853410720825,-0.07550621032714844,-0.032677650451660156
1780001828069023000,26.48202294921875,-0.08014345169067383,-0.051398277282714844,-0.017188310623168945
1780001828085369900,26.498369873046876,-0.09708648920059204,-0.0602264404296875,0.02259349822998047
1780001828101703200,26.514703125,-0.09196490049362183,-0.006435394287109375,0.06244993209838867
1780001828118033200,26.531033203125,-0.033996403217315674,0.06577587127685547,0.08812069892883301
1780001828134351000,26.54735107421875,0.07037240266799927,0.09520912170410156,0.08942484855651855
1780001828150685700,26.563685791015626,0.12248963117599487,0.08606624603271484,0.04227638244628906
1780001828167020800,26.580020751953125,0.14436423778533936,0.06221199035644531,-0.006238460540771484
1780001828183347500,26.596347412109374,0.1314868927001953,0.07220458984375,-0.06447148323059082
1780001828199683600,26.61268359375,0.06916153430938721,0.02908802032470703,-0.06498408317565918
1780001828216014000,26.62901416015625,0.010713696479797363,0.024725914001464844,-0.059203386306762695
1780001828232346400,26.645346435546877,0.029375672340393066,0.029794692993164062,-0.07255864143371582
1780001828248667100,26.661667236328125,0.053289830684661865,0.0011453628540039062,-0.04364752769470215
1780001828265011700,26.67801171875,0.10028702020645142,0.04846763610839844,-0.014054059982299805
1780001828281351200,26.69435107421875,0.1794458031654358,0.03332233428955078,0.03733634948730469
1780001828297674500,26.710674560546874,0.20241779088974,-0.021747589111328125,0.07718873023986816
1780001828314009900,26.727009765625,0.07158076763153076,-0.022873878479003906,0.011087417602539062
1780001828330325500,26.743325439453123,-0.11417269706726074,-0.013297080993652344,-0.13059663772583008
1780001828346662000,26.759661865234374,-0.20500433444976807,-0.07587718963623047,-0.1470794677734375
1780001828363001000,26.7760009765625,-0.17276805639266968,-0.06086540222167969,-0.08844184875488281
1780001828379344600,26.7923447265625,-0.03517359495162964,-0.003406524658203125,-0.005568265914916992
1780001828395688000,26.80868798828125,-0.0249519944190979,0.015240669250488281,0.08985614776611328
1780001828412018400,26.825018310546874,-0.08753937482833862,0.01990222930908203,0.1464390754699707
1780001828428343600,26.841343505859374,-0.15554803609848022,0.02921295166015625,0.1603403091430664
1780001828444687600,26.8576875,-0.15639442205429077,0.014733314514160156,0.13453912734985352
1780001828461015300,26.874015380859376,-0.13775962591171265,-0.024827003479003906,0.12133026123046875
1780001828477343500,26.890343505859374,-0.10258960723876953,-0.016341209411621094,0.07468533515930176
1780001828493683000,26.906682861328125,-0.0616687536239624,0.02579021453857422,-0.0007369518280029297
1780001828510013700,26.923013671875,0.017216205596923828,0.0150299072265625,-0.033124685287475586
1780001828526332000,26.939331787109374,0.03859400749206543,0.004528999328613281,-0.06033205986022949
1780001828542674200,26.955674072265627,0.06285321712493896,0.013391494750976562,-0.1289353370666504
1780001828559007000,26.972007080078125,0.11437124013900757,-0.025757789611816406,-0.1883699893951416
1780001828575342600,26.988342529296876,0.07835209369659424,-0.07861328125,-0.2190859317779541
1780001828591673300,27.00467333984375,0.06982874870300293,-0.0981893539428711,-0.2239549160003662
1780001828608007400,27.02100732421875,0.08088600635528564,-0.0843954086303711,-0.16495680809020996
1780001828624337200,27.037337158203126,0.08809733390808105,-0.03615760803222656,-0.09625887870788574
1780001828640642000,27.05364208984375,0.10526823997497559,0.012082099914550781,-0.08989548683166504
1780001828656986600,27.069986572265623,0.0945361852645874,0.016462326049804688,-0.06502270698547363
1780001828673326800,27.086326904296875,0.07357466220855713,-0.03134346008300781,-0.059499502182006836
1780001828689653000,27.102653076171876,0.04680752754211426,-0.031490325927734375,-0.04465079307556152
1780001828705987800,27.11898779296875,0.0394136905670166,-0.02207183837890625,-0.010753393173217773
1780001828722319600,27.135319580078125,0.008472442626953125,0.01641368865966797,0.04779958724975586
1780001828738656800,27.15165673828125,-0.016120195388793945,0.031212806701660156,0.0822296142578125
1780001828754980900,27.16798095703125,-0.01668071746826172,0.03162670135498047,0.10756921768188477
1780001828771334700,27.184334716796876,-0.013104081153869629,0.02236652374267578,0.10410475730895996
1780001828787647000,27.20064697265625,-0.019185304641723633,0.06567573547363281,0.09626412391662598
1780001828803982800,27.21698291015625,-0.07280343770980835,0.07059860229492188,0.10596466064453125
1780001828820312600,27.2333125,-0.11137574911117554,0.0706949234008789,0.11112809181213379
1780001828836647400,27.2496474609375,-0.1129385232925415,0.037212371826171875,0.1491866111755371
1780001828852979200,27.265979248046875,-0.11467444896697998,0.07071685791015625,0.19344282150268555
1780001828869312500,27.2823125,-0.0931292176246643,0.10820579528808594,0.21737360954284668
1780001828885659000,27.298658935546875,-0.06547343730926514,0.06972217559814453,0.2027742862701416
1780001828901974500,27.314974609375,-0.06968885660171509,0.0462188720703125,0.12589669227600098
1780001828918322400,27.331322509765624,-0.06073540449142456,0.026559829711914062,0.05297994613647461
1780001828934655200,27.3476552734375,-0.015260577201843262,-0.0029516220092773438,-0.010811090469360352
1780001828950987000,27.363987060546876,0.0022929906845092773,-0.007846832275390625,-0.07439565658569336
1780001828967323000,27.380322998046875,-0.012924671173095703,-0.051390647888183594,-0.10880851745605469
1780001828983662600,27.39666259765625,-0.022997021675109863,-0.03725242614746094,-0.1284341812133789
1780001828999985200,27.412985107421875,-0.02326059341430664,-0.05635356903076172,-0.11865353584289551
1780001829016304400,27.429304443359374,-0.014127373695373535,-0.056122779846191406,-0.11303448677062988
1780001829032676000,27.445676025390625,0.05186915397644043,-0.041576385498046875,-0.1593940258026123
1780001829048981500,27.4619814453125,0.09868168830871582,-0.07492923736572266,-0.19211268424987793
1780001829065304300,27.47830419921875,0.10329282283782959,-0.10356426239013672,-0.21076130867004395
1780001829081647400,27.4946474609375,0.040041565895080566,-0.11296463012695312,-0.14370346069335938
1780001829097977000,27.51097705078125,0.03462707996368408,-0.07901668548583984,-0.07955145835876465
1780001829114310400,27.527310302734374,0.015335559844970703,-0.03597736358642578,-0.015806198120117188
1780001829130634000,27.543634033203126,0.007380962371826172,0.007821083068847656,0.04782915115356445
1780001829146974700,27.559974609375,0.030298829078674316,0.06071949005126953,0.12068915367126465
1780001829163293000,27.57629296875,0.06318914890289307,0.12389850616455078,0.17043352127075195
1780001829179627500,27.59262744140625,0.0898054838180542,0.16769695281982422,0.19603776931762695
1780001829195957800,27.608957763671874,0.08080470561981201,0.2012767791748047,0.1912984848022461
1780001829212290000,27.6252900390625,0.05528378486633301,0.11928272247314453,0.18952560424804688
1780001829228644600,27.64164453125,0.0038033723831176758,0.06586265563964844,0.17824435234069824
1780001829244957200,27.657957275390626,-0.06008726358413696,0.07051467895507812,0.08071279525756836
1780001829261299700,27.6742998046875,-0.0430942177772522,-0.02562999725341797,0.006789684295654297
1780001829277617700,27.69061767578125,0.008118748664855957,-0.059515953063964844,-0.05110979080200195
1780001829293955800,27.706955810546877,0.04096102714538574,-0.04486656188964844,-0.09728550910949707
1780001829310287000,27.723287109375,0.06055259704589844,-0.0441741943359375,-0.11452031135559082
1780001829326620400,27.739620361328125,0.11431694030761719,-0.0008707046508789062,-0.12139368057250977
1780001829342951700,27.75595166015625,0.13865351676940918,-0.004923820495605469,-0.10977864265441895
1780001829359285800,27.77228564453125,0.12407755851745605,-0.018738746643066406,-0.1080942153930664
1780001829375634200,27.78863427734375,0.09979009628295898,-0.027853012084960938,-0.10720396041870117
1780001829391964000,27.8049638671875,0.05637061595916748,-0.036441802978515625,-0.11073088645935059
1780001829408293600,27.821293701171875,0.02398979663848877,-0.05992698669433594,-0.11018037796020508
1780001829424633300,27.83763330078125,-0.01258540153503418,-0.05931377410888672,-0.1137080192565918
1780001829440956000,27.853955810546875,-0.005217194557189941,-0.03943347930908203,-0.11237430572509766
1780001829457285000,27.87028515625,0.015587568283081055,-0.02439117431640625,-0.09193682670593262
1780001829473627100,27.886627197265625,0.01687800884246826,-0.023851394653320312,-0.07160830497741699
1780001829489964300,27.90296435546875,0.008233428001403809,-0.023397445678710938,-0.07056522369384766
1780001829506285300,27.919285400390624,0.013414740562438965,-0.03745746612548828,-0.07938170433044434
1780001829522622200,27.935622314453123,-0.01952838897705078,-0.04216289520263672,-0.0743408203125
1780001829538959000,27.951958984375,-0.04432111978530884,-0.03723621368408203,-0.05947470664978027
1780001829555288300,27.968288330078124,-0.058064401149749756,-0.046596527099609375,-0.04528665542602539
1780001829571620000,27.9846201171875,-0.051273882389068604,-0.036583900451660156,-0.029680967330932617
1780001829587956700,28.000956787109374,-0.04363352060317993,0.0071697235107421875,0.009503602981567383
1780001829604264400,28.017264404296874,-0.04057353734970093,0.05047321319580078,0.07299447059631348
1780001829620618200,28.0336181640625,-0.038044750690460205,0.1134786605834961,0.1371474266052246
1780001829636945000,28.04994482421875,-0.012706637382507324,0.12815380096435547,0.1472034454345703
1780001829653270500,28.0662705078125,0.0005720853805541992,0.08021259307861328,0.13773441314697266
1780001829669600500,28.0826005859375,-0.030235469341278076,0.06547737121582031,0.09860563278198242
1780001829685933800,28.098933837890623,-0.06642740964889526,0.06510448455810547,0.07924008369445801
1780001829702265300,28.115265380859373,-0.07359808683395386,0.0311431884765625,0.07406044006347656
1780001829718599000,28.131598876953124,-0.10094141960144043,0.012111663818359375,0.06835460662841797
1780001829734930200,28.14793017578125,-0.09468615055084229,0.011681556701660156,0.049024105072021484
1780001829751280600,28.16428076171875,-0.054515182971954346,-0.012568473815917969,0.016136884689331055
1780001829767590700,28.180590576171873,-0.017746567726135254,-0.027182579040527344,-0.041355133056640625
1780001829783928600,28.196928466796876,0.010144829750061035,-0.036871910095214844,-0.08429646492004395
1780001829800259600,28.213259521484375,0.009504556655883789,-0.0703725814819336,-0.07930231094360352
1780001829816592100,28.229592041015625,-0.014840245246887207,-0.04648780822753906,-0.04599404335021973
1780001829832926000,28.245926025390624,-0.03286540508270264,-0.02735614776611328,-0.008116960525512695
1780001829849258500,28.262258544921874,-0.035484910011291504,-0.0225677490234375,0.0007340908050537109
1780001829865593000,28.278593017578125,-0.023369431495666504,-0.0033283233642578125,-0.02375507354736328
1780001829881920500,28.29492041015625,-0.0067522525787353516,-0.003173828125,-0.04798150062561035
1780001829898266000,28.31126611328125,0.028187990188598633,-0.00308990478515625,-0.05718207359313965
1780001829914582800,28.327582763671874,0.033826589584350586,0.006463050842285156,-0.057518959045410156
1780001829930935800,28.343935791015625,0.028951287269592285,0.006342887878417969,-0.03870534896850586
1780001829947266600,28.3602666015625,-0.01919114589691162,-0.003292083740234375,-0.010689496994018555
1780001829963597000,28.37659716796875,-0.029888629913330078,0.005599021911621094,0.022740840911865234
1780001829979897600,28.392897705078123,-0.059039413928985596,0.006106376647949219,0.036972999572753906
1780001829996267000,28.40926708984375,-0.054234325885772705,0.0011577606201171875,0.046053171157836914
1780001830012595000,28.425594970703123,-0.02980518341064453,0.01004791259765625,0.0456390380859375
1780001830028927200,28.44192724609375,0.018634915351867676,0.019481658935546875,0.02169942855834961
1780001830045245200,28.4582451171875,0.024450302124023438,0.004963874816894531,0.001734018325805664
1780001830061576000,28.474575927734374,0.030160903930664062,0.00007915496826171875,-0.008440732955932617
1780001830077903600,28.490903564453124,0.031045079231262207,0.010243415832519531,-0.01832270622253418
1780001830094257400,28.50725732421875,0.0030597448348999023,0.015007972717285156,-0.0048673152923583984
1780001830110596000,28.52359619140625,0.022873997688293457,-0.014272689819335938,0.009958982467651367
1780001830126917400,28.53991748046875,0.02879321575164795,-0.023319244384765625,-0.00977778434753418
1780001830143225600,28.5562255859375,0.054401278495788574,-0.00013256072998046875,-0.03469038009643555
1780001830159572000,28.572572021484376,0.06201827526092529,0.019451141357421875,-0.05982637405395508
1780001830175907000,28.588906982421875,0.08357131481170654,-0.024407386779785156,-0.05640125274658203
1780001830192238300,28.60523828125,0.09991860389709473,-0.0005741119384765625,-0.06690478324890137
1780001830208572200,28.621572265625,0.10569882392883301,0.019127845764160156,-0.09606242179870605
1780001830224903200,28.637903076171874,0.06740295886993408,0.0095367431640625,-0.08175921440124512
1780001830241264000,28.65426416015625,0.05272102355957031,0.028177261352539062,-0.07179641723632812
1780001830257586700,28.670586669921875,0.08979737758636475,-0.0006246566772460938,-0.06687569618225098
1780001830273901800,28.68690185546875,0.08832335472106934,-0.0055370330810546875,-0.052410125732421875
1780001830290220000,28.703219970703124,0.03974926471710205,-0.019880294799804688,-0.03359103202819824
1780001830306567000,28.71956689453125,-0.01732790470123291,-0.02390575408935547,-0.028438329696655273
1780001830322898000,28.73589794921875,-0.00213015079498291,0.019435882568359375,-0.04226326942443848
1780001830339228000,28.752227783203125,-0.0005362033843994141,0.010284423828125,-0.05110645294189453
1780001830355566300,28.76856640625,-0.008530974388122559,-0.03217601776123047,-0.04022645950317383
1780001830371913700,28.784913818359374,-0.020927488803863525,-0.050383567810058594,-0.03807353973388672
1780001830388241700,28.80124169921875,-0.004890322685241699,-0.030452728271484375,-0.05540609359741211
1780001830404575000,28.817574951171874,-0.026789844036102295,-0.020241737365722656,-0.02544426918029785
1780001830420876500,28.83387646484375,-0.04840916395187378,0.013680458068847656,-0.0010006427764892578
1780001830437240600,28.850240478515627,-0.056821227073669434,0.023552894592285156,0.03282761573791504
1780001830453554200,28.86655419921875,-0.1226738691329956,0.0237884521484375,0.07563424110412598
1780001830469895200,28.882895263671877,-0.12615805864334106,0.03827381134033203,0.0899505615234375
1780001830486220000,28.899219970703125,-0.10048186779022217,0.07177925109863281,0.06547760963439941
1780001830502552000,28.915552001953124,-0.05193507671356201,0.04299449920654297,0.05127835273742676
1780001830518888200,28.93188818359375,-0.0333290696144104,0.023929595947265625,0.02297353744506836
1780001830535208400,28.94820849609375,-0.0010868310928344727,0.024021148681640625,0.004511594772338867
1780001830551552300,28.96455224609375,-0.007001817226409912,0.024100303649902344,0.005114555358886719
1780001830567885600,28.980885498046874,-0.04602128267288208,0.014050483703613281,0.043994903564453125
1780001830584216800,28.997216796875,-0.03164106607437134,-0.014529228210449219,0.09224653244018555
1780001830600550400,29.01355029296875,-0.03642827272415161,-0.04824638366699219,0.13925743103027344
1780001830616879000,29.029879150390624,-0.05003100633621216,0.027873992919921875,0.15680742263793945
1780001830633212200,29.046212158203126,-0.015584409236907959,0.03217792510986328,0.07370662689208984
1780001830649546500,29.06254638671875,-0.02840191125869751,0.06104564666748047,-0.03780770301818848
1780001830665879800,29.0788798828125,-0.008472144603729248,-0.011020660400390625,-0.053258657455444336
1780001830682212000,29.095212158203125,-0.0019875168800354004,-0.0012149810791015625,-0.11033987998962402
1780001830698545200,29.111545166015624,0.011973202228546143,-0.020354270935058594,-0.04818153381347656
1780001830714876200,29.127876220703126,-0.03778892755508423,0.04127025604248047,0.04319310188293457
1780001830731227000,29.144226806640624,-0.0638892650604248,0.055511474609375,0.0674753189086914
1780001830747539500,29.16053955078125,-0.02228492498397827,0.016864776611328125,0.06208515167236328
1780001830763871700,29.176871826171876,-0.036270320415496826,-0.0073528289794921875,0.04674243927001953
1780001830780205800,29.193205810546875,-0.05419468879699707,-0.007332801818847656,0.06016850471496582
1780001830796539000,29.209538818359373,-0.034738004207611084,0.02633953094482422,0.03246569633483887
1780001830812865500,29.225865478515626,0.01739680767059326,0.026210784912109375,0.017888545989990234
1780001830829205000,29.242205078125,0.002053380012512207,0.036261558532714844,0.017859458923339844
1780001830845535500,29.258535400390624,-0.04750245809555054,-0.026082992553710938,0.08501172065734863
1780001830861884700,29.274884765625,-0.06798601150512695,-0.07006549835205078,0.1698617935180664
1780001830878214700,29.291214599609376,-0.05611902475357056,-0.013143539428710938,0.18715715408325195
1780001830894548000,29.3075478515625,-0.05608105659484863,0.029043197631835938,0.13051533699035645
1780001830910875600,29.323875732421875,-0.02079927921295166,0.06083106994628906,0.04826474189758301
1780001830927216400,29.34021630859375,-0.026407301425933838,0.07364177703857422,-0.04359793663024902
1780001830943571000,29.356571044921875,0.013288140296936035,0.09576606750488281,-0.14817261695861816
1780001830959878100,29.372878173828123,-0.0468449592590332,0.013132095336914062,-0.17542314529418945
1780001830976233000,29.38923291015625,-0.09083950519561768,-0.0831613540649414,-0.12958574295043945
1780001830992532500,29.405532470703125,-0.06279563903808594,-0.08817672729492188,-0.07700252532958984
1780001831008880600,29.421880615234375,0.027454614639282227,-0.06988811492919922,-0.043641090393066406
1780001831025200600,29.43820068359375,0.103782057762146,-0.04609394073486328,-0.05311989784240723
1780001831041522200,29.454522216796875,0.13829898834228516,0.0207366943359375,-0.11536669731140137
1780001831057870600,29.47087060546875,0.09970366954803467,0.06413936614990234,-0.15015268325805664
1780001831074204400,29.487204345703127,0.08393776416778564,0.030542373657226562,-0.12605953216552734
1780001831090532900,29.503532958984376,0.08073174953460693,0.029999732971191406,-0.10571646690368652
1780001831106875400,29.51987548828125,0.07098817825317383,0.015540122985839844,-0.08527112007141113
1780001831123182600,29.5361826171875,0.08464109897613525,-0.04224967956542969,-0.06541037559509277
1780001831139508700,29.5525087890625,0.0857245922088623,-0.08079147338867188,-0.06017184257507324
1780001831155853600,29.568853515625,0.08423900604248047,-0.052153587341308594,-0.07425832748413086
1780001831172182500,29.5851826171875,0.06015169620513916,-0.008777618408203125,-0.07808685302734375
1780001831188520400,29.6015205078125,0.0112687349319458,0.015697479248046875,-0.04761767387390137
1780001831204849700,29.617849609375,-0.02383577823638916,0.011281967163085938,-0.008300304412841797
1780001831221200400,29.634200439453124,-0.04978233575820923,0.04506397247314453,0.017128467559814453
1780001831237523700,29.650523681640625,-0.056132376194000244,0.07471370697021484,-0.0004937648773193359
1780001831253845500,29.666845458984376,-0.019702792167663574,0.02634143829345703,0.0003731250762939453
1780001831270183000,29.683182861328124,-0.0037091970443725586,-0.015933990478515625,-0.017138004302978516
1780001831286513000,29.699512939453125,-0.030265092849731445,-0.010558128356933594,-0.05738091468811035
1780001831302843600,29.71584375,-0.023335933685302734,-0.03851890563964844,-0.035108327865600586
1780001831319177700,29.732177734375,-0.02534496784210205,-0.027692794799804688,-0.016541481018066406
1780001831335510300,29.74851025390625,-0.049419105052948,-0.036690711975097656,0.054003000259399414
1780001831351858400,29.7648583984375,-0.08269995450973511,0.012451171875,0.1437070369720459
1780001831368187600,29.781187744140624,-0.07738971710205078,0.06145191192626953,0.16589856147766113
1780001831384520000,29.79752001953125,-0.038811445236206055,0.07112979888916016,0.14935898780822754
1780001831400836000,29.813836181640625,-0.04775184392929077,0.09136390686035156,0.10715913772583008
1780001831417184000,29.83018408203125,-0.11646127700805664,0.07712841033935547,0.15595674514770508
1780001831433519400,29.846519287109373,-0.08245325088500977,0.12993431091308594,0.1672663688659668
1780001831449852000,29.862851806640624,-0.08198773860931396,0.12523269653320312,0.16420340538024902
1780001831466182100,29.87918212890625,-0.11465537548065186,0.03890228271484375,0.1699817180633545
1780001831482516200,29.89551611328125,-0.10930627584457397,0.029359817504882812,0.16673588752746582
1780001831498845400,29.911845458984374,-0.12119495868682861,-0.008716583251953125,0.14841961860656738
1780001831515180800,29.928180908203124,-0.12175154685974121,-0.09510993957519531,0.1765739917755127
1780001831531512000,29.944511962890626,-0.12117528915405273,-0.04763221740722656,0.09887170791625977
1780001831547846100,29.96084619140625,-0.03421640396118164,0.004384040832519531,0.03509259223937988
1780001831564176100,29.977176025390627,0.06339883804321289,0.0036487579345703125,0.004717111587524414
1780001831580510500,29.993510498046874,0.11761677265167236,0.02207469940185547,-0.050611019134521484
1780001831596841500,30.009841552734375,0.10831785202026367,0.0408782958984375,-0.1107335090637207
1780001831613158100,30.026158203125,0.08253908157348633,0.011156082153320312,-0.17572402954101562
1780001831629480700,30.042480712890626,0.0615004301071167,-0.06135272979736328,-0.19138097763061523
1780001831645826600,30.05882666015625,0.07017242908477783,-0.09514045715332031,-0.19193816184997559
1780001831662157800,30.07515771484375,0.055159687995910645,-0.08078193664550781,-0.1679823398590088
1780001831678491400,30.091491455078124,0.05995500087738037,-0.03751087188720703,-0.13388872146606445
1780001831694822000,30.10782177734375,0.08352696895599365,-0.009127616882324219,-0.09906959533691406
1780001831711181600,30.124181640625,0.07860100269317627,-0.008894920349121094,-0.0650320053100586
1780001831727501300,30.140501220703126,0.04635918140411377,-0.02304363250732422,-0.0460963249206543
1780001831743818200,30.156818359375,0.037566542625427246,-0.027605056762695312,-0.0409085750579834
1780001831760150800,30.17315087890625,0.028682947158813477,-0.017762184143066406,-0.04511713981628418
1780001831776486000,30.18948583984375,-0.017060279846191406,-0.022077560424804688,-0.011532783508300781
1780001831792811800,30.205811767578126,-0.0575559139251709,0.011912345886230469,0.055843353271484375
1780001831809141000,30.22214111328125,-0.0503004789352417,0.06027793884277344,0.10955524444580078
1780001831825482000,30.23848193359375,-0.020130038261413574,0.11318588256835938,0.12400960922241211
1780001831841819100,30.254819091796875,-0.020517587661743164,0.08910274505615234,0.11888527870178223
1780001831858160400,30.271160400390624,-0.0025997161865234375,0.050693511962890625,0.0952155590057373
1780001831874478000,30.28747802734375,0.004396557807922363,0.026933670043945312,0.043955087661743164
1780001831890823200,30.3038232421875,0.01675128936767578,-0.0065155029296875,-0.022000789642333984
1780001831907160000,30.32016015625,-0.05093276500701904,-0.04411792755126953,-0.0314791202545166
1780001831923491000,30.336490966796877,-0.045432448387145996,-0.0054111480712890625,-0.025677204132080078
1780001831939789300,30.352789306640624,0.03219163417816162,0.04238605499267578,-0.00009846687316894531
1780001831956151300,30.3691513671875,0.11859679222106934,0.05699920654296875,0.01532745361328125
1780001831972468000,30.385468017578123,0.1520063877105713,0.023590087890625,-0.017066240310668945
1780001831988824600,30.401824462890627,0.15053975582122803,-0.014522552490234375,-0.09300804138183594
1780001832005153000,30.418153076171876,0.13389623165130615,-0.056598663330078125,-0.18653130531311035
1780001832021469200,30.43446923828125,0.05652129650115967,-0.05125617980957031,-0.23761653900146484
1780001832037819000,30.45081884765625,0.03806507587432861,-0.02673053741455078,-0.15012526512145996
1780001832054146600,30.467146484375,0.05323052406311035,-0.007720947265625,-0.010634183883666992
1780001832070484200,30.483484130859374,0.0059092044830322266,0.016582489013671875,0.0238037109375
1780001832086813700,30.499813720703123,-0.013741612434387207,0.007224082946777344,-0.004094600677490234
1780001832103131400,30.51613134765625,0.010651588439941406,-0.011153221130371094,-0.0657498836517334
1780001832119466500,30.532466552734373,0.02016580104827881,-0.015756607055664062,-0.07475900650024414
1780001832135805400,30.548805419921877,-0.0231020450592041,-0.0011472702026367188,-0.0266726016998291
1780001832152131300,30.56513134765625,-0.04719507694244385,0.017755508422851562,-0.0016067028045654297
1780001832168464600,30.581464599609376,-0.042575716972351074,0.03258228302001953,-0.0001323223114013672
1780001832184796000,30.5977958984375,-0.047276973724365234,0.009256362915039062,0.01600480079650879
1780001832201130200,30.614130126953125,-0.06262838840484619,0.01043701171875,0.0370488166809082
1780001832217469000,30.630468994140625,-0.08290058374404907,0.015042304992675781,0.0674135684967041
1780001832233794600,30.646794677734373,-0.09474372863769531,0.034203529357910156,0.11590433120727539
1780001832250125800,30.663125732421875,-0.1110427975654602,0.03859710693359375,0.17282986640930176
1780001832266459000,30.679458984375,-0.13120269775390625,0.04294013977050781,0.19577527046203613
1780001832282791000,30.695791015625,-0.10244232416152954,0.013594627380371094,0.1699221134185791
1780001832299124200,30.712124267578126,-0.04448580741882324,-0.006255149841308594,0.06253552436828613
1780001832315455500,30.72845556640625,-0.006192326545715332,-0.021482467651367188,-0.03978371620178223
1780001832331788800,30.744788818359375,0.008229374885559082,-0.045703887939453125,-0.10449504852294922
1780001832348143400,30.761143310546874,0.03262019157409668,-0.01759624481201172,-0.1256248950958252
1780001832364462600,30.777462646484373,0.04818570613861084,-0.013068199157714844,-0.112457275390625
1780001832380799000,30.793799072265625,0.05813300609588623,-0.018614768981933594,-0.08457136154174805
1780001832397132500,30.810132568359375,0.09121644496917725,-0.018914222717285156,-0.08951687812805176
1780001832413454600,30.82645458984375,0.08030819892883301,-0.02418804168701172,-0.0809483528137207
1780001832429796900,30.842796875,0.04548001289367676,-0.015189170837402344,-0.0780186653137207
1780001832446129200,30.859129150390626,0.03473258018493652,-0.006230354309082031,-0.06987261772155762
1780001832462461000,30.8754609375,-0.023095130920410156,-0.016320228576660156,-0.024030208587646484
1780001832478794500,30.89179443359375,-0.04229450225830078,0.007271766662597656,0.017843246459960938
1780001832495127600,30.90812744140625,-0.031710267066955566,0.006999969482421875,0.041199684143066406
1780001832511458600,30.92445849609375,-0.011310815811157227,0.016214370727539062,0.03969907760620117
1780001832527789000,30.9407890625,0.013510942459106445,0.0015802383422851562,0.028984546661376953
1780001832544123400,30.957123291015623,0.019080400466918945,0.001537322998046875,0.004659414291381836
1780001832560456700,30.973456787109374,-0.0038633346557617188,0.01619243621826172,0.0052144527435302734
1780001832576788500,30.98978857421875,-0.0074607133865356445,0.03108978271484375,0.04928445816040039
1780001832593094000,31.006093994140624,-0.02489936351776123,0.041045188903808594,0.09770560264587402
1780001832609439000,31.02243896484375,-0.0049746036529541016,0.09305953979492188,0.10213637351989746
1780001832625772500,31.0387724609375,0.028592944145202637,0.07828426361083984,0.08709549903869629
1780001832642099200,31.05509912109375,0.047273993492126465,0.03524589538574219,0.0275421142578125
1780001832658436600,31.0714365234375,0.05137991905212402,0.03468513488769531,-0.03531050682067871
1780001832674769200,31.08776904296875,0.045270562171936035,-0.01784801483154297,-0.08456683158874512
1780001832691119400,31.104119384765625,0.0434035062789917,-0.037262916564941406,-0.08474302291870117
1780001832707432000,31.120431884765626,-0.00965416431427002,-0.03247642517089844,-0.06066274642944336
1780001832723760400,31.136760498046876,-0.013724088668823242,-0.013776779174804688,-0.036516427993774414
1780001832740099300,31.153099365234375,-0.0038313865661621094,-0.013617515563964844,-0.012428045272827148
1780001832756432400,31.169432373046874,0.021196961402893066,-0.018204689025878906,-0.0359346866607666
1780001832772763600,31.185763671875,0.05510592460632324,-0.013166427612304688,-0.06882381439208984
1780001832789097200,31.20209716796875,0.07975137233734131,-0.02734088897705078,-0.11638736724853516
1780001832805430000,31.218429931640625,0.051598548889160156,-0.045823097229003906,-0.09245967864990234
1780001832821762300,31.23476220703125,-0.009912490844726562,-0.016852378845214844,-0.07339024543762207
1780001832838106000,31.251106201171876,-0.04705250263214111,-0.011681556701660156,-0.03434586524963379
1780001832854443500,31.267443603515623,-0.06489747762680054,0.0023164749145507812,0.027930498123168945
1780001832870774500,31.2837744140625,-0.0675705075263977,0.03118610382080078,0.07532668113708496
1780001832887102200,31.300102294921874,-0.05077624320983887,0.0168304443359375,0.08884978294372559
1780001832903416600,31.31641650390625,-0.030251145362854004,0.007235527038574219,0.0643765926361084
1780001832919774700,31.332774658203125,-0.028625965118408203,0.0025005340576171875,0.0019655227661132812
1780001832936098800,31.349098876953125,0.002177715301513672,0.012094497680664062,-0.04572868347167969
1780001832952438300,31.365438232421877,0.014272212982177734,0.012392997741699219,-0.04090762138366699
1780001832968793600,31.381793701171876,0.012448310852050781,0.0033416748046875,-0.026003599166870117
1780001832985099300,31.398099365234376,0.05319547653198242,0.028026580810546875,-0.019982576370239258
1780001833001410600,31.41441064453125,0.07628655433654785,0.0003490447998046875,0.005717277526855469
1780001833017769500,31.43076953125,0.09688639640808105,0.016160964965820312,0.008574247360229492
1780001833034096400,31.447096435546875,0.09587764739990234,0.022434234619140625,0.02454209327697754
1780001833050448400,31.463448486328126,-0.05130034685134888,0.010076522827148438,0.024000167846679688
1780001833066768400,31.479768310546874,-0.2547234296798706,-0.012949943542480469,0.03575778007507324
1780001833083078000,31.496077880859374,-0.23715341091156006,-0.017235755920410156,0.058400869369506836
1780001833099411500,31.512411376953125,-0.19544696807861328,-0.016115188598632812,0.09263014793395996
1780001833115747600,31.52874755859375,-0.14879608154296875,-0.048768043518066406,0.13120698928833008
1780001833132075800,31.54507568359375,-0.08394134044647217,0.041914939880371094,0.16861915588378906
1780001833148411000,31.561410888671876,0.005355358123779297,0.05110931396484375,0.19562625885009766
1780001833164742000,31.577741943359374,0.06841766834259033,0.1934185028076172,0.06315755844116211
1780001833181074200,31.59407421875,0.14250344038009644,0.09086894989013672,-0.0038084983825683594
1780001833197419500,31.61041943359375,0.19674944877624512,0.07023811340332031,-0.09321165084838867
1780001833213758700,31.6267587890625,0.06363117694854736,0.08925056457519531,-0.1374497413635254
1780001833230064400,31.643064453125,-0.024968087673187256,0.040760040283203125,-0.1334679126739502
1780001833246408700,31.65940869140625,-0.03161203861236572,-0.0030231475830078125,-0.08887696266174316
1780001833262736600,31.675736572265624,0.021004915237426758,-0.008365631103515625,-0.04241156578063965
1780001833279070700,31.69207080078125,0.05643737316131592,-0.042830467224121094,-0.005534172058105469
1780001833295401700,31.708401611328124,0.026521682739257812,-0.047743797302246094,0.015204668045043945
1780001833311735800,31.72473583984375,-0.06093686819076538,-0.09521770477294922,0.018789052963256836
1780001833328084000,31.741083984375,-0.09536296129226685,-0.10016441345214844,-0.02904343605041504
1780001833344413700,31.75741357421875,-0.0712515115737915,-0.07145023345947266,-0.11504483222961426
1780001833360743000,31.773742919921876,-0.031694114208221436,-0.08564281463623047,-0.12933778762817383
1780001833377086700,31.790086669921877,0.008239388465881348,-0.07562732696533203,-0.1138002872467041
1780001833393411000,31.8064111328125,0.023269057273864746,-0.01309967041015625,-0.07977843284606934
1780001833409744100,31.822744140625,-0.030473768711090088,0.029123306274414062,0.0009989738464355469
1780001833426073000,31.839072998046873,-0.05924016237258911,0.00969696044921875,0.08151721954345703
1780001833442408400,31.855408447265624,-0.01484227180480957,0.052776336669921875,0.09526491165161133
1780001833458723300,31.871723388671874,0.039377689361572266,0.07139396667480469,0.08420491218566895
1780001833475069700,31.888069580078124,0.018314838409423828,0.06624221801757812,0.0741732120513916
1780001833491406600,31.904406494140623,-0.011541604995727539,0.04214763641357422,0.030582189559936523
1780001833507738600,31.920738525390625,-0.05106562376022339,0.023316383361816406,0.001420736312866211
1780001833524069400,31.9370693359375,-0.04871135950088501,0.01721954345703125,0.024031400680541992
1780001833540402700,31.953402587890626,0.015122771263122559,-0.01227569580078125,0.028137922286987305
1780001833556715500,31.969715576171875,0.07549738883972168,-0.00305938720703125,-0.03930306434631348
1780001833573051100,31.986051025390626,0.10532450675964355,-0.04072093963623047,-0.10162162780761719
1780001833589385700,32.0023857421875,0.05430138111114502,-0.07857227325439453,-0.11980748176574707
1780001833605719600,32.01871948242187,-0.006968379020690918,-0.039585113525390625,-0.11383962631225586
1780001833622049300,32.03504931640625,0.007333278656005859,0.008839607238769531,-0.1027519702911377
1780001833638384400,32.05138427734375,0.021811366081237793,0.013927459716796875,-0.0677943229675293
1780001833654703900,32.067703857421876,0.04450976848602295,0.01833343505859375,0.014427661895751953
1780001833671047400,32.08404736328125,0.04713106155395508,0.08067512512207031,0.005765676498413086
1780001833687377400,32.10037744140625,0.06411826610565186,0.07068729400634766,-0.003536224365234375
1780001833703727400,32.11672729492187,0.017084240913391113,-0.030553817749023438,0.04283428192138672
1780001833720032500,32.13303247070313,-0.09533524513244629,-0.030858993530273438,0.060657501220703125
1780001833736378600,32.14937866210938,-0.10538077354431152,0.002475738525390625,0.06032443046569824
1780001833752710700,32.16571069335937,-0.07134109735488892,0.0164794921875,0.05011773109436035
1780001833769044200,32.18204418945312,-0.07048112154006958,-0.017418861389160156,0.039066314697265625
1780001833785374700,32.198374755859376,-0.08385080099105835,-0.01763629913330078,0.042276859283447266
1780001833801708800,32.21470874023437,-0.03963887691497803,-0.008172988891601562,0.027811765670776367
1780001833818030000,32.231030029296875,0.028392314910888672,-0.027380943298339844,0.013512372970581055
1780001833834391000,32.24739111328125,0.0482715368270874,-0.022550582885742188,-0.005746126174926758
1780001833850714000,32.26371411132813,0.039904117584228516,-0.0032482147216796875,-0.0008885860443115234
1780001833867055000,32.28005517578125,0.08881652355194092,0.020829200744628906,0.013960599899291992
1780001833883367400,32.296367431640626,0.10983002185821533,0.04482460021972656,0.023107528686523438
1780001833899717000,32.312717041015624,0.1075817346572876,0.04473876953125,-0.01129460334777832
1780001833916051500,32.32905151367188,0.10392928123474121,0.011112213134765625,-0.05033373832702637
1780001833932384300,32.34538427734375,0.11449599266052246,0.015712738037109375,-0.12280058860778809
1780001833948708000,32.3617080078125,0.13454830646514893,0.015501022338867188,-0.1618208885192871
1780001833965046500,32.37804663085937,0.11993253231048584,0.006367683410644531,-0.13848400115966797
1780001833981358000,32.394358154296874,0.03329277038574219,-0.0031528472900390625,-0.0765523910522461
1780001833997709800,32.41070971679687,-0.03086411952972412,-0.01800251007080078,0.009758234024047852
1780001834014039300,32.42703930664062,-0.09398448467254639,0.015645980834960938,0.07211184501647949
1780001834030381000,32.44338110351563,-0.14645826816558838,0.03002643585205078,0.13414359092712402
1780001834046707500,32.45970751953125,-0.14572060108184814,-0.013210296630859375,0.15732884407043457
1780001834063024000,32.47602416992188,-0.08302831649780273,-0.06155109405517578,0.09849953651428223
1780001834079359200,32.49235913085938,-0.09148108959197998,-0.02826213836669922,0.03529000282287598
1780001834095690200,32.508690185546875,-0.11089056730270386,0.025310516357421875,0.006268024444580078
1780001834112025900,32.52502587890625,-0.11660522222518921,0.025634765625,0.06319165229797363
1780001834128355800,32.54135595703125,-0.12340611219406128,0.06847763061523438,0.12540435791015625
1780001834144689400,32.557689453125,-0.09813249111175537,0.07830810546875,0.15006661415100098
1780001834161015800,32.574015869140624,-0.06750434637069702,0.04014778137207031,0.14043760299682617
1780001834177361400,32.590361328125,-0.023895680904388428,0.03044414520263672,0.1302952766418457
1780001834193706000,32.6067060546875,0.009985566139221191,0.05416679382324219,0.10622358322143555
1780001834210027300,32.62302734375,-0.0034285783767700195,0.04943370819091797,0.10607767105102539
1780001834226353700,32.639353759765626,-0.02114659547805786,0.04935169219970703,0.08562850952148438
1780001834242683100,32.65568310546875,0.0033338069915771484,0.005837440490722656,0.09848904609680176
1780001834259015700,32.672015625,0.0036153793334960938,-0.008665084838867188,0.059679269790649414
1780001834275348500,32.688348388671876,0.044123291969299316,-0.022603988647460938,-0.01558065414428711
1780001834291682000,32.70468212890625,0.06275546550750732,-0.06430816650390625,-0.12974810600280762
1780001834308013000,32.721012939453125,0.08651673793792725,-0.09197521209716797,-0.21886014938354492
1780001834324362500,32.73736254882812,0.09716916084289551,-0.1096343994140625,-0.19718694686889648
1780001834340692000,32.75369189453125,0.10939610004425049,-0.03106403350830078,-0.22172069549560547
1780001834357021000,32.77002099609375,0.10631972551345825,0.037262916564941406,-0.21503257751464844
1780001834373361000,32.78636083984375,0.14853334426879883,-0.0049495697021484375,-0.1899735927581787
1780001834389690400,32.8026904296875,0.11763733625411987,-0.027693748474121094,-0.1585404872894287
1780001834406021400,32.819021484375,0.061905086040496826,-0.0026073455810546875,-0.15142273902893066
1780001834422355700,32.835355712890625,0.0011440515518188477,0.017374038696289062,-0.07280087471008301
1780001834438686000,32.85168603515625,-0.0408099889755249,0.022275924682617188,0.06679821014404297
1780001834455024400,32.8680244140625,-0.08549505472183228,0.004385948181152344,0.10305929183959961
1780001834471351000,32.88435107421875,-0.10707622766494751,-0.008127212524414062,0.09589767456054688
1780001834487683000,32.90068310546875,-0.10937380790710449,-0.016541481018066406,0.08442449569702148
1780001834504015400,32.917015380859375,-0.08210402727127075,-0.005649566650390625,0.044286489486694336
1780001834520375800,32.93337573242187,0.054071664810180664,-0.05245399475097656,0.07203245162963867
1780001834536680700,32.9496806640625,0.0493893027305603,0.040378570556640625,0.031723976135253906
1780001834552997400,32.965997314453126,0.08778148889541626,0.09044742584228516,-0.09999275207519531
1780001834569331700,32.98233178710937,0.12080240249633789,0.02935314178466797,-0.22875595092773438
1780001834585665800,32.998665771484376,-0.010043919086456299,-0.09058856964111328,-0.2491464614868164
1780001834601997300,33.014997314453126,-0.11031490564346313,-0.14350128173828125,-0.09621620178222656
1780001834618330600,33.03133056640625,-0.16255336999893188,-0.018041610717773438,-0.04554390907287598
1780001834634662100,33.047662109375,-0.07506835460662842,0.005736351013183594,0.022637367248535156
1780001834651019000,33.06401904296875,-0.011874973773956299,-0.03743743896484375,0.05134153366088867
1780001834667344600,33.0803447265625,0.02767491340637207,-0.0228424072265625,0.022957563400268555
1780001834683653000,33.096653076171876,0.04243910312652588,0.021137237548828125,-0.008764982223510742
1780001834700002600,33.11300244140625,0.017989635467529297,0.032230377197265625,-0.021835803985595703
1780001834716322000,33.12932202148438,0.07165330648422241,0.03775501251220703,0.007983922958374023
1780001834732656600,33.14565673828125,0.01257103681564331,0.06159019470214844,0.06005740165710449
1780001834748987400,33.1619873046875,-0.11561578512191772,0.08487510681152344,0.12085151672363281
1780001834765323800,33.17832373046875,-0.15622937679290771,0.055037498474121094,0.17557334899902344
1780001834781633300,33.19463330078125,-0.10410195589065552,0.025008201599121094,0.13346481323242188
1780001834797976800,33.21097680664062,-0.006759583950042725,0.0047607421875,0.020351886749267578
1780001834814333400,33.22733349609375,0.1061210036277771,0.0039653778076171875,-0.13524651527404785
1780001834830666200,33.243666259765625,0.19064760208129883,-0.010809898376464844,-0.2609212398529053
1780001834846991600,33.25999169921875,0.24439209699630737,-0.0531463623046875,-0.3372349739074707
1780001834863336700,33.276336669921875,0.2322431206703186,-0.07662582397460938,-0.2922229766845703
1780001834879646700,33.29264672851563,0.12620139122009277,-0.04819488525390625,-0.17553997039794922
1780001834895993900,33.308993896484374,0.004208803176879883,-0.00038623809814453125,-0.02595996856689453
1780001834912325600,33.32532568359375,-0.07551836967468262,0.0039234161376953125,0.10325312614440918
1780001834928663000,33.3416630859375,-0.15238618850708008,-0.006255149841308594,0.19868230819702148
1780001834944993500,33.35799365234375,-0.1930992603302002,0.031670570373535156,0.21191883087158203
1780001834961323500,33.37432348632812,-0.14205855131149292,0.0598297119140625,0.17357110977172852
1780001834977648600,33.39064868164063,-0.08349376916885376,0.026807785034179688,0.15885257720947266
1780001834993993500,33.40699340820313,-0.06279456615447998,0.056250572204589844,0.15955567359924316
1780001835010319000,33.42331909179688,-0.04379570484161377,0.0998992919921875,0.20279788970947266
1780001835026656800,33.43965673828125,0.03485590219497681,0.13284587860107422,0.2458040714263916
1780001835042970600,33.455970703125,0.07795244455337524,0.1465311050415039,0.2204446792602539
1780001835059305200,33.47230517578125,0.06728512048721313,0.08845233917236328,0.11626958847045898
1780001835075640000,33.48864013671875,0.04518395662307739,0.025359153747558594,-0.011363506317138672
1780001835091968000,33.50496801757812,0.03661990165710449,-0.03323078155517578,-0.12882089614868164
1780001835108303600,33.5213037109375,0.009667277336120605,-0.056903839111328125,-0.1957554817199707
1780001835124635000,33.537634765625,-0.005665779113769531,-0.07076644897460938,-0.199357271194458
1780001835140986000,33.55398608398438,0.023790717124938965,-0.0457000732421875,-0.1335301399230957
1780001835157309400,33.57030932617187,0.073178231716156,-0.030641555786132812,-0.07701730728149414
1780001835173645800,33.58664575195313,0.09310257434844971,-0.0057506561279296875,-0.03146076202392578
1780001835189978000,33.60297802734375,0.0922774076461792,-0.00035190582275390625,0.003953456878662109
1780001835206299400,33.61929931640625,0.019383132457733154,0.02869892120361328,0.014459848403930664
1780001835222629400,33.63562939453125,-0.045781075954437256,0.023912429809570312,0.06320643424987793
1780001835238963200,33.65196313476562,-0.12527543306350708,0.03827381134033203,0.10161709785461426
1780001835255294700,33.66829467773437,-0.1584898829460144,0.038352012634277344,0.1013479232788086
1780001835271628300,33.68462817382812,-0.1422712206840515,0.014714241027832031,0.07354259490966797
1780001835287959000,33.700958984375,-0.10152548551559448,0.010347366333007812,0.03577780723571777
1780001835304310300,33.717310302734376,-0.0659828782081604,-0.003559112548828125,0.0556643009185791
1780001835320638000,33.733637939453125,-0.04059398174285889,0.016115188598632812,0.062210798263549805
1780001835336976000,33.74997583007813,-0.026428520679473877,0.011789321899414062,0.07783961296081543
1780001835353278700,33.76627880859375,-0.01661813259124756,-0.00702667236328125,0.04065132141113281
1780001835369636600,33.78263671875,-0.011917352676391602,-0.026114463806152344,-0.0020499229431152344
1780001835385967900,33.7989677734375,-0.006687581539154053,-0.05951404571533203,-0.04973578453063965
1780001835402301200,33.81530126953125,0.03922474384307861,-0.034646034240722656,-0.11638212203979492
1780001835418632400,33.831632568359375,0.08584141731262207,-0.02941131591796875,-0.1394197940826416
1780001835434965800,33.8479658203125,0.10862845182418823,-0.02881908416748047,-0.14350557327270508
1780001835451308300,33.864308349609374,0.10189110040664673,-0.014189720153808594,-0.11318469047546387
1780001835467629000,33.880629150390625,0.10008329153060913,0.020114898681640625,-0.08291363716125488
1780001835483962400,33.89696240234375,0.09677404165267944,0.015960693359375,-0.038541316986083984
1780001835500295700,33.913295654296874,0.069366455078125,0.026024818420410156,-0.013507843017578125
1780001835516615000,33.92961499023438,0.06533652544021606,0.02164459228515625,0.011425256729125977
1780001835532943600,33.94594360351562,0.05588173866271973,0.021938323974609375,-0.002671480178833008
1780001835549266200,33.96226611328125,0.07020902633666992,0.026932716369628906,-0.0443272590637207
1780001835565615400,33.97861547851563,0.04016447067260742,0.03179740905761719,-0.06821322441101074
1780001835581943000,33.99494311523438,-0.014430403709411621,0.022718429565429688,-0.07256174087524414
1780001835598275000,34.01127514648437,-0.03250080347061157,0.02730846405029297,-0.053678035736083984
1780001835614609400,34.027609375,-0.055052995681762695,-0.0016736984252929688,-0.034326791763305664
1780001835630958300,34.04395825195313,-0.06332141160964966,-0.03060150146484375,-0.019577503204345703
1780001835647279900,34.06027978515625,-0.08520543575286865,-0.025907516479492188,-0.023629188537597656
1780001835663625500,34.07662548828125,-0.05952364206314087,-0.026000022888183594,-0.0421297550201416
1780001835679951000,34.092951171875,-0.04871392250061035,-0.026098251342773438,-0.03674149513244629
1780001835696268300,34.109268310546874,-0.051728010177612305,-0.016521453857421875,-0.03101658821105957
1780001835712602600,34.1256025390625,-0.05921071767807007,0.016449928283691406,-0.025189638137817383
1780001835728935200,34.14193505859375,-0.08090120553970337,0.021262168884277344,0.02353215217590332
1780001835745263900,34.15826391601563,-0.09779572486877441,0.021086692810058594,0.061878204345703125
1780001835761604400,34.174604248046876,-0.06653892993927002,0.039673805236816406,0.1139376163482666
1780001835777932300,34.19093237304688,-0.01139456033706665,0.03347015380859375,0.1454617977142334
1780001835794269700,34.20726977539063,0.019907712936401367,0.01832866668701172,0.14435672760009766
1780001835810602200,34.223602294921875,0.032876551151275635,-0.0007619857788085938,0.08110451698303223
1780001835826948900,34.239948974609376,0.03691178560256958,-0.025008201599121094,0.003982067108154297
1780001835843278300,34.2562783203125,0.032065629959106445,-0.0443267822265625,-0.044799089431762695
1780001835859609000,34.27260913085937,0.027272820472717285,-0.03458595275878906,-0.06821298599243164
1780001835875926500,34.288926513671875,0.01791560649871826,-0.010232925415039062,-0.06698822975158691
1780001835892257000,34.30525708007813,0.004303097724914551,0.004689216613769531,-0.06071639060974121
1780001835908619800,34.32161987304688,-0.0042266845703125,0.014868736267089844,-0.0448307991027832
1780001835924938000,34.33793798828125,0.006366550922393799,0.020234107971191406,-0.033815860748291016
1780001835941264000,34.354263916015626,0.006599128246307373,0.0062885284423828125,-0.013488292694091797
1780001835957608200,34.370608154296875,0.02523750066757202,0.01618671417236328,-0.0165255069732666
1780001835973935000,34.38693505859375,0.018647074699401855,0.016336441040039062,-0.0067195892333984375
1780001835990269200,34.403269287109374,-0.0013254880905151367,0.0022172927856445312,0.02297520637512207
1780001836006598400,34.41959838867187,-0.03069162368774414,0.021610260009765625,0.033513784408569336
1780001836022919000,34.4359189453125,-0.05023223161697388,0.021867752075195312,0.058354854583740234
1780001836039251700,34.45225170898438,-0.06492555141448975,0.017290115356445312,0.06866312026977539
1780001836055585300,34.46858520507813,-0.06518620252609253,0.012609481811523438,0.059496164321899414
1780001836071916300,34.484916259765626,-0.05601853132247925,0.007868766784667969,0.040617942810058594
1780001836088249900,34.50124975585938,-0.06099534034729004,0.017404556274414062,0.04056668281555176
1780001836104580000,34.517580078125,-0.04636794328689575,0.017441749572753906,0.026241302490234375
1780001836120933400,34.53393334960938,-0.050512731075286865,0.012691497802734375,0.007190227508544922
1780001836137251600,34.55025146484375,-0.041445016860961914,-0.001766204833984375,-0.0025262832641601562
1780001836153600500,34.5666005859375,-0.022728145122528076,-0.011315345764160156,-0.016684293746948242
1780001836169925000,34.58292504882812,0.0014705061912536621,0.0031280517578125,-0.02129054069519043
1780001836186229200,34.599229248046875,0.007312953472137451,-0.00147247314453125,-0.011485099792480469
1780001836202575400,34.615575439453124,0.02720057964324951,-0.010848045349121094,-0.011120796203613281
1780001836218909000,34.631908935546875,0.04216945171356201,0.013308525085449219,-0.029157400131225586
1780001836235240200,34.648240234375,0.04687952995300293,0.013358116149902344,-0.04334259033203125
1780001836251574800,34.66457470703125,0.0597568154335022,0.0036821365356445312,-0.04798173904418945
1780001836267905500,34.680905517578125,0.04291325807571411,0.0034389495849609375,-0.05273151397705078
1780001836284238800,34.69723876953125,0.01172327995300293,-0.02078723907470703,-0.05346083641052246
1780001836300569900,34.71356982421875,0.0048773884773254395,-0.020958900451660156,-0.04855036735534668
1780001836316918000,34.72991796875,-0.0011095404624938965,-0.0066509246826171875,-0.057890892028808594
1780001836333248800,34.74624877929688,0.012856602668762207,-0.011301994323730469,-0.06214141845703125
1780001836349582600,34.76258251953125,0.0413588285446167,-0.006339073181152344,-0.05136418342590332
1780001836365913300,34.778913330078126,0.05043548345565796,-0.006228446960449219,-0.04608654975891113
1780001836382248200,34.795248291015625,0.053991615772247314,0.022420883178710938,-0.026752471923828125
1780001836398578000,34.811577880859375,0.04191112518310547,0.0221710205078125,-0.017149925231933594
1780001836414912000,34.827912109375,0.028635919094085693,0.0074367523193359375,0.0066204071044921875
1780001836431241200,34.8442412109375,-0.0032346248626708984,0.02134418487548828,0.025391817092895508
1780001836447583700,34.860583740234375,-0.005437016487121582,0.04018688201904297,0.04432272911071777
1780001836463891500,34.876891357421876,-0.011619389057159424,0.025669097900390625,0.029925823211669922
1780001836480241400,34.893241455078126,0.00604623556137085,0.006374359130859375,0.0012214183807373047
1780001836496555800,34.9095556640625,0.019116520881652832,-0.008097648620605469,-0.032021284103393555
1780001836512890400,34.92589038085937,0.007612824440002441,-0.008068084716796875,-0.02652287483215332
1780001836529224000,34.94222387695312,-0.01857966184616089,-0.007904052734375,0.0074138641357421875
1780001836545557500,34.9585576171875,-0.015083014965057373,0.0066852569580078125,0.018118858337402344
1780001836561875700,34.97487573242187,-0.0016726851463317871,-0.017049789428710938,0.010045766830444336
1780001836578222800,34.991222900390625,-0.0064051151275634766,-0.021595001220703125,-0.013576745986938477
1780001836594553900,35.00755395507812,0.0033240914344787598,-0.006964683532714844,-0.0361177921295166
1780001836610904600,35.023904541015625,0.027562499046325684,0.012486457824707031,-0.035269975662231445
1780001836627216000,35.0402158203125,0.04717129468917847,0.008025169372558594,-0.034432172775268555
1780001836643565600,35.056565673828125,0.03787696361541748,-0.0011987686157226562,-0.05259823799133301
1780001836659873000,35.072873046875,0.037318408489227295,0.018243789672851562,-0.06585288047790527
1780001836676235000,35.08923510742188,0.04539912939071655,0.018472671508789062,-0.06945466995239258
1780001836692543700,35.105543701171875,0.029000163078308105,-0.019578933715820312,-0.04414701461791992
1780001836708882000,35.1218818359375,0.0027788281440734863,-0.00015735626220703125,-0.03296613693237305
1780001836725213000,35.138212890625,-0.028146088123321533,0.02405834197998047,-0.012815475463867188
1780001836741547000,35.154547119140624,-0.03080618381500244,-0.004302978515625,0.032019853591918945
1780001836757878500,35.17087841796875,-0.03735768795013428,0.010483741760253906,0.03870391845703125
1780001836774212000,35.187212158203124,-0.04327577352523804,-0.0035219192504882812,0.04494762420654297
1780001836790560500,35.203560546875,-0.06285226345062256,-0.017577171325683594,0.050807952880859375
1780001836806889700,35.2198896484375,-0.06802845001220703,-0.0029706954956054688,0.05170130729675293
1780001836823219500,35.23621948242187,-0.08281546831130981,0.016223907470703125,0.0567929744720459
1780001836839535900,35.25253588867187,-0.05440288782119751,0.01622772216796875,0.05690312385559082
1780001836855869700,35.26886962890625,-0.03999215364456177,0.011502265930175781,0.03793048858642578
1780001836872203300,35.285203369140625,-0.02967238426208496,0.016493797302246094,0.03412580490112305
1780001836888539000,35.301538818359376,-0.02407020330429077,-0.0024137496948242188,0.019621610641479492
1780001836904871400,35.31787133789062,-0.008543729782104492,-0.016588211059570312,0.011020421981811523
1780001836921191700,35.33419165039062,0.0061740875244140625,-0.016475677490234375,0.006468057632446289
1780001836937533000,35.350532958984374,0.010560214519500732,0.0028104782104492188,0.0020568370819091797
1780001836953870800,35.36687084960938,0.03062582015991211,0.02690887451171875,-0.026239633560180664
1780001836970201000,35.383201171875,0.049956321716308594,0.007956504821777344,-0.04485654830932617
1780001836986535700,35.39953564453125,0.040211021900177,0.008106231689453125,-0.04433870315551758
1780001837002862600,35.41586254882812,0.015566766262054443,0.017737388610839844,-0.043916940689086914
1780001837019193900,35.43219384765625,-0.009887993335723877,0.017637252807617188,-0.034146785736083984
1780001837035534300,35.44853442382812,-0.021702468395233154,-0.0018186569213867188,-0.030184507369995117
1780001837051859200,35.464859130859374,-0.019031941890716553,-0.02136993408203125,-0.0355226993560791
1780001837068196400,35.4811962890625,-0.015130579471588135,-0.0259552001953125,-0.06018877029418945
1780001837084527000,35.49752709960938,0.008176684379577637,-0.026763916015625,-0.06959795951843262
1780001837100877300,35.51387719726562,0.007318258285522461,-0.031524658203125,-0.04072260856628418
1780001837117200000,35.53019995117187,-0.01693803071975708,-0.02666950225830078,0.002674102783203125
1780001837133544200,35.54654418945312,-0.04671365022659302,0.016393661499023438,0.045275211334228516
1780001837149871400,35.56287133789063,-0.042617976665496826,0.020961761474609375,0.06936144828796387
1780001837166187300,35.579187255859374,-0.03793817758560181,0.025365829467773438,0.06821966171264648
1780001837182518000,35.59551806640625,-0.003913283348083496,0.010662078857421875,0.03826141357421875
1780001837198853600,35.611853515625,0.011834144592285156,0.010402679443359375,0.017855167388916016
1780001837215186400,35.6281865234375,0.013481497764587402,-0.008787155151367188,0.0075910091400146484
1780001837231519700,35.64451977539063,0.03345489501953125,0.010346412658691406,-0.01185297966003418
1780001837247850800,35.660850830078125,0.023717761039733887,0.03413581848144531,-0.0026535987854003906
1780001837264184600,35.6771845703125,0.022846698760986328,0.024328231811523438,-0.007879257202148438
1780001837280532700,35.69353271484375,0.05469024181365967,0.004818916320800781,-0.007856607437133789
1780001837296862200,35.7098623046875,0.034230828285217285,-0.00040149688720703125,-0.028294086456298828
1780001837313194200,35.7261943359375,0.032982826232910156,-0.0006685256958007812,-0.0669863224029541
1780001837329525500,35.742525390625,0.022916316986083984,-0.024738311767578125,-0.07204031944274902
1780001837345860000,35.758860107421874,0.022857189178466797,-0.03914356231689453,-0.04824542999267578
1780001837362176500,35.77517651367187,0.027576684951782227,-0.02003002166748047,-0.033951759338378906
1780001837378519300,35.791519287109374,0.01833164691925049,0.008574485778808594,-0.029612302780151367
1780001837394845700,35.807845703125,0.02379763126373291,-0.0059185028076171875,-0.020684003829956055
1780001837411189200,35.82418920898437,0.01457071304321289,-0.0012111663818359375,-0.03061199188232422
1780001837427522600,35.8405224609375,0.0005432367324829102,0.0036191940307617188,-0.02101445198059082
1780001837443853600,35.856853515625,-0.00852137804031372,0.008502960205078125,-0.006522417068481445
1780001837460166700,35.87316674804688,-0.003709077835083008,0.01818561553955078,0.03189730644226074
1780001837476510700,35.8895107421875,0.006404757499694824,0.04210662841796875,0.03647971153259277
1780001837492834600,35.90583447265625,0.02513277530670166,0.013174057006835938,0.031156539916992188
1780001837509170000,35.922169921875,0.009602189064025879,-0.0014438629150390625,0.011604547500610352
1780001837525503200,35.938503173828124,-0.024892866611480713,0.01274871826171875,0.006646633148193359
1780001837541835000,35.9548349609375,-0.034666478633880615,0.0030879974365234375,0.01122426986694336
1780001837558158000,35.97115795898438,-0.03872007131576538,-0.006565093994140625,0.015115976333618164
1780001837574499300,35.98749926757812,-0.03380793333053589,0.01248931884765625,0.005832672119140625
1780001837590846200,36.00384619140625,-0.018803894519805908,0.007687568664550781,-0.018365144729614258
1780001837607182000,36.02018212890625,0.020351648330688477,-0.0017547607421875,-0.02782893180847168
1780001837623495700,36.03649560546875,0.04044771194458008,0.008030891418457031,-0.032270193099975586
1780001837639842800,36.0528427734375,0.035513997077941895,0.017767906188964844,-0.03191089630126953
1780001837656153000,36.06915307617187,0.044750094413757324,0.008189201354980469,-0.00789499282836914
1780001837672498200,36.085498291015625,-0.018771588802337646,0.012842178344726562,0.011273622512817383
1780001837688823600,36.10182348632812,-0.05394613742828369,0.026970863342285156,0.029671192169189453
1780001837705162200,36.11816235351562,-0.06461107730865479,0.00284576416015625,0.05336427688598633
1780001837721479700,36.134479736328124,-0.031313955783843994,-0.006850242614746094,0.04407024383544922
1780001837737824300,36.15082421875,-0.02580815553665161,-0.006867408752441406,0.015072107315063477
1780001837754154200,36.167154296875,-0.019775331020355225,0.00274658203125,0.000431060791015625
1780001837770495200,36.1834951171875,-0.03292042016983032,-0.00193023681640625,0.009927511215209961
1780001837786834700,36.19983471679687,-0.04664963483810425,0.012418746948242188,0.028243303298950195
1780001837803150600,36.216150634765626,-0.03657287359237671,0.026700973510742188,0.03801155090332031
1780001837819496000,36.23249584960938,-0.030911266803741455,0.012255668640136719,0.027880191802978516
1780001837835850000,36.24885009765625,0.003935456275939941,0.007457733154296875,-0.0013175010681152344
1780001837852166000,36.26516577148438,0.02493274211883545,0.0075588226318359375,-0.039708614349365234
1780001837868497700,36.28149755859375,0.02593463659286499,0.0030517578125,-0.04397177696228027
1780001837884830500,36.29783056640625,0.020973265171051025,0.027342796325683594,-0.023858308792114258
1780001837901184300,36.314184326171876,0.020523548126220703,0.022760391235351562,0.0008418560028076172
1780001837917491500,36.330491455078125,0.02358841896057129,0.01787567138671875,0.005895853042602539
1780001837933830700,36.34683056640625,0.001845717430114746,0.0032453536987304688,-0.003652811050415039
1780001837950160600,36.36316064453125,-0.023893415927886963,-0.01614665985107422,-0.013184070587158203
1780001837966491000,36.37949096679687,-0.054125189781188965,-0.010859489440917969,-0.018361330032348633
1780001837982808000,36.39580810546875,-0.054407596588134766,-0.006638526916503906,-0.003808736801147461
1780001837999142700,36.412142578125,-0.039129555225372314,-0.016074180603027344,-0.013269662857055664
1780001838015476200,36.42847631835937,-0.028447329998016357,-0.006377220153808594,-0.018040895462036133
1780001838031806200,36.44480615234375,-0.03233081102371216,0.00342559814453125,-0.017630338668823242
1780001838048141000,36.46114111328125,-0.01796478033065796,0.008470535278320312,0.01706099510192871
1780001838064480000,36.47747998046875,-0.0033484697341918945,0.027740478515625,0.04607868194580078
1780001838080820200,36.4938203125,0.010998964309692383,0.04196453094482422,0.045676469802856445
1780001838097152300,36.51015234375,0.02040684223175049,0.017730712890625,0.04479265213012695
1780001838113485800,36.52648583984375,0.010230302810668945,0.017403602600097656,0.01049184799194336
1780001838129812000,36.54281201171875,0.008752226829528809,0.0026302337646484375,-0.009438276290893555
1780001838146153500,36.559153564453126,-0.020781099796295166,-0.0072269439697265625,-0.019414186477661133
1780001838162475800,36.575475830078126,-0.021635234355926514,-0.02652263641357422,-0.01959848403930664
1780001838178797000,36.59179711914062,-0.02688676118850708,-0.012224197387695312,-0.024411678314208984
1780001838195135000,36.608135009765626,-0.021863281726837158,-0.012178421020507812,-0.029134511947631836
1780001838211465200,36.62446533203125,-0.006638765335083008,-0.007252693176269531,-0.038567304611206055
1780001838227793200,36.64079321289063,0.013873577117919922,-0.007098197937011719,-0.033762454986572266
1780001838244133600,36.65713354492188,0.039555907249450684,-0.011625289916992188,-0.03355145454406738
1780001838260455400,36.673455322265625,0.05034208297729492,-0.0066471099853515625,-0.0381472110748291
1780001838276811800,36.68981176757813,0.05983912944793701,0.012561798095703125,-0.027947425842285156
1780001838293122600,36.70612255859375,0.04497730731964111,0.022111892700195312,-0.03323626518249512
1780001838309473800,36.722473876953124,0.04858708381652832,0.02196025848388672,-0.032706499099731445
1780001838325804500,36.73880444335938,0.038579702377319336,-0.006819725036621094,-0.033165693283081055
1780001838342139000,36.755138916015625,0.0043108463287353516,-0.011609077453613281,-0.013779640197753906
1780001838358462000,36.7714619140625,-0.005878806114196777,-0.011655807495117188,-0.008933067321777344
1780001838374802700,36.787802734375,-0.006570100784301758,-0.02133655548095703,-0.013822793960571289
1780001838391135700,36.8041357421875,-0.03579014539718628,-0.016638755798339844,-0.014518976211547852
1780001838407468000,36.82046801757812,-0.055065155029296875,-0.0117950439453125,-0.009509086608886719
1780001838423797000,36.836796875,-0.03585702180862427,0.0028009414672851562,0.005953550338745117
1780001838440132400,36.85313232421875,-0.03947073221206665,0.01749897003173828,0.020970582962036133
1780001838456476000,36.86947583007812,-0.03789550065994263,0.022624969482421875,0.02627396583557129
1780001838472781000,36.88578100585938,-0.0366474986076355,0.02762889862060547,0.04088568687438965
1780001838489115100,36.902115234375,-0.007895052433013916,0.03236579895019531,0.0644536018371582
1780001838505448700,36.91844873046875,0.015980005264282227,0.041660308837890625,0.044477224349975586
1780001838521780200,36.9347802734375,0.025838732719421387,0.017333984375,0.009863138198852539
1780001838538112000,36.951112060546876,0.02593064308166504,-0.01166534423828125,-0.03870534896850586
1780001838554444800,36.96744482421875,0.025480270385742188,-0.021376609802246094,-0.05812978744506836
1780001838570795300,36.983795166015625,-0.0032895803451538086,-0.006958961486816406,-0.05313730239868164
1780001838587119900,37.00011987304688,-0.017340123653411865,0.0075550079345703125,-0.03361392021179199
1780001838603459800,37.0164599609375,-0.012228071689605713,-0.0018911361694335938,-0.014194965362548828
1780001838619789000,37.0327890625,-0.002404451370239258,0.007832527160644531,-0.013808250427246094
1780001838636120800,37.04912084960937,0.007367849349975586,0.012742996215820312,-0.01828145980834961
1780001838652423400,37.06542333984375,0.016410112380981445,0.008037567138671875,0.001085519790649414
1780001838668771600,37.081771484375,0.006565451622009277,0.012865066528320312,0.025233030319213867
1780001838685104000,37.09810424804687,-0.02247077226638794,0.012812614440917969,0.0395350456237793
1780001838701424600,37.11442456054687,-0.04669564962387085,0.02702045440673828,0.029005765914916992
1780001838717760000,37.13076000976562,-0.02269047498703003,0.012537956237792969,0.03397965431213379
1780001838734092500,37.14709252929688,-0.00814133882522583,0.0027751922607421875,0.02375960350036621
1780001838750434000,37.16343408203125,0.001744389533996582,0.0074138641357421875,-0.0007290840148925781
1780001838766780700,37.17978076171875,0.02092921733856201,0.012026786804199219,-0.010843276977539062
1780001838783117600,37.19611767578125,0.025848865509033203,0.002208709716796875,-0.030584096908569336
1780001838799443700,37.212443603515624,0.024694442749023438,-0.0028905868530273438,-0.04073596000671387
1780001838815777800,37.22877783203125,0.018971562385559082,-0.017424583435058594,-0.045754194259643555
1780001838832103200,37.245103271484375,0.008920073509216309,0.006516456604003906,-0.03598356246948242
1780001838848450300,37.2614501953125,0.01352238655090332,-0.0077991485595703125,-0.016652822494506836
1780001838864768000,37.27776806640625,0.003195047378540039,-0.002979278564453125,-0.0021364688873291016
1780001838881096700,37.2940966796875,-0.006445050239562988,0.0018701553344726562,0.007651329040527344
1780001838897437000,37.31043701171875,-0.006241559982299805,-0.0076198577880859375,0.012619495391845703
1780001838913776400,37.3267763671875,-0.010529577732086182,0.02117443084716797,0.017487525939941406
1780001838930094000,37.343093994140624,-0.0005986690521240234,0.006827354431152344,0.031755924224853516
1780001838946436600,37.3594365234375,-0.010261356830596924,0.00201416015625,0.026910781860351562
1780001838962753300,37.37575317382812,-0.010520875453948975,0.016283035278320312,0.026730775833129883
1780001838979088000,37.392087890625,-0.015468299388885498,0.03531360626220703,0.01686382293701172
1780001838995421700,37.40842163085937,-0.01094430685043335,0.020793914794921875,0.0068836212158203125
1780001839011752400,37.42475244140625,0.00776982307434082,0.006237030029296875,-0.02229475975036621
1780001839028086000,37.4410859375,0.007608294486999512,-0.013092994689941406,-0.03697967529296875
1780001839044417800,37.45741772460938,-0.0024902820587158203,-0.0179595947265625,-0.0274810791015625
1780001839060766000,37.47376586914063,-0.02267998456954956,-0.01320648193359375,-0.0035028457641601562
1780001839077098500,37.490098388671875,-0.027816593647003174,0.005862236022949219,0.02031850814819336
1780001839093427500,37.50642749023437,-0.03276795148849487,-0.0085601806640625,0.02495884895324707
1780001839109757400,37.52275732421875,-0.008660554885864258,0.005774497985839844,-0.00866556167602539
1780001839126092800,37.5390927734375,0.0061762332916259766,0.01056671142578125,-0.01837778091430664
1780001839142425900,37.55542578125,0.026572585105895996,-0.0036945343017578125,-0.03265976905822754
1780001839158742000,37.57174194335938,0.011817097663879395,0.0011882781982421875,-0.018068790435791016
1780001839175076600,37.58807666015625,-0.017201006412506104,0.005992889404296875,0.0012290477752685547
1780001839191410700,37.60441064453125,-0.027137339115142822,0.015533447265625,0.015614509582519531
1780001839207741400,37.620741455078125,0.005707144737243652,0.02495098114013672,0.020147085189819336
1780001839224069000,37.637069091796874,0.009890556335449219,0.010356903076171875,-0.004303932189941406
1780001839240406800,37.65340673828125,0.01497960090637207,-0.004183769226074219,-0.028699636459350586
1780001839256757200,37.66975732421875,0.010223388671875,-0.02338695526123047,-0.033683061599731445
1780001839273068300,37.686068359375,0.005511879920959473,-0.008953094482421875,-0.023897171020507812
1780001839289418200,37.70241821289063,-0.013981401920318604,0.005526542663574219,-0.014031648635864258
1780001839305732900,37.71873291015625,-0.03323084115982056,0.000774383544921875,0.0004630088806152344
1780001839322070300,37.7350703125,-0.03835386037826538,0.0007276535034179688,0.005214214324951172
1780001839338414300,37.751414306640626,-0.019283950328826904,0.019840240478515625,0.009934186935424805
1780001839354747600,37.76774755859375,0.00024831295013427734,0.019826889038085938,0.009759187698364258
1780001839371063300,37.78406323242187,0.01946878433227539,0.010214805603027344,0.000042438507080078125
1780001839387414300,37.800414306640626,0.004380702972412109,0.005284309387207031,0.00941157341003418
1780001839403739600,37.81673974609375,-0.011171102523803711,0.014589309692382812,-0.005357980728149414
1780001839420082700,37.833082763671875,-0.03541213274002075,-0.00003337860107421875,-0.01065373420715332
1780001839436392000,37.849391845703124,-0.04070168733596802,-0.024196624755859375,-0.0022351741790771484
1780001839452726000,37.86572607421875,-0.031498610973358154,-0.024453163146972656,-0.007084369659423828
1780001839469060000,37.88206005859375,-0.007200479507446289,-0.024634361267089844,-0.017331600189208984
1780001839485394000,37.898393798828124,0.0032767057418823242,-0.010343551635742188,-0.02741241455078125
1780001839501726700,37.91472680664062,0.008379340171813965,0.008764266967773438,-0.01825237274169922
1780001839518056200,37.93105615234375,0.01387941837310791,0.013464927673339844,-0.018747568130493164
1780001839534402800,37.94740283203125,0.023882389068603516,0.0228118896484375,-0.01000666618347168
1780001839550740500,37.963740478515625,0.02858138084411621,0.012857437133789062,-0.001577138900756836
1780001839567070000,37.980070068359375,0.01829242706298828,0.017164230346679688,-0.01715874671936035
1780001839583402500,37.99640258789063,0.0124969482421875,0.01675128936767578,-0.022872209548950195
1780001839599734000,38.01273413085938,-0.0027495622634887695,-0.0027284622192382812,-0.014028549194335938
1780001839616064800,38.029064697265625,-0.0179099440574646,-0.02207660675048828,-0.00003147125244140625
1780001839632381000,38.045380859375,-0.018339335918426514,-0.007845878601074219,0.014081478118896484
1780001839648715800,38.0617158203125,-0.017848670482635498,-0.0031147003173828125,0.004182100296020508
1780001839665047300,38.07804736328125,0.007154226303100586,0.0063724517822265625,-0.006007194519042969
1780001839681374000,38.0943740234375,0.017673254013061523,0.01588726043701172,-0.030422449111938477
1780001839697712600,38.11071264648437,0.03243255615234375,0.006270408630371094,-0.03548002243041992
1780001839714048300,38.12704833984375,0.023229598999023438,0.011043548583984375,-0.026065826416015625
1780001839730378500,38.14337841796875,-0.005660533905029297,0.011021614074707031,-0.006936311721801758
1780001839746716200,38.15971606445312,-0.020748674869537354,0.025331497192382812,0.031447649002075195
1780001839763058200,38.17605810546875,-0.017608702182769775,0.02032184600830078,0.03589987754821777
1780001839779389000,38.192388916015624,-0.013398170471191406,0.000812530517578125,0.03517723083496094
1780001839795722200,38.20872216796875,-0.014155268669128418,0.00045871734619140625,0.010416507720947266
1780001839812056000,38.22505615234375,-0.019345104694366455,0.0000553131103515625,-0.005030393600463867
1780001839828379100,38.24137915039063,-0.014560103416442871,-0.01938915252685547,-0.025098085403442383
1780001839844724700,38.257724853515626,-0.03337961435317993,-0.029146194458007812,-0.011413335800170898
1780001839861078300,38.274078369140625,-0.03746896982192993,-0.010143280029296875,-0.007286787033081055
1780001839877381600,38.29038159179687,-0.022211134433746338,0.004015922546386719,0.006174802780151367
1780001839893719300,38.30671923828125,0.007993698120117188,0.013373374938964844,0.00023746490478515625
1780001839910050800,38.32305078125,0.038022398948669434,-0.0059719085693359375,-0.03431081771850586
1780001839926377200,38.33937719726563,0.04361879825592041,0.0034379959106445312,-0.05899786949157715
1780001839942702300,38.355702392578124,0.05358719825744629,0.00811767578125,-0.04928278923034668
1780001839959032800,38.37203271484375,0.039395928382873535,-0.011170387268066406,-0.01687908172607422
1780001839975366400,38.38836645507813,0.010138154029846191,-0.02101421356201172,-0.007960319519042969
1780001839991697700,38.40469775390625,-0.019345581531524658,0.00734710693359375,-0.0183408260345459
1780001840008031000,38.421031005859376,-0.014363348484039307,0.0021734237670898438,-0.019585609436035156
1780001840024347400,38.437347412109375,0.04394328594207764,-0.022034645080566406,-0.02072596549987793
1780001840040695800,38.45369580078125,0.07847762107849121,-0.036423683166503906,-0.05406475067138672
1780001840057024500,38.4700244140625,0.10348176956176758,-0.03627967834472656,-0.07791614532470703
1780001840073357000,38.48635717773438,0.10543537139892578,-0.026414871215820312,-0.09182620048522949
1780001840089709600,38.50270947265625,0.021719813346862793,0.007359504699707031,-0.08281826972961426
1780001840106033400,38.51903344726563,-0.041858136653900146,0.02661609649658203,-0.0359349250793457
1780001840122375000,38.535375,-0.023000597953796387,-0.002269744873046875,-0.004426479339599609
1780001840138698800,38.55169873046875,-0.04260140657424927,0.0020847320556640625,0.006615877151489258
1780001840155022300,38.56802221679688,-0.028966784477233887,0.010989189147949219,-0.010477066040039062
1780001840171355400,38.58435546875,-0.034336984157562256,0.0292816162109375,-0.029348373413085938
1780001840187691300,38.60069116210938,0.006871521472930908,0.02800750732421875,-0.03831791877746582
1780001840204019500,38.61701953125,0.04913967847824097,0.03615570068359375,-0.008449077606201172
1780001840220365000,38.63336499023438,0.04002255201339722,0.02032756805419922,0.030978679656982422
1780001840236684800,38.649684814453124,0.056023359298706055,0.008527755737304688,0.04836416244506836
1780001840253032700,38.66603271484375,0.018497943878173828,0.03531169891357422,0.025675296783447266
1780001840269361200,38.682361083984375,-0.026934683322906494,0.019756317138671875,0.032180070877075195
1780001840285678300,38.69867822265625,-0.007281303405761719,-0.05343818664550781,0.005627632141113281
1780001840302033000,38.715032958984374,-0.005033731460571289,-0.049938201904296875,-0.002174854278564453
1780001840318351400,38.73135131835937,-0.009894609451293945,0.0066547393798828125,-0.03336524963378906
1780001840334697000,38.74769702148438,0.02403414249420166,-0.013063430786132812,-0.044797658920288086
1780001840351010000,38.76401000976563,0.037113070487976074,-0.02312183380126953,-0.026285886764526367
1780001840367357700,38.780357666015625,0.020977258682250977,0.014677047729492188,-0.027155399322509766
1780001840383676400,38.796676513671876,0.019595742225646973,0.018759727478027344,-0.014443397521972656
1780001840400020700,38.813020751953125,0.052510976791381836,0.0029249191284179688,0.02121114730834961
1780001840416351700,38.829351806640624,0.06369245052337646,0.00214385986328125,0.037500858306884766
1780001840432656100,38.84565625,0.08018946647644043,0.025403976440429688,0.01088404655456543
1780001840449004800,38.8620048828125,0.06816458702087402,0.011097908020019531,-0.03916740417480469
1780001840465338600,38.87833862304687,0.03193807601928711,0.010687828063964844,-0.08392810821533203
1780001840481670000,38.894669921875,0.04714977741241455,-0.00390625,-0.11362719535827637
1780001840498001200,38.91100122070313,0.05701291561126709,-0.03272056579589844,-0.13794946670532227
1780001840514334700,38.92733471679688,0.06281590461730957,-0.0709686279296875,-0.12839984893798828
1780001840530685700,38.943685791015625,0.05341958999633789,-0.047003746032714844,-0.11418819427490234
1780001840547007200,38.96000732421875,0.030614614486694336,-0.02306652069091797,-0.08162403106689453
1780001840563351000,38.97635107421875,0.017542600631713867,0.0198516845703125,-0.04918646812438965
1780001840579670000,38.992669921875,-0.002644658088684082,-0.009038925170898438,-0.05072474479675293
1780001840596018200,39.00901806640625,0.015153050422668457,-0.056807518005371094,-0.051569223403930664
1780001840612343000,39.02534301757812,0.017958104610443115,-0.04686737060546875,-0.046590328216552734
1780001840628672800,39.0416728515625,0.03942078351974487,-0.007876396179199219,-0.05959367752075195
1780001840644994600,39.05799462890625,0.0025997161865234375,0.026198387145996094,-0.029833316802978516
1780001840661311700,39.07431176757812,-0.05775874853134155,0.0792703628540039,0.03766179084777832
1780001840677662200,39.090662109375,-0.10805994272232056,0.12269401550292969,0.0995779037475586
1780001840693992700,39.10699267578125,-0.11655610799789429,0.11277008056640625,0.17635011672973633
1780001840710323500,39.123323486328125,-0.12116813659667969,0.089324951171875,0.22539949417114258
1780001840726657000,39.139656982421876,-0.09697943925857544,0.07082366943359375,0.21286320686340332
1780001840742987800,39.15598779296875,-0.12138789892196655,0.057326316833496094,0.1232459545135498
1780001840759340300,39.17234033203125,-0.1623329520225525,0.05698394775390625,0.05566906929016113
1780001840775666200,39.188666259765625,-0.1712735891342163,0.07084846496582031,0.017245054244995117
1780001840792000800,39.20500073242187,-0.04108929634094238,0.013504981994628906,0.05321836471557617
1780001840808332000,39.22133203125,-0.08159130811691284,-0.008629798889160156,-0.09242415428161621
1780001840824662300,39.237662353515624,-0.1297120451927185,0.015549659729003906,-0.11611175537109375
1780001840840997000,39.2539970703125,-0.24268686771392822,-0.05074119567871094,-0.06102776527404785
1780001840857327000,39.2703271484375,-0.20832395553588867,-0.1361675262451172,-0.03847980499267578
1780001840873666000,39.286666015625,-0.13284331560134888,-0.09807872772216797,0.11798310279846191
1780001840889995300,39.30299536132812,-0.04752117395401001,0.012022018432617188,0.1083369255065918
1780001840906325800,39.31932568359375,0.10351228713989258,-0.07419490814208984,0.13470983505249023
1780001840922643200,39.33564331054688,0.11778640747070312,-0.09391975402832031,0.08273601531982422
1780001840938977800,39.351977783203125,0.10756587982177734,-0.018190383911132812,0.023007869720458984
1780001840955310800,39.368310791015624,0.010362982749938965,0.029981613159179688,-0.008049249649047852
1780001840971642400,39.384642333984374,-0.029941260814666748,0.0054779052734375,0.03657650947570801
1780001840987976000,39.400975830078124,-0.0656091570854187,-0.03376960754394531,0.19216036796569824
1780001841004307000,39.41730688476562,-0.013630807399749756,0.12352752685546875,0.2866384983062744
1780001841020641000,39.43364111328125,0.09650814533233643,0.22313404083251953,0.3280627727508545
1780001841037013200,39.45001318359375,0.12250936031341553,0.20216751098632812,0.42226481437683105
1780001841053319200,39.466319091796876,0.07547271251678467,0.12333011627197266,0.41945624351501465
1780001841069650400,39.482650390625,0.11556446552276611,0.04573631286621094,0.199296236038208
1780001841085983700,39.498983642578125,0.16776275634765625,-0.1807699203491211,0.022823095321655273
1780001841102313500,39.5153134765625,-0.09064477682113647,-0.2340526580810547,-0.12790751457214355
1780001841118628900,39.53162890625,-0.3526870608329773,-0.0002460479736328125,-0.18896937370300293
1780001841134966500,39.54796655273437,-0.2986023426055908,-0.011622428894042969,-0.054007768630981445
1780001841151300000,39.56430004882812,-0.05850499868392944,0.02514934539794922,0.14897942543029785
1780001841167632000,39.5806318359375,0.09432601928710938,0.1493053436279297,0.29416441917419434
1780001841183965000,39.59696484375,0.06106734275817871,0.20734405517578125,0.2863123416900635
1780001841200295700,39.61329565429688,0.050069570541381836,0.19710540771484375,0.11247825622558594
1780001841216628500,39.62962841796875,0.11346369981765747,-0.04360389709472656,-0.11232495307922363
1780001841232977200,39.64597705078125,0.024878203868865967,-0.34282779693603516,-0.23569226264953613
1780001841249308200,39.66230810546875,-0.31820493936538696,-0.3258066177368164,-0.22565364837646484
1780001841265639000,39.67863891601562,-0.4892975091934204,-0.0024814605712890625,-0.15662312507629395
1780001841281956000,39.6949560546875,-0.2615734338760376,0.19610881805419922,-0.0016951560974121094
1780001841298302500,39.711302490234374,-0.21037417650222778,0.15119647979736328,0.13893461227416992
1780001841314638300,39.72763842773438,0.1123356819152832,0.18957805633544922,0.12820029258728027
1780001841330965000,39.74396508789062,0.41597551107406616,0.2729663848876953,-0.014002323150634766
1780001841347306200,39.76030615234375,0.42155975103378296,0.19893932342529297,-0.0955502986907959
1780001841363616500,39.77661645507813,0.3709679841995239,0.12865257263183594,-0.18195724487304688
1780001841379967200,39.79296728515625,0.3272641897201538,0.01820659637451172,-0.228271484375
1780001841396295000,39.809294921875,0.15695536136627197,-0.02984142303466797,-0.23907089233398438
1780001841412619000,39.82561889648437,0.11365509033203125,-0.007052421569824219,-0.23331308364868164
1780001841428949800,39.84194970703125,0.16791164875030518,-0.07185840606689453,-0.14725232124328613
1780001841445282800,39.85828271484375,0.054776549339294434,-0.19820880889892578,-0.06325483322143555
1780001841461601500,39.8746015625,-0.20698130130767822,-0.21495819091796875,-0.0575556755065918
1780001841477948400,39.89094848632813,-0.44624608755111694,-0.20310688018798828,-0.09153509140014648
1780001841494279200,39.907279052734374,-0.4702109098434448,-0.1658344268798828,-0.14824175834655762
1780001841510630000,39.9236298828125,-0.1787935495376587,-0.12642574310302734,-0.19387602806091309
1780001841526957800,39.93995776367188,0.06798064708709717,-0.09036636352539062,-0.14003968238830566
1780001841543288300,39.956288330078124,0.10115718841552734,-0.034888267517089844,-0.08734130859375
1780001841559621400,39.97262133789062,0.15961503982543945,0.03525066375732422,-0.06220674514770508
1780001841575961900,39.9889619140625,0.31791722774505615,0.04243946075439453,-0.09408783912658691
1780001841592282400,40.00528247070312,0.3984473943710327,0.014748573303222656,-0.1032860279083252
1780001841608625400,40.02162548828125,0.29490721225738525,0.05431365966796875,-0.07047843933105469
1780001841624935400,40.037935302734375,0.2337266206741333,0.08733367919921875,-0.048284292221069336
1780001841641274600,40.05427465820313,0.315071702003479,0.046868324279785156,-0.06573724746704102
1780001841657599500,40.070599609375,0.25718259811401367,-0.026215553283691406,-0.1211085319519043
1780001841673939700,40.08693969726563,0.03790903091430664,-0.04651069641113281,-0.13699650764465332
1780001841690268700,40.1032685546875,-0.10249888896942139,-0.043338775634765625,-0.09934473037719727
1780001841706601700,40.119601806640624,-0.13002049922943115,-0.07303047180175781,-0.05950641632080078
1780001841722936600,40.1359365234375,-0.09126323461532593,-0.038845062255859375,-0.007789134979248047
1780001841739278800,40.15227880859375,-0.0779772400856018,0.0019311904907226562,0.04428219795227051
1780001841755610600,40.16861059570312,-0.09069639444351196,0.07130813598632812,0.10011577606201172
1780001841771946500,40.184946533203124,-0.021174192428588867,0.13117408752441406,0.13083314895629883
1780001841788275200,40.20127514648438,0.05619668960571289,0.12857818603515625,0.14712929725646973
1780001841804609800,40.21760986328125,0.06976103782653809,0.05847644805908203,0.1544811725616455
1780001841820925000,40.23392504882813,0.03411668539047241,0.07540702819824219,0.1573503017425537
1780001841837270800,40.250270751953124,0.07276523113250732,0.14273929595947266,0.16057562828063965
1780001841853609500,40.266609375,0.11944317817687988,0.10437679290771484,0.14309287071228027
1780001841869938000,40.28293798828125,0.034156203269958496,0.032530784606933594,0.057373762130737305
1780001841886270700,40.299270751953124,-0.10051542520523071,-0.06378746032714844,-0.005899667739868164
1780001841902587000,40.3155869140625,-0.1997573971748352,-0.1029958724975586,-0.08288764953613281
1780001841918921700,40.33192163085938,-0.2316749095916748,-0.11848926544189453,-0.13027024269104004
1780001841935255000,40.34825512695313,-0.18223416805267334,-0.10862159729003906,-0.16601920127868652
1780001841951586800,40.3645869140625,-0.21876788139343262,-0.10663604736328125,-0.15494680404663086
1780001841967920000,40.38092016601563,-0.2481209635734558,-0.05576515197753906,-0.07094407081604004
1780001841984251100,40.397251220703126,-0.13479125499725342,-0.015116691589355469,-0.024378061294555664
1780001842000599800,40.41359985351563,0.03935420513153076,-0.008793830871582031,0.056301116943359375
1780001842016929500,40.42992944335938,0.026589572429656982,0.04516410827636719,0.12021851539611816
1780001842033268700,40.44626879882812,-0.027998387813568115,0.10791969299316406,0.1634078025817871
1780001842049595000,40.46259497070312,-0.05013442039489746,0.08418560028076172,0.09661388397216797
1780001842065926400,40.47892651367187,-0.0146104097366333,0.0031299591064453125,0.028288602828979492
1780001842082259700,40.495259765625,-0.08824765682220459,0.007231712341308594,0.06433844566345215
1780001842098567700,40.51156762695312,-0.19575321674346924,0.036261558532714844,0.025498151779174805
1780001842114920700,40.52792065429688,-0.1379421353340149,0.02667713165283203,-0.012756824493408203
1780001842131230000,40.54422998046875,-0.04529118537902832,0.03094768524169922,0.03521990776062012
1780001842147580200,40.560580078125,-0.0677679181098938,0.046080589294433594,0.02600717544555664
1780001842163908900,40.576908935546875,-0.086733877658844,0.037949562072753906,-0.010837793350219727
1780001842180240000,40.59323999023437,-0.004084527492523193,-0.013338088989257812,0.024641036987304688
1780001842196562000,40.60956201171875,0.019452810287475586,-0.01781940460205078,0.06153154373168945
1780001842212904400,40.62590454101562,0.027352988719940186,0.03518104553222656,0.08353853225708008
1780001842229251800,40.642251953125,-0.008035838603973389,0.08299446105957031,0.0950462818145752
1780001842245565000,40.65856494140625,-0.05741661787033081,0.13512229919433594,0.13357830047607422
1780001842261899800,40.674899658203124,-0.04577815532684326,0.17302417755126953,0.14286351203918457
1780001842278248400,40.69124853515625,0.05065721273422241,0.07326698303222656,-0.010601043701171875
1780001842294582800,40.70758276367187,0.1479988694190979,-0.06514835357666016,-0.13095378875732422
1780001842310910500,40.72391040039062,0.14202874898910522,-0.08890914916992188,-0.1634049415588379
1780001842327237600,40.74023754882813,0.07423102855682373,-0.05581188201904297,-0.11908102035522461
1780001842343584800,40.75658471679687,0.0628349781036377,-0.046875953674316406,-0.07430529594421387
1780001842359895000,40.77289501953125,0.03212416172027588,-0.01887226104736328,-0.02984619140625
1780001842376242400,40.78924243164062,-0.058303236961364746,0.009523391723632812,-0.02288985252380371
1780001842392559900,40.805559814453126,-0.0626603364944458,-0.004695892333984375,-0.05037236213684082
1780001842408893700,40.82189379882813,-0.02798396348953247,-0.02308177947998047,-0.03832840919494629
1780001842425227300,40.83822729492187,0.006888866424560547,-0.022142410278320312,0.026047945022583008
1780001842441545500,40.85454541015625,0.011086106300354004,0.03077411651611328,0.06753659248352051
1780001842457900300,40.870900390625,0.04348921775817871,0.08865165710449219,0.030951499938964844
1780001842474222800,40.887222900390626,0.09305894374847412,0.054993629455566406,0.0512232780456543
1780001842490569500,40.90356958007813,0.048319220542907715,0.00189971923828125,0.05617952346801758
1780001842506911200,40.9199111328125,-0.021721839904785156,-0.017233848571777344,0.023106813430786133
1780001842523231500,40.9362314453125,-0.04725581407546997,-0.007987022399902344,-0.04253387451171875
1780001842539566300,40.95256640625,-0.009473443031311035,-0.008035659790039062,-0.07918691635131836
1780001842555896300,40.96889624023437,-0.014782071113586426,-0.036579132080078125,-0.0864558219909668
1780001842572235300,40.9852353515625,-0.06156677007675171,-0.021312713623046875,-0.08405685424804688
1780001842588561400,41.0015615234375,-0.03724265098571777,-0.040513038635253906,-0.028500795364379883
1780001842604900600,41.017900634765624,-0.025524377822875977,-0.029943466186523438,-0.02938222885131836
1780001842621221000,41.03422119140625,-0.011404156684875488,-0.019430160522460938,-0.00731968879699707
1780001842637548000,41.05054809570313,0.003009319305419922,0.004809379577636719,0.04843258857727051
1780001842653876500,41.06687646484375,0.02524423599243164,0.049050331115722656,0.02660226821899414
1780001842670216700,41.083216796875,0.02665865421295166,0.025043487548828125,0.01337575912475586
1780001842686546000,41.0995458984375,0.0018759965896606445,-0.008877754211425781,-0.005080223083496094
1780001842702877200,41.115877197265625,-0.00875866413116455,-0.03332996368408203,-0.042702674865722656
1780001842719228200,41.13222827148437,-0.04788017272949219,-0.033598899841308594,-0.06606793403625488
1780001842735554800,41.148554931640625,-0.050331830978393555,-0.05281829833984375,-0.06064629554748535
1780001842751885300,41.16488525390625,-0.01583421230316162,-0.028537750244140625,-0.01626753807067871
1780001842768222000,41.181221923828126,0.0007975101470947266,-0.02789783477783203,0.0037984848022460938
1780001842784554800,41.1975546875,0.004303574562072754,0.02065563201904297,-0.024041414260864258
1780001842800885200,41.21388525390625,0.01842665672302246,0.030928611755371094,-0.056802988052368164
1780001842817201400,41.230201416015625,0.04015004634857178,-0.016162872314453125,-0.04581785202026367
1780001842833548000,41.246548095703126,-0.0043163299560546875,0.00839996337890625,0.009025335311889648
1780001842849883600,41.26288354492188,0.001522064208984375,0.06075763702392578,0.030422210693359375
1780001842866215000,41.27921484375,0.04428982734680176,0.09415721893310547,0.04186820983886719
1780001842882531000,41.295531005859374,0.045966148376464844,0.03635692596435547,0.032475948333740234
1780001842898864400,41.311864501953124,0.004512429237365723,-0.0065784454345703125,-0.025620698928833008
1780001842915199200,41.32819921875,-0.06071805953979492,-0.030239105224609375,-0.08336591720581055
1780001842931530200,41.3445302734375,-0.0390094518661499,-0.04973125457763672,-0.08660340309143066
1780001842947864000,41.36086401367187,-0.024850130081176758,-0.02035236358642578,-0.06020665168762207
1780001842964195800,41.37719580078125,-0.01921093463897705,-0.014946937561035156,0.012945890426635742
1780001842980546300,41.39354638671875,-0.0515444278717041,0.03360939025878906,0.04815387725830078
1780001842996873200,41.40987329101562,-0.07076716423034668,0.07707691192626953,0.08267450332641602
1780001843013203200,41.426203125,-0.0694589614868164,0.07238197326660156,0.10162997245788574
1780001843029535500,41.442535400390625,-0.054968953132629395,0.019857406616210938,0.05737614631652832
1780001843045873000,41.458872802734376,0.019676566123962402,0.0009012222290039062,-0.0402529239654541
1780001843062203400,41.47520336914062,0.10209405422210693,-0.03737163543701172,-0.0799558162689209
1780001843078536400,41.49153637695313,0.08889031410217285,0.01459503173828125,-0.023375272750854492
1780001843094851600,41.5078515625,0.008879423141479492,0.09537315368652344,0.08055686950683594
1780001843111171600,41.52417163085938,-0.023235797882080078,0.06996345520019531,0.14093780517578125
1780001843127519200,41.540519287109376,-0.003207564353942871,0.029750823974609375,0.06659317016601562
1780001843143852300,41.556852294921875,0.022906780242919922,-0.08166980743408203,-0.022388935089111328
1780001843160184600,41.5731845703125,-0.027485966682434082,-0.14984989166259766,-0.08774065971374512
1780001843176517600,41.589517578125,-0.12040513753890991,-0.09383583068847656,-0.1282346248626709
1780001843192832500,41.60583251953125,-0.18804293870925903,-0.075653076171875,-0.09088301658630371
1780001843209179100,41.62217919921875,-0.20444661378860474,-0.0764932632446289,0.0044138431549072266
1780001843225524200,41.63852416992187,-0.14191681146621704,-0.06647300720214844,0.0374143123626709
1780001843241844700,41.6548447265625,-0.05670320987701416,-0.07540607452392578,-0.0349578857421875
1780001843258175500,41.67117553710938,-0.05264878273010254,-0.06943798065185547,-0.06985664367675781
1780001843274499300,41.687499267578126,-0.0968891978263855,0.06017589569091797,-0.007820367813110352
1780001843290843600,41.70384375,-0.06312572956085205,0.17626571655273438,0.05026125907897949
1780001843307177200,41.72017724609375,0.036760568618774414,0.17176246643066406,0.13134169578552246
1780001843323504400,41.73650439453125,0.08614885807037354,0.09491634368896484,0.18337082862854004
1780001843339843600,41.752843505859374,0.015606164932250977,0.061679840087890625,0.14266037940979004
1780001843356160000,41.76915991210937,-0.06671243906021118,0.04237842559814453,0.0400233268737793
1780001843372489000,41.78548901367188,0.013126373291015625,-0.010936737060546875,-0.08510136604309082
1780001843388842200,41.80184228515625,0.06785416603088379,-0.04974937438964844,-0.11446666717529297
1780001843405170700,41.81817065429688,0.1713428497314453,-0.01686382293701172,0.11506390571594238
1780001843421503000,41.8345029296875,0.05394387245178223,0.1411294937133789,0.14067602157592773
1780001843437827000,41.8508271484375,-0.11127805709838867,0.1454458236694336,0.025965452194213867
1780001843454167300,41.86716723632812,0.02167201042175293,0.05030059814453125,0.19265222549438477
1780001843470515700,41.883515625,-0.13628876209259033,0.12472152709960938,0.2414865493774414
1780001843486842400,41.89984228515625,-0.1396496295928955,0.051784515380859375,0.15259289741516113
1780001843503189200,41.91618920898438,0.09253484010696411,0.00901031494140625,0.08560609817504883
1780001843519505200,41.932505126953124,0.43429481983184814,0.0033559799194335938,0.0384831428527832
1780001843535843800,41.94884375,-0.16173964738845825,0.04727935791015625,-0.02437305450439453
1780001843552175900,41.96517578125,-0.09628039598464966,-0.013239860534667969,0.013337373733520508
1780001843568509200,41.98150927734375,0.15090274810791016,-0.030333518981933594,-0.02292180061340332
1780001843584840700,41.9978408203125,0.2235223650932312,-0.09787940979003906,-0.15522289276123047
1780001843601155000,42.01415502929687,0.15376704931259155,-0.08798694610595703,-0.24482250213623047
1780001843617491500,42.03049145507813,0.006796658039093018,-0.0779123306274414,-0.3579728603363037
1780001843633825000,42.04682495117188,0.08889275789260864,-0.16923236846923828,-0.3729572296142578
1780001843650155800,42.06315576171875,0.10013067722320557,-0.10141277313232422,-0.33617448806762695
1780001843666489600,42.07948950195313,0.08447164297103882,-0.013878822326660156,-0.23920702934265137
1780001843682820900,42.09582080078125,0.10078549385070801,-0.026292800903320312,-0.10732054710388184
1780001843699158000,42.112157958984376,0.12180882692337036,0.014872550964355469,-0.027791976928710938
1780001843715498800,42.128498779296876,0.1760886311531067,0.0031023025512695312,-0.010280370712280273
1780001843731830300,42.144830322265626,0.13318127393722534,0.005431175231933594,0.0009596347808837891
1780001843748164600,42.16116455078125,0.056460559368133545,0.05553913116455078,-0.0062639713287353516
1780001843764497700,42.17749755859375,0.02743774652481079,0.019033432006835938,0.05592060089111328
1780001843780828700,42.19382861328125,0.05273401737213135,0.010828018188476562,0.13186049461364746
1780001843797157400,42.21015747070312,0.08344751596450806,0.020648956298828125,0.13860177993774414
1780001843813498000,42.226498046875,0.06529426574707031,0.0066890716552734375,0.0756387710571289
1780001843829810700,42.24281079101563,0.05485349893569946,-0.04695320129394531,-0.004123687744140625
1780001843846158300,42.25915844726563,0.06804120540618896,-0.07640838623046875,-0.0459442138671875
1780001843862477000,42.27547705078125,0.06738412380218506,-0.0969705581665039,-0.08837056159973145
1780001843878809900,42.291809814453124,0.035292208194732666,-0.12213420867919922,-0.07824230194091797
1780001843895143000,42.30814282226562,-0.02281367778778076,-0.1279611587524414,-0.059227705001831055
1780001843911474000,42.32447387695313,-0.07498055696487427,-0.0953531265258789,-0.04987931251525879
1780001843927807700,42.34080786132812,-0.10147196054458618,-0.043442726135253906,-0.06390213966369629
1780001843944139500,42.35713940429687,-0.06446242332458496,-0.0007839202880859375,-0.08171677589416504
1780001843960489700,42.37348974609375,-0.001679062843322754,0.00870513916015625,-0.08034038543701172
1780001843976817200,42.38981713867187,0.08997637033462524,0.02267169952392578,-0.05854225158691406
1780001843993144300,42.40614428710938,0.1441478133201599,0.047034263610839844,-0.03606867790222168
1780001844009482200,42.42248217773437,-0.050636112689971924,0.10979080200195312,0.02328801155090332
1780001844025782500,42.438782470703124,-0.10314500331878662,0.13396072387695312,0.12086844444274902
1780001844042147300,42.455147216796874,0.24812060594558716,0.008056640625,0.45341038703918457
1780001844058480400,42.47148046875,-0.24446487426757812,0.5049552917480469,1.2882750034332275
1780001844074811600,42.48781176757812,0.4003915786743164,0.09188079833984375,0.3251950740814209
1780001844091110100,42.50411010742187,0.687454342842102,-0.11521434783935547,-0.554541826248169
1780001844107462400,42.52046240234375,0.7648570537567139,0.19651317596435547,-1.1547205448150635
1780001844123796500,42.53679638671875,0.3543583154678345,-0.03839111328125,-1.3239225149154663
1780001844140128000,42.5531279296875,-0.4259973168373108,-0.4752473831176758,-0.5208652019500732
1780001844156461000,42.5694609375,-0.4208727777004242,-0.35976600646972656,0.03635692596435547
1780001844172792000,42.5857919921875,-0.11916542053222656,0.06811046600341797,0.33920955657958984
1780001844189126000,42.6021259765625,0.028262317180633545,0.1994190216064453,0.4820554256439209
1780001844205474600,42.618474609375,0.02124255895614624,0.10671043395996094,0.5063250064849854
1780001844221784000,42.6347841796875,0.0168798565864563,0.0866546630859375,0.3240978717803955
1780001844238137600,42.6511376953125,-0.30668318271636963,0.035073280334472656,0.0485081672668457
1780001844254452700,42.66745263671875,-0.4326951205730438,-0.07076263427734375,-0.0036745071411132812
1780001844270800400,42.68380029296875,-0.41577064990997314,-0.07145404815673828,0.0617518424987793
1780001844287134500,42.70013452148437,-0.3311767578125,-0.0141143798828125,0.1197805404663086
1780001844303461600,42.71646166992188,-0.19468292593955994,0.0663309097290039,0.1395885944366455
1780001844319801000,42.73280102539063,-0.09766513109207153,0.11723899841308594,0.21435284614562988
1780001844336129800,42.7491298828125,-0.12298205494880676,0.2922248840332031,0.14354324340820312
1780001844352444200,42.76544409179687,-0.09439623355865479,-0.037810325622558594,0.09873127937316895
1780001844368779800,42.78177978515625,0.021525561809539795,0.02012157440185547,-0.07715320587158203
1780001844385111600,42.798111572265626,0.10468143224716187,-0.014345169067382812,-0.10482645034790039
1780001844401454600,42.81445458984375,0.10751199722290039,-0.038349151611328125,-0.07872462272644043
1780001844417780000,42.830780029296875,0.11580109596252441,-0.0330657958984375,-0.011139869689941406
1780001844434111000,42.84711108398437,0.013499140739440918,0.10213947296142578,-0.02352762222290039
1780001844450455000,42.863455078125,-0.06511777639389038,0.05934619903564453,0.04853940010070801
1780001844466794200,42.87979418945312,-0.1378546953201294,0.12541484832763672,-0.04487204551696777
1780001844483125200,42.89612524414063,-0.058083415031433105,0.07796287536621094,-0.08106064796447754
1780001844499452000,42.91245190429687,0.05638498067855835,0.31859302520751953,-0.29027628898620605
1780001844515788300,42.92878833007813,0.19803392887115479,-0.09695148468017578,-0.2616543769836426
1780001844532119000,42.945119140625,0.1637306809425354,-0.5432043075561523,-0.15224194526672363
1780001844548447700,42.96144775390625,0.04253709316253662,-0.5301141738891602,0.060639381408691406
1780001844564783900,42.977783935546874,-0.14020270109176636,-0.1830759048461914,0.15339040756225586
1780001844581104400,42.9941044921875,0.2923958897590637,-0.040596961975097656,0.3772592544555664
1780001844597431300,43.01043139648438,0.5758807063102722,-0.013286590576171875,0.4820065498352051
1780001844613768200,43.02676831054688,0.2985280156135559,0.08536434173583984,0.37032437324523926
1780001844630099500,43.043099365234376,0.3961925506591797,0.05681610107421875,0.3180053234100342
1780001844646433000,43.05943310546875,0.23811078071594238,0.05739879608154297,0.21893715858459473
1780001844662764300,43.075764404296876,-0.16723263263702393,0.1611642837524414,0.11022782325744629
1780001844679097900,43.09209790039063,-0.6653494834899902,0.23270225524902344,0.006485939025878906
1780001844695444500,43.10844458007813,-0.6554927229881287,0.06586551666259766,0.05872392654418945
1780001844711776300,43.1247763671875,-0.05910840630531311,0.22768783569335938,0.446394681930542
1780001844728108000,43.14110791015625,-0.23227110505104065,0.09739208221435547,0.524503231048584
1780001844744441300,43.15744140625,-0.30424797534942627,0.16638946533203125,0.6850616931915283
1780001844760773000,43.173773193359374,-0.3261706233024597,0.3332357406616211,0.6036694049835205
1780001844777105400,43.19010546875,-0.24474403262138367,0.4316692352294922,0.4415719509124756
1780001844793437400,43.2064375,-0.37737277150154114,0.23305416107177734,0.51100754737854
1780001844809770500,43.2227705078125,0.19331733882427216,0.23454666137695312,0.39440464973449707
1780001844826087000,43.2390869140625,0.4531676173210144,-0.0025196075439453125,0.5395216941833496
1780001844842419700,43.25541967773437,0.5351364612579346,0.12333297729492188,0.14071035385131836
1780001844858751500,43.27175146484375,0.10014951229095459,0.3697242736816406,-0.5393599271774292
1780001844875086000,43.28808618164062,-0.1332346349954605,0.3675575256347656,-1.0184842348098755
1780001844891417600,43.30441748046875,-0.17124012112617493,0.18107223510742188,-1.3822436332702637
1780001844907751000,43.3207509765625,-0.19543875753879547,-0.38221073150634766,-1.4701648950576782
1780001844924094500,43.337094482421875,-0.8493489027023315,-1.0478153228759766,-1.5967559814453125
1780001844940436000,43.35343603515625,-1.8533660173416138,-1.4469728469848633,-0.05222904682159424
1780001844973082600,43.38608251953125,0.48992300033569336,0.33234310150146484,-0.023524761199951172
1780001844989409000,43.40240893554687,-0.20186777412891388,0.22110557556152344,0.16152215003967285
1780001845005766000,43.41876586914063,-0.3626139760017395,0.958073616027832,0.0007236003875732422
1780001845022068000,43.43506787109375,0.6491511464118958,1.0804214477539062,-0.2167903184890747
1780001845038430000,43.451429931640625,1.2463951110839844,0.20565032958984375,-0.05861043930053711
1780001845054754800,43.4677548828125,0.9803560972213745,-1.4602689743041992,0.20912694931030273
1780001845071086600,43.48408666992187,0.6331033706665039,-1.9638681411743164,0.18997430801391602
1780001845087401000,43.50040087890625,-0.8775061368942261,-0.18102741241455078,-0.7358092069625854
1780001845103741700,43.51674169921875,-1.938429355621338,-0.1237173080444336,-1.0248774290084839
1780001845120069400,43.5330693359375,0.9586542844772339,0.45195770263671875,-1.0655032396316528
1780001845136404200,43.549404296875,4.467358589172363,0.9947042465209961,-0.6800559759140015
1780001845152735700,43.56573583984375,-1.1179718971252441,-1.5386981964111328,-0.16912531852722168
1780001845169069000,43.582069091796875,-2.6788878440856934,-0.8549127578735352,-0.5188639163970947
1780001845185423400,43.59842333984375,-2.4746172428131104,0.14903736114501953,-0.9934349060058594
1780001845201750500,43.61475048828125,-1.8577170372009277,0.4589204788208008,-1.2210670709609985
1780001845218075400,43.63107543945313,-1.0017313957214355,0.17885684967041016,-1.1528693437576294
1780001845234416000,43.647416015625,1.676857829093933,0.1791095733642578,-0.6986178159713745
1780001845250718200,43.66371826171875,2.9409356117248535,-0.3817720413208008,0.07244324684143066
1780001845267088600,43.68008862304688,1.960065484046936,-0.8338956832885742,0.6389584541320801
1780001845283401000,43.69640087890625,0.7220744490623474,-0.08263587951660156,0.6774466037750244
1780001845299746600,43.71274658203125,0.25324487686157227,0.8663063049316406,0.5055663585662842
1780001845316069600,43.729069580078125,0.26663529872894287,1.0733776092529297,0.3791327476501465
1780001845332381000,43.745380859375,0.4035148620605469,0.6349496841430664,0.48056626319885254
1780001845348724200,43.76172412109375,0.7263737320899963,0.10920906066894531,0.735698938369751
1780001845365058000,43.77805810546875,0.5474923849105835,-0.032547950744628906,0.7408576011657715
1780001845381377500,43.79437744140625,-0.32437658309936523,0.4324607849121094,0.5062119960784912
1780001845397708800,43.810708740234375,-0.9069210290908813,0.031963348388671875,0.07609272003173828
1780001845414053600,43.8270537109375,-0.32559049129486084,-0.5470285415649414,-0.17150163650512695
1780001845430404000,43.84340405273438,0.984138548374176,-0.9105224609375,0.11581087112426758
1780001845446733000,43.859733154296876,1.2951058149337769,-0.8188295364379883,0.5810940265655518
1780001845463060500,43.876060546875,0.03058803081512451,0.08561420440673828,0.950469970703125
1780001845479401200,43.892401123046874,-0.6018990874290466,1.0668601989746094,1.157055139541626
1780001845495726600,43.9087265625,-1.1386809349060059,-0.2865753173828125,1.722928524017334
1780001845512066000,43.925066162109374,-1.3394854068756104,-1.2909107208251953,1.392362117767334
1780001845528396300,43.941396240234376,-0.06848931312561035,-0.8914575576782227,1.451207160949707
1780001845544710400,43.95771044921875,-0.5459487438201904,-0.45937633514404297,1.2616517543792725
1780001845561066000,43.97406591796875,-0.7840006351470947,-0.5274162292480469,1.1118528842926025
1780001845577378600,43.99037866210937,-1.3311657905578613,-1.0439252853393555,0.9397251605987549
1780001845593711600,44.00671166992188,-1.350448489189148,-1.0737390518188477,0.7229909896850586
1780001845610042400,44.02304248046875,-0.658735990524292,-1.101156234741211,0.49070239067077637
1780001845626376200,44.039376220703126,-0.3658459782600403,-1.6173820495605469,0.5696439743041992
1780001845642707200,44.055707275390624,-0.615541934967041,-2.195040702819824,0.8828310966491699
1780001845659041000,44.072041015625,-0.34452658891677856,-2.1505355834960938,0.8975808620452881
1780001845675375400,44.08837524414062,-0.05677354335784912,-2.3817148208618164,1.2165937423706055
1780001845691735300,44.1047353515625,0.01577770709991455,-3.0322227478027344,0.9927031993865967
1780001845708048400,44.12104833984375,-0.17019104957580566,-3.8539581298828125,0.8720211982727051
1780001845724385300,44.13738525390625,1.3650596141815186,-3.2986297607421875,-0.07686233520507812
1780001845740690200,44.15369018554688,1.5276083946228027,-3.6940155029296875,-0.6204814910888672
1780001845757053200,44.17005322265625,2.419471502304077,-3.8791751861572266,-1.347304344177246
1780001845773384700,44.186384765625,-1.091323971748352,-3.7747955322265625,-1.3182666301727295
1780001845789713700,44.202713623046876,-1.3510760068893433,-3.141416549682617,-2.204925775527954
1780001845806022700,44.219022705078125,-1.6952956914901733,-3.6192264556884766,-2.30900502204895
1780001845822361300,44.235361328125,-0.9225695133209229,-3.0430517196655273,-2.372067928314209
1780001845838683000,44.25168286132813,-0.49139443039894104,-2.2767324447631836,-1.8934073448181152
1780001845855025200,44.268025146484376,-0.6459048390388489,-1.8297901153564453,-1.234954833984375
1780001845871352300,44.284352294921874,-1.3493397235870361,-1.610875129699707,-1.3348979949951172
1780001845887694300,44.3006943359375,-3.036774158477783,-0.3261241912841797,-1.3747849464416504
1780001845904025300,44.317025390625,-2.209108591079712,-0.6398568153381348,-0.4370088577270508
1780001845920376000,44.3333759765625,-1.1894582509994507,-0.06310129165649414,0.744938850402832
1780001845936691500,44.34969140625,-0.8698265552520752,1.733109474182129,2.2727112770080566
1780001845953037600,44.36603759765625,-0.6904177665710449,4.124847888946533,5.731657028198242
1780001845969366300,44.3823662109375,0.10110092163085938,5.86491060256958,7.480449199676514
1780001845985701600,44.39870166015625,1.169966697692871,6.635838985443115,8.172494888305664
1780001846002016000,44.41501611328125,1.4993410110473633,6.33766508102417,7.734165191650391
1780001846018367000,44.43136694335937,1.8104352951049805,5.043583869934082,6.641296863555908
1780001846034700800,44.44770068359375,2.4276905059814453,3.3359134197235107,5.3100199699401855
1780001846051028000,44.46402807617188,1.5516571998596191,2.0072004795074463,4.419159412384033
1780001846067342800,44.4803427734375,3.498107433319092,2.00352144241333,2.6029906272888184
1780001846083682600,44.4966826171875,3.8130416870117188,1.1253961324691772,1.6864848136901855
1780001846099991300,44.5129912109375,2.671781539916992,1.068631887435913,0.693657398223877
1780001846116348000,44.529347900390626,1.089573860168457,-0.2521686553955078,0.5550241470336914
1780001846132675600,44.545675537109375,-0.8006548881530762,-1.6733207702636719,0.4222555160522461
1780001846149015300,44.56201538085938,-1.2983465194702148,-2.383847236633301,0.2537956237792969
1780001846165343700,44.57834375,-2.2791452407836914,-2.5196359157562256,0.13463306427001953
1780001846181687000,44.59468701171875,-3.4519057273864746,-2.347553014755249,-0.42675912380218506
1780001846198026000,44.61102587890625,-4.115099906921387,-2.7321603298187256,-0.17512381076812744
1780001846214358800,44.62735888671875,-5.842461585998535,-2.4236340522766113,-0.6016391515731812
1780001846230687700,44.64368774414063,-5.263413429260254,-2.679164171218872,0.12760204076766968
1780001846247020000,44.66002001953125,-4.982909679412842,-2.717432975769043,0.4358116388320923
1780001846263351000,44.67635107421875,-4.367766857147217,-2.3282322883605957,0.2580777406692505
1780001846279675000,44.6926748046875,-4.956593036651611,-1.8669254779815674,-0.05636096000671387
1780001846296011000,44.709010986328124,-4.93809700012207,-1.374937891960144,-0.35383671522140503
1780001846312337200,44.725337158203125,-2.8985953330993652,-1.2610692977905273,-0.05062001943588257
1780001846328667400,44.74166748046875,-1.7365565299987793,-1.3518407344818115,0.4202345609664917
1780001846345000700,44.75800073242188,-1.2115516662597656,-1.6666393280029297,0.6211071014404297
1780001846361319400,44.7743193359375,-1.386465072631836,-1.941326379776001,0.8624207377433777
1780001846377667800,44.79066772460938,-1.3715524673461914,-1.7526487112045288,0.9122273921966553
1780001846393996800,44.806996826171876,-0.6349067687988281,-1.8762480020523071,0.911236584186554
1780001846410327300,44.82332739257812,-0.8486127853393555,-2.166844367980957,0.5834875106811523
1780001846426659000,44.8396591796875,-0.6665439605712891,-2.290532112121582,0.5283337831497192
1780001846442992400,44.85599243164062,-0.6413459777832031,-2.495039939880371,0.903170645236969
1780001846459317200,44.872317138671875,-1.083846092224121,-2.008650541305542,0.9935876131057739
1780001846475656000,44.888656005859374,-1.436690330505371,-0.9739255309104919,0.8790481090545654
1780001846491990300,44.904990234375,-1.3625364303588867,-0.05088973045349121,0.357918381690979
1780001846508326400,44.921326416015624,-1.3640966415405273,-0.2401338815689087,0.35152292251586914
1780001846524656000,44.93765625,-1.237349510192871,-0.14272260665893555,0.5021257400512695
1780001846540988000,44.95398779296875,-1.017653465270996,-0.23048460483551025,0.8212181329727173
1780001846557320200,44.9703203125,-0.7217483520507812,-0.11093437671661377,0.9515707492828369
1780001846573655300,44.9866552734375,-0.11010169982910156,-0.10966002941131592,0.8453391790390015
1780001846589985000,45.00298510742188,0.5351428985595703,-0.40330326557159424,0.7985477447509766
1780001846606318600,45.01931860351562,0.9249725341796875,-0.5957280397415161,0.9750694036483765
1780001846622651000,45.03565087890625,1.0014066696166992,-0.3880532383918762,0.9526889324188232
1780001846638983700,45.05198364257812,0.7209510803222656,-0.2680901288986206,0.6197818517684937
1780001846655314700,45.06831469726563,0.2502889633178711,-0.3750579357147217,0.5692110061645508
1780001846671661800,45.084661865234374,-0.29660606384277344,-0.15721666812896729,0.4035961627960205
1780001846687994000,45.100994140625,-0.7325067520141602,0.04960441589355469,0.1738274097442627
1780001846704322800,45.11732275390625,-0.8248996734619141,0.3417702913284302,0.059317588806152344
1780001846720662500,45.13366259765625,-0.8026657104492188,0.8750871419906616,-0.20264983177185059
1780001846736990500,45.149990478515626,-0.30673694610595703,-0.014383673667907715,0.4417691230773926
1780001846753320000,45.16631982421875,0.13280105590820312,-0.12873852252960205,0.43065810203552246
1780001846769661000,45.182660888671876,0.5450582504272461,-0.02924025058746338,0.2637906074523926
