time,seconds_elapsed,z,y,x
1779968335884399400,0.0043994140625,0.5870414972305298,0.3176499307155609,0.1892155110836029
1779968335900730600,0.020730712890625,0.9060658812522888,0.8437576293945312,1.818698525428772
1779968335912978700,0.032978759765625,1.1301007270812988,1.3451253175735474,2.841745138168335
1779968335929314600,0.049314453125,1.1362093687057495,1.9216293096542358,3.0976977348327637
1779968335945634800,0.065634765625,1.2321151494979858,1.608102798461914,3.023324728012085
1779968335961985300,0.0819853515625,1.1939361095428467,0.44135013222694397,2.5329527854919434
1779968335978309000,0.09830908203125,1.020603060722351,0.3459024429321289,1.6300939321517944
1779968335994647800,0.114647705078125,0.8692612648010254,1.0900890827178955,0.6612616181373596
1779968336010976300,0.130976318359375,0.7622070908546448,1.665218710899353,-0.3831652104854584
1779968336027303200,0.14730322265625,0.8080220222473145,0.551916778087616,-1.5916093587875366
1779968336043641000,0.16364111328125,0.9680687189102173,-0.38087448477745056,-2.3713788986206055
1779968336059988700,0.17998876953125,1.3535246849060059,0.07895433157682419,-2.741715908050537
1779968336076317400,0.1963173828125,1.7302757501602173,1.0737483501434326,-2.9301679134368896
1779968336092647700,0.212647705078125,1.4753923416137695,1.9576704502105713,-2.7177395820617676
1779968336108985600,0.228985595703125,1.0012081861495972,1.6901113986968994,-2.055103302001953
1779968336125308700,0.24530859375,0.8910996913909912,0.43615779280662537,-1.1595749855041504
1779968336141653800,0.26165380859375,0.8462010622024536,0.1385136991739273,-0.7576256394386292
1779968336157974800,0.277974853515625,0.8020660877227783,0.289702832698822,-0.8930850028991699
1779968336174316800,0.29431689453125,0.6711881756782532,0.5064072608947754,-1.0221302509307861
1779968336190641400,0.310641357421875,0.4398229718208313,0.769079327583313,-1.0560332536697388
1779968336206976800,0.326976806640625,0.3101668357849121,1.156978726387024,-1.1366674900054932
1779968336223291000,0.343290771484375,0.32498031854629517,1.7270687818527222,-1.3475687503814697
1779968336239647000,0.35964697265625,0.2684752643108368,2.951090097427368,-1.7078264951705933
1779968336255973000,0.37597314453125,0.3549126982688904,3.3521230220794678,-1.995696783065796
1779968336272328200,0.392328125,0.2623666226863861,2.8214337825775146,-1.6284140348434448
1779968336288629800,0.408629638671875,0.0835358202457428,2.6028966903686523,-1.2275336980819702
1779968336304962600,0.424962646484375,-0.006108652334660292,2.9584202766418457,-1.3228286504745483
1779968336321299700,0.4412998046875,-0.1973094791173935,3.1332805156707764,-1.3295482397079468
1779968336337642500,0.457642578125,-0.2967278063297272,2.774244546890259,-1.183704137802124
1779968336353966600,0.473966552734375,-0.19883663952350616,1.9642372131347656,-0.9317222237586975
1779968336370285800,0.490285888671875,0.2025018334388733,0.9738719463348389,-0.6359107494354248
1779968336386632200,0.506632080078125,0.9201157689094543,-0.8274169564247131,-0.6951646208763123
1779968336402931200,0.52293115234375,1.2977832555770874,-0.5250386595726013,-1.2541064023971558
1779968336419297800,0.5392978515625,0.8840747475624084,1.6559029817581177,-2.191937208175659
1779968336435614700,0.55561474609375,0.09926560521125793,2.8428142070770264,-2.655125856399536
1779968336451947000,0.571947021484375,-0.6418666839599609,1.9556851387023926,-2.3095288276672363
1779968336468279000,0.588279052734375,-1.0403034687042236,-1.1510227918624878,-1.344361662864685
1779968336484615400,0.604615478515625,-0.8600982427597046,-5.9699859619140625,-0.3695734739303589
1779968336500943600,0.620943603515625,-0.16722436249256134,-4.549571514129639,-1.2637274265289307
1779968336517275600,0.637275634765625,-0.17287486791610718,-1.7843374013900757,-2.0560197830200195
1779968336533610200,0.6536103515625,-0.9714284539222717,-0.06841690838336945,-2.2936463356018066
1779968336549953000,0.669953125,-1.4860824346542358,0.671493649482727,-2.23897385597229
1779968336566306000,0.68630615234375,-1.4552336931228638,0.8362745046615601,-2.1261165142059326
1779968336582618400,0.702618408203125,-1.2328788042068481,0.5516113042831421,-2.13008713722229
1779968336598948600,0.718948486328125,-1.0737483501434326,0.21105393767356873,-2.152383804321289
1779968336615251700,0.735251708984375,-1.2220358848571777,0.23426681756973267,-2.0476202964782715
1779968336631613200,0.75161328125,-1.4494304656982422,0.23915374279022217,-1.882992148399353
1779968336647933400,0.767933349609375,-1.4130840301513672,1.0980303287506104,-1.8399261236190796
1779968336664278000,0.784278076171875,-1.189049243927002,2.0305161476135254,-2.322051525115967
1779968336680585200,0.800585205078125,-0.8170322775840759,2.529287576675415,-3.003777027130127
1779968336696942000,0.816942138671875,-0.4486805200576782,2.817005157470703,-3.64335298538208
1779968336713275000,0.83327490234375,-0.007788531947880983,2.7035367488861084,-3.7840046882629395
1779968336729599000,0.849598876953125,0.48319441080093384,1.8883371353149414,-3.448028802871704
1779968336745945000,0.865945068359375,0.7822129726409912,0.8541423082351685,-2.9659035205841064
1779968336762279200,0.882279052734375,0.6000223755836487,-0.10323622822761536,-2.6143505573272705
1779968336778598100,0.89859814453125,0.574976921081543,-0.5114469528198242,-2.7030787467956543
1779968336794942000,0.91494189453125,0.917061448097229,-0.616973876953125,-3.0941851139068604
1779968336811265500,0.931265625,1.2892310619354248,-0.4558582007884979,-3.4161112308502197
1779968336827599400,0.947599365234375,1.6487252712249756,0.15561792254447937,-3.319136381149292
1779968336843921200,0.963921142578125,1.4086552858352661,0.4001167416572571,-3.0805933475494385
1779968336860254000,0.98025390625,2.118786096572876,1.3587169647216797,-2.766303300857544
1779968336876595500,0.996595458984375,2.62076473236084,0.46929723024368286,-2.2290472984313965
1779968336892917200,1.012917236328125,2.9775099754333496,-0.40973785519599915,-1.947438359260559
1779968336909265000,1.029264892578125,2.3458752632141113,0.19807305932044983,-2.144136905670166
1779968336925573600,1.04557373046875,1.0806206464767456,1.4301882982254028,-1.771356463432312
1779968336941912000,1.061912109375,2.4158194065093994,0.23854288458824158,-1.4433218240737915
1779968336958241300,1.0782412109375,2.379014730453491,-0.8219192028045654,-0.6974554061889648
1779968336974576600,1.09457666015625,1.9078848361968994,0.7504479289054871,-1.303586483001709
1779968336990897200,1.110897216796875,2.127643585205078,1.1395691633224487,-2.0862574577331543
1779968337007242800,1.12724267578125,2.121993064880371,0.35735616087913513,-2.481792688369751
1779968337023561700,1.143561767578125,1.380402684211731,-0.46670106053352356,-2.5833492279052734
1779968337039921700,1.159921630859375,0.6401867866516113,-0.8775079250335693,-1.7026340961456299
1779968337056252400,1.17625244140625,-0.012217304669320583,-0.6801984310150146,-0.8759807348251343
1779968337072583700,1.192583740234375,-0.2583959996700287,-0.3674354553222656,-0.38896843791007996
1779968337088882400,1.20888232421875,-0.6382014751434326,-0.3988949954509735,0.06811147183179855
1779968337105254000,1.22525390625,-0.9920451641082764,0.9474520087242126,-0.25824329257011414
1779968337121575700,1.24157568359375,-0.5726861953735352,1.0389291048049927,-0.761443555355072
1779968337137918700,1.257918701171875,-0.5700899958610535,0.6001750826835632,-0.5551238059997559
1779968337154243600,1.27424365234375,-0.879493236541748,0.48426342010498047,-0.02626720629632473
1779968337170579200,1.2905791015625,-1.0257954597473145,0.9184358716011047,0.9118691086769104
1779968337186903300,1.3069033203125,-1.3406964540481567,-0.9946413636207581,-0.23121249675750732
1779968337203251000,1.3232509765625,-1.8594738245010376,-0.8439103364944458,-1.4477506875991821
1779968337219569700,1.339569580078125,-2.0221166610717773,-0.31352660059928894,-1.432326316833496
1779968337235905800,1.35590576171875,-1.650099754333496,-0.27977627515792847,-1.2817480564117432
1779968337252244200,1.372244140625,-1.2246321439743042,-0.28008171916007996,-1.2675453424453735
1779968337268580900,1.388580810546875,-1.2176071405410767,-0.010842857882380486,-0.8895725011825562
1779968337284898000,1.40489794921875,-1.5616769790649414,0.4639521539211273,-0.36651915311813354
1779968337301236500,1.421236572265625,-2.0755674839019775,0.931569516658783,-0.2099849283695221
1779968337317569300,1.4375693359375,-2.292119026184082,1.3704761266708374,0.10048733651638031
1779968337333896400,1.453896484375,-1.725236177444458,1.4912748336791992,0.2744311988353729
1779968337350235400,1.4702353515625,-1.425148606300354,1.0827586650848389,0.29794952273368835
1779968337366561500,1.4865615234375,-1.179580807685852,0.9027060866355896,0.2971859276294708
1779968337382883000,1.502883056640625,-1.1826350688934326,0.22510384023189545,1.0370965003967285
1779968337399227400,1.519227294921875,-1.32863187789917,1.297019600868225,1.313665747642517
1779968337415548000,1.5355478515625,-1.158505916595459,3.5749361515045166,1.5068517923355103
1779968337431876400,1.55187646484375,-0.46700647473335266,4.000709056854248,2.2574524879455566
1779968337448217900,1.5682177734375,0.11041389405727386,3.71574068069458,2.218815326690674
1779968337464543200,1.584543212890625,0.3959933817386627,4.787045478820801,1.545030951499939
1779968337480877000,1.600876953125,-0.05650503560900688,4.151440143585205,0.841008722782135
1779968337497208000,1.6172080078125,-0.7380779385566711,2.6862800121307373,0.30863967537879944
1779968337513543400,1.63354345703125,-1.592678427696228,2.146427869796753,-0.1385136991739273
1779968337529868000,1.649867919921875,-2.2634084224700928,1.640020489692688,-0.28267788887023926
1779968337546225000,1.666224853515625,-2.8397598266601562,0.9999864101409912,-0.0754418596625328
1779968337562540000,1.6825400390625,-3.358537197113037,0.3956879675388336,0.31154128909111023
1779968337578859500,1.698859619140625,-3.863569974899292,0.10033461451530457,0.5780312418937683
1779968337595216000,1.7152158203125,-3.576157808303833,-0.35216382145881653,0.027488935738801956
1779968337611539000,1.7315390625,-1.6733126640319824,-0.408974289894104,-0.7580837607383728
1779968337627881000,1.747880859375,-0.8993463516235352,-0.760832667350769,-0.6739370822906494
1779968337644206800,1.764206787109375,-1.294118046760559,-1.3261884450912476,0.016798794269561768
1779968337660537900,1.780537841796875,-1.303891897201538,-1.9423987865447998,0.048105638474226
1779968337676876300,1.796876220703125,-1.236696720123291,-1.9546160697937012,-0.26450464129447937
1779968337693213000,1.813212890625,-1.2463178634643555,-1.1850786209106445,-0.3839288055896759
1779968337709531600,1.82953173828125,-1.353830099105835,-0.5797111392021179,-0.5041165351867676
1779968337725882600,1.845882568359375,-1.4391984939575195,-0.21380282938480377,-0.6688974499702454
1779968337742200800,1.862200927734375,-1.3125966787338257,-0.9468411207199097,-1.289994716644287
1779968337758541300,1.878541259765625,-1.4141530990600586,-1.7922786474227905,-1.7731890678405762
1779968337774871300,1.894871337890625,-2.621070146560669,-2.3797783851623535,-1.0430524349212646
1779968337791201800,1.911201904296875,-2.995988607406616,-0.7997753024101257,-0.9744827747344971
1779968337807528400,1.927528564453125,-1.2095131874084473,0.07452555745840073,-0.9095783233642578
1779968337823873300,1.943873291015625,0.7916813492774963,-0.623235285282135,0.04260785132646561
1779968337840195000,1.960195068359375,1.3393220901489258,-2.107179641723633,1.4703526496887207
1779968337856535600,1.97653564453125,1.5402966737747192,-2.689028739929199,2.710103750228882
1779968337872859400,1.992859375,0.8535314798355103,-2.4272730350494385,2.7455339431762695
1779968337889171200,2.009171142578125,0.3225368559360504,-1.758375644683838,2.515542984008789
1779968337905515300,2.025515380859375,0.16844609379768372,-1.2278391122817993,2.4553728103637695
1779968337921837800,2.041837890625,-0.19517144560813904,-0.6739370822906494,2.6039657592773438
1779968337938178600,2.058178466796875,-0.8060367107391357,0.16752979159355164,2.724306344985962
1779968337954498300,2.074498291015625,-1.3683381080627441,1.458898901939392,2.794097661972046
1779968337970844000,2.090843994140625,-1.6323846578598022,2.676811456680298,2.8044822216033936
1779968337987175000,2.1071748046875,-1.398881435394287,3.177568197250366,2.791654109954834
1779968338003507000,2.1235068359375,-0.7063129544258118,0.49724429845809937,2.0781636238098145
1779968338019841000,2.139841064453125,-0.308792382478714,-2.690708637237549,1.2217304706573486
1779968338036183800,2.156183837890625,-0.3251330256462097,-3.481473684310913,1.2507466077804565
1779968338052522800,2.172522705078125,-0.1950187236070633,-2.5222625732421875,2.1000020503997803
1779968338068849200,2.18884912109375,0.05726861581206322,-1.183704137802124,2.3157901763916016
1779968338085182700,2.2051826171875,0.37720927596092224,-0.9150761365890503,1.8522961139678955
1779968338101513500,2.221513427734375,0.7658722996711731,-1.4121677875518799,1.4121677875518799
1779968338117853200,2.237853271484375,0.7531968355178833,-1.6812539100646973,1.404226541519165
1779968338134187500,2.2541875,0.6027712821960449,-1.9008599519729614,1.5905404090881348
1779968338150508000,2.270508056640625,0.475253164768219,-2.0004310607910156,1.7191275358200073
1779968338166831400,2.286831298828125,0.33368512988090515,-1.987450122833252,1.618945598602295
1779968338183174100,2.303174072265625,0.1420261710882187,-1.8263343572616577,1.4370604753494263
1779968338199492600,2.31949267578125,0.02871066704392433,-1.1945469379425049,1.1841622591018677
1779968338215841500,2.335841552734375,-0.12568552792072296,-0.6368269920349121,0.8289441466331482
1779968338232174300,2.35217431640625,-0.20586158335208893,-0.2695443034172058,0.5232060551643372
1779968338248505900,2.368505859375,-0.2557998299598694,-0.056352317333221436,0.33567044138908386
1779968338264818200,2.384818115234375,-0.24297164380550385,0.03848451003432274,0.24755313992500305
1779968338281172000,2.401171875,-0.19532416760921478,0.03390302136540413,0.2548835277557373
1779968338297500200,2.417500244140625,-0.17928895354270935,-0.10903944820165634,0.32620203495025635
1779968338313837000,2.433837158203125,-0.16050484776496887,-0.25244006514549255,0.4086688458919525
1779968338330161200,2.4501611328125,-0.13209961354732513,-0.3833179473876953,0.45295658707618713
1779968338346502400,2.46650244140625,-0.1385136991739273,-0.7121161818504333,0.48258355259895325
1779968338362828300,2.482828369140625,-0.09224065393209457,-1.0487029552459717,0.5164865851402283
1779968338379161000,2.4991611328125,0.006261368747800589,-1.328937292098999,0.5470298528671265
1779968338395485000,2.51548486328125,0.13668109476566315,-1.4205671548843384,0.5508477091789246
1779968338411814100,2.531814208984375,0.27977627515792847,-1.3179417848587036,0.44547349214553833
1779968338428147700,2.548147705078125,0.45784351229667664,-1.229519009590149,0.242513507604599
1779968338444477000,2.564476806640625,0.6294966340065002,-1.2554807662963867,-0.05910121276974678
1779968338460808000,2.580807861328125,0.8141306638717651,-1.2234103679656982,-0.527634859085083
1779968338477148200,2.597148193359375,0.9098837971687317,-1.2594513893127441,-0.8367326855659485
1779968338493474800,2.613474853515625,0.9039278626441956,-0.7359399199485779,-0.42898011207580566
1779968338509794800,2.629794921875,0.7893906235694885,0.2698497176170349,0.47907108068466187
1779968338526155500,2.646155517578125,-0.033139441162347794,1.775479793548584,0.7506006956100464
1779968338542453500,2.66245361328125,-0.7113525867462158,0.5076290369033813,-0.3413209617137909
1779968338558816300,2.678816162109375,-0.3061962127685547,0.737772524356842,-0.7628179788589478
1779968338575133400,2.695133544921875,-0.06734789162874222,1.996002197265625,-1.3070988655090332
1779968338591482400,2.711482421875,-0.5516113042831421,1.6224581003189087,-1.0505355596542358
1779968338607813000,2.727813232421875,-0.13836097717285156,1.4511103630065918,-1.341460108757019
1779968338624150000,2.74414990234375,0.25014930963516235,3.8231000900268555,-2.4966063499450684
1779968338640450800,2.760450927734375,-0.1488984078168869,5.3617167472839355,-2.975524663925171
1779968338656846600,2.7768466796875,-0.959669291973114,4.470006465911865,-2.610074520111084
1779968338673147400,2.7931474609375,-1.1226176023483276,3.102126359939575,-2.5298984050750732
1779968338689473500,2.8094736328125,-1.0453431606292725,2.967278003692627,-2.4579689502716064
1779968338705806300,2.825806396484375,-1.1523972749710083,2.7317893505096436,-2.638174295425415
1779968338722139100,2.84213916015625,-1.4230105876922607,2.806162118911743,-3.1841351985931396
1779968338738468900,2.85846875,-1.5919147729873657,2.7739391326904297,-4.164268493652344
1779968338754809000,2.87480908203125,-1.8781051635742188,2.495231866836548,-4.955491542816162
1779968338771132200,2.891132080078125,-1.0900890827178955,0.2539672255516052,-4.625166416168213
1779968338787472400,2.907472412109375,0.6777549982070923,-1.7609717845916748,-4.463439464569092
1779968338803797500,2.923797607421875,1.5111279487609863,0.6227771043777466,-4.945565223693848
1779968338820123400,2.940123291015625,1.4723379611968994,2.5841126441955566,-4.662734508514404
1779968338836463900,2.9564638671875,0.797789990901947,1.4451544284820557,-3.2365167140960693
1779968338852783900,2.972783935546875,-0.33505958318710327,-1.0198395252227783,-2.3886358737945557
1779968338869128000,2.9891279296875,-0.6638578176498413,-2.1754438877105713,-1.829694151878357
1779968338885435600,3.005435546875,-0.4092797040939331,1.6510159969329834,-1.288467526435852
1779968338901780500,3.021780517578125,-0.37369680404663086,3.204293727874756,-0.14187344908714294
1779968338918113800,3.03811376953125,-0.27641651034355164,2.8683178424835205,0.6679811477661133
1779968338934445300,3.0544453125,-0.035582900047302246,2.4379632472991943,0.9106473922729492
1779968338950777300,3.07077734375,0.3588833212852478,1.6945401430130005,0.8300131559371948
1779968338967109600,3.087109619140625,0.837496280670166,0.7748825550079346,0.6965391039848328
1779968338983441700,3.103441650390625,1.03037691116333,-0.10186178237199783,0.6357579827308655
1779968338999776300,3.1197763671875,1.0905472040176392,-0.1014036312699318,1.6464345455169678
1779968339016120300,3.136120361328125,1.291369080543518,-0.7154759168624878,3.208111524581909
1779968339032454700,3.15245458984375,1.6165021657943726,-2.017840623855591,4.306752681732178
1779968339048780000,3.168780029296875,2.3070852756500244,-3.2055153846740723,4.209319591522217
1779968339065134300,3.18513427734375,2.903595209121704,-3.9060251712799072,3.735288143157959
1779968339081445400,3.2014453125,2.6875016689300537,-3.770871162414551,3.405421018600464
1779968339097783800,3.21778369140625,-0.247094988822937,-4.168697357177734,3.784921169281006
1779968339114112800,3.23411279296875,-3.6439638137817383,-3.4184019565582275,4.952284336090088
1779968339130427000,3.250427001953125,-3.928016185760498,-1.1910345554351807,5.831014156341553
1779968339146752500,3.26675244140625,-1.5322027206420898,-0.10002918541431427,5.365076541900635
1779968339163095300,3.28309521484375,0.5369505286216736,-1.0335839986801147,4.343099117279053
1779968339179424300,3.29942431640625,0.6356052756309509,-0.8642216324806213,3.891364336013794
1779968339195782400,3.315782470703125,0.7409795522689819,-1.0787880420684814,2.867554187774658
1779968339212108000,3.33210791015625,0.5983424782752991,-1.6931657791137695,1.3724614381790161
1779968339228449300,3.34844921875,0.5572618246078491,-1.610698938369751,0.17333301901817322
1779968339244737500,3.364737548828125,0.5201517343521118,-1.3045027256011963,-0.8907942175865173
1779968339261109800,3.38110986328125,-0.1160643994808197,-0.8732318878173828,-1.7426458597183228
1779968339277434000,3.39743408203125,-0.8283332586288452,-0.15515977144241333,-1.9857702255249023
1779968339293769200,3.413769287109375,-1.3483322858810425,0.5054910182952881,-2.3541219234466553
1779968339310101500,3.4301015625,-1.3173309564590454,1.0790934562683105,-3.090519905090332
1779968339326431700,3.446431640625,-0.9395107626914978,2.769815683364868,-3.285844087600708
1779968339342761000,3.462760986328125,-0.2548835277557373,4.125173091888428,-3.456428289413452
1779968339359096000,3.479095947265625,-0.08032877743244171,4.925253868103027,-3.3006577491760254
1779968339375421200,3.495421142578125,-0.5224425196647644,4.389983177185059,-0.6107125282287598
1779968339391743000,3.511742919921875,-0.5455026626586914,2.7004826068878174,4.196338653564453
1779968339408080000,3.528079833984375,0.0032070425804704428,3.306002616882324,1.2928962707519531
1779968339424413700,3.54441357421875,1.1239920854568481,1.3735305070877075,-2.464535713195801
1779968339440740600,3.56074072265625,0.4807509481906891,1.2759448289871216,-2.0054705142974854
1779968339457079600,3.57707958984375,-0.5062545537948608,2.774244546890259,-1.1895073652267456
1779968339473408000,3.593407958984375,-0.9065240025520325,2.0760254859924316,-2.225076675415039
1779968339489740800,3.60974072265625,-2.1342103481292725,2.8464794158935547,-2.269975185394287
1779968339506077200,3.6260771484375,-2.7542386054992676,1.9715676307678223,-2.31945538520813
1779968339522402600,3.642402587890625,-3.0447051525115967,-0.10247264802455902,-2.6025912761688232
1779968339538750000,3.65875,-2.3043363094329834,-4.019798755645752,-2.651766061782837
1779968339555055000,3.67505517578125,-0.3248275816440582,-4.124409198760986,-5.115538120269775
1779968339571415600,3.69141552734375,1.9643899202346802,1.4928019046783447,-5.054757118225098
1779968339587749400,3.707749267578125,2.4214699268341064,3.550806999206543,-4.066224575042725
1779968339604078300,3.724078369140625,1.1823296546936035,2.2154555320739746,-2.740952253341675
1779968339620411100,3.7404111328125,0.5592471361160278,0.19456058740615845,-1.8642079830169678
1779968339636729000,3.75672900390625,-0.25961771607398987,-0.4948008358478546,-1.7536413669586182
1779968339653076500,3.773076416015625,-0.9914342761039734,-1.2345587015151978,-1.183398723602295
1779968339669407700,3.78940771484375,-0.9567676782608032,0.05253441259264946,-0.8300131559371948
1779968339685742600,3.80574267578125,-0.6681338548660278,0.6562219858169556,-0.5335907936096191
1779968339702073900,3.822073974609375,-0.6236934065818787,1.5312864780426025,0.5177083015441895
1779968339718404400,3.838404296875,-0.04184427112340927,1.8009834289550781,0.6798930168151855
1779968339734748700,3.854748779296875,0.7041749358177185,0.5745187401771545,0.6769914031028748
1779968339751075600,3.87107568359375,1.2586878538131714,-0.8124507665634155,0.8559749126434326
1779968339767399200,3.887399169921875,1.5210545063018799,-0.8839219808578491,1.3338242769241333
1779968339783735000,3.903735107421875,1.536784291267395,-1.2341004610061646,2.052049160003662
1779968339800051500,3.920051513671875,1.4508049488067627,-2.5198190212249756,3.0602822303771973
1779968339816402000,3.93640185546875,1.8512271642684937,-3.9098429679870605,4.030641555786133
1779968339832711200,3.952711181640625,2.5868616104125977,-4.490928649902344,3.851963520050049
1779968339849035800,3.969035888671875,2.995835781097412,-4.159839630126953,3.4628424644470215
1779968339865385000,3.985385009765625,1.4981470108032227,-2.55754017829895,3.7116172313690186
1779968339881712600,4.001712646484375,-2.2438607215881348,-1.057865858078003,4.89318323135376
1779968339898044000,4.0180439453125,-2.655278444290161,-0.9384417533874512,5.654779434204102
1779968339914373400,4.034373291015625,-1.3767375946044922,-1.066265344619751,5.16914176940918
1779968339930711600,4.050711669921875,0.41340306401252747,-1.0900890827178955,3.5075881481170654
1779968339947041500,4.06704150390625,0.9512699246406555,-1.6714800596237183,2.792112350463867
1779968339963378200,4.083378173828125,1.1323914527893066,-1.9740110635757446,2.177123785018921
1779968339979706600,4.09970654296875,0.6835582256317139,-1.9005545377731323,1.560302495956421
1779968339996040400,4.11604052734375,0.4980078935623169,-2.599231719970703,0.912938117980957
1779968340012392400,4.132392333984375,0.24755313992500305,-2.7391197681427,0.13759739696979523
1779968340028712400,4.14871240234375,-0.36392298340797424,-1.4970779418945312,-0.8602510094642639
1779968340045038000,4.1650380859375,-0.7988590002059937,-0.04459316283464432,-2.6894869804382324
1779968340061382000,4.1813818359375,-0.8355109095573425,1.5187636613845825,-4.111733913421631
1779968340077685200,4.197685302734375,-0.3865249752998352,3.7812559604644775,-4.45763635635376
1779968340094045700,4.214045654296875,-0.18845193088054657,5.5067973136901855,-3.9187004566192627
1779968340110363400,4.23036328125,-0.08078692853450775,5.549863338470459,-2.300823926925659
1779968340126713300,4.24671337890625,-0.7278459668159485,2.9263498783111572,2.250732898712158
1779968340143041800,4.263041748046875,-0.3006984293460846,0.6429356932640076,4.914105415344238
1779968340159376400,4.27937646484375,1.1381946802139282,2.1204659938812256,0.20036379992961884
1779968340175703300,4.295703369140625,2.283566951751709,0.9564622640609741,-3.5865426063537598
1779968340192048000,4.312048095703125,0.3880521357059479,2.871983051300049,-3.300046682357788
1779968340208365600,4.328365478515625,-0.27091872692108154,5.935625076293945,-1.2939653396606445
1779968340224705500,4.34470556640625,-0.5751296281814575,3.0831897258758545,-1.519832730293274
1779968340241039600,4.36103955078125,-1.4246904850006104,1.88864266872406,-1.1942415237426758
1779968340257365800,4.37736572265625,-2.5355489253997803,1.5250251293182373,-1.9081902503967285
1779968340273698800,4.39369873046875,-3.6199874877929688,1.109636664390564,-2.7960829734802246
1779968340290034700,4.41003466796875,-2.886796474456787,-2.1006128787994385,-1.220050573348999
1779968340306367700,4.42636767578125,-1.567480206489563,-6.665761470794678,-4.102112770080566
1779968340322699000,4.442698974609375,0.5396994352340698,-3.2221615314483643,-7.768526077270508
1779968340339028200,4.4590283203125,1.412778615951538,4.503756523132324,-4.977482795715332
1779968340355358200,4.475358154296875,1.0876455307006836,4.721072196960449,-1.9659171104431152
1779968340371679500,4.491679443359375,0.16081027686595917,1.6116151809692383,-1.5080735683441162
1779968340388017700,4.508017578125,-0.8717046976089478,0.09147707372903824,-1.581377387046814
1779968340404346000,4.52434619140625,-1.013272762298584,-0.3937026560306549,-1.1536190509796143
1779968340420676600,4.540676513671875,-0.9514226317405701,0.6867652535438538,-0.23273965716362
1779968340437011200,4.55701123046875,-0.9886853694915771,1.9065104722976685,0.8880453705787659
1779968340453320700,4.57332080078125,-0.4550946056842804,2.6138923168182373,1.3558154106140137
1779968340469674000,4.589674072265625,0.2658790946006775,1.6936239004135132,1.2736539840698242
1779968340486007600,4.606007568359375,0.7400632500648499,-0.1290452778339386,1.0438159704208374
1779968340502355000,4.62235498046875,1.0445796251296997,-1.1788171529769897,0.9758572578430176
1779968340518685400,4.638685546875,1.3713924884796143,-1.0755809545516968,1.630246639251709
1779968340535015700,4.655015625,1.3454307317733765,-1.7679967880249023,2.380847215652466
1779968340551359200,4.671359130859375,1.0059423446655273,-2.72965145111084,2.9515480995178223
1779968340567680500,4.687680419921875,1.1465940475463867,-3.0805933475494385,3.3993122577667236
1779968340584013000,4.704012939453125,2.362215995788574,-2.72491717338562,4.089284896850586
1779968340600329700,4.720329833984375,3.1917707920074463,-3.1202995777130127,4.3644795417785645
1779968340616679200,4.73667919921875,3.0250046253204346,-3.7110064029693604,4.284456253051758
1779968340633009400,4.753009521484375,-0.35384368896484375,-3.4875824451446533,3.6952764987945557
1779968340649338000,4.769338134765625,-2.3075435161590576,-2.6668848991394043,4.307210922241211
1779968340665676000,4.785676025390625,-1.2498302459716797,-1.0204503536224365,4.754822254180908
1779968340682008300,4.80200830078125,0.20265454053878784,-0.6479753255844116,3.8342485427856445
1779968340698338300,4.81833837890625,0.6820310354232788,-2.1452059745788574,3.1064023971557617
1779968340714689300,4.834689208984375,1.239292860031128,-2.4104743003845215,2.3849706649780273
1779968340730996500,4.85099658203125,1.3100005388259888,-0.9556986689567566,1.080162525177002
1779968340747343600,4.867343505859375,0.6285803318023682,-0.6788240075111389,-0.19822576642036438
1779968340763664600,4.88366455078125,0.294895201921463,-1.0192286968231201,-0.8378016948699951
1779968340780002600,4.90000244140625,-0.313373863697052,-1.0340421199798584,-1.2455542087554932
1779968340796333300,4.916333251953125,-0.8483390808105469,-1.009149432182312,-2.4520130157470703
1779968340812663600,4.93266357421875,-0.960280179977417,0.13607023656368256,-3.141069173812866
1779968340828978400,4.948978515625,-0.9511171579360962,2.1641428470611572,-3.1476359367370605
1779968340845317400,4.9653173828125,-0.7547240257263184,4.341419219970703,-2.8634307384490967
1779968340861648100,4.981648193359375,-0.5934556126594543,5.557499408721924,-2.465452194213867
1779968340877981200,4.997981201171875,-0.849255383014679,4.1494550704956055,0.21380282938480377
1779968340894313000,5.01431298828125,-0.31154128909111023,1.6423112154006958,3.871511220932007
1779968340910643200,5.030643310546875,0.49098294973373413,2.0198259353637695,1.6171129941940308
1779968340926978600,5.046978515625,1.236391305923462,2.498744249343872,-1.2930489778518677
1779968340943308800,5.063308837890625,1.475545048713684,2.5867087841033936,-1.5473216772079468
1779968340959643600,5.0796435546875,-0.8338310718536377,1.7004960775375366,-2.595871925354004
1779968340975966700,5.095966796875,-3.081204414367676,2.1821634769439697,-2.7843236923217773
1779968340992290300,5.112290283203125,-1.7901406288146973,3.135265827178955,-2.8289170265197754
1779968341008650800,5.128650634765625,-1.666593074798584,2.147038698196411,-2.001194477081299
1779968341024965000,5.144965087890625,-2.375654935836792,-0.5056437253952026,-1.5871806144714355
1779968341041336300,5.16133642578125,-2.1759018898010254,-2.8397598266601562,-1.3947581052780151
1779968341057653000,5.177653076171875,-0.9288206100463867,-3.930306911468506,-4.182289123535156
1779968341073990100,5.193990234375,0.5529857873916626,-0.6892086863517761,-7.582059383392334
1779968341090308400,5.210308349609375,0.8581129312515259,4.7525315284729,-5.354997634887695
1779968341106630400,5.22663037109375,0.417679101228714,3.5520286560058594,-2.119091510772705
1779968341122978800,5.242978759765625,-0.31780263781547546,-0.41691553592681885,-1.273043155670166
1779968341139312400,5.2593125,-0.780380368232727,-0.4248567819595337,-1.2893837690353394
1779968341155642600,5.275642578125,-0.8918632864952087,-0.5377141237258911,-1.0366383790969849
1779968341171976400,5.2919765625,-0.8521569967269897,0.01191187184303999,-0.2148718535900116
1779968341188307700,5.3083076171875,-0.8147414922714233,0.6027712821960449,0.5659666657447815
1779968341204622600,5.32462255859375,-0.5439754724502563,1.0115928649902344,0.8865181803703308
1779968341220969000,5.340968994140625,-0.1508837193250656,0.3407101035118103,1.0224356651306152
1779968341237306600,5.357306640625,0.3637702465057373,-0.6513350605964661,1.2287554740905762
1779968341253635000,5.373635009765625,0.6892086863517761,-1.0558805465698242,1.4676038026809692
1779968341269962500,5.38996240234375,1.0960450172424316,-0.9691377282142639,1.662164330482483
1779968341286304000,5.406303955078125,1.4158328771591187,-0.9634872078895569,2.0861048698425293
1779968341302620200,5.4226201171875,2.0189096927642822,-1.882992148399353,2.5948028564453125
1779968341318961700,5.438961669921875,2.884047508239746,-2.311055898666382,2.769815683364868
1779968341335284000,5.455283935546875,3.3883168697357178,-3.00118088722229,3.313485860824585
1779968341351616000,5.471615966796875,3.441767454147339,-3.1928398609161377,3.9709296226501465
1779968341367948500,5.487948486328125,2.229963541030884,-3.5497379302978516,3.680004835128784
1779968341384280600,5.504280517578125,-1.214400053024292,-1.853670597076416,3.9567270278930664
1779968341400609000,5.520609130859375,-1.842369556427002,-1.5845844745635986,4.8841729164123535
1779968341416945000,5.53694482421875,-0.6647741198539734,-2.400242328643799,4.695262908935547
1779968341433280300,5.5532802734375,0.4378376603126526,-1.7701348066329956,3.6949710845947266
1779968341449607700,5.569607666015625,1.1354458332061768,-2.735607385635376,2.7953193187713623
1779968341465941800,5.585941650390625,1.4211779832839966,-1.4257594347000122,2.2406537532806396
1779968341482273800,5.602273681640625,1.0719157457351685,-0.7385360598564148,0.8894197940826416
1779968341498622700,5.618622802734375,0.6661485433578491,-2.526386022567749,-0.025503624230623245
1779968341514931000,5.634930908203125,0.1615738570690155,-2.797915458679199,-0.4902193546295166
1779968341531281700,5.65128173828125,-0.5593998432159424,-1.441641926765442,-2.015702486038208
1779968341547600100,5.66760009765625,-0.7402159571647644,0.982729434967041,-3.2782082557678223
1779968341563948800,5.68394873046875,-0.42302417755126953,4.397313594818115,-3.587611675262451
1779968341580274000,5.70027392578125,-0.3208569586277008,6.9805097579956055,-3.5500433444976807
1779968341596618200,5.7166181640625,-0.4306600093841553,7.56266450881958,-2.959642171859741
1779968341612915200,5.732915283203125,-1.0575604438781738,3.219107151031494,0.2203696370124817
1779968341629279500,5.749279541015625,-0.9521862268447876,-1.7595973014831543,5.651114463806152
1779968341645607400,5.765607421875,1.0222829580307007,4.249484062194824,0.9969320893287659
1779968341661940200,5.781940185546875,3.216052770614624,1.1100949048995972,-3.620445489883423
1779968341678275000,5.798275146484375,0.8254316449165344,2.200031280517578,-1.9168951511383057
1779968341694604500,5.8146044921875,-0.9169087409973145,6.178138256072998,-0.44180828332901
1779968341710942200,5.830942138671875,-1.3724614381790161,4.91990852355957,-1.461495041847229
1779968341727266300,5.847266357421875,-2.149329423904419,1.7507398128509521,-1.8733710050582886
1779968341743603000,5.86360302734375,-3.0195069313049316,-0.3926336467266083,-2.713157892227173
1779968341759933000,5.879932861328125,-3.6215145587921143,-1.2709051370620728,-2.8131871223449707
1779968341776234800,5.89623486328125,-2.1815524101257324,-4.241390228271484,-1.330159068107605
1779968341792600000,5.91260009765625,-0.6615670323371887,-3.614794969558716,-7.081455230712891
1779968341808925200,5.92892529296875,0.570242702960968,0.9808968901634216,-8.51255989074707
1779968341825253600,5.945253662109375,-0.16798794269561768,5.4893879890441895,-2.510045289993286
1779968341841582600,5.96158251953125,-0.01572977937757969,2.267073631286621,-0.8290968537330627
1779968341857915000,5.977914794921875,-0.6450737118721008,0.9628763198852539,-1.3967434167861938
1779968341874247400,5.994247314453125,-1.2315043210983276,-0.08277224004268646,-1.1539244651794434
1779968341890577000,6.010576904296875,-0.7484626173973083,0.0024434609804302454,-0.09285151958465576
1779968341906910500,6.026910400390625,-0.6039929986000061,0.4813618063926697,0.290313720703125
1779968341923232300,6.043232177734375,-0.10445795953273773,0.47021353244781494,0.7180721163749695
1779968341939580000,6.059579833984375,0.5523748993873596,-0.14355333149433136,1.0615310668945312
1779968341955908400,6.075908447265625,1.0097602605819702,-0.841619610786438,1.3416128158569336
1779968341972235300,6.0922353515625,1.2589932680130005,-1.0155634880065918,1.6786576509475708
1779968341988582000,6.108581787109375,1.5575536489486694,-1.11391282081604,1.8087719678878784
1779968342004894700,6.124894775390625,1.463938593864441,-1.397048830986023,2.02425479888916
1779968342021225500,6.1412255859375,0.9410378932952881,-1.7634152173995972,2.5382978916168213
1779968342037574000,6.157573974609375,0.8978192210197449,-2.5894577503204346,3.713449716567993
1779968342053903000,6.173903076171875,1.9222402572631836,-3.0158417224884033,4.284761428833008
1779968342070233600,6.190233642578125,2.8240299224853516,-2.886796474456787,3.8363864421844482
1779968342086567400,6.2065673828125,2.2262983322143555,-3.1453452110290527,3.573103427886963
1779968342102899200,6.222899169921875,-0.6507241725921631,-2.657416582107544,3.561802625656128
1779968342119246000,6.23924609375,-1.6626224517822266,-2.0867156982421875,4.213137626647949
1779968342135574800,6.25557470703125,-0.9497427344322205,-0.48517972230911255,4.342946529388428
1779968342151899600,6.271899658203125,-0.09162978827953339,-0.4688390791416168,3.45566463470459
1779968342168234000,6.28823388671875,0.4156937897205353,-2.0305161476135254,2.5842654705047607
1779968342184547800,6.3045478515625,0.9804387092590332,-1.7490599155426025,1.6575828790664673
1779968342200892400,6.320892333984375,0.542142927646637,-0.38606682419776917,0.5233588218688965
1779968342217225700,6.337225830078125,0.1768454909324646,-1.228297233581543,-0.3507893681526184
1779968342233554200,6.35355419921875,-0.027947084978222847,-1.797776460647583,-0.6776022911071777
1779968342249901300,6.3699013671875,-0.49984049797058105,-1.5375478267669678,-1.325730323791504
1779968342266235000,6.38623486328125,-0.7806857824325562,-1.1885910034179688,-2.7004826068878174
1779968342282565600,6.402565673828125,-0.5403103232383728,0.5890268087387085,-3.5431711673736572
1779968342298898400,6.4188984375,-0.4346306324005127,3.137251138687134,-3.6665658950805664
1779968342315221800,6.4352216796875,-0.25931230187416077,5.085300445556641,-3.246137857437134
1779968342331551200,6.45155126953125,-0.3153591752052307,5.13126802444458,-0.8281805515289307
1779968342347883300,6.46788330078125,-0.9297369122505188,0.1765400618314743,5.6126298904418945
1779968342364215800,6.4842158203125,-0.01038470957428217,-1.0687087774276733,5.482973575592041
1779968342380547600,6.500547607421875,1.3559681177139282,1.341460108757019,0.49144110083580017
1779968342396879600,6.516879638671875,2.6902506351470947,0.33108896017074585,-1.7256942987442017
1779968342413210000,6.533210205078125,1.1203268766403198,2.334268808364868,-1.4155274629592896
1779968342429544000,6.5495439453125,-0.08827003091573715,5.18196964263916,-2.160935878753662
1779968342445876700,6.565876708984375,-0.8135197758674622,4.820337772369385,-2.2545509338378906
1779968342462207200,6.582207275390625,-1.5656476020812988,2.102598190307617,-2.588388681411743
1779968342478540500,6.59854052734375,-2.4225387573242188,1.458593487739563,-3.7450621128082275
1779968342494873300,6.614873291015625,-4.10287618637085,2.585334539413452,-3.4295501708984375
1779968342511198000,6.631197998046875,-3.7617082595825195,-0.3462078869342804,-0.9732610583305359
1779968342527538000,6.647537841796875,-2.121076822280884,-4.800942897796631,-5.761833667755127
1779968342543868700,6.66386865234375,0.043676864355802536,-1.3935363292694092,-7.023881435394287
1779968342560203500,6.68020361328125,0.5070181488990784,3.623499870300293,-3.9819250106811523
1779968342576535800,6.696535888671875,-0.006719517521560192,2.7847819328308105,-2.647031784057617
1779968342592864800,6.71286474609375,0.1189660057425499,1.146135926246643,-2.3373231887817383
1779968342609199400,6.729199462890625,-1.2157745361328125,0.6218608021736145,-1.651168704032898
1779968342625526800,6.74552685546875,-1.4845552444458008,-0.6475171446800232,-1.1467467546463013
1779968342641874200,6.761874267578125,-1.0283915996551514,0.1036943718791008,-0.7718282341957092
1779968342658194200,6.778194091796875,-0.9202684760093689,0.8423831462860107,0.6032294034957886
1779968342674533600,6.79453369140625,-0.34177911281585693,2.0225749015808105,1.277471899986267
1779968342690860000,6.810860107421875,0.4495968222618103,1.2290608882904053,1.1267409324645996
1779968342707189500,6.827189453125,0.9428704977035522,-0.4639521539211273,0.879187822341919
1779968342723527400,6.84352734375,1.2428053617477417,-1.1094839572906494,0.9920451641082764
1779968342739856600,6.859856689453125,1.433700680732727,-0.9627236127853394,1.6610952615737915
1779968342756179500,6.876179443359375,1.2997685670852661,-1.9590448141098022,2.504394769668579
1779968342772535800,6.892535888671875,0.956156849861145,-2.853504180908203,2.8128817081451416
1779968342788850200,6.90885009765625,1.6123788356781006,-3.141221761703491,3.059976816177368
1779968342805194200,6.9251943359375,2.5676193237304688,-3.2979087829589844,3.2614095211029053
1779968342821518800,6.941518798828125,2.2988386154174805,-4.364937782287598,3.4706308841705322
1779968342837850400,6.957850341796875,0.2099849283695221,-4.1357102394104,3.805537700653076
1779968342854184400,6.974184326171875,-2.274709463119507,-1.5680910348892212,4.081954479217529
1779968342870507500,6.990507568359375,-2.3356432914733887,0.156686931848526,4.650058746337891
1779968342886846700,7.0068466796875,-1.3920091390609741,1.5622878074645996,4.783074855804443
1779968342903178000,7.023177978515625,-0.7826710939407349,1.2793045043945312,3.6244161128997803
1779968342919513600,7.039513671875,0.30711251497268677,-1.5503759384155273,1.7409659624099731
1779968342935841000,7.055841064453125,1.490511178970337,-1.542281985282898,0.9214902520179749
1779968342952178000,7.072177978515625,1.0111347436904907,-0.6731734871864319,0.4720461070537567
1779968342968508000,7.0885078125,0.48090365529060364,-2.353663682937622,0.33536502718925476
1779968342984827100,7.1048271484375,0.3358231782913208,-2.997668504714966,0.2422080636024475
1779968343001173000,7.121173095703125,-0.3113885521888733,-2.794708490371704,-0.5510004758834839
1779968343017488100,7.137488037109375,-0.7415903806686401,-1.7886134386062622,-1.9860756397247314
1779968343033839600,7.153839599609375,-0.6389650702476501,0.6018549799919128,-2.8573222160339355
1779968343050167300,7.170167236328125,-0.33658674359321594,3.4177911281585693,-3.249192237854004
1779968343066490600,7.18649072265625,-0.21120665967464447,5.53810453414917,-2.894890308380127
1779968343082839000,7.202839111328125,-0.3930917978286743,4.873330116271973,1.0294606685638428
1779968343099165200,7.219165283203125,-0.21151208877563477,-0.17348572611808777,6.052910804748535
1779968343115498000,7.235498046875,0.8924741148948669,0.6882924437522888,3.4516940116882324
1779968343131848200,7.25184814453125,2.325563907623291,1.5755741596221924,-1.5457944869995117
1779968343148175000,7.268175048828125,2.1033618450164795,1.0961977243423462,-2.141082763671875
1779968343164491500,7.284491455078125,-0.12858712673187256,2.5048530101776123,-1.996307611465454
1779968343180824000,7.300823974609375,-0.6672175526618958,3.4048101902008057,-2.2936463356018066
1779968343197161200,7.3171611328125,-1.6336064338684082,3.0801353454589844,-1.7925840616226196
1779968343213491700,7.33349169921875,-2.2062926292419434,0.5774203538894653,-2.434298038482666
1779968343229822700,7.34982275390625,-2.663830518722534,0.17592918872833252,-3.732997417449951
1779968343246154500,7.366154541015625,-2.998584747314453,-0.7718282341957092,-2.191784381866455
1779968343262492700,7.38249267578125,-1.450346827507019,-3.483458995819092,-2.9268081188201904
1779968343278829300,7.398829345703125,0.5326744914054871,-2.5749497413635254,-9.074402809143066
1779968343295171800,7.415171875,1.1158981323242188,3.5390477180480957,-6.694014072418213
1779968343311491600,7.43149169921875,0.31322115659713745,5.074305057525635,-2.194380760192871
1779968343327820800,7.44782080078125,0.38866302371025085,1.3712397813796997,-1.7014124393463135
1779968343344136700,7.46413671875,-0.5836817622184753,1.077413558959961,-1.623068928718567
1779968343360478500,7.480478515625,-1.2961033582687378,-0.17348572611808777,-1.2770137786865234
1779968343376816000,7.496816162109375,-1.0932960510253906,0.00015271631127689034,-0.3243694305419922
1779968343393148000,7.51314794921875,-1.0560332536697388,0.5384777188301086,0.589790403842926
1779968343409508600,7.529508544921875,-0.6498079299926758,1.8617645502090454,1.3897184133529663
1779968343425811000,7.54581103515625,-0.024587325751781464,1.679421305656433,1.4158328771591187
1779968343442129700,7.562129638671875,0.4129449129104614,0.3527746796607971,1.1105530261993408
1779968343458474000,7.578473876953125,0.7431175708770752,-0.39965859055519104,1.097266674041748
1779968343474822700,7.59482275390625,0.9766207933425903,-0.20051652193069458,1.5694655179977417
1779968343491159800,7.611159912109375,0.9321803450584412,-0.6843217611312866,2.135279417037964
1779968343507461600,7.627461669921875,1.0198395252227783,-2.2343924045562744,2.5970935821533203
1779968343523903000,7.643903076171875,1.769829273223877,-3.799429178237915,3.1259500980377197
1779968343540125000,7.660125,2.8955013751983643,-3.6998581886291504,3.145803213119507
1779968343556469800,7.6764697265625,3.3899967670440674,-3.120757818222046,3.174055814743042
1779968343572796000,7.6927958984375,2.6277894973754883,-3.1980323791503906,3.5184311866760254
1779968343589136600,7.70913671875,-0.9867000579833984,-2.2463042736053467,3.3954944610595703
1779968343605454000,7.7254541015625,-2.805856704711914,-1.9940168857574463,4.032932281494141
1779968343621809200,7.74180908203125,-2.0166189670562744,-1.7224873304367065,4.447251796722412
1779968343638138600,7.758138671875,-0.7509061098098755,-0.17501288652420044,3.7959165573120117
1779968343654477800,7.774477783203125,0.05864306539297104,-0.6620252132415771,2.6674957275390625
1779968343670795000,7.790794921875,0.9034696817398071,-1.5262467861175537,1.7116444110870361
1779968343687158500,7.807158447265625,0.9854783415794373,-0.2768746614456177,1.0093021392822266
1779968343703459000,7.823458984375,0.7160868048667908,-0.623235285282135,0.3101668357849121
1779968343719806200,7.83980615234375,0.6922630667686462,-1.2809844017028809,-0.28099802136421204
1779968343736138500,7.856138427734375,-0.11301007121801376,-1.5163202285766602,-0.6409503817558289
1779968343752465400,7.87246533203125,-0.7907650470733643,-1.2741122245788574,-1.7869335412979126
1779968343768781600,7.888781494140625,-0.7878634333610535,-0.34666603803634644,-2.7601945400238037
1779968343785131500,7.905131591796875,-0.42012256383895874,2.5083653926849365,-3.2013919353485107
1779968343801444900,7.92144482421875,-0.06520986557006836,5.5006890296936035,-3.2363641262054443
1779968343817787000,7.937786865234375,0.01664607785642147,6.51839017868042,-2.1461222171783447
1779968343834117400,7.954117431640625,-0.6809620261192322,2.6980390548706055,1.3643674850463867
1779968343850434300,7.970434326171875,0.06643159687519073,0.2226603776216507,5.508935451507568
1779968343866780400,7.986780517578125,2.423302412033081,1.5593862533569336,-0.12690725922584534
1779968343883111200,8.003111083984376,2.616183042526245,0.4859432876110077,-2.1652119159698486
1779968343899440000,8.019440185546875,0.7615962624549866,2.3793201446533203,-0.8897252082824707
1779968343915782100,8.0357822265625,0.21059578657150269,3.5500433444976807,-1.4535537958145142
1779968343932109800,8.05210986328125,-0.3039054572582245,3.0337095260620117,-1.3967434167861938
1779968343948440600,8.068440673828125,-1.8950567245483398,1.7285959720611572,-2.0054705142974854
1779968343964776000,8.08477587890625,-3.6783251762390137,2.146580457687378,-3.2650747299194336
1779968343981118500,8.101118408203124,-4.764290809631348,2.213623046875,-2.632676601409912
1779968343997456000,8.117455810546875,-3.18245530128479,-6.323982238769531,-3.0327932834625244
1779968344013781800,8.13378173828125,-0.41004329919815063,-9.666637420654297,-7.850076675415039
1779968344030118700,8.15011865234375,1.3613132238388062,1.215927243232727,-5.663789749145508
1779968344046435000,8.16643505859375,0.697149932384491,5.83498477935791,-2.105499744415283
1779968344062775000,8.182775146484374,0.664315938949585,1.5891659259796143,-1.9500346183776855
1779968344079116800,8.19911669921875,-0.5342016816139221,1.141401767730713,-1.7214182615280151
1779968344095445000,8.215445068359376,-1.1956160068511963,-0.33368512988090515,-1.34115469455719
1779968344111762700,8.2317626953125,-0.964403510093689,0.029626963660120964,-0.7046330571174622
1779968344128110000,8.248110107421875,-0.9469938278198242,0.8768970370292664,0.18020524084568024
1779968344144440000,8.264440185546874,-0.7406741380691528,1.5354098081588745,1.0754282474517822
1779968344160767000,8.28076708984375,-0.256868839263916,1.2767083644866943,1.340238332748413
1779968344177106400,8.2971064453125,0.28817567229270935,0.2796235680580139,1.2542591094970703
1779968344193447700,8.31344775390625,0.7438811659812927,-0.3604104816913605,1.2777774333953857
1779968344209754000,8.329754150390626,1.0653489828109741,-0.5316054821014404,1.5363260507583618
1779968344226102800,8.346102783203126,1.259145975112915,-1.2515101432800293,2.0030272006988525
1779968344242440700,8.362440673828125,1.471268892288208,-2.390162944793701,2.5366179943084717
1779968344258768100,8.37876806640625,2.130392551422119,-3.090519905090332,2.8008172512054443
1779968344275098000,8.39509814453125,2.967583417892456,-3.3706016540527344,2.76111102104187
1779968344291415000,8.4114150390625,3.2682816982269287,-3.5466835498809814,3.251635789871216
1779968344307751400,8.42775146484375,2.3712260723114014,-4.218482494354248,3.816380500793457
1779968344324082700,8.444082763671876,-1.1427761316299438,-3.1056389808654785,3.5098788738250732
1779968344340414200,8.460414306640626,-2.6751315593719482,-1.8768835067749023,3.8725802898406982
1779968344356747800,8.476747802734375,-1.986228346824646,-0.6210972666740417,4.362036228179932
1779968344373079800,8.493079833984375,-0.8045095205307007,0.7622070908546448,3.4965927600860596
1779968344389414000,8.509413818359375,0.030543262138962746,-0.6762278079986572,2.154979944229126
1779968344405742800,8.525742919921875,0.5720753073692322,-1.289689302444458,1.9561432600021362
1779968344422079000,8.542078857421876,0.6223189830780029,-0.6979135274887085,1.4998269081115723
1779968344438409200,8.5584091796875,0.3130684494972229,-1.5439618825912476,0.6198754906654358
1779968344454754000,8.574754150390625,0.24007004499435425,-2.0445659160614014,-0.02015855349600315
1779968344471067600,8.591067626953125,-0.26801711320877075,-1.924683690071106,-0.4836525619029999
1779968344487420000,8.607419921875,-0.4433354437351227,-1.5053247213363647,-1.7348573207855225
1779968344503735300,8.6237353515625,0.07498370856046677,0.029016099870204926,-2.937345504760742
1779968344520075000,8.640074951171876,0.029016099870204926,2.6554312705993652,-3.6134207248687744
1779968344536411000,8.656410888671875,-0.19975294172763824,5.80657958984375,-3.2733213901519775
1779968344552744000,8.672743896484375,-0.11056660860776901,7.1674346923828125,-2.1671972274780273
1779968344569063400,8.6890634765625,-0.5711590051651001,2.657111167907715,3.078913450241089
1779968344585398000,8.70539794921875,0.6788240075111389,-1.0363328456878662,5.461287975311279
1779968344601726000,8.721725830078125,1.5722143650054932,0.694248378276825,2.4520130157470703
1779968344618079500,8.73807958984375,2.459648847579956,0.5157229900360107,-0.3171917796134949
1779968344634404000,8.754404052734374,1.1827877759933472,0.7050912380218506,-0.9193521738052368
1779968344650745600,8.77074560546875,0.02535090781748295,2.908634901046753,-2.4468207359313965
1779968344667063600,8.7870634765625,-0.4225660264492035,4.0883684158325195,-3.3954944610595703
1779968344683405600,8.803405517578126,-1.7353154420852661,3.4718525409698486,-2.9152016639709473
1779968344699736300,8.819736328125,-2.819143056869507,2.362368583679199,-3.6471710205078125
1779968344716076000,8.836075927734376,-3.905872344970703,2.3385448455810547,-3.9012908935546875
1779968344732396800,8.852396728515625,-3.3736560344696045,-2.56257963180542,-1.74356210231781
1779968344748735200,8.8687353515625,-2.0302107334136963,-6.590167045593262,-5.264741897583008
1779968344765047300,8.88504736328125,0.5865833759307861,-0.8147414922714233,-5.558262825012207
1779968344781385000,8.901385009765624,0.9967793822288513,3.541949510574341,-3.589749574661255
1779968344797715500,8.917715576171876,0.2070833146572113,1.5774067640304565,-2.4909558296203613
1779968344814055200,8.93405517578125,0.17638733983039856,0.927446186542511,-2.161241292953491
1779968344830380300,8.95038037109375,-0.7999280095100403,1.5650367736816406,-1.4926491975784302
1779968344846710500,8.96671044921875,-1.0207557678222656,-0.5151121020317078,-1.0409144163131714
1779968344863048400,8.98304833984375,-0.9469938278198242,0.2041817009449005,-0.0679587572813034
1779968344879382500,8.999382568359374,-0.8843801617622375,1.0761919021606445,0.884227454662323
1779968344895717600,9.015717529296875,-0.4199698567390442,1.5300647020339966,1.4227051734924316
1779968344912037400,9.032037353515625,0.09025534242391586,0.5893322229385376,1.471421718597412
1779968344928376600,9.04837646484375,0.4766276180744171,-0.44974952936172485,1.4451544284820557
1779968344944692500,9.0646923828125,0.8303185701370239,-0.4535674452781677,1.7956384420394897
1779968344961047300,9.08104736328125,1.1992812156677246,-0.4570799171924591,2.1426098346710205
1779968344977392400,9.097392333984375,1.140179991722107,-1.2049317359924316,2.489581346511841
1779968344993720000,9.113719970703125,1.0181596279144287,-2.2853996753692627,2.956129550933838
1779968345010051000,9.130051025390625,1.5068517923355103,-2.8649580478668213,3.536298990249634
1779968345026383400,9.14638330078125,2.431701898574829,-3.081815242767334,3.6725218296051025
1779968345042713000,9.162713134765625,2.818990468978882,-3.3171510696411133,3.829819679260254
1779968345059048400,9.17904833984375,2.16964054107666,-4.043316841125488,3.5795176029205322
1779968345075380700,9.195380615234376,-0.5436700582504272,-4.240321159362793,3.0503556728363037
1779968345091713000,9.211713134765626,-2.5164594650268555,-2.713463306427002,4.0156755447387695
1779968345108042800,9.228042724609375,-2.1316142082214355,-1.214400053024292,4.704731464385986
1779968345124377900,9.2443779296875,-0.7774787545204163,-0.3943135142326355,3.9128973484039307
1779968345140706300,9.260706298828126,0.2750420868396759,-0.8979719281196594,2.526844024658203
1779968345157044700,9.277044677734375,0.9396634697914124,-0.5812382698059082,1.5363260507583618
1779968345173372200,9.2933720703125,1.0067058801651,-0.3764457106590271,0.4236350357532501
1779968345189720300,9.30972021484375,0.5160284042358398,-1.0109820365905762,-0.4337143301963806
1779968345206051300,9.32605126953125,0.2295326143503189,-1.404226541519165,-0.6818783283233643
1779968345222356200,9.342356201171874,-0.3982841372489929,-1.2738068103790283,-0.7406741380691528
1779968345238694100,9.358694091796876,-0.8310821652412415,-1.4205671548843384,-1.2582297325134277
1779968345255036000,9.375035888671874,-0.502436637878418,-1.1481212377548218,-2.3597724437713623
1779968345271350000,9.39135009765625,0.030237829312682152,0.633009135723114,-3.3261611461639404
1779968345287686000,9.407685791015625,0.051770828664302826,3.695887565612793,-3.2401819229125977
1779968345304018000,9.424017822265625,0.15347988903522491,6.769303321838379,-2.4642302989959717
1779968345320350500,9.4403505859375,-0.23396138846874237,6.664539813995361,-0.22388210892677307
1779968345336669400,9.45666943359375,-0.10613783448934555,0.5717698931694031,4.96419620513916
1779968345353015300,9.473015380859374,0.7380779385566711,0.3396410644054413,3.4547483921051025
1779968345369345800,9.489345703125,2.414292097091675,0.2076941877603531,-0.7721336483955383
1779968345385678000,9.505677978515624,1.2450960874557495,0.3159700334072113,-0.09193521738052368
1779968345402010000,9.522010009765625,0.2893974184989929,3.1946725845336914,-0.826195240020752
1779968345418343400,9.538343505859375,-0.8115344643592834,4.49383020401001,-2.071444034576416
1779968345434676200,9.55467626953125,-2.065182685852051,3.2757649421691895,-2.525927782058716
1779968345451025700,9.571025634765626,-2.817157745361328,1.3190107345581055,-3.866318941116333
1779968345467340000,9.587340087890626,-3.950160026550293,1.8613064289093018,-4.757112979888916
1779968345483681000,9.603680908203126,-3.608991861343384,-1.2434161901474,-2.8231136798858643
1779968345500006700,9.620006591796875,-1.463022232055664,-5.168225288391113,-5.843842506408691
1779968345516351200,9.636351318359376,0.7932085394859314,-0.2883284091949463,-5.876981735229492
1779968345532689400,9.652689453125,0.5873469114303589,2.9466612339019775,-3.3599116802215576
1779968345549008100,9.669008056640624,0.012217304669320583,1.0693196058273315,-2.2963950634002686
1779968345565345800,9.685345703125,0.041691552847623825,0.6998988389968872,-1.9037615060806274
1779968345581678800,9.701678955078124,-0.9248499870300293,1.5430456399917603,-1.4450017213821411
1779968345597999600,9.71799951171875,-1.292590856552124,-0.266642689704895,-1.2646437883377075
1779968345614340400,9.73434033203125,-0.9627236127853394,-0.07208210229873657,-0.9221010804176331
1779968345630680000,9.75068017578125,-0.9879218339920044,0.1966986060142517,0.11194105446338654
1779968345647009300,9.76700927734375,-0.7194465398788452,1.0844385623931885,0.9320276379585266
1779968345663331300,9.783331298828125,-0.1518000066280365,0.68951416015625,1.256244421005249
1779968345679681000,9.799680908203126,0.3550654351711273,-0.3433062732219696,1.264491081237793
1779968345696000800,9.816000732421875,0.8268061280250549,-0.48808133602142334,1.4593570232391357
1779968345712340700,9.8323408203125,1.1174252033233643,-0.33246341347694397,1.8031214475631714
1779968345728670200,9.848670166015625,1.0937541723251343,-1.1665998697280884,2.338697671890259
1779968345744981800,9.864981689453124,1.2612839937210083,-2.9634599685668945,3.0239357948303223
1779968345761306400,9.881306396484375,2.0619757175445557,-4.097989559173584,3.3565518856048584
1779968345777647900,9.89764794921875,3.1780264377593994,-3.975205659866333,3.261104106903076
1779968345793987600,9.913987548828125,3.6198346614837646,-3.529121160507202,3.1161763668060303
1779968345810318300,9.930318359375,2.4863743782043457,-4.711909294128418,3.369074583053589
1779968345826648800,9.94664892578125,-1.4187345504760742,-4.347680568695068,3.409086227416992
1779968345842982700,9.962982666015625,-3.0993776321411133,-2.8382327556610107,4.208708763122559
1779968345859311400,9.979311279296875,-2.6818511486053467,-1.302364706993103,4.84248161315918
1779968345875647500,9.9956474609375,-1.476919412612915,0.2779437005519867,4.061643123626709
1779968345891981300,10.011981201171874,0.07620543986558914,-1.5761851072311401,2.3325889110565186
1779968345908311800,10.028311767578124,1.3852896690368652,-1.1910345554351807,1.5209017992019653
1779968345924643800,10.044643798828124,1.277166485786438,-0.20525072515010834,0.8625417351722717
1779968345940984600,10.060984619140624,0.8356636762619019,-0.7622070908546448,0.26313021779060364
1779968345957328000,10.077327880859375,0.7289149761199951,-1.4761558771133423,-0.1849394589662552
1779968345973654000,10.093654052734376,0.022449297830462456,-1.723708987236023,-0.3605632185935974
1779968345989984000,10.10998388671875,-0.6801984310150146,-1.3825408220291138,-1.1104003190994263
1779968346006304500,10.126304443359375,-0.7913759350776672,-0.09972374886274338,-2.521498918533325
1779968346022652400,10.14265234375,-0.5490151643753052,1.6035212278366089,-3.38938570022583
1779968346038983400,10.1589833984375,-0.02932153269648552,4.2555928230285645,-3.6019668579101562
1779968346055315500,10.1753154296875,0.12247848510742188,6.643923282623291,-2.772564649581909
1779968346071646200,10.191646240234375,-0.4101960062980652,5.15967321395874,0.6940956115722656
1779968346087979300,10.207979248046875,-0.3695734739303589,0.3732386529445648,5.85056209564209
1779968346104296000,10.2242958984375,0.8837692737579346,1.7076737880706787,1.6139060258865356
1779968346120643800,10.240643798828126,2.38741397857666,0.20586158335208893,-1.7055357694625854
1779968346136962800,10.256962890625,0.650418758392334,1.952783465385437,-0.8301658630371094
1779968346153308000,10.273307861328124,-0.08659014850854874,3.682448387145996,-1.6288721561431885
1779968346169608400,10.2896083984375,-1.2542591094970703,3.305391788482666,-1.926210880279541
1779968346185973800,10.305973876953125,-1.9611828327178955,1.2060006856918335,-2.2043073177337646
1779968346202300400,10.322300537109374,-2.4663684368133545,0.33857205510139465,-3.8447859287261963
1779968346218623700,10.338623779296874,-3.3715178966522217,0.7434229850769043,-3.9770381450653076
1779968346234963000,10.354962890625,-2.2760839462280273,-2.2910501956939697,-1.9494236707687378
1779968346251275000,10.37127490234375,-0.8408560156822205,-2.6508498191833496,-7.550294399261475
1779968346267623700,10.387623779296876,0.8022187948226929,1.866346001625061,-5.908441543579102
1779968346283953400,10.403953369140625,0.6305656433105469,3.36708927154541,-3.037069320678711
1779968346300284200,10.4202841796875,0.4219551682472229,0.5529857873916626,-2.4547619819641113
1779968346316606000,10.43660595703125,-0.03375030308961868,1.3797918558120728,-2.1536054611206055
1779968346332937200,10.452937255859375,-0.718224823474884,0.02977968007326126,-2.0143282413482666
1779968346349283800,10.469283935546875,-0.9844093322753906,-1.6552921533584595,-0.9758572578430176
1779968346365614600,10.485614501953124,-0.964403510093689,-0.43478333950042725,0.22220222651958466
1779968346381947000,10.50194677734375,-0.6543893814086914,0.6811147332191467,1.0920743942260742
1779968346398266400,10.518266357421876,-0.08139779418706894,0.5193881988525391,1.500590443611145
1779968346414609400,10.534609375,0.395077109336853,-0.2635883390903473,1.6056592464447021
1779968346430957300,10.550957275390624,0.6863071322441101,-0.3026837408542633,1.9407188892364502
1779968346447317000,10.56731689453125,0.9946413636207581,-0.4583016633987427,2.3318252563476562
1779968346463605500,10.58360546875,1.1438452005386353,-1.396132469177246,2.5957190990448
1779968346479952400,10.599952392578125,1.0769554376602173,-2.9715540409088135,2.937345504760742
1779968346496292000,10.6162919921875,1.011745572090149,-3.9377901554107666,3.7304012775421143
1779968346512620000,10.6326201171875,1.7989981174468994,-3.1583261489868164,4.005596160888672
1779968346528947500,10.648947509765625,2.8927524089813232,-2.09694766998291,4.0410261154174805
1779968346545306600,10.665306640625,2.987436532974243,-2.0363192558288574,3.958559513092041
1779968346561594000,10.681593994140625,0.5357288122177124,-3.026379108428955,3.428786516189575
1779968346577942300,10.6979423828125,-2.2653937339782715,-2.096794843673706,3.5051448345184326
1779968346594275000,10.714275146484376,-1.761582612991333,-1.0877982378005981,4.105930805206299
1779968346610599400,10.730599365234376,-0.7915286421775818,0.6441574096679688,3.8673877716064453
1779968346626944000,10.746944091796875,-0.14966198801994324,-1.401172161102295,2.8715248107910156
1779968346643281700,10.76328173828125,0.8139779567718506,-2.0303633213043213,1.5691601037979126
1779968346659607000,10.77960693359375,1.1574369668960571,-0.06383541971445084,0.2590068578720093
1779968346675928600,10.795928466796875,0.531758189201355,-0.6623306274414062,-0.7292203903198242
1779968346692276200,10.812276123046875,0.19914206862449646,-1.094365119934082,-0.9671524167060852
1779968346708600300,10.828600341796875,-0.22647829353809357,-1.1100949048995972,-0.8304712772369385
1779968346724922000,10.844922119140625,-0.5992587804794312,-0.6939429044723511,-1.5483906269073486
1779968346741253600,10.861253662109375,-0.53328537940979,-0.47479501366615295,-2.5314254760742188
1779968346757589000,10.877589111328126,-0.1547016203403473,1.2773191928863525,-3.344181776046753
1779968346773918000,10.89391796875,0.07956519722938538,4.073860168457031,-2.9437596797943115
1779968346790251800,10.910251708984376,0.044287730008363724,6.45180606842041,-1.9336938858032227
1779968346806591500,10.926591552734376,-0.48029279708862305,5.0685014724731445,1.2040153741836548
1779968346822918400,10.94291845703125,0.16279558837413788,0.3171917796134949,4.945717811584473
1779968346839259100,10.959259033203125,0.7345654368400574,0.3842342495918274,2.621833562850952
1779968346855578400,10.975578369140624,1.666898488998413,1.9176586866378784,-0.8969029188156128
1779968346871911700,10.99191162109375,1.5247195959091187,0.670577347278595,-1.2725850343704224
1779968346888250400,11.00825048828125,-0.7449501752853394,0.8611672520637512,-2.536923408508301
1779968346904566800,11.02456689453125,-1.5812246799468994,5.039332866668701,-3.2702670097351074
1779968346920924400,11.04092431640625,-1.6174184083938599,5.226257801055908,-2.353052854537964
1779968346937261600,11.057261474609374,-2.016160726547241,1.9588921070098877,-1.9034560918807983
1779968346953590300,11.07359033203125,-2.4075727462768555,-1.009149432182312,-2.068084239959717
1779968346969920000,11.089919921875,-2.1560487747192383,-3.1024317741394043,-2.084730386734009
1779968346986255600,11.106255615234375,-1.1994339227676392,-3.9127445220947266,-4.980690002441406
1779968347002587100,11.122587158203125,0.11881329119205475,-0.7725918292999268,-6.798319339752197
1779968347018918100,11.138918212890625,0.3882048726081848,3.3701436519622803,-4.409836292266846
1779968347035250400,11.15525048828125,0.10216721147298813,2.5257749557495117,-2.330909013748169
1779968347051566600,11.171566650390625,-0.03298672288656235,0.5170974135398865,-2.2603540420532227
1779968347067916500,11.18791650390625,-1.3318389654159546,1.1756101846694946,-1.6030631065368652
1779968347084247000,11.2042470703125,-1.7156150341033936,-0.07941248267889023,-1.155909776687622
1779968347100575000,11.220574951171875,-1.2634220123291016,0.6391177773475647,-0.7205155491828918
1779968347116916500,11.23691650390625,-0.9416487812995911,0.5740606188774109,0.32940909266471863
1779968347133244200,11.253244140625,-0.5103778839111328,0.9436340928077698,1.116508960723877
1779968347149560300,11.269560302734375,0.09651670604944229,0.6020076870918274,1.224173903465271
1779968347165908500,11.285908447265625,0.5174028873443604,-0.45463645458221436,1.3468050956726074
1779968347182240500,11.302240478515625,0.8516988754272461,-1.1212431192398071,1.5522085428237915
1779968347198572000,11.318572021484375,1.2394455671310425,-0.9146180152893066,1.9619464874267578
1779968347214889200,11.33488916015625,1.2855658531188965,-1.1693488359451294,2.380694627761841
1779968347231225000,11.35122509765625,1.018770456314087,-2.1394028663635254,2.900999069213867
1779968347247556900,11.367556884765625,1.299310326576233,-3.0393600463867188,3.477961301803589
1779968347263889400,11.383889404296875,2.305710792541504,-3.1861205101013184,3.4602460861206055
1779968347280219600,11.4002197265625,2.912147283554077,-3.1135802268981934,3.4768922328948975
1779968347296554000,11.416553955078125,2.431854486465454,-3.9072468280792236,3.628844976425171
1779968347312872700,11.432872802734375,0.47998735308647156,-4.245360851287842,3.4550538063049316
1779968347329220600,11.449220703125,-2.0842721462249756,-2.5337162017822266,3.925420045852661
1779968347345549000,11.465549072265626,-2.2514965534210205,-0.9983065128326416,4.642117500305176
1779968347361883400,11.48188330078125,-0.6403394937515259,-0.47678032517433167,4.07889986038208
1779968347378215700,11.498215576171875,0.5349652171134949,-0.9714284539222717,2.828000545501709
1779968347394547700,11.514547607421875,0.9666942358016968,-0.6768386960029602,1.9469802379608154
1779968347410879200,11.530879150390625,1.354135513305664,-0.9921978712081909,0.9230173826217651
1779968347427227600,11.5472275390625,0.9842566251754761,-1.168585181236267,-0.09834930300712585
1779968347443553800,11.5635537109375,0.6653849482536316,-1.1217013597488403,-0.7420485615730286
1779968347459878700,11.579878662109374,0.19776763021945953,-1.15178644657135,-0.9802860021591187
1779968347476216300,11.59621630859375,-0.6918048858642578,-0.8526151776313782,-1.1293370723724365
1779968347492558800,11.612558837890624,-1.2098186016082764,-0.9341656565666199,-2.252412796020508
1779968347508864300,11.6288642578125,-1.0881037712097168,-0.23518311977386475,-3.1418325901031494
1779968347525218300,11.64521826171875,-0.5201517343521118,2.437047004699707,-3.3869423866271973
1779968347541545200,11.661545166015625,-0.08735372871160507,5.052924633026123,-3.202461004257202
1779968347557888300,11.67788818359375,0.006261368747800589,6.816034317016602,-2.7658450603485107
1779968347574214100,11.694214111328124,-0.6024658679962158,5.114011287689209,0.7887797355651855
1779968347590544100,11.710544189453126,0.1820378452539444,0.25366178154945374,4.755280494689941
1779968347606887700,11.7268876953125,0.7507534027099609,0.18509216606616974,2.830291509628296
1779968347623213600,11.743213623046875,2.3185391426086426,0.08765916526317596,-0.956156849861145
1779968347639543300,11.759543212890625,1.896583914756775,-0.3903428912162781,-1.1858421564102173
1779968347655877400,11.77587744140625,0.08216137439012527,3.2172744274139404,-1.8025106191635132
1779968347672211500,11.79221142578125,-0.34758231043815613,6.3971333503723145,-3.003624439239502
1779968347688543000,11.80854296875,-1.5158621072769165,5.003597259521484,-2.4269676208496094
1779968347704853500,11.824853515625,-2.658027410507202,1.5476270914077759,-2.1702516078948975
1779968347721194000,11.841194091796876,-3.649156332015991,-0.20265454053878784,-2.303725481033325
1779968347737525200,11.857525146484376,-3.1312952041625977,-2.8380799293518066,-1.468061923980713
1779968347753856000,11.87385595703125,-1.7398968935012817,-5.695402145385742,-4.64501953125
1779968347770191000,11.890191162109375,-0.05100724846124649,-2.11283016204834,-6.03214168548584
1779968347786518500,11.9065185546875,0.47418415546417236,3.1340441703796387,-3.7649152278900146
1779968347802854100,11.922854248046875,-0.12751811742782593,2.3205244541168213,-2.602133274078369
1779968347819189000,11.93918896484375,0.15683965384960175,-0.28955012559890747,-2.169029712677002
1779968347835518500,11.9555185546875,-0.5517640113830566,1.3807082176208496,-1.6465872526168823
1779968347851849500,11.971849365234375,-1.2261592149734497,0.8437576293945312,-1.4608842134475708
1779968347868183000,11.98818310546875,-1.1818715333938599,-0.4479169547557831,-1.2655600309371948
1779968347884508200,12.004508056640624,-0.9920451641082764,0.15241087973117828,-0.2883284091949463
1779968347900844300,12.02084423828125,-0.6840163469314575,0.7605272531509399,0.4789183437824249
1779968347917198600,12.037198486328125,-0.12461651116609573,1.1444560289382935,1.056491494178772
1779968347933524000,12.05352392578125,0.4537201523780823,-0.08002334833145142,1.3029755353927612
1779968347949856300,12.069856201171875,0.8709411025047302,-1.2753338813781738,1.4204144477844238
1779968347966188500,12.0861884765625,1.2475395202636719,-1.1320860385894775,1.7996090650558472
1779968347982506200,12.10250634765625,1.394452691078186,-1.0198395252227783,2.4271204471588135
1779968348015180500,12.1351806640625,1.9562959671020508,-4.089437484741211,3.2391128540039062
1779968348031502300,12.15150244140625,2.4782803058624268,-3.637244462966919,2.8796188831329346
1779968348047859700,12.167859619140625,2.5474607944488525,-2.6448938846588135,3.318678140640259
1779968348064184800,12.184184814453126,1.32863187789917,-2.4216225147247314,3.8985419273376465
1779968348080495400,12.200495361328125,-1.0047205686569214,-2.37321138381958,3.6939022541046143
1779968348096852700,12.216852783203125,-2.524247884750366,-0.5641340613365173,4.640743255615234
1779968348113178400,12.233178466796875,-1.5792393684387207,1.387580394744873,4.747033596038818
1779968348129519900,12.249519775390626,-0.265573650598526,0.19853121042251587,3.268587112426758
1779968348145828000,12.265828125,0.7704538106918335,-0.5134322643280029,2.5957190990448
1779968348162151200,12.282151123046875,1.3555099964141846,-0.7783950567245483,2.083050489425659
1779968348178485500,12.298485595703125,1.4283556938171387,-0.8910996913909912,1.1252137422561646
1779968348194849500,12.314849609375,1.0998629331588745,-1.9088011980056763,0.2863430976867676
1779968348211155700,12.33115576171875,0.7774787545204163,-2.4665210247039795,-0.2669481039047241
1779968348227492900,12.347492919921875,-0.14813482761383057,-2.4013113975524902,-0.43508878350257874
1779968348243821300,12.3638212890625,-0.8626944422721863,-1.5735888481140137,-1.1757628917694092
1779968348260156200,12.38015625,-0.9695958495140076,-0.45433104038238525,-2.567924737930298
1779968348276490000,12.396489990234375,-0.7344127297401428,2.0836613178253174,-3.0474538803100586
1779968348292822000,12.412822021484375,-0.39706242084503174,4.368144512176514,-2.9491047859191895
1779968348309153000,12.429153076171875,-0.0630718395113945,5.356371879577637,-2.3432791233062744
1779968348325473500,12.4454736328125,-0.5227479338645935,3.7424659729003906,-0.660192608833313
1779968348341807900,12.461807861328126,-0.24846944212913513,2.4666738510131836,3.768733024597168
1779968348358149400,12.4781494140625,0.735634446144104,2.902678966522217,1.5752687454223633
1779968348374482400,12.494482421875,1.9182696342468262,0.23380866646766663,-1.3423763513565063
1779968348390817000,12.510817138671875,0.7800748944282532,0.21792617440223694,-0.831845760345459
1779968348407148000,12.52714794921875,-0.42302417755126953,3.464674949645996,-0.8153523802757263
1779968348423494000,12.543493896484375,-1.040150761604309,3.2253684997558594,-1.9950858354568481
1779968348439812600,12.5598125,-1.98500657081604,1.9538525342941284,-1.771356463432312
1779968348456159200,12.5761591796875,-2.4223861694335938,0.25854870676994324,-2.493093729019165
1779968348472491300,12.5924912109375,-2.7760770320892334,-0.7221954464912415,-3.187800168991089
1779968348488827600,12.60882763671875,-2.3857343196868896,-2.6116015911102295,-2.372753381729126
1779968348505135000,12.625135009765625,-0.9483683109283447,-3.1746666431427,-4.910593032836914
1779968348521490000,12.641489990234374,0.4986187517642975,0.36819902062416077,-7.716144561767578
1779968348537817900,12.65781787109375,0.7228062748908997,3.8400516510009766,-4.312403202056885
1779968348554158300,12.674158447265626,0.13744467496871948,1.566258430480957,-2.135432243347168
1779968348570482700,12.690482666015624,0.042760565876960754,-0.4714352488517761,-1.9872974157333374
1779968348586816800,12.706816650390625,-0.7751879692077637,1.0670288801193237,-1.6357444524765015
1779968348603147000,12.72314697265625,-1.538464069366455,0.6478226184844971,-1.1711814403533936
1779968348619485400,12.7394853515625,-1.1951578855514526,1.025948166847229,-1.0335839986801147
1779968348635796200,12.755796142578125,-1.1062769889831543,0.4352414906024933,-0.16264286637306213
1779968348652119600,12.77211962890625,-0.9254608750343323,0.93095862865448,0.6502660512924194
1779968348668478200,12.788478271484376,-0.2603813111782074,0.782976508140564,1.165378212928772
1779968348684774100,12.804774169921876,0.4205807149410248,-0.3901901841163635,1.4555391073226929
1779968348701124400,12.821124267578124,0.9167560338973999,-1.1050552129745483,1.585806131362915
1779968348717464000,12.837464111328124,1.3168727159500122,-0.8011497855186462,1.9726365804672241
1779968348733793300,12.853793212890626,1.3619240522384644,-1.2849550247192383,2.780200481414795
1779968348750123300,12.870123291015625,1.4815009832382202,-3.0778446197509766,3.333644390106201
1779968348766461700,12.886461669921875,2.386345148086548,-3.732692003250122,2.8686232566833496
1779968348782790000,12.902789794921874,2.9663615226745605,-3.3429601192474365,2.5638015270233154
1779968348799121400,12.919121337890624,2.2705860137939453,-3.5417966842651367,3.855781316757202
1779968348815453400,12.935453369140625,0.5115996599197388,-3.261104106903076,4.120591640472412
1779968348831786500,12.951786376953125,-1.2330315113067627,-3.321732521057129,3.7592647075653076
1779968348848120800,12.968120849609376,-2.4573581218719482,-1.4066699743270874,4.416555881500244
1779968348864450300,12.9844501953125,-2.084730386734009,0.8498662710189819,4.835456371307373
1779968348880780800,13.00078076171875,-0.9628763198852539,0.503047525882721,3.6500725746154785
1779968348897122800,13.017122802734375,0.0022907445672899485,-0.2958115041255951,2.2124011516571045
1779968348913461800,13.033461669921875,0.9764680862426758,0.19349156320095062,1.3877331018447876
1779968348929798100,13.049798095703125,1.3199270963668823,0.17027868330478668,0.6252205967903137
1779968348946124000,13.0661240234375,0.9196576476097107,-1.0380127429962158,0.13255776464939117
1779968348962457600,13.08245751953125,0.7509061098098755,-1.714240550994873,-0.19837848842144012
1779968348978774300,13.098774169921874,-0.07742717117071152,-2.3177754878997803,-0.3003929853439331
1779968348995123700,13.115123779296875,-0.9111055135726929,-2.3411409854888916,-1.1337659358978271
1779968349011453700,13.13145361328125,-1.0586295127868652,-1.4136948585510254,-2.637868881225586
1779968349027788300,13.147788330078125,-1.143081545829773,1.397354245185852,-3.28523325920105
1779968349044103700,13.164103759765625,-0.6656904220581055,4.637689113616943,-3.2846224308013916
1779968349060450600,13.180450439453125,-0.08017606288194656,7.0974907875061035,-2.1908681392669678
1779968349076765700,13.196765625,-0.24908030033111572,4.895473957061768,0.9489791393280029
1779968349093121000,13.21312109375,0.6236934065818787,0.8286387324333191,4.654335021972656
1779968349109435100,13.22943505859375,1.1102476119995117,0.9764680862426758,1.2942707538604736
1779968349125779700,13.24577978515625,1.8698585033416748,0.7527387142181396,-0.5380195379257202
1779968349142097700,13.26209765625,1.6534595489501953,1.1546880006790161,-1.1296426057815552
1779968349158462700,13.278462646484375,0.18616119027137756,5.151731967926025,-2.4501805305480957
1779968349174774800,13.29477490234375,-0.3778201639652252,4.486499786376953,-2.28326153755188
1779968349191096800,13.311096923828124,-1.116814374923706,2.2437081336975098,-1.3478741645812988
1779968349207428000,13.327427978515624,-1.6901113986968994,0.47342056035995483,-1.6015359163284302
1779968349223761200,13.34376123046875,-2.7670669555664062,0.47219884395599365,-2.4026856422424316
1779968349240081000,13.360080810546876,-3.082273244857788,-0.7266241908073425,-1.7134770154953003
1779968349256415500,13.37641552734375,-2.2324070930480957,-3.8741073608398438,-2.2325596809387207
1779968349272755500,13.39275537109375,-1.1910345554351807,-4.78429651260376,-7.155370235443115
1779968349289105000,13.40910498046875,0.168751522898674,2.0894646644592285,-6.0147318840026855
1779968349305422600,13.425422607421876,0.11041389405727386,4.739245414733887,-2.3739750385284424
1779968349321755000,13.4417548828125,0.2393064647912979,0.4584543704986572,-1.3397802114486694
1779968349338087400,13.45808740234375,-0.09575312584638596,0.8862127661705017,-1.4338533878326416
1779968349354421500,13.47442138671875,-0.9860892295837402,0.35414913296699524,-1.7774651050567627
1779968349370750200,13.490750244140624,-1.2753338813781738,-1.1197160482406616,-0.9711230397224426
1779968349387083500,13.50708349609375,-0.9153815507888794,-0.43936482071876526,-0.30314189195632935
1779968349403405600,13.523405517578125,-0.6411030888557434,0.7174612283706665,0.6304129362106323
1779968349419737300,13.5397373046875,-0.19089539349079132,1.2302825450897217,1.2095131874084473
1779968349436074800,13.55607470703125,0.2736676335334778,0.603076696395874,1.4469870328903198
1779968349452422400,13.57242236328125,0.6982190012931824,-0.12186761945486069,1.5543465614318848
1779968349468742700,13.58874267578125,1.0584768056869507,-0.5778785347938538,1.7289013862609863
1779968349485063000,13.60506298828125,1.2289081811904907,-1.0566442012786865,2.0092885494232178
1779968349501575000,13.621574951171874,1.2165381908416748,-1.9297232627868652,2.5305092334747314
1779968349517739500,13.637739501953124,1.5173892974853516,-3.168405294418335,2.956740617752075
1779968349534074000,13.65407421875,2.3350324630737305,-3.8562395572662354,3.1117475032806396
1779968349550407200,13.6704072265625,2.908482074737549,-3.6535849571228027,3.0379855632781982
1779968349566738700,13.68673876953125,3.0256154537200928,-3.618154764175415,3.1728341579437256
1779968349583069400,13.7030693359375,1.7301230430603027,-3.9012908935546875,3.067765235900879
1779968349599417000,13.7194169921875,-0.7924449443817139,-3.235600471496582,3.4689509868621826
1779968349615753500,13.73575341796875,-1.6849191188812256,-0.8196284174919128,4.165184497833252
1779968349632077000,13.7520771484375,-1.0461066961288452,0.7872526049613953,3.89732027053833
1779968349648400100,13.768400146484375,-0.021991148591041565,-1.0257954597473145,2.4634668827056885
1779968349664733400,13.7847333984375,0.9592111706733704,-3.12091064453125,1.6815593242645264
1779968349681065200,13.801065185546875,1.249372124671936,-1.9173532724380493,1.2240211963653564
1779968349697397200,13.817397216796875,0.6007859706878662,-1.3125966787338257,0.5154175758361816
1779968349713728300,13.833728271484375,0.6288857460021973,-1.732261061668396,-0.16661348938941956
1779968349730062600,13.8500625,0.2756529450416565,-2.152689218521118,-0.4602869749069214
1779968349746393000,13.86639306640625,-0.5316054821014404,-1.5859588384628296,-1.1157454252243042
1779968349762726700,13.8827265625,-0.8761335015296936,-0.792750358581543,-2.339613914489746
1779968349779060000,13.89906005859375,-0.6692028641700745,1.6563611030578613,-2.8800768852233887
1779968349795392800,13.915392822265625,-0.2577851414680481,4.603938579559326,-2.9277243614196777
1779968349811721000,13.931720947265624,0.027947084978222847,6.269157409667969,-2.3890938758850098
1779968349828053000,13.948052978515625,-0.3084869384765625,4.168391704559326,-0.3335324227809906
1779968349844388600,13.964388671875,-0.22540926933288574,0.9045386910438538,3.891517162322998
1779968349860716300,13.98071630859375,0.535881519317627,2.869234085083008,2.4976751804351807
1779968349877057300,13.997057373046875,1.7443257570266724,1.3081679344177246,-1.42637038230896
1779968349893401600,14.013401611328124,0.7675521969795227,0.9202684760093689,-0.755182147026062
1779968349909728000,14.02972802734375,0.10812314599752426,2.029905319213867,-0.44104471802711487
1779968349926064000,14.046064208984374,-0.7701483368873596,2.4912612438201904,-1.1047497987747192
1779968349942395100,14.06239501953125,-1.7351627349853516,2.1264219284057617,-1.5427402257919312
1779968349958726400,14.078726318359376,-2.3287711143493652,0.9650143980979919,-3.1280882358551025
1779968349975044600,14.095044677734375,-3.4440581798553467,2.1277964115142822,-4.317442893981934
1779968349999552000,14.119552001953124,-3.1916182041168213,-1.1927143335342407,-0.8303185701370239
1779968350015890000,14.135889892578126,-1.711338996887207,-5.00039005279541,-6.278931140899658
1779968350032204300,14.152204345703124,0.19547687470912933,-0.19120082259178162,-5.787795543670654
1779968350048542500,14.16854248046875,0.5919284224510193,3.240792751312256,-2.9686524868011475
1779968350064857900,14.18485791015625,0.28298333287239075,1.253495454788208,-2.3846652507781982
1779968350081210000,14.201210205078125,0.3975205719470978,0.7202101349830627,-1.8038851022720337
1779968350097536300,14.217536376953126,-0.14874568581581116,2.453234910964966,-1.514793038368225
1779968350113873200,14.233873046875,-0.6940956115722656,-0.44852781295776367,-1.7087428569793701
1779968350130218000,14.250218017578124,-0.836885392665863,-1.3303117752075195,-0.6499606370925903
1779968350146546700,14.266546630859375,-0.9034696817398071,-0.21609358489513397,0.42470407485961914
1779968350162878500,14.28287841796875,-0.5381723046302795,0.8645270466804504,1.0910053253173828
1779968350179214000,14.299214111328125,-0.003817907767370343,0.7168503403663635,1.5210545063018799
1779968350195526400,14.3155263671875,0.4421137273311615,-0.18555031716823578,1.645365595817566
1779968350211864300,14.3318642578125,0.8223773241043091,-0.1973094791173935,2.004554271697998
1779968350228196900,14.34819677734375,0.9566149711608887,-0.4086688458919525,2.3664920330047607
1779968350244535300,14.364535400390626,1.0766500234603882,-1.7269160747528076,2.6707029342651367
1779968350260862200,14.3808623046875,1.3368785381317139,-3.2757649421691895,2.984534978866577
1779968350277189400,14.397189453125,2.035097599029541,-3.475670576095581,3.2429308891296387
1779968350293528600,14.413528564453125,2.6067147254943848,-3.029128074645996,3.0503556728363037
1779968350309857300,14.429857177734375,2.4017693996429443,-2.8790078163146973,3.707035779953003
1779968350326190800,14.44619091796875,1.463022232055664,-2.6542093753814697,3.7730093002319336
1779968350342522000,14.462522216796875,-0.21212296187877655,-2.4993550777435303,3.4177911281585693
1779968350358854400,14.4788544921875,-1.5121968984603882,-1.0308351516723633,3.978107213973999
1779968350375189000,14.49518896484375,-0.5502368807792664,0.727082371711731,3.6532795429229736
1779968350391531500,14.511531494140625,0.9318749308586121,-0.8006916046142578,2.5280659198760986
1779968350407852000,14.52785205078125,1.2315043210983276,-1.044274091720581,2.613281488418579
1779968350424196400,14.5441962890625,1.2501357793807983,-0.5775730609893799,2.3072381019592285
1779968350440524300,14.560524169921875,0.8225300312042236,-0.7727445363998413,1.1436924934387207
1779968350456859100,14.576859130859376,0.45402559638023376,-1.2722796201705933,0.1238529309630394
1779968350473167600,14.593167724609375,0.28496864438056946,-1.256244421005249,-0.7559457421302795
1779968350489500700,14.609500732421875,-0.4027129113674164,-1.00502610206604,-1.147357702255249
1779968350505849000,14.62584912109375,-1.0080803632736206,-0.8677340745925903,-1.4637858867645264
1779968350522176500,14.642176513671876,-1.3103059530258179,-1.0881037712097168,-1.9792033433914185
1779968350538509000,14.658509033203124,-1.2350168228149414,-0.3104722499847412,-2.316553831100464
1779968350554842400,14.67484228515625,-0.967915952205658,1.2067643404006958,-1.88864266872406
1779968350571176200,14.69117626953125,-0.36071592569351196,2.233934164047241,-1.521665334701538
1779968350587516400,14.707516357421875,-0.07757988572120667,3.3822081089019775,-0.09040805697441101
1779968350603840800,14.7238408203125,0.09453139454126358,4.507421970367432,2.93154239654541
1779968350620183600,14.74018359375,0.5364924073219299,4.898681163787842,1.504408359527588
1779968350636521200,14.756521240234376,1.798081874847412,1.4437800645828247,-1.4895949363708496
1779968350652853200,14.772853271484376,1.1743884086608887,0.7823656797409058,-1.6210836172103882
1779968350669179100,14.78917919921875,-0.2321287989616394,2.593581199645996,-1.1992812156677246
1779968350685507000,14.805507080078126,-1.246165156364441,2.2968533039093018,-1.99447500705719
1779968350701836300,14.821836181640625,-2.3464860916137695,2.1372647285461426,-1.368949055671692
1779968350718163200,14.8381630859375,-3.0101912021636963,0.9969320893287659,-1.796554684638977
1779968350734485500,14.854485595703125,-3.286302328109741,-1.1633929014205933,-2.62076473236084
1779968350750828000,14.870828125,-1.8219056129455566,-4.488943099975586,-2.528676748275757
1779968350767162600,14.88716259765625,-0.14828753471374512,-3.12427020072937,-7.367798328399658
1779968350783490300,14.903490234375,0.5160284042358398,2.6143505573272705,-5.809175968170166
1779968350799833900,14.919833740234376,-0.02733621932566166,2.630080223083496,-2.5557074546813965
1779968350816157200,14.9361572265625,0.3732386529445648,0.18768835067749023,-2.247220516204834
1779968350832488700,14.95248876953125,-0.14523321390151978,0.27229318022727966,-2.314415693283081
1779968350848826400,14.968826416015625,-1.0151053667068481,0.6562219858169556,-2.0051651000976562
1779968350865155000,14.985155029296875,-1.2431107759475708,0.5109887719154358,-1.4688254594802856
1779968350881486800,15.00148681640625,-1.0265589952468872,0.5119050741195679,-1.026253581047058
1779968350897821000,15.017821044921876,-0.9098837971687317,0.05161811411380768,-0.1612684279680252
1779968350914152700,15.034152587890626,-0.6061310172080994,0.5482515692710876,0.7809911966323853
1779968350930496800,15.050496826171875,0.06261368840932846,0.3819434940814972,1.396132469177246
1779968350946830800,15.066830810546875,0.6125451326370239,-0.5314527750015259,1.5795447826385498
1779968350963164400,15.083164306640626,1.0151053667068481,-0.8857545852661133,1.5990924835205078
1779968350979492400,15.099492431640625,1.2585351467132568,-0.7504479289054871,1.933235764503479
1779968350995831600,15.11583154296875,1.202946424484253,-1.5780175924301147,2.520124673843384
1779968351008074800,15.12807470703125,1.1719449758529663,-2.7656924724578857,2.8930578231811523
1779968351024408000,15.144407958984376,1.8863518238067627,-3.578601360321045,2.9243645668029785
1779968351040723500,15.160723388671874,2.5778512954711914,-3.8951821327209473,2.9165761470794678
1779968351057073000,15.177072998046874,2.0473148822784424,-4.139528274536133,3.7229182720184326
1779968351073393200,15.19339306640625,1.059393048286438,-3.3935091495513916,3.7617082595825195
1779968351089732000,15.209732177734375,0.08414668589830399,-2.77531361579895,3.2736268043518066
1779968351106075000,15.226074951171874,-0.879187822341919,-2.0166189670562744,3.927863597869873
1779968351122395400,15.2423955078125,-1.3231340646743774,0.05115996301174164,4.463439464569092
1779968351138714600,15.258714599609375,-0.3520110845565796,-0.43279802799224854,3.310736894607544
1779968351155065900,15.27506591796875,0.22418753802776337,-1.8895589113235474,2.3512203693389893
1779968351171368000,15.291367919921875,0.45692721009254456,-2.0146336555480957,1.8828394412994385
1779968351187716900,15.307716796875,0.7180721163749695,-1.6169602870941162,1.0942124128341675
1779968351204051500,15.324051513671876,0.40775254368782043,-1.5861116647720337,0.3039054572582245
1779968351220367600,15.34036767578125,0.5074763298034668,-1.2936599254608154,-0.31841349601745605
1779968351236713000,15.356712890625,0.11957687139511108,-0.925308108329773,-0.7545713186264038
1779968351253047000,15.373047119140624,-0.41981714963912964,-0.28878653049468994,-1.6265814304351807
1779968351269379800,15.3893798828125,-0.5004513263702393,-0.4095851480960846,-2.445140838623047
1779968351285714000,15.4057138671875,-0.5007568001747131,1.1074986457824707,-2.785698175430298
1779968351302039600,15.42203955078125,-0.45173484086990356,2.668870210647583,-2.8264734745025635
1779968351318374700,15.438374755859375,-0.32681289315223694,4.063475608825684,-2.288912057876587
1779968351334704000,15.4547041015625,-0.456163614988327,3.8796050548553467,0.6863071322441101
1779968351351040500,15.47104052734375,-0.4046982228755951,1.315040111541748,5.557499408721924
1779968351367372300,15.487372314453125,0.05772676691412926,1.8109099864959717,3.6885571479797363
1779968351383720400,15.503720458984375,2.041206121444702,0.8849910497665405,-0.8648324608802795
1779968351400035300,15.520035400390626,1.744478464126587,0.016951510682702065,-0.4004221558570862
1779968351416379400,15.53637939453125,0.21074850857257843,1.1151344776153564,-0.48426342010498047
1779968351432720100,15.55272021484375,-1.3063353300094604,2.8315131664276123,-2.065335512161255
1779968351449042200,15.569042236328125,-2.247678756713867,3.237738609313965,-2.492635726928711
1779968351465384700,15.585384765625,-2.471102714538574,1.5632041692733765,-3.2013919353485107
1779968351481710300,15.60171044921875,-2.82265567779541,0.6965391039848328,-3.882964849472046
1779968351498027800,15.61802783203125,-2.479196548461914,-1.3187053203582764,-2.4807238578796387
1779968351514375000,15.634375,-0.854905903339386,-2.658027410507202,-5.31422233581543
1779968351530702000,15.6507021484375,0.35094207525253296,0.9305005073547363,-5.945857048034668
1779968351547033900,15.667033935546876,0.43707409501075745,2.094198703765869,-3.866166114807129
1779968351563369700,15.68336962890625,0.2915354371070862,0.7646505832672119,-2.9385671615600586
1779968351579706000,15.6997060546875,0.19746218621730804,0.08750644326210022,-2.532341957092285
1779968351596035600,15.71603564453125,-0.45234572887420654,0.9318749308586121,-2.4602596759796143
1779968351612376800,15.732376953125,-1.3894129991531372,0.7076873779296875,-1.7870862483978271
1779968351628684000,15.74868408203125,-1.3374894857406616,0.17088955640792847,-1.359175205230713
1779968351645018600,15.7650185546875,-0.8151996731758118,-0.0029016099870204926,-0.7359399199485779
1779968351661351200,15.78135107421875,-0.6152940392494202,0.17867808043956757,0.5377141237258911
1779968351677685800,15.797685791015626,-0.036041051149368286,0.45555275678634644,1.1134545803070068
1779968351694010600,15.8140107421875,0.4960225820541382,-0.25274550914764404,1.1769846677780151
1779968351710350300,15.830350341796875,0.9053022861480713,-0.7699956297874451,1.2980886697769165
1779968351726684200,15.84668408203125,1.1204795837402344,-0.2125810980796814,1.877036213874817
1779968351743015000,15.863014892578125,1.1424707174301147,-0.5455026626586914,2.500882387161255
1779968351759348000,15.879347900390625,1.2560917139053345,-2.3877196311950684,3.1035008430480957
1779968351775679500,15.895679443359375,1.6815593242645264,-3.5249979496002197,3.5303430557250977
1779968351792011800,15.91201171875,2.1620047092437744,-3.757584810256958,3.4245104789733887
1779968351808344600,15.928344482421876,2.391690254211426,-3.366173028945923,3.715893268585205
1779968351824675600,15.944675537109376,1.5360206365585327,-2.707507371902466,3.9425241947174072
1779968351841007400,15.96100732421875,-1.5546520948410034,-0.6000223755836487,3.7223074436187744
1779968351857339000,15.9773388671875,-3.02622652053833,0.49785518646240234,4.678922176361084
1779968351873693700,15.993693603515625,-1.564884066581726,0.5584835410118103,4.423428058624268
1779968351890019600,16.01001953125,0.4535674452781677,-0.6204863786697388,3.2391128540039062
1779968351906342000,16.026341796875,1.0430524349212646,-1.1285735368728638,2.5778512954711914
1779968351922681300,16.042681396484376,1.207069754600525,-1.6743816137313843,1.9501873254776
1779968351939020300,16.059020263671876,1.0175487995147705,-1.998598337173462,1.1673635244369507
1779968351955347200,16.07534716796875,0.9085093140602112,-1.8041905164718628,0.14569136500358582
1779968351971680800,16.0916806640625,0.6959282159805298,-2.0059287548065186,-0.6717990636825562
1779968351988013300,16.108013427734374,0.04046982154250145,-1.892460584640503,-0.9298896193504333
1779968352004344000,16.124343994140624,-0.5787948369979858,-1.1210904121398926,-1.3041973114013672
1779968352020656600,16.14065673828125,-0.5768095254898071,-0.5167919993400574,-2.1650590896606445
1779968352037015600,16.157015625,-0.028099801391363144,0.9896016716957092,-2.9944615364074707
1779968352053319700,16.173319580078125,0.403323769569397,3.2766811847686768,-3.244457960128784
1779968352069648100,16.189648193359375,0.6495024561882019,5.348888874053955,-2.5648703575134277
1779968352085996800,16.205996826171877,0.5929974317550659,5.366603851318359,-0.40653082728385925
1779968352102325000,16.222324951171874,0.6860016584396362,2.51523756980896,3.1726813316345215
1779968352118645500,16.2386455078125,1.041067123413086,2.0286834239959717,1.1169670820236206
1779968352134990000,16.254989990234375,1.3249666690826416,2.6868908405303955,-1.4694362878799438
1779968352151323100,16.2713232421875,1.0459539890289307,1.3519974946975708,-1.8764252662658691
1779968352167654400,16.287654296875,0.2765692472457886,0.6635523438453674,-1.062294602394104
1779968352183991600,16.303991455078126,-0.23594669997692108,1.9084957838058472,-1.2009611129760742
1779968352200319000,16.320319091796875,-1.1936306953430176,2.99308705329895,-1.0746647119522095
1779968352216652500,16.336652587890626,-1.684613585472107,2.440253973007202,-1.5291484594345093
1779968352232983600,16.352983642578124,-2.191173553466797,2.4075727462768555,-2.944675922393799
1779968352249337000,16.369337158203123,-2.900540828704834,1.6076445579528809,-3.305086374282837
1779968352265644800,16.385644775390624,-2.152689218521118,-2.0535762310028076,-2.12397837638855
1779968352281980200,16.401980224609375,-1.388802170753479,-4.813465595245361,-5.499619960784912
1779968352298312700,16.418312744140625,0.10430523753166199,0.9019425511360168,-6.9075117111206055
1779968352314642700,16.434642578125,0.7415903806686401,4.414112091064453,-3.562566041946411
1779968352330980400,16.45098046875,0.20128010213375092,1.7285959720611572,-2.389552116394043
1779968352347320300,16.4673203125,-0.14798210561275482,0.6672175526618958,-1.934457540512085
1779968352363649000,16.48364892578125,-0.73685622215271,1.4358386993408203,-1.3683381080627441
1779968352379984400,16.499984375,-1.207375168800354,-0.023518312722444534,-1.3658946752548218
1779968352396323300,16.5163232421875,-0.9740246534347534,0.313373863697052,-0.6953173875808716
1779968352412652300,16.53265234375,-0.5392413139343262,0.7490735054016113,0.34284812211990356
1779968352428980200,16.548980224609377,0.025503624230623245,0.9674578309059143,1.0932960510253906
1779968352445306000,16.56530615234375,0.6047565937042236,0.1010981947183609,1.3912456035614014
1779968352461647400,16.5816474609375,1.0305296182632446,-1.1728612184524536,1.5312864780426025
1779968352477975300,16.597975341796875,1.439045786857605,-1.592678427696228,1.7664695978164673
1779968352494321000,16.61432080078125,1.6600263118743896,-1.1853840351104736,2.375960350036621
1779968352510647300,16.630647216796874,1.4495831727981567,-1.463938593864441,3.135265827178955
1779968352526977500,16.6469775390625,1.4161384105682373,-2.5442538261413574,3.7840046882629395
1779968352543308800,16.663308837890625,1.7153096199035645,-2.6981918811798096,4.435798168182373
1779968352559634700,16.679634765625,2.0946569442749023,-2.9820914268493652,4.483750820159912
1779968352575972600,16.69597265625,2.1542162895202637,-2.0253236293792725,4.646393775939941
1779968352592310000,16.71231005859375,0.21273382008075714,-0.3260493278503418,3.6213619709014893
1779968352608639700,16.7286396484375,-1.206153392791748,1.5699236392974854,3.241250991821289
1779968352624956000,16.744955810546877,0.8153523802757263,1.5421292781829834,3.908773899078369
1779968352641285600,16.76128564453125,0.14477506279945374,-1.8742872476577759,4.694499492645264
1779968352657622000,16.7776220703125,-0.32421672344207764,-2.621222734451294,4.387845039367676
1779968352673956400,16.793956298828125,0.26374107599258423,-2.7736337184906006,2.9830076694488525
1779968352690287900,16.810287841796875,0.28619036078453064,-2.0372354984283447,1.4718798398971558
1779968352706620700,16.82662060546875,-0.05711590126156807,-1.469894528388977,-0.16752979159355164
1779968352722951200,16.842951171875,-0.34208452701568604,-1.9753854274749756,-1.189049243927002
1779968352739289900,16.859289794921875,-0.9752463698387146,-1.8567248582839966,-1.391398310661316
1779968352755613400,16.875613525390627,-1.3388638496398926,-1.0554224252700806,-1.5008958578109741
1779968352771927800,16.891927734375,-1.1844676733016968,-0.2393064647912979,-2.3095288276672363
1779968352788281600,16.908281494140624,-0.6464481353759766,1.8396207094192505,-2.766455888748169
1779968352804614000,16.92461376953125,-0.13637566566467285,3.9009854793548584,-2.7475192546844482
1779968352820946000,16.94094580078125,0.28206703066825867,4.879744529724121,-2.609463691711426
1779968352837279500,16.957279541015627,0.19288070499897003,4.826904296875,-1.4074335098266602
1779968352853628700,16.973628662109373,0.6146831512451172,3.283400774002075,3.006678819656372
1779968352869956400,16.989956298828126,0.9711230397224426,1.4253013134002686,2.3962717056274414
1779968352886286800,17.006286865234376,0.6336199641227722,1.8857409954071045,-0.6162103414535522
1779968352902621700,17.02262158203125,1.2173017263412476,1.66781485080719,-0.8272642493247986
1779968352918931000,17.038930908203124,0.40744712948799133,0.6224716901779175,-1.3859004974365234
1779968352935283700,17.05528369140625,-0.20066922903060913,2.4611761569976807,-1.4581353664398193
1779968352951621400,17.071621337890626,-1.0766500234603882,3.436422348022461,-1.439045786857605
1779968352967952000,17.087951904296876,-1.7692184448242188,2.6568057537078857,-1.4016302824020386
1779968352984266800,17.104266845703126,-2.2826507091522217,1.6577355861663818,-2.4804184436798096
1779968353000612600,17.120612548828124,-3.330437421798706,1.067639708518982,-3.640451431274414
1779968353016930800,17.136930908203126,-3.0527989864349365,-2.540130376815796,-2.3073906898498535
1779968353033282000,17.153281982421873,-1.4482088088989258,-4.342030048370361,-4.767955780029297
1779968353049610200,17.1696103515625,-0.29886582493782043,1.671021819114685,-6.7683868408203125
1779968353065930000,17.185929931640626,-0.15332718193531036,4.29025936126709,-3.5022432804107666
1779968353082260000,17.202260009765624,-0.08414668589830399,0.6835582256317139,-2.744006633758545
1779968353098589700,17.218589599609373,0.24159720540046692,-0.6375905871391296,-2.537687063217163
1779968353114938000,17.234938232421875,-0.584750771522522,1.7380642890930176,-2.0060815811157227
1779968353131261000,17.251260986328123,-1.5454890727996826,0.7770205736160278,-1.7009543180465698
1779968353147591700,17.267591796875,-1.4903584718704224,0.6436992287635803,-1.1398745775222778
1779968353163923200,17.283923095703123,-1.117730736732483,0.9243918061256409,-0.15042556822299957
1779968353180244000,17.300243896484375,-0.3825543522834778,1.2131783962249756,0.5966626405715942
1779968353196577800,17.316577880859374,0.17531833052635193,1.2948815822601318,1.109789490699768
1779968353212921300,17.33292138671875,0.641255795955658,0.32039880752563477,1.1720976829528809
1779968353229259300,17.34925927734375,0.9489791393280029,-0.5855143666267395,1.3393220901489258
1779968353245566200,17.365566162109374,1.232573390007019,-0.5677992701530457,1.5909985303878784
1779968353261922600,17.381922607421874,1.511891484260559,-1.0737483501434326,1.9602665901184082
1779968353278250200,17.398250244140623,2.1314616203308105,-1.9715676307678223,2.4029910564422607
1779968353294582300,17.414582275390625,2.716059684753418,-2.1058051586151123,2.5280659198760986
1779968353310910700,17.43091064453125,2.819753885269165,-2.210263252258301,2.972470283508301
1779968353327250200,17.447250244140626,2.697275400161743,-2.2626447677612305,3.7339138984680176
1779968353343571000,17.463571044921874,0.7869471311569214,-1.591456651687622,3.776521682739258
1779968353359924200,17.47992431640625,-2.5421156883239746,0.31230485439300537,4.740925312042236
1779968353376261000,17.49626123046875,-2.3075435161590576,0.6710354685783386,5.430592060089111
1779968353392585700,17.512585693359377,-0.43050727248191833,0.06719517707824707,4.498869895935059
1779968353408923000,17.5289228515625,-0.02122756652534008,-0.06536258012056351,3.4037411212921143
1779968353425256000,17.545255859375,-0.03787364438176155,-0.6679811477661133,2.5257749557495117
1779968353441580300,17.561580322265623,0.5002986192703247,-1.7018705606460571,1.958433985710144
1779968353457924400,17.57792431640625,0.2718350291252136,-1.8414533138275146,1.5401439666748047
1779968353474249000,17.5942490234375,0.0907134860754013,-2.018604278564453,0.7573201656341553
1779968353490586600,17.610586669921876,-0.2154827117919922,-1.9320141077041626,-0.18845193088054657
1779968353506917000,17.626917236328126,-0.6765332818031311,-1.4297300577163696,-0.8617781400680542
1779968353523250000,17.64325,-1.2023354768753052,-0.5106833577156067,-1.662164330482483
1779968353539560400,17.659560546875,-0.9454666972160339,-0.0065668015740811825,-2.624277114868164
1779968353555916300,17.675916259765625,-0.09544769674539566,1.3990341424942017,-3.213609457015991
1779968353572230100,17.692230224609375,0.3119994103908539,4.100432872772217,-3.279888153076172
1779968353588577800,17.708577880859377,0.5300782918930054,6.200282096862793,-1.856266736984253
1779968353604893200,17.72489306640625,0.6866125464439392,3.931070566177368,1.5653421878814697
1779968353621224000,17.741223876953125,0.6979135274887085,0.35246923565864563,2.9883527755737305
1779968353637562400,17.757562255859376,1.2489140033721924,1.6417003870010376,-0.6733261942863464
1779968353653893400,17.773893310546875,1.9086484909057617,1.9689713716506958,-1.9770653247833252
1779968353670210600,17.79021044921875,1.0968085527420044,1.751808762550354,-1.4804319143295288
1779968353686562000,17.80656201171875,0.5500841736793518,1.9158260822296143,-1.2513574361801147
1779968353702893300,17.822893310546874,-0.14569136500358582,1.8014415502548218,-1.3144292831420898
1779968353719227600,17.8392275390625,-0.9231700897216797,1.862222671508789,-0.6023131608963013
1779968353735564500,17.855564453125,-1.627650499343872,1.312138557434082,-1.524566888809204
1779968353751884800,17.871884765625,-2.8771753311157227,2.442850112915039,-3.2788190841674805
1779968353768221000,17.888220947265626,-3.3840408325195312,1.9955440759658813,-2.973539352416992
1779968353784541000,17.904541015625,-2.0453295707702637,-4.366617679595947,-2.261423110961914
1779968353800883200,17.92088330078125,-0.7121161818504333,-5.587737083435059,-7.8233513832092285
1779968353817217500,17.937217529296873,0.44593164324760437,3.2343788146972656,-5.227173805236816
1779968353833548000,17.953548095703123,0.24129177629947662,4.6660943031311035,-1.9497292041778564
1779968353849896400,17.969896484375,0.06994406878948212,0.49617528915405273,-1.6398677825927734
1779968353866225700,17.9862255859375,-0.055894169956445694,0.9181304574012756,-1.4088079929351807
1779968353882557200,18.00255712890625,-0.6322455406188965,2.1487185955047607,-1.2971723079681396
1779968353898889200,18.01888916015625,-1.1203268766403198,0.7677049040794373,-1.2072224617004395
1779968353915221800,18.0352216796875,-1.1447614431381226,0.9753990769386292,-0.192422553896904
1779968353931553300,18.05155322265625,-0.8151996731758118,1.3700180053710938,0.3927863538265228
1779968353947886000,18.067885986328125,-0.2838996350765228,1.3460415601730347,0.6621779203414917
1779968353964222700,18.08422265625,0.36331209540367126,0.5707008838653564,0.8993463516235352
1779968353980532200,18.1005322265625,1.0506882667541504,-0.012828170321881771,1.0152580738067627
1779968353996888300,18.116888427734374,1.4906638860702515,-0.14767667651176453,1.6016886234283447
1779968354013201000,18.133200927734375,1.5288430452346802,-1.1470521688461304,2.3435845375061035
1779968354029548500,18.149548583984377,1.3518447875976562,-2.3512203693389893,2.847395658493042
1779968354045865200,18.165865234375,1.652390480041504,-2.420706272125244,3.0219504833221436
1779968354062211600,18.182211669921877,2.0221166610717773,-2.1928534507751465,3.224757671356201
1779968354078524400,18.1985244140625,2.1322250366210938,-1.965458869934082,4.025296688079834
1779968354094861600,18.214861572265626,1.012050986289978,-1.887115478515625,3.97001314163208
1779968354111196700,18.23119677734375,-2.0511326789855957,-0.8686503767967224,4.349360466003418
1779968354127527700,18.247527587890627,-2.8733572959899902,0.06108652427792549,5.2413763999938965
1779968354143858400,18.2638583984375,-1.41690194606781,-0.7857254147529602,4.317137241363525
1779968354160192500,18.280192626953124,-0.10491610318422318,-0.3721696436405182,3.0575332641601562
1779968354176526800,18.29652685546875,0.12797626852989197,-0.2646573781967163,2.6723828315734863
1779968354192856800,18.31285693359375,0.711963415145874,-0.7887797355651855,2.104430675506592
1779968354209197000,18.329197021484376,0.9208793640136719,-1.1131491661071777,1.1299480199813843
1779968354225537000,18.345537109375,0.6319400668144226,-2.102139949798584,0.20036379992961884
1779968354241845800,18.361845703125,0.4970915913581848,-2.9739973545074463,-0.4369213581085205
1779968354258187800,18.378187744140625,-0.08170322328805923,-2.599384307861328,-0.7617489695549011
1779968354274520800,18.394520751953124,-0.4763221740722656,-0.7470881938934326,-1.9216293096542358
1779968354290852600,18.4108525390625,-0.31459560990333557,1.4453071355819702,-3.082273244857788
1779968354307186000,18.42718603515625,-0.3851505517959595,3.6494617462158203,-3.7472000122070312
1779968354323511800,18.44351171875,-0.4225660264492035,5.042387008666992,-3.5321755409240723
1779968354339865300,18.459865234375,-0.244804248213768,4.649600982666016,-1.6099354028701782
1779968354356194600,18.476194580078126,-0.5247332453727722,1.454470157623291,1.4121677875518799
1779968354372523500,18.4925234375,0.5403103232383728,0.9283624291419983,3.0952541828155518
1779968354388860000,18.50885986328125,0.9486737251281738,1.6701055765151978,0.8752171993255615
1779968354405192000,18.52519189453125,1.1407908201217651,2.166128158569336,-0.42989641427993774
1779968354421523200,18.541523193359374,0.5829181671142578,1.8970420360565186,-1.1809552907943726
1779968354437857000,18.55785693359375,0.3732386529445648,3.3651039600372314,-1.2263119220733643
1779968354454189300,18.574189208984375,0.15103642642498016,1.9642372131347656,-1.9514089822769165
1779968354470520600,18.5905205078125,-0.7965682744979858,1.6383405923843384,-1.0644327402114868
1779968354486853600,18.606853515625,-1.4043792486190796,0.16401731967926025,-0.6922630667686462
1779968354503185200,18.62318505859375,-2.4407119750976562,0.42470407485961914,-2.1401662826538086
1779968354519515600,18.639515625,-3.0838005542755127,0.0887281745672226,-3.0188961029052734
1779968354535851500,18.6558515625,-1.7708983421325684,-3.9154934883117676,-2.448347806930542
1779968354552180000,18.672179931640624,-0.7840455174446106,-4.541630268096924,-7.744702339172363
1779968354568515000,18.68851513671875,0.5575672388076782,3.2980613708496094,-6.105597972869873
1779968354584830700,18.704830810546873,0.5250386595726013,4.363563060760498,-2.5983152389526367
1779968354601159200,18.7211591796875,0.1085812970995903,0.15500704944133759,-2.1986567974090576
1779968354617501700,18.737501708984375,-0.6837109327316284,-0.055741455405950546,-1.7484490871429443
1779968354633831000,18.753830810546877,-1.2618948221206665,0.660803496837616,-1.4886785745620728
1779968354650161200,18.7701611328125,-1.338711142539978,0.27320948243141174,-1.2192870378494263
1779968354666495700,18.786495849609373,-1.1339186429977417,0.3341432809829712,-0.21303924918174744
1779968354682827300,18.8028271484375,-0.8707883954048157,0.9272934198379517,0.5545129179954529
1779968354699161900,18.819161865234374,-0.35033121705055237,1.0769554376602173,1.0378600358963013
1779968354715491000,18.835490966796876,0.4384485185146332,0.041691552847623825,1.235169529914856
1779968354731822000,18.851822021484374,1.1701123714447021,-0.684474527835846,1.4798210859298706
1779968354748138500,18.868138427734376,1.4373658895492554,-0.5748242139816284,1.990351676940918
1779968354764487700,18.88448779296875,1.4634803533554077,-1.8292360305786133,2.5813639163970947
1779968354780818000,18.90081787109375,1.0787880420684814,-3.9329030513763428,3.2646164894104004
1779968354797156400,18.91715625,1.0783299207687378,-4.2668938636779785,3.8988473415374756
1779968354813484000,18.933484130859377,1.831221342086792,-3.1865785121917725,3.771023988723755
1779968354829833000,18.9498330078125,2.09389328956604,-2.2655465602874756,4.201836585998535
1779968354846149600,18.966149658203125,0.7757988572120667,-2.091297149658203,4.1858015060424805
1779968354862496000,18.98249609375,-1.7931948900222778,-1.4856243133544922,4.355316638946533
1779968354878828300,18.998828369140625,-2.5282185077667236,1.1464413404464722,5.161811351776123
1779968354895145000,19.01514501953125,-0.7709119319915771,1.2205088138580322,4.287510395050049
1779968354911476200,19.031476318359374,0.4732678532600403,-0.494189977645874,3.3064608573913574
1779968354927825400,19.047825439453124,0.48808133602142334,-1.1394164562225342,3.1636710166931152
1779968354944178700,19.0641787109375,0.8541423082351685,-0.55069500207901,1.9060522317886353
1779968354960491500,19.080491455078125,0.7634288668632507,-0.7035640478134155,0.6429356932640076
1779968354976831500,19.09683154296875,0.5364924073219299,-1.063821792602539,-0.11652254313230515
1779968354993153000,19.113153076171876,0.02229658141732216,-1.4317153692245483,-0.36529740691185
1779968355009470000,19.129469970703123,-0.8078693151473999,-1.522887110710144,-0.3689626157283783
1779968355025817600,19.145817626953125,-1.0067058801651,-1.1887437105178833,-1.6641496419906616
1779968355042150400,19.162150390625,-0.6258314251899719,0.23945917189121246,-2.8732047080993652
1779968355058484200,19.178484130859374,-0.41263946890830994,3.2566752433776855,-3.3257031440734863
1779968355074814500,19.194814453125,-0.03436116874217987,5.8640007972717285,-3.414889335632324
1779968355091120000,19.2111201171875,0.12232576310634613,6.244875431060791,-1.9879082441329956
1779968355107457000,19.22745703125,-0.04932736977934837,2.8098273277282715,3.886477470397949
1779968355123799600,19.243799560546876,0.9306532144546509,2.233628749847412,2.0526599884033203
1779968355140131800,19.2601318359375,2.7461447715759277,-1.2000447511672974,-2.141388177871704
1779968355156462600,19.276462646484376,1.4815009832382202,0.5093088746070862,-0.9529497623443604
1779968355172795400,19.29279541015625,-0.07254024595022202,4.307974338531494,-0.8856018781661987
1779968355189134000,19.309134033203126,-0.7767151594161987,2.4886651039123535,-1.8458820581436157
1779968355205466400,19.32546630859375,-1.7985399961471558,1.1582005023956299,-1.4689781665802002
1779968355221784800,19.341784912109375,-2.852435350418091,-0.0933096632361412,-1.7241671085357666
1779968355238126000,19.3581259765625,-3.941149950027466,-0.36361753940582275,-3.2401819229125977
1779968355254456000,19.3744560546875,-2.69345760345459,-3.3678529262542725,-2.605034828186035
1779968355270802000,19.390802001953126,-0.470060795545578,-4.9205193519592285,-6.093380928039551
1779968355287121700,19.40712158203125,1.0896308422088623,-0.4080579876899719,-8.665276527404785
1779968355303452400,19.423452392578124,0.475253164768219,5.06025505065918,-3.782630205154419
1779968355319806000,19.439805908203127,0.24358251690864563,1.4897476434707642,-1.8611537218093872
1779968355336133400,19.45613330078125,-0.45326200127601624,0.5821545720100403,-1.7661641836166382
1779968355352463600,19.472463623046874,-1.4152220487594604,0.9807441234588623,-1.3903292417526245
1779968355368797400,19.48879736328125,-1.4274393320083618,0.38927388191223145,-0.4456261992454529
1779968355385127700,19.505127685546874,-1.172708511352539,0.7958046793937683,0.3988949954509735
1779968355401465300,19.52146533203125,-0.7800748944282532,1.4140002727508545,1.1365147829055786
1779968355417793500,19.53779345703125,-0.2099849283695221,0.9717338681221008,1.3785701990127563
1779968355434126600,19.554126708984374,0.29733866453170776,-0.12782354652881622,1.4089607000350952
1779968355450459000,19.570458984375,0.817948579788208,-0.7003570199012756,1.5094480514526367
1779968355466786600,19.58678662109375,1.1511754989624023,-0.8755226135253906,1.9541579484939575
1779968355483127800,19.6031279296875,1.2513574361801147,-1.921934723854065,2.482250928878784
1779968355499454500,19.619454345703126,1.3322970867156982,-3.8240163326263428,2.886949062347412
1779968355515788000,19.6357880859375,1.7519614696502686,-3.9883391857147217,3.1051807403564453
1779968355532120000,19.6521201171875,2.41413950920105,-2.7676777839660645,3.3576207160949707
1779968355548450800,19.668450927734376,2.881451368331909,-2.1288654804229736,3.68764066696167
1779968355564777200,19.684777099609374,2.559678077697754,-3.0101912021636963,3.4490978717803955
1779968355581099800,19.701099853515625,-0.6142250299453735,-2.2620339393615723,3.4576499462127686
1779968355597421800,19.717421875,-2.319607973098755,-1.0288498401641846,4.692667007446289
1779968355613768400,19.7337685546875,-1.4010194540023804,-0.8921687006950378,4.710381984710693
1779968355630100000,19.750099853515625,-0.23090706765651703,-2.1343631744384766,3.1511483192443848
1779968355646430000,19.766429931640626,0.20494529604911804,-2.6093108654022217,2.0983221530914307
1779968355662765800,19.782765869140626,0.8142833709716797,-1.3788756132125854,1.296714186668396
1779968355679101000,19.799100830078125,0.8547531962394714,-0.21303924918174744,0.611934244632721
1779968355695441200,19.815441162109376,0.45814892649650574,-0.7194465398788452,-0.0074830991216003895
1779968355711776300,19.8317763671875,0.11988230794668198,-1.4324790239334106,-0.3640756905078888
1779968355728089900,19.84808984375,-0.6721044778823853,-1.6210836172103882,-0.775340735912323
1779968355744423400,19.86442333984375,-0.903775155544281,-1.3029755353927612,-1.860848307609558
1779968355760761600,19.88076171875,-0.603076696395874,0.1719585657119751,-2.803260564804077
1779968355777094400,19.897094482421874,-0.4795292317867279,2.57342267036438,-3.180011749267578
1779968355793422000,19.913422119140623,-0.2964223623275757,4.880049705505371,-2.780200481414795
1779968355809755600,19.929755615234374,0.2177734673023224,5.110345840454102,-0.68951416015625
1779968355826094300,19.94609423828125,-0.20952677726745605,1.2921327352523804,4.286288738250732
1779968355842434300,19.962434326171874,0.5025894045829773,0.49953505396842957,3.3632712364196777
1779968355858751200,19.978751220703124,1.2612839937210083,1.6389514207839966,-1.3889548778533936
1779968355875098400,19.995098388671874,1.75608491897583,2.6923885345458984,-1.3859004974365234
1779968355891413800,20.011413818359376,0.3019201457500458,1.6155858039855957,-2.1265745162963867
1779968355907763500,20.027763427734374,-1.2330315113067627,1.9810359477996826,-2.939941644668579
1779968355924068000,20.044068115234374,-0.8319984674453735,2.9266552925109863,-2.1868975162506104
1779968355940428500,20.060428466796875,-1.004873275756836,1.1690434217453003,-0.9682214260101318
1779968355956762600,20.0767626953125,-1.605048418045044,-0.8074111342430115,-1.2762502431869507
1779968355973089800,20.09308984375,-2.414292097091675,-0.9592111706733704,-1.99447500705719
1779968355989407200,20.1094072265625,-1.9926424026489258,-1.9917261600494385,-1.8481727838516235
1779968356005753000,20.125753173828127,-0.4804455041885376,-2.8930578231811523,-5.619654655456543
1779968356022057000,20.142056884765626,0.5852088928222656,-0.9002626538276672,-8.508894920349121
1779968356038421500,20.15842138671875,0.34544429183006287,4.765359878540039,-3.899458408355713
1779968356054747600,20.17474755859375,0.15882496535778046,2.528829336166382,-1.351233959197998
1779968356071072800,20.19107275390625,0.5864306092262268,0.018936822190880775,-1.3947581052780151
1779968356087402000,20.207402099609375,-0.018325956538319588,2.2229385375976562,-1.4046846628189087
1779968356103728400,20.223728271484376,-0.812908947467804,0.9001099467277527,-1.7475327253341675
1779968356120068400,20.240068359375,-1.1201741695404053,-0.7646505832672119,-0.3481931984424591
1779968356136397000,20.25639697265625,-0.9595165848731995,0.389426589012146,0.4908302128314972
1779968356152733000,20.27273291015625,-0.3039054572582245,1.3292428255081177,0.9677632451057434
1779968356169072400,20.289072265625,0.30375275015830994,0.5112941861152649,1.161560297012329
1779968356185381600,20.305381591796873,0.755182147026062,-0.6606507897377014,1.341460108757019
1779968356201739300,20.3217392578125,1.244943380355835,-0.9929614663124084,1.4967725276947021
1779968356218062600,20.3380625,1.4326317310333252,-1.0500773191452026,1.9668333530426025
1779968356234396000,20.35439599609375,1.4721852540969849,-2.4865269660949707,2.493093729019165
1779968356250726700,20.3707265625,1.6919440031051636,-4.205348968505859,3.104722499847412
1779968356267060700,20.387060791015625,2.079538106918335,-4.012010097503662,3.4988834857940674
1779968356283390700,20.403390625,2.526844024658203,-2.7099509239196777,3.5498907566070557
1779968356299724300,20.419724365234377,2.5639541149139404,-2.2156083583831787,3.6048684120178223
1779968356316076000,20.436075927734375,-0.20693060755729675,-0.6609562039375305,3.718031406402588
1779968356332401000,20.45240087890625,-2.2149972915649414,0.46471574902534485,4.540561199188232
1779968356348734700,20.468734619140626,-1.7450892925262451,-0.2782491147518158,4.582711219787598
1779968356365050400,20.48505029296875,-0.22663100063800812,-1.5552629232406616,3.4127514362335205
1779968356381393700,20.5013935546875,0.31780263781547546,-1.8449658155441284,2.149634838104248
1779968356397736200,20.517736083984374,0.8382598161697388,-1.6423112154006958,1.1519391536712646
1779968356414063600,20.534063720703124,0.9766207933425903,-0.8639161586761475,0.5813909769058228
1779968356430396400,20.550396484375,0.6728680729866028,-0.6959282159805298,0.04749477282166481
1779968356446727200,20.56672705078125,0.5823072791099548,-1.4440854787826538,-0.447000652551651
1779968356463058700,20.58305859375,0.04398229718208313,-1.6271922588348389,-0.5503895878791809
1779968356479385000,20.599385009765626,-0.4726569950580597,-1.0112874507904053,-1.2846496105194092
1779968356495732000,20.61573193359375,-0.5745187401771545,-0.32421672344207764,-2.629927635192871
1779968356512056800,20.632056884765625,-0.39935314655303955,1.5398385524749756,-3.4121406078338623
1779968356528389600,20.6483896484375,-0.16508632898330688,3.7861428260803223,-3.620445489883423
1779968356544722000,20.664721923828125,0.08994990587234497,5.494885444641113,-2.60488224029541
1779968356561037600,20.68103759765625,0.04596760869026184,4.212221145629883,0.28130343556404114
1779968356577371600,20.69737158203125,-0.14996741712093353,0.43157628178596497,4.736649036407471
1779968356593705200,20.713705322265625,0.3666718602180481,0.43875396251678467,3.081357002258301
1779968356610024000,20.73002392578125,2.961322069168091,0.3675881624221802,-2.2261457443237305
1779968356626359300,20.746359375,2.3348796367645264,0.41752639412879944,-2.2849414348602295
1779968356642702000,20.7627021484375,0.2993239760398865,3.506671905517578,-0.9779952764511108
1779968356659037700,20.77903759765625,-0.05207626149058342,3.531717300415039,-1.4370604753494263
1779968356675379500,20.79537939453125,-0.5600107312202454,2.2145392894744873,-1.3840678930282593
1779968356691711700,20.811711669921873,-1.1496484279632568,0.8700248003005981,-2.381152629852295
1779968356708015000,20.82801513671875,-2.3915374279022217,1.8527542352676392,-3.905719757080078
1779968356724363300,20.84436328125,-3.4820845127105713,2.599078893661499,-3.6528215408325195
1779968356740695600,20.860695556640625,-2.1252002716064453,-1.626123309135437,-3.335324287414551
1779968356757017600,20.877017578125,-0.42898011207580566,-2.152536392211914,-6.366743087768555
1779968356773360000,20.893360107421874,0.837496280670166,3.204599142074585,-3.442378282546997
1779968356789692000,20.90969189453125,0.5271766781806946,3.5822665691375732,-2.174069404602051
1779968356806029600,20.926029541015627,-0.22052235901355743,0.8662069439888,-2.1306979656219482
1779968356822354200,20.942354248046875,-0.38347065448760986,1.150259256362915,-1.6310101747512817
1779968356838709500,20.95870947265625,-0.47510045766830444,3.4773504734039307,-1.0813841819763184
1779968356855078400,20.975078369140626,-0.627358615398407,1.1649199724197388,-1.2405146360397339
1779968356871333400,20.99133349609375,-0.7507534027099609,0.33918291330337524,-0.275347501039505
1779968356887675000,21.0076748046875,-0.4260784983634949,1.0184650421142578,0.30253100395202637
1779968356904020700,21.024020751953124,0.13439035415649414,1.5725198984146118,0.5035057067871094
1779968356920349700,21.040349609375,0.8011497855186462,1.3669637441635132,0.8936958312988281
1779968356936683000,21.05668310546875,1.4017829895019531,0.6247624158859253,1.0942124128341675
1779968356953002800,21.073002685546875,1.901318073272705,0.02474004216492176,1.6908750534057617
1779968356969366000,21.089365966796876,2.3160955905914307,-1.3694071769714355,2.470186233520508
1779968356985690000,21.105690185546877,2.417041063308716,-2.8683178424835205,3.226590156555176
1779968357002028300,21.1220283203125,2.4194846153259277,-3.2948544025421143,3.428481101989746
1779968357018357800,21.138357666015626,2.4523184299468994,-2.8929049968719482,3.5851681232452393
1779968357034690000,21.15468994140625,2.1794145107269287,-1.619251012802124,3.710548162460327
1779968357051005700,21.171005615234375,-0.01618792861700058,-1.040150761604309,3.8770089149475098
1779968357067341300,21.18734130859375,-2.4741568565368652,-0.6763805150985718,4.897306442260742
1779968357083674400,21.20367431640625,-2.428800106048584,-0.1837177276611328,5.1043901443481445
1779968357100004600,21.220004638671874,-0.8269588351249695,-1.3552045822143555,3.7091736793518066
1779968357116325600,21.23632568359375,0.15729780495166779,-2.0948095321655273,2.7597365379333496
1779968357132668400,21.25266845703125,0.38148534297943115,-2.3017401695251465,2.378556489944458
1779968357149006800,21.2690068359375,0.5044219493865967,-1.5433510541915894,1.8579466342926025
1779968357165349000,21.28534912109375,0.10781771689653397,-0.7151705026626587,1.2470813989639282
1779968357181676300,21.30167626953125,0.010079276748001575,-0.7496843934059143,0.395077109336853
1779968357198014500,21.318014404296875,-0.3246748745441437,-0.9337075352668762,-0.3199406862258911
1779968357214333000,21.3343330078125,-0.7567093372344971,-0.13988813757896423,-0.7221954464912415
1779968357230664400,21.35066455078125,-1.0412198305130005,0.5812382698059082,-1.6756033897399902
1779968357246996500,21.36699658203125,-0.7921395301818848,1.3055717945098877,-2.685516357421875
1779968357263327700,21.38332763671875,-0.2736676335334778,2.6784913539886475,-3.1919236183166504
1779968357279660300,21.399660400390626,0.014355333521962166,3.9736783504486084,-3.374725103378296
1779968357295989200,21.4159892578125,-0.06582073122262955,4.728860378265381,-2.6418395042419434
1779968357312347600,21.43234765625,0.3234531581401825,4.488637924194336,1.1592695713043213
1779968357328669400,21.44866943359375,0.15134187042713165,0.31184670329093933,4.530176639556885
1779968357344979700,21.464979736328125,0.2926044464111328,-0.5042692422866821,1.1797335147857666
1779968357361343700,21.48134375,1.4921910762786865,2.007150411605835,-1.7070629596710205
1779968357377669400,21.49766943359375,1.4512630701065063,2.353816509246826,-3.020881414413452
1779968357393998000,21.513998046875,0.02275473065674305,3.776521682739258,-2.702009677886963
1779968357410334200,21.530334228515624,-0.04886921867728233,2.766761302947998,-2.3266329765319824
1779968357426666200,21.546666259765626,-0.6123924255371094,2.028836250305176,-0.4755585789680481
1779968357442998800,21.562998779296876,-1.00197172164917,0.5044219493865967,-0.3020728528499603
1779968357459309300,21.579309326171874,-1.6562083959579468,1.035416603088379,-1.82404363155365
1779968357475663400,21.595663330078125,-2.4436137676239014,2.4575109481811523,-1.9271271228790283
1779968357491992600,21.61199267578125,-1.793653130531311,0.11621711403131485,-1.0668761730194092
1779968357508329700,21.628329833984374,-1.1977540254592896,-3.472769021987915,-6.047413349151611
1779968357524641300,21.644641357421875,0.3246748745441437,-1.358258843421936,-8.058382034301758
1779968357540971000,21.660970947265625,0.783892810344696,5.303532123565674,-3.597843647003174
1779968357557313300,21.677313232421874,0.41493022441864014,5.133711338043213,-1.8409950733184814
1779968357573629000,21.69362890625,0.13316862285137177,1.4963144063949585,-1.9949331283569336
1779968357589974800,21.709974853515625,-0.13973543047904968,2.593581199645996,-1.6635388135910034
1779968357606307600,21.7263076171875,-0.46303585171699524,1.742187738418579,-1.7194329500198364
1779968357622625800,21.742625732421875,-0.9243918061256409,-0.24434609711170197,-0.8038986921310425
1779968357638975000,21.75897509765625,-0.7553348541259766,1.2328788042068481,0.6188064813613892
1779968357655316200,21.775316162109377,-0.007635815534740686,1.9341521263122559,0.7360926270484924
1779968357671648800,21.791648681640623,0.6716463565826416,1.6190983057022095,1.041372537612915
1779968357687965400,21.80796533203125,1.3596333265304565,0.7915286421775818,1.0955867767333984
1779968357704297700,21.824297607421876,1.8150333166122437,0.803440511226654,1.5981762409210205
1779968357720614400,21.840614501953127,2.158186912536621,-0.31459560990333557,2.6311492919921875
1779968357736970800,21.856970703125,2.146427869796753,-2.7896687984466553,3.344640016555786
1779968357753297200,21.873297119140624,2.180025339126587,-3.6083810329437256,3.9826886653900146
1779968357769628200,21.889628173828125,2.6981918811798096,-3.380375623703003,4.0156755447387695
1779968357785948700,21.90594873046875,3.121368646621704,-2.694068431854248,4.237113952636719
1779968357802312400,21.9223125,1.4075862169265747,-1.4506522417068481,4.402811050415039
1779968357818634800,21.938634765625,-2.096336841583252,0.9538660645484924,5.397147178649902
1779968357834962000,21.9549619140625,-2.2382102012634277,0.342695415019989,5.872247695922852
1779968357851302100,21.97130224609375,-0.718224823474884,-2.104430675506592,5.126992225646973
1779968357867637800,21.9876376953125,0.012522737495601177,-2.6108381748199463,4.019187927246094
1779968357883964400,22.00396435546875,0.2165517359972,-2.6146559715270996,2.7308731079101562
1779968357900300000,22.020300048828126,0.5148066878318787,-1.2829697132110596,1.6264287233352661
1779968357916633300,22.03663330078125,0.07559457421302795,-0.39354994893074036,0.7426594495773315
1779968357932965600,22.052965576171875,-0.351400226354599,-0.5580254197120667,-0.26221391558647156
1779968357949282000,22.069281982421874,-0.95462965965271,-0.7771732807159424,-0.8090910315513611
1779968357965629400,22.08562939453125,-1.5247195959091187,-0.21807889640331268,-1.6949983835220337
1779968357981964500,22.101964599609374,-1.4854716062545776,0.6736316680908203,-2.6667323112487793
1779968357998296800,22.118296875,-0.8118399381637573,2.0731239318847656,-3.1280882358551025
1779968358014622700,22.134622802734373,-0.4323398768901825,4.278194904327393,-3.039665460586548
1779968358030951200,22.150951171875,-0.16600263118743896,6.004652500152588,-1.8860464096069336
1779968358047259400,22.16725927734375,0.247094988822937,5.8447585105896,2.6395487785339355
1779968358063589000,22.183589111328125,0.5968153476715088,3.7007744312286377,3.0546317100524902
1779968358079941600,22.199941650390624,2.093129873275757,2.3661866188049316,-2.741410493850708
1779968358096274400,22.2162744140625,2.400700330734253,1.3727669715881348,-2.339461088180542
1779968358112607700,22.232607666015625,0.5204572081565857,3.1584787368774414,-1.1056660413742065
1779968358128928000,22.248927978515624,-0.2431243658065796,2.0563251972198486,-1.7712037563323975
1779968358145297000,22.265296875,-1.5845844745635986,2.1255056858062744,-1.1371256113052368
1779968358161620700,22.281620849609375,-2.4057400226593018,2.010204792022705,-1.3107640743255615
1779968358177958100,22.297958251953126,-3.1832187175750732,2.3970351219177246,-3.2394185066223145
1779968358194261500,22.314261474609374,-4.186412334442139,3.0137035846710205,-3.7230708599090576
1779968358210601500,22.3306015625,-2.4110851287841797,-1.9619464874267578,-1.3388638496398926
1779968358226933000,22.34693310546875,-1.2270755767822266,-5.393481731414795,-6.020077228546143
1779968358243265300,22.363265380859374,0.59803706407547,-0.19379699230194092,-7.763486385345459
1779968358259598000,22.37959814453125,0.9257662892341614,6.923088550567627,-3.0741794109344482
1779968358275930600,22.3959306640625,0.34284812211990356,5.04437255859375,-1.3683381080627441
1779968358292278500,22.412278564453125,-0.20005837082862854,2.2209532260894775,-1.2681562900543213
1779968358308609000,22.428609130859375,-0.7192938327789307,1.8471038341522217,-1.1207849979400635
1779968358324921300,22.44492138671875,-0.9356928467750549,0.9692904353141785,-0.8827002644538879
1779968358341277000,22.46127685546875,-0.8054258227348328,1.3495540618896484,0.1189660057425499
1779968358357603000,22.47760302734375,-0.47800204157829285,2.2605068683624268,1.0589349269866943
1779968358373938700,22.493938720703124,0.19104810059070587,2.2997548580169678,1.3432927131652832
1779968358390269000,22.51026904296875,0.8280278444290161,0.5532912015914917,1.197601318359375
1779968358406603000,22.52660302734375,1.179275393486023,-1.040150761604309,1.1137601137161255
1779968358422918700,22.542918701171875,1.562135100364685,-0.49846604466438293,1.8487836122512817
1779968358439266600,22.5592666015625,1.878868818283081,-0.11010845750570297,2.875190019607544
1779968358455585300,22.575585205078124,2.3458752632141113,-1.7307339906692505,3.701232433319092
1779968358471932200,22.59193212890625,3.118314266204834,-3.1451923847198486,3.9510765075683594
1779968358488262700,22.6082626953125,3.7838521003723145,-3.807217597961426,3.6633589267730713
1779968358504574200,22.62457421875,3.2704198360443115,-4.244902610778809,3.1202995777130127
1779968358520909300,22.640909423828123,-0.35659259557724,-3.3505959510803223,3.905414342880249
1779968358537247200,22.657247314453127,-3.344334602355957,-1.7085901498794556,5.477476119995117
1779968358553580300,22.673580322265625,-3.503464937210083,-0.004428773187100887,5.807190418243408
1779968358569910000,22.689909912109375,-1.8516852855682373,1.7957911491394043,4.789336204528809
1779968358586244400,22.706244384765625,0.2272418737411499,0.6855435371398926,3.3179144859313965
1779968358602574000,22.722573974609375,1.0071641206741333,0.33597588539123535,2.537687063217163
1779968358618899500,22.7388994140625,1.2446379661560059,0.2955060601234436,1.6751452684402466
1779968358635227600,22.7552275390625,0.35964691638946533,-0.5859724879264832,0.9440922141075134
1779968358651587000,22.771587158203126,0.1898263692855835,-0.694248378276825,-0.04184427112340927
1779968358667907300,22.7879072265625,-0.3474296033382416,-1.2684617042541504,-0.7382306456565857
1779968358684222200,22.80422216796875,-1.3445143699645996,-0.9040805697441101,-1.2731958627700806
1779968358700569600,22.820569580078125,-1.9561432600021362,-0.5505422949790955,-2.4935519695281982
1779968358716902700,22.836902587890624,-1.6869044303894043,0.432034432888031,-3.4545955657958984
1779968358733232600,22.853232666015625,-0.9172141551971436,2.66642689704895,-3.6274704933166504
1779968358749568300,22.869568359375,-0.3718642294406891,3.9707767963409424,-3.4994943141937256
1779968358765898800,22.885898681640626,-0.5940664410591125,4.350735187530518,-2.364506721496582
1779968358782222000,22.90222216796875,-0.6146831512451172,2.6085472106933594,1.2377656698226929
1779968358798577200,22.9185771484375,1.116814374923706,3.592498540878296,2.9236011505126953
1779968358814908700,22.93490869140625,1.9315558671951294,2.799442768096924,-1.2722796201705933
1779968358831240000,22.951239990234374,2.3712260723114014,1.732261061668396,-1.6505578756332397
1779968358847540000,22.9675400390625,0.46181413531303406,1.197601318359375,-2.280359983444214
1779968358863904300,22.983904296875,-0.18829920887947083,1.8664987087249756,-3.2571334838867188
1779968358880218600,23.000218505859376,-0.8072584271430969,3.551265001296997,-1.4924964904785156
1779968358896575000,23.016574951171876,-1.6418530941009521,2.269364356994629,-0.20372356474399567
1779968358912900600,23.032900634765625,-2.4587326049804688,0.3813326358795166,-1.04289972782135
1779968358929239800,23.04923974609375,-2.9408578872680664,-1.2431107759475708,-2.0474674701690674
1779968358945567000,23.06556689453125,-2.0230329036712646,-4.07080602645874,-1.9407188892364502
1779968358961901000,23.081901123046876,-0.9714284539222717,-5.4171528816223145,-5.7186150550842285
1779968358978228000,23.09822802734375,0.5450445413589478,-0.30222558975219727,-7.797542095184326
1779968358994567000,23.11456689453125,0.941343367099762,6.532898426055908,-3.9374847412109375
1779968359010876400,23.13087646484375,0.19685132801532745,3.3660202026367188,-1.4767667055130005
1779968359027207400,23.14720751953125,-0.7542658448219299,0.08109235763549805,-1.1476631164550781
1779968359043532300,23.1635322265625,-1.1062769889831543,0.4899139404296875,-1.3460415601730347
1779968359059883300,23.17988330078125,-1.1840095520019531,0.9265298843383789,-0.37308594584465027
1779968359076210400,23.19621044921875,-1.05404794216156,1.944231390953064,0.616973876953125
1779968359092548400,23.21254833984375,-0.5940664410591125,2.334268808364868,0.9065240025520325
1779968359108880000,23.2288798828125,0.08964447677135468,1.2281445264816284,0.99250328540802
1779968359125220400,23.245220458984374,0.6285803318023682,-0.4964807331562042,1.1468994617462158
1779968359141535200,23.26153515625,1.1142182350158691,-0.9477574229240417,1.7751743793487549
1779968359157889500,23.2778896484375,1.5865697860717773,-1.1317806243896484,2.576171398162842
1779968359174215400,23.29421533203125,2.012648344039917,-1.7455474138259888,3.2702670097351074
1779968359190539000,23.3105390625,2.289522886276245,-1.9394971132278442,3.4877350330352783
1779968359206867500,23.326867431640625,3.157867908477783,-2.2145392894744873,3.1554243564605713
1779968359223200800,23.34320068359375,3.3655619621276855,-3.313485860824585,3.034625768661499
1779968359239536600,23.35953662109375,1.8145751953125,-5.007873058319092,4.220468044281006
1779968359255871700,23.375871826171874,-1.1937834024429321,-4.289801120758057,3.9739837646484375
1779968359280367400,23.400367431640625,-2.7513370513916016,-0.5348125100135803,4.895779609680176
1779968359296710100,23.416710205078125,-1.497688889503479,1.8333593606948853,4.759861946105957
1779968359313045000,23.433044921875,-0.02672535367310047,0.6155994534492493,3.2490394115448
1779968359329374000,23.4493740234375,0.44425174593925476,-0.4755585789680481,2.5552492141723633
1779968359345691400,23.46569140625,0.7281513810157776,-0.5914703011512756,1.928807020187378
1779968359362039800,23.482039794921874,0.7629706859588623,-0.5818491578102112,1.0555751323699951
1779968359378371300,23.498371337890624,0.561079740524292,-0.9402743577957153,0.043676864355802536
1779968359394704000,23.514703857421875,0.3862195611000061,-1.5085316896438599,-0.5375614166259766
1779968359411036000,23.531035888671877,-0.42562034726142883,-1.3350459337234497,-0.7506006956100464
1779968359427370000,23.547369873046875,-1.067945122718811,-1.1939361095428467,-1.9558378458023071
1779968359443704300,23.563704345703126,-1.0204503536224365,-0.4824308156967163,-3.0973923206329346
1779968359460036400,23.580036376953124,-0.7351763248443604,2.389399290084839,-3.36708927154541
1779968359476362200,23.5963623046875,-0.4170682430267334,4.827209949493408,-3.260951280593872
1779968359492704300,23.612704345703126,-0.5416847467422485,5.729763507843018,-2.2514965534210205
1779968359509014300,23.62901416015625,-1.1644618511199951,3.335935115814209,1.4749341011047363
1779968359525350700,23.6453505859375,-0.3376557528972626,0.674089789390564,4.781089782714844
1779968359541660700,23.66166064453125,0.5751296281814575,1.8626807928085327,1.0053315162658691
1779968359558017300,23.678017333984375,2.0526599884033203,1.5486961603164673,-1.3486377000808716
1779968359574345700,23.694345703125,1.1226176023483276,1.297019600868225,-1.9295705556869507
1779968359590679800,23.7106796875,-0.6577491760253906,3.210707664489746,-2.8545732498168945
1779968359607028500,23.727028564453125,-0.8764389157295227,4.192673683166504,-2.3547327518463135
1779968359623356000,23.74335595703125,-1.3781119585037231,2.1322250366210938,-1.004873275756836
1779968359639706400,23.759706298828124,-2.043038845062256,-0.030543262138962746,-1.4092661142349243
1779968359656025000,23.776025146484375,-2.9072604179382324,-0.9305005073547363,-2.037693738937378
1779968359672317700,23.792317626953125,-2.520582675933838,-2.778215169906616,-2.0891592502593994
1779968359688672500,23.808672607421876,-1.7551685571670532,-5.037500381469727,-5.436700820922852
1779968359705005300,23.82500537109375,-0.2545780837535858,-0.5355761051177979,-5.5526123046875
1779968359721339000,23.8413388671875,0.28069257736206055,4.019187927246094,-3.2198708057403564
1779968359737665000,23.8576650390625,0.02535090781748295,2.3797783851623535,-2.7453811168670654
1779968359754005200,23.874005126953126,-0.3049744665622711,0.26740625500679016,-2.1922426223754883
1779968359770336300,23.890336181640624,-1.1314750909805298,0.4225660264492035,-1.4080443382263184
1779968359786680300,23.906680419921877,-1.4191926717758179,-0.6707300543785095,-1.0291552543640137
1779968359803013000,23.92301318359375,-1.2565498352050781,0.20433442294597626,0
1779968359819345400,23.939345458984373,-0.8504771590232849,0.8426886200904846,0.7012733221054077
1779968359835675100,23.955675048828127,-0.3098613917827606,1.1110111474990845,1.0922271013259888
1779968359852008200,23.97200830078125,0.24098633229732513,0.275347501039505,1.2820534706115723
1779968359868336400,23.98833642578125,0.660192608833313,-1.042594313621521,1.449125051498413
1779968359884662800,24.004662841796875,0.9807441234588623,-1.5057828426361084,1.8860464096069336
1779968359901001000,24.0210009765625,1.2759448289871216,-1.8869627714157104,2.7349963188171387
1779968359917327600,24.03732763671875,1.8513798713684082,-2.8480064868927,3.5097262859344482
1779968359933671700,24.053671630859377,2.662761688232422,-3.416569232940674,3.486207962036133
1779968359950000600,24.070000732421875,3.25209379196167,-3.386636972427368,3.0494391918182373
1779968359966335700,24.086335693359374,2.934443950653076,-3.402519464492798,2.9077186584472656
1779968359982651100,24.102651123046876,0.8474228382110596,-4.04438591003418,3.5045340061187744
1779968359998982100,24.118982177734374,-2.1262691020965576,-3.713144302368164,3.953367233276367
1779968360015318300,24.135318359375,-2.8151724338531494,-1.8014415502548218,4.793917655944824
1779968360031635700,24.1516357421875,-1.4801265001296997,0.6177374720573425,4.444350242614746
1779968360047983400,24.1679833984375,-0.19517144560813904,0.3246748745441437,3.3957998752593994
1779968360064315100,24.184315185546875,0.19456058740615845,-0.40882155299186707,2.652682304382324
1779968360080631000,24.200631103515626,0.8283332586288452,-0.860556423664093,1.9088011980056763
1779968360096980500,24.21698046875,0.7754934430122375,-1.1496484279632568,1.0367910861968994
1779968360113329700,24.23332958984375,0.3982841372489929,-2.7122416496276855,0.3455969989299774
1779968360129641700,24.249641845703124,0.22342395782470703,-2.9747610092163086,-0.21823160350322723
1779968360146000100,24.266000244140624,-0.3871358633041382,-2.4825563430786133,-0.5638286471366882
1779968360162292000,24.2822919921875,-0.5899431109428406,-1.8790215253829956,-2.101376533508301
1779968360178641400,24.298641357421875,-0.6380487680435181,-0.7509061098098755,-3.2255213260650635
1779968360194961200,24.314961181640626,-0.5383250117301941,2.069000482559204,-3.5106425285339355
1779968360211305500,24.331305419921875,-0.1336267739534378,5.209458827972412,-3.422219753265381
1779968360227638300,24.34763818359375,-0.06368270516395569,6.618266582489014,-1.785559058189392
1779968360243970300,24.36397021484375,-0.7307475209236145,2.596329927444458,5.713422775268555
1779968360260302300,24.38030224609375,0.18997909128665924,2.395660877227783,4.161977767944336
1779968360276633900,24.3966337890625,2.777146100997925,0.4786129295825958,-2.04655122756958
1779968360292964600,24.412964599609374,1.488220453262329,1.0128145217895508,-1.562135100364685
1779968360309314000,24.42931396484375,-0.1417207419872284,2.295173406600952,-1.3495540618896484
1779968360325646300,24.445646240234375,-1.457066297531128,2.1783454418182373,-1.5212072134017944
1779968360341976000,24.46197607421875,-1.75303053855896,1.896583914756775,-1.4937182664871216
1779968360358274800,24.47827490234375,-1.8892534971237183,1.1119275093078613,-2.9442176818847656
1779968360374643200,24.494643310546873,-3.1748194694519043,2.165975332260132,-3.810119152069092
1779968360390954000,24.5109541015625,-3.0330986976623535,-0.8790351152420044,-1.8880317211151123
1779968360407295700,24.527295654296875,-1.102917194366455,-5.372101783752441,-6.674008369445801
1779968360423618300,24.543618408203123,0.7108944058418274,-0.04153883829712868,-5.48633337020874
1779968360439944000,24.55994384765625,0.8542950749397278,2.364201307296753,-2.7653870582580566
1779968360456275700,24.576275634765626,0.21731531620025635,0.5274821519851685,-2.677422285079956
1779968360472611300,24.592611328125,0.028557950630784035,-0.4612032473087311,-2.6232080459594727
1779968360488941300,24.60894140625,-0.598647952079773,0.983340322971344,-1.9648480415344238
1779968360505274000,24.625274169921877,-1.5322027206420898,0.32162055373191833,-1.3906347751617432
1779968360521609000,24.64160888671875,-1.1731667518615723,-0.24984388053417206,-1.2728904485702515
1779968360537938400,24.6579384765625,-0.9379835724830627,-0.0731511116027832,-0.2742784917354584
1779968360554272800,24.674272705078124,-0.6076582074165344,1.0664180517196655,0.46379944682121277
1779968360570604000,24.69060400390625,0.23945917189121246,0.7689266204833984,1.08718740940094
1779968360586936000,24.70693603515625,0.7518224120140076,-0.19303341209888458,1.4101824760437012
1779968360603268600,24.7232685546875,1.1074986457824707,-0.6407976150512695,1.6363552808761597
1779968360619601000,24.739600830078125,1.3344351053237915,-0.342695415019989,2.0616703033447266
1779968360635933700,24.75593359375,1.2611312866210938,-1.2530373334884644,2.458885431289673
1779968360652265200,24.77226513671875,1.52273428440094,-2.5257749557495117,2.9347493648529053
1779968360668597000,24.788596923828123,2.4530820846557617,-3.0775392055511475,3.455512046813965
1779968360684928800,24.8049287109375,3.266601800918579,-3.5475997924804688,3.3628132343292236
1779968360701263000,24.82126318359375,2.984382152557373,-3.6803104877471924,3.5443928241729736
1779968360717594600,24.8375947265625,1.3649784326553345,-2.941926956176758,3.45871901512146
1779968360733927000,24.853927001953124,-0.8839219808578491,-1.4879150390625,3.7734673023223877
1779968360750259500,24.870259521484375,-1.372156023979187,-0.12446379661560059,4.466341018676758
1779968360766590700,24.8865908203125,-0.26053401827812195,0.7382306456565857,3.899610996246338
1779968360782924300,24.90292431640625,0.4392121136188507,-0.4550946056842804,2.540283203125
1779968360799256300,24.91925634765625,0.34987306594848633,-1.9451476335525513,1.7502816915512085
1779968360815590100,24.935590087890624,0.5254968404769897,-2.246609687805176,1.401477575302124
1779968360831920000,24.951920166015626,0.5091561675071716,-1.9408715963363647,0.9454666972160339
1779968360848252200,24.968252197265624,0.154396191239357,-2.177734613418579,0.5754350423812866
1779968360864583700,24.984583740234374,0.2353358417749405,-2.546239137649536,0.19944749772548676
1779968360880917000,25.0009169921875,-0.23411411046981812,-1.8164077997207642,-0.30741792917251587
1779968360897262800,25.017262939453126,-0.7951938509941101,-0.93095862865448,-1.3335188627243042
1779968360913592000,25.033592041015623,-0.973566472530365,-0.5056437253952026,-2.8261680603027344
1779968360929924400,25.04992431640625,-0.7973318696022034,1.224173903465271,-3.4040465354919434
1779968360946258200,25.066258056640624,-0.3243694305419922,3.570201873779297,-3.2983667850494385
1779968360962577000,25.082576904296875,0.2739730477333069,5.073999404907227,-2.094046115875244
1779968360978923000,25.098923095703125,0.18829920887947083,2.116342544555664,2.302809238433838
1779968360995255000,25.115255126953127,0.19807305932044983,2.218967914581299,4.660138130187988
1779968361011588000,25.131588134765625,1.1966849565505981,3.3041701316833496,-0.7826710939407349
1779968361027906000,25.147906005859376,1.4356859922409058,1.0361801385879517,-2.0022635459899902
1779968361044251000,25.1642509765625,0.4893030524253845,1.6221526861190796,-1.086118459701538
1779968361060582700,25.180582763671875,-0.25244006514549255,0.7493789196014404,-1.0337367057800293
1779968361076916000,25.196916015625,-1.6841554641723633,2.051743745803833,-0.7631233930587769
1779968361093262600,25.2132626953125,-2.2403483390808105,2.4697282314300537,-1.5748106241226196
1779968361109593600,25.229593505859373,-2.649322509765625,1.303891897201538,-4.2726969718933105
1779968361125900300,25.245900390625,-3.1053335666656494,0.7076873779296875,-4.369213581085205
1779968361142260000,25.262260009765626,-1.9120081663131714,-3.129768133163452,-2.8215866088867188
1779968361158574000,25.278573974609376,-0.9963212013244629,-4.8479790687561035,-7.432855606079102
1779968361174910700,25.29491064453125,0.6382014751434326,1.8238909244537354,-5.014440059661865
1779968361191242200,25.3112421875,1.0914634466171265,4.3030877113342285,-2.7737863063812256
1779968361207574300,25.32757421875,0.521984338760376,1.4555391073226929,-2.6705501079559326
1779968361223904500,25.343904541015625,0.23594669997692108,-0.06276640295982361,-1.9188804626464844
1779968361240238800,25.36023876953125,-0.32879820466041565,1.481042742729187,-1.4065172672271729
1779968361256582000,25.376581787109377,-0.6476698517799377,0.12553280591964722,-1.6656768321990967
1779968361272924400,25.39292431640625,-0.749531626701355,-0.6649268269538879,-1.1595749855041504
1779968361289240000,25.409239990234376,-0.636521577835083,0.05742133408784866,-0.1293507218360901
1779968361305581300,25.425581298828124,-0.3257438838481903,0.9611964821815491,0.49098294973373413
1779968361321910500,25.44191064453125,0.36789360642433167,0.8729264140129089,0.9118691086769104
1779968361338235400,25.4582353515625,0.9059131741523743,-0.2278527319431305,1.2008084058761597
1779968361354580200,25.474580322265624,1.212720274925232,-0.7009678483009338,1.6018413305282593
1779968361370909400,25.490909423828125,1.2567025423049927,-0.7548767328262329,2.255925416946411
1779968361387242200,25.5072421875,0.9607383012771606,-1.4772248268127441,2.9190194606781006
1779968361403558700,25.52355859375,1.0997101068496704,-2.3215932846069336,3.4458909034729004
1779968361419902700,25.53990283203125,2.1450533866882324,-3.9264891147613525,3.4738378524780273
1779968361436243000,25.556242919921875,2.6387851238250732,-4.82522439956665,3.450014114379883
1779968361452576000,25.572575927734373,1.725541591644287,-5.371796131134033,3.799734592437744
1779968361468885200,25.58888525390625,-0.04886921867728233,-4.39914608001709,3.8713583946228027
1779968361485222000,25.605221923828125,-2.2287418842315674,-1.7070629596710205,4.424649715423584
1779968361501555500,25.621555419921876,-2.7456865310668945,0.6488916277885437,5.094463348388672
1779968361517885000,25.637885009765625,-1.2961033582687378,1.5291484594345093,4.201378345489502
1779968361534228700,25.654228759765626,0.4688390791416168,0.12202033400535583,3.19665789604187
1779968361550560300,25.670560302734376,0.9395107626914978,0.10781771689653397,2.792112350463867
1779968361566888200,25.68688818359375,1.2669345140457153,-0.8741481900215149,1.659568190574646
1779968361583226600,25.7032265625,0.9138544201850891,-1.9466748237609863,0.5962044596672058
1779968361599561500,25.7195615234375,0.7440338730812073,-2.1539108753204346,-0.11957687139511108
1779968361615894800,25.735894775390626,0.18799377977848053,-2.001958131790161,-0.5115996599197388
1779968361632231400,25.7522314453125,-0.7709119319915771,-1.387274980545044,-0.7118107080459595
1779968361648543200,25.768543212890624,-1.4077389240264893,-0.7391469478607178,-1.9130772352218628
1779968361664865300,25.784865234375,-1.1940888166427612,0.28695395588874817,-2.9297096729278564
1779968361681199600,25.80119970703125,-0.6279694437980652,2.940247058868408,-3.38602614402771
1779968361697543200,25.817543212890627,0.03756821155548096,5.0987396240234375,-3.3145549297332764
1779968361713875200,25.833875244140625,-0.02886338345706463,5.650197982788086,-2.4689645767211914
1779968361730206200,25.850206298828127,-0.979216992855072,2.2201898097991943,4.4180827140808105
1779968361746541800,25.866541748046874,0.2701551616191864,2.177887201309204,3.6615262031555176
1779968361762886400,25.882886474609375,2.6167941093444824,0.2399173229932785,-2.4906504154205322
1779968361779219000,25.899218994140625,1.5963436365127563,1.6242907047271729,-1.2620476484298706
1779968361795550000,25.915550048828123,0.23411411046981812,3.2348368167877197,-1.207375168800354
1779968361811881000,25.931880859375,-0.899040937423706,3.6558756828308105,-1.6300939321517944
1779968361828215600,25.948215576171876,-2.099391222000122,3.2285754680633545,-1.1575896739959717
1779968361844523000,25.96452294921875,-2.710103750228882,1.7588337659835815,-2.437047004699707
1779968361860875800,25.980875732421875,-3.6060903072357178,2.118633270263672,-3.6271650791168213
1779968361877214200,25.997214111328127,-3.1091513633728027,-0.2652682363986969,-2.143526077270508
1779968361893533700,26.01353369140625,-2.0945041179656982,-6.047107696533203,-4.539492130279541
1779968361909875000,26.029875,-0.2548835277557373,-4.341114044189453,-7.3154168128967285
1779968361926206700,26.046206787109377,0.917061448097229,3.7223074436187744,-3.9994874000549316
1779968361942523600,26.062523681640624,0.5115996599197388,4.010941028594971,-2.959336757659912
1779968361958856400,26.0788564453125,0.10048733651638031,0.39797869324684143,-2.3820691108703613
1779968361975193000,26.095193115234373,-0.5141957998275757,0.7678576111793518,-1.5428929328918457
1779968361991536000,26.1115361328125,-0.8613200187683105,-0.2993239760398865,-2.027003526687622
1779968362007856400,26.1278564453125,-0.9450085163116455,-1.591151237487793,-1.1050552129745483
1779968362024190200,26.144190185546876,-0.7174612283706665,-0.3191770911216736,0.2921462953090668
1779968362040522500,26.1605224609375,-0.07452555745840073,0.17699819803237915,0.8462010622024536
1779968362056840700,26.1768408203125,0.6017022728919983,-0.4671591818332672,1.4424055814743042
1779968362073167400,26.19316748046875,0.9338602423667908,-1.5418238639831543,1.8419114351272583
1779968362089522000,26.20952197265625,1.2084441184997559,-1.7108808755874634,2.2647829055786133
1779968362105849900,26.225849853515626,1.4694362878799438,-1.5830572843551636,2.881451368331909
1779968362122181400,26.242181396484376,1.472490668296814,-2.1038198471069336,3.5349245071411133
1779968362138514400,26.258514404296875,1.8345810174942017,-3.188105821609497,4.098752975463867
1779968362154843400,26.274843505859376,2.319913387298584,-3.8620429039001465,4.093866348266602
1779968362171178200,26.29117822265625,2.5103507041931152,-4.40693473815918,3.2542319297790527
1779968362187508000,26.307508056640625,0.6858489513397217,-3.3559410572052,3.0049989223480225
1779968362203846700,26.3238466796875,-2.8878655433654785,-1.2945761680603027,3.8203511238098145
1779968362220174800,26.3401748046875,-3.0384438037872314,-0.2727513313293457,4.922810077667236
1779968362236511500,26.356511474609373,-0.7900014519691467,1.1104003190994263,4.626388072967529
1779968362252840200,26.372840087890626,0.2321287989616394,0.44806966185569763,3.354871988296509
1779968362269183200,26.389183349609375,0.8689557909965515,-1.2709051370620728,2.2600486278533936
1779968362285519400,26.405519287109374,1.6549866199493408,-0.7422012686729431,1.0348057746887207
1779968362301878300,26.421878173828127,1.1036807298660278,-1.024726390838623,0.02977968007326126
1779968362318182000,26.438181884765626,0.6142250299453735,-1.7114917039871216,-0.5015203952789307
1779968362334498800,26.454498779296873,0.3660610020160675,-1.9179641008377075,-0.6394231915473938
1779968362350846200,26.47084619140625,-0.2541199326515198,-1.657124638557434,-0.6730207800865173
1779968362367179000,26.487178955078125,-0.8787296414375305,-1.2037099599838257,-1.4895949363708496
1779968362383506700,26.503506591796874,-1.0297660827636719,-0.5684100985527039,-2.450791358947754
1779968362399847200,26.51984716796875,-0.889267086982727,1.6676621437072754,-2.914438009262085
1779968362416175000,26.536175048828124,-0.35903605818748474,4.05049467086792,-2.6960537433624268
1779968362432489200,26.5524892578125,-0.2177734673023224,5.252066612243652,-1.7467691898345947
1779968362448827100,26.5688271484375,-0.8234463334083557,3.4387130737304688,2.0836613178253174
1779968362465161700,26.58516162109375,0.18875735998153687,2.4278838634490967,4.223369598388672
1779968362481490000,26.601489990234374,1.272737741470337,3.2452216148376465,-0.3335324227809906
1779968362497824800,26.61782470703125,1.724014401435852,3.6468656063079834,-1.250593900680542
1779968362514155300,26.6341552734375,0.17318029701709747,2.2876904010772705,-2.456594467163086
1779968362530488000,26.650488037109376,-0.3597996234893799,2.757751226425171,-2.2985332012176514
1779968362546823200,26.6668232421875,-1.4604260921478271,3.014925479888916,-1.0070114135742188
1779968362563151000,26.683151123046876,-2.102139949798584,1.2731958627700806,-1.286940336227417
1779968362579494000,26.699493896484373,-2.5780041217803955,-0.21624629199504852,-2.7041478157043457
1779968362595836200,26.715836181640626,-2.8119654655456543,-1.1962268352508545,-3.1144964694976807
1779968362612162000,26.732162109375,-1.8573358058929443,-3.2027664184570312,-2.7927231788635254
1779968362628497700,26.74849755859375,-1.0807733535766602,-2.3823745250701904,-5.257411956787109
1779968362644803300,26.76480322265625,-0.21899518370628357,1.3468050956726074,-4.211610317230225
1779968362661148700,26.781148681640627,0.054825156927108765,2.45980167388916,-3.4213035106658936
1779968362677479400,26.7974794921875,0.13057245314121246,0.7622070908546448,-2.894737720489502
1779968362693811700,26.813811767578127,0.19135354459285736,1.0012081861495972,-1.8545868396759033
1779968362710142700,26.830142822265625,-0.4158465266227722,2.127643585205078,-1.2082914113998413
1779968362726476000,26.84647607421875,-0.8617781400680542,-0.2145664244890213,-1.3419182300567627
1779968362742826500,26.862826416015626,-1.0045678615570068,-0.840397834777832,-0.31261029839515686
1779968362759161600,26.87916162109375,-0.7835873961448669,-0.003054326167330146,0.6013968586921692
1779968362775485200,26.895485107421877,-0.19715675711631775,0.7518224120140076,1.0296133756637573
1779968362791818800,26.91181884765625,0.2808452844619751,0.09941831976175308,1.4708107709884644
1779968362808127500,26.92812744140625,0.6928738951683044,-1.277166485786438,1.597107172012329
1779968362824481800,26.944481689453124,1.133307695388794,-1.9060522317886353,1.7522670030593872
1779968362840813800,26.960813720703126,1.3720033168792725,-1.7289013862609863,2.2353086471557617
1779968362857126100,26.977126220703123,1.2124147415161133,-2.0227274894714355,2.830138683319092
1779968362873481000,26.99348095703125,1.423926830291748,-3.0744848251342773,3.3096678256988525
1779968362889795600,27.009795654296877,2.0393736362457275,-3.4794883728027344,3.628997802734375
1779968362906145300,27.026145263671875,2.4544565677642822,-3.444669008255005,3.436116933822632
1779968362922520000,27.04252001953125,1.9909625053405762,-3.933819532394409,3.4749069213867188
1779968362938793000,27.05879296875,0.8405506014823914,-3.1978795528411865,3.2345314025878906
1779968362955130600,27.075130615234375,-1.31916344165802,-0.7615962624549866,3.9300014972686768
1779968362971460000,27.091460205078125,-1.7116444110870361,0.7968736886978149,4.635245323181152
1779968362987797000,27.107796875,-0.565203070640564,-1.073595643043518,3.703981399536133
1779968363004126000,27.1241259765625,0.12400564551353455,-2.621680974960327,2.8822150230407715
1779968363020456700,27.140456787109375,0.4231768846511841,-2.8070785999298096,2.5248587131500244
1779968363036793300,27.15679345703125,0.8133670687675476,-1.762804388999939,1.5569428205490112
1779968363053136100,27.17313623046875,0.5441282391548157,-1.0790934562683105,0.3891211748123169
1779968363069449500,27.189449462890625,0.5441282391548157,-0.7040221691131592,-0.5810855627059937
1779968363085798000,27.2057978515625,0.3822489380836487,-0.8556694984436035,-1.368032693862915
1779968363102132700,27.2221328125,-0.4079052805900574,-0.6685920357704163,-1.5457944869995117
1779968363118461000,27.2384609375,-1.0450377464294434,-0.33246341347694397,-1.466840147972107
1779968363134783700,27.25478369140625,-1.3767375946044922,-0.47051894664764404,-1.8270978927612305
1779968363151111000,27.27111083984375,-1.2084441184997559,0.5468770861625671,-2.1343631744384766
1779968363167448000,27.287447998046876,-0.6111706495285034,2.305863618850708,-2.0448713302612305
1779968363183780400,27.3037802734375,0.03985895588994026,4.3284382820129395,-1.7479908466339111
1779968363200109600,27.320109619140624,0.14737124741077423,5.994878768920898,0.16982053220272064
1779968363216446200,27.3364462890625,0.02672535367310047,6.034432411193848,2.6650524139404297
1779968363232794000,27.352794189453125,0.2981022298336029,4.3169846534729,0.15714508295059204
1779968363249090000,27.369090087890626,0.7916813492774963,1.6488779783248901,-1.2953397035598755
1779968363265458200,27.385458251953125,0.11484266817569733,1.436449646949768,-1.2081387042999268
1779968363281768000,27.401767822265626,-1.1386528015136719,1.7967073917388916,-0.9627236127853394
1779968363298103600,27.418103515625,-2.3457224369049072,2.7398834228515625,-0.7192938327789307
1779968363314435300,27.434435302734375,-2.6006059646606445,1.5913039445877075,-1.3115277290344238
1779968363330768100,27.45076806640625,-2.641228675842285,0.44623705744743347,-3.2087223529815674
1779968363347102200,27.467102294921876,-2.824640989303589,-0.2226603776216507,-4.155869007110596
1779968363363435300,27.483435302734375,-1.354135513305664,-3.262936592102051,-3.2672128677368164
1779968363379766800,27.499766845703125,-0.0656680166721344,-1.4873042106628418,-7.0979485511779785
1779968363396100000,27.51610009765625,0.7590000629425049,3.3017265796661377,-4.982980728149414
1779968363412431600,27.532431640625,0.5609270334243774,2.2690589427948,-2.998432159423828
1779968363428764700,27.5487646484375,0.2669481039047241,-0.4740314185619354,-2.582585573196411
1779968363445081600,27.56508154296875,0.15363261103630066,0.2554943859577179,-2.147191286087036
1779968363461430500,27.581430419921876,-0.6320928335189819,0.47280970215797424,-2.0384573936462402
1779968363477759700,27.597759765625,-1.0358747243881226,-1.1400272846221924,-1.7809776067733765
1779968363494093300,27.61409326171875,-0.7597636580467224,-0.7762570381164551,-0.8448266386985779
1779968363510425300,27.63042529296875,-0.5786421298980713,-0.35705074667930603,0.07941248267889023
1779968363526775000,27.646775146484377,-0.14385876059532166,0.6165157556533813,0.8718574047088623
1779968363543093200,27.66309326171875,0.5477933883666992,-0.15790866315364838,1.3781119585037231
1779968363559435000,27.67943505859375,0.9445503950119019,-1.4700472354888916,1.605048418045044
1779968363575751200,27.695751220703126,1.2701416015625,-1.5598443746566772,2.182926893234253
1779968363592099600,27.712099609375,1.468367338180542,-1.535562515258789,2.8579330444335938
1779968363608431900,27.728431884765627,1.6169602870941162,-2.2792909145355225,3.2733213901519775
1779968363624760600,27.744760498046876,1.975232720375061,-2.9859092235565186,3.2085697650909424
1779968363641083400,27.76108349609375,2.16322660446167,-3.9649736881256104,2.6919305324554443
1779968363657416200,27.777416259765626,1.5303701162338257,-5.176777362823486,3.377932071685791
1779968363673748500,27.79374853515625,0.38087448477745056,-4.384790897369385,3.721085548400879
1779968363690079200,27.810079345703127,-0.6556110978126526,-3.0757064819335938,3.869678497314453
1779968363706411500,27.82641162109375,-1.535562515258789,-0.5595525503158569,4.431521892547607
1779968363722747000,27.842746826171876,-1.6409367322921753,1.3394747972488403,4.710076332092285
1779968363739075300,27.859075439453125,-1.0351111888885498,-0.2275473028421402,3.3935091495513916
1779968363755421400,27.87542138671875,-0.1569923609495163,-1.3976596593856812,2.1427626609802246
1779968363771755800,27.891755859375,0.8217664957046509,-0.7512115240097046,1.2243266105651855
1779968363788088600,27.908088623046876,1.2209669351577759,-0.2278527319431305,0.508087158203125
1779968363804403700,27.92440380859375,0.8914051055908203,-1.2234103679656982,0.07376197725534439
1779968363820747800,27.940747802734375,0.788627028465271,-1.5436564683914185,-0.17791450023651123
1779968363837058000,27.95705810546875,0.05451972410082817,-1.4631749391555786,-0.32131510972976685
1779968363853405000,27.973405029296874,-0.9398161768913269,-1.250899314880371,-1.1331549882888794
1779968363869733000,27.989733154296875,-1.2719742059707642,-0.3634648323059082,-2.1668918132781982
1779968363886082000,28.00608203125,-1.1670581102371216,1.7938058376312256,-2.7172813415527344
1779968363902397400,28.0223974609375,-0.48380526900291443,4.254218101501465,-2.764012575149536
1779968363918728700,28.038728759765625,-0.0003054326225537807,6.485556125640869,-2.0503692626953125
1779968363935050500,28.055050537109373,-0.4098905920982361,5.596441745758057,0.9104946255683899
1779968363951398700,28.071398681640623,0.19456058740615845,3.3593006134033203,4.331645488739014
1779968363967715000,28.087715087890626,1.8206838369369507,2.925281047821045,-1.4477506875991821
1779968363984060000,28.104059814453127,2.523637056350708,0.7420485615730286,-2.687807083129883
1779968364000382000,28.1203818359375,0.5393940210342407,3.777743339538574,-1.2777774333953857
1779968364016715000,28.136715087890625,-0.27840182185173035,5.095227241516113,-0.28649580478668213
1779968364033056800,28.153056884765626,-1.6297885179519653,2.5445592403411865,-0.2122756689786911
1779968364049377000,28.169376953125,-2.282803535461426,0.4943426847457886,-0.6035348773002625
1779968364065709000,28.185708984375,-2.9772045612335205,-0.2716823220252991,-1.8248071670532227
1779968364082043000,28.20204296875,-3.9871175289154053,0.6646214127540588,-3.285691499710083
1779968364098374000,28.218373779296876,-3.1726813316345215,-1.471421718597412,-2.2438607215881348
1779968364114707700,28.234707763671874,-1.9367482662200928,-4.6436448097229,-5.051092147827148
1779968364131041800,28.251041748046877,-0.3588833212852478,0.1612684279680252,-5.395314693450928
1779968364147372500,28.26737255859375,0.5697845816612244,3.0043880939483643,-3.564704179763794
1779968364163705300,28.283705322265625,0.37491855025291443,1.1846203804016113,-2.8877127170562744
1779968364180036600,28.30003662109375,-0.2197587788105011,0.16859880089759827,-1.8125898838043213
1779968364196368600,28.31636865234375,-0.5958990454673767,1.2362385988235474,-1.3416128158569336
1779968364212701200,28.332701171875,-0.8552113175392151,-0.8391761183738708,-1.8625280857086182
1779968364229033500,28.349033447265626,-1.2670872211456299,-1.320385217666626,-0.3689626157283783
1779968364245365800,28.36536572265625,-0.8579602241516113,-0.1866193264722824,0.8211556077003479
1779968364261696800,28.38169677734375,-0.10461067408323288,0.2542726695537567,1.1557570695877075
1779968364278030000,28.398030029296876,0.5094616413116455,-0.589179515838623,1.423926830291748
1779968364294363600,28.41436376953125,0.921184778213501,-1.4445436000823975,1.734704613685608
1779968364310695000,28.43069482421875,1.3339769840240479,-1.447292447090149,2.062891960144043
1779968364327028200,28.4470283203125,1.5454890727996826,-1.2107349634170532,2.484694480895996
1779968364343359500,28.463359375,1.606881022453308,-2.0007364749908447,2.9665143489837646
1779968364359691000,28.47969091796875,2.1705570220947266,-3.266754627227783,3.483917236328125
1779968364376024000,28.496024169921874,2.5775458812713623,-4.034001350402832,3.713449716567993
1779968364392358700,28.512358642578125,2.6427557468414307,-4.765359878540039,3.020423173904419
1779968364408697900,28.52869775390625,1.386358618736267,-4.415791988372803,2.338850259780884
1779968364425036300,28.545036376953124,-2.2368357181549072,-2.3689353466033936,3.42863392829895
1779968364441352200,28.561352294921875,-2.8880181312561035,-0.6733261942863464,4.81270170211792
1779968364457683700,28.57768359375,-0.9990701079368591,0.337044894695282,4.345848083496094
1779968364474029800,28.59402978515625,0.5174028873443604,-0.42119157314300537,2.7983736991882324
1779968364490361900,28.61036181640625,0.8429940342903137,-1.2250902652740479,2.137722969055176
1779968364506711600,28.626711669921875,1.0795515775680542,-1.3837624788284302,1.5105170011520386
1779968364523041000,28.643041015625,1.0702359676361084,-1.0041097402572632,0.48716503381729126
1779968364539375400,28.659375244140627,0.679129421710968,-1.1643091440200806,-0.2819143235683441
1779968364555695400,28.6756953125,0.6056728959083557,-1.6041321754455566,-0.5801692605018616
1779968364572042800,28.692042724609376,0.05604688450694084,-1.4595097303390503,-0.7742717266082764
1779968364588350700,28.708350830078125,-0.7422012686729431,-0.811687171459198,-1.5328136682510376
1779968364604699400,28.724699462890626,-0.8930850028991699,-0.361174076795578,-2.559983491897583
1779968364621016600,28.7410166015625,-0.9092729091644287,0.9621127843856812,-2.981633186340332
1779968364637352400,28.7573525390625,-0.6467535495758057,3.2334625720977783,-3.0390546321868896
1779968364653685000,28.77368505859375,-0.10231992602348328,5.631261348724365,-2.2928826808929443
1779968364670016800,28.790016845703125,-0.28787025809288025,4.807204246520996,0.2548835277557373
1779968364686347800,28.80634765625,-0.21471913158893585,1.5259413719177246,5.086674690246582
1779968364702681000,28.82268115234375,0.9601274728775024,3.4130568504333496,0.6919575929641724
1779968364719030300,28.8390302734375,2.7015514373779297,1.6510159969329834,-2.775160789489746
1779968364735350300,28.855350341796875,1.0768027305603027,1.7912095785140991,-2.1986567974090576
1779968364751690500,28.8716904296875,-0.17928895354270935,4.128838062286377,-1.9327776432037354
1779968364768024000,28.888024169921874,-1.274570345878601,4.105167388916016,-1.3616186380386353
1779968364784356400,28.9043564453125,-2.4352142810821533,2.447584390640259,-0.8158105611801147
1779968364800650000,28.92064990234375,-3.090519905090332,0.7365507483482361,-1.3385584354400635
1779968364817011500,28.937011474609374,-3.2876768112182617,-0.8486445546150208,-2.0648772716522217
1779968364833358800,28.95335888671875,-2.1644482612609863,-3.5164458751678467,-2.216371774673462
1779968364849690400,28.9696904296875,-1.0850493907928467,-5.879425048828125,-6.114608287811279
1779968364866008000,28.986008056640625,0.5016731023788452,-0.34345898032188416,-5.975178241729736
1779968364882344000,29.002343994140624,0.9486737251281738,5.469381809234619,-2.995835781097412
1779968364898665700,29.018665771484375,0.3536909818649292,3.2178854942321777,-2.470033645629883
1779968364915001000,29.0350009765625,0.07956519722938538,-0.45631635189056396,-1.6931657791137695
1779968364931333400,29.05133349609375,-0.5572618246078491,0.9254608750343323,-1.3654365539550781
1779968364947665400,29.06766552734375,-1.0123564004898071,-0.4812090992927551,-1.666593074798584
1779968364963994400,29.083994384765624,-1.0963504314422607,-0.24358251690864563,-0.5606215596199036
1779968364980319500,29.100319580078125,-0.8770498037338257,0.28496864438056946,0.5085453391075134
1779968364996652300,29.11665234375,-0.3810271918773651,1.1320860385894775,0.9184358716011047
1779968365013007000,29.133007080078126,0.19562959671020508,0.5804746747016907,1.2557861804962158
1779968365029339600,29.149339599609377,0.6589708924293518,-0.5621487498283386,1.6340645551681519
1779968365045673200,29.165673095703124,1.0806206464767456,-1.3422236442565918,1.8674150705337524
1779968365061988400,29.18198828125,1.4303410053253174,-1.3339769840240479,2.1794145107269287
1779968365078340900,29.1983408203125,1.3400856256484985,-1.676366925239563,2.7009406089782715
1779968365094651100,29.214651123046874,1.3811663389205933,-3.0385963916778564,3.403435707092285
1779968365110986800,29.23098681640625,2.0189096927642822,-4.159839630126953,3.93045973777771
1779968365127320600,29.247320556640624,2.8466320037841797,-3.9295434951782227,3.151911973953247
1779968365143639800,29.263639892578126,3.115412712097168,-4.471991539001465,2.685821771621704
1779968365159985000,29.27998486328125,1.2409727573394775,-4.803691387176514,3.211013078689575
1779968365176317000,29.29631689453125,-1.5306755304336548,-2.99812650680542,4.160450458526611
1779968365192651300,29.3126513671875,-2.3573288917541504,-0.45234572887420654,5.038722038269043
1779968365208994300,29.328994384765625,-1.4897476434707642,1.2678507566452026,4.3308820724487305
1779968365225311500,29.3453115234375,-0.2695443034172058,-0.4005748927593231,2.8649580478668213
1779968365241654000,29.361654052734377,0.5595525503158569,-0.9086620807647705,2.3663392066955566
1779968365257993000,29.377992919921876,1.042594313621521,-0.9388998746871948,1.6597208976745605
1779968365274326800,29.394326904296875,0.6914994716644287,-1.2956452369689941,0.9137017130851746
1779968365290663400,29.410663330078126,0.503047525882721,-1.8425222635269165,0.24892759323120117
1779968365306983000,29.42698291015625,0.47189339995384216,-2.0138700008392334,-0.4450153410434723
1779968365323319800,29.44331982421875,-0.44196099042892456,-1.6788103580474854,-0.8425359129905701
1779968365339654000,29.45965380859375,-1.2945761680603027,-1.2162326574325562,-1.3938417434692383
1779968365355986400,29.475986328125,-1.3466523885726929,-0.8341364860534668,-2.609769105911255
1779968365372316700,29.492316650390624,-1.1465940475463867,1.1311696767807007,-3.152064561843872
1779968365388633300,29.50863330078125,-0.5016731023788452,3.480862855911255,-3.1341967582702637
1779968365404967000,29.524966796875,0.04001167416572571,5.926309108734131,-2.593122959136963
1779968365421299500,29.541299560546875,-0.16294831037521362,6.51671028137207,-0.8203920125961304
1779968365437633500,29.557633544921874,-0.5258022546768188,4.296062469482422,4.628067970275879
1779968365453964500,29.573964599609376,0.6974554061889648,2.8709139823913574,-0.15195272862911224
1779968365470293800,29.590293701171873,2.166128158569336,1.4456125497817993,-2.534479856491089
1779968365486636500,29.606636474609374,0.7295258045196533,2.4190263748168945,-1.3881912231445312
1779968365502977000,29.62297705078125,-0.2874121069908142,2.643519401550293,-0.8871290683746338
1779968365519306800,29.639306640625,-1.6175711154937744,2.8241827487945557,-0.10552696883678436
1779968365535659500,29.655659423828126,-2.3324363231658936,2.054034471511841,-0.3355177342891693
1779968365551974700,29.671974609375,-2.972928524017334,1.1313223838806152,-2.4294111728668213
1779968365568304600,29.6883046875,-3.8263072967529297,0.941343367099762,-3.2759175300598145
1779968365584621000,29.70462109375,-2.663677930831909,-3.2988250255584717,-2.4944682121276855
1779968365600940300,29.720940185546876,-1.1154398918151855,-6.172335147857666,-6.537785053253174
1779968365617288700,29.737288818359374,0.2987131178379059,0.45326200127601624,-4.996725082397461
1779968365633606000,29.75360595703125,0.4466952085494995,3.283247947692871,-3.303101062774658
1779968365649962800,29.769962646484377,0.06276640295982361,1.2721269130706787,-3.2960760593414307
1779968365666285300,29.786285400390625,-0.2451096773147583,0.3455969989299774,-2.626567840576172
1779968365682617900,29.802617919921875,-1.2072224617004395,0.5653557777404785,-1.8132007122039795
1779968365698952400,29.818952392578126,-1.6018413305282593,-0.6464481353759766,-1.3817771673202515
1779968365715294000,29.8352939453125,-1.15178644657135,-0.8571966290473938,-0.5490151643753052
1779968365731612400,29.8516123046875,-0.6702718734741211,-0.43417248129844666,0.6672175526618958
1779968365747944700,29.86794482421875,0.05849034711718559,0.7371616363525391,1.173624873161316
1779968365764297700,29.884297607421875,0.7286095023155212,0.22311852872371674,1.4685200452804565
1779968365780619000,29.900618896484374,1.0268645286560059,-1.1386528015136719,1.7919732332229614
1779968365796940800,29.91694091796875,1.244027018547058,-1.5549575090408325,2.331061840057373
1779968365813299500,29.933299560546875,1.4746286869049072,-1.479362964630127,2.880840539932251
1779968365829617700,29.94961767578125,1.5948164463043213,-1.9104810953140259,3.213151216506958
1779968365845955600,29.96595556640625,2.0198259353637695,-2.9025261402130127,3.724292755126953
1779968365862287600,29.98228759765625,2.506380081176758,-3.5068247318267822,4.104098320007324
1779968365878601200,29.998601318359373,2.7589728832244873,-4.069278717041016,3.735746383666992
1779968365894936600,30.0149365234375,2.070985794067383,-4.186870574951172,3.2597296237945557
1779968365911267800,30.031267822265626,-1.0667234659194946,-1.4909693002700806,3.5220963954925537
1779968365927595800,30.047595703125,-2.643213987350464,0.0009162978967651725,4.739550590515137
1779968365943939000,30.06393896484375,-0.5354233980178833,-0.5207626223564148,4.539034366607666
1779968365960264200,30.08026416015625,0.6404922008514404,-1.1786644458770752,3.727346897125244
1779968365976598000,30.096597900390623,0.6288857460021973,-2.0413589477539062,3.3125696182250977
1779968365992947000,30.112947021484374,1.0990992784500122,-1.9419406652450562,2.1922426223754883
1779968366009280000,30.129280029296876,1.2304353713989258,-1.207680583000183,0.6015495657920837
1779968366025609000,30.14560888671875,1.0015136003494263,-0.9289733171463013,-0.5543602108955383
1779968366041929500,30.161929443359377,0.7102835774421692,-1.4422528743743896,-1.0680978298187256
1779968366058273800,30.178273681640626,-0.10384709388017654,-1.726457953453064,-1.1062769889831543
1779968366074617600,30.19461767578125,-1.0473284721374512,-1.2049317359924316,-1.0031934976577759
1779968366090938000,30.210938232421874,-1.344361662864685,-1.1426234245300293,-1.8655824661254883
1779968366107234800,30.22723486328125,-1.193477988243103,0.784503698348999,-2.6765060424804688
1779968366123594200,30.24359423828125,-0.5427537560462952,3.698330879211426,-2.6652050018310547
1779968366139920000,30.259919921875,0.18677204847335815,5.664706230163574,-2.216677188873291
1779968366156253000,30.2762529296875,0.10690141469240189,5.331479072570801,0.016493361443281174
1779968366172585700,30.292585693359374,0.44974952936172485,4.244139194488525,2.8516716957092285
1779968366188918000,30.30891796875,0.8471173644065857,3.9067885875701904,-0.02535090781748295
1779968366205271600,30.325271484375,1.161102056503296,1.081842303276062,-1.1119275093078613
1779968366221591600,30.341591552734375,0.20387627184391022,0.779464066028595,-1.146135926246643
1779968366237927200,30.35792724609375,-0.8414669036865234,1.8391625881195068,-1.335504174232483
1779968366254262000,30.374261962890625,-1.959502935409546,2.6955955028533936,-0.9778425693511963
1779968366270599200,30.39059912109375,-2.500882387161255,1.6423112154006958,-1.429577350616455
1779968366286917000,30.406917236328123,-2.6642887592315674,0.26251932978630066,-3.257591724395752
1779968366303258400,30.42325830078125,-2.71880841255188,-0.7782423496246338,-4.282776355743408
1779968366319589600,30.439589599609373,-1.7438675165176392,-2.8380799293518066,-3.511864185333252
1779968366335922000,30.455921875,-0.5285511612892151,-1.649488925933838,-5.9611287117004395
1779968366352254500,30.47225439453125,0.5458080768585205,2.67146635055542,-4.941441535949707
1779968366368569900,30.48856982421875,0.6185010671615601,2.284177780151367,-3.3457088470458984
1779968366384892000,30.504891845703124,0.2773328125476837,-0.03527746722102165,-2.5729644298553467
1779968366401232400,30.521232421875,-0.08536841720342636,0.4190535545349121,-1.916437029838562
1779968366417573000,30.537572998046876,-0.6962336897850037,0.9928087592124939,-1.8011361360549927
1779968366433901600,30.553901611328126,-1.1672108173370361,-0.22907446324825287,-1.578475832939148
1779968366450233900,30.57023388671875,-0.977689802646637,-0.3842342495918274,-0.716697633266449
1779968366466569200,30.5865693359375,-0.7376197576522827,-0.2620611786842346,0.0529925599694252
1779968366482907000,30.602906982421874,-0.2632829248905182,0.3413209617137909,0.7522805333137512
1779968366499243000,30.619242919921874,0.46043968200683594,-0.19196440279483795,1.3865114450454712
1779968366515560400,30.635560546875,0.9509644508361816,-1.0219775438308716,1.8029687404632568
1779968366531892000,30.65189208984375,1.3336715698242188,-1.1317806243896484,2.188424825668335
1779968366548232400,30.668232421875,1.5383113622665405,-1.098183035850525,2.560288906097412
1779968366564550400,30.68455029296875,1.4031574726104736,-1.763109803199768,3.003777027130127
1779968366580892200,30.70089208984375,1.6927075386047363,-2.7882943153381348,3.442378282546997
1779968366597225000,30.717224853515624,2.370004415512085,-3.7391061782836914,3.6248743534088135
1779968366613543400,30.73354345703125,2.2313380241394043,-4.86447286605835,3.4203872680664062
1779968366629888500,30.749888427734376,1.3129020929336548,-5.44540548324585,3.5772268772125244
1779968366646208500,30.76620849609375,-0.44593164324760437,-3.4883460998535156,3.8489091396331787
1779968366662553300,30.78255322265625,-2.1896464824676514,-0.24694228172302246,4.751615524291992
1779968366678884000,30.798884033203127,-1.617876648902893,1.520138144493103,4.672813892364502
1779968366695237400,30.8152373046875,-0.3929390609264374,-0.10293079167604446,3.341891050338745
1779968366711529700,30.83152978515625,0.22082778811454773,-1.9466748237609863,2.4767532348632812
1779968366727896600,30.847896484375,0.6725626587867737,-1.5364787578582764,1.8484781980514526
1779968366744226300,30.864226318359375,0.979827880859375,-0.7780895829200745,0.7357872128486633
1779968366760555800,30.8805556640625,0.7738135457038879,-1.0348057746887207,-0.28359419107437134
1779968366776879600,30.896879638671876,0.6644686460494995,-1.3857477903366089,-0.9137017130851746
1779968366793225200,30.91322509765625,-0.01114829070866108,-1.2362385988235474,-0.9650143980979919
1779968366809531400,30.929531494140626,-0.8539896011352539,-0.9550877809524536,-1.4078916311264038
1779968366825890300,30.945890380859375,-1.0068585872650146,-0.7437284588813782,-2.439337730407715
1779968366842217200,30.96221728515625,-0.942259669303894,0.8813258409500122,-2.9353601932525635
1779968366858541300,30.978541259765624,-0.6548475623130798,2.9907963275909424,-2.7204883098602295
1779968366874872800,30.994872802734374,0.036193765699863434,5.033834934234619,-1.7956384420394897
1779968366891205600,31.01120556640625,0.31581732630729675,5.494732856750488,2.937040090560913
1779968366907537200,31.027537109375,0.869719386100769,4.516584873199463,2.607172966003418
1779968366923865600,31.043865478515624,1.538158655166626,2.8376216888427734,-1.4240796566009521
1779968366940204000,31.0602041015625,1.71515691280365,1.60627019405365,-1.563356876373291
1779968366956536000,31.0765361328125,0.2454151064157486,1.0627528429031372,-1.8973474502563477
1779968366972865300,31.092865234375,-1.0251846313476562,1.9420933723449707,-1.9489655494689941
1779968366989207600,31.10920751953125,-2.2348504066467285,2.986520290374756,-1.429271936416626
1779968367005537500,31.12553759765625,-2.8689286708831787,1.7188221216201782,-1.8739818334579468
1779968367021886200,31.14188623046875,-3.207500696182251,0.015577063895761967,-3.009274959564209
1779968367038208500,31.15820849609375,-3.0471484661102295,-1.6638442277908325,-2.7374398708343506
1779968367054538000,31.1745380859375,-1.5121968984603882,-4.355010986328125,-3.338225841522217
1779968367070877400,31.19087744140625,-0.046731192618608475,-1.5754214525222778,-7.211264133453369
1779968367087187500,31.2071875,0.7693848013877869,3.785073757171631,-5.021312236785889
1779968367103524600,31.223524658203125,0.4521929919719696,3.9122865200042725,-3.073721170425415
1779968367119854600,31.2398544921875,0.28557950258255005,0.5966626405715942,-2.1201605796813965
1779968367136191200,31.256191162109374,-0.33276882767677307,0.9615018963813782,-1.6180293560028076
1779968367152521500,31.272521484375,-1.094365119934082,0.551305890083313,-1.7046194076538086
1779968367168852700,31.288852783203126,-1.2469286918640137,0.2252565622329712,-1.0045678615570068
1779968367185190400,31.3051904296875,-1.0444267988204956,0.0679587572813034,-0.1745547503232956
1779968367201532200,31.3215322265625,-0.7925976514816284,0.9188940525054932,0.6430884003639221
1779968367217864000,31.337864013671876,-0.1713477075099945,1.2893837690353394,1.0873401165008545
1779968367234195200,31.3541953125,0.40301835536956787,-0.03955352306365967,1.221272349357605
1779968367250511600,31.37051171875,0.9275988936424255,-1.334282398223877,1.3519974946975708
1779968367266860800,31.38686083984375,1.4332425594329834,-1.2321151494979858,1.86497163772583
1779968367283192000,31.403192138671876,1.5925257205963135,-1.0910053253173828,2.4304800033569336
1779968367299523300,31.4195234375,1.3420709371566772,-1.7134770154953003,2.77225923538208
1779968367315855600,31.435855712890625,1.824349045753479,-2.6401596069335938,3.238349437713623
1779968367332189200,31.452189208984375,2.236072301864624,-3.445127248764038,3.291494607925415
1779968367348504300,31.46850439453125,1.9547687768936157,-4.273307800292969,3.6103663444519043
1779968367364827600,31.48482763671875,1.3712397813796997,-4.5572075843811035,3.539964199066162
1779968367381172000,31.501171875,-0.3553708493709564,-3.3936619758605957,3.5220963954925537
1779968367397505300,31.51750537109375,-2.1397082805633545,-0.8526151776313782,4.502229690551758
1779968367413837600,31.533837646484375,-1.0251846313476562,0.09498954564332962,4.07248592376709
1779968367430168000,31.55016796875,0.20983220636844635,-0.13286319375038147,3.4684927463531494
1779968367446490000,31.566489990234373,-0.058337632566690445,-0.864068865776062,3.0865492820739746
1779968367462830000,31.582830078125,0.4329507350921631,-1.260367751121521,2.1904101371765137
1779968367479156200,31.59915625,1.0509936809539795,-1.2791517972946167,0.9434813857078552
1779968367495496700,31.61549658203125,0.7663304209709167,-1.497688889503479,-0.126143679022789
1779968367511815200,31.631815185546873,0.4628831446170807,-2.1235203742980957,-0.7032586336135864
1779968367528150800,31.64815087890625,-0.26145032048225403,-2.1930062770843506,-0.6760751008987427
1779968367544482300,31.664482421875,-1.0922271013259888,-2.280359983444214,-0.9221010804176331
1779968367560814300,31.680814453125,-1.126282811164856,-1.8861991167068481,-2.0893118381500244
1779968367577147000,31.69714697265625,-0.8814785480499268,0.5642867684364319,-2.674368143081665
1779968367593480400,31.71348046875,-0.5442809462547302,3.2890512943267822,-2.6367998123168945
1779968367609812200,31.729812255859375,-0.156686931848526,5.627290725708008,-1.9245309829711914
1779968367626143500,31.7461435546875,-0.7238753437995911,4.882798671722412,0.6879869699478149
1779968367642476800,31.762476806640624,-0.07987063378095627,2.878396987915039,4.577060699462891
1779968367658807000,31.77880712890625,0.8170322775840759,4.306905269622803,0.40485092997550964
1779968367675142100,31.79514208984375,1.5173892974853516,1.3249666690826416,-1.5120441913604736
1779968367691472400,31.811472412109374,0.7189884185791016,2.037846565246582,-0.5146539807319641
1779968367707806000,31.827805908203125,-0.3729332387447357,1.6913331747055054,-1.4329371452331543
1779968367724137500,31.844137451171875,-2.0749564170837402,2.984382152557373,-1.4530956745147705
1779968367740468700,31.86046875,-2.9318478107452393,3.1005992889404297,-1.4483615159988403
1779968367756802300,31.87680224609375,-3.4161112308502197,1.3660473823547363,-3.157104253768921
1779968367773137000,31.893136962890626,-3.6670241355895996,-0.5629123449325562,-3.2615623474121094
1779968367789471000,31.909470947265625,-1.94713294506073,-5.133711338043213,-2.9133691787719727
1779968367805796600,31.925796630859374,-0.0936150997877121,-3.878077983856201,-8.0968656539917
1779968367822131000,31.942130859375,1.0876455307006836,2.845257520675659,-5.4893879890441895
1779968367838462700,31.958462646484374,0.5659666657447815,3.188563823699951,-3.291647434234619
1779968367854796000,31.974796142578125,0.4922046661376953,0.3787364661693573,-2.8567113876342773
1779968367871129300,31.99112939453125,-0.17440202832221985,-0.2967278063297272,-2.641228675842285
1779968367887461000,32.00746118164062,-1.2747230529785156,-0.5305364727973938,-2.110844850540161
1779968367903792400,32.02379248046875,-1.3089314699172974,-0.4488332271575928,-1.3154983520507812
1779968367920128800,32.040128662109375,-0.9126327037811279,-1.4172073602676392,-0.5832235813140869
1779968367936468500,32.05646850585938,-0.7733554244041443,0.009468411095440388,0.7101308703422546
1779968367952799000,32.072799072265624,-0.02779436856508255,1.5581644773483276,1.3217597007751465
1779968367969142800,32.08914282226562,0.8378016948699951,0.627358615398407,1.3987287282943726
1779968367985465000,32.10546508789062,1.280220866203308,-1.0375546216964722,1.5111279487609863
1779968368001796600,32.12179663085937,1.4787520170211792,-1.3237450122833252,2.166738986968994
1779968368018143000,32.13814306640625,1.6569719314575195,-1.4595097303390503,2.903136968612671
1779968368034481400,32.1544814453125,1.9923369884490967,-2.5535695552825928,3.6108243465423584
1779968368050807600,32.1708076171875,2.5775458812713623,-3.2872185707092285,4.037361145019531
1779968368067143400,32.18714331054687,2.78035306930542,-3.7675113677978516,3.2927165031433105
1779968368083455700,32.20345581054688,2.0276143550872803,-5.043914318084717,3.4993414878845215
1779968368099805700,32.2198056640625,-0.19822576642036438,-4.988019943237305,3.6277759075164795
1779968368116121300,32.23612133789062,-3.2374331951141357,-1.9084957838058472,4.496731758117676
1779968368132460300,32.25246020507812,-2.962390899658203,1.3912456035614014,4.893641471862793
1779968368148789500,32.26878955078125,-0.2993239760398865,1.7693711519241333,3.492316722869873
1779968368165120800,32.28512084960938,1.3016011714935303,-0.5377141237258911,3.0915889739990234
1779968368181470000,32.301469970703124,0.917672336101532,-1.7040085792541504,3.1196887493133545
1779968368197799000,32.317798828125,1.027169942855835,-2.0645718574523926,1.8698585033416748
1779968368214130000,32.3341298828125,0.8054258227348328,-2.5978572368621826,0.6737843751907349
1779968368230461000,32.3504609375,0.6017022728919983,-2.950631856918335,0.04153883829712868
1779968368246800400,32.36680029296875,0.06123924255371094,-2.908634901046753,-0.2050980031490326
1779968368263129300,32.38312939453125,-0.8089383244514465,-2.568382978439331,-0.3842342495918274
1779968368279459300,32.399459228515624,-1.102917194366455,-1.8359555006027222,-1.6282613277435303
1779968368295784700,32.41578466796875,-0.8196284174919128,-0.5691736936569214,-2.933833122253418
1779968368312124000,32.4321240234375,-0.4761694669723511,2.4634668827056885,-3.3599116802215576
1779968368328440800,32.44844091796875,0.12079860270023346,5.413793087005615,-2.7600419521331787
1779968368344785400,32.464785400390625,0.055894169956445694,6.3415446281433105,-0.5190827250480652
1779968368361108700,32.48110864257813,-0.4001167416572571,2.5004241466522217,5.6795196533203125
1779968368377440000,32.49743994140625,0.6745479702949524,1.8238909244537354,0.9926560521125793
1779968368393772300,32.51377221679687,1.9129245281219482,-0.05421429127454758,-2.0221166610717773
1779968368410106000,32.530106201171876,0.7415903806686401,2.5416576862335205,-0.10430523753166199
1779968368426439700,32.546439697265626,-0.12660181522369385,2.845257520675659,-1.352608323097229
1779968368442782500,32.56278247070313,-1.6742289066314697,3.4069480895996094,-1.6030631065368652
1779968368459098400,32.57909838867187,-2.448500633239746,4.0185770988464355,-2.2200369834899902
1779968368475445800,32.59544580078125,-2.5558602809906006,2.2737932205200195,-4.450916767120361
1779968368491771400,32.611771484375,-3.1396946907043457,1.867567777633667,-5.015661716461182
1779968368508101600,32.6281015625,-2.456900119781494,-3.1418325901031494,-1.7825047969818115
1779968368524442400,32.6444423828125,-1.2030991315841675,-5.50832462310791,-6.627735137939453
1779968368540775400,32.660775390625,0.9216429591178894,0.99250328540802,-7.512573719024658
1779968368557088000,32.677087890625,0.7252497673034668,4.529870986938477,-3.37823748588562
1779968368573425000,32.6934248046875,0.30024027824401855,1.1702650785446167,-2.5841126441955566
1779968368589759000,32.70975903320313,-0.0013744467869400978,0.17592918872833252,-2.4888176918029785
1779968368606091000,32.72609106445312,-0.9747881889343262,0.2422080636024475,-2.188882827758789
1779968368622413000,32.7424130859375,-1.3376421928405762,-0.8132143616676331,-1.6111570596694946
1779968368638756400,32.75875634765625,-1.0900890827178955,-0.8732318878173828,-0.7002043128013611
1779968368655075600,32.77507568359375,-0.983340322971344,0.8093964457511902,0.5154175758361816
1779968368671436300,32.791436279296875,-0.21471913158893585,2.2910501956939697,1.1872166395187378
1779968368687763500,32.80776342773437,0.6496551632881165,1.376279354095459,1.335504174232483
1779968368704101000,32.82410107421875,1.160033106803894,-0.37888917326927185,1.2397509813308716
1779968368720407800,32.84040771484375,1.5694655179977417,-0.9515753388404846,1.695609211921692
1779968368736773000,32.85677319335937,1.810146450996399,-1.3100005388259888,2.411237955093384
1779968368753092400,32.87309228515625,2.09083890914917,-2.414902925491333,3.0668489933013916
1779968368769426400,32.88942651367187,2.816394329071045,-3.2120821475982666,3.385720729827881
1779968368785760800,32.9057607421875,3.422830581665039,-3.6393823623657227,3.003929853439331
1779968368802092800,32.9220927734375,3.146566867828369,-4.2642974853515625,3.2392656803131104
1779968368818414800,32.938414794921876,1.4821118116378784,-5.345529079437256,3.7513234615325928
1779968368834743300,32.95474340820312,-2.428952932357788,-4.106389045715332,4.087604999542236
1779968368851072000,32.971072021484375,-3.6578609943389893,-1.5112806558609009,5.179678916931152
1779968368867412200,32.987412109375,-1.7939585447311401,0.7496843934059143,4.5746169090271
1779968368883740400,33.003740478515624,0.5720753073692322,0.04734205827116966,3.4184019565582275
1779968368900071000,33.02007080078125,0.7441865801811218,-0.926224410533905,3.1635184288024902
1779968368916403200,33.0364033203125,1.030071496963501,-2.1476495265960693,2.5056164264678955
1779968368932753000,33.0527529296875,1.106735110282898,-2.094046115875244,1.2835805416107178
1779968368949084000,33.069083984375,0.8587238192558289,-2.727207899093628,0.25824329257011414
1779968368965415400,33.08541552734375,0.5815436840057373,-3.0016391277313232,-0.22296582162380219
1779968368981745400,33.10174536132813,-0.2096794992685318,-2.5722007751464844,-0.4086688458919525
1779968368998080000,33.118080078125,-0.7560984492301941,-1.6728544235229492,-1.7440202236175537
1779968369014408700,33.13440869140625,-0.6664539575576782,-0.6614143252372742,-3.303101062774658
1779968369030747000,33.150746826171876,-0.6035348773002625,2.182926893234253,-3.7914879322052
1779968369047076000,33.167076171875,-0.18157969415187836,5.401728630065918,-3.157715082168579
1779968369063392000,33.18339208984375,0.2551889419555664,6.236934185028076,-0.8996517658233643
1779968369079726000,33.19972607421875,-0.3908010423183441,2.2937989234924316,4.521929740905762
1779968369096060400,33.21606030273438,0.395077109336853,1.2014192342758179,2.71376895904541
1779968369112390700,33.232390625,1.292590856552124,0.9141598343849182,-2.0609066486358643
1779968369128724500,33.248724365234374,1.2018773555755615,1.8052594661712646,-1.6676621437072754
1779968369145057300,33.26505737304687,0.09193521738052368,4.212985038757324,-1.5949691534042358
1779968369161390600,33.281390625,-0.9973902106285095,4.032474040985107,-1.8964312076568604
1779968369177718000,33.29771801757813,-2.191937208175659,3.350290536880493,-1.6850718259811401
1779968369194067200,33.314067138671874,-2.7395780086517334,1.9378172159194946,-2.562121629714966
1779968369210396000,33.33039599609375,-3.0185906887054443,0.9352346658706665,-4.388608455657959
1779968369226730500,33.34673046875,-2.489581346511841,-1.2661709785461426,-2.866332530975342
1779968369243063300,33.36306323242187,-1.3292428255081177,-4.699233531951904,-3.559817314147949
1779968369259394000,33.37939404296875,0.0006108652451075613,-2.191173553466797,-8.77492618560791
1779968369275720200,33.39572021484375,0.8582656979560852,5.462815284729004,-5.515196800231934
1779968369292067600,33.412067626953124,0.4460843503475189,4.461912631988525,-2.6039657592773438
1779968369308375600,33.42837548828125,0.22082778811454773,-0.04902193695306778,-1.782352089881897
1779968369324701200,33.444701171875,-0.206777885556221,0.44257187843322754,-1.8041905164718628
1779968369341043500,33.46104345703125,-1.102917194366455,-1.3768903017044067,-1.5377005338668823
1779968369357374700,33.47737475585937,-1.140485405921936,-0.5012149214744568,0.07941248267889023
1779968369373707500,33.49370751953125,-0.8425359129905701,1.0525208711624146,0.8969029188156128
1779968369390026800,33.51002685546875,-0.10048733651638031,1.943315029144287,1.2638801336288452
1779968369406375000,33.526375,0.5227479338645935,1.2307407855987549,1.3817771673202515
1779968369422716700,33.542716552734376,0.9349292516708374,-0.31520646810531616,1.4330898523330688
1779968369439049500,33.559049560546875,1.3837624788284302,-0.9205739498138428,1.9242255687713623
1779968369455370800,33.57537084960938,1.7487545013427734,-1.161102056503296,2.405892848968506
1779968369471701200,33.591701171875,1.7817412614822388,-1.895667552947998,2.7817275524139404
1779968369488044500,33.60804443359375,1.9475910663604736,-3.0921998023986816,3.0778446197509766
1779968369504380200,33.62438012695313,2.532341957092285,-4.2277984619140625,3.7559049129486084
1779968369520690700,33.640690673828125,2.7681357860565186,-4.119827747344971,3.737579107284546
1779968369537046500,33.65704663085938,2.5647177696228027,-4.813465595245361,3.148857593536377
1779968369553354800,33.67335473632812,0.7480044960975647,-4.351956844329834,3.3545665740966797
1779968369569693400,33.689693359375,-2.557234525680542,-2.1281018257141113,4.315915584564209
1779968369586026500,33.70602661132813,-2.6791021823883057,-0.32986724376678467,5.175097465515137
1779968369602359000,33.722359130859374,-1.1018482446670532,-0.24877487123012543,4.238946437835693
1779968369618690600,33.738690673828124,0.3988949954509735,-2.3544273376464844,2.948188304901123
1779968369635010000,33.75501000976563,1.2935070991516113,-2.7956247329711914,2.1222984790802
1779968369651346000,33.77134594726562,1.5181528329849243,-1.6458237171173096,1.036943793296814
1779968369667705300,33.78770532226562,1.03037691116333,-1.5609134435653687,0.18020524084568024
1779968369684036900,33.80403686523437,0.9986119866371155,-1.6618589162826538,-0.5210680365562439
1779968369700370700,33.82037060546875,0.6603453159332275,-1.7521142959594727,-0.9816604256629944
1779968369716678100,33.83667822265625,-0.38179078698158264,-1.030071496963501,-1.3877331018447876
1779968369733024800,33.853024658203125,-0.9352346658706665,-0.6751587986946106,-2.5441009998321533
1779968369749346300,33.86934619140625,-1.190423607826233,-0.16539175808429718,-3.4429893493652344
1779968369765669400,33.88566943359375,-1.0751228332519531,2.023949384689331,-3.565162181854248
1779968369782012000,33.902011962890626,-0.37110063433647156,4.519639015197754,-3.159547805786133
1779968369798345200,33.91834521484375,-0.20265454053878784,6.063906669616699,-1.7605136632919312
1779968369814667000,33.9346669921875,-1.0572550296783447,3.894876718521118,4.516432285308838
1779968369831010300,33.95101025390625,0.05146539583802223,2.236530303955078,4.890739917755127
1779968369847342300,33.96734228515625,2.0389153957366943,2.7699685096740723,-1.4494304656982422
1779968369863677400,33.98367749023438,1.7475327253341675,2.199573040008545,-1.9660698175430298
1779968369880005600,34.00000561523437,0.4105014503002167,3.084716796875,-2.101529121398926
1779968369896358400,34.0163583984375,-0.8349000811576843,3.704592227935791,-2.529745578765869
1779968369912684500,34.0326845703125,-1.9627100229263306,2.8718302249908447,-1.7928894758224487
1779968369929016000,34.04901611328125,-2.4237606525421143,0.8923214077949524,-2.559525489807129
1779968369945351200,34.06535107421875,-3.2760703563690186,0.8234463334083557,-3.324939489364624
1779968369961678000,34.08167797851563,-2.393064498901367,-1.875814437866211,-2.0755674839019775
1779968369978015500,34.09801538085937,-0.9721920490264893,-5.515655040740967,-5.6769232749938965
1779968369994346000,34.114345947265626,0.7151705026626587,-2.0199787616729736,-7.424914360046387
1779968370010673000,34.1306728515625,1.0068585872650146,4.463897705078125,-4.347222328186035
1779968370026998300,34.14699829101563,0.4944954216480255,3.6942076683044434,-2.5867087841033936
1779968370043343000,34.16334301757813,0.22861631214618683,1.0682506561279297,-1.758986473083496
1779968370059656400,34.17965649414062,-0.6091853380203247,1.205847978591919,-1.5538884401321411
1779968370075993900,34.195993896484374,-1.2447906732559204,-0.23197607696056366,-1.4335479736328125
1779968370092324400,34.21232446289063,-0.9705121517181396,-0.21105393767356873,-0.9879218339920044
1779968370108657400,34.228657470703126,-1.0367910861968994,-0.24419337511062622,-0.5447390675544739
1779968370124988700,34.24498876953125,-0.6255260109901428,0.9381362795829773,0.18448130786418915
1779968370141322500,34.26132250976563,0.2921462953090668,0.37629300355911255,0.566119372844696
1779968370157655600,34.277655517578125,1.0109820365905762,-1.1339186429977417,0.8474228382110596
1779968370174001400,34.29400146484375,1.34283447265625,-0.6575964093208313,1.6685783863067627
1779968370190332700,34.31033276367187,1.6010777950286865,-0.6724098920822144,2.104736089706421
1779968370206664700,34.326664794921875,0.988990843296051,-1.0493137836456299,2.2565362453460693
1779968370222998000,34.342998046875,0.39446622133255005,-1.7931948900222778,3.0100386142730713
1779968370239332000,34.35933203125,1.4066699743270874,-3.917020559310913,3.9460368156433105
1779968370255659000,34.37565893554687,2.705064058303833,-5.1914381980896,4.047593116760254
1779968370271997000,34.39199682617188,2.7820329666137695,-5.257564544677734,3.6138787269592285
1779968370288309000,34.40830908203125,1.2877039909362793,-5.060407638549805,3.720627546310425
1779968370304631000,34.42463110351562,-0.44745880365371704,-3.5243871212005615,4.317137241363525
1779968370320976600,34.4409765625,-2.0952677726745605,-1.9408715963363647,5.072166919708252
1779968370337309200,34.45730908203125,-2.356412649154663,-1.0122036933898926,5.004971504211426
1779968370353641000,34.473640869140624,-1.3243558406829834,0.22281309962272644,4.321260929107666
1779968370369973200,34.48997314453125,-0.007024950347840786,-0.0659734457731247,3.3341023921966553
1779968370386306000,34.50630615234375,0.9068294763565063,0.16249015927314758,2.1348214149475098
1779968370402635500,34.522635498046874,1.1050552129745483,-0.6659958362579346,0.9361509680747986
1779968370418982400,34.538982421875,0.6394231915473938,-1.3361150026321411,0.12919799983501434
1779968370435309000,34.55530908203125,0.4161519408226013,-1.444390892982483,-0.2177734673023224
1779968370451645400,34.5716455078125,-0.31383201479911804,-1.5202908515930176,-0.2422080636024475
1779968370467989500,34.587989501953125,-1.1545352935791016,-1.529911994934082,-1.1459832191467285
1779968370484309200,34.60430932617187,-1.19607412815094,-1.2208142280578613,-2.660012722015381
1779968370500650200,34.62065014648437,-0.9825767278671265,0.6244570016860962,-3.151301145553589
1779968370516973600,34.6369736328125,-0.603687584400177,2.705369472503662,-2.9712486267089844
1779968370533289500,34.65328955078125,-0.031154127791523933,5.2022809982299805,-2.4657576084136963
1779968370549627000,34.669626953125,-0.3397938013076782,6.101780414581299,1.1688905954360962
1779968370565959200,34.68595922851563,-0.10491610318422318,2.478891134262085,5.021312236785889
1779968370582292700,34.70229272460937,0.23777928948402405,1.8594738245010376,0.31001409888267517
1779968370598619600,34.71861962890625,1.3100005388259888,1.7922786474227905,-1.7006487846374512
1779968370614960600,34.734960693359376,1.2631165981292725,1.9885190725326538,-1.3599387407302856
1779968370631286500,34.75128662109375,-0.2148718535900116,2.8021914958953857,-2.7595837116241455
1779968370647636000,34.76763598632812,-0.8675813674926758,4.567897796630859,-3.2285754680633545
1779968370663951000,34.783951171875,-1.6459764242172241,3.9930734634399414,-2.50103497505188
1779968370680305000,34.800304931640625,-2.3512203693389893,2.028988838195801,-2.3716843128204346
1779968370696633600,34.81663354492188,-2.886491060256958,0.1333213448524475,-2.5558602809906006
1779968370712961500,34.83296142578125,-2.397646188735962,-2.976440906524658,-1.98332679271698
1779968370729297000,34.849296875,-1.4188872575759888,-4.278194904327393,-4.712520122528076
1779968370745641000,34.86564086914063,0.07376197725534439,0.48319441080093384,-6.66347074508667
1779968370761963300,34.88196337890625,0.5991060733795166,4.670523166656494,-4.201530933380127
1779968370778267100,34.89826708984375,0.16249015927314758,2.576935052871704,-2.8761062622070312
1779968370794610700,34.914610595703124,0.029626963660120964,0.05100724846124649,-2.2432498931884766
1779968370810943200,34.93094311523438,-0.6453791260719299,1.3640620708465576,-1.796554684638977
1779968370827275000,34.94727490234375,-1.4543174505233765,-0.17959438264369965,-1.82404363155365
1779968370843607600,34.963607666015626,-1.4471397399902344,-0.27458393573760986,-0.7305948138237
1779968370859937500,34.9799375,-1.2079859972000122,0.058795779943466187,0.24205535650253296
1779968370876277200,34.99627734375,-0.566730260848999,1.6957619190216064,0.9199630618095398
1779968370892615700,35.01261572265625,0.23380866646766663,1.584431767463684,1.2217304706573486
1779968370908945400,35.0289453125,0.803135097026825,0.12553280591964722,1.3295482397079468
1779968370925287000,35.045286865234374,1.249066710472107,-0.9625709056854248,1.5658003091812134
1779968370941611000,35.061611083984374,1.5789339542388916,-1.14873206615448,2.101987361907959
1779968370957931800,35.077931884765626,1.634369969367981,-1.6186401844024658,2.7423267364501953
1779968370974281200,35.09428125,1.96133553981781,-2.6763534545898438,3.2626311779022217
1779968370990611700,35.11061181640625,2.908329486846924,-3.5385897159576416,3.265838384628296
1779968371006923800,35.126923828125,3.4539847373962402,-4.15770149230957,3.1645874977111816
1779968371023258600,35.14325854492188,2.803107976913452,-5.2804718017578125,3.1331279277801514
1779968371039578400,35.159578369140625,0.15363261103630066,-5.813910007476807,3.341280221939087
1779968371055925800,35.17592578125,-2.7676777839660645,-4.325994968414307,4.314846515655518
1779968371072245500,35.19224560546875,-3.106555223464966,-1.4191926717758179,5.4925947189331055
1779968371088570600,35.20857055664062,-1.401172161102295,1.5305228233337402,4.924489974975586
1779968371104909600,35.22490966796875,0.13805554807186127,-0.389426589012146,3.488956928253174
1779968371121241600,35.24124169921875,0.49984049797058105,-1.7783814668655396,2.822502851486206
1779968371137575400,35.25757543945313,1.1525499820709229,-1.9323195219039917,2.0832033157348633
1779968371153906700,35.27390673828125,0.7573201656341553,-2.0636556148529053,1.1731667518615723
1779968371170238500,35.29023852539063,0.6429356932640076,-2.4526238441467285,0.40653082728385925
1779968371186571500,35.306571533203126,0.4579962193965912,-2.4277312755584717,-0.49357911944389343
1779968371202904000,35.32290405273437,-0.27320948243141174,-2.030057907104492,-0.826195240020752
1779968371219236400,35.339236328125,-1.0348057746887207,-1.7289013862609863,-1.373683214187622
1779968371235567000,35.35556713867187,-1.0355693101882935,-0.8486445546150208,-2.769510269165039
1779968371251899600,35.37189965820313,-0.6742424964904785,1.2928962707519531,-3.4298555850982666
1779968371268232400,35.388232421875,-0.11591167747974396,3.811035633087158,-3.299130439758301
1779968371284566000,35.40456591796875,0.5943718552589417,5.851172924041748,-1.9191858768463135
1779968371300895700,35.420895751953125,-0.24587325751781464,4.763221740722656,2.986672878265381
1779968371317228300,35.43722827148437,-0.6398813724517822,0.7162395119667053,5.357440948486328
1779968371333560600,35.453560546875,-0.038026362657547,1.863444447517395,-1.2034045457839966
1779968371349892900,35.46989282226563,0.959669291973114,1.3087787628173828,-2.358550786972046
1779968371366225700,35.4862255859375,0.42241331934928894,2.1849122047424316,-0.8852964639663696
1779968371382557400,35.502557373046876,-0.5283984541893005,2.618321180343628,-1.7887661457061768
1779968371398891500,35.5188916015625,-1.922087550163269,3.8394408226013184,-2.1482603549957275
1779968371415232500,35.535232421875,-1.90925931930542,2.512794256210327,-2.718502998352051
1779968371431566800,35.55156689453125,-1.7802140712738037,1.141401767730713,-4.137543201446533
1779968371447898000,35.567898193359376,-2.6597073078155518,0.8843801617622375,-3.696040153503418
1779968371464231000,35.58423095703125,-1.8283196687698364,-1.76723313331604,-2.249664068222046
1779968371480561000,35.600560791015624,-0.244804248213768,-0.40943244099617004,-7.717977046966553
1779968371496883700,35.6168837890625,0.711963415145874,3.006525993347168,-6.57520055770874
1779968371513240300,35.633240234375,0.3390302062034607,3.215900182723999,-3.304628372192383
1779968371529566200,35.64956616210937,0.30085113644599915,1.0094548463821411,-2.4614815711975098
1779968371545894100,35.66589404296875,0.1313360333442688,1.3374894857406616,-2.2182044982910156
1779968371562212900,35.682212890625,-0.8290968537330627,0.46761733293533325,-2.004707098007202
1779968371578556000,35.698555908203126,-1.2006556987762451,-0.7388415336608887,-1.6351335048675537
1779968371594888400,35.71488842773437,-0.9358455538749695,-0.7808384895324707,-0.9708175659179688
1779968371611227000,35.73122680664063,-0.826500654220581,-0.342695415019989,0.1644754707813263
1779968371627558700,35.74755859375,-0.26251932978630066,1.2608258724212646,0.8804095387458801
1779968371643895300,35.76389526367188,0.6359107494354248,0.7386888265609741,1.129184365272522
1779968371660219400,35.78021948242188,1.1516337394714355,-0.7316638231277466,1.1297953128814697
1779968371676545800,35.7965458984375,1.487609624862671,-1.3222178220748901,1.5180001258850098
1779968371692899800,35.81289990234375,1.7469218969345093,-1.5925257205963135,2.2269091606140137
1779968371709222400,35.829222412109374,1.8245017528533936,-2.58457088470459,3.053868055343628
1779968371725561900,35.845561767578126,2.2314908504486084,-3.5550830364227295,3.528204917907715
1779968371741889500,35.8618896484375,3.162449359893799,-4.415334224700928,3.4935383796691895
1779968371758207000,35.87820703125,2.9155070781707764,-4.978704452514648,3.176193952560425
1779968371774539800,35.894539794921876,1.0577131509780884,-5.2890238761901855,3.4436001777648926
1779968371790876700,35.910876708984375,-1.6638442277908325,-4.5213189125061035,4.059657573699951
1779968371807222000,35.92722192382813,-2.5495989322662354,-2.933680295944214,4.9736647605896
1779968371823539200,35.94353930664062,-2.4659101963043213,-0.3602577745914459,5.4530415534973145
1779968371839869700,35.95986962890625,-1.6145168542861938,1.0687087774276733,4.598593711853027
1779968371856204500,35.97620458984375,-0.2932153046131134,-1.0971139669418335,3.1086931228637695
1779968371872547000,35.992547119140625,0.8918632864952087,-1.5125023126602173,2.481792688369751
1779968371888884500,36.008884521484376,1.6589572429656982,-1.299310326576233,1.538158655166626
1779968371905212400,36.02521240234375,1.0109820365905762,-2.470491886138916,0.6429356932640076
1779968371921541600,36.041541748046875,0.9973902106285095,-3.065321683883667,0.038179077208042145
1779968371937880600,36.057880615234374,0.656680166721344,-2.8483119010925293,-0.22800545394420624
1779968371954208500,36.07420849609375,-0.35155296325683594,-1.9194912910461426,-0.5619960427284241
1779968371970537200,36.090537109375,-0.688903272151947,-0.8323038816452026,-2.0115792751312256
1779968371986876200,36.10687622070313,-0.6478226184844971,1.4089607000350952,-3.1899383068084717
1779968372003205600,36.12320556640625,-0.26572638750076294,4.259868621826172,-3.4240524768829346
1779968372019537400,36.13953735351563,0.4144720733165741,6.875899314880371,-3.0883820056915283
1779968372035853300,36.155853271484375,0.3933972120285034,7.337255001068115,-0.6362161636352539
1779968372052189700,36.17218969726562,-0.5038111209869385,2.22171688079834,5.483737468719482
1779968372068518000,36.188517822265624,0.1385136991739273,2.3829853534698486,0.6258314251899719
1779968372084841000,36.20484106445313,1.7043139934539795,1.6103935241699219,-2.5366179943084717
1779968372101188900,36.22118896484375,0.35475999116897583,2.4500277042388916,-2.266462802886963
1779968372117516300,36.237516357421875,-1.0819950103759766,4.5628581047058105,-1.8689422607421875
1779968372133850000,36.25385009765625,-1.8350391387939453,4.609741687774658,-1.8471038341522217
1779968372150192600,36.270192626953126,-2.1305453777313232,1.945758581161499,-2.2598960399627686
1779968372166513700,36.286513671875,-2.381152629852295,0.03649919852614403,-3.8876991271972656
1779968372182846700,36.3028466796875,-2.7658450603485107,-0.06291911751031876,-4.63753604888916
1779968372199194000,36.319194091796874,-2.0865628719329834,-0.483957976102829,-3.4736852645874023
1779968372215550200,36.33555029296875,-0.8775079250335693,1.4133894443511963,-4.393495559692383
1779968372231850500,36.3518505859375,0.427452951669693,1.0419833660125732,-4.682281970977783
1779968372248184300,36.36818432617188,0.7209737300872803,0.6717990636825562,-3.902970790863037
1779968372264506600,36.38450659179688,0.09804387390613556,0.9532552361488342,-2.5143213272094727
1779968372280836600,36.40083666992187,-0.313373863697052,1.769829273223877,-1.9538525342941284
1779968372297173500,36.41717358398437,-1.1504119634628296,0.7257078886032104,-1.5890132188796997
1779968372313496600,36.43349658203125,-1.7186694145202637,-1.0693196058273315,-1.2240211963653564
1779968372329836300,36.44983618164063,-1.406822681427002,-0.2422080636024475,-0.1281289905309677
1779968372346169900,36.466169921875,-0.9453139901161194,1.1720976829528809,0.8969029188156128
1779968372362512400,36.48251245117188,-0.15347988903522491,1.6504051685333252,1.3741413354873657
1779968372378856700,36.49885668945313,0.5259549617767334,0.35521814227104187,1.2860240936279297
1779968372395176700,36.5151767578125,1.1511754989624023,-0.9795224070549011,1.4535537958145142
1779968372411528000,36.53152783203125,1.6351335048675537,-1.3585642576217651,1.787697196006775
1779968372427843800,36.54784375,1.796249270439148,-1.1956160068511963,2.046398639678955
1779968372444168400,36.56416845703125,1.4065172672271729,-0.9654725193977356,2.299907684326172
1779968372460508000,36.5805078125,1.3468050956726074,-1.3495540618896484,2.6360361576080322
1779968372476825000,36.5968251953125,2.0204367637634277,-3.8397462368011475,3.1801645755767822
1779968372493169000,36.6131689453125,2.1560487747192383,-5.624847412109375,3.3374621868133545
1779968372509496800,36.629496826171874,2.1320724487304688,-5.266421794891357,3.4733798503875732
1779968372525821200,36.6458212890625,1.0404561758041382,-3.324634075164795,3.4292447566986084
1779968372542157000,36.66215698242188,-0.8119926452636719,-1.972025752067566,3.6691620349884033
1779968372558485800,36.67848583984375,-1.595579981803894,-0.25244006514549255,4.409988880157471
1779968372574818600,36.69481860351563,-0.9294314980506897,0.5699372887611389,4.32675838470459
1779968372591151600,36.71115161132813,-0.08384125679731369,-1.5815300941467285,3.276986598968506
1779968372607485400,36.7274853515625,0.4508185386657715,-3.3536500930786133,2.498591661453247
1779968372623828000,36.74382788085938,1.0325149297714233,-2.9854512214660645,1.704466700553894
1779968372640160300,36.76016015625,1.0106765031814575,-2.3773348331451416,1.0835222005844116
1779968372656499000,36.7764990234375,0.799011766910553,-1.996307611465454,0.32879820466041565
1779968372672829200,36.7928291015625,0.8422304391860962,-1.9650007486343384,-0.5436700582504272
1779968372689135900,36.80913598632812,0.14935655891895294,-1.0482447147369385,-1.0697777271270752
1779968372705494000,36.825493896484375,-0.8391761183738708,-0.16844609379768372,-1.4960089921951294
1779968372721822500,36.84182250976563,-1.0708467960357666,0.43249258399009705,-2.5775458812713623
1779968372738142500,36.858142578125,-0.963792622089386,1.9022343158721924,-3.1228959560394287
1779968372754470000,36.874469970703124,-0.7542658448219299,3.76644229888916,-3.046232223510742
1779968372770801700,36.8908017578125,-0.23426681756973267,4.379751205444336,-1.964084506034851
1779968372787145000,36.90714501953125,0.04688390716910362,2.7684412002563477,2.006844997406006
1779968372803469000,36.92346899414063,0.5254968404769897,4.470311641693115,3.1946725845336914
1779968372819804000,36.939803955078126,0.9234755635261536,3.735593795776367,-0.8304712772369385
1779968372836140300,36.956140380859374,0.6611089110374451,2.191173553466797,-1.1409435272216797
1779968372852479500,36.9724794921875,0.09315694868564606,1.7247780561447144,-1.6465872526168823
1779968372868809000,36.98880908203125,-0.6366742849349976,1.9394971132278442,-1.8379408121109009
1779968372885144600,37.00514453125,-2.0693061351776123,3.1732921600341797,-1.5360206365585327
1779968372901474300,37.021474365234376,-2.562885046005249,2.582738161087036,-2.160325050354004
1779968372917808000,37.03780810546875,-2.900540828704834,1.261742115020752,-3.777743339538574
1779968372942273500,37.0622734375,-2.5812110900878906,-1.587027907371521,-2.294562578201294
1779968372958628600,37.078628662109374,-1.2243266105651855,-4.090048313140869,-5.389664173126221
1779968372974956500,37.09495654296875,0.4072943925857544,0.1996002197265625,-7.786393642425537
1779968372991289600,37.11128955078125,0.6893614530563354,5.630955696105957,-4.021783828735352
1779968373007632400,37.12763232421875,0.2393064647912979,2.6444356441497803,-2.3551909923553467
1779968373023954000,37.14395385742188,0.12263119965791702,-0.21303924918174744,-1.556179165840149
1779968373040284200,37.1602841796875,-0.2041817009449005,0.5250386595726013,-2.02425479888916
1779968373056617500,37.17661743164062,-0.7400632500648499,-1.4480561017990112,-1.985922932624817
1779968373072933000,37.19293310546875,-0.741895854473114,-1.0929906368255615,-0.5845980644226074
1779968373089284400,37.20928442382812,-0.6586654782295227,-0.20693060755729675,0.12828169763088226
1779968373105613600,37.22561352539063,-0.04352414980530739,0.025656340643763542,0.9051495790481567
1779968373121964000,37.24196411132812,0.7322747111320496,-0.912021815776825,1.4899003505706787
1779968373138289200,37.2582890625,1.1258246898651123,-1.3393220901489258,2.0619757175445557
1779968373154625500,37.27462548828125,1.3524556159973145,-1.337336778640747,2.808147430419922
1779968373170956000,37.2909560546875,1.4413365125656128,-2.080148935317993,3.2168164253234863
1779968373187302100,37.30730224609375,1.11391282081604,-2.4582743644714355,3.274390459060669
1779968373203618800,37.323618896484376,1.055269718170166,-3.099224805831909,3.9238929748535156
1779968373219952000,37.3399521484375,1.602452278137207,-4.314693927764893,4.649753570556641
1779968373236267500,37.356267578125,2.0030272006988525,-5.4673967361450195,4.529565811157227
1779968373252604700,37.37260473632813,1.3417655229568481,-5.0933942794799805,4.217413425445557
1779968373268936400,37.3889365234375,-0.7757988572120667,-2.8183796405792236,4.486805438995361
1779968373285267500,37.405267333984376,-2.509281635284424,0.26771169900894165,5.190369129180908
1779968373301600000,37.42160009765625,-0.8571966290473938,0.7843509912490845,4.692667007446289
1779968373317932500,37.4379326171875,0.36590829491615295,-0.48838675022125244,4.140902996063232
1779968373334282500,37.45428247070313,1.3608551025390625,-0.7365507483482361,3.576310634613037
1779968373350610700,37.47061059570313,1.941482424736023,-1.6319265365600586,1.8196148872375488
1779968373366941200,37.486941162109375,0.8655960559844971,-1.8990273475646973,-0.1918116807937622
1779968373383276000,37.503276123046874,0.5053382515907288,-1.5850425958633423,-1.1323914527893066
1779968373399604000,37.51960400390625,-0.2054034322500229,-1.3930782079696655,-1.2602150440216064
1779968373415940400,37.5359404296875,-1.1681270599365234,-1.1171197891235352,-1.051146388053894
1779968373432271600,37.55227172851563,-1.4647021293640137,-0.7194465398788452,-1.7815884351730347
1779968373448583000,37.5685830078125,-1.2189816236495972,0.3617849349975586,-2.8095219135284424
1779968373464922600,37.58492260742187,-0.6600399017333984,2.7809641361236572,-2.911841869354248
1779968373481266700,37.6012666015625,0.060322944074869156,4.997946739196777,-2.72965145111084
1779968373497596400,37.61759643554687,0.29794952273368835,6.407060146331787,-2.9014573097229004
1779968373513918500,37.63391845703125,-0.8339837789535522,4.679075241088867,1.9440786838531494
1779968373530236700,37.65023657226563,0.4031710624694824,2.5305092334747314,4.26796293258667
1779968373546582500,37.66658251953125,0.7458664774894714,3.342196464538574,-0.6647741198539734
1779968373562914300,37.682914306640626,1.4492777585983276,0.71318519115448,-1.1614075899124146
1779968373579233800,37.69923388671875,0.192422553896904,1.17240309715271,-1.649488925933838
1779968373595578400,37.71557836914062,-0.8675813674926758,4.423886299133301,-2.604271173477173
1779968373611929300,37.73192944335938,-1.722640037536621,4.263381481170654,-2.314110279083252
1779968373628257000,37.748257080078126,-2.3771820068359375,2.0975584983825684,-2.225229263305664
1779968373644564500,37.764564453125,-3.1471776962280273,0.8767443299293518,-2.8657214641571045
1779968373660915000,37.7809150390625,-3.49185848236084,-0.5936083197593689,-2.7117836475372314
1779968373677247200,37.797247314453124,-1.9643899202346802,-4.119980812072754,-2.909092903137207
1779968373693584000,37.813583984375,-0.566119372844696,-3.3852624893188477,-6.792821407318115
1779968373709900800,37.82990087890625,0.1820378452539444,2.6726882457733154,-5.050023078918457
1779968373726232600,37.846232666015624,-0.2701551616191864,3.849825382232666,-2.738050699234009
1779968373742555100,37.86255517578125,-0.09437867999076843,0.45066583156585693,-2.0783162117004395
1779968373758900200,37.878900146484376,-0.5812382698059082,0.9103419184684753,-1.7117971181869507
1779968373775231000,37.89523095703125,-1.432326316833496,0.1488984078168869,-1.9350683689117432
1779968373791564500,37.911564453125,-1.5318973064422607,-0.38026362657546997,-1.014647126197815
1779968373807897300,37.9278974609375,-1.2901474237442017,-0.21105393767356873,-0.024892758578062057
1779968373824240000,37.944240234375,-0.8347473740577698,1.0714576244354248,0.8345946669578552
1779968373840558000,37.96055810546875,0.035124752670526505,1.4080443382263184,1.1998920440673828
1779968373856910800,37.976910888671874,0.5975789427757263,-0.09315694868564606,1.1953105926513672
1779968373873234200,37.99323413085938,0.9796751141548157,-1.4075862169265747,1.394299864768982
1779968373889575400,38.00957543945312,1.439351201057434,-1.5030338764190674,1.944536805152893
1779968373905886500,38.02588647460937,1.6762142181396484,-1.4804319143295288,2.428036689758301
1779968373922235000,38.04223486328125,1.641547679901123,-1.916437029838562,2.9219212532043457
1779968373938567700,38.05856762695313,2.071444034576416,-2.7429375648498535,3.6227364540100098
1779968373954880000,38.0748798828125,2.89229416847229,-3.779423236846924,3.938400983810425
1779968373971235300,38.0912353515625,3.1728341579437256,-4.9593095779418945,3.6473236083984375
1779968373987550500,38.107550537109375,2.4613287448883057,-5.368131160736084,3.843716859817505
1779968374003879400,38.12387939453125,-0.8344419002532959,-3.0329458713531494,4.268115520477295
1779968374020216000,38.14021606445313,-2.0060815811157227,-0.2041817009449005,5.102557182312012
1779968374036541700,38.15654174804688,-0.2545780837535858,1.7678439617156982,4.725042819976807
1779968374052882700,38.17288256835938,1.0261008739471436,-0.8107708692550659,3.779728651046753
1779968374069214000,38.1892138671875,1.3480268716812134,-2.596482753753662,3.2925636768341064
1779968374085541000,38.205541015625,1.2638801336288452,-3.3115005493164062,2.434908866882324
1779968374101876500,38.22187646484375,0.6004805564880371,-3.3319644927978516,1.0412198305130005
1779968374118222300,38.23822241210937,0.47082439064979553,-2.4912612438201904,-0.39125919342041016
1779968374134552600,38.254552490234374,0.02229658141732216,-2.1412353515625,-1.0667234659194946
1779968374150886000,38.270885986328125,-0.7910705208778381,-1.4489723443984985,-1.8031214475631714
1779968374167216400,38.28721630859375,-0.9492846131324768,-1.386053204536438,-2.9804115295410156
1779968374183550200,38.30355029296875,-0.8932377099990845,0.27320948243141174,-3.419623613357544
1779968374199874800,38.319874755859374,-0.6873761415481567,2.8046350479125977,-2.9381091594696045
1779968374216204300,38.33620434570312,-0.10812314599752426,4.598746299743652,-2.3632848262786865
1779968374232533200,38.352533203125,0.14782938361167908,5.110804080963135,-0.25442537665367126
1779968374248864000,38.368864013671875,-0.07849618047475815,2.847853660583496,3.8713583946228027
1779968374265199400,38.385199462890625,0.3061962127685547,2.618626594543457,1.649794340133667
1779968374281527800,38.40152783203125,0.6302602291107178,4.500854969024658,-1.508989930152893
1779968374297861400,38.417861328125,0.5291619896888733,5.000695705413818,-1.4074335098266602
1779968374314208000,38.4342080078125,-0.25473082065582275,0.3445279896259308,-2.191326379776001
1779968374330536200,38.4505361328125,-1.2160799503326416,0.5926920175552368,-3.0856330394744873
1779968374346875600,38.466875732421876,-1.6004669666290283,3.805232286453247,-1.9239200353622437
1779968374363202800,38.48320288085937,-2.108401298522949,2.883283853530884,-1.6546812057495117
1779968374379532300,38.4995322265625,-2.59877347946167,0.5253441333770752,-2.6835310459136963
1779968374395868200,38.5158681640625,-2.9236011505126953,-0.7805330753326416,-2.93658185005188
1779968374412198400,38.53219848632813,-1.9598084688186646,-3.422677993774414,-2.83380389213562
1779968374428533500,38.548533447265626,-0.794277548789978,-3.221856117248535,-6.83695650100708
1779968374444858600,38.56485864257812,0.4031710624694824,2.171931266784668,-6.037792205810547
1779968374461189600,38.58118969726563,0.38728857040405273,4.286899566650391,-3.447265386581421
1779968374477513200,38.59751318359375,0.03955352306365967,1.6607898473739624,-2.5332581996917725
1779968374493851400,38.61385131835937,-0.31001409888267517,0.661719799041748,-2.070985794067383
1779968374510177300,38.63017724609375,-1.091310739517212,0.8217664957046509,-1.7632625102996826
1779968374526495700,38.64649584960937,-1.4836390018463135,-0.6724098920822144,-1.378722906112671
1779968374542833400,38.66283349609375,-1.1620184183120728,-0.7728972434997559,-0.4665483236312866
1779968374559153700,38.679153564453124,-0.9796751141548157,0.030695978552103043,0.46502116322517395
1779968374575506200,38.695506103515626,-0.22876903414726257,1.251968264579773,1.1537717580795288
1779968374591837000,38.7118369140625,0.6058256030082703,0.23289237916469574,1.3405437469482422
1779968374608172800,38.7281728515625,1.1450668573379517,-1.2124147415161133,1.6458237171173096
1779968374624502500,38.74450244140625,1.6224581003189087,-1.451415777206421,2.3403775691986084
1779968374640832300,38.76083227539063,1.7974709272384644,-1.741729497909546,2.9862146377563477
1779968374657154600,38.777154541015626,1.5372424125671387,-2.529592990875244,3.5669949054718018
1779968374673486600,38.79348657226563,1.6986634731292725,-3.47292160987854,4.232990741729736
1779968374689820700,38.809820556640624,2.1739165782928467,-4.654335021972656,4.170071601867676
1779968374706151400,38.8261513671875,1.9199494123458862,-5.645005702972412,4.057214260101318
1779968374722485000,38.84248510742187,0.841619610786438,-5.744729518890381,4.174042224884033
1779968374738815500,38.8588154296875,-1.2023354768753052,-3.3993122577667236,4.7389397621154785
1779968374755148300,38.87514819335937,-2.442391872406006,1.0293079614639282,5.6517252922058105
1779968374771480300,38.891480224609374,-0.9427177906036377,1.7006487846374512,4.779409885406494
1779968374787814100,38.90781420898438,0.35262197256088257,-1.531439185142517,3.7476582527160645
1779968374804146000,38.92414599609375,0.7751879692077637,-2.1894936561584473,3.7504072189331055
1779968374820477000,38.940476806640625,1.315040111541748,-2.390162944793701,2.5780041217803955
1779968374836809700,38.95680981445312,0.9552405476570129,-2.5021040439605713,0.8805622458457947
1779968374853141200,38.97314135742187,0.79840087890625,-2.6928467750549316,-0.27259862422943115
1779968374869474000,38.98947412109375,0.5022839307785034,-2.691472291946411,-0.8426886200904846
1779968374885805600,39.0058056640625,-0.45753806829452515,-2.412306785583496,-0.8949176073074341
1779968374902136300,39.02213623046875,-1.0864238739013672,-1.5085316896438599,-1.2347114086151123
1779968374918471000,39.03847094726562,-0.9141598343849182,-0.42898011207580566,-2.3848178386688232
1779968374934801000,39.05480078125,-0.4311181604862213,1.9369009733200073,-3.3202052116394043
1779968374951135500,39.07113549804688,0.1644754707813263,4.1639628410339355,-3.450930595397949
1779968374967465500,39.08746557617187,0.5253441333770752,5.683337688446045,-2.9834659099578857
1779968374983799300,39.10379931640625,0.3248275816440582,6.500522613525391,0.6525567770004272
1779968375000130000,39.12013012695313,0.4596760869026184,3.62609601020813,5.57292366027832
1779968375016463000,39.13646313476563,0.8964447379112244,0.9854783415794373,-0.9317222237586975
1779968375032795000,39.152794921875,1.6502524614334106,0.365755558013916,-1.8490891456604004
1779968375049127700,39.169127685546876,0.3727805018424988,2.278221845626831,-0.9834930300712585
1779968375065472300,39.18547216796875,-1.26067316532135,3.7009270191192627,-1.758681058883667
1779968375081805800,39.20180590820313,-2.4155139923095703,4.052480220794678,-1.8513798713684082
1779968375098142000,39.21814184570312,-2.699260711669922,2.652376890182495,-2.4868323802948
1779968375114465800,39.2344658203125,-2.7985262870788574,0.8335255980491638,-4.288732051849365
1779968375130794200,39.250794189453124,-2.939178228378296,-1.6594154834747314,-4.232685089111328
1779968375147141000,39.26714111328125,-0.8107708692550659,-5.0959906578063965,-4.144567966461182
1779968375163480600,39.28348046875,0.8616254329681396,0.6007859706878662,-9.138544082641602
1779968375179808500,39.29980859375,0.75105881690979,5.7216691970825195,-4.905858993530273
1779968375196126500,39.31612646484375,0.050854530185461044,2.439948558807373,-2.3654229640960693
1779968375212460800,39.33246069335937,-0.0607810914516449,-0.4331034719944,-2.403907537460327
1779968375228792000,39.3487919921875,-0.8695666790008545,-0.5349652171134949,-2.2272145748138428
1779968375245124900,39.36512475585938,-1.4590516090393066,0.13179416954517365,-1.324813961982727
1779968375261456400,39.38145629882813,-1.1566733121871948,-0.4726569950580597,-0.927446186542511
1779968375277777200,39.39777709960938,-1.2237157821655273,0.2874121069908142,0.5510004758834839
1779968375294136000,39.41413598632813,-0.7414376735687256,1.966986060142517,1.3539828062057495
1779968375310454800,39.43045483398438,0.012217304669320583,1.4065172672271729,1.523956060409546
1779968375326796300,39.44679638671875,0.6794348955154419,0.1992947906255722,1.6633861064910889
1779968375343137300,39.46313720703125,1.2568552494049072,-0.3055853247642517,1.9500346183776855
1779968375359457800,39.479457763671874,1.5097534656524658,-0.3878994286060333,2.2684481143951416
1779968375375794000,39.4957939453125,1.5430456399917603,-1.2249375581741333,2.7508788108825684
1779968375392125700,39.51212573242187,1.7453947067260742,-2.6116015911102295,3.2255213260650635
1779968375408444700,39.52844458007812,2.6276369094848633,-4.210083484649658,3.310431480407715
1779968375424776200,39.54477612304687,2.79119610786438,-5.586057186126709,2.984687566757202
1779968375441125400,39.56112548828125,2.4773640632629395,-5.802303314208984,3.2421672344207764
1779968375457454300,39.577454345703124,0.18845193088054657,-5.3893585205078125,3.5054502487182617
1779968375473772300,39.59377221679687,-3.129920721054077,-3.666107654571533,4.330576419830322
1779968375490101200,39.610101318359376,-3.319136381149292,-0.13072516024112701,5.178610324859619
1779968375506437400,39.62643725585937,-1.4787520170211792,2.593581199645996,4.441295623779297
1779968375522759700,39.642759765625,0.5290092825889587,-0.7553348541259766,2.8767170906066895
1779968375539103500,39.659103515625,1.160033106803894,-2.738050699234009,2.6871962547302246
1779968375555435300,39.67543530273438,0.8535314798355103,-2.252871036529541,1.882686734199524
1779968375571765800,39.691765869140625,0.2041817009449005,-2.7623326778411865,1.0601565837860107
1779968375588095200,39.70809521484375,0.3640756905078888,-2.9513955116271973,0.37797287106513977
1779968375604445400,39.724445556640624,0.055741455405950546,-2.864499807357788,-0.0734565481543541
1779968375620771000,39.74077099609375,-0.6394231915473938,-1.99447500705719,-0.6786713004112244
1779968375637114400,39.7571142578125,-0.8165740966796875,-0.6322455406188965,-2.400394916534424
1779968375653428200,39.77342822265625,-0.25503623485565186,1.0106765031814575,-3.3035593032836914
1779968375669774600,39.78977465820312,0.0529925599694252,3.3212742805480957,-3.695887565612793
1779968375686067200,39.80606713867188,0.37079519033432007,5.728236198425293,-3.380222797393799
1779968375702423300,39.82242333984375,0.8381071090698242,5.371643543243408,1.2779301404953003
1779968375718754600,39.83875463867187,0.11194105446338654,-0.45204028487205505,5.635231971740723
1779968375735090200,39.85509008789062,0.42180246114730835,1.1412489414215088,-0.6682865619659424
1779968375751415000,39.8714150390625,1.135140299797058,3.8279869556427,-3.12900447845459
1779968375767753200,39.88775317382812,0.6062837839126587,3.4820845127105713,-2.066251754760742
1779968375784097800,39.904097900390624,0.8390234112739563,2.1673498153686523,-1.1742357015609741
1779968375800437200,39.920437255859376,0.024587325751781464,1.477835774421692,-1.898263692855835
1779968375816762600,39.9367626953125,-0.9851729273796082,2.1429152488708496,-1.0700831413269043
1779968375833092000,39.95309204101562,-1.256244421005249,1.7886134386062622,-1.9967657327651978
1779968375849422800,39.9694228515625,-2.462244987487793,2.721557378768921,-4.031404972076416
1779968375865785600,39.98578564453125,-3.378390312194824,1.3098478317260742,-3.637091636657715
1779968375882077400,40.00207739257812,-1.2936599254608154,-4.518875598907471,-1.9639317989349365
1779968375898423000,40.01842309570313,0.21899518370628357,-3.782172203063965,-9.352499961853027
1779968375914753500,40.03475341796875,0.8831584453582764,3.4370334148406982,-5.547267436981201
1779968375931093800,40.05109375,0.14492778480052948,4.0184245109558105,-1.3252722024917603
1779968375947412200,40.067412109375,0.2509129047393799,1.415680170059204,-1.5919147729873657
1779968375963756800,40.0837568359375,-0.2603813111782074,0.6209444999694824,-2.0060815811157227
1779968375980053800,40.1000537109375,-1.1288789510726929,-0.7820602059364319,-1.8721492290496826
1779968375996389400,40.116389404296875,-1.0832167863845825,-0.6116288304328918,-0.607200026512146
1779968376012733000,40.13273291015625,-1.0129673480987549,0.38117989897727966,0.30741792917251587
1779968376029067800,40.14906787109375,-0.4386012554168701,1.5175420045852661,1.0563386678695679
1779968376045404200,40.165404052734374,0.3223841190338135,0.9370672702789307,1.2886202335357666
1779968376061724200,40.18172412109375,0.7637342810630798,-0.4639521539211273,1.0926852226257324
1779968376078059300,40.19805932617187,1.08718740940094,-0.7834346890449524,1.3486377000808716
1779968376094414300,40.21441430664063,1.123533844947815,-0.8575021028518677,1.9008599519729614
1779968376110742300,40.2307421875,0.974177360534668,-1.602452278137207,2.57342267036438
1779968376127052500,40.247052490234374,1.1439979076385498,-2.914896249771118,3.0937271118164062
1779968376143388400,40.26338842773438,2.2288944721221924,-4.055992603302002,3.617849349975586
1779968376159721500,40.279721435546875,3.2783610820770264,-4.252843856811523,3.571118116378784
1779968376176054800,40.2960546875,3.475670576095581,-4.195116996765137,3.5106425285339355
1779968376192388600,40.312388671875,1.5332717895507812,-3.448334217071533,3.4403929710388184
1779968376208719600,40.3287197265625,-2.422996997833252,-2.238821029663086,3.7061195373535156
1779968376225054000,40.34505395507812,-2.8348729610443115,-2.0836613178253174,4.37547492980957
1779968376241382700,40.361382568359375,-1.165683627128601,0.13973543047904968,4.195269584655762
1779968376257716700,40.377716796875,0.36529740691185,-0.33169981837272644,3.696498394012451
1779968376274059500,40.3940595703125,0.6079636216163635,-1.5528194904327393,2.8454103469848633
1779968376290385700,40.4103857421875,0.9648616313934326,-1.362382173538208,1.4718798398971558
1779968376306727200,40.42672705078125,0.5203045010566711,-1.5175420045852661,0.26603180170059204
1779968376323059200,40.44305908203125,0.28878653049468994,-1.9784398078918457,-0.5899431109428406
1779968376339388700,40.459388671875,-0.11850785464048386,-1.8368717432022095,-0.7951938509941101
1779968376355716000,40.475716064453124,-0.8733845949172974,-1.808924674987793,-1.3006848096847534
1779968376372057000,40.49205712890625,-1.0754282474517822,-1.4776830673217773,-2.4966063499450684
1779968376388387000,40.508386962890626,-0.8275696635246277,0.5568036437034607,-3.188563823699951
1779968376404716800,40.524716796875,-0.4735732674598694,3.090825319290161,-3.3351714611053467
1779968376421052200,40.54105224609375,0.06918048858642578,5.6822686195373535,-2.518444776535034
1779968376437382700,40.55738256835937,-0.18219055235385895,5.8945441246032715,-0.09575312584638596
1779968376453699300,40.57369921875,-0.30894508957862854,2.1754438877105713,4.446793556213379
1779968376470043000,40.59004296875,0.49235737323760986,1.1187996864318848,2.61603045463562
1779968376486344400,40.606344482421875,1.4501941204071045,2.5474607944488525,-2.1316142082214355
1779968376502698500,40.622698486328126,1.6785049438476562,2.2960896492004395,-2.10809588432312
1779968376519029800,40.63902978515625,0.06734789162874222,2.28631591796875,-1.6540703773498535
1779968376535363300,40.65536328125,-0.6304129362106323,3.093116283416748,-2.1618521213531494
1779968376551693000,40.671693115234376,-1.7081319093704224,3.7077994346618652,-1.909564733505249
1779968376568024300,40.6880244140625,-2.25317645072937,2.7485880851745605,-1.9766072034835815
1779968376584374300,40.704374267578125,-2.699718952178955,0.12064588814973831,-2.998584747314453
1779968376600702500,40.720702392578126,-2.6444356441497803,-2.9465084075927734,-2.8319711685180664
1779968376617024300,40.737024169921874,-1.563356876373291,-5.7549614906311035,-2.5608997344970703
1779968376633368600,40.75336865234375,0.01237002108246088,-2.3794727325439453,-8.064337730407715
1779968376649685000,40.76968505859375,1.0517572164535522,4.607756614685059,-6.334672451019287
1779968376666015500,40.786015380859375,0.33307427167892456,4.689764976501465,-2.8290696144104004
1779968376682348500,40.8023486328125,-0.0835358202457428,0.5021312236785889,-2.068237066268921
1779968376698686200,40.81868627929688,-0.764345109462738,0.2770273983478546,-2.0844249725341797
1779968376715024400,40.8350244140625,-1.5199854373931885,0.45142942667007446,-1.854892373085022
1779968376731347000,40.851346923828125,-1.3781119585037231,0.4092797040939331,-1.0236574411392212
1779968376747680500,40.867680419921875,-1.065043568611145,-0.1843285858631134,-0.1569923609495163
1779968376764029400,40.88402954101562,-0.6908885836601257,0.8171849846839905,0.7793113589286804
1779968376780355600,40.90035546875,0.12797626852989197,1.197906732559204,1.0141890048980713
1779968376796688600,40.91668872070313,0.8929322957992554,-0.17440202832221985,1.1093312501907349
1779968376813023000,40.93302294921875,1.4381295442581177,-1.2304353713989258,1.3704761266708374
1779968376829340400,40.94934033203125,1.8280142545700073,-1.1646145582199097,2.0473148822784424
1779968376845684500,40.9656845703125,2.0987801551818848,-1.9788979291915894,2.7701210975646973
1779968376862014700,40.9820146484375,2.367560863494873,-3.235600471496582,3.0547842979431152
1779968376878351400,40.998351318359376,2.4303274154663086,-4.234670639038086,3.047759532928467
1779968376894686700,41.01468676757813,1.7145460844039917,-4.768872261047363,3.6969563961029053
1779968376911015400,41.03101538085937,0.33567044138908386,-5.1268391609191895,4.029267311096191
1779968376927342800,41.0473427734375,-1.8648189306259155,-4.726722717285156,3.8990001678466797
1779968376943679700,41.0636796875,-2.9261972904205322,-1.9772180318832397,4.761847496032715
1779968376960009700,41.080009765625,-1.637271523475647,2.1707096099853516,4.801706314086914
1779968376976325000,41.0963251953125,-0.04398229718208313,1.686140775680542,3.7036759853363037
1779968376992661000,41.112660888671876,0.22189679741859436,0.02275473065674305,3.4794883728027344
1779968377008995600,41.12899560546875,0.45784351229667664,-1.688736915588379,3.1584787368774414
1779968377025327900,41.14532788085938,0.70692378282547,-1.6070337295532227,1.9281961917877197
1779968377041654000,41.16165405273438,0.47051894664764404,-2.107790470123291,0.977689802646637
1779968377057988900,41.17798876953125,0.1992947906255722,-2.691166877746582,0.44180828332901
1779968377074339800,41.19433984375,-0.43417248129844666,-2.8034133911132812,0.16111570596694946
1779968377090668300,41.210668212890624,-1.018923282623291,-2.4181101322174072,-0.5687155723571777
1779968377106969000,41.22696899414063,-0.7667886018753052,-0.6423248052597046,-2.537687063217163
1779968377123332400,41.24333227539063,-0.04993823543190956,2.5610525608062744,-3.4689509868621826
1779968377139666700,41.259666748046875,0.21273382008075714,5.773592948913574,-3.6557230949401855
1779968377155978800,41.27597875976563,0.5061018466949463,7.013191223144531,-2.4159719944000244
1779968377172315100,41.292315185546876,-0.26190847158432007,3.726430654525757,2.701704263687134
1779968377188646400,41.308646484375,-0.31001409888267517,2.52944016456604,4.964807510375977
1779968377204979500,41.3249794921875,1.1737775802612305,-0.3672827184200287,-1.9135353565216064
1779968377221309400,41.341309326171874,1.0881037712097168,-0.4960225820541382,-0.4479169547557831
1779968377237643500,41.3576435546875,0.33246341347694397,2.2459988594055176,-0.21059578657150269
1779968377253991700,41.37399169921875,-0.39538252353668213,2.359619617462158,-1.824654459953308
1779968377270321700,41.39032177734375,-1.892765998840332,3.4184019565582275,-2.1458168029785156
1779968377286655500,41.40665551757812,-2.2088887691497803,3.0691397190093994,-4.006970405578613
1779968377302967600,41.422967529296876,-3.0185906887054443,4.019187927246094,-5.080413341522217
1779968377319318800,41.43931884765625,-3.4205398559570312,2.4552202224731445,-3.8957931995391846
1779968377335650800,41.45565087890625,-1.9912680387496948,-5.759084701538086,-3.126102924346924
1779968377351984000,41.471984130859376,-0.18768835067749023,-7.690640926361084,-9.35830307006836
1779968377368312000,41.48831201171875,1.4718798398971558,2.096489429473877,-6.579018592834473
1779968377384629200,41.50462915039063,0.9219483733177185,6.457609176635742,-2.5445592403411865
1779968377400974300,41.52097436523437,0.35521814227104187,2.380694627761841,-1.943315029144287
1779968377417340400,41.53734033203125,-0.6717990636825562,-0.3914119005203247,-2.0323486328125
1779968377433641200,41.55364111328125,-1.0885618925094604,-2.1726949214935303,-1.6103935241699219
1779968377449971000,41.569970947265624,-0.9385944604873657,-0.43646320700645447,-0.12889257073402405
1779968377466289700,41.58628955078125,-0.8103127479553223,1.7652478218078613,1.2725850343704224
1779968377482608400,41.6026083984375,0.1823432743549347,2.2800545692443848,1.6174184083938599
1779968377498959000,41.618958984375,1.0045678615570068,0.8231409192085266,1.3483322858810425
1779968377515288300,41.635288330078126,1.2371548414230347,-0.7762570381164551,1.193477988243103
1779968377531620400,41.65162036132813,1.4468343257904053,-1.4850133657455444,2.0783162117004395
1779968377547952600,41.66795263671875,1.8031214475631714,-2.2394320964813232,2.8368582725524902
1779968377564301600,41.684301513671876,1.760208249092102,-3.017368793487549,3.419471025466919
1779968377580615200,41.700615234375,1.7663168907165527,-4.270864486694336,3.7304012775421143
1779968377596964400,41.71696435546875,2.3935227394104004,-4.938081741333008,4.20336389541626
1779968377613289200,41.73328930664063,2.356565475463867,-4.632496356964111,4.297131538391113
1779968377629631200,41.74963134765625,1.084591269493103,-3.5052974224090576,4.804760456085205
1779968377645939200,41.76593920898438,-1.3397802114486694,-3.285844087600708,4.290870189666748
1779968377662277400,41.78227734375,-2.0755674839019775,-1.6430747509002686,4.353789329528809
1779968377678609400,41.798609375,-0.9619600176811218,1.1424707174301147,4.52025032043457
1779968377694939600,41.81493969726562,-0.2767219543457031,-0.1872301995754242,4.527580261230469
1779968377711274000,41.83127392578125,0.7881689071655273,-1.0542006492614746,4.0518693923950195
1779968377727608800,41.84760888671875,1.563356876373291,-1.2747230529785156,2.2870795726776123
1779968377743975400,41.86397534179687,0.9450085163116455,-1.540602207183838,0.23869559168815613
1779968377760283400,41.880283447265626,0.5435173511505127,-2.16322660446167,-0.8926268219947815
1779968377776612600,41.896612548828124,0.002138028386980295,-2.6363415718078613,-1.2307407855987549
1779968377792953600,41.91295361328125,-0.9787588119506836,-2.113593816757202,-1.3779592514038086
1779968377809279700,41.92927978515625,-1.3800972700119019,-2.1227567195892334,-2.9355130195617676
1779968377825597700,41.94559765625,-1.4311045408248901,0.5914703011512756,-3.277292013168335
1779968377841939200,41.961939208984376,-0.694248378276825,4.79819393157959,-3.059823989868164
1779968377858260700,41.9782607421875,0.3975205719470978,7.291593074798584,-3.249650478363037
1779968377874603000,41.99460302734375,-0.19425514340400696,6.232810974121094,-0.7603744864463806
1779968377890950000,42.010949951171874,0.5485569834709167,2.814409017562866,3.869525909423828
1779968377907256800,42.0272568359375,1.2892310619354248,2.2844831943511963,2.1650590896606445
1779968377923606800,42.04360668945313,1.695914626121521,1.0667234659194946,-0.5206099152565002
1779968377939931100,42.05993115234375,0.7008151412010193,0.7965682744979858,-1.1728612184524536
1779968377956241400,42.076241455078126,0.13439035415649414,3.565162181854248,-1.3115277290344238
1779968377972590600,42.09259057617187,-0.7134906053543091,3.098766565322876,-1.3475687503814697
1779968377988920300,42.10892041015625,-1.663691520690918,2.7591257095336914,-1.7635679244995117
1779968378005245400,42.125245361328126,-2.395355224609375,2.4194846153259277,-2.528982162475586
1779968378021569500,42.14156958007813,-3.5668420791625977,2.933833122253418,-3.6364808082580566
1779968378037903000,42.15790307617188,-4.660290718078613,2.107485055923462,-3.445432662963867
1779968378054251800,42.17425170898437,-2.7629435062408447,-5.198157787322998,-2.026698112487793
1779968378070598400,42.19059838867187,-0.7832819819450378,-7.868249893188477,-7.534411907196045
1779968378086903000,42.206903076171876,1.441794753074646,1.3098478317260742,-6.966917991638184
1779968378103257000,42.22325708007813,1.429271936416626,5.550474166870117,-3.1396946907043457
1779968378119579400,42.23957934570313,0.5293147563934326,1.7814357280731201,-2.1461222171783447
1779968378135905800,42.25590576171875,-0.897513747215271,-0.1840231567621231,-1.8112154006958008
1779968378152241400,42.272241455078124,-1.190729022026062,-0.9908234477043152,-2.2568416595458984
1779968378168556800,42.288556884765626,-1.051146388053894,-0.5053382515907288,-1.0308351516723633
1779968378184892400,42.30489233398438,-1.1267409324645996,0.4343251883983612,0.11835514008998871
1779968378201225000,42.32122485351562,-0.6820310354232788,1.2341004610061646,0.7325801253318787
1779968378217557000,42.337556884765625,0.14798210561275482,0.38026362657546997,1.0276280641555786
1779968378233888800,42.353888671875,0.8657487630844116,-0.5732970237731934,1.337336778640747
1779968378250221600,42.3702216796875,1.5066990852355957,-0.8483390808105469,2.062739133834839
1779968378266553900,42.38655395507813,1.987755537033081,-1.2560917139053345,2.510045289993286
1779968378282885000,42.402885009765626,1.9451476335525513,-2.1615467071533203,2.832887649536133
1779968378299217400,42.41921752929687,1.8781051635742188,-3.138167381286621,3.4436001777648926
1779968378315550700,42.43555078125,2.425440549850464,-4.729318618774414,3.950465440750122
1779968378331880700,42.45188061523437,2.390010356903076,-5.656459331512451,3.855475902557373
1779968378348214000,42.46821411132812,1.4451544284820557,-6.281680107116699,4.235739707946777
1779968378364544300,42.484544189453125,-0.5722280144691467,-5.071861267089844,4.524831771850586
1779968378380877000,42.500876953125,-2.701857089996338,-2.171931266784668,5.27833366394043
1779968378397209900,42.5172099609375,-2.4628560543060303,0.6192646622657776,5.547267436981201
1779968378413542100,42.533542236328124,-0.6265950202941895,0.2301434874534607,4.097531318664551
1779968378429874200,42.549874267578126,0.33017265796661377,-1.1105530261993408,3.489873170852661
1779968378446207000,42.56620703125,0.9182831645011902,-1.0922271013259888,2.9297096729278564
1779968378462538000,42.5825380859375,1.243721604347229,-1.3738359212875366,1.3767375946044922
1779968378478870300,42.598870361328125,0.6452264189720154,-2.252412796020508,0.13225232064723969
1779968378495205000,42.615205078125,0.4222606122493744,-2.2930355072021484,-0.4268420934677124
1779968378511534300,42.63153442382813,-0.30024027824401855,-2.0089831352233887,-0.6299547553062439
1779968378527867100,42.6478671875,-0.8622363209724426,-0.9984592199325562,-1.722640037536621
1779968378544198000,42.66419799804687,-0.6206390857696533,0.1062905490398407,-3.198643207550049
1779968378560543500,42.68054345703125,-0.46502116322517395,1.6785049438476562,-3.604104995727539
1779968378576874000,42.6968740234375,-0.3608686327934265,3.8313467502593994,-3.4106132984161377
1779968378593209000,42.713208984375,-0.014813481830060482,6.0700154304504395,-2.565786838531494
1779968378609545700,42.72954565429688,0.10445795953273773,6.552445888519287,0.47571131587028503
1779968378625873200,42.745873046875,-0.380721777677536,0.23167064785957336,6.517779350280762
1779968378642203000,42.76220288085938,0.49754974246025085,0.019089538604021072,4.64532470703125
1779968378658535700,42.77853564453125,2.6116015911102295,0.877966046333313,-1.2669345140457153
1779968378674868200,42.7948681640625,2.38100004196167,0.475253164768219,-1.8736764192581177
1779968378691188700,42.81118872070312,0.27290403842926025,4.204127311706543,-2.535090684890747
1779968378707531500,42.82753149414062,-1.1183415651321411,6.235101699829102,-3.2166635990142822
1779968378723867400,42.843867431640625,-1.994780421257019,3.7699549198150635,-2.8573222160339355
1779968378740204500,42.86020458984375,-2.47094988822937,1.6433802843093872,-3.244305372238159
1779968378756545800,42.8765458984375,-3.4387130737304688,1.5184582471847534,-4.284761428833008
1779968378772873000,42.892873046875,-4.135557651519775,1.2194397449493408,-4.039499282836914
1779968378789207600,42.90920751953125,-2.001041889190674,-3.0747902393341064,-2.710256338119507
1779968378805551400,42.92555126953125,0.35735616087913513,-0.7999280095100403,-4.7357330322265625
1779968378821865700,42.94186572265625,1.1887437105178833,2.046245813369751,-4.5599565505981445
1779968378838200800,42.958200927734374,0.3686571717262268,2.6282477378845215,-3.1161763668060303
1779968378854540300,42.974540283203126,-0.19517144560813904,1.2918273210525513,-2.3890938758850098
1779968378870865700,42.99086572265625,-1.076344609260559,0.7032586336135864,-2.029447078704834
1779968378887191300,43.00719140625,-1.7565430402755737,-1.1552989482879639,-2.1093177795410156
1779968378903535000,43.02353515625,-1.578781247138977,-0.057879481464624405,-0.5551238059997559
1779968378919858000,43.03985791015625,-1.1504119634628296,0.35842517018318176,0.33276882767677307
1779968378936196600,43.05619653320313,-0.40714168548583984,0.7991644740104675,1.0653489828109741
1779968378952524300,43.07252416992188,0.42638394236564636,0.3536909818649292,1.507157325744629
1779968378968846600,43.0888466796875,0.9601274728775024,-0.3530801236629486,1.980577826499939
1779968378985176800,43.1051767578125,1.2270755767822266,-0.7026477456092834,2.3128886222839355
1779968379001510400,43.121510498046874,1.4106405973434448,-0.8918632864952087,2.417957305908203
1779968379017841200,43.13784106445313,1.3871222734451294,-0.9815077185630798,2.5225679874420166
1779968379034174200,43.15417431640625,1.289689302444458,-1.2791517972946167,2.824793577194214
1779968379050506000,43.17050610351563,2.138639211654663,-2.5451700687408447,3.89426589012146
1779968379066855700,43.186855712890626,2.866943359375,-4.125173091888428,4.087451934814453
1779968379083181600,43.203181640625,2.810438394546509,-4.149149417877197,4.142735481262207
1779968379099515100,43.21951513671875,1.8860464096069336,-3.788128137588501,3.388774871826172
1779968379115831000,43.2358310546875,-0.8649851679801941,-2.3689353466033936,3.2539265155792236
1779968379132163300,43.252163330078126,-1.0668761730194092,0.8717046976089478,3.849214553833008
1779968379148500000,43.2685,0.4570799171924591,0.168751522898674,3.352581262588501
1779968379164818400,43.284818359375,0.7101308703422546,-2.308154344558716,3.153897285461426
1779968379181161000,43.30116088867187,0.6450737118721008,-3.1919236183166504,3.053562641143799
1779968379197494800,43.317494873046876,0.6664539575576782,-3.3287575244903564,2.0134117603302
1779968379213839600,43.33383959960938,0.1892155110836029,-2.5844180583953857,0.6461427211761475
1779968379230190000,43.35019018554687,0.1537853181362152,-1.996002197265625,-0.517861008644104
1779968379246505000,43.3665048828125,0.08567385375499725,-1.9941695928573608,-1.0951286554336548
1779968379262837800,43.382837646484376,-0.4862487316131592,-1.2428053617477417,-1.3408491611480713
1779968379279151600,43.39915161132812,-0.8119926452636719,-1.0951286554336548,-2.306474447250366
1779968379295483400,43.4154833984375,-0.5688682794570923,0.18585574626922607,-3.402519464492798
1779968379311816200,43.43181616210938,-0.48426342010498047,2.557692766189575,-3.3253977298736572
1779968379328138500,43.44813842773438,-0.3455969989299774,4.368450164794922,-2.905427932739258
1779968379344477700,43.46447778320312,-0.025503624230623245,6.101016521453857,-2.0702223777770996
1779968379360830500,43.48083056640625,-0.12461651116609573,3.682295799255371,2.7143797874450684
1779968379377144800,43.49714477539062,0.25274550914764404,2.1394028663635254,3.810119152069092
1779968379393478000,43.51347778320312,1.0911580324172974,3.6172385215759277,-0.4841107130050659
1779968379409809000,43.52980883789063,0.5412266254425049,2.758820056915283,-2.224465847015381
1779968379426143500,43.5461435546875,0.2255619913339615,2.574338912963867,-1.202030062675476
1779968379442476300,43.56247631835937,-0.1385136991739273,1.2315043210983276,-1.2814425230026245
1779968379458808300,43.578808349609375,-1.5092953443527222,2.417041063308716,-0.5380195379257202
1779968379475127000,43.595126953125,-2.1313087940216064,2.6334400177001953,-0.5928447246551514
1779968379491473000,43.61147290039062,-2.9052751064300537,2.233628749847412,-2.674673557281494
1779968379507806500,43.627806396484374,-4.041331768035889,1.851074457168579,-4.184274196624756
1779968379524141600,43.6441416015625,-2.3325889110565186,-3.9038870334625244,-2.2510383129119873
1779968379540450600,43.66045043945312,-0.44684791564941406,-5.735260963439941,-7.420638084411621
1779968379556822300,43.676822265625,1.0566442012786865,1.6919440031051636,-8.460330963134766
1779968379573151200,43.693151123046874,0.36529740691185,6.227313041687012,-2.9880473613739014
1779968379589475800,43.70947583007813,0.059406645596027374,0.9692904353141785,-1.7837265729904175
1779968379605791700,43.72579174804687,-0.5531384944915771,-0.7079927921295166,-1.6349807977676392
1779968379622128400,43.74212841796875,-1.0545061826705933,-1.2136365175247192,-2.258674144744873
1779968379638460000,43.7584599609375,-1.0580185651779175,-0.28420504927635193,-0.7903069257736206
1779968379654793200,43.77479321289063,-0.8394815921783447,0.43875396251678467,0.39248090982437134
1779968379671127000,43.791126953125,-0.39416080713272095,0.9040805697441101,1.0758863687515259
1779968379687456000,43.8074560546875,0.4352414906024933,0.14523321390151978,1.379333734512329
1779968379703807000,43.823806884765624,0.9711230397224426,-0.6239988207817078,1.7860172986984253
1779968379720164900,43.840164794921876,1.3211487531661987,-0.8765916228294373,2.235614061355591
1779968379736469200,43.85646923828125,1.5688546895980835,-0.9645562171936035,2.4909558296203613
1779968379752799500,43.87279956054687,1.6728544235229492,-1.5282320976257324,2.6957483291625977
1779968379769128400,43.88912841796875,1.5502232313156128,-2.4411702156066895,3.1671836376190186
1779968379785468200,43.90546826171875,1.7666223049163818,-3.238044023513794,3.9932260513305664
1779968379801794300,43.921794189453124,2.470491886138916,-3.8447859287261963,4.02040958404541
1779968379818090000,43.93809008789062,2.624429702758789,-4.315152168273926,4.1749587059021
1779968379834464300,43.95446435546875,1.3810136318206787,-4.103792667388916,3.8895318508148193
1779968379850790700,43.970790771484374,-1.3362677097320557,-2.8188376426696777,4.227492809295654
1779968379867125500,43.98712548828125,-2.0593793392181396,1.0589349269866943,4.4006733894348145
1779968379883452400,44.003452392578126,-0.15836681425571442,1.1936306953430176,3.4400875568389893
1779968379899773200,44.01977319335938,0.7573201656341553,-1.555110216140747,3.054478883743286
1779968379916130000,44.036130126953125,1.0471757650375366,-2.9184086322784424,3.0575332641601562
1779968379932451300,44.05245141601562,0.8741481900215149,-2.981938600540161,2.046245813369751
1779968379948769000,44.06876904296875,0.4680754840373993,-2.3635902404785156,0.47280970215797424
1779968379965103400,44.08510327148438,0.4951062798500061,-1.994780421257019,-0.7220427393913269
1779968379981435400,44.10143530273437,0.0835358202457428,-2.004554271697998,-1.211803913116455
1779968379997767200,44.11776708984375,-0.7866417169570923,-1.5838208198547363,-1.5554156303405762
1779968380014099700,44.134099609375,-1.0319041013717651,-1.616654872894287,-2.863736152648926
1779968380030430500,44.150430419921875,-0.9456194043159485,0.5248859524726868,-3.4342844486236572
1779968380046785800,44.166785888671875,-0.7331910133361816,3.988492012023926,-3.262936592102051
1779968380063109000,44.18310913085938,0.008246680721640587,6.84306526184082,-2.94742488861084
1779968380079440400,44.1994404296875,0.07467827945947647,6.309016227722168,0.013286318629980087
1779968380095755500,44.21575561523437,0.3911064863204956,2.2907447814941406,4.314541339874268
1779968380112079400,44.23207934570313,0.897513747215271,2.9471194744110107,1.0013608932495117
1779968380128424000,44.248423828125,1.3799445629119873,2.7508788108825684,-1.321912407875061
1779968380144748000,44.264748046875,0.6815729141235352,1.1753047704696655,-1.4106405973434448
1779968380161088000,44.281087890625,-0.2840523421764374,1.731955647468567,-1.3022119998931885
1779968380177420800,44.2974208984375,-1.389107584953308,2.7785205841064453,-1.718363881111145
1779968380193767000,44.31376684570313,-2.3292291164398193,3.0384438037872314,-1.4999796152114868
1779968380210065400,44.3300654296875,-2.9987375736236572,2.009746551513672,-1.7603609561920166
1779968380226430500,44.34643041992187,-3.628692388534546,1.1782063245773315,-3.21086049079895
1779968380242760000,44.36276000976562,-3.4513885974884033,-1.5709927082061768,-2.884047508239746
1779968380259094000,44.379093994140625,-1.2731958627700806,-6.237392425537109,-4.003610610961914
1779968380275403500,44.395403564453126,0.6452264189720154,-2.648864507675171,-8.295702934265137
1779968380291759600,44.41175952148438,1.0618364810943604,4.8870744705200195,-4.686405658721924
1779968380308103200,44.428103271484375,0.3877467215061188,3.4130568504333496,-2.1627683639526367
1779968380324427000,44.44442700195312,0.26313021779060364,-0.6458373069763184,-1.965458869934082
1779968380340734200,44.46073413085937,-0.4031710624694824,0.13759739696979523,-1.9330830574035645
1779968380357089300,44.47708935546875,-1.1385000944137573,-0.5303837656974792,-1.9239200353622437
1779968380373388000,44.49338793945312,-1.0044151544570923,-0.07590000331401825,-0.8500189781188965
1779968380389749000,44.5097490234375,-0.9404270648956299,0.26190847158432007,0.15027284622192383
1779968380406070800,44.52607080078125,-0.654542088508606,1.0242682695388794,0.8642216324806213
1779968380422422000,44.542422119140625,0.21349740028381348,0.6687447428703308,1.2469286918640137
1779968380438730000,44.55872998046875,0.9133962392807007,-0.3914119005203247,1.3747522830963135
1779968380455065300,44.5750654296875,1.4214833974838257,-0.8629998564720154,1.7282904386520386
1779968380471396600,44.591396728515626,1.7177530527114868,-0.9289733171463013,2.1852176189422607
1779968380487730000,44.60772998046875,1.635897159576416,-1.923767328262329,2.7838656902313232
1779968380504062700,44.62406274414062,1.5763378143310547,-2.886338233947754,3.3228015899658203
1779968380520393700,44.64039379882813,2.4101688861846924,-3.989408254623413,3.7756054401397705
1779968380536729900,44.656729736328124,2.9439122676849365,-4.758792877197266,3.5503487586975098
1779968380553096400,44.673096435546874,2.310903310775757,-5.8192548751831055,3.511558771133423
1779968380569403000,44.68940283203125,0.04444044828414917,-4.8142290115356445,3.5888333320617676
1779968380585723100,44.70572314453125,-2.339003086090088,-2.629011392593384,4.555527687072754
1779968380602053400,44.72205346679687,-2.644130229949951,0.7041749358177185,5.259244441986084
1779968380618382000,44.738382080078125,-1.2385293245315552,1.049619197845459,3.9426770210266113
1779968380634721300,44.75472119140625,0.5823072791099548,-1.6814066171646118,2.883894920349121
1779968380651051800,44.7710517578125,1.3463469743728638,-2.180788993835449,2.512794256210327
1779968380667382500,44.78738256835938,1.400255799293518,-2.0894646644592285,1.4288138151168823
1779968380683731200,44.80373120117188,0.7344127297401428,-2.2884538173675537,0.4170682430267334
1779968380700061400,44.8200615234375,0.5490151643753052,-2.30525279045105,-0.19746218621730804
1779968380716392700,44.83639282226562,0.299476683139801,-2.0054705142974854,-0.6995934247970581
1779968380732721200,44.85272119140625,-0.4967861473560333,-0.9610437750816345,-1.5676329135894775
1779968380749045500,44.86904541015625,-0.6641632318496704,-0.36102136969566345,-2.8397598266601562
1779968380765387800,44.8853876953125,-0.46105054020881653,1.1548407077789307,-3.628844976425171
1779968380781715700,44.9017158203125,-0.14263702929019928,4.232685089111328,-3.5937201976776123
1779968380798057000,44.918056884765626,0.13255776464939117,6.438366889953613,-3.0393600463867188
1779968380814385200,44.93438525390625,0.0913243517279625,6.397744655609131,-0.7777841687202454
1779968380830717200,44.95071728515625,-0.6328563690185547,0.5908594131469727,6.061768531799316
1779968380847049200,44.96704931640625,0.3517056703567505,1.4619532823562622,2.914438009262085
1779968380863381000,44.983381103515626,2.8017334938049316,1.8866573572158813,-2.1759018898010254
1779968380879718400,44.99971850585938,1.2611312866210938,2.587930679321289,-2.1322250366210938
1779968380896051700,45.0160517578125,-0.37751471996307373,4.224591255187988,-1.8025106191635132
1779968380912365600,45.03236547851562,-1.371850609779358,4.3003387451171875,-1.7702875137329102
1779968380928711400,45.04871142578125,-2.141540765762329,2.5167648792266846,-1.4381295442581177
1779968380945026800,45.06502685546875,-2.4465153217315674,0.2525927722454071,-2.934291124343872
1779968380961360600,45.081360595703124,-3.1896328926086426,0.48655417561531067,-4.437630653381348
1779968380977692000,45.09769189453125,-2.8579330444335938,-1.7371480464935303,-2.66031813621521
1779968380994025500,45.114025390625,-1.3703234195709229,-3.841120719909668,-5.281082630157471
1779968381010356700,45.13035668945312,0.3933972120285034,1.1320860385894775,-6.529996871948242
1779968381026692600,45.146692626953126,0.7941248416900635,4.402353286743164,-3.8545596599578857
1779968381043017700,45.16301782226562,0.22510384023189545,1.945758581161499,-2.9049696922302246
1779968381059350500,45.1793505859375,0.018020525574684143,0.5287038683891296,-2.3093760013580322
1779968381075679700,45.1956796875,-0.8051204085350037,1.8461874723434448,-1.7143932580947876
1779968381092017000,45.212016845703126,-1.3720033168792725,-0.2379320114850998,-1.6070337295532227
1779968381108349200,45.22834912109375,-1.1673635244369507,-0.32528573274612427,-0.4908302128314972
1779968381124677600,45.244677734375,-0.955545961856842,0.6443101167678833,0.4395175576210022
1779968381141005800,45.261005859375,-0.2580905556678772,1.606881022453308,0.9676105380058289
1779968381157336800,45.2773369140625,0.5613851547241211,0.6114761233329773,0.9385944604873657
1779968381173694200,45.29369409179687,0.9631817936897278,-0.7590000629425049,0.755182147026062
1779968381190022700,45.310022705078126,1.302059292793274,-0.593913733959198,1.6114624738693237
1779968381206353400,45.326353515625,1.723708987236023,-0.6571382880210876,2.5273022651672363
1779968381222657000,45.34265698242187,1.71515691280365,-2.26432466506958,3.3235650062561035
1779968381239016700,45.3590166015625,1.6018413305282593,-3.3707544803619385,3.889226198196411
1779968381255348200,45.37534814453125,2.333963394165039,-3.8592939376831055,4.09478235244751
1779968381271685400,45.39168530273437,2.7924177646636963,-4.869054317474365,4.0074286460876465
1779968381288016000,45.40801586914063,1.4152220487594604,-4.6436448097229,4.166864395141602
1779968381304347400,45.42434741210938,-1.5134186744689941,-2.9110782146453857,4.43533992767334
1779968381320657400,45.44065747070312,-1.4633276462554932,0.18707747757434845,4.976261138916016
1779968381337016000,45.45701611328125,-0.41340306401252747,0.868803083896637,4.895779609680176
1779968381353339100,45.47333911132812,-0.2808452844619751,-0.5384777188301086,4.250705718994141
1779968381369679000,45.48967919921875,0.35842517018318176,-0.9445503950119019,3.395036220550537
1779968381385981700,45.50598168945312,1.2918273210525513,-0.5022839307785034,2.0564777851104736
1779968381402338300,45.52233837890625,0.6511823534965515,-1.3249666690826416,1.1734721660614014
1779968381418672600,45.53867260742187,0.3095559775829315,-2.1568124294281006,0.17531833052635193
1779968381434988000,45.554988037109375,0.03940080851316452,-2.939941644668579,-0.6163630485534668
1779968381451308800,45.571308837890626,-0.6537785530090332,-2.5002715587615967,-1.0517572164535522
1779968381467657200,45.5876572265625,-1.0610729455947876,-1.5726726055145264,-2.3709206581115723
1779968381483985200,45.60398510742188,-0.8376489877700806,0.3202461004257202,-3.6031887531280518
1779968381500317400,45.6203173828125,-0.5222898125648499,3.28049898147583,-3.7511706352233887
1779968381516648700,45.63664868164062,-0.0429132841527462,5.305364608764648,-3.271183490753174
1779968381532982800,45.652982666015625,0.2073887437582016,5.18196964263916,-1.5570955276489258
1779968381549321000,45.66932104492187,-0.5230533480644226,3.676950693130493,3.5295794010162354
1779968381565633000,45.685633056640626,0.2945897579193115,4.180456161499023,4.136015892028809
1779968381581967600,45.70196752929687,2.4526238441467285,1.3173309564590454,-1.8903224468231201
1779968381598314500,45.718314453125,1.4792101383209229,1.4010194540023804,-1.8261816501617432
1779968381614644500,45.73464453125,0.6159048676490784,2.4266622066497803,-0.9043859839439392
1779968381630975500,45.7509755859375,-0.5012149214744568,2.679713010787964,-1.2331842184066772
1779968381647307300,45.767307373046876,-1.8881844282150269,2.942843437194824,-0.808174729347229
1779968381663643400,45.78364331054688,-2.331214427947998,2.101529121398926,-2.319913387298584
1779968381679951400,45.799951416015624,-3.160616874694824,2.620917320251465,-3.964057207107544
1779968381696300000,45.816300048828126,-4.833471298217773,3.7274997234344482,-4.451833248138428
1779968381712635400,45.832635498046876,-3.3345606327056885,-2.581821918487549,-2.612517833709717
1779968381728965400,45.84896533203125,-0.9873109459877014,-6.540534019470215,-6.305656433105469
1779968381745285400,45.865285400390626,1.0749701261520386,0.28787025809288025,-6.184247016906738
1779968381761622800,45.88162280273438,1.7090482711791992,5.559331893920898,-3.9370265007019043
1779968381777954000,45.8979541015625,1.074512004852295,4.307210922241211,-2.8480064868927
1779968381794283300,45.914283203125,0.22617286443710327,1.2738068103790283,-1.539685845375061
1779968381810615800,45.93061572265625,-0.7481572031974792,0.11972958594560623,-1.362076759338379
1779968381826948000,45.94694799804687,-1.102611780166626,-0.9517280459403992,-1.150259256362915
1779968381843281400,45.963281494140624,-0.8000807762145996,0.7910705208778381,0.16844609379768372
1779968381859612000,45.97961181640625,-0.489608496427536,2.4237606525421143,0.9882272481918335
1779968381875945200,45.9959453125,0.24892759323120117,2.7652342319488525,1.1340713500976562
1779968381892278000,46.012278076171874,0.8516988754272461,1.2773191928863525,0.759305477142334
1779968381908609500,46.028609619140624,1.1998920440673828,-0.14187344908714294,0.9650143980979919
1779968381924939800,46.044939697265626,1.5665639638900757,-0.303600013256073,1.72935950756073
1779968381941273300,46.0612734375,1.9339994192123413,-0.6081163287162781,2.306474447250366
1779968381957606000,46.07760595703125,2.2872321605682373,-1.3687963485717773,2.6006059646606445
1779968381973937400,46.0939375,3.0418035984039307,-2.2716550827026367,2.6393959522247314
1779968381990269200,46.110269287109375,3.5712709426879883,-3.0112602710723877,2.8348729610443115
1779968382006601200,46.12660131835938,3.0721940994262695,-4.448015213012695,3.52331805229187
1779968382022932700,46.1429326171875,1.463022232055664,-3.975663661956787,3.955047130584717
1779968382039265800,46.159265869140626,-1.7018705606460571,-0.9836457371711731,4.695262908935547
1779968382055597300,46.175597412109376,-1.6797267198562622,0.40714168548583984,5.485111713409424
1779968382071929900,46.19192993164062,-0.5632177591323853,0.21471913158893585,4.9903106689453125
1779968382088260600,46.208260498046876,-0.07452555745840073,-0.9944885969161987,4.07279109954834
1779968382104597000,46.22459692382812,-0.18310685455799103,-1.5749633312225342,3.3035593032836914
1779968382120936200,46.240936279296875,0.498924195766449,-1.3119858503341675,2.3357958793640137
1779968382137257700,46.2572578125,0.9863946437835693,-1.3006848096847534,1.4129313230514526
1779968382153602000,46.27360205078125,0.44944411516189575,-1.3376421928405762,0.6716463565826416
1779968382169921500,46.289921630859375,-0.060933809727430344,-1.5839735269546509,-0.07666359096765518
1779968382186265600,46.306265625,-0.6597344875335693,-1.213025689125061,-0.5954409241676331
1779968382202598700,46.3225986328125,-1.4477506875991821,-0.3208569586277008,-1.2133311033248901
1779968382218940700,46.33894067382813,-1.609477162361145,0.5969680547714233,-2.105041742324829
1779968382235276300,46.3552763671875,-0.6863071322441101,2.269669771194458,-2.8127291202545166
1779968382251604500,46.3716044921875,-0.0025961773935705423,3.8334848880767822,-3.040581703186035
1779968382267944400,46.3879443359375,0.25961771607398987,4.765970706939697,-2.5639541149139404
1779968382284297500,46.40429736328125,0.5607742667198181,3.7701075077056885,0.379652738571167
1779968382300605700,46.42060571289063,0.6168211698532104,2.3550381660461426,2.395813465118408
1779968382316930600,46.4369306640625,0.8090910315513611,4.467715740203857,-1.7356208562850952
1779968382333271300,46.45327124023437,1.207680583000183,2.5312728881835938,-2.5638015270233154
1779968382349599500,46.469599609375,0.23121249675750732,-0.1492038369178772,-2.282803535461426
1779968382365934600,46.4859345703125,-0.007788531947880983,1.4126259088516235,-2.3215932846069336
1779968382382286600,46.50228662109375,-0.4225660264492035,2.3997840881347656,-1.543809175491333
1779968382398596000,46.51859619140625,-1.197906732559204,3.042719841003418,-0.49067750573158264
1779968382414923300,46.53492333984375,-1.7585283517837524,2.5633432865142822,-1.3683381080627441
1779968382431245600,46.55124560546875,-2.956587791442871,2.9081766605377197,-3.176499366760254
1779968382447583000,46.5675830078125,-3.263853073120117,1.4414892196655273,-2.9016098976135254
1779968382463912000,46.58391186523438,-2.249358654022217,-4.168086051940918,-3.0749428272247314
1779968382480242000,46.60024194335937,-1.2121093273162842,-5.493511199951172,-6.982495307922363
1779968382496576500,46.616576416015626,0.5177083015441895,1.123686671257019,-6.340322971343994
1779968382512907500,46.632907470703124,0.9410378932952881,7.005402565002441,-3.107166051864624
1779968382529258500,46.64925854492188,0.5012149214744568,5.4672441482543945,-1.9552268981933594
1779968382545566500,46.66556640625,-0.3776674270629883,1.6342172622680664,-1.29381263256073
1779968382561890000,46.68189013671875,-1.05404794216156,-0.3045163154602051,-1.0351111888885498
1779968382578223900,46.69822387695312,-1.0288498401641846,0.523511528968811,0.33475416898727417
1779968382594570200,46.7145703125,-0.484416127204895,2.553874969482422,1.2861768007278442
1779968382610900000,46.73089990234375,0.34804046154022217,2.141540765762329,1.3602441549301147
1779968382627232800,46.74723266601563,0.9285151958465576,0.19257527589797974,1.2705997228622437
1779968382643567900,46.76356787109375,1.320385217666626,-0.6236934065818787,1.6427693367004395
1779968382659897000,46.77989697265625,1.8354973793029785,-0.1768454909324646,2.718961238861084
1779968382676241000,46.79624096679687,2.088090181350708,-0.717613935470581,3.5210273265838623
1779968382692575700,46.81257568359375,1.973552942276001,-2.087784767150879,4.102265357971191
1779968382708906500,46.828906494140625,2.3075435161590576,-3.1975741386413574,4.445266246795654
1779968382725237000,46.84523706054687,2.613281488418579,-4.1221184730529785,4.02850341796875
1779968382741561000,46.86156103515625,2.389552116394043,-5.275279521942139,4.103487491607666
1779968382757908000,46.87790795898437,-0.08124507963657379,-3.766136884689331,4.286746978759766
1779968382774232800,46.89423291015625,-3.6340372562408447,-0.8361217975616455,5.067127227783203
1779968382790549800,46.9105498046875,-3.1222848892211914,1.2116512060165405,5.397452354431152
1779968382806883600,46.92688354492188,-0.6281222105026245,1.2709051370620728,4.456719875335693
1779968382823226600,46.9432265625,0.03390302136540413,-0.4902193546295166,3.9933788776397705
1779968382839547600,46.959547607421875,0.716697633266449,-1.9926424026489258,3.1334333419799805
1779968382855870200,46.9758701171875,0.9642508029937744,-1.8516852855682373,1.669342041015625
1779968382872238300,46.99223828125,0.2871066629886627,-1.6679675579071045,0.2854267954826355
1779968382888564000,47.00856396484375,0.25014930963516235,-1.6406313180923462,-0.8193230032920837
1779968382904894200,47.024894287109376,-0.26145032048225403,-1.7299703359603882,-1.1513283252716064
1779968382921208600,47.04120849609375,-1.141707181930542,-1.2819007635116577,-1.2424999475479126
1779968382937541400,47.05754125976563,-1.3515393733978271,-0.4648684561252594,-2.3884830474853516
1779968382953876500,47.07387646484375,-0.9836457371711731,1.9514089822769165,-3.5523340702056885
1779968382970206200,47.09020629882812,-0.2070833146572113,5.297270774841309,-3.710242748260498
1779968382986538200,47.10653833007812,0.42867469787597656,7.15109395980835,-3.402977466583252
1779968383002869500,47.12286938476562,0.1774563491344452,5.639813423156738,-2.0512855052948
1779968383019203300,47.139203369140624,-0.02229658141732216,2.532341957092285,1.9398025274276733
1779968383035530500,47.15553051757813,0.5416847467422485,4.709312915802002,1.1050552129745483
1779968383051866000,47.1718662109375,1.0462594032287598,3.548516273498535,-1.1383473873138428
1779968383068199400,47.18819946289062,0.7151705026626587,0.10781771689653397,-1.3026701211929321
1779968383084538600,47.20453857421875,-0.5777258276939392,0.35445454716682434,-1.8151860237121582
1779968383100864000,47.22086401367188,-1.4140002727508545,3.2507193088531494,-1.2705997228622437
1779968383117191000,47.23719091796875,-2.2656991481781006,3.3796119689941406,-0.7704538106918335
1779968383133529300,47.253529296875,-2.727513313293457,1.2286027669906616,-1.3211487531661987
1779968383149878000,47.2698779296875,-3.2082643508911133,-0.2422080636024475,-2.9794952869415283
1779968383166196000,47.28619604492187,-3.078913450241089,-1.4761558771133423,-2.8955013751983643
1779968383182519800,47.30251977539063,-1.8752036094665527,-4.0523271560668945,-3.301879405975342
1779968383198868500,47.31886840820312,-0.39187005162239075,-0.8619308471679688,-6.95974063873291
1779968383215196400,47.335196533203124,0.9387471675872803,4.601342678070068,-4.725347995758057
1779968383231532300,47.3515322265625,1.0071641206741333,3.762929916381836,-3.1114420890808105
1779968383247859700,47.367859619140624,0.23747386038303375,-0.14278975129127502,-2.051438093185425
1779968383264198700,47.38419873046875,-0.3217732608318329,0.5940664410591125,-1.4223997592926025
1779968383280520700,47.400520751953124,-0.7938193678855896,-0.03497203439474106,-1.695609211921692
1779968383296864300,47.4168642578125,-1.0795515775680542,-0.11056660860776901,-0.655458390712738
1779968383313188900,47.43318896484375,-0.7768678665161133,0.34284812211990356,0.2562579810619354
1779968383329526000,47.44952612304687,-0.48869219422340393,0.9098837971687317,0.6954700946807861
1779968383345857500,47.465857421875,0.004734205547720194,0.6872233748435974,1.0992519855499268
1779968383362187500,47.4821875,0.6331618428230286,-0.3956879675388336,1.447597861289978
1779968383378502000,47.498501953125,1.094365119934082,-1.0816895961761475,1.9272798299789429
1779968383394856700,47.514856689453126,1.3987287282943726,-1.3622294664382935,2.4862215518951416
1779968383411164700,47.53116455078125,1.5199854373931885,-1.9642372131347656,3.112205743789673
1779968383427507700,47.5475078125,1.5966490507125854,-2.9689579010009766,3.696498394012451
1779968383443834400,47.56383447265625,2.065182685852051,-3.609908103942871,3.9965858459472656
1779968383460166700,47.58016674804688,2.5700628757476807,-3.6914587020874023,3.8786888122558594
1779968383476500000,47.5965,2.404060125350952,-4.178012847900391,4.350124359130859
1779968383492832000,47.61283203125,0.28680121898651123,-3.790418863296509,4.315762996673584
1779968383509179600,47.6291796875,-2.995224952697754,-0.7605272531509399,5.081177234649658
1779968383525491000,47.64549096679688,-1.9159787893295288,1.9825631380081177,5.037347316741943
1779968383541828900,47.661828857421874,0.5032002329826355,0.46211954951286316,3.8340957164764404
1779968383558140700,47.678140625,1.0641272068023682,-1.9634735584259033,3.975358247756958
1779968383574487600,47.69448754882813,0.9396634697914124,-3.0381383895874023,3.522859811782837
1779968383590829000,47.7108291015625,0.9030115604400635,-2.7728700637817383,1.9567540884017944
1779968383607155500,47.727155517578126,0.5416847467422485,-2.638021469116211,0.5070181488990784
1779968383623491600,47.74349169921875,0.35750889778137207,-2.822808265686035,-0.5887213945388794
1779968383639832600,47.75983251953125,-0.260992169380188,-2.9723174571990967,-1.1537717580795288
1779968383656138500,47.776138427734374,-0.93095862865448,-2.185981273651123,-1.3744467496871948
1779968383672497700,47.79249755859375,-1.1102476119995117,-1.570534586906433,-1.7989981174468994
1779968383688830500,47.80883056640625,-0.7012733221054077,-0.9202684760093689,-2.7172813415527344
1779968383705161200,47.8251611328125,-0.10751228034496307,1.0894781351089478,-2.9820914268493652
1779968383721492500,47.841492431640624,0.36392298340797424,2.9274189472198486,-2.5030202865600586
1779968383737826300,47.85782641601563,0.528245747089386,4.395480632781982,-1.1841622591018677
1779968383754144000,47.87414404296875,-0.5273294448852539,3.6549594402313232,2.4837779998779297
1779968383770489000,47.890489013671875,-0.3156646192073822,1.362687587738037,3.4799466133117676
1779968383786805200,47.90680517578125,0.041691552847623825,1.2748757600784302,-0.42760565876960754
1779968383803146000,47.92314599609375,-0.005955935921519995,2.2605068683624268,-0.3257438838481903
1779968383819479600,47.9394794921875,0.7728972434997559,1.2944234609603882,-0.6275113224983215
1779968383835805200,47.95580517578125,-0.19104810059070587,2.0050125122070312,-1.3984233140945435
1779968383852142600,47.972142578125,-1.4595097303390503,3.0546317100524902,-1.7038558721542358
1779968383868468200,47.98846826171875,-1.1444560289382935,1.9691240787506104,-3.2893567085266113
1779968383884805000,48.00480517578125,-1.2634220123291016,1.9926424026489258,-5.105916976928711
1779968383901135000,48.02113500976562,-2.9295570850372314,3.752392530441284,-5.924629211425781
1779968383917468700,48.03746875,-3.5857789516448975,2.730720281600952,-3.7644569873809814
1779968383933797400,48.05379736328125,-2.1713204383850098,-0.5742133259773254,-3.648239850997925
1779968383950122800,48.070122802734375,-0.27947086095809937,-1.0021244287490845,-4.630969524383545
1779968383966465500,48.086465576171875,0.7425066828727722,-0.32498031854629517,-3.9211440086364746
1779968383982789400,48.102789306640624,0.3139847218990326,0.35292738676071167,-3.6778669357299805
1779968383999129600,48.11912963867187,0.0806342139840126,1.345278024673462,-3.107166051864624
1779968384015443000,48.13544287109375,-0.1485929638147354,1.4651602506637573,-2.205376148223877
1779968384031788000,48.1517880859375,-0.9288206100463867,0.06322455406188965,-2.0986275672912598
1779968384048122400,48.16812231445312,-1.4173600673675537,-1.2414308786392212,-1.327562928199768
1779968384064452600,48.18445263671875,-1.2615894079208374,0.4190535545349121,0.34177911281585693
1779968384080770000,48.20077001953125,-0.5867360830307007,1.9367482662200928,0.8721628785133362
1779968384097122000,48.2171220703125,0.33567044138908386,1.1059715747833252,1.1284208297729492
1779968384113446700,48.23344677734375,1.069166898727417,-0.6085745096206665,1.1310169696807861
1779968384129795000,48.24979516601562,1.6685783863067627,-1.0051788091659546,1.7760907411575317
1779968384146122000,48.2661220703125,1.9158260822296143,-1.1493430137634277,2.749962568283081
1779968384162461700,48.28246166992187,1.8183931112289429,-2.269211769104004,3.204599142074585
1779968384178762200,48.29876220703125,2.0050125122070312,-3.3684637546539307,3.612046241760254
1779968384195125000,48.315125,2.517986536026001,-3.8849501609802246,3.866624355316162
1779968384211453000,48.33145288085937,2.3889412879943848,-4.425718784332275,4.281096458435059
1779968384227785700,48.34778564453125,0.9682214260101318,-4.698164463043213,4.36936616897583
1779968384244122600,48.36412255859375,-2.5663976669311523,-2.6904032230377197,4.462981700897217
1779968384260448500,48.38044848632813,-3.0251574516296387,0.494189977645874,5.360189914703369
1779968384276769300,48.39676928710937,-0.9469938278198242,1.8461874723434448,4.779715061187744
1779968384293117400,48.41311743164062,0.22846360504627228,0.24602597951889038,3.7139079570770264
1779968384309442300,48.4294423828125,0.3376557528972626,-1.7452419996261597,3.073262929916382
1779968384325783000,48.445782958984374,0.8229882121086121,-1.9428569078445435,2.2203423976898193
1779968384342112800,48.46211279296875,0.855516791343689,-1.716989517211914,1.0213667154312134
1779968384358452000,48.478451904296875,0.7764097452163696,-2.1226038932800293,-0.1336267739534378
1779968384374765300,48.49476538085938,0.2866485118865967,-2.9347493648529053,-0.5213735103607178
1779968384391105800,48.511105712890625,-0.6299547553062439,-2.911536455154419,-0.49296826124191284
1779968384407434200,48.52743432617188,-0.9576839804649353,-1.8727601766586304,-1.843591332435608
1779968384423756000,48.543756103515626,-0.5516113042831421,-0.17577648162841797,-3.1671836376190186
1779968384440088600,48.56008862304687,-0.21288654208183289,2.616183042526245,-3.6334264278411865
1779968384456420000,48.57642016601562,0.11636982858181,5.593540191650391,-3.2565226554870605
1779968384472754700,48.59275463867188,0.3237585723400116,7.031211853027344,-1.3144292831420898
1779968384489085400,48.60908544921875,-0.4688390791416168,1.9075794219970703,5.605757713317871
1779968384505423600,48.62542358398437,0.3888157308101654,0.7596109509468079,3.2372803688049316
1779968384521750000,48.64175,1.9827158451080322,1.1001683473587036,-2.3134994506835938
1779968384538082600,48.65808251953125,1.7817412614822388,0.8477282524108887,-1.7426458597183228
1779968384554412300,48.67441235351563,0.4057672321796417,2.2684481143951416,-1.8813122510910034
1779968384570749200,48.69074926757813,-0.794277548789978,4.218635559082031,-2.063502788543701
1779968384587065900,48.70706591796875,-1.691791296005249,3.2878293991088867,-1.777923345565796
1779968384603414500,48.72341455078125,-2.088548183441162,0.688903272151947,-2.5812110900878906
1779968384619756300,48.73975634765625,-2.7881417274475098,0.22342395782470703,-3.841426134109497
1779968384636089000,48.75608911132812,-3.193298101425171,-0.34376442432403564,-3.0776917934417725
1779968384652395000,48.77239501953125,-1.7565430402755737,-4.503298759460449,-4.361577987670898
1779968384668753400,48.78875341796875,0.06185010448098183,-1.084591269493103,-7.069238185882568
1779968384685112000,48.805112060546875,0.9266825914382935,3.6755762100219727,-4.65922212600708
1779968384701415200,48.82141528320312,0.41722095012664795,2.2992968559265137,-3.416874647140503
1779968384717721600,48.8377216796875,0.2987131178379059,-0.4905247986316681,-2.568382978439331
1779968384734079500,48.85407958984375,-0.14049901068210602,0.9996809959411621,-2.1597139835357666
1779968384750396700,48.87039672851562,-0.8155050873756409,0.5648976564407349,-2.121687650680542
1779968384766743300,48.886743408203124,-1.2113457918167114,-0.7935139536857605,-1.0415252447128296
1779968384783075000,48.903074951171874,-1.1062769889831543,-0.08750644326210022,0.10567969083786011
1779968384799410000,48.91940991210937,-0.607200026512146,1.3808609247207642,0.8735373020172119
1779968384815739400,48.93573950195312,0.25595253705978394,1.610698938369751,1.3283264636993408
1779968384832092000,48.952091796875,0.9230173826217651,0.11484266817569733,1.2916746139526367
1779968384848402000,48.96840185546875,1.4253013134002686,-0.9387471675872803,1.4275920391082764
1779968384864718600,48.98471850585938,1.772578239440918,-0.9770789742469788,2.1569652557373047
1779968384881067800,49.00106787109375,1.766927719116211,-1.6672040224075317,2.9045114517211914
1779968384897383700,49.0173837890625,1.6256651878356934,-2.459496259689331,3.347236156463623
1779968384913718300,49.03371826171875,2.138028383255005,-3.4581081867218018,3.632357358932495
1779968384930050800,49.05005078125,2.5453226566314697,-4.176791191101074,3.643505811691284
1779968384946366700,49.06636669921875,1.5650367736816406,-5.614462375640869,3.997349500656128
1779968384962715100,49.08271508789063,-0.5545129179954529,-5.447696208953857,4.011704921722412
1779968384979051500,49.099051513671874,-2.945592164993286,-2.199420213699341,4.6634979248046875
1779968384995371500,49.11537158203125,-2.3353378772735596,1.8539760112762451,5.373934268951416
1779968385011710000,49.1317099609375,-0.6594290137290955,1.811979055404663,4.355774402618408
1779968385028032000,49.14803198242188,0.21013765037059784,-0.9219483733177185,3.2201762199401855
1779968385044373800,49.164373779296874,0.6893614530563354,-1.8913915157318115,2.855336904525757
1779968385060692000,49.18069189453125,1.2223412990570068,-1.4176654815673828,1.6380351781845093
1779968385077027000,49.19702709960937,0.8045095205307007,-1.2554807662963867,0.29245173931121826
1779968385093362400,49.21336254882812,0.565203070640564,-1.5447255373001099,-0.48838675022125244
1779968385109716700,49.229716796875,-0.026572637259960175,-1.7230981588363647,-0.9563095569610596
1779968385126044000,49.2460439453125,-0.9390525817871094,-1.5383113622665405,-1.1128437519073486
1779968385142370800,49.262370849609376,-1.320690631866455,-1.2012665271759033,-2.0619757175445557
1779968385158709200,49.27870922851562,-1.1488847732543945,0.19685132801532745,-2.983771324157715
1779968385175049000,49.29504907226563,-0.963792622089386,2.889698028564453,-3.2010865211486816
1779968385191376600,49.311376708984376,-0.06933320313692093,5.634010314941406,-2.699108123779297
1779968385207707100,49.32770703125,-0.1368338167667389,5.321857929229736,1.3351987600326538
1779968385224041700,49.34404174804688,0.1189660057425499,2.713005304336548,6.220746040344238
1779968385240368400,49.36036840820312,1.286940336227417,0.7895433306694031,-0.37659841775894165
1779968385256704500,49.37670458984375,1.47371244430542,0.0009162978967651725,-0.7286095023155212
1779968385273021700,49.39302172851563,0.532369077205658,1.2889256477355957,-0.8732318878173828
1779968385289352700,49.409352783203126,-0.9332493543624878,2.8269317150115967,-1.649488925933838
1779968385305692200,49.42569213867188,-2.5285239219665527,3.8681514263153076,-1.5974125862121582
1779968385322017300,49.442017333984374,-2.769510269165039,2.487290620803833,-2.7067439556121826
1779968385338336800,49.45833666992188,-2.766761302947998,1.4298827648162842,-4.603175163269043
1779968385354670600,49.47467065429687,-3.3295209407806396,0.5372560024261475,-4.234518051147461
1779968385371004700,49.491004638671875,-2.052507162094116,-3.550654172897339,-3.7846155166625977
1779968385387334100,49.507334228515624,-0.3055853247642517,-2.227367401123047,-7.94781494140625
1779968385403670300,49.52367016601563,1.054964303970337,2.8962647914886475,-5.19113302230835
1779968385419999200,49.539999267578125,0.7336491346359253,2.1618521213531494,-3.2753067016601562
1779968385436331500,49.55633154296875,0.29184088110923767,-0.16584990918636322,-2.875495433807373
1779968385452665600,49.57266552734375,-0.2739730477333069,0.9007207751274109,-2.6193902492523193
1779968385468994800,49.58899487304687,-1.3523029088974,0.05360342562198639,-2.0584630966186523
1779968385485334300,49.60533422851562,-1.3506230115890503,-0.8208501935005188,-1.4521794319152832
1779968385501660700,49.62166064453125,-1.0363328456878662,-1.1537717580795288,-0.6768386960029602
1779968385517991000,49.63799096679688,-0.8820894360542297,0.36880987882614136,0.7018841505050659
1779968385534323700,49.65432373046875,0.06398813426494598,1.2533427476882935,1.2012665271759033
1779968385550654000,49.67065405273438,1.0238101482391357,0.16371189057826996,1.3338242769241333
1779968385566988300,49.68698828125,1.5578590631484985,-1.0450377464294434,1.4840971231460571
1779968385583319600,49.70331958007812,1.8774943351745605,-1.1536190509796143,2.11588454246521
1779968385599651300,49.7196513671875,1.83824622631073,-1.536631464958191,2.6974282264709473
1779968385615983000,49.735983154296875,1.3700180053710938,-2.196671485900879,3.2369749546051025
1779968385632315600,49.75231567382812,1.65834641456604,-3.2562172412872314,3.9687914848327637
1779968385648648200,49.768648193359375,2.4240660667419434,-4.476573467254639,4.164421081542969
1779968385664980200,49.78498022460938,2.4963009357452393,-5.111720561981201,4.435950756072998
1779968385681313300,49.801313232421876,1.344056248664856,-4.563774108886719,4.312097549438477
1779968385697659400,49.817659423828125,-0.925308108329773,-3.029433488845825,4.387234210968018
1779968385713986600,49.83398657226562,-2.6177103519439697,-0.5791002511978149,5.2079315185546875
1779968385730320100,49.85032006835937,-1.4398094415664673,0.9796751141548157,4.759861946105957
1779968385746650400,49.866650390625,0.4401284158229828,-0.10949759185314178,3.6532795429229736
1779968385762968600,49.882968505859374,1.034500241279602,-0.6611089110374451,3.135571241378784
1779968385779303000,49.89930297851563,1.6177239418029785,-1.024726390838623,1.9550741910934448
1779968385795651600,49.91565161132812,1.3006848096847534,-1.2160799503326416,0.45036038756370544
1779968385811992800,49.931992919921875,0.8520042896270752,-1.8752036094665527,-0.3937026560306549
1779968385828326400,49.948326416015625,0.39843684434890747,-2.245082378387451,-0.7020368576049805
1779968385844641500,49.9646416015625,-0.5745187401771545,-2.2157609462738037,-0.7782423496246338
1779968385860989400,49.980989501953125,-1.3967434167861938,-1.797776460647583,-1.9411770105361938
1779968385877308700,49.99730859375,-1.424843192100525,-0.44974952936172485,-3.1586315631866455
1779968385893638000,50.013637939453126,-1.2916746139526367,2.216830015182495,-3.5663840770721436
1779968385909972200,50.02997216796875,-0.4101960062980652,5.195714473724365,-3.417332887649536
1779968385926304300,50.04630419921875,-0.005497787147760391,6.8128275871276855,-2.23897385597229
1779968385942635300,50.06263525390625,-0.44593164324760437,3.5834882259368896,3.2560644149780273
1779968385958957000,50.07895703125,0.5981897711753845,3.246901512145996,3.287982225418091
1779968385975298000,50.09529809570312,1.8568776845932007,0.31291571259498596,-0.99250328540802
1779968385991630000,50.11163012695312,1.348484992980957,1.0914634466171265,-0.6995934247970581
1779968386007966500,50.12796655273438,0.20845776796340942,3.5392005443573,-0.9778425693511963
1779968386024284000,50.14428393554687,-0.9465357065200806,2.598468065261841,-1.488220453262329
1779968386040616000,50.160615966796875,-2.0809123516082764,2.3327417373657227,-1.5361733436584473
1779968386056966000,50.1769658203125,-2.6731462478637695,1.1552989482879639,-2.98697829246521
1779968386073304300,50.19330419921875,-3.101210117340088,0.8772025108337402,-4.564232349395752
1779968386089641700,50.209641845703125,-3.3159291744232178,-0.5722280144691467,-3.1945197582244873
1779968386105967000,50.22596704101562,-2.01005220413208,-4.723668098449707,-3.701996088027954
1779968386122276900,50.24227685546875,-0.1281289905309677,-1.5908458232879639,-7.1950764656066895
1779968386138632000,50.2586318359375,1.041067123413086,2.473393440246582,-4.827057361602783
1779968386154968600,50.27496850585938,0.8680394887924194,1.7715091705322266,-3.1888692378997803
1779968386171297000,50.29129711914062,0.4297437071800232,0.746019184589386,-2.319302558898926
1779968386187630000,50.30763012695313,-0.5719226002693176,1.0926852226257324,-1.6200146675109863
1779968386203962000,50.32396215820312,-1.2927435636520386,-1.6549866199493408,-1.303586483001709
1779968386220295700,50.340295654296874,-1.0175487995147705,-1.1427761316299438,-0.6501133441925049
1779968386236622600,50.35662255859375,-0.9724974632263184,0.1316414624452591,0.3701843321323395
1779968386252954600,50.37295458984375,-0.4786129295825958,1.4074335098266602,1.1467467546463013
1779968386269291300,50.38929125976563,0.26771169900894165,0.8710938692092896,1.2116512060165405
1779968386285615000,50.405614990234376,0.783892810344696,-0.43768495321273804,1.1563678979873657
1779968386301960000,50.4219599609375,1.2209669351577759,-1.0288498401641846,1.5024230480194092
1779968386318294800,50.438294677734376,1.6131423711776733,-1.2705997228622437,2.1305453777313232
1779968386334618600,50.45461865234375,1.6058119535446167,-2.063350200653076,2.8266263008117676
1779968386350951400,50.47095141601562,1.6032158136367798,-3.2429308891296387,3.383582592010498
1779968386367282400,50.48728247070313,2.2353086471557617,-4.198324203491211,3.745978355407715
1779968386383595800,50.503595703125,2.8912250995635986,-4.422053337097168,3.558748245239258
1779968386399931600,50.519931640625,2.23591947555542,-5.263673305511475,3.921602249145508
1779968386416263000,50.536262939453124,-0.057879481464624405,-5.0232977867126465,3.8840339183807373
1779968386432596200,50.55259619140625,-3.369227170944214,-2.4013113975524902,4.46542501449585
1779968386448928500,50.568928466796876,-3.531870126724243,0.4447098970413208,5.215261936187744
1779968386465259300,50.58525927734375,-1.5693128108978271,1.737606167793274,4.6240973472595215
1779968386481590000,50.60159008789063,0.1417207419872284,-0.6007859706878662,3.358384370803833
1779968386497926100,50.617926025390624,0.44776421785354614,-1.3393220901489258,2.7310256958007812
1779968386514255400,50.63425537109375,0.8196284174919128,-1.0468703508377075,1.6013832092285156
1779968386530587600,50.650587646484375,0.5256495475769043,-1.2582297325134277,0.43615779280662537
1779968386546920700,50.666920654296874,0.6957755088806152,-1.7510452270507812,-0.5928447246551514
1779968386563263000,50.68326293945312,0.42989641427993774,-2.0832033157348633,-1.040150761604309
1779968386579597300,50.69959741210938,-0.22510384023189545,-1.4381295442581177,-1.185231328010559
1779968386595912700,50.71591259765625,-0.6843217611312866,-0.9414960741996765,-2.1068742275238037
1779968386612246800,50.732246826171874,-0.6759223937988281,-0.3205515444278717,-3.5249979496002197
1779968386628593400,50.748593505859375,-0.6010913848876953,1.384678840637207,-4.060879230499268
1779968386644909000,50.76490893554688,-0.13561208546161652,3.6948184967041016,-3.223994016647339
1779968386661259000,50.78125903320313,0.5690209865570068,5.379279136657715,-0.9717338681221008
1779968386677589000,50.79758911132812,-0.28588494658470154,2.917492389678955,4.911356449127197
1779968386693919700,50.813919677734376,0.2580905556678772,1.665065884590149,3.4519994258880615
1779968386710241000,50.83024096679687,1.8945986032485962,1.1391109228134155,-1.5234979391098022
1779968386726586000,50.846586181640625,1.5335772037506104,2.777298927307129,-2.0390682220458984
1779968386742931500,50.86293139648438,0.2269364446401596,2.535090684890747,-1.9477438926696777
1779968386759248600,50.87924853515625,-1.3280210494995117,2.7649288177490234,-2.013259172439575
1779968386775567000,50.89556713867187,-2.227978229522705,3.0828840732574463,-1.8849774599075317
1779968386791912200,50.911912109375,-2.30051851272583,1.259145975112915,-2.8515188694000244
1779968386808231200,50.928231201171876,-2.434298038482666,0.5006040930747986,-3.9400808811187744
1779968386824590300,50.94459033203125,-1.871691107749939,-2.499049663543701,-2.2492058277130127
1779968386840918800,50.96091870117188,-0.07238753139972687,-3.3539557456970215,-6.012288570404053
1779968386857237200,50.9772373046875,1.441794753074646,0.41172316670417786,-8.666955947875977
1779968386873548500,50.99354858398438,0.9943358898162842,4.563621520996094,-4.50803279876709
1779968386889887200,51.00988720703125,0.6606507897377014,2.1111502647399902,-2.4358251094818115
1779968386906225400,51.026225341796874,0.3335324227809906,0.8344419002532959,-2.1597139835357666
1779968386922558000,51.04255786132813,-0.5807801485061646,0.7817547917366028,-1.9419406652450562
1779968386938888200,51.05888818359375,-1.2063060998916626,-0.16172657907009125,-1.570534586906433
1779968386955220000,51.075219970703124,-1.0664180517196655,-0.1693623960018158,-1.020603060722351
1779968386971552000,51.091552001953126,-1.2166908979415894,0.537408709526062,-0.11774427443742752
1779968386987879400,51.10787939453125,-0.5720753073692322,1.5940529108047485,0.5615378618240356
1779968387004216800,51.124216796875,0.42791110277175903,0.8055785298347473,0.7819074988365173
1779968387020551200,51.14055126953125,1.1423180103302002,-0.8249735236167908,0.9014843702316284
1779968387036878600,51.15687866210938,1.592678427696228,-1.1633929014205933,1.5066990852355957
1779968387053227000,51.17322705078125,1.6478090286254883,-1.0042624473571777,2.390010356903076
1779968387069553200,51.18955322265625,1.4575244188308716,-1.7847955226898193,3.059976816177368
1779968387085890800,51.205890869140624,1.761582612991333,-3.5831828117370605,3.59295654296875
1779968387102221300,51.22222119140625,2.0138700008392334,-4.995045185089111,3.8143951892852783
1779968387118549200,51.23854931640625,1.6329954862594604,-5.369047164916992,4.1025710105896
1779968387134881800,51.2548818359375,0.4199698567390442,-4.9736647605896,4.443739414215088
1779968387151219000,51.271218994140625,-1.71989107131958,-3.740786075592041,4.797888278961182
1779968387167548700,51.287548583984375,-3.0886874198913574,-1.284038782119751,5.432882785797119
1779968387183879400,51.30387939453125,-2.141846179962158,0.9126327037811279,4.860960006713867
1779968387200211200,51.32021118164062,0.1414152979850769,1.136056661605835,3.8516581058502197
1779968387216539100,51.3365390625,0.840397834777832,-0.22937989234924316,3.478113889694214
1779968387232882400,51.35288232421875,1.3153456449508667,-1.2750284671783447,2.955976963043213
1779968387249192000,51.36919189453125,0.9657779335975647,-1.956906795501709,1.7397441864013672
1779968387265543200,51.385543212890624,0.5510004758834839,-2.721404552459717,0.5242751240730286
1779968387281854700,51.401854736328126,0.26679539680480957,-2.9608638286590576,-0.19043724238872528
1779968387298190600,51.41819067382813,-0.5650503635406494,-2.688112497329712,-0.44318273663520813
1779968387314523000,51.43452294921875,-1.0761919021606445,-1.9744691848754883,-1.6172657012939453
1779968387330855700,51.45085571289062,-0.7843509912490845,-0.24953845143318176,-3.2317826747894287
1779968387347185400,51.46718530273437,-0.36789360642433167,3.068528890609741,-3.723529100418091
1779968387363519700,51.483519775390626,0.3199406862258911,5.772218227386475,-3.522401809692383
1779968387379851500,51.4998515625,0.641255795955658,6.281221866607666,-2.037693738937378
1779968387396163000,51.5161630859375,0.029016099870204926,3.7807977199554443,4.362341403961182
1779968387412515300,51.53251538085937,-0.10965031385421753,1.9104810953140259,2.742021322250366
1779968387428847900,51.548847900390626,1.609477162361145,-0.5598580241203308,-1.9411770105361938
1779968387445177900,51.565177734375,0.970054030418396,1.4077389240264893,-1.2947288751602173
1779968387461510000,51.58151000976562,-0.2548835277557373,3.8362338542938232,-1.7026340961456299
1779968387477843200,51.59784326171875,-1.3852896690368652,3.8223366737365723,-2.297158718109131
1779968387494172700,51.61417260742188,-2.3101396560668945,2.7427849769592285,-2.5891523361206055
1779968387510508000,51.63050805664062,-2.2678372859954834,1.632842779159546,-3.8847975730895996
1779968387526839800,51.64683984375,-3.129157304763794,1.8807014226913452,-4.804455280303955
1779968387543156000,51.66315600585938,-3.637091636657715,0.06536258012056351,-3.3296737670898438
1779968387559499300,51.67949926757812,-1.9353737831115723,-4.468326568603516,-4.013689994812012
1779968387575851500,51.6958515625,0.35384368896484375,-0.9815077185630798,-7.444461822509766
1779968387592179500,51.712179443359375,1.3086260557174683,3.212692975997925,-4.288273811340332
1779968387608483800,51.72848388671875,0.8425359129905701,1.7458528280258179,-2.5525004863739014
1779968387624828700,51.74482861328125,0.5792529582977295,0.5256495475769043,-2.349998712539673
1779968387641174500,51.76117456054688,-0.2243402600288391,1.8383989334106445,-2.1335995197296143
1779968387657509600,51.777509521484376,-1.1971431970596313,-1.0992519855499268,-1.8000671863555908
1779968387673838300,51.79383837890625,-1.2157745361328125,-0.7338019013404846,-0.6530149579048157
1779968387690177000,51.81017700195312,-1.2646437883377075,1.1444560289382935,0.4323398768901825
1779968387706487600,51.826487548828126,-0.6139195561408997,2.3012821674346924,1.0810787677764893
1779968387722835200,51.842835205078124,0.3139847218990326,1.3889548778533936,1.2044734954833984
1779968387739143000,51.859142822265625,0.9541715383529663,-0.32391130924224854,1.0039570331573486
1779968387755484000,51.87548388671875,1.5751160383224487,-0.8487972617149353,1.5233452320098877
1779968387771816700,51.89181665039062,1.9000962972640991,-1.0086911916732788,2.43949031829834
1779968387788165000,51.9081650390625,1.8767307996749878,-2.035708427429199,3.157257080078125
1779968387804493000,51.9244931640625,2.2128593921661377,-3.336240530014038,3.5382843017578125
1779968387820814600,51.94081469726562,2.942232370376587,-4.325842380523682,3.5740199089050293
1779968387837147600,51.95714770507813,2.93154239654541,-5.157688140869141,3.4410040378570557
1779968387853490200,51.973490234375,1.3713924884796143,-5.649281978607178,4.017813205718994
1779968387869840600,51.98984057617187,-1.3240504264831543,-3.9771909713745117,4.718934059143066
1779968387886144800,52.006144775390624,-2.6108381748199463,-1.711338996887207,5.518404006958008
1779968387902472700,52.02247265625,-2.0480785369873047,0.8171849846839905,5.67539644241333
1779968387918805800,52.0388056640625,-0.503047525882721,0.6021603941917419,4.2670464515686035
1779968387935126800,52.055126708984375,0.7115052938461304,-1.400255799293518,2.9607112407684326
1779968387951470300,52.07147021484375,1.520138144493103,-1.9112446308135986,2.339613914489746
1779968387967802000,52.08780200195312,1.4104878902435303,-1.7744108438491821,1.4144585132598877
1779968387984135200,52.10413525390625,0.9305005073547363,-2.084730386734009,0.35445454716682434
1779968388000462800,52.120462890625,0.6458373069763184,-2.5702154636383057,-0.4584543704986572
1779968388016801300,52.13680126953125,-0.24342979490756989,-2.4616341590881348,-0.9721920490264893
1779968388033143600,52.1531435546875,-1.147204875946045,-1.463938593864441,-2.680171251296997
1779968388049474600,52.169474609375,-1.29549241065979,-0.014813481830060482,-3.7641515731811523
1779968388065805600,52.1858056640625,-1.1962268352508545,3.1114420890808105,-3.7077994346618652
1779968388082137300,52.20213745117187,-0.35353827476501465,5.673258304595947,-3.529121160507202
1779968388098458600,52.218458740234375,0.12263119965791702,6.510754585266113,-2.53722882270813
1779968388114802400,52.23480249023437,-0.6918048858642578,2.244166135787964,4.275140285491943
1779968388131119000,52.251119140625,0.3602577745914459,0.8958339095115662,4.543615818023682
1779968388147470800,52.26747094726562,1.253495454788208,1.7617353200912476,-0.584750771522522
1779968388163799300,52.28379931640625,1.7020232677459717,2.884352922439575,-1.5738942623138428
1779968388180130600,52.30013061523437,0.3139847218990326,2.796846628189087,-2.6652050018310547
1779968388196463900,52.3164638671875,-0.6814202070236206,3.7554469108581543,-3.0246992111206055
1779968388212796400,52.33279638671875,-2.0754146575927734,3.84386944770813,-1.8985692262649536
1779968388229129200,52.349129150390624,-2.7462973594665527,1.5700763463974,-1.6604844331741333
1779968388245458000,52.3654580078125,-2.9739973545074463,0.15592335164546967,-2.735607385635376
1779968388261774800,52.38177490234375,-3.081357002258301,-1.0323622226715088,-3.185662269592285
1779968388278124500,52.39812451171875,-1.6826282739639282,-4.763374328613281,-2.3680191040039062
1779968388294455600,52.41445556640625,-0.14737124741077423,-3.6199874877929688,-6.7740373611450195
1779968388310786600,52.43078662109375,0.7399105429649353,3.3899967670440674,-5.942955017089844
1779968388327120100,52.4471201171875,0.6661485433578491,4.231158256530762,-3.151911973953247
1779968388343435500,52.463435546875,0.5635231733322144,0.11957687139511108,-2.1484131813049316
1779968388359765500,52.479765625,-0.18814650177955627,0.7350236177444458,-1.8023579120635986
1779968388376102400,52.496102294921876,-1.2458596229553223,0.4738787114620209,-1.621694564819336
1779968388392433400,52.512433349609374,-1.1804970502853394,0.28817567229270935,-0.9410378932952881
1779968388408765200,52.52876513671875,-0.9486737251281738,0.1385136991739273,-0.2695443034172058
1779968388425097200,52.54509716796875,-0.8242099285125732,1.3074043989181519,0.461355984210968
1779968388441425700,52.56142578125,-0.04749477282166481,1.4552336931228638,0.8500189781188965
1779968388457750300,52.577750244140624,0.7759515643119812,0.0933096632361412,0.970054030418396
1779968388474083300,52.59408325195312,1.4445436000823975,-0.8969029188156128,1.22279953956604
1779968388490424800,52.6104248046875,1.86497163772583,-0.915534257888794,1.746311068534851
1779968388506755000,52.62675512695313,1.9523253440856934,-1.1207849979400635,2.30525279045105
1779968388523092000,52.64309204101563,1.9023871421813965,-2.048841953277588,2.811507225036621
1779968388539434200,52.659434326171876,2.2204952239990234,-3.4707837104797363,3.4318408966064453
1779968388555745800,52.67574584960938,2.537534236907959,-4.547586441040039,3.6496143341064453
1779968388572083500,52.69208349609375,2.2565362453460693,-5.688682556152344,3.6412150859832764
1779968388588414500,52.70841455078125,0.993725061416626,-4.8869218826293945,3.5124752521514893
1779968388604747000,52.7247470703125,-0.8784242272377014,-3.310584306716919,4.355010986328125
1779968388621066200,52.74106616210938,-2.1502456665039062,-1.3368785381317139,5.242903709411621
1779968388637400300,52.757400390625,-1.3388638496398926,-0.3474296033382416,4.504825592041016
1779968388653747700,52.77374780273438,0.3269656300544739,-1.686140775680542,3.1451923847198486
1779968388670076700,52.79007666015625,0.5265658497810364,-1.4772248268127441,3.0578386783599854
1779968388686407000,52.806406982421876,0.7970264554023743,-1.356731653213501,2.400853157043457
1779968388702729200,52.822729248046876,0.8976664543151855,-1.620778203010559,1.0739010572433472
1779968388719075800,52.83907592773438,0.5601634383201599,-1.7368426322937012,0.07925976812839508
1779968388735412000,52.85541186523437,0.5484042763710022,-1.4984524250030518,-0.5445863604545593
1779968388751745800,52.871745849609376,-0.033139441162347794,-1.2683089971542358,-0.8866708874702454
1779968388768066300,52.88806640625,-0.9590584635734558,-1.1114692687988281,-1.0896308422088623
1779968388784413200,52.9044130859375,-1.297019600868225,-1.3660473823547363,-2.202322006225586
1779968388800742000,52.920741943359374,-1.1163562536239624,-0.3930917978286743,-3.109456777572632
1779968388817078800,52.937078857421874,-0.8089383244514465,1.5981762409210205,-3.1723759174346924
1779968388833394400,52.95339453125,-0.2561052441596985,3.9043452739715576,-2.5393667221069336
1779968388849709300,52.969709228515626,-0.011453723534941673,5.110804080963135,-0.4153883755207062
1779968388866047700,52.9860478515625,-0.22800545394420624,1.7148514986038208,5.952881813049316
1779968388882380000,53.00238012695313,0.45433104038238525,1.4350751638412476,2.23591947555542
1779968388898712800,53.018712890625,2.012037515640259,0.7275404930114746,-1.4460707902908325
1779968388915044600,53.035044677734376,1.6015359163284302,1.3300063610076904,-1.766927719116211
1779968388931380700,53.05138061523437,-0.10399980843067169,2.682003974914551,-2.60488224029541
1779968388947707600,53.067707763671876,-1.4291192293167114,3.7478110790252686,-2.175291061401367
1779968388964040400,53.08404052734375,-2.191326379776001,2.42055344581604,-1.8274034261703491
1779968388980371200,53.10037109375,-2.3134994506835938,0.8245153427124023,-2.3855814933776855
1779968388996704500,53.11670458984375,-2.732553005218506,0.28695395588874817,-3.374725103378296
1779968389013035300,53.13303515625,-2.099085807800293,-2.81654691696167,-3.0164525508880615
1779968389029368800,53.149368896484376,-0.3663664162158966,-5.003902435302734,-7.417125701904297
1779968389045703400,53.16570336914062,1.1563678979873657,1.1166616678237915,-6.8467302322387695
1779968389062028500,53.18202856445313,0.6449210047721863,3.8925859928131104,-3.2139148712158203
1779968389078363600,53.19836376953125,0.3507893681526184,1.0923798084259033,-2.409558057785034
1779968389094696000,53.21469604492187,0.07651086896657944,0.3269656300544739,-2.1365013122558594
1779968389111027000,53.23102685546875,-0.6340781450271606,1.5741997957229614,-1.9590448141098022
1779968389127359700,53.24735986328125,-1.4161384105682373,0.5839871764183044,-1.381929874420166
1779968389143691000,53.26369091796875,-1.0436632633209229,-0.16600263118743896,-1.0471757650375366
1779968389160026000,53.28002612304687,-0.8753699064254761,0.04214970022439957,-0.0734565481543541
1779968389176367600,53.29636767578125,-0.2880229651927948,1.4779884815216064,0.7704538106918335
1779968389192686600,53.3126865234375,0.561079740524292,1.1504119634628296,1.0265589952468872
1779968389209027000,53.32902709960938,1.285413146018982,-0.2993239760398865,1.0033462047576904
1779968389225367000,53.34536694335937,1.7901406288146973,-1.0184650421142578,1.2400563955307007
1779968389241694000,53.36169384765625,1.9602665901184082,-0.9314168095588684,1.9320141077041626
1779968389258030800,53.37803076171875,1.3599387407302856,-1.4471397399902344,2.6280949115753174
1779968389274370600,53.39437060546875,1.0456485748291016,-2.434298038482666,3.109915018081665
1779968389290706000,53.41070581054687,1.821752905845642,-3.8340957164764404,3.7091736793518066
1779968389307004200,53.42700415039062,2.4938573837280273,-4.5877509117126465,4.189924716949463
1779968389323370800,53.44337084960937,2.1896464824676514,-5.267338275909424,4.235128879547119
1779968389339690800,53.45969067382813,0.5958990454673767,-4.334699630737305,4.466952323913574
1779968389356031000,53.476031005859376,-1.7212655544281006,-1.2270755767822266,5.222287178039551
1779968389372351500,53.4923515625,-1.6496416330337524,0.556345522403717,5.559331893920898
1779968389388682000,53.50868188476562,-0.3326161205768585,-0.03405573591589928,4.467104911804199
1779968389404998700,53.52499853515625,0.28420504927635193,-1.5467108488082886,3.561802625656128
1779968389421347800,53.541347900390626,0.7298312783241272,-1.4552336931228638,3.000722885131836
1779968389437678800,53.557678955078124,1.2997685670852661,-1.7884607315063477,1.8452712297439575
1779968389454009900,53.574009765625,0.8675813674926758,-2.4970643520355225,0.7440338730812073
1779968389470330000,53.590330078125,0.6988298296928406,-3.4993414878845215,-0.11804971098899841
1779968389486675200,53.60667529296875,0.2739730477333069,-3.3600642681121826,-0.8200865983963013
1779968389503011300,53.62301123046875,-0.5725334286689758,-2.227367401123047,-1.489442229270935
1779968389519357400,53.639357421875,-0.9188940525054932,-1.1470521688461304,-2.9834659099578857
1779968389535682800,53.655682861328124,-0.9297369122505188,0.7493789196014404,-3.77728533744812
1779968389552016000,53.67201586914062,-0.8319984674453735,3.4260377883911133,-3.7589592933654785
1779968389568331300,53.688331298828125,-0.2692388594150543,5.340641975402832,-3.265532970428467
1779968389584690400,53.7046904296875,0.17791450023651123,6.194631576538086,-1.0726794004440308
1779968389601007600,53.721007568359376,-0.6374378800392151,2.6224443912506104,4.272238731384277
1779968389617347800,53.737347900390624,-0.06200282275676727,2.389704942703247,2.735607385635376
1779968389633665300,53.75366528320313,1.2137892246246338,2.8565585613250732,-1.350012183189392
1779968389649992000,53.76999194335937,1.2243266105651855,2.269364356994629,-1.7270687818527222
1779968389666358500,53.78635864257812,0.14004085958003998,2.1923954486846924,-1.8923077583312988
1779968389682673400,53.80267333984375,-0.8313875794410706,3.143359899520874,-1.6386460065841675
1779968389699000000,53.819,-1.4857770204544067,2.017993450164795,-1.8945986032485962
1779968389715338000,53.835337890625,-1.553277611732483,0.4954117238521576,-3.1004464626312256
1779968389731667200,53.851667236328126,-2.5578455924987793,1.2438743114471436,-4.131434440612793
1779968389747984000,53.86798388671875,-3.6170859336853027,1.8860464096069336,-3.595400094985962
1779968389764338700,53.88433862304687,-2.2876904010772705,-1.944231390953064,-3.4545955657958984
1779968389780663600,53.90066357421875,-0.49235737323760986,-1.1551461219787598,-6.349638938903809
1779968389796995300,53.91699536132813,0.5511531829833984,2.127185583114624,-4.553389549255371
1779968389813331200,53.93333129882812,0.5183191895484924,1.4086552858352661,-3.4886515140533447
1779968389829643500,53.9496435546875,0.08765916526317596,0.2194533348083496,-2.6555838584899902
1779968389846002000,53.966001953125,-0.06994406878948212,1.8646661043167114,-2.0482311248779297
1779968389862294500,53.98229443359375,-0.9263771176338196,0.8538368940353394,-1.7389806509017944
1779968389878642700,53.998642578125,-1.3187053203582764,-1.3868168592453003,-1.4729487895965576
1779968389894973700,54.0149736328125,-1.087492823600769,-0.5222898125648499,-0.4415028691291809
1779968389911306200,54.03130615234375,-0.8823948502540588,0.6647741198539734,0.5010622143745422
1779968389927637500,54.04763745117187,-0.08857546001672745,1.4381295442581177,1.0407617092132568
1779968389943976000,54.06397583007813,0.7513642311096191,0.39584067463874817,1.125366449356079
1779968389960302300,54.08030224609375,1.265865445137024,-0.9535606503486633,1.1652255058288574
1779968389976631600,54.09663159179688,1.6362025737762451,-1.2457069158554077,1.7818939685821533
1779968389992980200,54.11298022460937,1.7284432649612427,-1.4136948585510254,2.607020139694214
1779968390009312300,54.129312255859375,1.6333009004592896,-2.467437505722046,3.237738609313965
1779968390025639700,54.1456396484375,1.9465221166610718,-3.8392879962921143,3.900221824645996
1779968390041977000,54.16197705078125,2.5781567096710205,-4.8814239501953125,4.196644306182861
1779968390058307000,54.17830712890625,2.61603045463562,-5.581323146820068,3.9539780616760254
1779968390074640400,54.194640380859376,1.2429580688476562,-5.8523945808410645,3.7980546951293945
1779968390090957800,54.21095776367188,-1.6519323587417603,-3.981008768081665,4.703051567077637
1779968390107298000,54.22729809570313,-3.1952834129333496,-0.769690215587616,5.874691009521484
1779968390123635200,54.24363525390625,-2.2962424755096436,1.4711161851882935,5.497329235076904
1779968390139970000,54.259969970703125,-0.04703662544488907,-0.35750889778137207,3.9736783504486084
1779968390156281600,54.276281494140626,0.8217664957046509,-1.1065824031829834,3.4910948276519775
1779968390172629000,54.29262890625,1.4900530576705933,-1.1264355182647705,2.333352565765381
1779968390188946700,54.30894677734375,1.2681562900543213,-1.5445728302001953,0.7971791625022888
1779968390205279000,54.32527905273437,0.8523097038269043,-2.0146336555480957,-0.09728029370307922
1779968390221626600,54.34162670898438,0.5890268087387085,-2.0760254859924316,-0.6348416805267334
1779968390237957000,54.35795703125,-0.2788599729537964,-1.689195156097412,-0.9198103547096252
1779968390254298000,54.374298095703125,-1.1119275093078613,-1.4732542037963867,-1.9197967052459717
1779968390270621200,54.39062109375,-1.1352930068969727,-0.8109236359596252,-3.405879259109497
1779968390286951400,54.40695141601562,-1.0363328456878662,1.9882136583328247,-3.7415497303009033
1779968390303314000,54.42331396484375,-0.3390302062034607,4.747644901275635,-3.707188367843628
1779968390319619600,54.43961962890625,0.5520694851875305,7.226994037628174,-2.9993484020233154
1779968390335951000,54.455951171875,-0.04306599870324135,5.511378765106201,2.2198843955993652
1779968390352263200,54.47226318359375,0.43188172578811646,2.515542984008789,3.732539415359497
1779968390368600600,54.4886005859375,0.5755877494812012,1.8903224468231201,-0.6893614530563354
1779968390384920000,54.50492016601562,0.9518807530403137,5.112789154052734,-1.2927435636520386
1779968390401264400,54.52126440429687,0.45036038756370544,3.4970507621765137,-2.0644190311431885
1779968390417596000,54.53759594726562,-0.7548767328262329,-0.593302845954895,-5.089423656463623
1779968390433916400,54.55391650390625,-1.104138970375061,4.434118270874023,-3.4125986099243164
1779968390450259700,54.570259765625,-1.8400788307189941,4.133266925811768,-1.419803500175476
1779968390466592500,54.58659252929687,-2.933680295944214,1.0587822198867798,-2.2959370613098145
1779968390482938400,54.6029384765625,-2.8518242835998535,-0.5508477091789246,-3.232546091079712
1779968390499235000,54.61923510742187,-2.0703749656677246,-4.0074286460876465,-1.8880317211151123
1779968390515601700,54.6356015625,-1.0051788091659546,-5.005887985229492,-3.3234124183654785
1779968390531913200,54.65191333007812,-0.004581489134579897,0.08002334833145142,-6.3717827796936035
1779968390548267800,54.668267822265626,0.8000807762145996,2.498897075653076,-4.749171733856201
1779968390564582100,54.68458203125,0.7455610036849976,1.605048418045044,-2.7621798515319824
1779968390580913400,54.70091333007812,0.4763221740722656,1.463938593864441,-1.772883653640747
1779968390597255700,54.71725561523437,-1.0613783597946167,1.0077749490737915,-1.297935962677002
1779968390613599500,54.733599609375,-1.549154281616211,-0.4260784983634949,-1.1659890413284302
1779968390629923800,54.749923828125,-1.143081545829773,0.17577648162841797,-0.43615779280662537
1779968390646251500,54.76625146484375,-1.1436924934387207,1.5236506462097168,0.44593164324760437
1779968390662577000,54.782576904296874,-0.4225660264492035,2.001041889190674,0.8859072923660278
1779968390678904600,54.798904541015624,0.4053090810775757,1.0196868181228638,0.8856018781661987
1779968390695253200,54.815253173828125,1.1330022811889648,-0.059406645596027374,1.0261008739471436
1779968390711579400,54.831579345703126,1.6446019411087036,-0.4870123267173767,1.545336365699768
1779968390727917300,54.84791723632812,1.8316794633865356,-0.7939720749855042,2.3015875816345215
1779968390744252200,54.86425219726563,1.9810359477996826,-2.0761783123016357,3.0306551456451416
1779968390760576000,54.88057592773438,2.5841126441955566,-3.8166861534118652,3.5495851039886475
1779968390776898800,54.89689892578125,3.1341967582702637,-5.032765865325928,2.9306259155273438
1779968390793245200,54.9132451171875,2.778062343597412,-5.348888874053955,2.6955955028533936
1779968390809562600,54.929562744140625,1.0760390758514404,-4.300796985626221,3.866776943206787
1779968390825909500,54.94590942382813,-1.0546588897705078,-3.3603696823120117,4.421748161315918
1779968390842221800,54.962221923828125,-2.1481075286865234,-2.0176877975463867,5.182122707366943
1779968390858561800,54.97856176757813,-2.1562016010284424,0.4694499373435974,5.4620513916015625
1779968390874891000,54.99489111328125,-1.0858129262924194,-0.013897184282541275,4.243986129760742
1779968390891226400,55.01122631835938,0.07009678333997726,-1.3200798034667969,3.050813674926758
1779968390907554300,55.02755419921875,0.5398521423339844,-1.240820050239563,2.683072805404663
1779968390923885800,55.0438857421875,0.816726803779602,-0.8706356883049011,1.8241963386535645
1779968390940219000,55.06021899414063,0.4749477207660675,-1.104138970375061,0.8336783647537231
1779968390956551000,55.07655102539063,0.4294382631778717,-1.7356208562850952,-0.06643159687519073
1779968390972899000,55.09289916992188,-0.12690725922584534,-2.194380760192871,-0.5673410892486572
1779968390989226800,55.10922680664063,-0.9578366875648499,-1.7275269031524658,-0.9673051238059998
1779968391005552000,55.12555224609375,-1.2701416015625,-1.2049317359924316,-2.3162481784820557
1779968391021897500,55.1418974609375,-0.8787296414375305,0.1768454909324646,-3.1196887493133545
1779968391038218500,55.158218505859374,-0.39354994893074036,2.5465445518493652,-3.14626145362854
1779968391054556200,55.17455615234375,0.05314527451992035,4.71771240234375,-2.7879889011383057
1779968391070890800,55.190890869140624,0.4219551682472229,5.616294860839844,-0.7391469478607178
1779968391087219000,55.207218994140625,0.0981965884566307,2.451555013656616,4.686863422393799
1779968391103551200,55.22355126953125,0.5601634383201599,1.6255123615264893,0.817337691783905
1779968391119861800,55.23986181640625,1.4555391073226929,0.8628471493721008,-2.2374467849731445
1779968391136214500,55.25621459960937,1.0169379711151123,1.5610661506652832,-1.9146044254302979
1779968391152546800,55.272546875,-0.011759156361222267,2.7206411361694336,-1.7519614696502686
1779968391168862500,55.28886254882813,-1.2202032804489136,3.39717435836792,-1.4468343257904053
1779968391185184800,55.30518481445313,-2.1319196224212646,2.4185681343078613,-1.1047497987747192
1779968391201545500,55.32154541015625,-2.2154555320739746,0.5580254197120667,-2.02425479888916
1779968391217876000,55.3378759765625,-2.8076894283294678,0.6047565937042236,-3.3851096630096436
1779968391234207500,55.35420751953125,-2.953227996826172,-0.16539175808429718,-2.5495989322662354
1779968391250535400,55.37053540039062,-1.2021827697753906,-3.2424726486206055,-3.529121160507202
1779968391266870500,55.38687060546875,0.1745547503232956,-2.3400721549987793,-8.932376861572266
1779968391283204600,55.40320458984375,0.6252205967903137,4.022395133972168,-6.009997844696045
1779968391299516000,55.419515869140625,0.31031954288482666,4.2195515632629395,-2.2014055252075195
1779968391315865600,55.43586547851562,0.37369680404663086,0.6539312601089478,-1.8177822828292847
1779968391332194300,55.4521943359375,-0.17577648162841797,1.6161967515945435,-1.6612480878829956
1779968391348517600,55.468517578125,-0.944855809211731,0.06490442901849747,-1.7354681491851807
1779968391364835300,55.48483544921875,-1.020297646522522,-1.0554224252700806,-1.0418306589126587
1779968391381179600,55.5011796875,-0.7670940160751343,-0.11392636597156525,-0.16111570596694946
1779968391397512700,55.5175126953125,-0.30802878737449646,1.181107997894287,0.6641632318496704
1779968391413822500,55.53382250976563,0.5102251768112183,0.9048441648483276,0.9312640428543091
1779968391430177000,55.550177001953124,1.140179991722107,-0.4870123267173767,0.9808968901634216
1779968391446507800,55.5665078125,1.4188872575759888,-1.5210545063018799,1.2441798448562622
1779968391462865700,55.58286572265625,1.5726726055145264,-1.7802140712738037,1.9520199298858643
1779968391479174400,55.59917431640625,1.739133358001709,-2.6723828315734863,2.629622220993042
1779968391495518700,55.61551879882813,2.0749564170837402,-3.952298164367676,3.3266193866729736
1779968391511844000,55.631843994140624,2.59098482131958,-4.9338059425354,3.9211440086364746
1779968391528171800,55.648171875,2.8846583366394043,-4.8895182609558105,3.515071392059326
1779968391544495000,55.6644951171875,2.1109976768493652,-5.417458534240723,3.0133981704711914
1779968391560842200,55.68084228515625,-2.096794843673706,-3.730095863342285,3.9657371044158936
1779968391577166600,55.69716650390625,-3.6169331073760986,-1.605353832244873,5.263520240783691
1779968391593508600,55.71350854492187,-2.6316075325012207,0.4193589985370636,5.556430339813232
1779968391609836500,55.72983642578125,-0.7260133624076843,0.9699012637138367,4.548349857330322
1779968391626160400,55.74616040039062,-0.0009162978967651725,-0.7234171628952026,2.964376211166382
1779968391642475500,55.7624755859375,0.8804095387458801,-0.8194757103919983,1.8564194440841675
1779968391658838000,55.77883813476563,1.30496084690094,-0.41141775250434875,0.8857545852661133
1779968391675153000,55.79515283203125,0.7524332404136658,-1.1394164562225342,0.1586722433567047
1779968391691498500,55.81149853515625,0.731511116027832,-2.16628098487854,-0.29168814420700073
1779968391707838200,55.82783813476563,0.11988230794668198,-2.5138630867004395,-0.4662429094314575
1779968391724164900,55.84416479492187,-0.7826710939407349,-2.080301523208618,-1.1302534341812134
1779968391740496000,55.86049584960937,-1.275639295578003,-1.1661417484283447,-2.400853157043457
1779968391756820700,55.87682080078125,-1.3037391901016235,0.5974262356758118,-3.2287282943725586
1779968391773160000,55.893159912109375,-0.8139779567718506,3.274390459060669,-3.263547658920288
1779968391789491000,55.909490966796874,-0.11881329119205475,5.206099033355713,-2.5725061893463135
1779968391813997000,55.9339970703125,-0.5364924073219299,3.4377968311309814,3.8064539432525635
1779968391830301000,55.95030102539062,-0.12782354652881622,3.0358476638793945,4.3003387451171875
1779968391846643700,55.96664379882812,1.0497719049453735,3.372586965560913,-1.6919440031051636
1779968391862973000,55.98297290039063,2.247220516204834,3.012634754180908,-3.3794591426849365
1779968391879302700,55.999302734375,0.5424483418464661,1.9701931476593018,-2.7679831981658936
1779968391895635200,56.01563525390625,-0.7909177541732788,2.618779420852661,-2.216371774673462
1779968391911966200,56.03196630859375,-2.2487475872039795,2.6737570762634277,-1.2574660778045654
1779968391928282600,56.04828271484375,-2.710103750228882,0.9619600176811218,-1.5693128108978271
1779968391944629500,56.06462939453125,-2.6529877185821533,0.16768251359462738,-3.403435707092285
1779968391960968000,56.08096801757812,-2.8716773986816406,0.44852781295776367,-3.9958221912384033
1779968391977294000,56.09729418945312,-1.7844901084899902,-1.8846720457077026,-3.7117700576782227
1779968391993618200,56.1136181640625,-0.1186605766415596,0.4005748927593231,-5.4588446617126465
1779968392009972000,56.12997192382812,1.0856602191925049,2.694221258163452,-4.55842924118042
1779968392026305500,56.14630541992187,1.0308351516723633,1.8257235288619995,-3.444974660873413
1779968392042637000,56.16263696289062,0.3501785099506378,0.2664899528026581,-2.4446825981140137
1779968392058966800,56.178966796875,0.027030786499381065,1.9327776432037354,-1.7537940740585327
1779968392075284000,56.195283935546875,-0.7828238010406494,1.4291192293167114,-1.5909985303878784
1779968392091630300,56.21163037109375,-1.211498498916626,-1.1310169696807861,-1.1756101846694946
1779968392107946200,56.2279462890625,-1.010829210281372,0.19517144560813904,0.33658674359321594
1779968392124271900,56.24427197265625,-0.6716463565826416,1.5039502382278442,0.9185886383056641
1779968392140604700,56.260604736328126,0.1595885455608368,1.6701055765151978,1.287245750427246
1779968392156935000,56.27693481445313,0.8949176073074341,0.721737265586853,1.4995214939117432
1779968392173267500,56.293267333984375,1.3193162679672241,0.009010262787342072,1.8863518238067627
1779968392189612500,56.30961254882813,1.6378824710845947,-0.5383250117301941,2.3490822315216064
1779968392205942000,56.32594189453125,1.8052594661712646,-1.7087428569793701,2.6755897998809814
1779968392222276000,56.34227612304687,1.9216293096542358,-3.1140382289886475,3.517514705657959
1779968392238607600,56.35860766601562,2.1843013763427734,-3.6775615215301514,4.819879531860352
1779968392254939100,56.37493920898437,2.719572067260742,-3.0579915046691895,5.530926704406738
1779968392271271200,56.391271240234374,3.383124351501465,-1.3802499771118164,4.2193989753723145
1779968392287620600,56.40762060546875,1.2421945333480835,-0.16982053220272064,3.70963191986084
1779968392303939300,56.42393920898437,-1.6340645551681519,0.22647829353809357,3.8234055042266846
1779968392320269600,56.44026953125,0.8176431059837341,-0.009773843921720982,3.23789119720459
1779968392336597800,56.45659765625,2.1067214012145996,-1.82404363155365,3.193450689315796
1779968392352931000,56.47293115234375,1.4033101797103882,-3.687335252761841,3.5802812576293945
1779968392369264600,56.4892646484375,0.5804746747016907,-4.618905067443848,3.009885787963867
1779968392385579800,56.50557983398438,0.46364670991897583,-3.911064624786377,1.2754865884780884
1779968392401918700,56.52191870117188,0.726471483707428,-2.800359010696411,-0.4740314185619354
1779968392418243800,56.538243896484374,0.6727153658866882,-2.724000930786133,-1.3096951246261597
1779968392434578000,56.55457788085938,0.07712173461914062,-2.1310033798217773,-1.4587461948394775
1779968392450908400,56.57090844726562,-0.42378777265548706,-1.2614367008209229,-1.6288721561431885
1779968392467244800,56.58724487304688,-0.4778493344783783,-1.037249207496643,-2.820059299468994
1779968392483573800,56.60357373046875,-0.23380866646766663,2.0943515300750732,-2.9304733276367188
1779968392499907800,56.61990795898438,0.2970332205295563,5.343238353729248,-2.6626088619232178
1779968392516238000,56.63623803710937,0.6339253783226013,6.253427505493164,-1.934762954711914
1779968392532569600,56.65256958007812,-0.3442225754261017,2.6722300052642822,1.9675970077514648
1779968392548902700,56.66890258789063,0.3240640163421631,0.7846564054489136,3.877314329147339
1779968392565233700,56.685233642578126,0.5925393104553223,2.7675249576568604,0.6831000447273254
1779968392581566200,56.70156616210937,0.5621487498283386,2.1195497512817383,-1.063821792602539
1779968392597899000,56.71789892578125,-0.1062905490398407,1.9604192972183228,-1.8471038341522217
1779968392614231000,56.73423095703125,-1.0042624473571777,3.4800992012023926,-1.6271922588348389
1779968392630563300,56.750563232421875,-1.6195564270019531,3.4741432666778564,-1.3558154106140137
1779968392646894000,56.76689404296875,-2.171931266784668,2.1487185955047607,-1.285413146018982
1779968392663224300,56.783224365234375,-2.7059803009033203,0.8042041063308716,-1.944231390953064
1779968392679560700,56.79956079101562,-3.5416438579559326,1.5294538736343384,-3.2956180572509766
1779968392695889200,56.81588916015625,-4.266740798950195,1.7938058376312256,-3.3742668628692627
1779968392712220400,56.832220458984374,-1.9694294929504395,-2.9158124923706055,-2.850755453109741
1779968392728553000,56.84855297851563,-0.5216789245605469,-1.5986343622207642,-7.616267681121826
1779968392744883500,56.864883544921874,0.48059824109077454,4.335157871246338,-5.385387897491455
1779968392761218300,56.88121826171875,0.49235737323760986,3.7820193767547607,-2.596024513244629
1779968392777549300,56.89754931640625,-0.09804387390613556,-0.6388123035430908,-1.9973766803741455
1779968392793882000,56.913882080078125,-0.2971859276294708,0.8717046976089478,-1.6236798763275146
1779968392810212900,56.930212890625,-0.6279694437980652,0.31352660059928894,-2.258674144744873
1779968392826547200,56.946547119140625,-1.1233811378479004,-1.1062769889831543,-1.6630805730819702
1779968392842887700,56.9628876953125,-0.9847147464752197,-0.18188512325286865,-0.2741257846355438
1779968392859223600,56.9792236328125,-0.7531968355178833,0.12950342893600464,0.33292156457901
1779968392875552500,56.995552490234374,0.023976460099220276,0.0328340083360672,0.9789115786552429
1779968392891885000,57.01188500976563,0.8475755453109741,-0.40744712948799133,1.5661057233810425
1779968392908217300,57.02821728515625,1.3029755353927612,-1.0024298429489136,1.954005241394043
1779968392924537300,57.04453735351562,1.4031574726104736,-1.6667457818984985,2.4184155464172363
1779968392940877300,57.060877197265626,1.2260065078735352,-2.666274070739746,2.8315131664276123
1779968392957212700,57.07721264648438,1.0343475341796875,-3.5433237552642822,3.4098498821258545
1779968392973559300,57.09355932617188,1.920560359954834,-4.379751205444336,4.214511871337891
1779968392989888800,57.109888671875,3.03432035446167,-4.398077011108398,4.033848762512207
1779968393006220500,57.12622045898438,3.0633363723754883,-4.279569149017334,3.7641515731811523
1779968393022554000,57.14255419921875,0.9576839804649353,-3.287982225418091,4.09447717666626
1779968393038886100,57.15888623046875,-1.824349045753479,-2.6233608722686768,4.858211517333984
1779968393055201500,57.175201416015625,-2.4605650901794434,-1.9142990112304688,4.982827663421631
1779968393071549000,57.191548828125,-1.4839444160461426,-0.16325373947620392,4.068362712860107
1779968393087884800,57.207884765625,-0.19898934662342072,-0.8008443117141724,3.4266486167907715
1779968393104209200,57.224209228515626,0.9034696817398071,-0.950506329536438,2.6416866779327393
1779968393120542500,57.24054248046875,1.5653421878814697,-0.3237585723400116,1.2541064023971558
1779968393136906200,57.25690625,0.9770789742469788,-0.8871290683746338,-0.14752395451068878
1779968393153208600,57.27320849609375,0.52702397108078,-1.1366674900054932,-0.7628179788589478
1779968393169527000,57.28952709960937,0.03375030308961868,-1.3918564319610596,-0.944855809211731
1779968393185874000,57.3058740234375,-0.8901833891868591,-1.6157386302947998,-1.312138557434082
1779968393202198000,57.322197998046875,-1.3390166759490967,-1.5890132188796997,-2.4694228172302246
1779968393218542000,57.3385419921875,-1.7866281270980835,-0.4112650156021118,-3.043330669403076
1779968393234868000,57.35486791992187,-1.6559029817581177,2.230421781539917,-2.980869770050049
1779968393251202800,57.37120288085937,-0.7846564054489136,4.5911102294921875,-2.6219863891601562
1779968393267524000,57.387524169921875,-0.6143777370452881,4.084550380706787,-0.37537670135498047
1779968393283886600,57.40388647460937,-0.5195409059524536,1.1023063659667969,4.497037410736084
1779968393300180700,57.4201806640625,-0.14523321390151978,0.6911939978599548,3.1920764446258545
1779968393316511700,57.43651171875,0.48227810859680176,1.3180944919586182,-0.4622722864151001
1779968393332847400,57.45284741210938,1.2357803583145142,5.18166446685791,-0.413097620010376
1779968393349178600,57.4691787109375,0.23869559168815613,3.4414620399475098,-3.249192237854004
1779968393365506800,57.4855068359375,-0.697149932384491,1.7289013862609863,-5.01428747177124
1779968393381845000,57.501844970703125,-0.3321579694747925,3.7400224208831787,-2.5578455924987793
1779968393398173700,57.51817358398438,-0.8335255980491638,1.9411770105361938,-1.275792121887207
1779968393414507300,57.53450732421875,-2.043038845062256,0.826500654220581,-2.2400429248809814
1779968393430854100,57.550854248046875,-2.8298332691192627,0.6902777552604675,-2.5970935821533203
1779968393447167700,57.56716772460938,-2.383749008178711,-1.531439185142517,-1.8124371767044067
1779968393463517700,57.583517578125,-1.8150333166122437,-4.512919902801514,-4.682281970977783
1779968393479846100,57.59984619140625,-0.694553792476654,-1.4530956745147705,-5.99426794052124
1779968393496179000,57.61617895507813,0.14492778480052948,2.7907378673553467,-3.8255436420440674
1779968393512512800,57.6325126953125,0.5041165351867676,2.711172580718994,-3.0867021083831787
1779968393528844800,57.6488447265625,0.43875396251678467,0.9121745228767395,-2.3351850509643555
1779968393545174800,57.6651748046875,0.17776179313659668,1.4060590267181396,-1.7585283517837524
1779968393561492200,57.6814921875,-0.45142942667007446,0.07788532227277756,-1.7771596908569336
1779968393577840000,57.697840087890626,-1.120937705039978,-2.0395262241363525,-1.0557278394699097
1779968393594173200,57.714173095703124,-1.0067058801651,0.07223481684923172,0.3836233615875244
1779968393610486800,57.73048681640625,-0.5216789245605469,1.2162326574325562,0.967915952205658
1779968393626819600,57.746819580078125,0.27977627515792847,1.021824836730957,1.18660569190979
1779968393643168000,57.76316796875,0.9234755635261536,-0.1310305893421173,1.2151637077331543
1779968393659485000,57.77948486328125,1.3758212327957153,-0.841619610786438,1.4176654815673828
1779968393675831300,57.795831298828126,1.5222761631011963,-0.7646505832672119,2.0479257106781006
1779968393692163300,57.81216333007813,1.3833043575286865,-1.5641204118728638,2.7542386054992676
1779968393708494000,57.828494140625,1.3072515726089478,-3.271183490753174,3.268739938735962
1779968393724810800,57.844810791015625,1.833817481994629,-4.577060699462891,4.003305435180664
1779968393741160400,57.861160400390624,2.5773932933807373,-4.587597846984863,3.93855357170105
1779968393757490200,57.877490234375,2.7728700637817383,-4.486194133758545,3.302031993865967
1779968393773824000,57.893823974609376,0.9847147464752197,-4.214511871337891,3.4610097408294678
1779968393790137300,57.91013745117188,-2.021353006362915,-2.2151501178741455,4.356996536254883
1779968393806472000,57.926471923828124,-2.777756929397583,-0.2817615866661072,5.257258892059326
1779968393822806000,57.94280590820313,-1.6319265365600586,1.0366383790969849,4.727944374084473
1779968393839147000,57.95914697265625,0.04795292019844055,-1.0618364810943604,3.190701961517334
1779968393855468500,57.975468505859375,0.9691377282142639,-1.563051462173462,2.409710645675659
1779968393871800600,57.99180053710938,1.552361249923706,-1.067945122718811,1.4135421514511108
1779968393888137000,58.008136962890624,1.0143417119979858,-1.2463178634643555,0.5085453391075134
1779968393904465200,58.024465087890626,0.9367618560791016,-2.138333797454834,-0.2594650089740753
1779968393920811500,58.0408115234375,0.6252205967903137,-2.5612051486968994,-0.6875288486480713
1779968393937143800,58.05714379882812,-0.26542094349861145,-1.9628627300262451,-1.0172433853149414
1779968393953468000,58.07346801757812,-1.1155925989151,-1.4564554691314697,-1.9967657327651978
1779968393969809000,58.08980883789062,-1.4034628868103027,-0.33948835730552673,-3.0366110801696777
1779968393986121200,58.10612133789063,-1.2838860750198364,2.3212878704071045,-3.269198179244995
1779968394002468600,58.12246850585937,-0.48227810859680176,4.783074855804443,-2.9750664234161377
1779968394018796300,58.13879638671875,0.07880161702632904,6.135377883911133,-2.125047445297241
1779968394035139800,58.15513989257813,-0.3926336467266083,4.664108753204346,3.306002616882324
1779968394051466500,58.17146655273437,-0.16203200817108154,4.0886735916137695,3.410918712615967
1779968394067821800,58.18782177734375,1.7620408535003662,2.2203423976898193,-2.166738986968994
1779968394084125700,58.20412573242187,1.627497673034668,2.9219212532043457,-2.556776523590088
1779968394100454700,58.22045458984375,-0.09972374886274338,3.310431480407715,-1.9695823192596436
1779968394116796400,58.23679638671875,-1.6557502746582031,3.238807439804077,-1.0879509449005127
1779968394133127700,58.25312768554687,-2.5355489253997803,1.8017470836639404,-0.7547240257263184
1779968394149457000,58.26945678710938,-2.4808764457702637,-0.6007859706878662,-2.4188735485076904
1779968394165789700,58.285789794921875,-2.9990429878234863,-0.17608191072940826,-3.8741073608398438
1779968394182118000,58.302117919921876,-2.9495627880096436,-0.15027284622192383,-3.5056028366088867
1779968394198455800,58.31845581054687,-1.4130840301513672,-0.6478226184844971,-5.221370697021484
1779968394214786300,58.334786376953126,0.19608774781227112,1.9197967052459717,-4.9845075607299805
1779968394231118800,58.35111889648437,0.7591527700424194,2.323120594024658,-3.4214563369750977
1779968394247450400,58.36745043945312,0.6215553879737854,0.014049900695681572,-3.3686163425445557
1779968394263780000,58.38378002929687,0.17592918872833252,-0.26022860407829285,-2.323120594024658
1779968394280096300,58.40009619140625,-0.005039638374000788,1.5546520948410034,-1.4677565097808838
1779968394296442400,58.4164423828125,-0.5007568001747131,1.572825312614441,-1.4575244188308716
1779968394312764200,58.43276416015625,-1.0123564004898071,-1.5712981224060059,-1.9283488988876343
1779968394329092000,58.449092041015625,-1.0590876340866089,-1.1151344776153564,-0.7776314616203308
1779968394345431300,58.46543139648438,-0.9506590366363525,0.15806138515472412,0.28878653049468994
1779968394361759000,58.481759033203126,-0.24083362519741058,0.8677340745925903,0.8607091307640076
1779968394378091000,58.49809106445313,0.5914703011512756,-0.0754418596625328,1.170875906944275
1779968394394423300,58.51442333984375,1.1763737201690674,-0.7962628602981567,1.5945110321044922
1779968394410771000,58.53077099609375,1.5749633312225342,-0.5658139586448669,2.203085422515869
1779968394427083300,58.547083251953126,1.445918083190918,-0.7473936080932617,2.7488934993743896
1779968394443431200,58.56343115234375,1.4094188213348389,-2.08747935295105,3.237738609313965
1779968394459748400,58.579748291015626,1.8229745626449585,-3.6329684257507324,3.9382481575012207
1779968394476094700,58.5960947265625,2.4782803058624268,-4.408003807067871,3.9006800651550293
1779968394492412200,58.612412109375,2.643366575241089,-5.205946445465088,3.7646098136901855
1779968394508766200,58.62876611328125,1.2622003555297852,-4.051258087158203,3.9521453380584717
1779968394525070800,58.64507080078125,-1.289994716644287,-2.0589213371276855,5.099350452423096
1779968394541425400,58.66142529296875,-2.6781859397888184,0.5766568183898926,5.647602081298828
1779968394557759700,58.677759765625,-1.0386236906051636,1.1505646705627441,4.131434440612793
1779968394574081800,58.694081787109376,1.0270172357559204,-0.8133670687675476,2.99003267288208
1779968394590418400,58.71041845703125,1.4220943450927734,-1.100015640258789,3.0557007789611816
1779968394606748700,58.72674877929688,1.271515965461731,-1.6369661092758179,2.2201898097991943
1779968394623084800,58.74308471679687,0.8862127661705017,-2.2284364700317383,0.8407033085823059
1779968394639418600,58.759418701171874,0.6647741198539734,-2.419942617416382,-0.11010845750570297
1779968394655742000,58.77574194335938,0.5251913666725159,-2.4527766704559326,-0.8222246170043945
1779968394672081700,58.79208154296875,-0.3251330256462097,-2.070985794067383,-1.1914926767349243
1779968394688398300,58.8083984375,-1.1803443431854248,-1.5526667833328247,-1.8920023441314697
1779968394704735500,58.824735595703125,-1.3965907096862793,-1.0797042846679688,-2.997821092605591
1779968394721076000,58.84107592773437,-1.249372124671936,1.278693675994873,-3.21086049079895
1779968394737406500,58.857406494140626,-0.7991644740104675,3.450472354888916,-3.04042911529541
1779968394753759700,58.873759765625,-0.11194105446338654,5.114011287689209,-2.4446825981140137
1779968394770119000,58.890118896484374,-0.26083946228027344,4.636925220489502,0.5199990272521973
1779968394786402000,58.90640209960937,-0.22449298202991486,2.224618434906006,5.127755641937256
1779968394802720000,58.92271997070313,0.7582364678382874,1.4149166345596313,0.2015855312347412
1779968394819054600,58.9390546875,1.838551640510559,2.5306620597839355,-2.666121244430542
1779968394835385600,58.95538549804687,0.8100073337554932,5.219232559204102,-2.015244483947754
1779968394851714300,58.97171435546875,-0.12980885803699493,2.5663976669311523,-1.8942930698394775
1779968394868045300,58.98804541015625,-1.7849482297897339,2.378709316253662,-0.5398521423339844
1779968394884382700,59.0043828125,-2.7655396461486816,0.9908234477043152,-0.09147707372903824
1779968394900730000,59.02073022460937,-2.7711901664733887,-0.22800545394420624,-2.32586932182312
1779968394917063700,59.037063720703124,-3.4406983852386475,0.3608686327934265,-3.950465440750122
1779968394933386800,59.05338671875,-2.168724298477173,-2.037540912628174,-3.1650454998016357
1779968394949717500,59.069717529296874,-0.5203045010566711,-2.9801061153411865,-7.396203517913818
1779968394966047500,59.086047607421875,0.7115052938461304,2.4164302349090576,-6.424927711486816
1779968394982387000,59.10238696289063,0.7012733221054077,4.027434349060059,-3.1726813316345215
1779968394998704600,59.11870458984375,0.35384368896484375,-0.3663664162158966,-2.5167648792266846
1779968395015055600,59.1350556640625,0.2616030275821686,0.16050484776496887,-1.8791742324829102
1779968395031380000,59.1513798828125,-0.2886338233947754,1.8176295757293701,-1.6594154834747314
1779968395047714000,59.167714111328124,-0.9427177906036377,-1.3277156352996826,-1.7502816915512085
1779968395064048000,59.184048095703126,-0.9813550114631653,-1.4201090335845947,-0.44944411516189575
1779968395080381400,59.20038134765625,-0.7064656615257263,0.21792617440223694,0.7168503403663635
1779968395096723200,59.21672314453125,-0.005192354787141085,0.879493236541748,1.1381946802139282
1779968395113017300,59.23301733398438,0.769690215587616,0.03390302136540413,1.1969904899597168
1779968395129374700,59.24937475585938,1.2670872211456299,-0.8575021028518677,1.3965907096862793
1779968395145704200,59.2657041015625,1.5758795738220215,-0.7684684991836548,1.9115500450134277
1779968395162037200,59.282037353515626,1.49738347530365,-1.1042916774749756,2.383749008178711
1779968395178369800,59.29836987304687,1.0751228332519531,-2.1255056858062744,2.922532081604004
1779968395194699800,59.31469970703125,1.0459539890289307,-3.79958176612854,3.4744486808776855
1779968395211030000,59.331030029296876,1.836719036102295,-4.977635383605957,3.9967386722564697
1779968395227368700,59.34736865234375,2.2311851978302,-5.281235694885254,3.7036759853363037
1779968395243698000,59.363697998046874,1.429577350616455,-4.456567287445068,3.6444220542907715
1779968395260028000,59.38002783203125,-0.29397889971733093,-2.9834659099578857,4.412737846374512
1779968395276378400,59.39637841796875,-1.6174184083938599,-0.5868887901306152,5.303073883056641
1779968395292676900,59.4126767578125,-2.14428973197937,1.6829338073730469,5.346445560455322
1779968395309010400,59.42901049804688,-1.0059423446655273,-0.37690386176109314,3.618307590484619
1779968395325344500,59.44534448242187,0.7809911966323853,-1.990657091140747,3.1757357120513916
1779968395341672400,59.46167236328125,1.5801557302474976,-1.6949983835220337,2.41719388961792
1779968395357993500,59.477993408203126,1.2128729820251465,-1.362382173538208,1.0768027305603027
1779968395374342700,59.4943427734375,0.5707008838653564,-2.2185099124908447,0.11392636597156525
1779968395390675000,59.510675048828126,0.3959933817386627,-3.017979860305786,-0.4847215712070465
1779968395407014700,59.5270146484375,-0.058795779943466187,-2.738661527633667,-0.898124635219574
1779968395423349800,59.54334985351562,-0.822682797908783,-1.814880609512329,-1.4451544284820557
1779968395439684000,59.55968408203125,-1.2337950468063354,-1.1536190509796143,-2.760347366333008
1779968395456028700,59.576028564453125,-1.323439598083496,0.9387471675872803,-3.5555412769317627
1779968395472339700,59.592339599609375,-0.7808384895324707,3.8198931217193604,-3.517056703567505
1779968395488655000,59.60865502929688,0.20341812074184418,6.5144195556640625,-3.025921106338501
1779968395504992000,59.624991943359376,0.33719760179519653,6.996850490570068,-1.6088663339614868
1779968395521310700,59.64131079101563,-0.2860376536846161,5.357440948486328,4.4370198249816895
1779968395537670400,59.65767041015625,-0.1316414624452591,2.269517183303833,1.6129896640777588
1779968395553988000,59.673988037109375,2.149787425994873,1.6752979755401611,-2.814561605453491
1779968395570336500,59.69033642578125,0.4538728892803192,3.508657217025757,-2.4665210247039795
1779968395586665500,59.70666552734375,-0.8561276197433472,3.039818286895752,-1.2553280591964722
1779968395602998500,59.72299853515625,-1.9339994192123413,2.330451011657715,-0.6478226184844971
1779968395619334100,59.739334228515624,-2.7626380920410156,0.8297077417373657,-0.8700248003005981
1779968395635661600,59.75566162109375,-2.612365245819092,-0.48426342010498047,-2.7589728832244873
1779968395651980500,59.77198046875,-3.3790011405944824,1.0520626306533813,-4.224591255187988
1779968395668325600,59.78832568359375,-2.9823968410491943,-0.47830748558044434,-3.39411997795105
1779968395684642800,59.80464282226563,-0.903164267539978,-2.0673208236694336,-6.2241058349609375
1779968395700987000,59.82098681640625,0.7502952218055725,1.8559613227844238,-5.131573677062988
1779968395717315000,59.83731518554688,1.152855396270752,2.140929937362671,-3.1134274005889893
1779968395733653200,59.8536533203125,0.5719226002693176,-0.4954117238521576,-2.696359157562256
1779968395749970400,59.869970458984376,0.3173444867134094,-0.15760323405265808,-1.9562959671020508
1779968395766326500,59.88632641601563,0.0032070425804704428,2.1426098346710205,-1.5709927082061768
1779968395782629600,59.902629638671876,-0.7266241908073425,-0.47418415546417236,-1.635591745376587
1779968395798972400,59.918972412109376,-1.0166324377059937,-0.9140071272850037,-0.7893906235694885
1779968395815301600,59.935301513671874,-0.7835873961448669,0.40424007177352905,0.5032002329826355
1779968395831633700,59.951633544921876,-0.32849279046058655,0.9787588119506836,1.0389291048049927
1779968395847961600,59.96796166992188,0.5161811113357544,-0.039248090237379074,0.9867000579833984
1779968395864301600,59.98430151367187,1.1162035465240479,-1.4645494222640991,1.1175779104232788
1779968395880631800,60.0006318359375,1.3704761266708374,-1.5425875186920166,1.621999979019165
1779968395896966400,60.01696630859375,1.387274980545044,-1.3628404140472412,2.2098050117492676
1779968395913301200,60.03330126953125,1.1994339227676392,-2.428952932357788,2.9048168659210205
1779968395929627100,60.04962719726562,1.1594222784042358,-3.634342670440674,3.621209144592285
1779968395945971500,60.06597143554688,2.0190622806549072,-4.4541239738464355,3.394730806350708
1779968395962313200,60.082313232421875,2.2508857250213623,-4.703204154968262,3.2563698291778564
1779968395978609200,60.09860913085937,1.0001391172409058,-4.479780197143555,3.8983893394470215
1779968395994965800,60.1149658203125,-0.4671591818332672,-3.333338975906372,4.331492900848389
1779968396011299300,60.13129931640625,-1.5544993877410889,-1.3938417434692383,5.077970027923584
1779968396027612400,60.1476123046875,-1.945758581161499,0.9618073105812073,5.014440059661865
1779968396043964700,60.16396459960937,-0.7067710757255554,0.2626720666885376,3.620751142501831
1779968396060294000,60.1802939453125,0.6435465216636658,-1.2470813989639282,3.1974213123321533
1779968396076606200,60.196606201171875,1.1241447925567627,-1.6679675579071045,2.7982208728790283
1779968396092957000,60.21295703125,1.1423180103302002,-2.2963950634002686,1.6841554641723633
1779968396109259300,60.22925927734375,0.7000515460968018,-3.1729867458343506,0.6102544069290161
1779968396125622300,60.24562231445312,0.7481572031974792,-2.7708847522735596,-0.5864306092262268
1779968396141952800,60.261952880859376,0.20173825323581696,-2.012495517730713,-1.2513574361801147
1779968396158270200,60.27827026367188,-0.5896376967430115,-1.2328788042068481,-1.4520267248153687
1779968396174616600,60.29461645507813,-0.9613491892814636,-0.8556694984436035,-2.4941627979278564
1779968396190948900,60.310948974609374,-0.9873109459877014,1.0888673067092896,-3.2000176906585693
1779968396207283200,60.327283203125,-0.499382346868515,4.250400543212891,-2.7992899417877197
1779968396223613700,60.34361376953125,0.3585779070854187,6.410419940948486,-2.2548563480377197
1779968396239943200,60.35994311523437,0.7423539757728577,7.119939804077148,-1.4805846214294434
1779968396256278000,60.37627807617187,-0.33857205510139465,3.827681541442871,3.8308887481689453
1779968396272593200,60.39259326171875,-0.13836097717285156,2.824946403503418,2.8073840141296387
1779968396288927700,60.408927734375,1.106735110282898,0.5766568183898926,-1.508837103843689
1779968396305258000,60.42525805664062,0.20128010213375092,2.4326181411743164,-1.9084957838058472
1779968396321589800,60.44158984375,-1.2304353713989258,4.293619155883789,-1.3205379247665405
1779968396337923300,60.45792333984375,-2.4356725215911865,4.283692359924316,-1.1924089193344116
1779968396354258700,60.4742587890625,-3.2281174659729004,2.342820882797241,-1.2454015016555786
1779968396370582300,60.49058227539062,-3.2360587120056152,0.6430884003639221,-2.676964282989502
1779968396386936300,60.50693627929687,-3.5581374168395996,0.38438695669174194,-4.660290718078613
1779968396403263200,60.52326318359375,-2.8829784393310547,-1.3344351053237915,-4.386165142059326
1779968396419580400,60.53958032226563,-0.6212499737739563,-1.2093604803085327,-5.918826103210449
1779968396435927800,60.555927734375,0.9552405476570129,2.0639610290527344,-5.124090194702148
1779968396452262000,60.57226196289062,1.0561859607696533,1.5960382223129272,-4.190993785858154
1779968396468593700,60.58859375,0.08399397134780884,-0.8735373020172119,-3.2221615314483643
1779968396484895200,60.60489526367188,0.28130343556404114,-0.14095716178417206,-2.160477638244629
1779968396501252400,60.62125244140625,-0.15347988903522491,0.0027488935738801956,-2.2401955127716064
1779968396517583400,60.637583251953124,-0.9867000579833984,-2.917797803878784,-1.7218763828277588
1779968396533921500,60.65392163085937,-0.9715811610221863,-0.8400924205780029,0.03222314268350601
1779968396550250500,60.67025048828125,-0.6067419052124023,-0.5485569834709167,0.8087855577468872
1779968396566582000,60.68658203125,-0.12370020896196365,-0.7944302558898926,1.0955867767333984
1779968396591067400,60.7110673828125,0.5001459121704102,-1.398576021194458,1.9274325370788574
1779968396607393500,60.7273935546875,0.8333728909492493,-1.5138767957687378,2.353052854537964
1779968396631913000,60.75191284179687,1.038318157196045,-1.928807020187378,2.744312047958374
1779968396648244200,60.768244140625,1.2826642990112305,-2.9943087100982666,3.1474831104278564
1779968396664563700,60.784563720703126,1.497994303703308,-4.3313398361206055,4.003763675689697
1779968396680901600,60.80090161132812,1.8507689237594604,-4.209472179412842,4.419915676116943
1779968396697227300,60.81722729492188,2.431549072265625,-3.0494391918182373,4.314999580383301
1779968396713572900,60.83357275390625,1.8576412200927734,-1.7712037563323975,4.188092231750488
1779968396729902300,60.84990234375,-2.557234525680542,-0.9098837971687317,4.701066017150879
1779968396746214700,60.86621459960938,-3.4051156044006348,-0.2168571650981903,5.323690414428711
1779968396762550800,60.88255078125,-0.9844093322753906,1.4262176752090454,5.049564838409424
1779968396778872600,60.89887255859375,1.0632109642028809,0.43768495321273804,3.701690673828125
1779968396795216400,60.91521630859375,2.0276143550872803,-0.28848111629486084,2.2382102012634277
1779968396811548000,60.9315478515625,1.9083430767059326,-0.22800545394420624,1.0358747243881226
1779968396827884300,60.94788427734375,0.9576839804649353,-1.6821701526641846,0.20723603665828705
1779968396844214800,60.96421484375,0.6120869517326355,-2.917645215988159,-0.18738290667533875
1779968396860542700,60.98054272460938,-0.07757988572120667,-3.0770809650421143,-0.4199698567390442
1779968396876896800,60.99689672851562,-0.8556694984436035,-2.1424572467803955,-0.7365507483482361
1779968396893225200,61.01322509765625,-1.2327260971069336,-1.09024178981781,-1.6708691120147705
1779968396909556000,61.02955590820312,-1.1395691633224487,0.23579397797584534,-3.0689868927001953
1779968396925881600,61.04588159179688,-0.5855143666267395,2.741715908050537,-3.185509443283081
1779968396942218000,61.062218017578125,-0.00809396430850029,4.44786262512207,-2.822808265686035
1779968396958547000,61.078546875,-0.1563815027475357,4.502076625823975,-2.038151979446411
1779968396974886000,61.09488598632812,-0.19517144560813904,4.3757805824279785,0.9001099467277527
1779968396991198000,61.111197998046876,0.636521577835083,5.629581451416016,1.9677497148513794
1779968397007542000,61.1275419921875,0.7250970602035522,1.2066116333007812,-0.4495968222618103
1779968397023881700,61.1438818359375,0.7076873779296875,2.4697282314300537,-1.0589349269866943
1779968397040210400,61.16021044921875,-0.24327708780765533,1.450346827507019,-0.7787004709243774
1779968397056542500,61.17654248046875,-1.130711555480957,1.771051049232483,-0.5601634383201599
1779968397072868400,61.192868408203125,-2.140777349472046,1.6982053518295288,-0.34544429183006287
1779968397089211400,61.20921142578125,-2.520582675933838,0.32940909266471863,-1.2092077732086182
1779968397105536800,61.225536865234375,-2.479196548461914,0.6189591884613037,-3.4234416484832764
1779968397121877200,61.24187719726562,-3.2165110111236572,0.8620835542678833,-4.278347492218018
1779968397138200600,61.25820068359375,-1.2214250564575195,-3.9878809452056885,-4.003763675689697
1779968397154534100,61.2745341796875,0.59803706407547,-2.643671989440918,-8.319374084472656
1779968397170864400,61.29086450195312,1.062447428703308,4.091575622558594,-4.356690883636475
1779968397187195600,61.30719555664062,0.7814493775367737,2.129476308822632,-2.358397960662842
1779968397203528200,61.323528076171876,0.2635883390903473,-0.6133087277412415,-1.8449658155441284
1779968397219860500,61.33986059570312,-0.2454151064157486,1.769829273223877,-1.5318973064422607
1779968397236191700,61.35619165039063,-0.85994553565979,-0.44196099042892456,-1.976454496383667
1779968397252509000,61.37250903320312,-1.042441487312317,-0.5378668308258057,-0.9133962392807007
1779968397268843800,61.38884375,-1.0711522102355957,0.2142609804868698,-0.17959438264369965
1779968397285175000,61.40517504882813,-0.5711590051651001,0.627358615398407,0.664315938949585
1779968397301507600,61.421507568359374,0.24816401302814484,0.027641652151942253,1.4046846628189087
1779968397317840000,61.43783984375,0.8604037165641785,-0.6528622508049011,1.8093829154968262
1779968397334170000,61.45417016601562,1.3217597007751465,-0.8859072923660278,2.068847894668579
1779968397350490600,61.47049072265625,1.486693263053894,-1.2939653396606445,2.250580310821533
1779968397366836700,61.48683666992188,1.3084733486175537,-2.2713496685028076,2.6484062671661377
1779968397383184100,61.50318408203125,1.4110987186431885,-3.43672776222229,3.3092098236083984
1779968397399511000,61.51951098632812,1.9831739664077759,-4.04881477355957,4.274987697601318
1779968397415845600,61.535845703125,2.4770586490631104,-3.5246925354003906,4.560719966888428
1779968397432175600,61.55217553710938,2.8049404621124268,-2.8770225048065186,4.231463432312012
1779968397448491300,61.5684912109375,0.9279043078422546,-2.249816656112671,4.129601955413818
1779968397464814600,61.58481469726563,-2.2090413570404053,-1.6473509073257446,4.100280284881592
1779968397481148000,61.60114794921875,-1.4410310983657837,-1.176526427268982,3.8953349590301514
1779968397497500000,61.6175,0.1745547503232956,-0.7652614116668701,3.486513376235962
1779968397513820200,61.63382006835938,0.8735373020172119,-2.434908866882324,3.012787342071533
1779968397530166300,61.650166259765626,1.3674218654632568,-2.4295637607574463,2.1255056858062744
1779968397546497500,61.66649755859375,0.8823948502540588,-1.6824755668640137,0.6446155309677124
1779968397562819600,61.682819580078124,0.40256020426750183,-1.885893702507019,-0.55695641040802
1779968397579161000,61.6991611328125,0.22311852872371674,-2.244471549987793,-1.178359031677246
1779968397595465700,61.7154658203125,-0.4360050559043884,-1.1994339227676392,-1.5595389604568481
1779968397611796200,61.731796142578126,-0.7385360598564148,-0.499382346868515,-2.551278591156006
1779968397628143900,61.748143798828124,-0.7825183868408203,1.0772608518600464,-3.050661087036133
1779968397644487400,61.7644873046875,-0.7272350788116455,3.543018341064453,-3.0523409843444824
1779968397660824000,61.780823974609376,-0.3156646192073822,5.290856838226318,-2.9973630905151367
1779968397677143000,61.79714306640625,-0.2871066629886627,5.3444600105285645,-0.8570439219474792
1779968397693471500,61.81347143554687,-0.45982882380485535,1.2476922273635864,4.260326862335205
1779968397709814000,61.82981396484375,0.45631635189056396,2.981938600540161,2.372600555419922
1779968397726155300,61.8461552734375,1.6371188163757324,3.3673946857452393,-1.0366383790969849
1779968397742466300,61.86246630859375,1.2909109592437744,1.5363260507583618,-2.383596181869507
1779968397758789600,61.87878955078125,-0.40454551577568054,2.001805305480957,-3.159853219985962
1779968397775118000,61.8951181640625,-1.2189816236495972,4.664108753204346,-2.361146926879883
1779968397791465200,61.91146533203125,-2.0427334308624268,3.520111083984375,-1.7049249410629272
1779968397807795000,61.927794921875,-2.542726516723633,0.9531024694442749,-2.1897990703582764
1779968397824135000,61.944135009765624,-3.2849278450012207,0.669355571269989,-3.4048101902008057
1779968397840456200,61.96045629882813,-3.282637119293213,-1.2195924520492554,-2.8217391967773438
1779968397856800300,61.97680029296875,-1.5112806558609009,-3.1839823722839355,-5.078275680541992
1779968397873138400,61.99313842773437,0.3049744665622711,1.3559681177139282,-5.81467342376709
1779968397889470500,62.009470458984374,0.48945578932762146,3.659693717956543,-3.352733850479126
1779968397905801200,62.02580126953125,0.11621711403131485,0.5451972484588623,-2.5001187324523926
1779968397922136800,62.04213671875,0.16768251359462738,-0.21899518370628357,-2.0873265266418457
1779968397938467600,62.05846752929688,-0.7687739133834839,1.0696250200271606,-1.6989690065383911
1779968397954798600,62.074798583984375,-1.4489723443984985,-0.8698720932006836,-1.2904528379440308
1779968397971129000,62.09112915039063,-1.114981770515442,0.20952677726745605,-0.25106561183929443
1779968397987463400,62.10746337890625,-0.9844093322753906,0.7822129726409912,0.5566509366035461
1779968398003784000,62.123783935546875,-0.3413209617137909,1.4947872161865234,1.0516045093536377
1779968398020109000,62.14010913085937,0.2874121069908142,0.5739079117774963,0.9769262671470642
1779968398036456700,62.15645678710938,0.755793035030365,-0.4024074673652649,1.2516628503799438
1779968398052790800,62.17279077148437,1.1740829944610596,-0.8629998564720154,1.704466700553894
1779968398069122800,62.189122802734374,1.5056301355361938,-1.361007809638977,1.9304869174957275
1779968398085454300,62.205454345703124,1.370781660079956,-1.6514742374420166,2.2400429248809814
1779968398101784600,62.22178466796875,1.0900890827178955,-1.9860756397247314,2.8101327419281006
1779968398118118400,62.23811840820313,1.763109803199768,-2.481945514678955,3.8223366737365723
1779968398134433800,62.25443383789062,2.576476812362671,-2.8370108604431152,3.9878809452056885
1779968398150773800,62.27077368164063,3.252552032470703,-3.617696762084961,3.506213903427124
1779968398167112000,62.28711181640625,2.311819553375244,-4.479475021362305,3.4610097408294678
1779968398183446300,62.3034462890625,-0.7654141783714294,-2.9747610092163086,4.220315456390381
1779968398199776500,62.31977661132812,-1.4848606586456299,-1.713935136795044,4.997030258178711
1779968398216108500,62.336108642578125,-0.15531249344348907,-1.3199270963668823,4.396091938018799
1779968398232424400,62.35242456054687,0.285121351480484,-1.8070920705795288,3.5724925994873047
1779968398248758300,62.36875830078125,0.4043927788734436,-1.8437440395355225,2.8379271030426025
1779968398265092000,62.385092041015625,0.9995282292366028,-1.6197092533111572,1.8147279024124146
1779968398281422000,62.401422119140626,0.6717990636825562,-1.3504703044891357,0.8822421431541443
1779968398297755600,62.41775561523438,0.20311269164085388,-1.7854063510894775,0.11331550031900406
1779968398314086700,62.434086669921875,-0.11927144229412079,-1.8110626935958862,-0.4804455041885376
1779968398330419500,62.45041943359375,-0.9080511927604675,-1.2915217876434326,-1.222494125366211
1779968398346760700,62.4667607421875,-1.3243558406829834,-0.49235737323760986,-2.5358543395996094
1779968398363093500,62.48309350585937,-1.2574660778045654,1.1933252811431885,-3.025921106338501
1779968398379439400,62.499439453125,-1.1589640378952026,3.347236156463623,-2.8901562690734863
1779968398395755300,62.51575537109375,-0.4285219609737396,4.967098236083984,-2.5248587131500244
1779968398412075800,62.53207568359375,0.10842858254909515,4.4064764976501465,0.09758572280406952
1779968398428424400,62.54842456054688,0.2684752643108368,3.194214344024658,3.3017265796661377
1779968398444736000,62.56473608398438,0.37629300355911255,4.60882568359375,-0.14828753471374512
1779968398461089300,62.58108935546875,1.1432342529296875,3.5266778469085693,-1.743256688117981
1779968398477423400,62.59742333984375,0.8284859657287598,0.7797694802284241,-2.2846360206604004
1779968398493746000,62.61374584960937,-0.685390830039978,1.7531832456588745,-1.690569519996643
1779968398510067700,62.63006762695313,-1.690569519996643,2.8706085681915283,-1.488220453262329
1779968398526419700,62.64641967773437,-2.593122959136963,1.9048305749893188,-1.1504119634628296
1779968398542724600,62.662724609375,-2.8858802318573,0.09911288321018219,-1.9033033847808838
1779968398559067000,62.67906689453125,-2.9681942462921143,-1.8150333166122437,-3.5379788875579834
1779968398575395800,62.69539575195312,-2.409558057785034,-3.522554397583008,-3.651294231414795
1779968398591714000,62.71171411132813,-0.2922990322113037,-2.108401298522949,-6.436839580535889
1779968398608064000,62.72806396484375,0.9301950335502625,3.093421697616577,-6.303671360015869
1779968398624390400,62.74439038085937,0.4167627990245819,3.0558533668518066,-3.411529779434204
1779968398640727300,62.76072729492188,0.38347065448760986,-0.3672827184200287,-2.6891815662384033
1779968398657059600,62.7770595703125,-0.37339138984680176,0.4720461070537567,-2.4946210384368896
1779968398673381400,62.79338134765625,-1.5190691947937012,0.32879820466041565,-1.7840319871902466
1779968398689720300,62.80972021484375,-1.4048373699188232,0.6107125282287598,-1.1215485334396362
1779968398706075400,62.82607543945313,-1.0682506561279297,0.031001411378383636,-0.29596421122550964
1779968398722384600,62.84238452148438,-0.7629706859588623,1.2458596229553223,0.6345362663269043
1779968398738717200,62.85871728515625,-0.07987063378095627,1.4048373699188232,0.8778133392333984
1779968398755049500,62.87504956054688,0.6553056836128235,-0.1866193264722824,0.8332201838493347
1779968398771380200,62.89138012695312,1.2496775388717651,-0.9935722947120667,1.1328495740890503
1779968398787712000,62.9077119140625,1.4782938957214355,-1.06351637840271,1.7605136632919312
1779968398804045000,62.924045166015624,1.6968309879302979,-1.757153868675232,2.4827091693878174
1779968398820376000,62.9403759765625,2.0667097568511963,-2.6035077571868896,2.9248228073120117
1779968398836708400,62.956708251953124,2.5274548530578613,-3.5604281425476074,3.151606559753418
1779968398853057800,62.97305786132812,2.3264803886413574,-4.425260543823242,3.3145549297332764
1779968398869388000,62.989387939453124,1.305266261100769,-4.602411270141602,3.849214553833008
1779968398885721300,63.005721435546874,-0.9990701079368591,-3.3713653087615967,4.194964408874512
1779968398902047200,63.02204711914062,-3.163365602493286,-1.6673567295074463,4.665483474731445
1779968398918381600,63.03838159179688,-2.8816041946411133,0.4879286289215088,5.220759868621826
1779968398934711800,63.0547119140625,-0.6015495657920837,0.2513710558414459,4.002542018890381
1779968398951045600,63.071045654296874,0.831234872341156,-0.29856038093566895,3.0020971298217773
1779968398967377700,63.087377685546876,0.99876469373703,-0.3721696436405182,2.596024513244629
1779968398983710000,63.1037099609375,1.4288138151168823,-0.4260784983634949,1.5726726055145264
1779968399000039700,63.12003979492187,0.9801332950592041,-1.4170546531677246,0.8130616545677185
1779968399016362800,63.13636279296875,0.7174612283706665,-2.462244987487793,0.29535335302352905
1779968399032731400,63.1527314453125,0.28237244486808777,-3.096475839614868,-0.08246681094169617
1779968399049054000,63.16905395507813,-0.3602577745914459,-2.7536277770996094,-0.7577783465385437
1779968399065369000,63.185369140625,-0.6380487680435181,-1.7573065757751465,-2.4559836387634277
1779968399081699800,63.201699951171875,-0.5299255847930908,0.30925053358078003,-3.37182354927063
1779968399098033000,63.218032958984374,-0.3245221674442291,2.8632781505584717,-3.4495561122894287
1779968399114365200,63.234365234375,0.280539870262146,4.4874162673950195,-2.2959370613098145
1779968399130695000,63.25069482421875,0.0012217304902151227,3.6419785022735596,0.6543893814086914
1779968399155198200,63.2751982421875,-0.27947086095809937,1.7673858404159546,4.982675075531006
1779968399171524600,63.29152465820312,1.7453947067260742,1.0742065906524658,-1.126282811164856
1779968399187857200,63.30785717773438,2.576935052871704,1.307709813117981,-2.116647958755493
1779968399204172800,63.3241728515625,0.6902777552604675,3.031571388244629,-1.4911220073699951
1779968399220506000,63.34050610351562,-0.9239336848258972,3.0886874198913574,-1.9046778678894043
1779968399236841700,63.356841796875,-2.31166672706604,2.9074132442474365,-1.5328136682510376
1779968399253174000,63.37317407226563,-2.7255280017852783,0.7438811659812927,-2.5926647186279297
1779968399269529900,63.38952978515625,-3.0641000270843506,1.200502872467041,-4.182289123535156
1779968399285836300,63.40583618164062,-3.860515594482422,0.946382999420166,-3.9997928142547607
1779968399302167800,63.42216772460937,-1.7453947067260742,-3.0799825191497803,-4.474129676818848
1779968399318499800,63.438499755859375,0.5890268087387085,0.014813481830060482,-8.027838706970215
1779968399334831900,63.45483178710938,0.9650143980979919,3.813631772994995,-4.154036521911621
1779968399351180500,63.4711806640625,0.3920227587223053,1.468367338180542,-2.4029910564422607
1779968399367509200,63.48750927734375,0.31230485439300537,0.05726861581206322,-2.3834433555603027
1779968399383837000,63.5038369140625,-0.11026117950677872,1.7243198156356812,-1.88864266872406
1779968399400184000,63.52018408203125,-0.7478517889976501,0.0861319974064827,-1.6698001623153687
1779968399416489000,63.536489013671876,-0.6960809230804443,-0.6739370822906494,-0.9618073105812073
1779968399432838000,63.552837890625,-0.7805330753326416,0.44394633173942566,0.3061962127685547
1779968399449168000,63.56916796875,-0.4207334518432617,1.5436564683914185,0.8767443299293518
1779968399465499600,63.585499755859374,0.34636059403419495,0.26343563199043274,0.9683741331100464
1779968399481835800,63.60183569335938,0.8397870063781738,-1.0323622226715088,1.0896308422088623
1779968399498165000,63.6181650390625,1.267698049545288,-1.4868459701538086,1.7133243083953857
1779968399514495500,63.63449560546875,1.6488779783248901,-1.6966781616210938,2.536923408508301
1779968399530828500,63.65082861328125,1.906663179397583,-2.3629794120788574,3.265685558319092
1779968399547163000,63.66716284179687,2.7090346813201904,-3.2901201248168945,3.8008036613464355
1779968399563489800,63.68348974609375,3.417027473449707,-4.030947208404541,3.8316521644592285
1779968399579830500,63.69983056640625,3.1670308113098145,-4.480544090270996,3.788280725479126
1779968399596163000,63.7161630859375,0.7796167731285095,-5.084689617156982,4.024838447570801
1779968399612490800,63.73249072265625,-2.994919538497925,-3.959170341491699,3.9509236812591553
1779968399628817400,63.7488173828125,-3.891669750213623,-2.3438899517059326,4.857295036315918
1779968399645135600,63.765135498046874,-1.0047205686569214,0.751669704914093,4.918534278869629
1779968399661483500,63.7814833984375,0.2252565622329712,0.6000223755836487,4.0772199630737305
1779968399677800000,63.79780004882812,0.29794952273368835,-0.7429648637771606,2.9854512214660645
1779968399694129700,63.81412963867187,1.0819950103759766,-0.6878342628479004,2.0063869953155518
1779968399710466600,63.83046655273437,0.8454375267028809,-0.7525860071182251,0.6808093190193176
1779968399726797300,63.84679736328125,0.46639561653137207,-1.3280210494995117,-0.28878653049468994
1779968399743132000,63.8631318359375,0.12293662875890732,-1.2383766174316406,-0.7049384713172913
1779968399759465700,63.8794658203125,-0.6902777552604675,-0.9575312733650208,-1.0610729455947876
1779968399775781000,63.89578100585938,-1.018923282623291,-0.1837177276611328,-2.442391872406006
1779968399792126500,63.91212646484375,-0.6194173693656921,2.0787744522094727,-3.1560351848602295
1779968399808457200,63.92845727539063,-0.6701191663742065,4.236808776855469,-3.4552066326141357
1779968399824777000,63.94477685546875,-0.2695443034172058,6.2769455909729,-2.832887649536133
1779968399841110300,63.9611103515625,-0.3605632185935974,4.522693634033203,-0.6989825367927551
1779968399857465900,63.9774658203125,-0.22342395782470703,2.328618288040161,3.8683042526245117
1779968399873804800,63.9938046875,0.42210787534713745,3.4187073707580566,1.933235764503479
1779968399890121000,64.01012084960938,0.9292787313461304,2.7065911293029785,-1.5357152223587036
1779968399906448100,64.0264482421875,1.086118459701538,1.347110629081726,-2.297922372817993
1779968399922794000,64.0427939453125,-0.40133845806121826,3.4022140502929688,-1.6632333993911743
1779968399939121400,64.05912133789063,-0.9717338681221008,3.112358331680298,-2.2380576133728027
1779968399955456300,64.07545629882813,-1.7579174041748047,3.3677000999450684,-1.5935946702957153
1779968399971784700,64.09178466796875,-2.5311200618743896,2.6206119060516357,-1.6186401844024658
1779968399988125700,64.10812573242187,-3.1060969829559326,1.2235630750656128,-3.12900447845459
1779968400004422700,64.12442260742188,-2.934596538543701,-1.705383062362671,-2.795013904571533
1779968400020777700,64.14077783203125,-1.578781247138977,-5.363396644592285,-2.8185322284698486
1779968400037124400,64.15712426757813,-0.27519479393959045,-2.5917484760284424,-8.022340774536133
1779968400053449200,64.17344921875,0.4156937897205353,4.937318325042725,-6.529996871948242
1779968400069774800,64.18977490234376,0.5618433356285095,4.633565425872803,-2.443155527114868
1779968400086105000,64.20610498046875,0.3358231782913208,1.2469286918640137,-1.4013248682022095
1779968400102425300,64.22242529296875,-0.5076290369033813,1.8380935192108154,-1.816102385520935
1779968400118780700,64.23878076171874,-1.1003210544586182,-0.7049384713172913,-1.6824755668640137
1779968400135109000,64.25510913085938,-0.9543242454528809,0.12492194026708603,-0.12339477986097336
1779968400151435500,64.271435546875,-0.8170322775840759,1.7539467811584473,0.9581421613693237
1779968400167777500,64.28777758789063,0.06444628536701202,1.9886717796325684,1.1566733121871948
1779968400184087000,64.30408715820313,0.6976081132888794,0.29016098380088806,0.9024006724357605
1779968400200422700,64.32042260742188,0.8283332586288452,-0.9086620807647705,0.9283624291419983
1779968400216755500,64.33675537109374,1.507462739944458,-1.447292447090149,1.9872974157333374
1779968400233086700,64.35308666992188,2.057852268218994,-2.4104743003845215,2.651918649673462
1779968400249421800,64.369421875,1.9497292041778564,-3.4571919441223145,2.940094470977783
1779968400265750500,64.38575048828125,2.146275043487549,-4.235128879547119,3.6642751693725586
1779968400282069500,64.40206958007812,2.711019992828369,-4.592637538909912,4.432438373565674
1779968400298411500,64.41841162109375,2.9236011505126953,-4.435950756072998,4.26826810836792
1779968400314748400,64.43474853515625,1.0566442012786865,-4.072333335876465,4.109290599822998
1779968400331081500,64.45108154296875,-2.635730743408203,-2.989421844482422,5.095532417297363
1779968400347422500,64.46742236328124,-2.9110782146453857,-1.411251425743103,6.051689147949219
1779968400363756300,64.48375634765625,-1.7806721925735474,0.5792529582977295,5.58101749420166
1779968400380086300,64.50008618164063,-0.4427245855331421,0.09666942805051804,3.9437460899353027
1779968400396419300,64.51641943359375,0.9433286786079407,-1.1328495740890503,2.573575258255005
1779968400412748800,64.53274877929688,1.6716327667236328,-1.0149526596069336,1.3310753107070923
1779968400429083400,64.54908349609374,0.8097018599510193,-1.6209309101104736,0.6400340795516968
1779968400445414400,64.56541430664062,0.4053090810775757,-2.531730890274048,0.10323622822761536
1779968400461747000,64.58174682617188,-0.32986724376678467,-2.581821918487549,-0.6041457056999207
1779968400478061600,64.5980615234375,-1.165378212928772,-1.6155858039855957,-2.066098928451538
1779968400494411800,64.61441186523437,-1.4306464195251465,0.2838996350765228,-3.9156463146209717
1779968400510739500,64.63073950195313,-1.2414308786392212,3.5271358489990234,-4.704425811767578
1779968400527073300,64.6470732421875,-0.5728389024734497,6.50220251083374,-4.404644012451172
1779968400543404300,64.663404296875,-0.18157969415187836,7.482030391693115,-3.363576650619507
1779968400559738400,64.67973828125,-1.1044443845748901,4.1859540939331055,0.21914790570735931
1779968400576082200,64.69608227539062,-0.1339322030544281,2.317164659500122,3.61800217628479
1779968400592400400,64.712400390625,0.8518515825271606,3.1114420890808105,0.7464773058891296
1779968400608734000,64.72873388671874,1.3773484230041504,2.322204113006592,-1.2518155574798584
1779968400625092400,64.74509228515625,1.1775954961776733,1.171334147453308,-2.233170509338379
1779968400641379800,64.7613798828125,0.2002110779285431,3.450166940689087,-2.2737932205200195
1779968400657719800,64.7777197265625,-0.797789990901947,3.0532572269439697,-1.5654948949813843
1779968400674039000,64.7940390625,-1.6565138101577759,2.0198259353637695,-0.813825249671936
1779968400690374400,64.81037451171875,-2.308612585067749,0.20494529604911804,-2.0034852027893066
1779968400706714600,64.82671459960937,-3.2209396362304688,0.5876523852348328,-3.146414279937744
1779968400723041800,64.84304174804687,-3.363729476928711,-0.30863967537879944,-2.1204659938812256
1779968400739364900,64.85936474609375,-2.0173823833465576,-4.523151874542236,-2.367560863494873
1779968400755712000,64.8757119140625,-0.3962988257408142,-4.272391319274902,-7.761806488037109
1779968400772025900,64.89202587890625,0.903775155544281,2.361146926879883,-6.191882610321045
1779968400788363500,64.90836352539063,0.6473644375801086,3.9593231678009033,-2.4023802280426025
1779968400804692000,64.92469189453125,-0.15271630883216858,1.2585351467132568,-1.5326608419418335
1779968400821032700,64.94103271484374,-1.0299187898635864,0.36163222789764404,-1.7321083545684814
1779968400837355800,64.95735571289063,-1.3043500185012817,-0.70692378282547,-1.334282398223877
1779968400853711400,64.97371142578125,-0.9494373202323914,-0.20845776796340942,-0.28038713335990906
1779968400870039800,64.99003979492187,-0.8232936263084412,0.45433104038238525,0.40301835536956787
1779968400886380300,65.00638037109375,-0.0907134860754013,0.3246748745441437,0.6675229668617249
1779968400902672100,65.02267211914062,0.6965391039848328,-0.7170031070709229,0.7399105429649353
1779968400919053800,65.0390537109375,1.2457069158554077,-1.0432051420211792,1.2670872211456299
1779968400935373800,65.05537377929687,1.721112847328186,-0.7183775305747986,2.1395554542541504
1779968400951695400,65.0716953125,1.9353737831115723,-1.373683214187622,2.492482900619507
1779968400968038700,65.08803857421876,1.6412421464920044,-2.5004241466522217,2.718655824661255
1779968400984365600,65.10436547851563,1.4155274629592896,-3.5385897159576416,3.57066011428833
1779968401000693500,65.12069360351562,1.3962851762771606,-4.040262699127197,4.416250228881836
1779968401017033500,65.13703344726562,1.4989105463027954,-4.87730073928833,5.043150901794434
1779968401033361400,65.153361328125,1.2258538007736206,-4.159533977508545,4.804760456085205
1779968401049695200,65.1696953125,-0.8376489877700806,-0.9166033267974854,5.142721652984619
1779968401066052600,65.18605249023437,-1.4010194540023804,1.0387763977050781,5.496718406677246
1779968401082349300,65.20234936523437,0.48380526900291443,0.5488623976707458,4.565454006195068
1779968401098681900,65.21868188476563,0.4407392740249634,-1.0487029552459717,4.467868328094482
1779968401115027200,65.23502709960937,0.1498146951198578,-0.8894197940826416,4.241237163543701
1779968401131354400,65.25135424804688,0.9812023043632507,-1.168279767036438,2.7317893505096436
1779968401147686100,65.26768603515625,0.7409795522689819,-1.3904820680618286,1.0868819952011108
1779968401163995600,65.28399560546875,0.47708576917648315,-1.238223910331726,0.010842857882380486
1779968401180339000,65.3003388671875,-0.14492778480052948,-2.062586545944214,-0.5710062980651855
1779968401196665300,65.31666528320312,-1.0447323322296143,-2.073887586593628,-0.9465357065200806
1779968401213001500,65.33300146484375,-1.5433510541915894,-1.4362969398498535,-1.7915149927139282
1779968401229329200,65.3493291015625,-1.0971139669418335,-0.7518224120140076,-3.3345606327056885
1779968401245663700,65.36566381835938,-0.7305948138237,2.2912027835845947,-3.5210273265838623
1779968401261994000,65.38199389648437,-0.275347501039505,4.1861066818237305,-3.162907600402832
1779968401278327300,65.39832739257812,-0.11575896292924881,4.422053337097168,-2.6728408336639404
1779968401294661000,65.4146611328125,-0.18035796284675598,4.178471088409424,0.42959097027778625
1779968401310991000,65.4309912109375,0.46532660722732544,3.8951821327209473,2.9277243614196777
1779968401327339000,65.44733911132812,0.9219483733177185,1.920560359954834,0.06062837690114975
1779968401343668500,65.46366845703125,0.7287622094154358,1.0178542137145996,-0.5739079117774963
1779968401359997200,65.4799970703125,0.24877487123012543,2.6364943981170654,-0.8524624705314636
1779968401376330200,65.49633032226562,-0.394618958234787,1.5196800231933594,-1.69148588180542
1779968401392662300,65.51266235351562,-1.6252069473266602,2.7340800762176514,-1.2234103679656982
1779968401408995600,65.52899560546875,-2.2043073177337646,1.8023579120635986,-1.6013832092285156
1779968401425325000,65.54532495117188,-2.3205244541168213,0.8446739315986633,-3.53446626663208
1779968401441658000,65.561658203125,-3.4130568504333496,1.0248792171478271,-5.005887985229492
1779968401457986000,65.57798608398437,-3.112358331680298,-1.8066339492797852,-3.246748685836792
1779968401474310100,65.59431005859375,-0.9665415287017822,-2.9388725757598877,-7.083899021148682
1779968401490652400,65.61065234375,0.764955997467041,2.5442538261413574,-6.651406288146973
1779968401506987500,65.62698754882813,0.6472117304801941,3.099072217941284,-3.1421380043029785
1779968401523319000,65.64331909179687,0.12064588814973831,-0.5285511612892151,-2.2679898738861084
1779968401539677400,65.65967749023437,-0.3191770911216736,1.0340421199798584,-1.9914207458496094
1779968401555980300,65.67598022460938,-0.7954992651939392,-0.47571131587028503,-2.256078004837036
1779968401572289000,65.6922890625,-1.277471899986267,-0.4095851480960846,-0.7808384895324707
1779968401588646000,65.70864599609375,-1.160033106803894,-0.14569136500358582,0.11224649101495743
1779968401604961300,65.72496118164062,-0.7648032903671265,0.44577890634536743,0.8373435139656067
1779968401621303000,65.74130297851562,0.09651670604944229,-0.28985556960105896,1.320385217666626
1779968401637619200,65.757619140625,0.8568912148475647,-0.9474520087242126,1.7321083545684814
1779968401653952800,65.77395288085937,1.3222178220748901,-0.9553932547569275,2.074040174484253
1779968401670287000,65.790287109375,1.5891659259796143,-1.11085844039917,2.1907155513763428
1779968401686624800,65.80662475585937,1.468367338180542,-1.4158328771591187,2.362368583679199
1779968401702955500,65.82295556640625,1.0600038766860962,-1.6424639225006104,2.844799518585205
1779968401719287800,65.83928784179687,1.4553864002227783,-2.588388681411743,4.153578281402588
1779968401735608000,65.85560815429687,2.0694587230682373,-4.15739631652832,4.647157192230225
1779968401751950600,65.87195068359375,2.1279489994049072,-4.148691177368164,4.899902820587158
1779968401768267300,65.88826733398437,1.5251778364181519,-3.018132448196411,4.359592437744141
1779968401784605400,65.90460546875,-1.0435105562210083,-1.6826282739639282,4.459011077880859
1779968401800927700,65.920927734375,-1.7189748287200928,1.381929874420166,4.85668420791626
1779968401817313000,65.93731298828125,0.24877487123012543,0.31780263781547546,3.8198931217193604
1779968401833622800,65.95362280273437,1.0584768056869507,-2.2574524879455566,3.3644931316375732
1779968401849950500,65.96995043945313,1.5102115869522095,-2.8626673221588135,3.121216058731079
1779968401866298000,65.98629809570312,1.7035504579544067,-2.6513078212738037,1.881464958190918
1779968401882644700,66.00264477539062,0.7785477638244629,-3.294243574142456,0.48747047781944275
1779968401898948600,66.01894848632813,0.5832235813140869,-4.467563152313232,-0.28649580478668213
1779968401915281400,66.03528149414062,0.19333885610103607,-4.74642276763916,-0.5331326723098755
1779968401931594000,66.05159399414063,-0.3361285924911499,-3.495218276977539,-0.7515169382095337
1779968401947950800,66.06795092773437,-0.4138612151145935,-1.6841554641723633,-2.054187059402466
1779968401964281300,66.08428125,-0.046273041516542435,1.077413558959961,-3.4436001777648926
1779968401980610600,66.10061059570313,0.24007004499435425,4.413501262664795,-3.5140023231506348
1779968401996937500,66.1169375,0.37919458746910095,6.216470241546631,-2.886338233947754
1779968402013276000,66.13327587890625,0.0455094613134861,5.411655426025391,-0.9859365224838257
1779968402029610500,66.14961059570312,-0.8442157506942749,1.8403842449188232,3.441767454147339
1779968402045939200,66.16593920898437,-0.860556423664093,1.7660114765167236,3.302795648574829
1779968402062268000,66.18226782226563,-0.8316930532455444,1.8359555006027222,-1.5725198984146118
1779968402078604000,66.19860400390625,-0.40194934606552124,2.2288944721221924,-1.9197967052459717
1779968402094930000,66.21492993164063,-0.36422839760780334,3.232851505279541,-1.35535728931427
1779968402111263500,66.23126342773438,-1.250288486480713,4.464355945587158,-1.7371480464935303
1779968402127573000,66.24757299804688,-1.5766432285308838,3.743229389190674,-1.9118554592132568
1779968402143915000,66.2639150390625,-1.559233546257019,2.0204367637634277,-2.956587791442871
1779968402160247800,66.28024780273438,-2.4446825981140137,2.7811167240142822,-4.641659736633301
1779968402176578600,66.29657861328126,-4.429383754730225,4.045149803161621,-5.158451557159424
1779968402192909800,66.31290991210938,-2.769357681274414,-1.2819007635116577,-4.76841402053833
1779968402209253600,66.32925366210938,0.5694791078567505,-1.521359920501709,-7.9746928215026855
1779968402225575000,66.34557495117187,1.8889480829238892,2.498133420944214,-4.606534957885742
1779968402241906400,66.36190649414063,0.9127854108810425,1.4340062141418457,-2.492330312728882
1779968402258238200,66.37823828125,0.3081815242767334,0.44654250144958496,-2.390010356903076
1779968402274568200,66.39456811523438,-0.34544429183006287,-0.13790282607078552,-2.4042129516601562
1779968402290902800,66.41090283203125,-1.1940888166427612,-2.3519840240478516,-1.4957035779953003
1779968402307233300,66.4272333984375,-1.1794281005859375,0.45875978469848633,-0.029474247246980667
1779968402323581700,66.44358178710938,-1.0548115968704224,1.8280142545700073,0.775340735912323
1779968402339910000,66.45990991210938,-0.3315471112728119,1.5401439666748047,1.0917688608169556
1779968402356243700,66.47624365234375,0.3271183371543884,0.23258693516254425,1.1281154155731201
1779968402372560400,66.49256030273438,0.7846564054489136,-0.5577199459075928,1.603826642036438
1779968402388902100,66.50890209960937,1.1800389289855957,-0.7715228199958801,1.9778289794921875
1779968402405243400,66.52524340820312,1.4419474601745605,-1.0705413818359375,2.2881484031677246
1779968402421569800,66.54156982421875,1.6646077632904053,-1.6833919286727905,2.6145031452178955
1779968402437885200,66.55788525390625,2.2501220703125,-1.7844901084899902,2.9601001739501953
1779968402454225400,66.57422534179688,2.9080240726470947,-2.7516424655914307,3.1815388202667236
1779968402470559200,66.59055932617187,2.6960537433624268,-3.827376127243042,3.7804923057556152
1779968402486871600,66.60687158203125,1.8448129892349243,-3.6028831005096436,4.206723690032959
1779968402503227400,66.62322729492188,-0.18997909128665924,-3.950770854949951,3.9620718955993652
1779968402519561200,66.63956127929687,-2.6621506214141846,-3.556915521621704,4.201836585998535
1779968402535892000,66.65589208984375,-2.7847819328308105,-1.4039210081100464,4.916090965270996
1779968402552209400,66.67220947265625,-0.17241671681404114,1.053742527961731,4.167017459869385
1779968402568540700,66.68854077148437,1.197295904159546,-0.5222898125648499,3.553861379623413
1779968402584870000,66.70486987304687,1.131933331489563,-0.5984952449798584,2.892446994781494
1779968402601218000,66.72121801757812,1.3002266883850098,-1.1331549882888794,1.5917620658874512
1779968402617566000,66.73756591796875,0.8988882303237915,-2.1392500400543213,0.5342016816139221
1779968402633867800,66.75386767578125,0.5523748993873596,-2.308917999267578,-0.056810468435287476
1779968402650201600,66.77020166015625,-0.2776382565498352,-2.4856107234954834,-0.07528914511203766
1779968402666534100,66.7865341796875,-1.1047497987747192,-2.313957452774048,-0.7980954647064209
1779968402682867200,66.8028671875,-1.074817419052124,-1.6562083959579468,-2.82265567779541
1779968402699175700,66.81917578125,-0.7298312783241272,1.1649199724197388,-3.268892526626587
1779968402715529000,66.83552905273437,-0.4645630121231079,4.0019307136535645,-2.961474657058716
1779968402731850800,66.85185083007812,-0.020922135561704636,5.405088424682617,-2.3713788986206055
1779968402748196400,66.8681962890625,-0.2203696370124817,4.449389934539795,-0.10842858254909515
1779968402764535600,66.88453564453125,0.09972374886274338,2.2792909145355225,3.3597588539123535
1779968402780861000,66.90086083984374,0.6360634565353394,2.7684412002563477,0.10919216275215149
1779968402797190100,66.91719018554687,1.0939068794250488,0.7145596146583557,-1.4943290948867798
1779968402813517800,66.93351782226563,0.27870726585388184,1.6604844331741333,-1.116508960723877
1779968402829866200,66.9498662109375,-0.4970915913581848,3.0717358589172363,-1.1424707174301147
1779968402846194200,66.96619409179688,-1.0630582571029663,2.8006644248962402,-1.4986051321029663
1779968402862506000,66.98250610351562,-1.8803958892822266,2.666121244430542,-1.2023354768753052
1779968402878860500,66.99886059570312,-2.676811456680298,1.5454890727996826,-1.7502816915512085
1779968402895177200,67.01517724609376,-3.160769462585449,0.7185302376747131,-3.4052681922912598
1779968402911526400,67.0315263671875,-3.054020881652832,-1.6174184083938599,-3.4903314113616943
1779968402927858200,67.04785815429688,-1.2337950468063354,-5.556430339813232,-5.565440654754639
1779968402944177700,67.064177734375,0.8246681094169617,-1.9245309829711914,-9.058062553405762
1779968402960513800,67.080513671875,1.0256427526474,4.8505754470825195,-4.598898887634277
1779968402976855800,67.09685571289063,0.2736676335334778,2.7177395820617676,-2.4830145835876465
1779968402993182700,67.1131826171875,-0.6522513628005981,0.11591167747974396,-2.453234910964966
1779968403009512400,67.12951245117188,-1.3854423761367798,-0.5580254197120667,-2.2763893604278564
1779968403025851100,67.14585107421875,-1.3069461584091187,-0.7339546084403992,-1.0778716802597046
1779968403042180600,67.1621806640625,-1.0529789924621582,-0.23457226157188416,0.15485434234142303
1779968403058512100,67.17851220703125,-0.4983133375644684,1.7273741960525513,1.1436924934387207
1779968403074830600,67.19483056640625,0.38759398460388184,1.7342463731765747,1.231046199798584
1779968403091170300,67.21117041015626,0.8837692737579346,0.12538009881973267,1.2777774333953857
1779968403107512800,67.22751293945312,1.4132367372512817,-0.9425650835037231,1.5250251293182373
1779968403123823400,67.2438232421875,1.870163917541504,-1.060920238494873,1.7458528280258179
1779968403140157400,67.26015747070312,1.9848538637161255,-1.3539828062057495,1.934457540512085
1779968403156488200,67.27648828125,1.4217888116836548,-1.5219707489013672,2.3356432914733887
1779968403172822800,67.29282275390625,1.5202908515930176,-2.705522060394287,3.3095152378082275
1779968403189153300,67.3091533203125,1.4501941204071045,-4.022242069244385,3.975205659866333
1779968403205486300,67.325486328125,1.3712397813796997,-4.148538589477539,4.04881477355957
1779968403221817300,67.3418173828125,0.8726209998130798,-3.190854549407959,4.180761814117432
1779968403238150100,67.35815014648438,-0.4386012554168701,-2.3580925464630127,4.195269584655762
1779968403254479000,67.37447900390625,-1.8518379926681519,-0.5393940210342407,4.697248458862305
1779968403270813400,67.3908134765625,-1.6221526861190796,1.9222402572631836,4.750088214874268
1779968403287143000,67.40714282226563,0.013744467869400978,-0.35353827476501465,3.470172643661499
1779968403303494100,67.423494140625,0.7263187766075134,-2.4324653148651123,3.0001118183135986
1779968403319800600,67.43980053710938,0.9599747061729431,-2.093435287475586,2.302962064743042
1779968403336166000,67.45616577148438,0.8628471493721008,-1.5493069887161255,1.1485793590545654
1779968403352483800,67.47248388671875,0.5988006591796875,-1.8929187059402466,0.18555031716823578
1779968403368818000,67.48881787109374,0.5813909769058228,-2.5331053733825684,-0.42439863085746765
1779968403385132500,67.50513256835937,0.02519819140434265,-2.5083653926849365,-0.6233879923820496
1779968403401481700,67.52148168945313,-0.7947356700897217,-1.9162843227386475,-1.1059715747833252
1779968403417813800,67.53781372070313,-0.8144360780715942,-0.9117164015769958,-2.707507371902466
1779968403434147800,67.55414794921874,-0.4216497242450714,1.9872974157333374,-3.383277177810669
1779968403450459600,67.57045971679688,-0.04902193695306778,4.506505489349365,-3.265990972518921
1779968403466808800,67.58680883789063,0.5740606188774109,6.718296051025391,-2.0638082027435303
1779968403483123700,67.60312377929688,-0.031154127791523933,4.5935540199279785,2.5674667358398438
1779968403499471600,67.6194716796875,0.1365283876657486,1.4262176752090454,4.456414699554443
1779968403515803000,67.63580297851563,0.7527387142181396,2.3458752632141113,0.11056660860776901
1779968403532137700,67.6521376953125,0.954018771648407,2.0755674839019775,-1.6447546482086182
1779968403548462800,67.668462890625,0.36789360642433167,1.9318612813949585,-1.9624046087265015
1779968403564774100,67.68477416992188,-0.43539419770240784,3.1227431297302246,-2.0337231159210205
1779968403581115400,67.70111547851562,-1.7049249410629272,4.127158164978027,-1.6795740127563477
1779968403597451000,67.71745092773438,-2.5453226566314697,2.414292097091675,-1.7537940740585327
1779968403613776600,67.73377661132812,-2.8217391967773438,1.1574369668960571,-2.573575258255005
1779968403630112800,67.75011279296875,-3.3629658222198486,1.0942124128341675,-3.7030651569366455
1779968403646444000,67.76644409179687,-2.866332530975342,-2.0283780097961426,-3.0804407596588135
1779968403662776000,67.78277612304687,-0.9089674949645996,-4.796208381652832,-6.5781025886535645
1779968403679113700,67.79911376953125,1.0729848146438599,1.0377073287963867,-7.385971546173096
1779968403695436800,67.81543676757812,0.9900598526000977,4.374558925628662,-3.720932960510254
1779968403711767800,67.83176782226562,0.3149010241031647,0.670577347278595,-2.4740042686462402
1779968403728105200,67.84810522460937,-0.6997461318969727,0.08765916526317596,-2.3739750385284424
1779968403744436000,67.86443603515625,-1.562135100364685,-0.6114761233329773,-2.1281018257141113
1779968403760764200,67.88076416015625,-1.3490959405899048,-0.48685958981513977,-1.592373013496399
1779968403777102600,67.8971025390625,-1.1018482446670532,-0.8515461683273315,-0.761443555355072
1779968403793432000,67.91343212890625,-1.0053315162658691,0.7947356700897217,0.6571382880210876
1779968403809774000,67.92977416992187,-0.02886338345706463,1.0554224252700806,0.9743300676345825
1779968403826110000,67.94610986328125,0.9135489463806152,-0.3494149148464203,0.9726501703262329
1779968403842438700,67.96243872070312,1.6195564270019531,-1.4391984939575195,1.415680170059204
1779968403858758100,67.97875805664063,1.9254472255706787,-1.3110694885253906,2.236530303955078
1779968403875090400,67.99509033203125,1.9927951097488403,-1.6313155889511108,2.7945556640625
1779968403891423700,68.011423828125,1.848325490951538,-2.9823968410491943,3.4542901515960693
1779968403907754000,68.02775390625,1.7386752367019653,-4.713894367218018,3.7641515731811523
1779968403924085500,68.04408544921876,1.5570955276489258,-5.325981140136719,4.3423357009887695
1779968403940418800,68.06041870117187,1.3701707124710083,-4.965418338775635,4.664566993713379
1779968403956763100,68.07676318359376,0.018936822190880775,-4.413654327392578,4.943121433258057
1779968403973098800,68.0930986328125,-1.8677204847335815,-2.9413161277770996,5.611255645751953
1779968403989426400,68.10942651367188,-2.869234085083008,0.8709411025047302,5.9418864250183105
1779968404005756000,68.125755859375,-0.618195652961731,1.7890715599060059,4.251469612121582
1779968404022094000,68.14209399414062,1.1042916774749756,-0.47448956966400146,3.7255144119262695
1779968404038422800,68.1584228515625,1.331380844116211,-1.3255776166915894,3.314249277114868
1779968404054758400,68.17475830078125,1.4856243133544922,-2.214081048965454,1.757459282875061
1779968404071082500,68.19108251953125,0.8982773423194885,-2.247525930404663,0.48655417561531067
1779968404087402200,68.20740234375,0.7050912380218506,-2.1030564308166504,-0.24159720540046692
1779968404103733000,68.22373291015624,-0.11804971098899841,-2.380847215652466,-1.096961259841919
1779968404120069400,68.2400693359375,-0.955545961856842,-1.860848307609558,-2.6960537433624268
1779968404136399600,68.25639965820312,-0.8110763430595398,0.432034432888031,-4.041942596435547
1779968404152729900,68.27272973632813,-0.8068002462387085,3.6923749446868896,-3.972914934158325
1779968404169066800,68.28906665039062,-0.8132143616676331,6.1456098556518555,-3.649156332015991
1779968404185398500,68.3053984375,-0.5090034604072571,6.999904632568359,-3.015230894088745
1779968404201724400,68.32172436523437,-0.545655369758606,5.546961784362793,0.4999932050704956
1779968404218060800,68.33806079101562,-0.2643519341945648,1.3469579219818115,5.349499702453613
1779968404234390500,68.354390625,1.5990924835205078,3.254689931869507,1.811673641204834
1779968404250724000,68.37072412109374,2.7513370513916016,0.24755313992500305,-1.9242255687713623
1779968404267051800,68.3870517578125,1.330159068107605,2.0091357231140137,0.1241583600640297
1779968404283393800,68.40339379882812,0.3966042697429657,2.9935450553894043,-0.5913175344467163
1779968404299735600,68.41973559570313,-0.755793035030365,2.132836103439331,-1.1870639324188232
1779968404316065300,68.43606518554688,-1.754557728767395,2.3933699131011963,-1.1974486112594604
1779968404332379400,68.45237939453125,-2.752253293991089,2.3664920330047607,-2.827389717102051
1779968404348728300,68.46872827148438,-4.366922855377197,3.6438112258911133,-4.700760841369629
1779968404365043000,68.48504296875,-5.891031742095947,3.377321243286133,-4.5992045402526855
1779968404381390800,68.50139086914062,-2.8015806674957275,-6.951035499572754,-4.078441619873047
1779968404397706800,68.51770678710938,0.18280142545700073,-3.009580373764038,-6.358343601226807
1779968404414055000,68.53405493164063,1.6229162216186523,3.802025318145752,-3.754530429840088
1779968404430385700,68.5503857421875,0.9576839804649353,1.9115500450134277,-3.1076242923736572
1779968404446718000,68.56671801757813,-0.2932153046131134,0.9509644508361816,-2.417651891708374
1779968404463031000,68.58303100585937,-1.2646437883377075,1.8159496784210205,-1.6303993463516235
1779968404479387400,68.59938745117188,-1.5373951196670532,-0.694553792476654,-1.7235562801361084
1779968404495708400,68.61570849609375,-1.2625057697296143,-1.0580185651779175,-1.112691044807434
1779968404512047900,68.6320478515625,-1.254717230796814,0.04337143152952194,0.22159136831760406
1779968404528365300,68.648365234375,-0.6579018831253052,1.258840560913086,0.8862127661705017
1779968404544710100,68.66471020507812,0.20922134816646576,0.2741257846355438,0.9760099649429321
1779968404561038300,68.68103833007812,0.8266534209251404,-0.7611380815505981,1.178359031677246
1779968404577375200,68.69737524414063,1.4963144063949585,-1.0839803218841553,1.93598473072052
1779968404593684700,68.71368481445313,1.8930714130401611,-1.1424707174301147,2.6087000370025635
1779968404610025500,68.730025390625,2.1126773357391357,-2.4559836387634277,3.100904703140259
1779968404626357200,68.74635717773438,2.521498918533325,-3.7583484649658203,3.433215379714966
1779968404642686500,68.7626865234375,2.6229026317596436,-4.383721828460693,3.561802625656128
1779968404659018800,68.77901879882812,1.9734001159667969,-5.1405839920043945,3.8172969818115234
1779968404675348200,68.79534814453125,0.3982841372489929,-6.2039475440979,4.429841995239258
1779968404691672600,68.81167260742187,-1.555110216140747,-5.105459213256836,4.58072566986084
1779968404708015000,68.82801513671875,-2.57342267036438,-1.5864170789718628,5.252983093261719
1779968404724350700,68.84435083007813,-1.2957979440689087,1.6699528694152832,4.81881046295166
1779968404740676400,68.86067626953125,0.022449297830462456,-0.5581781268119812,4.12929630279541
1779968404757008000,68.8770078125,0.29077184200286865,-0.9582948684692383,3.9855902194976807
1779968404773349000,68.89334912109375,1.1779009103775024,-0.5192354321479797,2.6952900886535645
1779968404789690400,68.9096904296875,1.3703234195709229,-0.7331910133361816,0.8567385077476501
1779968404806018300,68.92601831054688,0.6104071140289307,-1.4330898523330688,0.0039706239476799965
1779968404822354700,68.94235473632813,0.24327708780765533,-1.333060622215271,-0.5181664228439331
1779968404838681600,68.958681640625,-0.5751296281814575,-1.3972015380859375,-0.8923214077949524
1779968404855010600,68.97501049804687,-1.158505916595459,-1.5734361410140991,-2.116647958755493
1779968404871347500,68.99134741210938,-0.7683157324790955,0.08918632566928864,-3.3454034328460693
1779968404887677000,69.00767700195313,-0.575893223285675,3.411835193634033,-3.3455562591552734
1779968404904011800,69.02401171875,-0.3098613917827606,5.251455783843994,-2.903442621231079
1779968404920316700,69.04031665039062,-0.06368270516395569,4.5547637939453125,-1.7234035730361938
1779968404936683000,69.05668310546875,-0.10766500234603882,3.7757580280303955,3.0966286659240723
1779968404952986600,69.07298657226562,0.6201809644699097,3.53141188621521,2.539824962615967
1779968404969321000,69.08932104492187,1.3026701211929321,0.6443101167678833,-1.0839803218841553
1779968404985653500,69.10565356445312,1.1748465299606323,-0.2292271852493286,-1.1527026891708374
1779968405001985000,69.12198510742188,-0.2721404731273651,2.800053596496582,-1.3231340646743774
1779968405018320100,69.13832006835938,-0.9500481486320496,3.360522508621216,-2.040748119354248
1779968405034652000,69.15465185546876,-1.9196439981460571,2.7236955165863037,-1.9834794998168945
1779968405050983000,69.17098291015625,-2.702315092086792,1.3243558406829834,-2.3971879482269287
1779968405067315200,69.18731518554688,-2.852435350418091,0.5711590051651001,-3.564398765563965
1779968405083646700,69.20364672851562,-3.282637119293213,-0.3222314119338989,-4.088062763214111
1779968405099966200,69.21996630859375,-1.944231390953064,-3.508810043334961,-3.718489408493042
1779968405116306700,69.236306640625,-0.12538009881973267,-0.8170322775840759,-7.262423992156982
1779968405132644400,69.25264428710938,1.08718740940094,2.5676193237304688,-5.339420318603516
1779968405148974300,69.26897436523437,0.8475755453109741,1.05404794216156,-3.3350188732147217
1779968405165307400,69.28530737304688,0.02932153269648552,-0.6795876026153564,-2.831207752227783
1779968405181636900,69.30163696289063,-0.8935431241989136,0.22617286443710327,-2.353663682937622
1779968405197965800,69.3179658203125,-1.711338996887207,-0.2857322096824646,-1.736537218093872
1779968405214301200,69.33430126953125,-1.7521142959594727,-0.20387627184391022,-1.3132075071334839
1779968405230633500,69.35063354492188,-1.7357735633850098,-0.22800545394420624,-0.014813481830060482
1779968405246964200,69.36696411132813,-1.224173903465271,1.4378241300582886,1.2040153741836548
1779968405263295700,69.38329565429687,-0.05726861581206322,1.6557502746582031,1.4827226400375366
1779968405279644200,69.39964404296875,0.7108944058418274,-0.01771509274840355,1.313360333442688
1779968405295958500,69.41595849609375,1.2217304706573486,-1.0421360731124878,1.5683965682983398
1779968405312306000,69.43230590820312,1.4114041328430176,-0.8462010622024536,2.174527645111084
1779968405328636400,69.44863647460937,1.2776246070861816,-1.2554807662963867,2.906344175338745
1779968405344953000,69.464953125,1.4401148557662964,-2.018298864364624,3.6109771728515625
1779968405361286000,69.48128588867188,2.568840980529785,-3.501021385192871,3.718794822692871
1779968405377647400,69.4976474609375,2.978120803833008,-5.342474937438965,3.288898468017578
1779968405393960700,69.51396069335938,1.7704402208328247,-5.26855993270874,4.0547709465026855
1779968405410298600,69.53029858398438,-0.38728857040405273,-3.472463369369507,4.475351333618164
1779968405426612700,69.54661279296874,-1.8434386253356934,-1.909564733505249,4.62913703918457
1779968405442939600,69.56293969726562,-2.096642255783081,1.0754282474517822,5.31284761428833
1779968405459261700,69.57926171875,-0.8028296232223511,2.0673208236694336,4.241084575653076
1779968405475621000,69.59562109375,0.8338310718536377,-0.831234872341156,3.391523838043213
1779968405491940400,69.6119404296875,1.182176947593689,-1.2733485698699951,3.3825135231018066
1779968405508303400,69.62830346679688,1.2785409688949585,-1.2545645236968994,2.5619688034057617
1779968405524603000,69.64460278320313,1.040150761604309,-1.7774651050567627,1.0538952350616455
1779968405540924700,69.66092456054687,0.7154759168624878,-1.8399261236190796,-0.12018773704767227
1779968405557298700,69.67729858398438,0.46181413531303406,-2.0137171745300293,-0.8344419002532959
1779968405573602300,69.69360229492187,-0.3767511546611786,-2.1896464824676514,-0.9320276379585266
1779968405589931000,69.70993090820312,-1.0018190145492554,-1.786475419998169,-1.4575244188308716
1779968405606255000,69.72625512695312,-1.1314750909805298,-1.595579981803894,-2.9495627880096436
1779968405622590000,69.74258984375,-0.9902125597000122,1.1911872625350952,-3.2000176906585693
1779968405638928400,69.75892846679687,-0.8229882121086121,4.081801414489746,-2.833345651626587
1779968405655258600,69.77525854492187,-0.30314189195632935,5.2777228355407715,-2.5592198371887207
1779968405671595800,69.791595703125,-0.2145664244890213,5.114469051361084,0.4631885588169098
1779968405687923700,69.807923828125,0.27229318022727966,3.1254920959472656,4.5599565505981445
1779968405704256800,69.8242568359375,0.88361656665802,3.053715467453003,0.6485861539840698
1779968405720585700,69.84058569335937,1.6088663339614868,1.102917194366455,-1.7744108438491821
1779968405736922600,69.85692260742188,0.7141014933586121,3.2682816982269287,-1.400255799293518
1779968405753249500,69.87324951171875,-0.5975789427757263,3.7504072189331055,-2.052201747894287
1779968405769605000,69.88960522460937,-1.821752905845642,3.606548309326172,-2.0164661407470703
1779968405785928200,69.90592822265624,-2.9109256267547607,2.607630968093872,-1.6612480878829956
1779968405802259200,69.92225927734376,-3.7728564739227295,1.1325441598892212,-1.9556851387023926
1779968405818593500,69.93859350585937,-3.9620718955993652,-0.3550654351711273,-2.920088529586792
1779968405834924800,69.9549248046875,-2.3018929958343506,-4.23176908493042,-3.1558825969696045
1779968405851255300,69.97125537109375,-0.026572637259960175,-5.02849006652832,-6.699817180633545
1779968405867589000,69.98758911132812,1.6279559135437012,2.3660337924957275,-7.003570079803467
1779968405883921200,70.00392114257812,1.2849550247192383,5.577352523803711,-4.051411151885986
1779968405900247000,70.0202470703125,0.4314235746860504,0.12980885803699493,-2.5413520336151123
1779968405916585000,70.0365849609375,-0.10537425428628922,-0.8235990405082703,-2.143373489379883
1779968405932917800,70.05291772460937,-0.7522805333137512,-0.6588181853294373,-2.297006130218506
1779968405949249000,70.0692490234375,-1.1953105926513672,-0.7586946487426758,-1.2470813989639282
1779968405965578200,70.085578125,-1.0761919021606445,-0.4856378734111786,-0.24648413062095642
1779968405981907000,70.10190698242188,-1.0406090021133423,0.6204863786697388,0.6995934247970581
1779968405998245400,70.11824536132812,-0.536797821521759,0.7858781218528748,1.0891727209091187
1779968406014574600,70.13457470703125,0.12660181522369385,-0.1586722433567047,1.2974777221679688
1779968406030904300,70.150904296875,0.7915286421775818,-0.8246681094169617,1.4262176752090454
1779968406047238100,70.16723803710937,1.3183999061584473,-0.8234463334083557,1.5540411472320557
1779968406063553300,70.18355322265624,1.5758795738220215,-0.9286679029464722,1.8713856935501099
1779968406079885600,70.19988549804688,1.4685200452804565,-1.246165156364441,2.648559093475342
1779968406096218600,70.21621850585937,1.7426458597183228,-1.3532192707061768,3.473227024078369
1779968406112541000,70.232541015625,2.316859245300293,-3.5129332542419434,3.624110698699951
1779968406128882200,70.24888208007812,2.2705860137939453,-4.896543025970459,4.060421466827393
1779968406145217500,70.26521752929688,1.7295122146606445,-4.935333251953125,4.021478652954102
1779968406161547800,70.2815478515625,0.24587325751781464,-4.813312530517578,3.713449716567993
1779968406177880300,70.29788037109375,-1.6852245330810547,-4.232379913330078,4.143957138061523
1779968406194197800,70.31419775390626,-1.5445728302001953,-0.07742717117071152,4.699080944061279
1779968406210559000,70.33055908203124,-0.07467827945947647,2.1421515941619873,4.032321453094482
1779968406226873900,70.34687377929687,0.25702154636383057,0.2785545587539673,3.4605515003204346
1779968406243209500,70.36320947265625,0.9836457371711731,-0.16172657907009125,2.7670669555664062
1779968406259543000,70.37954296875,1.6126842498779297,-0.33857205510139465,1.3490959405899048
1779968406275883800,70.3958837890625,0.9934195876121521,-0.7985535860061646,0.1788308024406433
1779968406292200000,70.41219995117187,0.5410739183425903,-1.2035572528839111,-0.23029619455337524
1779968406308549000,70.42854907226562,-0.3168863356113434,-2.4046709537506104,-0.2151772826910019
1779968406324868600,70.44486865234374,-1.2134838104248047,-2.785698175430298,-1.1746938228607178
1779968406341207000,70.46120703125,-1.197295904159546,-0.9871582388877869,-2.437352418899536
1779968406357545200,70.47754516601563,-1.0671815872192383,2.247831344604492,-2.6586382389068604
1779968406373876500,70.49387646484375,-0.5635231733322144,4.647310256958008,-2.5082128047943115
1779968406390202000,70.5102021484375,-0.4343251883983612,5.008484363555908,-1.8632917404174805
1779968406406541800,70.52654174804688,-0.31642818450927734,3.8197402954101562,0.6537785530090332
1779968406422855400,70.54285546875,0.48976120352745056,4.148538589477539,1.2570079565048218
1779968406439189500,70.559189453125,1.0138835906982422,3.0966286659240723,-0.22678372263908386
1779968406455519200,70.57551928710937,0.8084801435470581,1.1369729042053223,-0.7159340381622314
1779968406471867100,70.5918671875,-0.2814561724662781,2.1456642150878906,0.21151208877563477
1779968406488193300,70.608193359375,-0.8732318878173828,0.8677340745925903,-1.650099754333496
1779968406504524300,70.62452416992187,-2.071444034576416,2.741410493850708,-1.6299412250518799
1779968406520857900,70.64085791015626,-2.9184086322784424,2.8067731857299805,-1.5830572843551636
1779968406537196000,70.65719604492188,-3.3701436519622803,0.9437867999076843,-2.579225778579712
1779968406553498400,70.67349829101562,-3.043483257293701,-2.604576587677002,-3.4625368118286133
1779968406569842700,70.6898427734375,-1.410029649734497,-5.851936340332031,-3.11312198638916
1779968406586173700,70.70617358398438,0.2370157092809677,-2.4882068634033203,-8.647866249084473
1779968406602506200,70.72250634765625,1.1088731288909912,4.035833835601807,-6.3775858879089355
1779968406618838800,70.7388388671875,0.3448334336280823,2.651460647583008,-2.6193902492523193
1779968406635170300,70.75517041015625,-0.275347501039505,-0.4482223689556122,-2.2930355072021484
1779968406651496000,70.77149584960938,-0.8930850028991699,-0.27977627515792847,-2.4127650260925293
1779968406667838200,70.78783813476562,-1.272737741470337,-0.18341228365898132,-1.6076445579528809
1779968406684163800,70.80416381835937,-1.1133018732070923,-0.37568211555480957,-0.7411322593688965
1779968406700496600,70.82049658203125,-1.1276572942733765,0.6786713004112244,0.6502660512924194
1779968406716832500,70.83683251953126,-0.37461310625076294,1.659568190574646,1.2348641157150269
1779968406733161500,70.85316137695312,0.3995058834552765,0.0656680166721344,1.1546880006790161
1779968406749506000,70.86950610351562,0.9538660645484924,-1.3458888530731201,1.5083789825439453
1779968406765846000,70.88584594726562,1.3941471576690674,-1.492343783378601,2.0804543495178223
1779968406782170000,70.90217016601562,1.7679967880249023,-1.5541938543319702,2.314415693283081
1779968406798503000,70.9185029296875,1.6366606950759888,-1.848325490951538,2.5592198371887207
1779968406814832600,70.93483251953126,1.7679967880249023,-2.1311562061309814,3.347694158554077
1779968406831163600,70.95116357421875,2.423302412033081,-3.2389602661132812,3.930765151977539
1779968406847501000,70.9675009765625,2.2910501956939697,-4.8898234367370605,4.079510688781738
1779968406863830500,70.98383056640625,1.140485405921936,-5.4898457527160645,3.9064831733703613
1779968406880164400,71.00016430664063,-0.08506298810243607,-4.459621906280518,3.7203221321105957
1779968406896492300,71.0164921875,-1.1766791343688965,-2.592817544937134,4.253607273101807
1779968406912825600,71.03282568359376,-0.6748533844947815,-0.7276932001113892,4.3699774742126465
1779968406929152000,71.04915209960937,0.2116648107767105,-1.0534371137619019,3.6612207889556885
1779968406945479000,71.06547900390625,0.44089198112487793,-1.835344672203064,3.4043519496917725
1779968406961822200,71.081822265625,0.9230173826217651,-1.8057177066802979,2.8545732498168945
1779968406978157300,71.0981572265625,1.0766500234603882,-1.6922494173049927,1.3822352886199951
1779968406994480400,71.11448046875,0.7160868048667908,-1.5680910348892212,0.15775595605373383
1779968407010820600,71.13082055664063,0.6604980230331421,-1.777923345565796,-0.5177083015441895
1779968407027122700,71.14712280273437,0.07849618047475815,-2.2372939586639404,-0.6771441102027893
1779968407043463700,71.16346362304688,-0.8135197758674622,-2.453998327255249,-1.1197160482406616
1779968407059823400,71.1798232421875,-0.8532260060310364,-1.6752979755401611,-2.5309674739837646
1779968407076131600,71.19613159179687,-0.6939429044723511,0.9162978529930115,-3.047759532928467
1779968407092463000,71.21246313476563,-0.43127086758613586,3.665191411972046,-2.766303300857544
1779968407108793300,71.22879345703124,-0.03985895588994026,5.3328537940979,-2.08274507522583
1779968407125113900,71.24511376953124,-0.5639813542366028,4.6996917724609375,2.923448324203491
1779968407141452500,71.26145263671874,-0.21365012228488922,2.554638385772705,4.310265064239502
1779968407157785900,71.27778588867187,0.0933096632361412,3.0028607845306396,-0.31902438402175903
1779968407174120200,71.2941201171875,0.7767151594161987,2.71071457862854,-2.165822744369507
1779968407190452000,71.31045190429687,0.21212296187877655,3.414583921432495,-1.6375770568847656
1779968407206784800,71.32678466796875,-0.6592763066291809,3.1590895652770996,-1.6067283153533936
1779968407223104800,71.34310473632813,-1.7916678190231323,3.3618969917297363,-1.7620408535003662
1779968407239452400,71.35945239257812,-2.2038490772247314,1.9265162944793701,-1.832901120185852
1779968407255798000,71.37579809570312,-2.582127332687378,0.33337971568107605,-2.4770586490631104
1779968407272125000,71.392125,-2.9743027687072754,0.5212207436561584,-3.590207815170288
1779968407288461800,71.4084619140625,-2.9240591526031494,-0.71318519115448,-3.8852555751800537
1779968407304796400,71.42479638671875,-0.21792617440223694,-1.8684840202331543,-6.96783447265625
1779968407321105200,71.44110522460937,1.7261524200439453,2.5331053733825684,-6.8858256340026855
1779968407337451500,71.45745141601563,1.1775954961776733,3.3408219814300537,-3.5475997924804688
1779968407353781800,71.47378173828125,0.3266601860523224,-0.3819434940814972,-2.4604125022888184
1779968407370156500,71.49015649414062,0.08002334833145142,-0.18860463798046112,-2.4581217765808105
1779968407386447600,71.50644750976562,-0.6279694437980652,-0.9442449808120728,-2.356107234954834
1779968407402763000,71.52276293945313,-0.9263771176338196,-1.1287262439727783,-1.4256067276000977
1779968407419109400,71.539109375,-0.9233227968215942,-0.7319692969322205,-0.394618958234787
1779968407435447800,71.55544775390625,-0.9378308653831482,0.6513350605964661,0.946382999420166
1779968407451771600,71.57177172851563,-0.2756529450416565,0.7478517889976501,1.4245377779006958
1779968407468111000,71.58811108398437,0.33169981837272644,-0.5560401082038879,1.543809175491333
1779968407484423000,71.6044228515625,0.68325275182724,-1.314734697341919,1.7997617721557617
1779968407500766500,71.62076635742187,1.0587822198867798,-1.2858713865280151,2.249816656112671
1779968407517103000,71.63710302734376,1.0580185651779175,-2.0056233406066895,2.8898508548736572
1779968407533428000,71.65342797851562,1.0329731702804565,-2.515848398208618,3.5582900047302246
1779968407549753900,71.66975390625,2.08274507522583,-3.461162567138672,3.8000400066375732
1779968407566083000,71.6860830078125,2.769510269165039,-4.150829315185547,3.664733409881592
1779968407582413600,71.70241357421875,2.168877124786377,-4.74779748916626,3.847076654434204
1779968407598749000,71.7187490234375,0.304210901260376,-4.23955774307251,4.118453502655029
1779968407615078100,71.735078125,-2.02929425239563,-2.8429667949676514,4.613865375518799
1779968407631418400,71.75141845703125,-3.0024027824401855,-0.12660181522369385,5.353928565979004
1779968407647741000,71.76774096679688,-1.616044044494629,1.243721604347229,4.820642948150635
1779968407664076000,71.78407592773438,0.3651446998119354,-0.860556423664093,3.571118116378784
1779968407680405500,71.80040551757813,1.592373013496399,-2.0202841758728027,2.6539039611816406
1779968407696741600,71.81674169921875,1.9895881414413452,-1.407128095626831,1.4460707902908325
1779968407713072400,71.833072265625,1.169806957244873,-1.7270687818527222,0.21609358489513397
1779968407729405700,71.84940576171876,0.6885978579521179,-2.2986860275268555,-0.42378777265548706
1779968407745752800,71.8657529296875,-0.01466076634824276,-2.367255449295044,-0.5751296281814575
1779968407762064600,71.88206469726562,-0.880104124546051,-1.9097174406051636,-1.1940888166427612
1779968407778412300,71.89841235351562,-0.9990701079368591,-0.8671231865882874,-2.5114197731018066
1779968407794745300,71.91474536132813,-0.8723155856132507,1.948354721069336,-2.9208521842956543
1779968407811054300,71.93105444335937,-0.5954409241676331,4.3366851806640625,-3.0834951400756836
1779968407827406000,71.94740600585938,-0.17211128771305084,6.119800567626953,-2.903748035430908
1779968407843740700,71.96374072265625,-0.048105638474226,5.692348003387451,-0.2041817009449005
1779968407860072200,71.980072265625,0.2275473028421402,4.658305644989014,3.33868408203125
1779968407876403200,71.9964033203125,0.31154128909111023,4.571104526519775,-0.1996002197265625
1779968407892733200,72.01273315429688,0.3930917978286743,3.3927454948425293,-1.7363845109939575
1779968407909070000,72.02907006835937,-0.5629123449325562,1.3081679344177246,-1.4086552858352661
1779968407925398300,72.04539819335938,-0.522595226764679,0.6940956115722656,-1.7595973014831543
1779968407941730300,72.06173022460938,-1.3003793954849243,2.6510024070739746,-1.4340062141418457
1779968407958061000,72.07806103515625,-2.4781274795532227,2.738966941833496,-0.8808676600456238
1779968407974395100,72.09439501953125,-2.777909755706787,1.4986051321029663,-1.833817481994629
1779968407990710300,72.11071020507812,-3.198795795440674,0.1469130963087082,-3.596316337585449
1779968408007060000,72.12706005859376,-2.453998327255249,-2.42055344581604,-2.930778741836548
1779968408023374600,72.14337451171875,-0.963792622089386,-4.096614837646484,-6.597497463226318
1779968408039708000,72.1597080078125,0.759916365146637,1.266018271446228,-6.894072532653809
1779968408056039700,72.17603979492188,1.035722017288208,3.8560869693756104,-3.461315155029297
1779968408072372500,72.19237255859375,0.36560285091400146,0.8949176073074341,-2.4408648014068604
1779968408088691700,72.20869165039062,-0.3335324227809906,0.5514585971832275,-2.088395595550537
1779968408105036800,72.22503686523437,-1.0925325155258179,0.3674354553222656,-1.8361082077026367
1779968408121367600,72.24136743164063,-1.223868489265442,-0.6159048676490784,-1.2249375581741333
1779968408137681700,72.257681640625,-1.0080803632736206,-0.7295258045196533,-0.2854267954826355
1779968408154034000,72.27403393554688,-0.8814785480499268,0.30741792917251587,0.6765332818031311
1779968408170348500,72.2903486328125,-0.03848451003432274,0.5807801485061646,1.0487029552459717
1779968408186697500,72.30669750976563,0.6925684809684753,-0.7200574278831482,1.191950798034668
1779968408203025700,72.32302563476563,1.0548115968704224,-1.5425875186920166,1.7084373235702515
1779968408219357400,72.339357421875,1.3800972700119019,-1.6836973428726196,2.3967297077178955
1779968408235691500,72.35569140625,1.588555097579956,-1.9769126176834106,2.930931329727173
1779968408252023300,72.37202319335937,1.7270687818527222,-2.645810127258301,3.4494032859802246
1779968408268351000,72.38835107421875,2.069153308868408,-3.3542611598968506,4.185343265533447
1779968408284696600,72.40469653320312,2.288912057876587,-3.7559049129486084,3.938400983810425
1779968408301037800,72.42103784179687,1.8668042421340942,-4.92158842086792,3.5949418544769287
1779968408317344500,72.43734448242188,-0.33597588539123535,-4.435950756072998,3.751781702041626
1779968408333678800,72.45367895507812,-2.722321033477783,-1.7159204483032227,4.37715482711792
1779968408350025000,72.47002490234375,-1.9591975212097168,0.5199990272521973,5.0959906578063965
1779968408366360600,72.48636059570312,0.027183502912521362,0.058184914290905,3.992156982421875
1779968408382690300,72.50269018554687,0.9955576062202454,-1.0994046926498413,3.05157732963562
1779968408399005000,72.5190048828125,1.365131139755249,-1.0673342943191528,2.331061840057373
1779968408415329300,72.53532934570312,1.863444447517395,-0.28496864438056946,1.1943942308425903
1779968408431687200,72.55168725585938,1.4706580638885498,-0.6006332635879517,0.15790866315364838
1779968408448015400,72.56801538085938,1.2414308786392212,-1.2524265050888062,-0.6090326309204102
1779968408464324400,72.58432446289062,0.7081455588340759,-2.015549898147583,-0.9586002826690674
1779968408480675600,72.60067553710938,-0.2952006161212921,-2.3299927711486816,-1.2379183769226074
1779968408497031700,72.61703173828126,-0.8827002644538879,-2.4222333431243896,-2.4269676208496094
1779968408513329200,72.6333291015625,-1.4268285036087036,-1.211803913116455,-3.1002938747406006
1779968408529662700,72.64966284179687,-1.597107172012329,0.9440922141075134,-2.446057081222534
1779968408545995000,72.6659951171875,-0.7629706859588623,1.9391916990280151,-1.316567301750183
1779968408562328000,72.682328125,-0.6557638645172119,2.4805710315704346,0.8449793457984924
1779968408578659000,72.6986591796875,-1.168279767036438,2.752406120300293,4.582863807678223
1779968408594989800,72.71498974609375,-0.413555771112442,3.0892982482910156,2.054187059402466
1779968408611321300,72.7313212890625,1.1023063659667969,2.3150265216827393,-1.2337950468063354
1779968408627673600,72.74767358398438,0.9651671051979065,5.487860679626465,-2.5502097606658936
1779968408643974000,72.76397387695313,-0.1895209401845932,4.046065807342529,-2.459648847579956
1779968408660317400,72.7803173828125,-1.4005613327026367,2.7197248935699463,-1.6087136268615723
1779968408676649500,72.7966494140625,-1.9885190725326538,0.4343251883983612,-1.4534010887145996
1779968408692982800,72.81298266601563,-1.8625280857086182,-1.2867876291275024,-2.414444923400879
1779968408709312500,72.8293125,-2.1656699180603027,-0.48166725039482117,-3.9849793910980225
1779968408725644500,72.84564453125,-2.3909265995025635,0.18081611394882202,-4.290717601776123
1779968408741993200,72.8619931640625,-1.0157161951065063,1.0673342943191528,-4.929987907409668
1779968408758324200,72.87832421875,0.28619036078453064,2.8295278549194336,-5.548794269561768
1779968408774651600,72.89465161132813,0.7185302376747131,2.60182785987854,-4.626235008239746
1779968408790985200,72.91098510742188,0.24373523890972137,-0.2565633952617645,-3.3400583267211914
1779968408807318800,72.92731884765625,0.3090978264808655,-0.17562375962734222,-2.087937355041504
1779968408823649500,72.9436494140625,0.10430523753166199,1.4691308736801147,-1.9996674060821533
1779968408839980000,72.95997998046874,-0.7709119319915771,-1.4785993099212646,-2.0445659160614014
1779968408856312600,72.9763125,-1.0096075534820557,-1.0030407905578613,-0.266184538602829
1779968408872645600,72.99264575195312,-0.6827946305274963,0.41630467772483826,0.522595226764679
1779968408888961800,73.0089619140625,-0.17623461782932281,1.105207920074463,1.035416603088379
1779968408905296000,73.0252958984375,0.42149701714515686,0.38438695669174194,1.3581061363220215
1779968408921639700,73.0416396484375,0.812298059463501,-0.8274169564247131,1.6840027570724487
1779968408937973000,73.05797290039062,1.112691044807434,-1.404073715209961,2.1197023391723633
1779968408954306000,73.07430615234375,1.2664763927459717,-1.795332908630371,2.5101981163024902
1779968408970617900,73.09061791992187,1.2687671184539795,-2.093282461166382,2.895195722579956
1779968408986960000,73.1069599609375,1.5248724222183228,-3.0326404571533203,3.679394006729126
1779968409003284500,73.12328442382812,1.8333593606948853,-3.5830299854278564,4.310417652130127
1779968409019614700,73.13961474609376,2.2910501956939697,-3.5779905319213867,4.177554607391357
1779968409035950800,73.15595092773438,2.004707098007202,-2.827237129211426,4.027129173278809
1779968409052283400,73.17228344726563,-1.6673567295074463,0.09712757170200348,3.8457021713256836
1779968409068601600,73.1886015625,-2.880535125732422,1.3116804361343384,4.569424629211426
1779968409084934700,73.2049345703125,-1.0644327402114868,1.182482361793518,4.514752388000488
1779968409101277000,73.22127685546874,0.5627595782279968,-0.722348153591156,3.1818442344665527
1779968409117628000,73.2376279296875,1.1853840351104736,-1.5189164876937866,2.1821634769439697
1779968409133925000,73.25392504882812,1.6079500913619995,-1.5795447826385498,1.124755620956421
1779968409150272500,73.2702724609375,1.1406381130218506,-1.2844969034194946,0.20861047506332397
1779968409166594300,73.28659423828125,0.8967501521110535,-1.5086843967437744,-0.6966918110847473
1779968409182922200,73.30292211914062,0.6698137521743774,-2.2459988594055176,-1.0370965003967285
1779968409199257900,73.3192578125,-0.10445795953273773,-2.062739133834839,-0.8961393237113953
1779968409215604200,73.33560424804688,-0.7573201656341553,-0.9046914577484131,-1.6478090286254883
1779968409231919900,73.351919921875,-0.9306532144546509,0.21578814089298248,-2.747366428375244
1779968409248265000,73.36826489257813,-0.7849618196487427,2.644130229949951,-3.02622652053833
1779968409264606000,73.38460595703125,-0.3637702465057373,4.384637832641602,-2.5957190990448
1779968409280915200,73.40091528320312,-0.06185010448098183,4.622570037841797,-1.6169602870941162
1779968409297257200,73.41725732421875,-0.4665483236312866,3.553097724914551,2.345417022705078
1779968409313594600,73.4335947265625,0.2782491147518158,3.889073610305786,3.230255365371704
1779968409329923800,73.449923828125,1.545336365699768,1.8828394412994385,-1.1142182350158691
1779968409346259500,73.46625952148437,1.2360857725143433,1.7760907411575317,-2.13314151763916
1779968409362599200,73.48259912109376,-0.02535090781748295,3.2194125652313232,-2.0558669567108154
1779968409378934000,73.49893408203125,-1.0612256526947021,3.578601360321045,-0.8153523802757263
1779968409395266800,73.51526684570312,-2.1198551654815674,2.461939573287964,-0.7015787363052368
1779968409411580400,73.53158032226563,-2.7737863063812256,0.8556694984436035,-1.9582812786102295
1779968409427927300,73.54792724609375,-2.903595209121704,0.40851613879203796,-3.4932329654693604
1779968409444257300,73.56425732421874,-2.744617462158203,0.11804971098899841,-3.612809658050537
1779968409460591400,73.58059130859375,-1.6061174869537354,-1.8304576873779297,-3.293632745742798
1779968409476928800,73.5969287109375,-0.33658674359321594,0.8662069439888,-5.549558162689209
1779968409493254700,73.61325463867188,1.1273517608642578,3.6577084064483643,-4.494746685028076
1779968409509585200,73.62958520507813,1.4193453788757324,2.9694159030914307,-3.75529408454895
1779968409525906200,73.64590625,0.5429064631462097,0.5658139586448669,-2.654667615890503
1779968409542233600,73.66223364257813,0.08521570265293121,0.5097670555114746,-1.592373013496399
1779968409558573300,73.6785732421875,-0.3323107063770294,0.45066583156585693,-1.6333009004592896
1779968409574901200,73.6949013671875,-1.1255191564559937,-1.0671815872192383,-1.4312572479248047
1779968409591233800,73.71123388671874,-0.9393580555915833,0.02168571576476097,-0.11575896292924881
1779968409607565000,73.72756494140626,-0.44196099042892456,0.8468119502067566,0.4521929919719696
1779968409623911400,73.74391137695312,0.19333885610103607,1.1716395616531372,0.9726501703262329
1779968409640227800,73.76022778320312,0.8400924205780029,0.034666601568460464,1.1782063245773315
1779968409656557800,73.77655786132813,1.441641926765442,-0.7626652717590332,1.5963436365127563
1779968409672896000,73.79289599609375,1.768760323524475,-0.7249443531036377,2.2463042736053467
1779968409689227500,73.8092275390625,1.9431623220443726,-0.9427177906036377,2.866485118865967
1779968409705556700,73.825556640625,2.2368357181549072,-2.1511619091033936,3.3324227333068848
1779968409721888800,73.841888671875,2.683378219604492,-3.0947959423065186,3.6554176807403564
1779968409738226400,73.85822631835937,3.045010566711426,-3.216358184814453,3.6558756828308105
1779968409754567700,73.87456762695312,2.690708637237549,-3.168099880218506,4.112955570220947
1779968409770897400,73.8908974609375,-0.07422012835741043,-2.118786096572876,4.302629470825195
1779968409787200800,73.90720068359374,-4.167322635650635,-0.2612976133823395,4.714505195617676
1779968409803546400,73.92354638671875,-2.925739049911499,1.785559058189392,4.899750232696533
1779968409819879400,73.93987939453125,0.5922338366508484,1.0910053253173828,3.732844829559326
1779968409836209700,73.95620971679688,1.4126259088516235,-1.0367910861968994,3.2986724376678467
1779968409852546300,73.97254638671875,1.018770456314087,-1.147357702255249,2.6149613857269287
1779968409868873200,73.98887329101562,0.8112290501594543,-1.0028879642486572,1.2835805416107178
1779968409885213200,74.00521313476563,0.22510384023189545,-0.9111055135726929,0.3240640163421631
1779968409901549800,74.0215498046875,0.08918632566928864,-1.0311405658721924,-0.5360342264175415
1779968409917868300,74.03786840820312,-0.0503963828086853,-0.8863654732704163,-1.0879509449005127
1779968409934214000,74.0542138671875,-0.6916521787643433,0.3654501438140869,-1.2800681591033936
1779968409950532600,74.07053271484375,-1.4495831727981567,1.0138835906982422,-1.6294829845428467
1779968409966866200,74.0868662109375,-1.3388638496398926,1.3132075071334839,-2.313957452774048
1779968409983197200,74.103197265625,-0.7087563872337341,2.4827091693878174,-2.741410493850708
1779968409999517200,74.11951708984375,-0.4147774875164032,3.8570032119750977,-2.7285823822021484
1779968410015848400,74.13584838867187,-0.0064140851609408855,4.686100006103516,-1.7247780561447144
1779968410032181200,74.15218115234374,0.48197266459465027,3.8595993518829346,1.2574660778045654
1779968410048525000,74.16852514648437,0.9721920490264893,4.133419513702393,1.1015427112579346
1779968410064843800,74.18484375,1.2615894079208374,4.313624858856201,-1.070388674736023
1779968410081189000,74.20118920898437,1.2957979440689087,0.6120869517326355,-1.6827809810638428
1779968410097520000,74.21752001953125,0.6757696866989136,0.4369213581085205,-1.4758504629135132
1779968410113869600,74.23386962890625,0.3504839241504669,1.2220358848571777,-1.263269305229187
1779968410130180000,74.25018017578125,-1.0254900455474854,1.7675385475158691,-0.4960225820541382
1779968410146515200,74.26651513671875,-1.956906795501709,2.0899226665496826,-0.7137960195541382
1779968410162845400,74.28284545898437,-2.758514642715454,2.5915958881378174,-2.271960496902466
1779968410179178800,74.2991787109375,-3.7873644828796387,3.852879762649536,-3.6033413410186768
1779968410195498200,74.31549829101563,-3.346625328063965,0.03222314268350601,-2.492788314819336
1779968410211847000,74.33184692382812,-1.8371772766113281,-5.033987998962402,-4.503603935241699
1779968410228176600,74.3481767578125,0.06643159687519073,-0.9353874325752258,-6.465245246887207
1779968410244499500,74.36449951171875,1.8461874723434448,4.355621814727783,-4.241848468780518
1779968410260832800,74.38083276367188,1.6116151809692383,4.556291103363037,-2.80845308303833
1779968410277173000,74.39717309570312,0.10064005106687546,1.4854716062545776,-1.1966849565505981
1779968410293492000,74.41349194335938,-0.6151412725448608,1.516931176185608,-0.9318749308586121
1779968410309833500,74.42983349609375,-0.9692904353141785,0.20891591906547546,-1.671021819114685
1779968410326169000,74.44616918945313,-1.1859948635101318,1.4065172672271729,0.1137736514210701
1779968410342497000,74.4624970703125,-0.8052731156349182,2.2069034576416016,0.5757405161857605
1779968410358839600,74.47883959960937,-0.17562375962734222,1.387580394744873,0.8498662710189819
1779968410375175400,74.49517553710938,0.6404922008514404,0.3845396637916565,1.321912407875061
1779968410391511800,74.51151171875,1.2397509813308716,-0.3263547718524933,1.5598443746566772
1779968410407835000,74.5278349609375,1.7753270864486694,-0.5445863604545593,2.1676552295684814
1779968410424174600,74.54417456054688,2.001041889190674,-0.9376781582832336,2.8797714710235596
1779968410440500500,74.56050048828125,1.5818355083465576,-1.843591332435608,3.4553592205047607
1779968410456835800,74.5768359375,1.5294538736343384,-3.199712038040161,3.958101272583008
1779968410473171700,74.59317163085937,2.381305456161499,-3.48406982421875,4.694499492645264
1779968410489507000,74.60950708007813,3.0463850498199463,-3.497661590576172,4.409072399139404
1779968410505815300,74.62581518554687,2.2369885444641113,-3.414583921432495,4.289648532867432
1779968410522148400,74.6421484375,-1.3813190460205078,-2.239126443862915,4.34096097946167
1779968410538480000,74.65848022460938,-2.7986791133880615,0.06841690838336945,5.081788063049316
1779968410554810600,74.674810546875,-1.291063666343689,1.6436856985092163,5.136918544769287
1779968410571145000,74.69114501953125,-0.06154467165470123,-0.6201809644699097,4.17526388168335
1779968410587470300,74.70747021484375,0.5555819272994995,-1.427744746208191,3.2453744411468506
1779968410603827700,74.72382763671875,1.4155274629592896,-0.9705121517181396,1.7960965633392334
1779968410620140300,74.74014038085937,1.2429580688476562,-1.1786644458770752,0.6053674817085266
1779968410636469500,74.75646948242188,0.4547891616821289,-0.8570439219474792,-0.4915938079357147
1779968410652801800,74.7728017578125,0.19883663952350616,-0.8932377099990845,-1.4427109956741333
1779968410669140700,74.789140625,-0.5349652171134949,-0.46303585171699524,-1.6209309101104736
1779968410685463800,74.8054638671875,-1.5248724222183228,-0.07330382615327835,-1.6140587329864502
1779968410701798100,74.82179809570313,-1.690264105796814,0.18738290667533875,-2.375349521636963
1779968410718149000,74.83814916992188,-1.3571898937225342,2.029599666595459,-2.8991663455963135
1779968410734475800,74.85447583007813,-0.6649268269538879,4.044996738433838,-2.9747610092163086
1779968410750789400,74.87078930664063,0.054367005825042725,5.329799175262451,-2.2518019676208496
1779968410767120600,74.88712060546875,0.47540587186813354,4.7777299880981445,1.5679383277893066
1779968410783471000,74.90347119140625,0.9769262671470642,4.94357967376709,2.3244950771331787
1779968410799786200,74.9197861328125,1.3889548778533936,1.1255191564559937,-1.2064588069915771
1779968410816134000,74.9361337890625,1.3254249095916748,0.607200026512146,-1.7429512739181519
1779968410832464600,74.95246459960937,-0.12736541032791138,2.166586399078369,-2.0558669567108154
1779968410848781600,74.96878149414063,-1.334282398223877,2.970179557800293,-1.5008958578109741
1779968410865131300,74.98513134765625,-2.5891523361206055,3.2291862964630127,-0.6259841322898865
1779968410881444900,75.00144482421875,-3.249650478363037,2.0280725955963135,-1.3254249095916748
1779968410897791700,75.01779174804688,-3.322343349456787,0.7286095023155212,-3.2343788146972656
1779968410914123500,75.03412353515625,-3.2200233936309814,-0.41111230850219727,-3.34677791595459
1779968410930455600,75.05045556640626,-1.5948164463043213,-2.284025192260742,-4.274224281311035
1779968410946773200,75.06677319335938,0.20372356474399567,0.7420485615730286,-6.554736614227295
1779968410963121200,75.08312109375,1.6924021244049072,4.611727237701416,-4.85668420791626
1779968410979450400,75.09945043945312,1.672243595123291,4.338365077972412,-3.232393503189087
1779968410995785700,75.11578564453124,0.3787364661693573,0.8736900091171265,-1.879937767982483
1779968411012113700,75.13211376953124,-0.2073887437582016,0.7218900322914124,-1.4883731603622437
1779968411028430300,75.14843041992188,-0.7014260292053223,-0.423329621553421,-1.649794340133667
1779968411044767000,75.16476708984375,-1.149953842163086,0.6579018831253052,-0.4225660264492035
1779968411061099000,75.18109912109375,-1.0528262853622437,1.5128077268600464,0.34834590554237366
1779968411077427200,75.19742724609375,-0.6702718734741211,1.4504995346069336,0.7347181439399719
1779968411093764400,75.21376440429688,0.04886921867728233,0.7417431473731995,0.9494373202323914
1779968411110096400,75.23009643554687,0.7641924023628235,-0.2834414839744568,1.2043207883834839
1779968411126413300,75.24641333007813,1.3335188627243042,-0.8080220222473145,1.8664987087249756
1779968411142744000,75.262744140625,1.6300939321517944,-1.482264518737793,2.710256338119507
1779968411159089200,75.27908911132812,1.6988162994384766,-2.3997840881347656,3.4248158931732178
1779968411175425300,75.29542529296874,2.2124011516571045,-2.8377745151519775,3.900527238845825
1779968411191748400,75.31174829101562,2.777909755706787,-2.7875308990478516,3.637855291366577
1779968411208087300,75.32808740234375,2.6781859397888184,-2.705369472503662,3.701385259628296
1779968411224429600,75.3444296875,1.2357803583145142,-3.1163289546966553,4.311181545257568
1779968411240760300,75.36076025390625,-0.8950703144073486,-3.0631837844848633,4.809494972229004
1779968411257096400,75.37709643554687,-2.2011001110076904,-1.3933836221694946,5.382486343383789
1779968411273426700,75.3934267578125,-1.0323622226715088,0.29367345571517944,4.5547637939453125
1779968411289740800,75.40974072265625,0.6188064813613892,-0.39477166533470154,3.8531851768493652
1779968411306071600,75.42607153320313,0.7499898076057434,-1.3029755353927612,3.6725218296051025
1779968411322434000,75.44243408203126,0.4579962193965912,-1.0966558456420898,3.0838005542755127
1779968411338753500,75.45875341796875,0.5054910182952881,-1.6867516040802002,1.6838500499725342
1779968411355084500,75.47508447265625,-0.003054326167330146,-1.5085316896438599,0.19074267148971558
1779968411371414800,75.49141479492188,-0.16661348938941956,-0.7545713186264038,-1.1571314334869385
1779968411387754500,75.50775439453125,-0.7724391222000122,-0.7130324840545654,-1.5421292781829834
1779968411404070100,75.52407006835938,-1.405295491218567,-0.5100724697113037,-1.8229745626449585
1779968411420417000,75.5404169921875,-1.620778203010559,-0.75105881690979,-2.5642595291137695
1779968411436745200,75.5567451171875,-1.3849842548370361,0.5919284224510193,-2.8011226654052734
1779968411453076700,75.57307666015625,-1.0723739862442017,2.208583354949951,-2.448347806930542
1779968411469407500,75.58940747070312,-0.6533203721046448,3.051730155944824,-2.193769693374634
1779968411485740800,75.60574072265625,-0.37919458746910095,3.9880337715148926,-0.4943426847457886
1779968411502066000,75.62206591796875,0.21288654208183289,4.8724141120910645,3.4746015071868896
1779968411518391600,75.6383916015625,-0.03237585723400116,3.754225015640259,0.5401576161384583
1779968411534720000,75.65471997070313,0.4576907753944397,2.5306620597839355,-0.9381362795829773
1779968411551055000,75.67105517578125,0.9367618560791016,1.5392277240753174,-1.334282398223877
1779968411567384000,75.68738403320313,0.07880161702632904,1.7457001209259033,-2.465604782104492
1779968411583718000,75.7037177734375,-1.0853548049926758,3.1031954288482666,-2.2870795726776123
1779968411600049000,75.720048828125,-1.9197967052459717,3.1140382289886475,-1.302364706993103
1779968411616381400,75.73638134765625,-2.1616992950439453,1.6264287233352661,-1.2056952714920044
1779968411632699400,75.75269946289062,-2.8217391967773438,0.8813258409500122,-2.376113176345825
1779968411649045800,75.76904565429687,-3.6421313285827637,-0.31444287300109863,-2.780200481414795
1779968411665375700,75.78537573242187,-2.007455825805664,-3.8314995765686035,-3.819282293319702
1779968411681698800,75.80169873046874,0.11484266817569733,-1.789376974105835,-7.3490142822265625
1779968411698045400,75.81804541015624,0.831234872341156,3.274695873260498,-4.986798286437988
1779968411714387000,75.83438696289062,0.45692721009254456,3.0390546321868896,-2.7594311237335205
1779968411730720800,75.850720703125,0.19394971430301666,-0.003512475173920393,-2.5592198371887207
1779968411747047700,75.86704760742188,-0.38179078698158264,0.7351763248443604,-2.2374467849731445
1779968411763383000,75.88338305664062,-1.25761878490448,0.2474004179239273,-1.8277088403701782
1779968411779718100,75.89971826171875,-1.4700472354888916,0.06918048858642578,-1.176831841468811
1779968411796043000,75.91604296875,-1.1343767642974854,0.4447098970413208,0.09483683109283447
1779968411812360400,75.9323603515625,-0.4778493344783783,1.0697777271270752,0.9388998746871948
1779968411828708400,75.94870825195312,0.4291328489780426,0.5505422949790955,0.9877691268920898
1779968411845008600,75.96500854492187,1.1560624837875366,-0.7539604306221008,1.1470521688461304
1779968411861369300,75.98136938476563,1.6475036144256592,-1.0042624473571777,1.7986927032470703
1779968411877705500,75.99770556640625,1.7802140712738037,-0.7953465580940247,2.758362054824829
1779968411894037000,76.014037109375,2.1531472206115723,-1.3070988655090332,3.378390312194824
1779968411910365700,76.03036572265626,2.448347806930542,-2.5363125801086426,2.9694159030914307
1779968411926698000,76.04669799804688,2.026240110397339,-3.922213077545166,3.1534390449523926
1779968411943016000,76.06301586914063,0.8535314798355103,-4.519028186798096,4.244444370269775
1779968411959364600,76.07936450195312,-0.7399105429649353,-3.814089775085449,4.86111307144165
1779968411975688000,76.09568798828126,-2.228283643722534,-1.786780834197998,5.068959712982178
1779968411992033300,76.112033203125,-2.451707601547241,1.1166616678237915,5.2862749099731445
1779968412008342000,76.12834204101563,-1.108262300491333,1.7081319093704224,4.4875688552856445
1779968412024670200,76.14467016601563,0.02015855349600315,0.20005837082862854,3.6494617462158203
1779968412040993300,76.1609931640625,0.049785517156124115,-1.4211779832839966,3.4603989124298096
1779968412057330200,76.177330078125,0.4486805200576782,-1.7290540933609009,2.74385404586792
1779968412073671000,76.1936708984375,0.49464812874794006,-1.8522961139678955,1.785253643989563
1779968412090003700,76.21000366210937,0.3355177342891693,-2.6619980335235596,0.7906123399734497
1779968412106336800,76.22633666992188,-0.16508632898330688,-3.2902729511260986,-0.06536258012056351
1779968412122668300,76.24266821289062,-0.8962920308113098,-2.690708637237549,-0.3975205719470978
1779968412138999800,76.25899975585938,-1.2957979440689087,-1.425148606300354,-1.2341004610061646
1779968412155316500,76.27531640625,-0.9216429591178894,-0.12186761945486069,-2.7455339431762695
1779968412171667200,76.29166723632812,-0.4205807149410248,2.1140518188476562,-3.3620495796203613
1779968412187995600,76.30799560546875,-0.015577063895761967,4.2114577293396,-3.0610456466674805
1779968412204310300,76.32431030273438,0.3462078869342804,4.958851337432861,-1.131933331489563
1779968412220655000,76.34065502929687,-0.026572637259960175,3.288134813308716,3.6635115146636963
1779968412236992800,76.35699267578126,-0.6217080950737,2.0958786010742188,3.009580373764038
1779968412253329400,76.37332934570313,-0.3214678466320038,1.8469511270523071,-1.2137892246246338
1779968412269671400,76.38967138671875,0.8449793457984924,1.4378241300582886,-0.06215553730726242
1779968412286000000,76.40600024414063,0.3222314119338989,0.5433646440505981,0.04596760869026184
1779968412302328000,76.422328125,-0.5447390675544739,2.2295055389404297,-1.6647604703903198
1779968412318653400,76.4386533203125,-1.711338996887207,3.065474510192871,-1.5154039859771729
1779968412334993000,76.45499291992188,-1.6389514207839966,1.4213306903839111,-1.6907222270965576
1779968412351327200,76.4713271484375,-1.268919825553894,0.4554000496864319,-2.74385404586792
1779968412367658200,76.487658203125,-2.7209465503692627,0.8631525635719299,-3.958712339401245
1779968412383992000,76.50399194335938,-2.2453880310058594,-2.0702223777770996,-4.209472179412842
1779968412400314000,76.52031420898437,-0.09605856239795685,-1.4451544284820557,-7.19171667098999
1779968412416663300,76.53666333007813,0.7063129544258118,1.1213958263397217,-5.1410417556762695
1779968412432985600,76.55298559570312,0.7851145267486572,0.9335548281669617,-3.2924108505249023
1779968412449302300,76.56930224609376,0.6879869699478149,0.5526803135871887,-2.9188668727874756
1779968412465651000,76.58565087890625,0.02474004216492176,0.9608910083770752,-2.8240299224853516
1779968412481985800,76.60198583984375,-0.9645562171936035,0.6792821288108826,-2.191020965576172
1779968412498297900,76.6182978515625,-1.4659239053726196,0.07299839705228806,-1.6154330968856812
1779968412514631000,76.634630859375,-1.4743232727050781,-0.21105393767356873,-0.8352054953575134
1779968412530964700,76.65096484375,-1.4088079929351807,0.8489499688148499,0.6331618428230286
1779968412547295700,76.66729565429688,-0.7093672752380371,1.961030125617981,1.3116804361343384
1779968412563627500,76.68362744140624,0.004581489134579897,0.9402743577957153,1.4385876655578613
1779968412579959000,76.699958984375,0.5170974135398865,-0.5600107312202454,1.4831807613372803
1779968412596290800,76.71629077148438,1.0616837739944458,-1.1302534341812134,1.6730071306228638
1779968412612623600,76.73262353515625,1.1794281005859375,-1.412473201751709,2.0945041179656982
1779968412628956200,76.7489560546875,0.9729556441307068,-2.317011833190918,2.5413520336151123
1779968412645286700,76.76528662109375,0.7104362845420837,-3.0607402324676514,3.112205743789673
1779968412661619700,76.78161962890626,1.4303410053253174,-3.2902729511260986,3.8896844387054443
1779968412677955600,76.79795556640624,2.574186086654663,-3.271794319152832,3.9185478687286377
1779968412694297000,76.81429711914062,3.2232303619384766,-2.526691436767578,3.905261516571045
1779968412710631000,76.830630859375,1.5761851072311401,-1.7702875137329102,3.6280813217163086
1779968412726961200,76.84696118164062,-1.2950342893600464,-0.31001409888267517,3.8226420879364014
1779968412743306000,76.86330590820313,-1.1892019510269165,0.5613851547241211,4.101196765899658
1779968412759624200,76.87962426757812,0.7582364678382874,-0.32849279046058655,3.2082643508911133
1779968412775950000,76.8959501953125,1.6701055765151978,-2.4446825981140137,2.4947736263275146
1779968412792298000,76.91229809570312,1.5425875186920166,-2.9382617473602295,2.074498414993286
1779968412808602400,76.92860229492187,1.4764612913131714,-2.5314254760742188,1.1614075899124146
1779968412824924200,76.94492407226562,0.9182831645011902,-2.1009182929992676,0.28038713335990906
1779968412841249000,76.9612490234375,0.483957976102829,-2.1203131675720215,-0.4262312352657318
1779968412857622000,76.9776220703125,-0.19914206862449646,-2.2846360206604004,-0.7896960377693176
1779968412873941500,76.99394140625,-1.0073168277740479,-1.7415767908096313,-1.4947872161865234
1779968412890282800,77.01028271484375,-1.2716686725616455,-1.2655600309371948,-2.2209532260894775
1779968412906593000,77.02659301757812,-1.1633929014205933,0.9586002826690674,-2.3050999641418457
1779968412922943200,77.04294311523438,-0.817948579788208,2.8732047080993652,-2.0844249725341797
1779968412939241700,77.05924169921875,-0.28588494658470154,3.5078935623168945,-1.15178644657135
1779968412955606300,77.07560620117188,-0.4740314185619354,2.258674144744873,2.587319850921631
1779968412971933400,77.09193334960938,0.1293507218360901,2.1699459552764893,3.4100024700164795
1779968412988256800,77.1082568359375,0.9993755221366882,3.768275022506714,-1.4880677461624146
1779968413004576300,77.124576171875,1.1675162315368652,3.601050615310669,-2.634814500808716
1779968413020926000,77.14092602539063,0.4703662395477295,2.4042129516601562,-1.6606371402740479
1779968413037251000,77.1572509765625,-0.25763240456581116,1.659568190574646,-1.2360857725143433
1779968413053583600,77.17358349609376,-1.1853840351104736,2.0696115493774414,-0.8651378750801086
1779968413069911600,77.18991162109376,-1.9912680387496948,0.8932377099990845,-0.8520042896270752
1779968413086250000,77.20625,-2.269822597503662,-0.08765916526317596,-1.8203784227371216
1779968413102565000,77.22256518554687,-2.996141195297241,0.5065600275993347,-3.274543046951294
1779968413118909400,77.23890942382812,-2.914590835571289,-1.2334896326065063,-2.8099801540374756
1779968413135238000,77.25523779296876,-1.3523029088974,-4.695568561553955,-5.533064842224121
1779968413151578400,77.27157836914063,0.3663664162158966,0.2635883390903473,-6.716768741607666
1779968413167906300,77.28790625,0.7079927921295166,3.201850175857544,-3.70489764213562
1779968413184241000,77.30424096679687,0.418748140335083,0.370947927236557,-2.7733283042907715
1779968413200579800,77.32057983398437,0.29474249482154846,-1.1175779104232788,-2.4831671714782715
1779968413216918300,77.33691821289062,-0.16462817788124084,0.88361656665802,-2.267073631286621
1779968413233246700,77.35324682617187,-0.8761335015296936,-0.08414668589830399,-2.1957550048828125
1779968413249579800,77.36957983398437,-1.5625933408737183,-1.3367258310317993,-1.2669345140457153
1779968413265909200,77.3859091796875,-1.5512923002243042,-0.5004513263702393,0.25076019763946533
1779968413282239700,77.40223974609376,-0.8657487630844116,0.7348709106445312,1.0358747243881226
1779968413298578200,77.418578125,0.005345070734620094,0.39217549562454224,1.3388638496398926
1779968413314904600,77.43490454101563,0.6614143252372742,-0.7328855991363525,1.5317445993423462
1779968413331223800,77.45122387695312,1.1624765396118164,-0.9819658994674683,1.9046778678894043
1779968413347570400,77.4675703125,1.35535728931427,-1.1997393369674683,2.4384212493896484
1779968413363902500,77.48390234375,1.105207920074463,-1.8509217500686646,2.9581148624420166
1779968413380214000,77.50021411132812,1.1673635244369507,-2.214386463165283,3.650988817214966
1779968413396554000,77.51655395507812,1.968207836151123,-2.9975156784057617,3.8902952671051025
1779968413412878300,77.53287841796875,2.2487475872039795,-3.904956102371216,4.045760631561279
1779968413429210000,77.54921020507813,1.2596040964126587,-3.4553592205047607,4.106389045715332
1779968413445551000,77.56555102539062,-0.6081163287162781,-1.3849842548370361,3.991393566131592
1779968413461880000,77.58188012695312,-1.6010777950286865,1.033125877380371,4.651280879974365
1779968413478213400,77.59821337890625,-0.32268956303596497,1.5161675214767456,4.03598690032959
1779968413494542800,77.61454296875,0.6908885836601257,-0.8443684577941895,3.3183727264404297
1779968413510875400,77.63087548828125,0.6878342628479004,-1.9230037927627563,2.945134162902832
1779968413527205400,77.64720532226562,0.8423831462860107,-2.0092885494232178,2.428647518157959
1779968413543539200,77.66353930664063,1.00502610206604,-2.3932173252105713,1.5688546895980835
1779968413559868400,77.67986840820312,0.6829473376274109,-2.7349963188171387,0.5894849896430969
1779968413576200200,77.6962001953125,0.6044511795043945,-3.2615623474121094,-0.29626965522766113
1779968413592534000,77.71253393554687,0.17623461782932281,-3.2207870483398438,-0.7205155491828918
1779968413608857000,77.72885717773437,-0.45982882380485535,-3.06272554397583,-1.1714868545532227
1779968413625199400,77.74519946289062,-0.7750352621078491,-2.8988609313964844,-2.4741568565368652
1779968413641529900,77.76152978515626,-0.8162686824798584,-0.6688974499702454,-2.897486686706543
1779968413657861400,77.777861328125,-0.2996293902397156,2.702009677886963,-2.3968825340270996
1779968413674194400,77.7941943359375,0.6290385127067566,5.081788063049316,-1.8452712297439575
1779968413690527000,77.81052685546875,0.020922135561704636,5.116759777069092,1.2137892246246338
1779968413706841000,77.82684106445312,-0.7609853744506836,2.051743745803833,6.275113105773926
1779968413723205000,77.843205078125,0.4674646258354187,1.1699596643447876,0.43737950921058655
1779968413739533800,77.85953393554688,1.6783522367477417,1.3405437469482422,-1.5919147729873657
1779968413755865000,77.87586499023438,0.6298020482063293,1.6354389190673828,-0.38026362657546997
1779968413772196600,77.89219653320312,-0.6214026808738708,2.465146780014038,-0.7976372838020325
1779968413788505300,77.90850537109375,-1.980577826499939,4.108221530914307,-1.0002918243408203
1779968413804851700,77.92485180664063,-2.6035077571868896,2.986672878265381,-2.3605360984802246
1779968413821185800,77.94118579101563,-3.1386256217956543,2.1821634769439697,-3.8116464614868164
1779968413837515300,77.95751538085938,-4.110054016113281,1.82877779006958,-3.919464111328125
1779968413853851100,77.97385107421874,-2.632065534591675,-3.9015963077545166,-4.263686656951904
1779968413870191600,77.99019165039063,-0.2672535479068756,-2.760499954223633,-6.297410011291504
1779968413886519000,78.00651904296875,1.1403326988220215,1.6575828790664673,-4.664261341094971
1779968413902851000,78.02285107421875,1.233642339706421,1.718058466911316,-4.075540065765381
1779968413919177500,78.03917749023438,0.43707409501075745,-0.35445454716682434,-3.6438112258911133
1779968413935521500,78.055521484375,0.4300491213798523,-0.3698789179325104,-2.7310256958007812
1779968413951847700,78.07184765625,-0.02015855349600315,1.0419833660125732,-2.2901337146759033
1779968413968162000,78.088162109375,-0.7299839854240417,-2.1369593143463135,-2.300671339035034
1779968413984486000,78.10448583984375,-0.9219483733177185,-1.9112446308135986,-1.1241447925567627
1779968414000826400,78.12082641601563,-0.8141306638717651,-0.6635523438453674,0.00733038317412138
1779968414017163300,78.13716333007812,-0.47342056035995483,0.5297728776931763,1.042441487312317
1779968414033489200,78.1534892578125,0.14508049190044403,-0.18539759516716003,1.4501941204071045
1779968414049827600,78.16982763671875,0.7003570199012756,-1.2214250564575195,1.666593074798584
1779968414066175200,78.18617529296876,1.1841622591018677,-1.2780828475952148,2.1181752681732178
1779968414082491100,78.2024912109375,1.2409727573394775,-1.3095424175262451,2.6535985469818115
1779968414098820000,78.21882006835938,0.9778425693511963,-2.0674734115600586,3.1523702144622803
1779968414115150600,78.23515063476563,1.1146763563156128,-2.8408288955688477,3.7679696083068848
1779968414131487700,78.25148779296875,1.873218297958374,-4.052785396575928,4.0281982421875
1779968414147816200,78.26781616210937,1.9788979291915894,-5.075679302215576,4.060268402099609
1779968414164144000,78.28414404296875,1.4257594347000122,-4.459621906280518,4.2699480056762695
1779968414180496400,78.30049633789062,0.17867808043956757,-2.7650816440582275,4.8282790184021
1779968414196833000,78.3168330078125,-1.7336355447769165,-0.8726209998130798,4.883256912231445
1779968414213153000,78.33315307617187,-0.917672336101532,0.5639813542366028,4.642270565032959
1779968414229488000,78.34948803710938,0.6258314251899719,-0.8251262307167053,4.043928146362305
1779968414245819600,78.36581958007812,1.2008084058761597,-1.7398968935012817,3.7678167819976807
1779968414262152400,78.38215234375,1.3646728992462158,-1.6754506826400757,2.880535125732422
1779968414278489900,78.39848974609374,1.3211487531661987,-1.4178181886672974,1.050840973854065
1779968414294810400,78.41481030273438,0.9143125414848328,-1.1815661191940308,-0.2993239760398865
1779968414311151600,78.43115161132812,0.6998988389968872,-1.2344059944152832,-1.19912850856781
1779968414327479000,78.44747900390625,-0.09575312584638596,-1.3446670770645142,-1.4376713037490845
1779968414343795200,78.46379516601563,-0.8168795704841614,-1.3362677097320557,-1.5879441499710083
1779968414360143600,78.4801435546875,-1.0482447147369385,-1.7108808755874634,-2.545780897140503
1779968414376476200,78.49647607421875,-0.977689802646637,0.07757988572120667,-2.9828550815582275
1779968414392808200,78.51280810546875,-0.5855143666267395,2.6401596069335938,-2.5169174671173096
1779968414409141000,78.52914111328126,0.07467827945947647,4.685794353485107,-1.6194037199020386
1779968414425470500,78.54547045898437,0.14645494520664215,4.863861560821533,2.4556782245635986
1779968414441802000,78.56180200195313,0.46364670991897583,3.7501018047332764,1.8354973793029785
1779968414458119400,78.57811938476563,0.35705074667930603,2.7067439556121826,-0.4746423065662384
1779968414474452500,78.59445239257812,0.010842857882380486,1.5908458232879639,-1.0190759897232056
1779968414490785500,78.61078564453125,-0.3917173445224762,0.5207626223564148,-1.0294606685638428
1779968414507117300,78.62711743164063,-1.3043500185012817,1.9675970077514648,-2.136043071746826
1779968414523449300,78.64344946289063,-2.171931266784668,2.3380868434906006,-1.7570011615753174
1779968414539780900,78.65978076171875,-1.979508876800537,0.9427177906036377,-2.1679606437683105
1779968414556113700,78.67611376953126,-1.666898488998413,-0.09941831976175308,-3.48071026802063
1779968414572441000,78.69244116210938,-2.4439191818237305,-0.19104810059070587,-4.049883842468262
1779968414588776700,78.70877661132812,-1.1213958263397217,-2.333505153656006,-4.19389533996582
1779968414605105700,78.72510571289062,0.712574303150177,-0.3627012372016907,-7.4050612449646
1779968414621440000,78.74143994140626,1.1059715747833252,2.7898216247558594,-5.172501564025879
1779968414637771000,78.75777099609375,0.8006916046142578,1.0137308835983276,-2.9877419471740723
1779968414654091300,78.77409130859375,0.6809620261192322,-0.44654250144958496,-2.361146926879883
1779968414670451700,78.79045166015625,0.38377609848976135,1.3678799867630005,-1.940108060836792
1779968414686779400,78.806779296875,-0.498924195766449,-0.4303545653820038,-1.944536805152893
1779968414703111200,78.82311108398437,-0.88361656665802,-1.1493430137634277,-0.8830057382583618
1779968414719425000,78.83942504882812,-1.043968677520752,-0.2321287989616394,0.3251330256462097
1779968414735777000,78.85577709960937,-0.6204863786697388,0.8953757286071777,1.1665998697280884
1779968414752104400,78.8721044921875,0.14385876059532166,0.4732678532600403,1.4955508708953857
1779968414768440800,78.88844091796875,0.7521278262138367,-0.6256787180900574,1.6015359163284302
1779968414784771800,78.90477172851563,1.3045027256011963,-0.9392052888870239,1.8668042421340942
1779968414801100300,78.92110034179687,1.4756977558135986,-1.0852020978927612,2.1931588649749756
1779968414817418500,78.93741845703126,1.2356276512145996,-2.0836613178253174,2.5105035305023193
1779968414833767200,78.95376708984375,0.8471173644065857,-3.282484292984009,2.713463306427002
1779968414850091000,78.97009106445313,0.8822421431541443,-3.3790011405944824,3.743687629699707
1779968414866432500,78.9864326171875,1.782657504081726,-3.257286310195923,4.659679889678955
1779968414882743300,79.00274340820313,2.3490822315216064,-2.959336757659912,4.639826774597168
1779968414899080400,79.01908056640625,1.7163785696029663,-2.0106630325317383,3.981161594390869
1779968414915424500,79.03542456054687,-0.3404046595096588,-2.2200369834899902,3.7114644050598145
1779968414931758000,79.05175805664062,-1.1974486112594604,-0.7764097452163696,4.20779275894165
1779968414948070400,79.0680703125,-0.26251932978630066,0.2724458873271942,4.301407814025879
1779968414964410400,79.08441040039062,0.40912699699401855,-1.5777121782302856,3.760791778564453
1779968414980723700,79.1007236328125,1.016479730606079,-2.694068431854248,3.0114128589630127
1779968414997072400,79.117072265625,1.7203491926193237,-2.09083890914917,1.7087428569793701
1779968415013403400,79.1334033203125,0.9764680862426758,-2.1484131813049316,0.47571131587028503
1779968415029735400,79.1497353515625,0.5711590051651001,-3.0239357948303223,-0.5035057067871094
1779968415046083600,79.16608349609375,0.3604104816913605,-2.599231719970703,-1.2571606636047363
1779968415062397000,79.18239697265625,-0.3219259977340698,-1.755932092666626,-1.4469870328903198
1779968415078731000,79.19873095703124,-0.8358163833618164,-1.2886202335357666,-2.1004600524902344
1779968415095049500,79.21504956054687,-0.916450560092926,-0.02580905705690384,-3.015688896179199
1779968415111394300,79.23139428710938,-0.5264131426811218,2.470797300338745,-3.0245466232299805
1779968415127724300,79.24772436523438,0.19685132801532745,4.480391025543213,-2.0616703033447266
1779968415144059000,79.26405883789063,0.5340489149093628,5.47381067276001,1.3116804361343384
1779968415160392200,79.28039208984374,0.5051855444908142,5.019174098968506,5.999155044555664
1779968415176731100,79.29673120117188,0.5543602108955383,0.9048441648483276,0.21242839097976685
1779968415193070600,79.31307055664062,1.5552629232406616,2.9576568603515625,-2.052201747894287
1779968415209397000,79.32939697265626,0.7029531598091125,3.132516860961914,-2.1537580490112305
1779968415225727500,79.3457275390625,-0.7797694802284241,3.346625328063965,-1.7776178121566772
1779968415242065200,79.36206518554687,-2.157423257827759,3.880521535873413,-1.5541938543319702
1779968415258390800,79.37839086914063,-2.2715024948120117,2.269364356994629,-2.7084238529205322
1779968415274729700,79.39472973632813,-2.043649673461914,1.3312281370162964,-3.813173532485962
1779968415291059200,79.41105908203124,-3.1729867458343506,1.4868459701538086,-4.186870574951172
1779968415307390500,79.42739038085938,-3.199559450149536,1.2841914892196655,-3.9203803539276123
1779968415323723800,79.44372387695313,-0.9921978712081909,1.0787880420684814,-4.701982498168945
1779968415340051500,79.46005151367187,0.7272350788116455,0.9053022861480713,-4.62944221496582
1779968415356372200,79.47637231445313,1.0674870014190674,-0.017867809161543846,-4.227492809295654
1779968415372716000,79.49271606445312,0.6085745096206665,-0.13011430203914642,-3.710395574569702
1779968415389035000,79.50903491210937,1.0535898208618164,1.5247195959091187,-2.5468499660491943
1779968415405380600,79.52538061523437,0.4859432876110077,2.577087640762329,-2.0256290435791016
1779968415421711400,79.54171142578124,-1.1803443431854248,-1.0004445314407349,-1.5903877019882202
1779968415438027300,79.55802734375,-1.2851077318191528,0.15225815773010254,-1.1271990537643433
1779968415454362400,79.5743623046875,-1.0719157457351685,0.935998260974884,-0.33887749910354614
1779968415470694100,79.59069409179688,-0.6829473376274109,1.9869918823242188,0.5158756971359253
1779968415487024000,79.60702416992187,0.014813481830060482,1.5019649267196655,0.7968736886978149
1779968415503357200,79.62335717773438,0.7504479289054871,0.3222314119338989,0.8894197940826416
1779968415519688000,79.63968798828125,1.3307698965072632,-0.39416080713272095,1.2072224617004395
1779968415536032300,79.6560322265625,1.569007396697998,-0.5755877494812012,1.7452419996261597
1779968415552353800,79.67235375976563,1.6386460065841675,-1.2469286918640137,2.3101396560668945
1779968415568685600,79.688685546875,1.8321375846862793,-2.892446994781494,2.6004533767700195
1779968415585016300,79.70501635742187,2.38405442237854,-3.5019376277923584,3.037221908569336
1779968415601349000,79.72134912109375,2.6083946228027344,-3.6135733127593994,3.2417092323303223
1779968415617680100,79.73768017578125,2.4045183658599854,-3.319288969039917,3.6858081817626953
1779968415634011100,79.75401123046875,0.7322747111320496,-2.6621506214141846,4.120744228363037
1779968415650340400,79.77034033203125,-1.763109803199768,-2.4530820846557617,4.248262405395508
1779968415666692400,79.7866923828125,-2.682156562805176,-1.0873401165008545,5.0655999183654785
1779968415683021000,79.80302099609375,-2.094198703765869,1.033125877380371,5.1326422691345215
1779968415699354600,79.81935473632812,-0.38148534297943115,-0.8484918475151062,3.794084072113037
1779968415715684400,79.83568432617187,0.8541423082351685,-1.7809776067733765,3.237738609313965
1779968415731978200,79.85197827148437,1.0267117023468018,-0.979216992855072,2.783102035522461
1779968415748349000,79.86834887695312,0.6615670323371887,-1.4578299522399902,1.7757853269577026
1779968415764684800,79.88468481445312,0.06551529467105865,-1.9674441814422607,0.8720101118087769
1779968415781009700,79.901009765625,0.04917465150356293,-1.8301522731781006,-0.27122417092323303
1779968415797346600,79.9173466796875,-0.34544429183006287,-0.9060658812522888,-1.2191343307495117
1779968415813678600,79.9336787109375,-0.7582364678382874,0.6339253783226013,-1.7133243083953857
1779968415830032600,79.95003271484374,-0.9622654914855957,1.3897184133529663,-2.271807909011841
1779968415846339600,79.96633959960937,-0.598953366279602,1.9372063875198364,-2.6699392795562744
1779968415862653700,79.98265380859375,-0.03298672288656235,2.716823101043701,-2.919630527496338
1779968415879002400,79.99900244140625,0.23716843128204346,3.1396946907043457,-2.2996022701263428
1779968415895319300,80.0153193359375,0.3741549551486969,2.573269844055176,-0.2376265823841095
1779968415911667000,80.0316669921875,0.3179553747177124,0.8689557909965515,2.790890693664551
1779968415927980500,80.04798046875,0.2915354371070862,1.454470157623291,1.038318157196045
1779968415944316700,80.06431665039062,0.3116939961910248,4.196644306182861,-1.99447500705719
1779968415960645600,80.08064575195313,-0.08628471940755844,3.9434406757354736,-2.713310718536377
1779968415976981500,80.0969814453125,0.29474249482154846,2.0693061351776123,-1.2735012769699097
1779968415993311700,80.11331176757812,0.8797986507415771,1.1716395616531372,-0.5952881574630737
1779968416009642200,80.12964233398438,-0.5132794976234436,2.38405442237854,0.06948592513799667
1779968416025992400,80.14599243164062,-2.0529654026031494,3.598454475402832,0.37201693654060364
1779968416042320600,80.16232055664062,-2.816394329071045,3.72994327545166,-1.3833043575286865
1779968416058636800,80.17863671875,-3.3017265796661377,4.693430423736572,-3.8336374759674072
1779968416074971000,80.19497094726563,-3.7363572120666504,3.25514817237854,-3.9452731609344482
1779968416091302000,80.21130200195313,-1.8614591360092163,-2.7652342319488525,-3.056922435760498
1779968416107634200,80.22763427734375,-0.32620203495025635,-0.04459316283464432,-6.931182384490967
1779968416123967000,80.24396704101562,1.39017653465271,5.464953422546387,-4.9510626792907715
1779968416140297700,80.26029760742188,1.825876235961914,5.285511493682861,-3.262936592102051
1779968416156647400,80.2766474609375,0.7884743213653564,2.685974597930908,-2.771953821182251
1779968416172975900,80.29297583007812,0.0705549344420433,1.2180652618408203,-1.7185167074203491
1779968416189304800,80.30930493164063,-0.15424346923828125,1.0329731702804565,-1.6507105827331543
1779968416205622000,80.3256220703125,-1.0002918243408203,-0.5946773290634155,-1.7594445943832397
1779968416221973000,80.34197290039063,-1.1730140447616577,1.2779301404953003,-0.3026837408542633
1779968416238285600,80.35828564453125,-0.6136141419410706,1.9882136583328247,0.46242499351501465
1779968416254633200,80.37463330078126,0.024892758578062057,1.962557315826416,0.5940664410591125
1779968416270965500,80.39096557617188,0.6249151229858398,0.8474228382110596,0.8619308471679688
1779968416287298300,80.40729833984375,1.2467759847640991,-0.01618792861700058,1.2391401529312134
1779968416303630300,80.42363037109375,1.730886697769165,-0.2054034322500229,1.8637498617172241
1779968416319959600,80.43995947265626,1.9443840980529785,-0.654542088508606,2.805551290512085
1779968416336277800,80.45627783203125,2.076789140701294,-1.6514742374420166,3.5656204223632812
1779968416352626700,80.47262670898438,2.3971879482269287,-2.1401662826538086,3.788738965988159
1779968416368936000,80.48893603515624,3.0558533668518066,-3.0615038871765137,3.5056028366088867
1779968416385277000,80.50527685546875,3.3980906009674072,-3.558900833129883,3.395036220550537
1779968416401618700,80.52161865234375,0.29336804151535034,-2.143984317779541,3.7639989852905273
1779968416417936000,80.53793579101563,-3.2314772605895996,-0.7423539757728577,5.29223108291626
1779968416434268700,80.5542685546875,-2.4385740756988525,-0.66584312915802,5.338198661804199
1779968416450603300,80.57060327148437,-0.15012013912200928,-0.21991148591041565,4.849658966064453
1779968416466937900,80.58693774414063,0.2961169183254242,-1.36482572555542,4.243833541870117
1779968416483266300,80.60326635742187,0.4150829315185547,-1.3997976779937744,3.4093916416168213
1779968416499584800,80.61958471679688,0.7392996549606323,-1.3321443796157837,2.3858869075775146
1779968416515947300,80.635947265625,0.304669052362442,-1.7806721925735474,1.3920091390609741
1779968416532273400,80.6522734375,-0.21380282938480377,-2.059837579727173,0.1693623960018158
1779968416548591000,80.66859106445312,-0.3882048726081848,-2.1308507919311523,-0.8907942175865173
1779968416564911600,80.68491162109375,-0.9094256162643433,-1.3362677097320557,-1.2429580688476562
1779968416581257200,80.70125732421874,-1.5900822877883911,-0.5177083015441895,-1.584126353263855
1779968416597572400,80.717572265625,-1.492343783378601,0.15729780495166779,-2.328465700149536
1779968416613911300,80.73391137695313,-0.7962628602981567,1.9141463041305542,-2.7840182781219482
1779968416638421800,80.758421875,0.3211624026298523,4.214817523956299,-2.364812135696411
1779968416654765600,80.774765625,0.6717990636825562,4.125325679779053,-0.3831652104854584
1779968416671091000,80.79109106445313,1.0877982378005981,3.8208093643188477,3.6112825870513916
1779968416687428400,80.80742846679688,0.4080579876899719,3.2481231689453125,0.7289149761199951
1779968416703756000,80.82375610351562,1.209971308708191,0.09728029370307922,-1.1450668573379517
1779968416720122000,80.8401220703125,1.1163562536239624,1.0409144163131714,-1.5720616579055786
1779968416736423400,80.85642333984374,0.2623666226863861,1.3878858089447021,-1.7165313959121704
1779968416752755700,80.87275561523437,-1.5502232313156128,2.8231136798858643,-1.0366383790969849
1779968416769086200,80.88908618164062,-2.945286750793457,2.8883235454559326,-0.9818131923675537
1779968416785415700,80.90541577148437,-3.09891939163208,1.6940820217132568,-2.5366179943084717
1779968416801750300,80.92175024414063,-3.3366987705230713,2.085188627243042,-3.9735257625579834
1779968416818081300,80.93808129882812,-4.145942211151123,1.6499470472335815,-3.894418716430664
1779968416834412300,80.95441235351562,-2.4547619819641113,-2.4724771976470947,-4.726264476776123
1779968416850743600,80.97074365234376,-0.09682214260101318,-0.12950342893600464,-5.825821876525879
1779968416867078100,80.987078125,1.429271936416626,2.026698112487793,-4.256814479827881
1779968416883406600,81.00340649414062,1.4868459701538086,1.7256942987442017,-3.6137261390686035
1779968416899710000,81.0197099609375,0.6829473376274109,1.3881912231445312,-3.1007518768310547
1779968416916058000,81.03605810546875,0.4715879559516907,1.836719036102295,-2.578920364379883
1779968416932385000,81.05238500976563,-0.8910996913909912,0.22540926933288574,-1.9677497148513794
1779968416948727800,81.06872778320313,-1.4463762044906616,-0.22296582162380219,-1.480737328529358
1779968416965055500,81.08505541992187,-1.2614367008209229,1.0590876340866089,-0.8495608568191528
1779968416981383400,81.10138354492187,-1.091616153717041,1.4509576559066772,0.20112738013267517
1779968416997716700,81.117716796875,-0.2929098904132843,2.1653645038604736,0.6855435371398926
1779968417014068700,81.13406884765625,0.5041165351867676,0.5972734689712524,0.6342308521270752
1779968417030392600,81.150392578125,1.2820534706115723,-1.0002918243408203,0.9361509680747986
1779968417046708500,81.16670849609375,1.923767328262329,-1.312138557434082,1.8527542352676392
1779968417063045000,81.18304516601563,2.233934164047241,-0.9248499870300293,2.8683178424835205
1779968417079375600,81.19937573242187,2.808605670928955,-1.457371711730957,3.1693215370178223
1779968417095704800,81.21570483398438,2.6679539680480957,-3.505908250808716,2.78340744972229
1779968417112036900,81.23203686523438,1.6685783863067627,-4.428162097930908,3.3964107036590576
1779968417128360000,81.24835986328125,0.2151772826910019,-4.367839336395264,4.493982791900635
1779968417144721000,81.26472094726563,-1.1898127794265747,-3.6557230949401855,5.205946445465088
1779968417161032700,81.28103271484375,-2.4559836387634277,-2.688417911529541,5.382791996002197
1779968417177381600,81.29738159179688,-2.705064058303833,-0.29245173931121826,5.527719497680664
1779968417193677300,81.31367724609375,-1.1966849565505981,1.5279266834259033,4.81270170211792
1779968417210049300,81.33004931640625,0.12919799983501434,0.05497787147760391,4.096157073974609
1779968417226363100,81.34636303710937,0.20922134816646576,-0.5734497308731079,3.8365392684936523
1779968417242707200,81.36270727539062,0.47250425815582275,-0.6218608021736145,2.8426613807678223
1779968417259013000,81.37901318359376,0.5148066878318787,-1.5138767957687378,1.5958853960037231
1779968417275364000,81.39536401367188,0.08048149943351746,-1.1357512474060059,0.389426589012146
1779968417291701000,81.41170092773437,-0.15195272862911224,-0.7076873779296875,-0.5418374538421631
1779968417308037400,81.42803735351562,-0.7988590002059937,-1.1249083280563354,-0.8782715201377869
1779968417324351500,81.4443515625,-1.6128369569778442,-1.3125966787338257,-0.925308108329773
1779968417340696300,81.4606962890625,-1.5031867027282715,-1.2151637077331543,-2.0610592365264893
1779968417357029400,81.477029296875,-0.5447390675544739,1.0100656747817993,-3.046079635620117
1779968417373366800,81.49336669921875,0.07238753139972687,3.3035593032836914,-3.0192015171051025
1779968417389677000,81.50967700195312,0.5250386595726013,5.092630863189697,-2.387108564376831
1779968417406012200,81.52601220703124,0.7422012686729431,5.580101490020752,0.4948008358478546
1779968417422343200,81.54234326171876,0.6415612101554871,2.677422285079956,4.807204246520996
1779968417438675700,81.55867578125,1.5166256427764893,1.8182404041290283,-1.0633636713027954
1779968417455004700,81.57500463867187,2.071138620376587,0.12660181522369385,-1.3466523885726929
1779968417471333000,81.5913330078125,0.9187413454055786,1.882686734199524,-0.603687584400177
1779968417487674000,81.60767407226562,0.052839845418930054,0.5283984541893005,-1.4451544284820557
1779968417504023600,81.6240234375,-1.6662876605987549,2.054034471511841,-0.9763153791427612
1779968417520353800,81.64035375976563,-2.6595544815063477,2.4013113975524902,-1.131933331489563
1779968417536653000,81.65665307617188,-3.1227431297302246,1.897194743156433,-2.161393880844116
1779968417553000200,81.67300024414062,-3.6051740646362305,2.0305161476135254,-3.4738378524780273
1779968417569330000,81.68932983398437,-3.9545888900756836,-0.2698497176170349,-4.362799644470215
1779968417585663000,81.7056630859375,-1.3581061363220215,-4.844161510467529,-5.8916425704956055
1779968417601993500,81.72199340820312,1.0503827333450317,0.475253164768219,-6.995476245880127
1779968417618303700,81.7383037109375,1.7539467811584473,3.676797866821289,-4.254828929901123
1779968417634675000,81.75467504882812,1.0980303287506104,1.4653129577636719,-3.118467092514038
1779968417651002000,81.77100219726563,0.046273041516542435,0.08002334833145142,-2.4628560543060303
1779968417667300600,81.78730053710937,-0.8284859657287598,1.1766791343688965,-1.873218297958374
1779968417683665700,81.80366577148438,-1.5651894807815552,-0.4239404797554016,-1.8614591360092163
1779968417699997400,81.81999755859376,-1.5544993877410889,0.17348572611808777,-1.130406141281128
1779968417716329000,81.83632885742188,-1.529911994934082,0.8862127661705017,0.0607810914516449
1779968417732663000,81.8526630859375,-0.9440922141075134,1.9872974157333374,0.7944302558898926
1779968417748992000,81.86899194335938,-0.07437284290790558,1.4066699743270874,1.2467759847640991
1779968417765309700,81.88530981445312,0.711963415145874,0.015118914656341076,1.4758504629135132
1779968417781654500,81.90165454101563,1.24647057056427,-0.7443392872810364,1.916437029838562
1779968417797976600,81.9179765625,1.389107584953308,-0.9030115604400635,2.610074520111084
1779968417814320400,81.9343203125,1.4123204946517944,-1.6128369569778442,2.917797803878784
1779968417830651000,81.95065087890625,1.9113973379135132,-2.5841126441955566,2.629622220993042
1779968417846985200,81.96698510742188,2.065946340560913,-4.528954982757568,2.931694984436035
1779968417863300400,81.98330029296875,1.3645201921463013,-3.9984185695648193,3.9855902194976807
1779968417879634000,81.99963403320312,0.31123584508895874,-3.269198179244995,4.36936616897583
1779968417895966500,82.01596655273437,-0.5673410892486572,-3.1199941635131836,4.341114044189453
1779968417912298200,82.03229833984375,-1.0245736837387085,-2.4695754051208496,4.594317436218262
1779968417928630000,82.04863012695313,-1.017396092414856,-0.7921395301818848,4.5935540199279785
1779968417944962600,82.06496264648437,-0.019853120669722557,1.201724648475647,3.8142426013946533
1779968417961293800,82.0812939453125,0.494189977645874,0.056810468435287476,3.1558825969696045
1779968417977628400,82.09762841796875,0.43539419770240784,-0.5597052574157715,2.587319850921631
1779968417993957600,82.11395751953125,0.9219483733177185,-0.6345362663269043,1.7928894758224487
1779968418010287000,82.130287109375,0.7261660695075989,-0.878576934337616,1.0264062881469727
1779968418026612200,82.1466123046875,0.39156460762023926,-1.44057297706604,0.2834414839744568
1779968418042953000,82.16295288085938,-0.06322455406188965,-2.0277671813964844,-0.22021691501140594
1779968418059285200,82.17928515625,-0.8258898258209229,-2.4578163623809814,-0.8965974450111389
1779968418075616500,82.19561645507812,-0.9532552361488342,-2.3961188793182373,-2.1879665851593018
1779968418091948500,82.21194848632813,-0.7487680912017822,-0.46242499351501465,-2.844188690185547
1779968418108280000,82.22828002929687,-0.5190827250480652,2.0775527954101562,-2.6842947006225586
1779968418124613400,82.24461328125,0.05207626149058342,3.9854376316070557,-1.7478381395339966
1779968418140968400,82.26096850585938,0.16920967400074005,4.252996444702148,1.7644842863082886
1779968418157288200,82.2772880859375,0.13225232064723969,4.978551864624023,6.37300443649292
1779968418173622000,82.2936220703125,1.9932533502578735,0.3179553747177124,-1.2359330654144287
1779968418189947400,82.30994750976562,2.3651175498962402,0.021532999351620674,-1.1696542501449585
1779968418206286600,82.32628662109374,0.8512406945228577,1.7557793855667114,-0.4862487316131592
1779968418222599400,82.34259936523438,-0.8544477820396423,1.9364428520202637,-1.6129896640777588
1779968418238949000,82.35894921875,-2.3331997394561768,3.4264957904815674,-1.2870930433273315
1779968418255270100,82.37527026367188,-3.1584787368774414,2.6090054512023926,-1.788002610206604
1779968418271616800,82.39161669921874,-3.5068247318267822,1.3706289529800415,-3.3982434272766113
1779968418287950000,82.4079501953125,-3.7137553691864014,-0.42577308416366577,-4.221537113189697
1779968418304273400,82.4242734375,-1.6557502746582031,-4.96999979019165,-4.359134197235107
1779968418320604200,82.44060424804688,0.3194825351238251,-2.3189971446990967,-8.864418029785156
1779968418336940800,82.45694091796875,0.6789767146110535,4.597372055053711,-5.296812534332275
1779968418353271600,82.473271484375,0.10247264802455902,2.484694480895996,-2.7956247329711914
1779968418369581300,82.48958129882813,0.4057672321796417,-0.7667886018753052,-2.6091582775115967
1779968418385922300,82.50592236328124,-0.06429356336593628,1.737911581993103,-2.2350032329559326
1779968418402253000,82.52225317382812,-1.0841331481933594,0.1736384481191635,-2.1901047229766846
1779968418418584000,82.538583984375,-1.1620184183120728,-0.7968736886978149,-1.539685845375061
1779968418434916000,82.554916015625,-1.0106765031814575,-0.5746715068817139,-0.2816088795661926
1779968418451248000,82.571248046875,-0.669966459274292,0.7360926270484924,0.7661777138710022
1779968418467583500,82.58758349609376,0.007941247895359993,0.7515169382095337,1.2035572528839111
1779968418483923700,82.603923828125,0.6272059082984924,-0.327271044254303,1.3706289529800415
1779968418500256800,82.6202568359375,1.0787880420684814,-0.9242390990257263,1.595579981803894
1779968418516586000,82.6365859375,1.417970895767212,-0.892779529094696,1.8319848775863647
1779968418532899600,82.65289965820313,1.4271339178085327,-1.3529138565063477,2.2175936698913574
1779968418549247000,82.6692470703125,1.1242974996566772,-1.6294829845428467,2.8522825241088867
1779968418565570000,82.68557006835937,1.7272214889526367,-2.355496406555176,3.5492796897888184
1779968418581902800,82.70190283203125,2.5450172424316406,-3.5433237552642822,3.771940231323242
1779968418598232600,82.71823266601562,2.3849706649780273,-4.344015598297119,3.841120719909668
1779968418614564600,82.73456469726563,1.1212431192398071,-4.074776649475098,3.6056320667266846
1779968418630915000,82.7509150390625,-1.2229522466659546,-3.076164722442627,3.9816195964813232
1779968418647209200,82.76720922851563,-2.5889995098114014,-1.8805487155914307,4.73191499710083
1779968418663575600,82.78357543945313,-1.7689130306243896,-0.4807509481906891,4.631580352783203
1779968418679905800,82.79990576171875,-0.1976149082183838,0.26542094349861145,3.855017900466919
1779968418696222500,82.81622241210937,0.5308418869972229,-0.9625709056854248,2.9292516708374023
1779968418712568000,82.83256811523438,1.224173903465271,-0.8365799784660339,1.8822284936904907
1779968418728902700,82.84890258789062,1.5320500135421753,-0.9234755635261536,0.7357872128486633
1779968418745219600,82.86521948242188,0.8269588351249695,-1.980883240699768,-0.17989981174468994
1779968418761564000,82.88156396484375,0.48288896679878235,-2.504242181777954,-0.6458373069763184
1779968418777882000,82.89788208007812,-0.1788308024406433,-2.2003366947174072,-0.7423539757728577
1779968418794227700,82.91422778320313,-0.6621779203414917,-1.9077321290969849,-1.7896825075149536
1779968418810543900,82.9305439453125,-0.7988590002059937,-0.7547240257263184,-2.8006644248962402
1779968418826892800,82.94689282226562,-0.7480044960975647,1.9657644033432007,-3.029128074645996
1779968418843224600,82.963224609375,-0.2073887437582016,4.1945061683654785,-2.453845739364624
1779968418859542000,82.9795419921875,0.28069257736206055,4.071875095367432,-1.0245736837387085
1779968418875874300,82.99587426757813,-0.13454307615756989,2.5645649433135986,3.47597599029541
1779968418892204500,83.01220458984375,0.23671028017997742,2.855947732925415,3.9342775344848633
1779968418908533500,83.02853344726563,1.169501543045044,1.955379605293274,-1.2909109592437744
1779968418924856800,83.04485693359375,1.6183347702026367,1.8176295757293701,-1.741729497909546
1779968418941204200,83.06120434570313,0.289702832698822,2.3267858028411865,-1.0671815872192383
1779968418957536500,83.07753662109376,-0.9860892295837402,3.070819616317749,-1.3246612548828125
1779968418973863000,83.09386279296875,-2.1039726734161377,3.238502025604248,-1.3576480150222778
1779968418990208500,83.11020849609375,-2.710867166519165,1.6688838005065918,-1.5940529108047485
1779968419006542800,83.12654296875,-3.0689868927001953,0.1644754707813263,-2.934596538543701
1779968419022851300,83.14285131835938,-3.193450689315796,-1.031293272972107,-4.3704352378845215
1779968419039198500,83.15919848632812,-1.4871513843536377,-3.3910655975341797,-5.213735103607178
1779968419055523800,83.17552392578125,0.5916230082511902,1.193172574043274,-7.1283392906188965
1779968419071844400,83.19184423828125,1.0821478366851807,4.064239025115967,-4.460843563079834
1779968419088188200,83.20818823242188,0.8290968537330627,1.8351919651031494,-2.916881561279297
1779968419104501500,83.22450146484375,0.5603161454200745,-0.06352998316287994,-2.6696338653564453
1779968419120864500,83.24086450195313,-0.28649580478668213,0.6067419052124023,-2.6668848991394043
1779968419137184000,83.25718408203124,-1.4191926717758179,-0.24678955972194672,-2.07969069480896
1779968419153515000,83.27351489257812,-1.5745052099227905,0.4723515510559082,-1.831068515777588
1779968419169855700,83.28985571289063,-1.4708107709884644,-0.16859880089759827,-1.5824464559555054
1779968419186179600,83.3061796875,-1.4098769426345825,0.3367394804954529,-0.31749722361564636
1779968419202523400,83.3225234375,-0.6210972666740417,1.1757628917694092,0.5025894045829773
1779968419218853600,83.338853515625,0.27259862422943115,0.9327912330627441,0.7866417169570923
1779968419235179000,83.35517895507813,1.1114692687988281,-0.022449297830462456,0.9760099649429321
1779968419251519500,83.37151953125,1.564578652381897,-0.36071592569351196,1.4072808027267456
1779968419267847200,83.38784716796874,1.7736471891403198,-0.7399105429649353,2.250580310821533
1779968419284185600,83.404185546875,2.560288906097412,-1.0772608518600464,3.0694451332092285
1779968419300511700,83.42051171875,3.0246992111206055,-1.9239200353622437,2.8706085681915283
1779968419316834000,83.436833984375,2.320371627807617,-3.8345539569854736,3.377626657485962
1779968419333178000,83.45317822265625,1.4280502796173096,-3.659999132156372,4.208708763122559
1779968419349473500,83.4694736328125,0.6250678896903992,-2.922990083694458,4.781242370605469
1779968419365825500,83.48582543945312,-0.5022839307785034,-2.233170509338379,5.143027305603027
1779968419382157600,83.50215747070312,-1.4085025787353516,-0.6710354685783386,4.964960098266602
1779968419398494500,83.51849438476563,0.09254608303308487,1.6838500499725342,4.011551856994629
1779968419414824700,83.53482470703125,0.9502009153366089,0.5445863604545593,3.779728651046753
1779968419431155000,83.55115502929688,0.01038470957428217,-1.9979875087738037,3.819434881210327
1779968419447486700,83.56748681640624,0.1719585657119751,-2.9515480995178223,3.1199941635131836
1779968419463838000,83.583837890625,0.6125451326370239,-3.145956039428711,2.085188627243042
1779968419480159500,83.60015942382813,0.3413209617137909,-2.919477701187134,0.8237518072128296
1779968419496500200,83.61650024414062,0.07925976812839508,-2.431091070175171,-0.455705463886261
1779968419512812000,83.63281201171876,-0.47998735308647156,-2.118786096572876,-1.2150110006332397
1779968419529145300,83.64914526367187,-1.023046612739563,-1.8507689237594604,-2.514932155609131
1779968419545479000,83.66547900390626,-0.6850853562355042,-0.0734565481543541,-3.299130439758301
1779968419561813200,83.68181323242187,-0.3602577745914459,2.4949264526367188,-3.1587841510772705
1779968419578144800,83.69814477539063,-0.01618792861700058,4.97809362411499,-2.381305456161499
1779968419594475500,83.7144755859375,0.5209153294563293,5.156771659851074,-0.5994115471839905
1779968419610828300,83.73082836914062,0.22678372263908386,0.7533495426177979,5.054604530334473
1779968419627132700,83.74713256835938,0.736245334148407,-0.6317873597145081,3.129920721054077
1779968419643481900,83.76348193359375,1.3183999061584473,2.0857994556427,-2.2704334259033203
1779968419659806500,83.77980639648437,1.3228286504745483,2.791043281555176,-1.9431623220443726
1779968419676141300,83.79614135742187,0.29245173931121826,2.950479030609131,-2.281276226043701
1779968419692480500,83.81248046875,-0.2220495194196701,2.9431488513946533,-2.503936529159546
1779968419708814000,83.82881396484375,-1.098488450050354,3.0836477279663086,-1.697441816329956
1779968419725141800,83.84514184570313,-2.1201605796813965,2.3962717056274414,-0.9005680680274963
1779968419741466600,83.86146655273437,-3.011718273162842,1.55892813205719,-1.3723087310791016
1779968419757805600,83.8778056640625,-3.7024543285369873,0.13820825517177582,-2.691166877746582
1779968419774137000,83.89413720703125,-2.464841365814209,-4.390288352966309,-2.451402187347412
1779968419790449000,83.91044897460938,-0.37048977613449097,-5.594761848449707,-6.77205228805542
1779968419806784500,83.92678442382812,1.191950798034668,2.288606643676758,-7.599469184875488
1779968419823116000,83.94311596679688,0.9185886383056641,5.331326484680176,-3.3067662715911865
1779968419839440000,83.95943994140625,0.5491678714752197,1.0693196058273315,-2.294715404510498
1779968419855770000,83.97577001953125,-0.1693623960018158,-0.0039706239476799965,-2.553874969482422
1779968419872117500,83.99211743164062,-1.1267409324645996,0.04795292019844055,-2.414750337600708
1779968419888446500,84.00844653320313,-1.5819882154464722,0.1495092660188675,-1.6865988969802856
1779968419904778800,84.02477880859375,-1.5847371816635132,0.5340489149093628,-0.7177666425704956
1779968419921106400,84.0411064453125,-1.192256212234497,1.4880677461624146,0.4129449129104614
1779968419937444600,84.05744458007813,-0.46043968200683594,1.3852896690368652,0.8327620625495911
1779968419953773600,84.07377368164063,0.3539963960647583,0.3484986126422882,0.9993755221366882
1779968419970134800,84.090134765625,0.8857545852661133,-0.43417248129844666,1.272737741470337
1779968419986449000,84.10644897460938,1.1158981323242188,-0.7913759350776672,1.5644259452819824
1779968420002752800,84.12275268554687,1.0864238739013672,-1.1997393369674683,1.7870862483978271
1779968420019100700,84.1391005859375,0.6551529765129089,-1.221272349357605,2.051438093185425
1779968420035430000,84.15542993164063,0.9808968901634216,-1.5628987550735474,2.7899742126464844
1779968420051764500,84.17176440429688,2.1291708946228027,-3.0755538940429688,3.755141496658325
1779968420068095700,84.188095703125,2.8913779258728027,-4.6547932624816895,4.1638102531433105
1779968420084415000,84.2044150390625,2.7046058177948,-4.264908313751221,4.190077304840088
1779968420100747500,84.22074755859374,0.6947064995765686,-3.2672128677368164,3.808133840560913
1779968420117106400,84.2371064453125,-2.0033326148986816,-1.1951578855514526,4.059504985809326
1779968420133436000,84.25343579101562,-1.3993395566940308,-0.17088955640792847,4.470922946929932
1779968420149766400,84.26976635742187,0.7872526049613953,-0.1281289905309677,3.8815903663635254
1779968420166092000,84.28609204101562,0.6530149579048157,-0.9146180152893066,3.353039264678955
1779968420182433000,84.30243310546875,0.31459560990333557,-1.8180876970291138,2.484236240386963
1779968420198760700,84.3187607421875,0.6281222105026245,-2.7462973594665527,1.6649131774902344
1779968420215100200,84.33510009765625,0.4011857509613037,-2.096642255783081,1.056491494178772
1779968420231428900,84.35142895507812,0.10277807712554932,-2.0285308361053467,0.3315471112728119
1779968420247752400,84.36775244140625,-0.2532036304473877,-1.8800904750823975,-0.1950187236070633
1779968420264088300,84.38408837890626,-1.1426234245300293,-1.9217820167541504,-0.9544769525527954
1779968420280425500,84.40042553710937,-1.28434419631958,-1.324508547782898,-2.498438835144043
1779968420296751600,84.41675170898438,-0.8910996913909912,0.5919284224510193,-3.1650454998016357
1779968420313089000,84.43308911132813,-0.432645320892334,3.3063080310821533,-2.976288080215454
1779968420329403600,84.44940356445312,0.22937989234924316,5.65508508682251,-1.9701931476593018
1779968420345736700,84.46573681640625,0.07956519722938538,4.6663994789123535,1.901012659072876
1779968420362067000,84.48206689453124,0.06322455406188965,1.4674509763717651,5.313305854797363
1779968420378400800,84.49840087890625,1.3950635194778442,1.819003939628601,-1.8179349899291992
1779968420394732300,84.51473217773437,2.4582743644714355,1.2669345140457153,-2.012648344039917
1779968420411064600,84.53106469726562,1.0490083694458008,2.9248228073120117,-0.44974952936172485
1779968420427399000,84.54739892578125,0.21838432550430298,2.0219640731811523,-1.3208433389663696
1779968420443759400,84.56375927734375,-1.4715744256973267,2.5311200618743896,-1.264796495437622
1779968420460072000,84.58007202148437,-2.563190460205078,2.48988676071167,-1.5111279487609863
1779968420476405800,84.59640576171876,-3.0500502586364746,1.3637566566467285,-3.447723388671875
1779968420492743700,84.61274365234375,-3.995364189147949,2.5480716228485107,-4.372115135192871
1779968420509056300,84.62905615234375,-3.223841428756714,-1.4569135904312134,-2.4579689502716064
1779968420525386500,84.64538647460938,-1.120937705039978,-5.6373701095581055,-7.072139739990234
1779968420541712600,84.66171264648438,1.1571314334869385,0.23671028017997742,-7.604661464691162
1779968420558054000,84.67805395507813,1.6244434118270874,4.487110614776611,-4.127922058105469
1779968420574382300,84.69438232421875,0.851393461227417,1.9057468175888062,-2.8212811946868896
1779968420590717200,84.71071728515625,-0.23976461589336395,0.6395758986473083,-2.2815816402435303
1779968420607059700,84.72705981445313,-1.094365119934082,-0.25931230187416077,-1.8881844282150269
1779968420623389400,84.74338940429688,-1.2696833610534668,-0.3627012372016907,-1.2635747194290161
1779968420639729700,84.75972973632813,-1.333213448524475,0.48915034532546997,-0.09712757170200348
1779968420656055300,84.77605517578125,-0.9651671051979065,2.0218112468719482,0.8831584453582764
1779968420672365000,84.79236499023438,-0.23777928948402405,1.8023579120635986,1.0509936809539795
1779968420688716000,84.80871606445312,0.3761402666568756,0.2687807083129883,1.03984534740448
1779968420705033700,84.82503369140625,0.9256135821342468,-0.827111542224884,1.4697418212890625
1779968420721382100,84.84138208007812,1.2809844017028809,-1.3794864416122437,2.116189956665039
1779968420737740500,84.85774047851562,1.6209309101104736,-2.02120041847229,2.7209465503692627
1779968420754043400,84.87404345703125,2.2605068683624268,-2.286010503768921,2.917492389678955
1779968420770378000,84.8903779296875,3.062420129776001,-2.8683178424835205,2.6946792602539062
1779968420786709200,84.90670922851562,2.6791021823883057,-3.9208385944366455,2.9944615364074707
1779968420803026700,84.92302661132813,1.9228510856628418,-4.156327247619629,3.9089267253875732
1779968420819354400,84.93935424804687,0.10277807712554932,-4.111886501312256,4.287816047668457
1779968420835682000,84.95568212890625,-2.0219640731811523,-4.47794771194458,3.9651262760162354
1779968420852019500,84.97201953125,-2.027308940887451,-3.53446626663208,4.204432964324951
1779968420868356600,84.98835668945313,-0.12553280591964722,-0.05375614017248154,3.807675838470459
1779968420884669400,85.00466943359375,0.15729780495166779,0.6212499737739563,3.595094680786133
1779968420901017900,85.02101782226562,-0.035582900047302246,-0.408974289894104,3.2307136058807373
1779968420917353000,85.03735302734376,0.8286387324333191,-0.6026185750961304,2.0473148822784424
1779968420933692000,85.05369189453126,1.2124147415161133,-0.09972374886274338,0.9181304574012756
1779968420950032000,85.07003198242188,0.6198754906654358,-0.45005497336387634,0.11316278576850891
1779968420966357200,85.08635717773437,0.10613783448934555,-1.35535728931427,-0.3121521472930908
1779968420982691000,85.10269116210938,-0.8439103364944458,-2.308612585067749,-1.144914150238037
1779968420998986200,85.118986328125,-0.9491318464279175,-1.958433985710144,-2.4552202224731445
1779968421015342000,85.13534204101562,-0.9271407127380371,-0.04046982154250145,-2.9933924674987793
1779968421031672000,85.15167211914063,-0.8762862086296082,2.283872365951538,-2.328160047531128
1779968421048001500,85.16800146484375,-0.13209961354732513,2.9854512214660645,-0.7301366925239563
1779968421064342300,85.18434228515625,-0.26679539680480957,3.065474510192871,3.4075591564178467
1779968421080665900,85.20066577148438,0.11636982858181,2.4863743782043457,3.4988834857940674
1779968421097020000,85.21702001953125,1.0783299207687378,2.537992477416992,-0.9320276379585266
1779968421113341200,85.23334106445313,2.068389654159546,2.7992899417877197,-1.1426234245300293
1779968421129684200,85.24968432617187,0.5668829679489136,2.0807597637176514,-0.04657847434282303
1779968421146009600,85.26600952148438,-0.11148291081190109,0.1085812970995903,-0.6423248052597046
1779968421162341400,85.28234130859374,-1.6439911127090454,2.2319488525390625,-1.046717643737793
1779968421178670600,85.29867065429687,-2.763248920440674,2.9214630126953125,-1.13758385181427
1779968421195004200,85.31500415039062,-3.2111659049987793,2.0893118381500244,-2.570979118347168
1779968421211316500,85.33131640625,-3.383735418319702,0.8639161586761475,-4.686710834503174
1779968421227668700,85.34766870117187,-3.299741268157959,-2.2872321605682373,-4.751462459564209
1779968421244004000,85.36400415039063,-0.9547823667526245,-4.198935031890869,-7.720878601074219
1779968421260330200,85.38033032226562,0.9669997096061707,2.998584747314453,-6.110637664794922
1779968421276658400,85.39665844726562,0.7504479289054871,2.534785270690918,-3.2821788787841797
1779968421292993000,85.41299291992188,0.3982841372489929,-0.801913321018219,-2.7099509239196777
1779968421309297400,85.42929736328125,0.11682797968387604,0.9152288436889648,-2.2545509338378906
1779968421325643500,85.4456435546875,-0.41141775250434875,1.4903584718704224,-2.1282544136047363
1779968421341984300,85.461984375,-0.931569516658783,-0.3205515444278717,-1.7050776481628418
1779968421358308400,85.47830834960938,-0.8811731338500977,-1.1006264686584473,-0.5827654600143433
1779968421374641200,85.49464111328125,-0.8875871896743774,0.05497787147760391,0.6142250299453735
1779968421390971100,85.51097119140626,-0.12782354652881622,0.5707008838653564,1.2012665271759033
1779968421407295500,85.52729541015626,0.7615962624549866,-0.22907446324825287,1.4862351417541504
1779968421423650800,85.54365087890625,1.2712105512619019,-0.6386595964431763,1.8513798713684082
1779968421439980300,85.55998022460938,1.4651602506637573,-0.6747006773948669,2.3935227394104004
1779968421456311300,85.57631127929687,1.4595097303390503,-1.5522085428237915,3.0111074447631836
1779968421472645600,85.59264575195313,1.9194912910461426,-2.5668556690216064,3.263242244720459
1779968421488960000,85.6089599609375,2.1675026416778564,-4.256356239318848,3.3368513584136963
1779968421505295600,85.62529565429688,1.7750216722488403,-5.14715051651001,3.95275616645813
1779968421521626000,85.64162622070313,1.026253581047058,-4.327827453613281,4.2642974853515625
1779968421537959000,85.657958984375,-0.3677408695220947,-2.788599729537964,4.383721828460693
1779968421554291000,85.674291015625,-1.9920315742492676,-0.7988590002059937,4.951215744018555
1779968421570621000,85.69062084960937,-1.4955508708953857,0.5233588218688965,4.309806823730469
1779968421586969300,85.70696923828125,0.5558874011039734,-0.06612616032361984,3.0944905281066895
1779968421603297300,85.72329736328125,1.0123564004898071,-0.8283332586288452,2.8035659790039062
1779968421619635200,85.73963525390624,1.1791226863861084,-1.4857770204544067,2.0587685108184814
1779968421635962600,85.75596264648438,0.927446186542511,-1.7931948900222778,1.1015427112579346
1779968421652292600,85.77229272460937,0.5294674634933472,-2.593428373336792,0.2926044464111328
1779968421668599300,85.78859936523438,0.34804046154022217,-2.6818511486053467,-0.2603813111782074
1779968421684941300,85.80494140625,-0.3579670190811157,-2.5952610969543457,-0.7661777138710022
1779968421701301200,85.82130126953125,-0.8248208165168762,-1.8379408121109009,-2.2324070930480957
1779968421717620200,85.8376201171875,-0.7342600226402283,-0.2796235680580139,-3.2623257637023926
1779968421733952500,85.85395239257812,-0.709061861038208,1.9642372131347656,-3.4568865299224854
1779968421750269700,85.87026977539062,-0.39797869324684143,4.141360759735107,-2.8066203594207764
1779968421766617000,85.8866171875,0.09346238523721695,5.325523376464844,-0.9250026941299438
1779968421782932700,85.9029326171875,-0.8481863737106323,2.8405234813690186,4.95167350769043
1779968421799265800,85.91926586914063,-0.34116822481155396,0.3289509415626526,4.39105224609375
1779968421815599000,85.93559912109374,2.0305161476135254,0.15775595605373383,-1.8768835067749023
1779968421831931600,85.951931640625,1.482264518737793,3.3344080448150635,-2.0280725955963135
1779968421848258000,85.96825805664062,0.5827654600143433,4.0043745040893555,-1.5511395931243896
1779968421864605700,85.98460571289063,-0.4453207552433014,3.394730806350708,-1.637271523475647
1779968421880927000,86.00092700195313,-1.754557728767395,3.402519464492798,-0.9538660645484924
1779968421897262300,86.01726245117187,-2.5027148723602295,1.5720616579055786,-1.8993327617645264
1779968421913604000,86.03360400390625,-3.1861205101013184,1.5934419631958008,-3.824169158935547
1779968421929933800,86.04993383789062,-4.506047248840332,2.5954136848449707,-4.1914520263671875
1779968421946251300,86.06625122070312,-2.4355196952819824,-3.450166940689087,-3.3406693935394287
1779968421962597600,86.08259765625,0.09010262042284012,-5.602550506591797,-8.312654495239258
1779968421978911700,86.09891186523437,1.4129313230514526,2.8345675468444824,-5.404630184173584
1779968421995252000,86.115251953125,0.9647089242935181,4.873330116271973,-2.3539693355560303
1779968422011580200,86.131580078125,0.5329799056053162,0.9387471675872803,-2.1000020503997803
1779968422027912400,86.14791235351562,-0.012980886735022068,1.2533427476882935,-1.9799669981002808
1779968422044245500,86.16424560546875,-0.6562219858169556,-0.6317873597145081,-2.2452352046966553
1779968422060576500,86.18057641601563,-0.9497427344322205,-1.4772248268127441,-1.1846203804016113
1779968422076912400,86.19691235351563,-0.9906707406044006,0.1797471046447754,-0.017867809161543846
1779968422093249000,86.2132490234375,-0.5868887901306152,1.3199270963668823,0.6618725061416626
1779968422109590800,86.2295908203125,0.35292738676071167,0.6834055185317993,0.8881980776786804
1779968422125917400,86.24591748046875,1.0355693101882935,-0.8573493957519531,1.0228939056396484
1779968422142228500,86.262228515625,1.3814717531204224,-1.1523972749710083,1.508989930152893
1779968422158552800,86.278552734375,1.5752687454223633,-1.1296426057815552,1.9207130670547485
1779968422174897200,86.29489721679687,1.3374894857406616,-1.3926200866699219,2.353052854537964
1779968422191237000,86.31123706054687,1.4356859922409058,-2.5773932933807373,3.188411235809326
1779968422207563300,86.32756323242188,2.1064159870147705,-4.083786964416504,3.9211440086364746
1779968422223893500,86.3438935546875,1.9663752317428589,-4.803538799285889,4.105167388916016
1779968422240224800,86.36022485351563,0.9500481486320496,-4.125325679779053,4.311639785766602
1779968422256558800,86.37655883789063,-0.922711968421936,-3.009580373764038,4.172973155975342
1779968422272908300,86.392908203125,-2.475989580154419,-0.950506329536438,4.402658462524414
1779968422289217800,86.4092177734375,-1.8209892511367798,1.3183999061584473,4.355774402618408
1779968422305553700,86.4255537109375,0.2535090744495392,1.1901181936264038,3.5248451232910156
1779968422321885700,86.4418857421875,0.9860892295837402,-0.8135197758674622,3.241403818130493
1779968422338218000,86.45821801757812,1.3054190874099731,-1.6047430038452148,2.8034133911132812
1779968422354549800,86.4745498046875,1.2142473459243774,-2.0190622806549072,1.5893186330795288
1779968422370881300,86.49088134765626,0.7396050691604614,-2.3632848262786865,0.5105306506156921
1779968422387218000,86.50721801757813,0.6104071140289307,-2.446057081222534,-0.21074850857257843
1779968422403538200,86.5235380859375,0.026114489883184433,-2.4497222900390625,-0.5448917746543884
1779968422419888000,86.53988818359375,-0.7287622094154358,-2.1334469318389893,-1.7353154420852661
1779968422436222500,86.55622241210938,-0.7677049040794373,-0.7006624341011047,-3.090519905090332
1779968422452550700,86.57255053710938,-0.751669704914093,2.285857677459717,-3.4657440185546875
1779968422468883500,86.58888354492187,-0.4544837474822998,4.761389255523682,-2.867248773574829
1779968422485199400,86.60519946289062,-0.21624629199504852,4.5182647705078125,-1.1151344776153564
1779968422501538800,86.62153881835937,-0.6375905871391296,1.8303049802780151,3.1115949153900146
1779968422517867300,86.6378671875,0.16661348938941956,2.0173823833465576,3.8734965324401855
1779968422534202000,86.6542021484375,1.0140362977981567,2.0479257106781006,-0.6637051105499268
1779968422550531300,86.67053125,1.4613423347473145,1.9585866928100586,-1.4804319143295288
1779968422566863400,86.68686328125,0.5772676467895508,3.87532901763916,-1.4764612913131714
1779968422583211000,86.7032109375,-0.1215621829032898,2.4498751163482666,-1.629024863243103
1779968422599535900,86.71953588867187,-1.3318389654159546,2.3246476650238037,-1.1916453838348389
1779968422615855600,86.73585571289063,-2.14428973197937,1.5925257205963135,-1.4107933044433594
1779968422632205800,86.75220581054687,-2.434298038482666,0.9101892113685608,-2.9213104248046875
1779968422648516400,86.76851635742187,-3.0618093013763428,1.8810068368911743,-3.74109148979187
1779968422664846300,86.78484643554688,-3.272099733352661,-0.1134682223200798,-2.6648995876312256
1779968422681182000,86.80118188476563,-1.6168075799942017,-4.985729217529297,-5.083009719848633
1779968422697527000,86.81752709960938,0.47968193888664246,-1.4437800645828247,-7.728819847106934
1779968422713836800,86.8338369140625,1.1789699792861938,4.071569442749023,-4.237572193145752
1779968422730189300,86.85018920898438,0.48258355259895325,1.8694003820419312,-2.472935199737549
1779968422746526700,86.86652661132813,-0.32100969552993774,0.11881329119205475,-2.0140228271484375
1779968422762859300,86.882859375,-1.0531316995620728,0.4648684561252594,-2.1818578243255615
1779968422779160300,86.89916040039063,-1.325730323791504,-0.2793181240558624,-1.8883371353149414
1779968422795508500,86.91550854492188,-1.165378212928772,-0.10522153973579407,-0.8701775670051575
1779968422811840300,86.93184033203126,-1.14873206615448,0.5221370458602905,0.17547103762626648
1779968422828160800,86.94816088867188,-0.4225660264492035,1.2977832555770874,1.1386528015136719
1779968422844502000,86.964501953125,0.5232060551643372,-0.015882495790719986,1.1604912281036377
1779968422860831000,86.9808310546875,1.2796099185943604,-1.2890783548355103,1.2024881839752197
1779968422877161000,86.99716088867187,1.6235270500183105,-1.2391401529312134,1.5271631479263306
1779968422893511400,87.01351147460937,1.3521502017974854,-1.3377948999404907,2.076941728591919
1779968422909840000,87.02983984375,0.8402451276779175,-1.862222671508789,2.813950777053833
1779968422926177500,87.04617749023437,1.3924673795700073,-3.9938368797302246,3.3544137477874756
1779968422942497500,87.06249755859375,1.9266690015792847,-5.258480548858643,3.844633102416992
1779968422958841000,87.07884106445313,1.6760615110397339,-4.229172706604004,4.2479567527771
1779968422975157000,87.09515698242187,1.0453431606292725,-2.5970935821533203,4.654029369354248
1779968422991470300,87.11147021484375,0.3491095006465912,-2.2902865409851074,4.566675662994385
1779968423007809800,87.12780981445313,-0.9721920490264893,-1.330464482307434,4.839732646942139
1779968423024155600,87.14415576171875,-1.6543757915496826,0.5068654417991638,4.643033981323242
1779968423040472000,87.16047216796875,-0.46929723024368286,0.6763805150985718,3.520416498184204
1779968423056819200,87.17681909179687,0.6623306274414062,-0.29626965522766113,3.165656328201294
1779968423073166300,87.19316625976562,1.0656543970108032,-0.8619308471679688,2.14902400970459
1779968423089492700,87.20949267578125,0.7570147514343262,-1.4960089921951294,1.0758863687515259
1779968423105826300,87.22582641601562,0.3179553747177124,-2.4610233306884766,0.39125919342041016
1779968423122153500,87.24215356445312,0.01466076634824276,-2.468200922012329,0.041233405470848083
1779968423138491000,87.25849096679687,-0.8506298661231995,-2.1365013122558594,-0.8674286603927612
1779968423154826200,87.274826171875,-1.009149432182312,-0.915534257888794,-2.5083653926849365
1779968423171144700,87.29114477539062,-0.707534670829773,2.0567831993103027,-3.1172454357147217
1779968423187492400,87.30749243164063,-0.6520986557006836,4.180609226226807,-3.1114420890808105
1779968423203815200,87.32381518554688,-0.15286903083324432,5.4337992668151855,-2.1864395141601562
1779968423220152300,87.34015234375,-0.19364428520202637,3.802025318145752,0.8805622458457947
1779968423236446500,87.35644653320313,-0.016493361443281174,2.041206121444702,5.003749847412109
1779968423252813800,87.37281372070312,1.211803913116455,3.3760995864868164,0.029932396486401558
1779968423269130800,87.389130859375,2.3289237022399902,0.7089090943336487,-2.828458786010742
1779968423285462300,87.40546215820312,0.6769914031028748,2.956434965133667,-0.3903428912162781
1779968423301795300,87.42179541015625,0.1992947906255722,1.5806138515472412,-0.3698789179325104
1779968423318128600,87.43812866210938,-1.0604621171951294,1.4952454566955566,-0.6568328738212585
1779968423334443800,87.45444384765625,-2.1348214149475098,1.9084957838058472,-0.7342600226402283
1779968423350775800,87.47077587890625,-2.8464794158935547,1.2670872211456299,-2.319760799407959
1779968423367113200,87.48711328125,-3.453221321105957,1.4845552444458008,-4.176027297973633
1779968423383454200,87.5034541015625,-3.2626311779022217,-1.3307698965072632,-2.908787488937378
1779968423399783400,87.51978344726562,-1.1326968669891357,-6.200587749481201,-5.13294792175293
1779968423416102000,87.53610180664063,0.793361246585846,-1.7780760526657104,-8.600982666015625
1779968423432437000,87.55243701171875,0.8280278444290161,4.48436164855957,-3.8544070720672607
1779968423448768800,87.56876879882813,0.41722095012664795,2.188882827758789,-2.4379632472991943
1779968423465100500,87.5851005859375,-0.5647448897361755,0.5816964507102966,-2.3939809799194336
1779968423481432600,87.6014326171875,-1.6699528694152832,0.4488332271575928,-1.954005241394043
1779968423497764000,87.61776416015626,-1.7427985668182373,0.6788240075111389,-1.3040446043014526
1779968423514095600,87.634095703125,-1.2347114086151123,-0.2047925740480423,-1.4665347337722778
1779968423530429000,87.65042895507813,-1.3211487531661987,0.17592918872833252,-0.28435778617858887
1779968423546762500,87.66676245117188,-0.7354817390441895,1.711338996887207,0.5943718552589417
1779968423563091000,87.68309106445312,0.03176499158143997,1.112691044807434,0.7345654368400574
1779968423579424500,87.69942456054687,0.9332493543624878,0.2203696370124817,0.8252789378166199
1779968423595756000,87.71575610351563,1.4595097303390503,-0.3075706362724304,1.0021244287490845
1779968423612086500,87.73208642578125,1.580308437347412,-0.7997753024101257,1.2373075485229492
1779968423628420600,87.74842065429688,1.1901181936264038,-1.1261301040649414,1.9387335777282715
1779968423644741400,87.76474145507812,1.4517213106155396,-1.8061758279800415,2.735759973526001
1779968423661081000,87.7810810546875,1.9304869174957275,-4.127922058105469,2.978426218032837
1779968423677414400,87.79741430664062,2.202169179916382,-5.4672441482543945,2.9801061153411865
1779968423693747000,87.81374682617188,1.8993327617645264,-4.517043113708496,3.514307737350464
1779968423710077000,87.83007690429687,1.7644842863082886,-3.7864482402801514,4.385859966278076
1779968423726410000,87.84640991210938,1.2260065078735352,-3.45871901512146,5.047732353210449
1779968423742742500,87.86274243164063,-0.5212207436561584,-2.403602123260498,5.094005107879639
1779968423759074300,87.87907421875,-1.015868902206421,-1.2765556573867798,4.455193042755127
1779968423775405600,87.89540551757813,-0.15683965384960175,-0.4662429094314575,3.97780179977417
1779968423791737900,87.91173779296875,0.3269656300544739,-1.6420058012008667,3.489873170852661
1779968423808070400,87.9280703125,0.670577347278595,-1.6869044303894043,2.482250928878784
1779968423824401000,87.94440087890625,0.9815077185630798,-2.464841365814209,1.6363552808761597
1779968423840729900,87.96072973632812,0.4775438904762268,-2.096489429473877,1.1313223838806152
1779968423857069000,87.97706909179688,0.32421672344207764,-1.18492591381073,0.24892759323120117
1779968423873396200,87.99339624023438,-0.49785518646240234,-1.5180001258850098,-0.9860892295837402
1779968423889731000,88.00973095703125,-1.490511178970337,-1.648267149925232,-2.6846001148223877
1779968423906070500,88.02607055664062,-1.5291484594345093,0.00931569468230009,-3.798818349838257
1779968423922405600,88.04240551757813,-1.4369077682495117,2.408794403076172,-3.6386189460754395
1779968423938729500,88.0587294921875,-1.1467467546463013,4.053091049194336,-3.0804407596588135
1779968423955066600,88.07506665039062,-0.18555031716823578,4.7558913230896,-0.7573201656341553
1779968423971399400,88.0913994140625,-0.4893030524253845,1.8248071670532227,4.479475021362305
1779968423987731700,88.10773168945312,-0.5966626405715942,-1.054964303970337,4.876689910888672
1779968424004063500,88.1240634765625,1.1456778049468994,2.0566306114196777,-0.8020660877227783
1779968424020394500,88.14039453125,2.4110851287841797,3.8085920810699463,-2.8828258514404297
1779968424036726500,88.1567265625,0.4934264123439789,5.666996955871582,-1.9828685522079468
1779968424053061600,88.1730615234375,0.7918340563774109,2.5115723609924316,-1.5824464559555054
1779968424069403600,88.18940356445313,-0.22876903414726257,0.8058840036392212,-0.5050328373908997
1779968424085734400,88.205734375,-1.4298827648162842,1.2973250150680542,0.6270532011985779
1779968424102068200,88.22206811523438,-2.4013113975524902,1.9181169271469116,-0.21609358489513397
1779968424118398500,88.2383984375,-3.090519905090332,4.102418422698975,-2.7171285152435303
1779968424134728400,88.254728515625,-3.939622640609741,2.8845057487487793,-4.198935031890869
1779968424151081500,88.27108154296874,-1.7159204483032227,-6.031225204467773,-5.002222537994385
1779968424167395600,88.2873955078125,0.24663683772087097,-5.532606601715088,-8.182234764099121
1779968424183728400,88.30372827148437,1.186300277709961,3.57539439201355,-4.434729099273682
1779968424200042200,88.32004223632812,0.5206099152565002,4.4124321937561035,-2.629469394683838
1779968424216387300,88.33638720703125,0.023976460099220276,0.8246681094169617,-2.5276076793670654
1779968424232724200,88.35272412109374,-0.608421802520752,0.47250425815582275,-2.328618288040161
1779968424249040400,88.36904028320312,-1.463022232055664,-0.2906191349029541,-2.1560487747192383
1779968424265373700,88.38537377929687,-1.5175420045852661,-0.4421137273311615,-1.7311921119689941
1779968424281703200,88.401703125,-1.1974486112594604,-0.35353827476501465,-0.9980010986328125
1779968424298036200,88.4180361328125,-0.8060367107391357,0.512210488319397,0.08933904021978378
1779968424314354200,88.43435424804687,0.030085112899541855,0.9456194043159485,0.5351179838180542
1779968424330699500,88.45069946289063,0.8196284174919128,-0.20891591906547546,0.6585127115249634
1779968424347035100,88.46703515625,1.36482572555542,-1.1155925989151,0.9967793822288513
1779968424363377700,88.48337768554687,1.4517213106155396,-0.9459248185157776,1.7266106605529785
1779968424379707400,88.49970727539062,1.6612480878829956,-1.4547755718231201,2.4498751163482666
1779968424396053800,88.5160537109375,2.2652411460876465,-2.635119915008545,2.5586090087890625
1779968424412371700,88.53237182617187,2.283872365951538,-3.97780179977417,2.580142021179199
1779968424428703000,88.54870288085938,1.5755741596221924,-4.815450668334961,3.4414620399475098
1779968424445016000,88.56501611328125,0.7945829629898071,-3.3967161178588867,4.12288236618042
1779968424461353700,88.58135375976562,-0.051770828664302826,-2.431854486465454,4.341114044189453
1779968424477686000,88.59768603515624,-1.2101240158081055,-1.574657917022705,4.56621789932251
1779968424494017800,88.61401782226562,-1.9636263847351074,0.13958270847797394,4.74779748916626
1779968424510345000,88.63034497070312,-0.9517280459403992,0.6185010671615601,3.815769672393799
1779968424526680000,88.64668017578126,0.34116822481155396,-0.16691893339157104,3.0466904640197754
1779968424543012400,88.66301245117188,0.5878050923347473,-0.8168795704841614,2.842050552368164
1779968424559364000,88.67936401367187,1.0028879642486572,-0.9133962392807007,1.8671096563339233
1779968424575716600,88.69571655273438,0.8268061280250549,-1.3014483451843262,0.8955284357070923
1779968424592021500,88.712021484375,0.6646214127540588,-1.8723019361495972,0.23976461589336395
1779968424608320500,88.72832055664063,0.5916230082511902,-2.107637882232666,-0.2148718535900116
1779968424624694500,88.74469458007812,-0.192422553896904,-2.034639358520508,-0.9763153791427612
1779968424640979500,88.7609794921875,-0.7067710757255554,-1.8460347652435303,-2.2394320964813232
1779968424657351400,88.77735131835938,-0.8510879874229431,-0.4147774875164032,-2.886338233947754
1779968424673665300,88.79366528320313,-0.8613200187683105,1.6997325420379639,-2.886949062347412
1779968424689997600,88.80999755859375,-0.49846604466438293,3.392287492752075,-2.052201747894287
1779968424706339800,88.82633984375,-0.1241583600640297,3.165809154510498,0.047800205647945404
1779968424722677000,88.84267700195312,-0.40072759985923767,1.2244794368743896,3.70963191986084
1779968424738994700,88.85899462890625,-0.005650503560900688,0.06704246252775192,3.247206926345825
1779968424755327700,88.87532763671875,1.067945122718811,1.5364787578582764,-0.060933809727430344
1779968424771646000,88.89164599609374,1.0934487581253052,4.376543998718262,-2.0650298595428467
1779968424787991000,88.90799096679687,-0.7391469478607178,4.572173595428467,-2.328465700149536
1779968424804319500,88.92431958007812,0.8060367107391357,1.2789990901947021,-2.152078151702881
1779968424820653000,88.94065307617187,0.11056660860776901,1.6090190410614014,-1.3040446043014526
1779968424836992500,88.95699243164063,-1.0334312915802002,2.314415693283081,0.26542094349861145
1779968424853314800,88.97331469726562,-1.7400496006011963,2.7403414249420166,-0.3061962127685547
1779968424869667000,88.9896669921875,-2.8350255489349365,3.910759210586548,-2.5387558937072754
1779968424885992000,89.00599194335938,-3.2902729511260986,3.0505082607269287,-2.9833130836486816
1779968424902337800,89.022337890625,-2.2576053142547607,-4.372725963592529,-4.185343265533447
1779968424918651600,89.03865161132812,-0.9584475755691528,-3.303101062774658,-7.300297737121582
1779968424934990600,89.05499047851562,0.6937901973724365,4.8727192878723145,-3.732234001159668
1779968424951318800,89.07131884765624,1.1965322494506836,3.843411445617676,-2.5674667358398438
1779968424975804700,89.0958046875,0.010079276748001575,-0.5878050923347473,-2.143831491470337
1779968424992145200,89.11214526367188,-0.5813909769058228,0.299476683139801,-1.4770721197128296
1779968425008470000,89.12846997070312,-0.5942191481590271,0.09682214260101318,-2.046398639678955
1779968425024800000,89.14480004882813,-0.9877691268920898,-0.845132052898407,-1.7134770154953003
1779968425041141800,89.16114184570313,-1.0380127429962158,-0.3735440969467163,-0.3219259977340698
1779968425057477400,89.17747729492187,-0.6064364910125732,0.07101308554410934,0.1134682223200798
1779968425073812500,89.1938125,0.10445795953273773,0.17592918872833252,0.7869471311569214
1779968425090181400,89.21018139648437,0.7489207983016968,-0.23609942197799683,1.374599575996399
1779968425106463700,89.22646362304687,1.0812314748764038,-0.5244278311729431,1.7829629182815552
1779968425122804700,89.2428046875,1.05404794216156,-0.6174320578575134,2.3380868434906006
1779968425139123000,89.259123046875,0.8275696635246277,-1.7469218969345093,2.8093693256378174
1779968425155470300,89.27547021484375,1.3214542865753174,-2.9628491401672363,3.2033772468566895
1779968425171800800,89.29180078125,2.347402334213257,-4.368297576904297,3.090061902999878
1779968425188119300,89.30811938476562,2.6891815662384033,-4.2977423667907715,3.13847279548645
1779968425204466700,89.324466796875,2.551278591156006,-3.5518760681152344,3.6170859336853027
1779968425220792600,89.34079248046875,0.7440338730812073,-2.9602530002593994,3.8559341430664062
1779968425237116700,89.35711669921875,-1.9556851387023926,-2.729804039001465,4.433812618255615
1779968425253446400,89.3734462890625,-2.20278000831604,-0.5245805382728577,5.106070041656494
1779968425269781000,89.38978100585938,-0.5769622325897217,0.24694228172302246,3.7032177448272705
1779968425286105900,89.40610595703124,0.827722430229187,-0.9019425511360168,2.3373231887817383
1779968425302444500,89.42244458007812,1.1546880006790161,-0.6298020482063293,1.8671096563339233
1779968425318772000,89.43877197265626,1.5117387771606445,-0.3833179473876953,1.0923798084259033
1779968425335110400,89.4551103515625,1.1954632997512817,-0.44806966185569763,0.15851953625679016
1779968425351435800,89.47143579101562,0.9068294763565063,-1.0013608932495117,-0.49877145886421204
1779968425367783200,89.487783203125,0.48716503381729126,-1.2337950468063354,-0.8397870063781738
1779968425384098300,89.50409838867188,-0.5636758804321289,-1.2618948221206665,-1.3125966787338257
1779968425400448800,89.52044873046874,-1.5722143650054932,-1.057865858078003,-2.406809091567993
1779968425416781300,89.53678125,-2.063350200653076,-0.2854267954826355,-2.7646234035491943
1779968425433106400,89.5531064453125,-1.8379408121109009,2.1517727375030518,-2.31166672706604
1779968425449432800,89.56943286132812,-0.9630290865898132,3.7893497943878174,-1.750434398651123
1779968425465745000,89.58574487304688,-0.2669481039047241,4.252233028411865,-0.8926268219947815
1779968425482088700,89.60208862304688,-0.38576140999794006,2.704911231994629,3.275001287460327
1779968425498431200,89.61843115234375,0.5041165351867676,3.444669008255005,2.997668504714966
1779968425514755300,89.63475537109375,1.6733126640319824,2.99003267288208,-1.0813841819763184
1779968425531090400,89.65109033203125,1.9315558671951294,2.1760547161102295,-2.2997548580169678
1779968425547438000,89.66743798828125,0.28435778617858887,3.173750400543213,-1.9788979291915894
1779968425563761700,89.68376171875,-0.5073235630989075,2.9078712463378906,-1.3562735319137573
1779968425580149000,89.70014892578125,-1.7686076164245605,2.1875083446502686,-0.7147123217582703
1779968425596431000,89.71643115234374,-2.6364943981170654,0.9636399149894714,-1.1844676733016968
1779968425612746200,89.73274633789063,-3.245985269546509,0.2577851414680481,-2.2182044982910156
1779968425629094700,89.7490947265625,-3.506213903427124,-0.5364924073219299,-2.757751226425171
1779968425645426000,89.76542602539062,-2.48515248298645,-3.277444839477539,-2.6233608722686768
1779968425661753600,89.78175366210938,-0.813825249671936,-3.4636058807373047,-6.3273420333862305
1779968425678094000,89.79809399414063,0.888961672782898,1.979508876800537,-6.0365705490112305
1779968425694420200,89.81442016601562,1.1023063659667969,3.8573086261749268,-3.846771240234375
1779968425710751000,89.8307509765625,0.395077109336853,0.993725061416626,-2.9208521842956543
1779968425727066000,89.84706616210937,-0.5821545720100403,0.38087448477745056,-2.034944772720337
1779968425743389200,89.86338916015625,-1.3535246849060059,-0.13072516024112701,-1.6809484958648682
1779968425759734800,89.87973486328124,-1.3135130405426025,-0.3052799105644226,-1.3857477903366089
1779968425776066300,89.89606640625,-1.1036807298660278,-0.45891252160072327,-0.5451972484588623
1779968425792398300,89.9123984375,-0.9702067375183105,0.4024074673652649,0.3871358633041382
1779968425808727300,89.92872729492187,-0.3075706362724304,0.9221010804176331,0.7527387142181396
1779968425825110500,89.94511059570313,0.5299255847930908,-0.22113321721553802,0.9126327037811279
1779968425841407700,89.96140771484374,1.26067316532135,-1.1971431970596313,1.3649784326553345
1779968425857760500,89.97776049804688,1.674839735031128,-1.2475395202636719,2.0986275672912598
1779968425874069500,89.99406958007812,1.8891007900238037,-1.43751859664917,2.807994842529297
1779968425890402000,90.01040209960938,1.9616410732269287,-2.302656650543213,3.285996913909912
1779968425906735000,90.02673510742187,2.2069034576416016,-3.8405098915100098,3.629455804824829
1779968425923066400,90.04306640625,2.277458429336548,-5.117371082305908,3.7148241996765137
1779968425939380000,90.0593798828125,1.764026165008545,-5.243208885192871,3.7087156772613525
1779968425955720700,90.075720703125,0.49037206172943115,-4.306905269622803,4.365242958068848
1779968425972048400,90.09204833984376,-1.244027018547058,-3.092963457107544,5.06056022644043
1779968425988380200,90.10838012695312,-2.2206478118896484,-0.5258022546768188,5.7245707511901855
1779968426004703200,90.124703125,-1.0702359676361084,0.7507534027099609,4.824308395385742
1779968426021041400,90.14104150390625,0.17058411240577698,-0.3214678466320038,3.7163515090942383
1779968426037394700,90.15739477539063,0.5736024379730225,-0.7484626173973083,3.299894094467163
1779968426053720000,90.17371997070312,1.3938417434692383,-0.8825475573539734,2.3965771198272705
1779968426070051000,90.19005102539063,1.1568260192871094,-1.8159496784210205,1.0506882667541504
1779968426086372000,90.2063720703125,0.5878050923347473,-2.330909013748169,-0.13255776464939117
1779968426102714000,90.22271411132813,0.37720927596092224,-2.473240613937378,-0.9266825914382935
1779968426119048700,90.23904858398437,-0.609338104724884,-2.2855522632598877,-1.2101240158081055
1779968426135366700,90.25536669921875,-1.2702943086624146,-1.9892827272415161,-1.8753563165664673
1779968426151714000,90.27171411132812,-1.1882855892181396,-1.2458596229553223,-3.0590603351593018
1779968426168041700,90.28804174804688,-1.0340421199798584,0.7336491346359253,-3.193756103515625
1779968426184362200,90.3043623046875,-0.4323398768901825,3.260951280593872,-2.5864033699035645
1779968426200694000,90.32069409179688,0.5248859524726868,4.993212699890137,-2.231032609939575
1779968426217010700,90.3370107421875,0.7102835774421692,6.598413467407227,-1.377501130104065
1779968426233360100,90.35336010742188,-0.41661009192466736,2.810743808746338,5.318498134613037
1779968426249686300,90.36968627929687,0.6189591884613037,1.872912883758545,1.5986343622207642
1779968426266024000,90.38602392578125,2.4549148082733154,1.8170186281204224,-1.392925500869751
1779968426282353700,90.40235375976563,1.2403619289398193,2.2229385375976562,-1.9787452220916748
1779968426298685200,90.41868530273437,-0.3433062732219696,3.8009562492370605,-1.8290832042694092
1779968426315028500,90.43502856445312,-1.5263994932174683,3.930917739868164,-1.4474451541900635
1779968426331365000,90.451365234375,-2.1983513832092285,1.9472856521606445,-1.5574009418487549
1779968426347695000,90.46769506835938,-2.4975225925445557,0.31673362851142883,-2.970026731491089
1779968426364025900,90.48402587890625,-3.2336151599884033,0.10522153973579407,-4.374100685119629
1779968426380359000,90.50035888671874,-2.4100160598754883,-1.419498085975647,-4.081343650817871
1779968426396728800,90.51672875976563,-0.49098294973373413,0.17256943881511688,-4.894404888153076
1779968426413004000,90.53300415039062,0.5623014569282532,2.135432243347168,-4.148538589477539
1779968426429332500,90.54933251953125,0.5540547966957092,0.8455902338027954,-3.6105189323425293
1779968426445667800,90.56566772460937,0.15622878074645996,-0.3052799105644226,-3.2962288856506348
1779968426462005000,90.5820048828125,0.0010690141934901476,1.031293272972107,-2.417499303817749
1779968426478336300,90.59833618164062,-1.1716395616531372,1.197906732559204,-1.686140775680542
1779968426494663700,90.61466357421875,-1.9179641008377075,-0.31154128909111023,-1.45004141330719
1779968426511002400,90.63100244140625,-1.5279266834259033,0.16264286637306213,-1.2110403776168823
1779968426527348700,90.6473486328125,-1.1424707174301147,0.20036379992961884,-0.3321579694747925
1779968426543675400,90.66367529296875,-0.6029239892959595,0.9282097220420837,0.15424346923828125
1779968426560002000,90.680001953125,0.16890424489974976,0.1059851199388504,0.3911064863204956
1779968426576342500,90.69634252929687,0.9202684760093689,-0.984867513179779,0.7982481718063354
1779968426592672800,90.7126728515625,1.4314099550247192,-1.3981177806854248,1.6310101747512817
1779968426608998100,90.728998046875,1.5876387357711792,-1.1433870792388916,2.3829853534698486
1779968426625339100,90.74533911132812,1.7272214889526367,-1.4204144477844238,2.7562239170074463
1779968426641668000,90.76166821289063,2.065640926361084,-2.909092903137207,2.730414867401123
1779968426657997600,90.77799755859375,1.7409659624099731,-4.90738582611084,3.118314266204834
1779968426674332200,90.79433227539063,1.267392635345459,-4.527427673339844,3.899916410446167
1779968426690648300,90.8106484375,0.6114761233329773,-3.112358331680298,4.384637832641602
1779968426706976800,90.82697680664063,-0.2834414839744568,-2.6334400177001953,4.671286582946777
1779968426723313200,90.84331323242188,-1.398881435394287,-1.6320792436599731,4.983133316040039
1779968426739644000,90.85964379882813,-1.5407549142837524,-0.4795292317867279,4.513835906982422
1779968426755976000,90.87597583007812,-0.4818199574947357,-0.16065755486488342,3.5349245071411133
1779968426772307200,90.89230712890625,0.2344195395708084,-0.8720101118087769,3.1361820697784424
1779968426788640000,90.90863989257812,0.6540839672088623,-0.9466884136199951,2.6093108654022217
1779968426804973300,90.92497338867187,1.2557861804962158,-1.0923798084259033,1.458593487739563
1779968426821317400,90.9413173828125,0.8956811428070068,-1.9100228548049927,0.4596760869026184
1779968426837647000,90.95764721679687,0.6337726712226868,-1.90925931930542,-0.33017265796661377
1779968426853979400,90.9739794921875,0.2422080636024475,-1.8191566467285156,-0.7380779385566711
1779968426870293000,90.99029296875,-0.6073527932167053,-2.1126773357391357,-1.5099061727523804
1779968426886627800,91.0066279296875,-0.9503536224365234,-1.8176295757293701,-2.604729413986206
1779968426902962700,91.02296264648437,-0.9393580555915833,0.0027488935738801956,-2.975524663925171
1779968426919279000,91.03927905273437,-0.7701483368873596,2.880993127822876,-2.5364651679992676
1779968426935615200,91.055615234375,-0.08384125679731369,4.877453327178955,-1.653917670249939
1779968426951945700,91.07194580078125,0.20326541364192963,4.650975227355957,2.0914499759674072
1779968426968281000,91.08828100585937,0.12492194026708603,3.0103440284729004,5.291162014007568
1779968426984608300,91.10460815429687,1.1267409324645996,2.4474315643310547,0.22540926933288574
1779968427000942300,91.1209423828125,2.1093177795410156,1.471421718597412,-2.2912027835845947
1779968427017273000,91.13727319335938,1.288162112236023,3.1694743633270264,-2.0842721462249756
1779968427033606000,91.15360595703125,-0.3908010423183441,3.2209396362304688,-1.9113973379135132
1779968427049936600,91.1699365234375,-2.0002782344818115,4.15938138961792,-1.1326968669891357
1779968427066269400,91.18626953125,-3.223994016647339,3.2055153846740723,-1.026253581047058
1779968427082601700,91.20260180664063,-3.9293906688690186,1.027169942855835,-2.204918146133423
1779968427098933000,91.21893310546875,-4.107763290405273,-0.23121249675750732,-3.6465601921081543
1779968427115264300,91.23526416015625,-3.14320707321167,-2.9500210285186768,-3.162754774093628
1779968427131605000,91.25160498046876,-0.9042332768440247,-2.7421741485595703,-6.739523410797119
1779968427147926800,91.2679267578125,1.003498911857605,4.032779693603516,-5.808870315551758
1779968427164260600,91.28426049804688,0.912327229976654,4.316526412963867,-3.3519704341888428
1779968427180594700,91.3005947265625,0.2672535479068756,0.26221391558647156,-2.7704265117645264
1779968427196924700,91.31692456054688,-0.007024950347840786,0.33368512988090515,-2.3382394313812256
1779968427213255000,91.3332548828125,-0.7522805333137512,0.1333213448524475,-2.0477731227874756
1779968427229587200,91.34958715820312,-1.0922271013259888,-0.7342600226402283,-1.6762142181396484
1779968427245918700,91.36591870117188,-1.0010554790496826,-0.764345109462738,-1.0910053253173828
1779968427262251800,91.38225170898437,-0.8805622458457947,-0.12140946835279465,-0.00366519158706069
1779968427278581800,91.39858178710938,-0.35934147238731384,1.13926362991333,0.609338104724884
1779968427294915800,91.41491577148437,0.389426589012146,0.39736783504486084,0.8349000811576843
1779968427311245600,91.43124560546875,1.059698462486267,-0.6377432942390442,0.9870055317878723
1779968427327578600,91.44757861328125,1.5212072134017944,-0.9149234294891357,1.4553864002227783
1779968427343909600,91.46390966796875,1.7224873304367065,-0.9949467778205872,2.2094995975494385
1779968427360254500,91.48025439453124,1.825876235961914,-2.085341215133667,2.9384145736694336
1779968427376587300,91.49658715820313,2.2850942611694336,-3.4203872680664062,3.4385604858398438
1779968427392917200,91.51291723632812,2.744006633758545,-4.578893184661865,3.4465017318725586
1779968427409259000,91.52925903320312,2.445904493331909,-5.173264980316162,3.360675096511841
1779968427425578800,91.54557885742187,1.0261008739471436,-4.745201110839844,4.005290508270264
1779968427441918500,91.56191845703125,-1.1314750909805298,-4.047593116760254,4.687016487121582
1779968427458248000,91.578248046875,-2.4303274154663086,-2.255314588546753,5.218774318695068
1779968427474575400,91.59457543945312,-1.6129896640777588,0.930347740650177,5.098433971405029
1779968427490909400,91.61090942382812,-0.25595253705978394,1.1255191564559937,3.787822723388672
1779968427507240200,91.627240234375,0.59803706407547,-1.0566442012786865,2.8713719844818115
1779968427523570000,91.64356982421874,1.2791517972946167,-0.8449793457984924,2.1200077533721924
1779968427539922400,91.65992236328125,1.5008958578109741,-1.3613132238388062,1.0042624473571777
1779968427556255500,91.67625537109375,0.8594874143600464,-2.059990406036377,0.20036379992961884
1779968427572579000,91.6925791015625,0.5972734689712524,-2.2884538173675537,-0.2590068578720093
1779968427588915000,91.7089150390625,-0.1670716404914856,-2.328465700149536,-0.5904012322425842
1779968427605246500,91.72524658203125,-1.0644327402114868,-1.860390067100525,-1.6797267198562622
1779968427621575000,91.74157495117187,-1.255022644996643,-0.903775155544281,-2.9443705081939697
1779968427637893600,91.7578935546875,-1.2623530626296997,1.0699304342269897,-3.112358331680298
1779968427654239500,91.77423950195312,-1.0167851448059082,3.3985488414764404,-2.610532522201538
1779968427670570800,91.79057080078125,-0.18280142545700073,5.448459625244141,-2.017840623855591
1779968427686888000,91.80688793945312,-0.28725937008857727,5.10927677154541,1.3906347751617432
1779968427703227400,91.82322729492188,-0.05650503560900688,2.2149972915649414,5.382791996002197
1779968427719564000,91.83956396484375,0.4248567819595337,2.7895162105560303,1.1560624837875366
1779968427735885800,91.8558857421875,1.2260065078735352,3.1424434185028076,-1.1501065492630005
1779968427752220000,91.87221997070313,1.2353222370147705,1.2681562900543213,-2.0384573936462402
1779968427768550000,91.8885498046875,-0.5076290369033813,0.5377141237258911,-3.5440874099731445
1779968427784890000,91.90489013671875,-1.9643899202346802,3.9742891788482666,-3.639993190765381
1779968427801211100,91.92121118164063,-2.3463335037231445,4.195269584655762,-3.047759532928467
1779968427817557500,91.9375576171875,-2.565939426422119,2.062891960144043,-2.987283706665039
1779968427833890800,91.95389086914062,-2.3440427780151367,-1.09024178981781,-3.128851890563965
1779968427850221000,91.97022094726563,-1.6899586915969849,-3.592498540878296,-3.2374331951141357
1779968427866542300,91.98654223632812,-0.45952337980270386,0.3361285924911499,-5.139820098876953
1779968427882886000,92.00288598632812,0.6685920357704163,2.8373162746429443,-4.65143346786499
1779968427899201800,92.01920190429688,0.3127630054950714,1.8443548679351807,-3.7030651569366455
1779968427915551200,92.03555126953125,-0.08170322328805923,0.7686212062835693,-2.8991663455963135
1779968427931865000,92.05186499023438,-0.6168211698532104,1.4929546117782593,-2.09694766998291
1779968427948213200,92.06821313476563,-1.6546812057495117,0.3698789179325104,-1.4938709735870361
1779968427964533800,92.08453369140625,-1.4785993099212646,0.16920967400074005,-1.1273517608642578
1779968427980859400,92.100859375,-1.141401767730713,-0.5823072791099548,-0.8057312369346619
1779968427997196800,92.11719677734375,-0.8486445546150208,0.33368512988090515,0.030543262138962746
1779968428013525000,92.13352490234375,0.021838432177901268,0.2967278063297272,0.5123631954193115
1779968428029862400,92.1498623046875,0.9405797719955444,-0.6298020482063293,0.8726209998130798
1779968428046202600,92.16620263671875,1.568701982498169,-1.1974486112594604,1.6281086206436157
1779968428062520000,92.18252001953125,1.821447491645813,-1.3555099964141846,2.116037130355835
1779968428078867200,92.1988671875,1.8458820581436157,-1.3138184547424316,2.39825701713562
1779968428095196700,92.21519677734375,1.6809484958648682,-1.8373299837112427,3.0999884605407715
1779968428111536000,92.2315361328125,1.8723019361495972,-3.1331279277801514,3.830125093460083
1779968428127863800,92.24786376953125,2.1233675479888916,-3.8628063201904297,4.10699987411499
1779968428144179000,92.26417895507812,1.684613585472107,-3.5321755409240723,4.120896816253662
1779968428160522800,92.28052270507813,0.5977316498756409,-3.006220579147339,4.392426490783691
1779968428176845300,92.29684521484376,-1.2060006856918335,-2.4414756298065186,4.511086940765381
1779968428193173000,92.31317309570312,-1.302364706993103,-1.0296133756637573,4.5879034996032715
1779968428209516800,92.32951684570313,-0.31322115659713745,0.6624833345413208,4.212526798248291
1779968428225849000,92.34584912109375,-0.37751471996307373,-0.4795292317867279,4.089590072631836
1779968428242174700,92.3621748046875,0.41523563861846924,-0.9624181985855103,3.300199508666992
1779968428258502100,92.37850219726562,1.3075571060180664,-1.1691961288452148,1.804495930671692
1779968428274855400,92.39485546875,1.133307695388794,-1.3523029088974,0.4202753007411957
1779968428291180500,92.4111806640625,0.5710062980651855,-2.1090123653411865,-0.5482515692710876
1779968428307512600,92.4275126953125,0.197004035115242,-2.931236982345581,-0.9491318464279175
1779968428323842300,92.44384228515625,-0.8982773423194885,-3.0920472145080566,-1.0216721296310425
1779968428340176400,92.46017626953125,-1.4998269081115723,-2.2453880310058594,-2.244318962097168
1779968428356518100,92.47651806640626,-1.3878858089447021,0.22831088304519653,-2.6928467750549316
1779968428372835600,92.49283569335938,-1.1340713500976562,3.4216089248657227,-2.668564796447754
1779968428389174000,92.50917407226562,-0.18616119027137756,6.097198963165283,-2.210721254348755
1779968428405505000,92.52550512695312,0.10354165732860565,5.0179524421691895,-0.6815729141235352
1779968428421816800,92.54181689453125,0.5532912015914917,2.4420864582061768,3.3061554431915283
1779968428438159000,92.5581591796875,1.048092007637024,3.349526882171631,1.0548115968704224
1779968428454486300,92.574486328125,1.2299771308898926,2.6233608722686768,-0.49495357275009155
1779968428470818600,92.59081860351563,0.6188064813613892,2.6481008529663086,-0.9984592199325562
1779968428487150000,92.60715014648437,-0.2967278063297272,1.966680645942688,-1.8724546432495117
1779968428503481600,92.62348168945313,-1.6811012029647827,2.9378037452697754,-1.3613132238388062
1779968428519811300,92.63981127929688,-2.5663976669311523,2.2649354934692383,-1.1937834024429321
1779968428536165000,92.6561650390625,-3.185662269592285,0.6679811477661133,-2.0470094680786133
1779968428552491500,92.67249145507813,-3.7226128578186035,0.45036038756370544,-3.1528282165527344
1779968428568821800,92.68882177734375,-3.275001287460327,-2.31166672706604,-2.913980007171631
1779968428585153000,92.70515307617187,-1.3637566566467285,-4.675562381744385,-6.002667427062988
1779968428601507000,92.72150708007813,0.4970915913581848,0.5125159621238708,-6.532745838165283
1779968428617819100,92.73781909179688,0.8970556259155273,3.4709362983703613,-3.796221971511841
1779968428634148900,92.75414892578125,0.48808133602142334,0.806647539138794,-3.1424434185028076
1779968428650464500,92.77046459960937,-0.003817907767370343,0.04749477282166481,-2.4660630226135254
1779968428666797600,92.78679760742187,-1.0590876340866089,0.2684752643108368,-1.915215253829956
1779968428683132000,92.8031318359375,-1.6551393270492554,-0.26679539680480957,-1.4260649681091309
1779968428699463200,92.81946313476563,-1.2974777221679688,-0.3744603991508484,-1.5083789825439453
1779968428715795500,92.83579541015625,-1.2000447511672974,-0.8388707041740417,-0.6753115057945251
1779968428732129300,92.85212939453125,-0.9472993016242981,0.8729264140129089,0.303600013256073
1779968428748459800,92.86845971679688,-0.15729780495166779,0.855516791343689,0.6698137521743774
1779968428764797000,92.884796875,0.6898195743560791,-0.12507465481758118,0.6621779203414917
1779968428781119500,92.90111938476562,1.4219415187835693,-0.751669704914093,0.8969029188156128
1779968428797471200,92.91747119140625,1.8238909244537354,-0.7678576111793518,1.2770137786865234
1779968428813798100,92.93379809570312,1.6711746454238892,-1.1210904121398926,1.8768835067749023
1779968428830145500,92.9501455078125,1.4558446407318115,-1.439045786857605,2.6984972953796387
1779968428846467600,92.96646752929688,1.8248071670532227,-3.135571241378784,3.0277535915374756
1779968428862780400,92.98278051757812,1.8471038341522217,-4.2584943771362305,3.771634817123413
1779968428879127300,92.99912719726562,1.8122844696044922,-3.8851029872894287,4.0463714599609375
1779968428895445000,93.01544506835937,1.608102798461914,-3.438865900039673,4.482529163360596
1779968428911787800,93.03178784179687,0.8516988754272461,-3.523623466491699,4.628220558166504
1779968428928109000,93.04810913085937,-0.6325509548187256,-3.068528890609741,4.769941329956055
1779968428944439000,93.06443896484375,-1.0873401165008545,-1.514182209968567,4.3337836265563965
1779968428960757000,93.08075708007813,-0.23335053026676178,0.25534167885780334,4.089131832122803
1779968428977107700,93.09710766601563,0.24892759323120117,-0.9821186065673828,3.8044686317443848
1779968428993437000,93.11343701171874,0.7619016766548157,-1.7683022022247314,2.8576276302337646
1779968429009773300,93.12977319335937,1.2348641157150269,-2.2847888469696045,1.6273449659347534
1779968429026099500,93.14609936523438,0.8681922554969788,-2.3542747497558594,0.8130616545677185
1779968429042453000,93.16245288085938,0.6614143252372742,-1.6852245330810547,0.06658431142568588
1779968429058760700,93.1787607421875,0.2587014436721802,-2.0703749656677246,-0.6012440919876099
1779968429075106800,93.19510693359375,-0.8684976696968079,-2.4854578971862793,-1.2808316946029663
1779968429091434200,93.21143432617187,-1.277166485786438,-2.004401683807373,-2.850450038909912
1779968429107781400,93.22778149414063,-1.1349875926971436,0.5716171264648438,-3.3568572998046875
1779968429124104200,93.24410424804688,-0.9570731520652771,3.1345021724700928,-3.0468430519104004
1779968429140435500,93.260435546875,-0.30375275015830994,5.463884353637695,-2.4384212493896484
1779968429156730600,93.27673071289063,0.2200642079114914,6.0260329246521,-1.0826059579849243
1779968429173085700,93.29308569335937,-0.5277875661849976,1.282511591911316,4.483598232269287
1779968429189423600,93.30942358398437,0.08399397134780884,-0.05772676691412926,4.537965297698975
1779968429205748000,93.325748046875,1.891544222831726,2.018756866455078,-1.5205962657928467
1779968429222083800,93.34208374023437,2.73606538772583,1.7321083545684814,-2.7875308990478516
1779968429238413000,93.3584130859375,0.45066583156585693,5.02207612991333,-2.1201605796813965
1779968429254762800,93.3747626953125,-0.20693060755729675,5.279250144958496,-2.018298864364624
1779968429271082800,93.39108276367188,-1.3002266883850098,2.806162118911743,-0.9433286786079407
1779968429287431200,93.40743115234375,-2.1681134700775146,1.0399980545043945,-0.18356500566005707
1779968429303752200,93.42375219726563,-3.25820255279541,0.5083925724029541,-1.1504119634628296
1779968429320085000,93.4400849609375,-4.143651485443115,0.7493789196014404,-3.3119585514068604
1779968429336422100,93.45642211914063,-2.5722007751464844,-3.330284595489502,-3.235600471496582
1779968429352724500,93.47272436523437,-0.2649627923965454,-5.724876403808594,-7.596872806549072
1779968429369068500,93.48906860351562,1.0826059579849243,1.6174184083938599,-6.526637077331543
1779968429385414100,93.5054140625,0.5166392922401428,4.731304168701172,-2.7094926834106445
1779968429401727200,93.52172729492187,0.23777928948402405,0.588874101638794,-2.651613235473633
1779968429418048500,93.53804858398438,-0.3321579694747925,-0.18967366218566895,-2.53249454498291
1779968429434384000,93.5543837890625,-1.2426526546478271,0.17516560852527618,-2.2174408435821533
1779968429450715000,93.57071484375,-1.540602207183838,-0.6146831512451172,-1.819920301437378
1779968429467059700,93.58705981445313,-1.2864822149276733,-0.6050620079040527,-1.1349875926971436
1779968429483390700,93.603390625,-1.0288498401641846,0.1085812970995903,0.3003929853439331
1779968429499720400,93.61972045898438,-0.23411411046981812,1.0674870014190674,0.9436340928077698
1779968429516058600,93.63605859375,0.5451972484588623,0.06108652427792549,1.1823296546936035
1779968429532393500,93.6523935546875,1.1142182350158691,-1.1081095933914185,1.5094480514526367
1779968429548736500,93.66873657226563,1.429577350616455,-1.130406141281128,1.9876028299331665
1779968429565048600,93.68504858398437,1.5315918922424316,-1.153160810470581,2.63496732711792
1779968429581388800,93.70138891601563,1.5734361410140991,-1.9619464874267578,3.2502613067626953
1779968429597729800,93.71772973632812,2.1783454418182373,-3.3687691688537598,3.528663158416748
1779968429614043000,93.73404296875,2.3996315002441406,-5.262604236602783,3.6221253871917725
1779968429630389800,93.7503896484375,1.9547687768936157,-5.78596305847168,3.6943602561950684
1779968429646703900,93.76670385742187,0.5884159207344055,-4.5488080978393555,4.372420787811279
1779968429663027500,93.78302734375,-0.9628763198852539,-2.898097515106201,5.192812919616699
1779968429679371300,93.79937133789062,-2.1449005603790283,-0.6180428862571716,5.813451766967773
1779968429695703600,93.81570361328124,-1.6439911127090454,0.2580905556678772,4.799720764160156
1779968429712036900,93.83203686523437,-0.5065600275993347,-1.4045319557189941,4.13097620010376
1779968429728345000,93.84834497070312,0.5783366560935974,-2.8269317150115967,3.774078130722046
1779968429744715500,93.86471557617188,1.4359915256500244,-2.249664068222046,2.4213171005249023
1779968429761046000,93.8810458984375,1.5383113622665405,-1.8739818334579468,0.7513642311096191
1779968429777372200,93.8973720703125,0.9104946255683899,-2.5752551555633545,-0.14767667651176453
1779968429793692200,93.91369213867188,0.40714168548583984,-2.233781576156616,-0.7037167549133301
1779968429810038800,93.93003881835938,-0.489608496427536,-1.5543465614318848,-0.9320276379585266
1779968429826371800,93.94637182617187,-0.5653557777404785,-0.9100365042686462,-2.0781636238098145
1779968429842702300,93.96270239257812,-0.5186246037483215,-0.2799290120601654,-3.410766124725342
1779968429859035600,93.97903564453125,-0.6235406994819641,1.5876387357711792,-3.498119831085205
1779968429875370200,93.99537036132813,-0.3162754774093628,3.3238704204559326,-3.1030428409576416
1779968429891679000,94.01167895507812,0.1771509200334549,4.626388072967529,-2.2568416595458984
1779968429908030000,94.02803002929687,-0.6157521605491638,4.315610408782959,3.389080286026001
1779968429924345900,94.04434594726563,-0.9477574229240417,0.42989641427993774,5.144248962402344
1779968429940684300,94.06068432617188,0.32620203495025635,1.3107640743255615,-0.6310238242149353
1779968429957009200,94.07700903320313,1.3336715698242188,4.048356533050537,-2.741715908050537
1779968429973344500,94.09334448242187,0.6997461318969727,5.118134498596191,-2.1226038932800293
1779968429989674800,94.1096748046875,-0.16401731967926025,3.97001314163208,-1.7179057598114014
1779968430006008300,94.12600830078125,-1.7843374013900757,5.191285610198975,-0.521984338760376
1779968430022359300,94.142359375,-2.4547619819641113,3.375030517578125,-0.9323330521583557
1779968430038675000,94.15867504882813,-3.053868055343628,1.3504703044891357,-2.7930285930633545
1779968430055004200,94.17500415039062,-3.6143369674682617,1.1930198669433594,-3.584709882736206
1779968430071350000,94.19135009765625,-2.3544273376464844,-2.473088026046753,-3.1642820835113525
1779968430087680300,94.20768017578125,-0.5647448897361755,-2.911994695663452,-7.596872806549072
1779968430104011300,94.22401123046875,1.129489779472351,3.176499366760254,-5.690057277679443
1779968430120343600,94.24034350585937,1.1746938228607178,4.433354377746582,-3.1468722820281982
1779968430136659500,94.25665942382813,0.21059578657150269,0.898124635219574,-2.8293750286102295
1779968430152990200,94.272990234375,0.4466952085494995,-0.36071592569351196,-2.241569995880127
1779968430169313500,94.2893134765625,-0.18600846827030182,0.3234531581401825,-1.9295705556869507
1779968430185654800,94.30565478515625,-1.0296133756637573,-1.9158260822296143,-1.961030125617981
1779968430201994200,94.321994140625,-1.296408772468567,-0.8257371187210083,-0.8875871896743774
1779968430218321000,94.33832080078125,-1.305266261100769,0.5032002329826355,0.5823072791099548
1779968430234669600,94.35466967773438,-0.7712173461914062,1.9294178485870361,1.2011138200759888
1779968430250996000,94.37099584960937,-0.09407325088977814,1.260367751121521,1.2148582935333252
1779968430267334100,94.38733422851563,0.502436637878418,-0.2561052441596985,1.1346821784973145
1779968430283660000,94.40365991210938,1.0778716802597046,-1.1015427112579346,1.2267701625823975
1779968430299993000,94.4199931640625,1.572825312614441,-0.9842566251754761,1.860848307609558
1779968430316325600,94.43632568359375,1.5178474187850952,-1.54640531539917,2.548835277557373
1779968430332658400,94.45265844726562,1.2687671184539795,-2.7565293312072754,2.9374983310699463
1779968430348984000,94.46898413085937,1.8209892511367798,-3.913966417312622,3.305850028991699
1779968430365326000,94.485326171875,2.635119915008545,-4.783227443695068,3.561955213546753
1779968430381646800,94.50164672851562,2.969874143600464,-5.1074442863464355,3.2090277671813965
1779968430397969200,94.51796923828125,1.5900822877883911,-5.266116619110107,3.1780264377593994
1779968430414290000,94.5342900390625,-1.9785925149917603,-4.273155212402344,4.0465240478515625
1779968430430619400,94.55061938476562,-3.23315691947937,-1.850616216659546,5.0205488204956055
1779968430446957300,94.56695727539062,-2.2096524238586426,1.3231340646743774,4.887380123138428
1779968430463297500,94.58329760742187,-0.1495092660188675,0.40103304386138916,3.5891387462615967
1779968430479625500,94.59962548828125,1.2237157821655273,-2.060601234436035,2.4184155464172363
1779968430495951400,94.61595141601562,1.7408132553100586,-1.8049540519714355,1.708284616470337
1779968430512283600,94.63228369140624,1.284038782119751,-1.7302757501602173,0.8381071090698242
1779968430528625000,94.648625,0.693637490272522,-2.2270619869232178,0.11056660860776901
1779968430544943600,94.66494360351562,0.5306891798973083,-2.0922133922576904,-0.6603453159332275
1779968430561277000,94.68127685546875,-0.3448334336280823,-1.8339701890945435,-1.126282811164856
1779968430577608000,94.69760791015625,-1.3222178220748901,-1.722181797027588,-2.1337523460388184
1779968430593941000,94.71394091796876,-1.4482088088989258,-1.0813841819763184,-3.1358766555786133
1779968430610271200,94.73027124023437,-1.3388638496398926,1.3868168592453003,-3.2618677616119385
1779968430626603000,94.74660302734375,-0.7519751191139221,3.685197353363037,-2.810438394546509
1779968430642935000,94.76293505859375,-0.0780380368232727,4.700760841369629,-1.7745635509490967
1779968430659268900,94.77926879882813,-0.5981897711753845,3.121674060821533,0.7044803500175476
1779968430675608600,94.79560864257813,-0.6197227835655212,1.4805846214294434,4.782922267913818
1779968430691931600,94.811931640625,0.6186537742614746,3.7977492809295654,-0.6079636216163635
1779968430708261600,94.82826171875,1.7582229375839233,4.105014324188232,-3.0527989864349365
1779968430724594200,94.84459423828125,0.5386304259300232,5.211291313171387,-2.004554271697998
1779968430740926000,94.86092602539063,-0.13484850525856018,2.6946792602539062,-2.015702486038208
1779968430757258000,94.87725805664063,-1.666898488998413,2.6474900245666504,-0.9773843884468079
1779968430773589000,94.89358911132813,-2.2075142860412598,1.8759671449661255,-0.9251554012298584
1779968430789921500,94.90992163085937,-1.872912883758545,-0.15347988903522491,-3.19665789604187
1779968430806252000,94.926251953125,-1.9127718210220337,-0.9821186065673828,-3.8893790245056152
1779968430822585600,94.94258569335938,-1.0755809545516968,-2.9601001739501953,-2.780047655105591
1779968430838916600,94.95891650390625,-0.11850785464048386,0.9451612234115601,-6.708064079284668
1779968430855264000,94.97526391601562,0.5619960427284241,4.37684965133667,-5.854532718658447
1779968430871592700,94.9915927734375,0.44654250144958496,3.8977785110473633,-3.188105821609497
1779968430887924500,95.00792456054687,0.20097467303276062,0.5719226002693176,-1.97385835647583
1779968430904255200,95.02425512695312,-0.0708603709936142,0.7017314434051514,-1.5682437419891357
1779968430920583200,95.04058325195312,-0.7089090943336487,-0.5048801302909851,-1.7768542766571045
1779968430936923400,95.05692333984375,-1.0473284721374512,-1.3148874044418335,-1.1757628917694092
1779968430953249800,95.07324975585938,-0.7629706859588623,-0.4199698567390442,-0.05406157299876213
1779968430969572000,95.08957202148437,-0.33689218759536743,0.6524040699005127,0.5948300361633301
1779968430985915600,95.10591552734375,0.2597704529762268,0.6951646208763123,0.8984300494194031
1779968431002250200,95.12225024414063,0.8028296232223511,-0.48197266459465027,1.1684324741363525
1779968431018591700,95.138591796875,1.1498011350631714,-1.5361733436584473,1.6146695613861084
1779968431034925000,95.15492504882812,1.3785701990127563,-1.7762434482574463,2.1558961868286133
1779968431051238100,95.17123803710938,1.4404202699661255,-2.0367774963378906,2.7035367488861084
1779968431067589600,95.18758959960938,1.4172073602676392,-2.691624879837036,3.2482759952545166
1779968431083921700,95.20392163085937,1.8391625881195068,-3.531259298324585,3.8600575923919678
1779968431100248600,95.22024853515624,2.2933409214019775,-4.065766334533691,3.731928586959839
1779968431116566800,95.23656689453125,2.163379192352295,-4.711145401000977,3.263394832611084
1779968431132889300,95.25288940429688,0.6783658266067505,-4.494746685028076,3.695734739303589
1779968431149235000,95.26923486328126,-0.8678867816925049,-3.62609601020813,4.142888069152832
1779968431165570800,95.28557080078124,-2.2797491550445557,-1.0375546216964722,5.051702976226807
1779968431181897000,95.30189697265625,-2.216524600982666,1.1693488359451294,5.196019649505615
1779968431198228500,95.318228515625,-0.5239696502685547,-0.48319441080093384,3.609297275543213
1779968431214577400,95.33457739257813,1.1464413404464722,-1.4534010887145996,2.278374671936035
1779968431230904000,95.35090405273438,1.979050636291504,-0.26740625500679016,0.9973902106285095
1779968431247234300,95.367234375,1.507157325744629,-0.7487680912017822,-0.21212296187877655
1779968431263555800,95.38355590820312,0.7483099102973938,-1.5827518701553345,-0.7913759350776672
1779968431279900200,95.39990014648437,0.3995058834552765,-1.8345810174942017,-1.0111347436904907
1779968431296216000,95.41621606445312,-0.3799581825733185,-1.6184874773025513,-1.1114692687988281
1779968431312563500,95.4325634765625,-1.231046199798584,-1.3309226036071777,-1.634369969367981
1779968431328892700,95.448892578125,-1.5291484594345093,-1.1421653032302856,-2.3819162845611572
1779968431345231400,95.4652314453125,-1.5399912595748901,0.07238753139972687,-2.8298332691192627
1779968431361558300,95.48155834960937,-0.949895441532135,1.9002490043640137,-2.976288080215454
1779968431377890000,95.49789013671875,-0.2652682363986969,3.9997928142547607,-2.6193902492523193
1779968431394222000,95.51422216796875,-0.13530665636062622,5.305517196655273,-1.5120441913604736
1779968431410538200,95.53053833007813,-0.5972734689712524,3.720932960510254,3.9571850299835205
1779968431426873000,95.546873046875,0.42577308416366577,1.6649131774902344,2.962238311767578
1779968431443203800,95.56320385742187,1.85244882106781,2.3130412101745605,-1.7186694145202637
1779968431459538700,95.57953857421874,1.5735888481140137,3.562413454055786,-3.1189253330230713
1779968431475858000,95.59585791015625,-0.09193521738052368,4.445266246795654,-2.8484647274017334
1779968431492202000,95.61220190429688,-0.23121249675750732,3.4238996505737305,-1.448819637298584
1779968431508547600,95.62854760742188,-1.4543174505233765,1.608102798461914,0.11178833991289139
1779968431524864300,95.6448642578125,-2.0340285301208496,0.30695977807044983,0.1518000066280365
1779968431541209900,95.6612099609375,-2.7928760051727295,0.24342979490756989,-1.1058188676834106
1779968431557538800,95.67753881835938,-3.319136381149292,0.04932736977934837,-2.5088236331939697
1779968431573872400,95.69387231445313,-1.21027672290802,-3.017827033996582,-3.025768280029297
1779968431590205700,95.71020581054688,0.4648684561252594,-3.4964399337768555,-6.557027339935303
1779968431606529300,95.726529296875,1.2649492025375366,1.9998201131820679,-6.245638847351074
1779968431622854000,95.74285400390625,1.0302242040634155,5.475796222686768,-3.059976816177368
1779968431639186200,95.75918627929687,0.37262779474258423,1.1444560289382935,-2.4419338703155518
1779968431655500800,95.77550073242188,-0.0933096632361412,-1.1910345554351807,-2.0334177017211914
1779968431671853600,95.791853515625,-0.8323038816452026,0.5085453391075134,-1.7318029403686523
1779968431688179700,95.8081796875,-1.1513283252716064,-0.19944749772548676,-1.648572564125061
1779968431704518100,95.82451806640626,-0.9879218339920044,0.08048149943351746,-0.8310821652412415
1779968431720839200,95.84083911132812,-0.8051204085350037,0.2295326143503189,0.25335636734962463
1779968431737190000,95.85718994140625,-0.34987306594848633,0.5128213763237,0.5902485251426697
1779968431753539000,95.8735390625,0.4248567819595337,-0.2886338233947754,0.7840455174446106
1779968431769849900,95.88984985351563,0.9957103729248047,-1.2819007635116577,1.2450960874557495
1779968431786169000,95.90616918945312,1.1418598890304565,-1.1476631164550781,2.006692409515381
1779968431802514200,95.92251416015625,1.1968377828598022,-1.2753338813781738,2.6642887592315674
1779968431818826000,95.93882592773437,1.232573390007019,-1.7553212642669678,3.0550897121429443
1779968431835180000,95.95517993164063,1.7666223049163818,-2.2461514472961426,3.2788190841674805
1779968431851517400,95.97151733398438,2.55143141746521,-3.536298990249634,3.1256446838378906
1779968431867823600,95.98782373046875,1.817324161529541,-5.114316463470459,3.707035779953003
1779968431884158500,96.00415844726562,0.2877175211906433,-5.033987998962402,4.415945053100586
1779968431900476400,96.02047631835937,-0.88361656665802,-4.489553928375244,4.795139312744141
1779968431916815400,96.0368154296875,-1.7973182201385498,-1.7177530527114868,5.677992343902588
1779968431933156900,96.05315698242188,-1.1673635244369507,2.676811456680298,5.636147975921631
1779968431949486800,96.06948681640625,0.8202393054962158,1.515709400177002,3.925267457962036
1779968431965810400,96.085810546875,1.3333661556243896,-0.8822421431541443,3.3898439407348633
1779968431982140200,96.10214013671875,1.0261008739471436,-2.268906354904175,3.014314651489258
1779968431998503200,96.11850317382813,0.8678867816925049,-3.442531108856201,1.951561689376831
1779968432014828500,96.13482861328124,0.46273043751716614,-3.3652565479278564,0.7087563872337341
1779968432031161300,96.15116137695313,0.52702397108078,-2.5189027786254883,-0.49724429845809937
1779968432047497500,96.16749755859375,-0.06627888232469559,-1.9966130256652832,-1.0655016899108887
1779968432063800600,96.18380053710938,-0.7884743213653564,-1.333213448524475,-2.2003366947174072
1779968432080172500,96.20017260742188,-0.7195992469787598,-0.9263771176338196,-3.498119831085205
1779968432096472800,96.21647290039063,-0.6843217611312866,0.1973094791173935,-3.8982365131378174
1779968432112806700,96.232806640625,-0.521984338760376,2.068237066268921,-3.4828481674194336
1779968432129143600,96.2491435546875,0.04902193695306778,3.695887565612793,-2.2870795726776123
1779968432145469200,96.26546923828126,0.029168816283345222,3.8261544704437256,1.2916746139526367
1779968432161786000,96.2817861328125,-0.3220787048339844,0.9094256162643433,4.889060020446777
1779968432178141000,96.29814086914062,0.06291911751031876,0.3384193480014801,2.5389087200164795
1779968432194466600,96.31446655273437,0.32498031854629517,2.8428142070770264,-1.807397484779358
1779968432210799400,96.33079931640626,-0.15821409225463867,4.31667947769165,-3.009274959564209
1779968432227132400,96.34713232421875,-1.0751228332519531,2.1172590255737305,-1.7261524200439453
1779968432243460600,96.36346069335937,-0.004428773187100887,1.3211487531661987,-2.0002782344818115
1779968432259809300,96.37980932617188,-0.6204863786697388,4.397618770599365,-1.6484198570251465
1779968432276142600,96.396142578125,-1.6455183029174805,3.918853282928467,-1.0444267988204956
1779968432292469800,96.4124697265625,-1.7486017942428589,2.339919328689575,-1.2014192342758179
1779968432308802300,96.42880224609375,-2.063044548034668,1.0823005437850952,-1.8379408121109009
1779968432325134600,96.44513452148438,-1.3423763513565063,-1.8264870643615723,-2.859002113342285
1779968432341463600,96.46146362304688,0.11743884533643723,-3.701537847518921,-6.997003078460693
1779968432357796000,96.47779614257813,0.9669997096061707,0.25534167885780334,-7.64314603805542
1779968432374129400,96.49412939453126,0.9150761365890503,4.169919013977051,-4.146095275878906
1779968432390443300,96.510443359375,0.5244278311729431,2.5590672492980957,-2.8762590885162354
1779968432406777000,96.52677709960938,0.5180137157440186,0.9036223888397217,-2.8267788887023926
1779968432423112200,96.5431123046875,-0.41630467772483826,0.6505714654922485,-2.337170362472534
1779968432439445200,96.5594453125,-1.4953981637954712,-0.7061602473258972,-1.8504635095596313
1779968432455774200,96.57577416992187,-1.6313155889511108,-0.3271183371543884,-1.2554807662963867
1779968432472105700,96.59210571289063,-1.4110987186431885,0.422871470451355,-0.6351471543312073
1779968432488441600,96.60844165039063,-1.0615310668945312,1.3196216821670532,0.36850446462631226
1779968432504765400,96.62476538085937,-0.22663100063800812,1.3735305070877075,0.793666660785675
1779968432521115000,96.64111499023437,0.45265114307403564,-0.06872233748435974,0.7261660695075989
1779968432537446100,96.65744604492187,1.0242682695388794,-1.1131491661071777,0.8602510094642639
1779968432553751800,96.67375170898437,1.316567301750183,-0.984867513179779,1.4385876655578613
1779968432570154200,96.690154296875,1.202946424484253,-0.8510879874229431,2.353816509246826
1779968432586425600,96.70642553710937,1.433395266532898,-1.5065463781356812,3.112663745880127
1779968432602745300,96.72274536132812,2.19636607170105,-3.4373388290405273,3.1396946907043457
1779968432619078400,96.73907836914063,2.2482895851135254,-5.073999404907227,2.8069257736206055
1779968432635414300,96.75541430664063,1.8932241201400757,-5.1074442863464355,3.084869384765625
1779968432651756500,96.77175659179687,0.460897833108902,-3.916867971420288,4.045454978942871
1779968432668087000,96.78808715820313,-1.0131200551986694,-3.1786372661590576,4.575991630554199
1779968432684436200,96.80443627929688,-2.2229385375976562,-2.1586451530456543,5.144248962402344
1779968432700742000,96.82074194335938,-2.4526238441467285,-0.16814066469669342,5.263978481292725
1779968432717068800,96.83706884765625,-1.300837516784668,-0.0754418596625328,3.944204092025757
1779968432733408000,96.85340795898438,0.04596760869026184,-1.089020013809204,2.780811309814453
1779968432749761800,96.86976171875,0.8494081497192383,-0.7408268451690674,2.2928826808929443
1779968432766070500,96.88607055664062,1.3287845849990845,-0.8857545852661133,1.4987578392028809
1779968432782407000,96.90240698242188,0.9511171579360962,-2.231032609939575,0.6763805150985718
1779968432798754600,96.91875463867187,0.912938117980957,-2.5471553802490234,-0.032070424407720566
1779968432815085300,96.93508520507812,0.3113885521888733,-2.725222587585449,-0.3430008292198181
1779968432831416600,96.95141650390624,-0.6349944472312927,-2.4029910564422607,-0.7860308289527893
1779968432847745000,96.9677451171875,-1.0800096988677979,-1.8015943765640259,-2.129934310913086
1779968432864085500,96.98408544921875,-0.9205739498138428,0.21181751787662506,-2.780047655105591
1779968432880382500,97.00038256835937,-0.5345070958137512,2.889698028564453,-2.933985710144043
1779968432896729600,97.0167294921875,0.07360926270484924,5.154022693634033,-2.4966063499450684
1779968432913061600,97.0330615234375,0.08491026610136032,6.129879951477051,0.46471574902534485
1779968432929399600,97.04939965820313,-0.613461434841156,2.1991147994995117,7.748978137969971
1779968432945729300,97.06572924804688,0.7153232097625732,0.3810271918773651,-0.18616119027137756
1779968432962059800,97.08205981445313,2.732705593109131,0.49617528915405273,-3.04546856880188
1779968432978376200,97.09837622070313,1.400255799293518,2.7927231788635254,-1.25761878490448
1779968432994737400,97.1147373046875,-0.3419318199157715,3.9148826599121094,-1.4373658895492554
1779968433011060500,97.131060546875,-2.0037906169891357,4.322635173797607,-1.644449234008789
1779968433027405800,97.14740576171874,-2.7881417274475098,2.375807762145996,-2.0108156204223633
1779968433043729200,97.16372924804688,-2.7294986248016357,0.9560040831565857,-3.4964399337768555
1779968433060064300,97.18006420898438,-2.727513313293457,0.9807441234588623,-3.8812849521636963
1779968433076374000,97.1963740234375,-1.6045902967453003,-1.840842366218567,-2.629163980484009
1779968433092715500,97.21271557617187,-0.43967026472091675,-2.500576972961426,-6.995170593261719
1779968433109045200,97.22904516601562,1.149037480354309,2.708271026611328,-5.856517791748047
1779968433125377300,97.24537719726563,1.1210904121398926,4.491081237792969,-3.590207815170288
1779968433141706500,97.26170654296875,0.34834590554237366,0.9990701079368591,-3.0111074447631836
1779968433158038800,97.27803881835938,0.1388191282749176,0.6149885654449463,-2.288606643676758
1779968433174381600,97.29438159179688,-0.5381723046302795,1.461495041847229,-1.8295414447784424
1779968433190723300,97.31072338867187,-1.1817188262939453,-0.8765916228294373,-1.7605136632919312
1779968433207031600,97.32703149414063,-1.0346530675888062,-0.36789360642433167,-1.132238745689392
1779968433223383000,97.34338305664062,-0.7374670505523682,0.08200865983963013,-0.3344487249851227
1779968433239710700,97.35971069335938,-0.17592918872833252,1.4144585132598877,0.5010622143745422
1779968433256054500,97.37605444335938,0.379652738571167,1.2499829530715942,0.8695666790008545
1779968433272365800,97.39236572265625,0.8723155856132507,0.38988474011421204,1.0729848146438599
1779968433288706600,97.40870654296874,1.289689302444458,-0.18478673696517944,1.3759739398956299
1779968433305023700,97.42502368164062,1.4384349584579468,-0.19318613409996033,1.8651243448257446
1779968433321369000,97.441369140625,1.5060882568359375,-0.6779077053070068,2.389246702194214
1779968433337700400,97.45770043945312,1.7945693731307983,-2.1058051586151123,2.5196664333343506
1779968433354038500,97.47403857421875,1.7927367687225342,-3.8402044773101807,2.5274548530578613
1779968433370361600,97.49036157226563,1.5668693780899048,-4.286746978759766,3.1674890518188477
1779968433386683400,97.50668334960938,1.3578007221221924,-2.9602530002593994,3.6409096717834473
1779968433403016700,97.5230166015625,0.6357579827308655,-2.121993064880371,3.9348883628845215
1779968433419345700,97.539345703125,-0.2710714638233185,-2.7629435062408447,4.133725166320801
1779968433435678200,97.55567822265625,-1.3811663389205933,-1.2368494272232056,4.52223539352417
1779968433452009500,97.57200952148438,-1.3501648902893066,0.7767151594161987,4.452902317047119
1779968433468343800,97.58834375,-0.527634859085083,-0.33719760179519653,3.27713942527771
1779968433484687600,97.6046875,0.38148534297943115,-1.1468994617462158,2.381152629852295
1779968433501021400,97.621021484375,1.058171272277832,-0.5520694851875305,1.7470746040344238
1779968433517351700,97.6373515625,0.9808968901634216,-0.8541423082351685,1.2327260971069336
1779968433533684200,97.65368432617187,0.7571674585342407,-1.5569428205490112,0.8681922554969788
1779968433549997600,97.66999755859375,1.0569496154785156,-1.9199494123458862,0.39996400475502014
1779968433566331000,97.68633081054688,0.4219551682472229,-1.7279850244522095,-0.1485929638147354
1779968433582662700,97.70266259765626,-0.45723262429237366,-1.425454020500183,-0.8103127479553223
1779968433598997800,97.71899780273438,-1.213025689125061,-1.3293955326080322,-1.9081902503967285
1779968433615332400,97.73533227539062,-1.0983357429504395,-0.1869247704744339,-2.824946403503418
1779968433631647200,97.75164721679687,-0.5447390675544739,2.032959461212158,-3.2391128540039062
1779968433647992000,97.76799194335938,0.06918048858642578,4.1581597328186035,-2.61297607421875
1779968433664341000,97.78434106445313,0.4306600093841553,4.1135663986206055,-0.7958046793937683
1779968433680646700,97.80064672851563,-0.016493361443281174,2.1668918132781982,3.4436001777648926
1779968433697006800,97.8170068359375,0.36300668120384216,3.844022274017334,1.8681786060333252
1779968433713314300,97.83331420898438,1.5567901134490967,1.911091923713684,-2.3460280895233154
1779968433729669400,97.84966943359375,1.2997685670852661,3.3015739917755127,-1.2311989068984985
1779968433746009600,97.86600952148437,0.7590000629425049,0.14523321390151978,-0.3127630054950714
1779968433762311200,97.88231127929687,-0.42730024456977844,1.1354458332061768,0.06459899991750717
1779968433778643000,97.89864282226563,-1.7373007535934448,1.9558378458023071,0.4885394871234894
1779968433794976800,97.91497680664062,-2.3072381019592285,1.7363845109939575,-1.5025757551193237
1779968433811321000,97.93132104492187,-3.1615331172943115,3.162449359893799,-3.9376373291015625
1779968433827655200,97.9476552734375,-4.618905067443848,4.535979747772217,-4.9956560134887695
1779968433843984600,97.96398461914063,-2.925128221511841,-1.1606439352035522,-4.481307506561279
1779968433860322800,97.98032275390625,-0.8831584453582764,-3.8878519535064697,-5.392870903015137
1779968433876613000,97.99661303710937,0.9532552361488342,1.195005178451538,-4.214511871337891
1779968433892952300,98.01295239257813,1.777923345565796,3.2168164253234863,-3.450624942779541
1779968433909299700,98.0292998046875,0.9460775256156921,2.574033498764038,-3.903276205062866
1779968433925635300,98.04563525390626,-0.20983220636844635,2.3014347553253174,-2.379014730453491
1779968433941947400,98.06194750976563,-0.5377141237258911,2.052049160003662,-1.1203268766403198
1779968433958286600,98.07828662109375,-0.9214902520179749,0.3113885521888733,-1.714240550994873
1779968433974638600,98.094638671875,-1.0994046926498413,-0.15256360173225403,-1.415069341659546
1779968433990972400,98.11097241210938,-0.8698720932006836,1.250899314880371,0.02321287989616394
1779968434007306200,98.12730615234375,-0.42730024456977844,1.606575608253479,0.5152648091316223
1779968434023617000,98.14361694335938,0.24908030033111572,1.0151053667068481,0.8141306638717651
1779968434039951400,98.15995141601563,0.9159924387931824,-0.34987306594848633,1.0112874507904053
1779968434056270800,98.17627075195313,1.156978726387024,-0.9453139901161194,1.448819637298584
1779968434072605400,98.19260546875,1.5037975311279297,-0.7913759350776672,2.465604782104492
1779968434088937200,98.20893725585937,1.833817481994629,-1.3238977193832397,3.1271719932556152
1779968434105270000,98.22527001953125,2.088395595550537,-2.1623103618621826,3.2513303756713867
1779968434121600500,98.2416005859375,2.6951375007629395,-3.5124752521514893,3.089909076690674
1779968434137931500,98.257931640625,2.372753381729126,-4.326605796813965,3.626859664916992
1779968434154263800,98.27426391601563,1.4117095470428467,-3.7420077323913574,4.146400451660156
1779968434170594600,98.29059448242188,-0.14126259088516235,-2.993239641189575,4.418846607208252
1779968434186928400,98.30692846679688,-1.8739818334579468,-1.3941471576690674,4.917159557342529
1779968434203259100,98.32325903320313,-1.8976528644561768,0.33796119689941406,5.2021284103393555
1779968434219591200,98.33959106445313,-0.5103778839111328,-0.10308351367712021,4.093866348266602
1779968434235923200,98.35592309570312,0.18570303916931152,-1.5459471940994263,3.2201762199401855
1779968434252255000,98.3722548828125,0.3903428912162781,-1.2973250150680542,2.683225631713867
1779968434268585700,98.38858569335937,0.9430232048034668,-1.1090258359909058,1.750128984451294
1779968434284919600,98.40491943359375,0.7281513810157776,-1.3576480150222778,0.9753990769386292
1779968434301248800,98.42124877929687,0.669355571269989,-1.7418822050094604,0.10613783448934555
1779968434317581800,98.43758178710938,0.4605923891067505,-1.7959438562393188,-0.8397870063781738
1779968434333913900,98.45391381835938,-0.2932153046131134,-1.6294829845428467,-1.207680583000183
1779968434350244900,98.47024487304688,-1.0754282474517822,-1.6084082126617432,-1.7996090650558472
1779968434366577200,98.4865771484375,-1.2492194175720215,-1.1927143335342407,-2.819753885269165
1779968434382908000,98.50290795898438,-1.1122329235076904,0.7819074988365173,-3.163365602493286
1779968434399242800,98.51924267578126,-0.7133378982543945,2.819448471069336,-2.9306259155273438
1779968434415574000,98.53557397460938,-0.03130684420466423,4.663803577423096,-2.0929770469665527
1779968434431918300,98.55191845703125,-0.08796459436416626,4.120438575744629,0.41431936621665955
1779968434448242400,98.56824243164063,-0.2790127098560333,1.379333734512329,4.176638603210449
1779968434464566000,98.58456591796875,0.5600107312202454,2.0809123516082764,1.3148874044418335
1779968434480910000,98.60091015625,1.0548115968704224,2.6700918674468994,-2.1788036823272705
1779968434497243000,98.61724291992188,-1.0503827333450317,4.495357513427734,-1.2043207883834839
1779968434513573600,98.63357373046875,-0.21319197118282318,0.5221370458602905,-0.07483099400997162
1779968434529921000,98.64992114257812,-0.49586987495422363,0.9671524167060852,-0.3430008292198181
1779968434546217700,98.6662177734375,-1.4155274629592896,2.579378604888916,0.6221662759780884
1779968434562570500,98.68257055664063,-1.4385876655578613,2.562121629714966,-0.7976372838020325
1779968434578899000,98.69889892578125,-1.6992744207382202,2.599231719970703,-3.5607335567474365
1779968434595233800,98.71523388671875,-2.524095296859741,1.9155206680297852,-3.94160795211792
1779968434611565600,98.73156567382813,-1.5332717895507812,-1.8628336191177368,-3.2927165031433105
1779968434627897000,98.74789697265625,-0.39416080713272095,-0.5659666657447815,-7.117038249969482
1779968434644242200,98.7642421875,1.053742527961731,3.9967386722564697,-4.721072196960449
1779968434660556500,98.780556640625,1.3098478317260742,3.3959527015686035,-3.1367931365966797
1779968434676893000,98.79689282226562,0.32681289315223694,0.7573201656341553,-2.802649736404419
1779968434693236700,98.81323681640625,-0.05543602257966995,1.5777121782302856,-2.0367774963378906
1779968434709587000,98.8295869140625,-0.8782715201377869,1.2950342893600464,-1.4566081762313843
1779968434725871000,98.84587109375,-1.6667457818984985,-0.5960517525672913,-1.2990049123764038
1779968434742229800,98.86222973632813,-1.5937473773956299,0.38026362657546997,-0.9460775256156921
1779968434758566100,98.87856616210938,-1.3297009468078613,0.6505714654922485,-0.1635591685771942
1779968434774884600,98.89488452148437,-0.9353874325752258,1.8503108024597168,0.6808093190193176
1779968434791226600,98.9112265625,-0.26282477378845215,1.9016234874725342,0.9868528246879578
1779968434807555000,98.92755517578125,0.3452915847301483,0.8477282524108887,0.9755517840385437
1779968434823896000,98.94389599609374,0.8701775670051575,-0.2324342280626297,1.0172433853149414
1779968434840223200,98.96022314453126,1.1238393783569336,-0.8100073337554932,1.321606993675232
1779968434856562700,98.97656274414062,1.2189816236495972,-0.9279043078422546,2.1120665073394775
1779968434872873700,98.99287377929687,1.5161675214767456,-1.4176654815673828,2.57342267036438
1779968434889205500,99.00920556640625,2.528829336166382,-2.2317962646484375,2.2739458084106445
1779968434905537300,99.02553735351563,3.383735418319702,-3.958406686782837,2.2287418842315674
1779968434921865200,99.041865234375,3.562413454055786,-4.432896137237549,2.204918146133423
1779968434938204200,99.0582041015625,2.068084239959717,-3.8314995765686035,3.3704490661621094
1779968434954531000,99.07453100585937,-0.4607451260089874,-2.278374671936035,3.8965566158294678
1779968434970879700,99.09087963867188,-1.5447255373001099,-1.2811371088027954,4.2977423667907715
1779968434987203800,99.10720385742188,-1.1759155988693237,-0.622013509273529,4.786892890930176
1779968435003546000,99.12354614257812,-0.5126686692237854,-0.9911288619041443,4.44786262512207
1779968435019870200,99.1398701171875,-0.2545780837535858,-1.2331842184066772,3.385720729827881
1779968435036190000,99.15618994140625,0.12797626852989197,-2.291966438293457,2.397798776626587
1779968435052521700,99.17252172851562,0.759916365146637,-2.699413537979126,1.794722080230713
1779968435068854300,99.18885424804688,0.7020368576049805,-3.0549371242523193,1.466840147972107
1779968435085182200,99.20518212890624,0.4537201523780823,-3.3707544803619385,1.16293466091156
1779968435101516800,99.22151684570312,0.44547349214553833,-2.5499043464660645,0.10735956579446793
1779968435117849000,99.23784912109375,-0.07910704612731934,-1.7585283517837524,-1.160033106803894
1779968435134197200,99.254197265625,-0.7189884185791016,-0.988074541091919,-2.085494041442871
1779968435150525700,99.27052563476562,-1.0201449394226074,-0.2681698501110077,-3.2403347492218018
1779968435166857500,99.286857421875,-0.808174729347229,1.5538884401321411,-3.752392530441284
1779968435183187500,99.3031875,-0.5532912015914917,3.749643564224243,-3.520569086074829
1779968435199520300,99.31952026367188,-0.28298333287239075,4.795597553253174,-1.648572564125061
1779968435215851000,99.33585107421875,-0.18188512325286865,1.7701348066329956,1.6314682960510254
1779968435232173000,99.35217309570312,0.012828170321881771,2.7731754779815674,2.213470220565796
1779968435248517600,99.368517578125,-0.13744467496871948,4.750851631164551,-0.6420193910598755
1779968435264834300,99.38483422851563,-1.5276212692260742,3.8377609252929688,-1.7922786474227905
1779968435281172000,99.401171875,-0.5380195379257202,-0.9831876158714294,-0.17150041460990906
1779968435297522000,99.41752197265625,-0.30833423137664795,0.4505131244659424,-1.2218831777572632
1779968435313844200,99.43384423828125,-1.8414533138275146,2.7238481044769287,0.10430523753166199
1779968435330175700,99.45017578125,-1.6487252712249756,1.0775662660598755,-0.32559117674827576
1779968435346505000,99.4665048828125,-0.7342600226402283,-0.3312416672706604,-3.21559476852417
1779968435362823000,99.48282299804687,-0.9993755221366882,0.014049900695681572,-4.0825653076171875
1779968435379156700,99.49915673828124,-0.4004221558570862,0.7560984492301941,-4.174347877502441
1779968435395489300,99.5154892578125,0.41828998923301697,4.060421466827393,-5.747172832489014
1779968435411820800,99.53182080078125,0.5297728776931763,3.650836229324341,-4.58683443069458
1779968435428152800,99.54815283203125,0.44852781295776367,0.575893223285675,-3.567300319671631
1779968435444483600,99.56448364257812,0.3335324227809906,-1.0163270235061646,-2.9292516708374023
1779968435460818700,99.58081860351562,0.3150537610054016,1.020297646522522,-1.9552268981933594
1779968435477163300,99.59716333007813,-0.18936823308467865,0.09575312584638596,-1.603979468345642
1779968435493493800,99.61349365234375,-0.665232241153717,-1.0800096988677979,-1.016479730606079
1779968435509824000,99.62982397460938,-0.37201693654060364,0.26145032048225403,0.21135938167572021
1779968435526139600,99.6461396484375,-0.10659598559141159,1.1516337394714355,0.9888381361961365
1779968435542474800,99.66247485351562,0.2551889419555664,1.2731958627700806,1.3130548000335693
1779968435558807300,99.67880737304688,0.7396050691604614,0.45524731278419495,1.8617645502090454
1779968435575137500,99.69513745117187,0.9595165848731995,-0.3517056703567505,2.4692699909210205
1779968435591470000,99.71146997070312,1.0516045093536377,-0.9630290865898132,2.7007880210876465
1779968435607801600,99.72780151367188,0.9703594446182251,-1.2018773555755615,2.970179557800293
1779968435624150800,99.74415087890625,0.8643743395805359,-2.344348192214966,3.2032246589660645
1779968435640482000,99.76048193359375,1.0314459800720215,-3.8231000900268555,3.6925277709960938
1779968435656799700,99.7767998046875,1.5398385524749756,-4.589125156402588,4.1216607093811035
1779968435681312800,99.80131274414063,3.1980323791503906,-2.9491047859191895,3.2282700538635254
1779968435697644000,99.81764404296875,3.5045340061187744,-1.3649784326553345,3.396868944168091
1779968435713972200,99.83397216796875,-0.656069278717041,-1.6795740127563477,4.097378730773926
1779968435730302000,99.85030200195312,-2.786156415939331,-1.7008016109466553,4.132197856903076
1779968435746604000,99.86660400390625,-1.8179349899291992,-1.3652838468551636,3.8014144897460938
1779968435762967300,99.88296728515625,-0.1592831164598465,-1.4813482761383057,2.861140012741089
1779968435779299000,99.89929907226562,0.9856310486793518,-2.0978639125823975,1.6788103580474854
1779968435795628300,99.91562817382813,1.4140002727508545,-1.5543465614318848,0.4537201523780823
1779968435811943400,99.931943359375,0.7365507483482361,-1.6027576923370361,-0.3546072840690613
1779968435828276700,99.94827685546875,0.4027129113674164,-2.5256223678588867,-0.7585419416427612
1779968435844611300,99.964611328125,0.20143280923366547,-2.8564059734344482,-0.7672467231750488
1779968435860934700,99.9809345703125,-0.13179416954517365,-1.5317445993423462,-1.0711522102355957
1779968435877264100,99.99726416015625,-0.7003570199012756,-0.39584067463874817,-2.069153308868408
1779968435893610500,100.01361059570313,-0.9628763198852539,0.8649851679801941,-2.9962940216064453
1779968435909939700,100.02993969726562,-0.6719517707824707,2.7841711044311523,-3.5889859199523926
1779968435926268400,100.04626831054688,-0.3488040566444397,5.0567426681518555,-3.310431480407715
1779968435942602500,100.0626025390625,-0.2590068578720093,6.539923191070557,-1.9204076528549194
1779968435958940400,100.0789404296875,-0.599564254283905,4.488943099975586,3.3371567726135254
1779968435975263000,100.09526293945312,-1.1627819538116455,-0.37568211555480957,4.749629974365234
1779968435991609600,100.11160961914062,0.6630942225456238,2.5198190212249756,-0.4337143301963806
1779968436007926000,100.12792602539062,2.607020139694214,3.582113742828369,-3.941302537918091
1779968436024261600,100.14426171875,0.5102251768112183,3.8423423767089844,-3.0868546962738037
1779968436040578600,100.16057861328125,-1.5880969762802124,4.243986129760742,-0.9427177906036377
1779968436056926000,100.17692602539063,-2.2771530151367188,2.2047653198242188,-0.5700899958610535
1779968436073256700,100.19325659179688,-2.4138340950012207,0.06627888232469559,-1.4077389240264893
1779968436089587700,100.20958764648438,-2.289522886276245,-0.5997169613838196,-2.426509380340576
1779968436105923300,100.22592333984375,-1.7134770154953003,-1.0960450172424316,-2.492482900619507
1779968436122248400,100.24224853515625,-0.9590584635734558,-0.3732386529445648,-3.0972394943237305
1779968436138595300,100.25859521484375,-0.34636059403419495,0.0910189226269722,-3.7204747200012207
1779968436154930000,100.27492993164063,0.0754418596625328,0.04306599870324135,-4.108526706695557
1779968436171255000,100.29125512695313,0.5497786998748779,0.3761402666568756,-4.013842582702637
1779968436187594500,100.30759448242188,0.6441574096679688,1.097266674041748,-3.353192090988159
1779968436203911200,100.3239111328125,0.009010262787342072,1.79090416431427,-2.701857089996338
1779968436220257000,100.34025708007813,-1.4204144477844238,1.3211487531661987,-1.3507757186889648
1779968436236583700,100.35658374023437,-2.1277964115142822,0.07971791177988052,-0.6673702597618103
1779968436252921900,100.372921875,-1.9118554592132568,1.3851369619369507,-0.3361285924911499
1779968436269252400,100.38925244140626,-1.5099061727523804,1.815796971321106,0.8177958726882935
1779968436285556700,100.405556640625,-0.7160868048667908,1.4840971231460571,1.298241376876831
1779968436301903000,100.42190307617187,-0.008704829961061478,0.5238169431686401,1.2646437883377075
1779968436318247200,100.4382470703125,0.6612616181373596,-1.1620184183120728,1.1340713500976562
1779968436334577400,100.45457739257813,0.9818131923675537,-1.9601138830184937,1.3753631114959717
1779968436350896000,100.47089624023438,1.383457064628601,-1.587027907371521,2.130392551422119
1779968436367223600,100.4872236328125,1.5416711568832397,-1.6064229011535645,2.6111435890197754
1779968436383561700,100.50356176757812,1.6849191188812256,-1.9285016059875488,3.0723466873168945
1779968436399892000,100.51989208984375,2.4155139923095703,-2.1873557567596436,3.5133914947509766
1779968436416223200,100.53622314453125,3.213609457015991,-3.286302328109741,2.875190019607544
1779968436432553500,100.55255346679688,3.61800217628479,-3.7223074436187744,2.2313380241394043
1779968436448904700,100.56890478515625,2.186286687850952,-3.20475172996521,2.92069935798645
1779968436465215500,100.58521557617188,-1.41690194606781,-1.036943793296814,3.8258490562438965
1779968436481558800,100.60155883789062,-2.0728185176849365,0.5256495475769043,4.783380508422852
1779968436497882000,100.61788208007812,-0.9844093322753906,0.836885392665863,4.12150764465332
1779968436514213600,100.63421362304688,0.23319780826568604,-1.2875511646270752,2.633134603500366
1779968436530547700,100.65054760742187,1.0305296182632446,-1.9921842813491821,2.150092840194702
1779968436546877200,100.66687719726562,0.9714284539222717,-1.3336715698242188,1.6348280906677246
1779968436563208000,100.6832080078125,0.7318165898323059,-1.3843733072280884,0.8313875794410706
1779968436579540000,100.6995400390625,0.7350236177444458,-2.1872029304504395,0.20005837082862854
1779968436595862800,100.71586279296875,0.5948300361633301,-2.124589204788208,-0.5418374538421631
1779968436612214800,100.73221484375,0.5703954100608826,-1.9182696342468262,-1.3536773920059204
1779968436628552200,100.74855224609375,0.2015855312347412,-1.4143058061599731,-1.649488925933838
1779968436644866000,100.76486596679688,-0.6516404747962952,-0.6487388610839844,-1.7818939685821533
1779968436661209000,100.781208984375,-1.1162035465240479,-0.6860016584396362,-2.3272438049316406
1779968436677545200,100.79754516601562,-1.2924381494522095,-0.7568620443344116,-2.7113254070281982
1779968436693875500,100.81387548828125,-1.0882564783096313,0.3674354553222656,-3.0579915046691895
1779968436710192400,100.8301923828125,-0.9059131741523743,1.9627100229263306,-2.6586382389068604
1779968436726539500,100.84653955078124,-0.8329147696495056,3.6415205001831055,-0.6751587986946106
1779968436742870000,100.8628701171875,-0.5484042763710022,1.4530956745147705,5.136765956878662
1779968436759201000,100.87920092773437,0.036041051149368286,-1.7791450023651123,3.8292088508605957
1779968436775534600,100.89553466796875,1.886810064315796,1.2832751274108887,-0.9763153791427612
1779968436791850800,100.91185083007812,3.3660202026367188,3.7056612968444824,-1.0566442012786865
1779968436808199200,100.92819921875,1.9257526397705078,4.426940441131592,-2.37626576423645
1779968436824501200,100.94450122070313,0.2860376536846161,3.051882743835449,-3.628692388534546
1779968436840845300,100.96084521484374,-0.22602014243602753,2.2802071571350098,-1.143081545829773
1779968436857183500,100.97718359375,-0.8188648819923401,0.6585127115249634,0.09269879758358002
1779968436873514200,100.99351416015625,-1.6033685207366943,-0.7506006956100464,-0.07925976812839508
1779968436889844200,101.00984423828125,-1.4752395153045654,-1.6397150754928589,-0.770606517791748
1779968436906176300,101.02617626953125,-0.7916813492774963,-1.7721201181411743,-1.913688063621521
1779968436922506000,101.04250610351562,-0.8352054953575134,-1.6867516040802002,-4.114024639129639
1779968436938856200,101.05885620117188,-0.3013092875480652,0.4196644127368927,-3.9787180423736572
1779968436955183400,101.07518334960938,0.25274550914764404,1.7693711519241333,-3.1163289546966553
1779968436971514600,101.0915146484375,0.43997567892074585,0.5584835410118103,-3.0857858657836914
1779968436987832300,101.10783227539062,0.5294674634933472,0.4144720733165741,-3.0077476501464844
1779968437004165000,101.1241650390625,0.47280970215797424,2.380847215652466,-3.0243937969207764
1779968437020493300,101.14049340820313,-0.2347249686717987,2.4190263748168945,-3.045926809310913
1779968437036832800,101.15683276367187,-1.872912883758545,-0.7134906053543091,-1.991573452949524
1779968437053142800,101.17314282226563,-2.6393959522247314,-0.8017606139183044,-1.018770456314087
1779968437069492200,101.1894921875,-2.109928607940674,2.5285239219665527,-0.5816964507102966
1779968437085824500,101.20582446289062,-0.7313584089279175,3.4878878593444824,-0.029168816283345222
1779968437102174000,101.22217407226563,0.049785517156124115,2.7284295558929443,0.021380282938480377
1779968437118486800,101.23848681640625,0.012980886735022068,1.663691520690918,-0.13866640627384186
1779968437134832000,101.25483203125,0.22815817594528198,1.4268285036087036,0.15271630883216858
1779968437151161000,101.2711611328125,0.3930917978286743,1.2831224203109741,0.5682573914527893
1779968437167489000,101.28748901367187,0.6200281977653503,1.0894781351089478,1.3057245016098022
1779968437183825400,101.30382543945312,0.7389942407608032,0.3107776939868927,2.1349740028381348
1779968437200160500,101.32016040039062,1.303586483001709,-0.4495968222618103,2.4889705181121826
1779968437216492500,101.33649243164062,2.1264219284057617,-1.4720325469970703,2.4472789764404297
1779968437232809700,101.35280981445312,2.7038424015045166,-2.4582743644714355,2.266615390777588
1779968437249160700,101.36916064453125,2.5867087841033936,-2.3890938758850098,2.24706768989563
1779968437265485600,101.38548559570313,1.9213238954544067,-1.901318073272705,2.2424862384796143
1779968437281823200,101.4018232421875,1.8031214475631714,-1.7192802429199219,2.152078151702881
1779968437298171100,101.41817114257813,1.952783465385437,-1.490816593170166,2.401005744934082
1779968437314484500,101.434484375,1.3232868909835815,-0.8885034918785095,2.9022207260131836
1779968437330785000,101.45078491210937,0.4434881806373596,-0.18356500566005707,2.5280659198760986
1779968437347132700,101.46713256835938,0.389426589012146,-0.9955576062202454,1.6869044303894043
1779968437363466000,101.48346606445313,0.850782573223114,-2.2824978828430176,1.571603536605835
1779968437379797000,101.499796875,0.9443976879119873,-1.8921550512313843,1.8935295343399048
1779968437396127700,101.51612768554688,1.2654073238372803,-3.2705724239349365,1.4511103630065918
1779968437412446200,101.5324462890625,1.5833626985549927,-3.933666706085205,0.979216992855072
1779968437428795000,101.548794921875,1.7544050216674805,-3.102126359939575,0.875064492225647
1779968437445122300,101.56512231445312,1.6067283153533936,-2.144136905670166,1.042594313621521
1779968437461454000,101.5814541015625,1.521359920501709,-2.0395262241363525,0.8912523984909058
1779968437477772800,101.59777270507813,0.4642575979232788,-2.609616279602051,0.44547349214553833
1779968437494110000,101.61410986328124,-0.03756821155548096,-3.15740966796875,-0.7522805333137512
1779968437510457600,101.63045751953125,-0.2620611786842346,-2.7342329025268555,-1.5751160383224487
1779968437526781000,101.64678100585938,-0.5542075037956238,-2.3460280895233154,-2.270128011703491
1779968437543114800,101.66311474609375,-0.5557346343994141,-2.038304567337036,-2.504700183868408
1779968437559449300,101.67944946289063,-0.6206390857696533,-1.2702943086624146,-1.9504927396774292
1779968437575762700,101.6957626953125,-0.7121161818504333,0.16829337179660797,-0.5102251768112183
1779968437592111400,101.712111328125,-0.3608686327934265,0.9517280459403992,1.560760736465454
1779968437608426800,101.7284267578125,0.21700987219810486,-1.589929461479187,1.5184582471847534
1779968437624760600,101.74476049804687,-0.1062905490398407,-1.9753854274749756,0.39813143014907837
1779968437641094100,101.76109423828125,-0.3032945990562439,-2.710561752319336,-0.16768251359462738
1779968437657425200,101.77742504882812,0.17104226350784302,-1.6449073553085327,-0.07681630551815033
1779968437673758700,101.7937587890625,0.43676865100860596,-0.7757988572120667,0.5520694851875305
1779968437690090000,101.81009008789063,1.1114692687988281,-0.14309518039226532,0.33139440417289734
1779968437706420000,101.826419921875,1.7176003456115723,2.210721254348755,-0.4938845634460449
1779968437722751700,101.84275170898438,1.6420058012008667,4.464508533477783,1.8336647748947144
1779968437739085300,101.85908520507813,1.8038851022720337,0.6527095437049866,0.685390830039978
1779968437755417000,101.8754169921875,1.9257526397705078,-3.104875326156616,-1.1039862632751465
1779968437771747000,101.8917470703125,0.8582656979560852,-1.9894354343414307,-1.3637566566467285
1779968437788079600,101.90807958984375,-0.19792033731937408,0.9485210180282593,-1.3060299158096313
1779968437804410000,101.92441015625,-0.7704538106918335,1.1701123714447021,-1.837024450302124
1779968437820742100,101.9407421875,-0.8232936263084412,1.4037683010101318,-2.0589213371276855
1779968437837075000,101.95707495117188,-0.8061894178390503,2.194075345993042,-2.546391725540161
1779968437853406200,101.97340625,-0.7684684991836548,2.8718302249908447,-3.087160348892212
1779968437869737200,101.9897373046875,-0.7165449261665344,3.3408219814300537,-3.307529926300049
1779968437886069000,102.00606909179687,-0.5480988621711731,2.7403414249420166,-2.6119070053100586
1779968437902402000,102.02240209960938,-0.4407392740249634,2.26737904548645,-1.4031574726104736
1779968437918734800,102.03873486328125,-0.18616119027137756,2.1989622116088867,-0.4109596014022827
1779968437935064600,102.05506469726562,0.21578814089298248,1.652695894241333,-0.6369797587394714
1779968437951396900,102.07139697265625,0.4830417037010193,1.1992812156677246,-0.9938777685165405
1779968437967734500,102.08773461914062,0.8219192028045654,1.1230757236480713,-1.2308934926986694
1779968437984075800,102.10407568359375,1.1953105926513672,1.862222671508789,-1.3565789461135864
1779968438000402700,102.12040258789062,1.31916344165802,2.786614418029785,-0.9920451641082764
1779968438016738000,102.13673803710938,1.2622003555297852,2.76920485496521,0.05360342562198639
1779968438033066800,102.15306665039063,1.356731653213501,1.8861991167068481,1.0245736837387085
1779968438049399800,102.16939990234376,0.9486737251281738,1.3671164512634277,0.15775595605373383
1779968438065730800,102.18573071289063,1.5027284622192383,2.342057466506958,-1.003804326057434
1779968438082061600,102.2020615234375,2.638021469116211,-0.28237244486808777,-2.1728477478027344
1779968438098411000,102.21841088867187,2.5004241466522217,0.1293507218360901,-1.786475419998169
1779968438114739200,102.2347392578125,2.1755964756011963,-0.23671028017997742,-0.9686795473098755
1779968438131071200,102.2510712890625,1.959961175918579,0.7113525867462158,-0.8228355050086975
1779968438147382800,102.2673828125,1.8828394412994385,1.054964303970337,-0.6531676650047302
1779968438163734300,102.283734375,2.289675712585449,0.8199338912963867,-1.177748203277588
1779968438180064000,102.30006396484374,2.3541219234466553,1.0699304342269897,-0.940732479095459
1779968438196404500,102.31640454101563,1.8301522731781006,1.2596040964126587,-0.17104226350784302
1779968438212732200,102.33273217773437,1.817324161529541,-0.48548516631126404,-0.2587014436721802
1779968438229060900,102.34906079101563,1.5123496055603027,-1.173624873161316,0.1719585657119751
1779968438245396000,102.36539599609375,1.3662000894546509,-1.4750868082046509,0.8338310718536377
1779968438261721000,102.38172119140626,1.5389223098754883,-1.9926424026489258,1.6630805730819702
1779968438278062600,102.3980625,1.779603123664856,-1.6690365076065063,2.2742512226104736
1779968438294389200,102.41438916015625,1.996307611465454,-0.6197227835655212,2.685210943222046
1779968438310722000,102.43072216796875,2.208735942840576,-0.3260493278503418,3.316845655441284
1779968438327036700,102.44703662109374,2.289522886276245,-1.2450960874557495,4.212985038757324
1779968438343368000,102.46336791992188,2.2018637657165527,-2.7403414249420166,4.86951208114624
1779968438359708000,102.4797080078125,2.2997548580169678,-3.9767327308654785,5.275126934051514
1779968438376035600,102.49603564453125,2.4193317890167236,-4.723362922668457,5.360189914703369
1779968438392366600,102.51236669921875,2.525927782058716,-4.235281467437744,5.251914024353027
1779968438408694300,102.5286943359375,2.3408355712890625,-3.0301971435546875,5.2108330726623535
1779968438425027600,102.54502758789063,1.9807305335998535,-2.048383951187134,5.132795333862305
1779968438441389000,102.56138916015625,1.508837103843689,-2.8154778480529785,5.082857131958008
1779968438457707300,102.57770727539062,1.0270172357559204,-4.404796600341797,4.743062973022461
1779968438474023400,102.5940234375,0.793666660785675,-5.15936803817749,4.459316253662109
1779968438490346200,102.61034619140625,0.9474520087242126,-4.814992427825928,4.063781261444092
1779968438506691300,102.62669140625,1.244943380355835,-3.941913366317749,3.413667678833008
1779968438523020300,102.64302026367187,1.1184942722320557,-3.1276299953460693,3.0892982482910156
1779968438539353300,102.65935327148438,0.5209153294563293,-3.567758560180664,3.190701961517334
1779968438555684400,102.67568432617188,-0.07284568250179291,-4.345695495605469,3.2621731758117676
1779968438572032300,102.6920322265625,-0.06963863968849182,-3.9625301361083984,3.0239357948303223
1779968438588356900,102.70835693359375,0.098502017557621,-3.020270586013794,2.5441009998321533
1779968438604700000,102.72469995117187,0.14767667651176453,-2.0526599884033203,2.1041252613067627
1779968438621016600,102.7410166015625,-0.021532999351620674,-2.1125247478485107,1.7217236757278442
1779968438637361000,102.75736083984376,-0.1033889427781105,-3.409086227416992,1.1804970502853394
1779968438653683000,102.77368286132813,-0.09147707372903824,-4.254676342010498,0.35262197256088257
1779968438670019300,102.79001928710937,-0.05451972410082817,-4.301865577697754,-0.4697553813457489
1779968438686337000,102.8063369140625,-1.3045027256011963,-1.4159855842590332,2.2098050117492676
1779968438702661000,102.8226611328125,-2.1427626609802246,1.0077749490737915,4.049731254577637
1779968438718997800,102.83899780273437,-2.1484131813049316,2.615572214126587,4.50192403793335
1779968438735350500,102.8553505859375,-1.7116444110870361,3.3043227195739746,4.131434440612793
1779968438751681300,102.87168139648438,-2.029141664505005,1.8750509023666382,4.754822254180908
1779968438768001000,102.8880009765625,-1.9372063875198364,0.6614143252372742,5.623472690582275
1779968438784343600,102.90434350585937,-1.2809844017028809,0.11988230794668198,2.6206119060516357
1779968438800657700,102.92065771484376,-0.8246681094169617,0.20845776796340942,0.623235285282135
1779968438816984000,102.93698413085937,-0.675616979598999,-0.2093740701675415,-0.3637702465057373
1779968438833324300,102.95332421875,-0.005192354787141085,-1.1320860385894775,-0.942259669303894
1779968438849657600,102.96965771484375,0.12186761945486069,-0.6751587986946106,-0.5308418869972229
1779968438865987600,102.98598754882812,-0.31780263781547546,0.18555031716823578,0.19944749772548676
1779968438882321000,103.00232080078125,-0.09498954564332962,-0.01725694350898266,0.1598939746618271
1779968438898638000,103.01863818359375,0.032681290060281754,0.18051068484783173,-0.39416080713272095
1779968438914988300,103.03498828125,0.04459316283464432,0.03848451003432274,-1.1395691633224487
1779968438931330000,103.051330078125,-0.07101308554410934,-0.04001167416572571,-1.6369661092758179
1779968438947661800,103.06766186523437,-0.0988074541091919,-0.08674286305904388,-1.9559905529022217
1779968438963963100,103.08396313476563,-0.039248090237379074,0.06719517707824707,-2.1345160007476807
1779968438980311800,103.10031176757812,-0.10277807712554932,-0.09346238523721695,-2.31166672706604
1779968438996642800,103.11664282226562,-0.12721268832683563,-0.43829581141471863,-2.261270523071289
1779968439012959200,103.13295922851563,0.12339477986097336,-0.3845396637916565,-1.7127134799957275
1779968439029294300,103.14929443359375,0.14294247329235077,-0.25534167885780334,-1.0265589952468872
1779968439045642000,103.16564208984374,0.04902193695306778,-0.34636059403419495,-0.4876231849193573
1779968439062013000,103.18201293945313,0.0529925599694252,-0.2997821271419525,-0.22281309962272644
1779968439078316500,103.19831665039062,0.05650503560900688,-0.0734565481543541,-0.14828753471374512
1779968439094645000,103.21464501953125,0.1518000066280365,0.25564709305763245,-0.0024434609804302454
1779968439110982400,103.230982421875,0.3222314119338989,0.5106833577156067,0.1849394589662552
1779968439127323400,103.24732348632813,0.46303585171699524,0.5114469528198242,0.11010845750570297
1779968439143628300,103.26362817382812,0.47907108068466187,0.19303341209888458,-0.2623666226863861
1779968439159979500,103.2799794921875,0.4323398768901825,-0.07131851464509964,-0.5364924073219299
1779968439176302800,103.296302734375,0.3237585723400116,-0.18524488806724548,-0.5491678714752197
1779968439192632800,103.3126328125,0.2217440903186798,-0.17180584371089935,-0.3854559659957886
1779968439208978200,103.32897827148437,0.18524488806724548,-0.0981965884566307,-0.23350323736667633
1779968439225286100,103.3452861328125,0.19333885610103607,0.003054326167330146,-0.15256360173225403
1779968439241631700,103.3616318359375,0.17776179313659668,0.04108068719506264,-0.0988074541091919
1779968439257959700,103.37795971679688,0.08827003091573715,0.08720101416110992,0.21242839097976685
1779968439274305000,103.39430493164062,0.046273041516542435,0.08017606288194656,0.19685132801532745
1779968439290626600,103.41062646484374,0.07925976812839508,-0.18600846827030182,-0.1062905490398407
1779968439306941400,103.42694140625,0.06902777403593063,-0.3929390609264374,-0.5027421116828918
1779968439323280000,103.44327978515625,-0.02275473065674305,-0.4651738703250885,-0.7336491346359253
1779968439339610600,103.45961059570313,0.012980886735022068,-0.566119372844696,-0.684474527835846
