time,seconds_elapsed,qz,qy,qx,qw,roll,pitch,yaw
1780001777070422800,0.1904228515625,0.9167922139167786,0.18854133784770966,0.3087697923183441,0.16913139820098877,-0.5975329279899597,-0.46693533658981323,-2.9229507446289062
1780001777086756000,0.206756103515625,0.9062514305114746,0.19319306313991547,0.3315946161746979,0.1772848516702652,-0.6466088891029358,-0.4867280125617981,-2.92122220993042
1780001777103087400,0.22308740234375,0.8999570608139038,0.19263501465320587,0.3475692570209503,0.1793452501296997,-0.6828503012657166,-0.4908733069896698,-2.9257309436798096
1780001777119420700,0.239420654296875,0.8990086913108826,0.17855042219161987,0.36023271083831787,0.17359595000743866,-0.7134459018707275,-0.4624103903770447,-2.935108184814453
1780001777135771400,0.255771484375,0.9002630114555359,0.15900123119354248,0.37031665444374084,0.1646532267332077,-0.7383137941360474,-0.420518159866333,-2.9445648193359375
1780001777152100400,0.272100341796875,0.9000827074050903,0.13994866609573364,0.38247665762901306,0.15484556555747986,-0.7678341269493103,-0.3794184923171997,-2.9556844234466553
1780001777168455400,0.288455322265625,0.8949801921844482,0.1247355118393898,0.4032456874847412,0.1443757265806198,-0.8170612454414368,-0.34660789370536804,-2.9729866981506348
1780001777184762400,0.304762451171875,0.8838286399841309,0.1115579679608345,0.43379148840904236,0.13500678539276123,-0.8883055448532104,-0.3197464048862457,-2.9915969371795654
1780001777201086500,0.32108642578125,0.8679183721542358,0.09497622400522232,0.4707404375076294,0.1268884539604187,-0.9740436673164368,-0.2883036136627197,-3.0046935081481934
1780001777217401300,0.3374013671875,0.8504393100738525,0.07427038252353668,0.5075463652610779,0.11676306277513504,-1.060271978378296,-0.24736523628234863,-3.014171600341797
1780001777233755000,0.3537548828125,0.8307139873504639,0.05076028034090996,0.545070469379425,0.10117307305335999,-1.1500368118286133,-0.19587764143943787,-3.026383876800537
1780001777250083800,0.370083740234375,0.8093661665916443,0.026438580825924873,0.5814214944839478,0.07859048992395401,-1.2393157482147217,-0.13459135591983795,-3.0440847873687744
1780001777266417400,0.38641748046875,0.7869382500648499,0.0032381133642047644,0.6147870421409607,0.05248451605439186,-1.323641061782837,-0.06968637555837631,-3.062696933746338
1780001777282746000,0.40274609375,0.7656161189079285,-0.01785789057612419,0.6425256729125977,0.025959378108382225,-1.3962241411209106,-0.0060145920142531395,-3.0788521766662598
1780001777299073300,0.4190732421875,0.7497824430465698,-0.03844829276204109,0.6605660319328308,0.000680106517393142,-1.4459227323532104,0.05678771808743477,-3.089670419692993
1780001777315415300,0.435415283203125,-0.7405388355255127,0.06096772477030754,-0.6688556671142578,0.022744666785001755,-1.4720852375030518,0.1210189238190651,-3.093350648880005
1780001777331748900,0.451748779296875,-0.7350612878799438,0.08389021456241608,-0.6713829040527344,0.043502580374479294,-1.4848459959030151,0.1827583611011505,-3.0920569896698
1780001777348080600,0.46808056640625,-0.7304333448410034,0.10364166647195816,-0.6721418499946594,0.06285656243562698,-1.493574857711792,0.23814842104911804,-3.0926949977874756
1780001777364415700,0.484415771484375,-0.7262126803398132,0.11896909773349762,-0.6720036864280701,0.08290059864521027,-1.4992735385894775,0.2881852090358734,-3.1003940105438232
1780001777380746800,0.500746826171875,-0.7197973728179932,0.12603402137756348,-0.6745967864990234,0.10452943295240402,-1.5094114542007446,0.3283359706401825,-3.120922803878784
1780001777397067300,0.5170673828125,-0.7133538722991943,0.1241331398487091,-0.6775540113449097,0.1289881318807602,-1.516259789466858,0.35959434509277344,3.124696731567383
1780001777413412600,0.53341259765625,-0.7075618505477905,0.11368981003761292,-0.6802405118942261,0.1539599895477295,-1.5183497667312622,0.37938016653060913,3.073502540588379
1780001777429746400,0.549746337890625,-0.7055022120475769,0.09982981532812119,-0.6788210272789001,0.1774899661540985,-1.5074886083602905,0.3917734920978546,3.016944408416748
1780001777446078000,0.566077880859375,-0.7091349363327026,0.08979609608650208,-0.6706995964050293,0.19805669784545898,-1.4791017770767212,0.40392249822616577,2.966207981109619
1780001777462412000,0.582412109375,-0.7169212102890015,0.08615944534540176,-0.6571363210678101,0.21626940369606018,-1.4373382329940796,0.4200170636177063,2.924287796020508
1780001777478744000,0.598744140625,-0.7262188792228699,0.08653319627046585,-0.6408042311668396,0.23342686891555786,-1.3888933658599854,0.4387916922569275,2.8868355751037598
1780001777495088600,0.615088623046875,-0.7325805425643921,0.08708672970533371,-0.626181423664093,0.25226685404777527,-1.345036506652832,0.4595286548137665,2.8466296195983887
1780001777511411200,0.6314111328125,-0.7349190711975098,0.08624214679002762,-0.6140968799591064,0.2744836211204529,-1.3071179389953613,0.48237115144729614,2.7990901470184326
1780001777527736800,0.64773681640625,-0.7339361310005188,0.08478498458862305,-0.6045989394187927,0.29767340421676636,-1.2755688428878784,0.5056766867637634,2.749344825744629
1780001777544078600,0.66407861328125,-0.727039635181427,0.08583800494670868,-0.6025519371032715,0.31776782870292664,-1.265280842781067,0.5325809121131897,2.712254047393799
1780001777560406000,0.680406005859375,-0.7142757177352905,0.09231491386890411,-0.6091172695159912,0.332060843706131,-1.2813209295272827,0.5661711692810059,2.6984097957611084
1780001777576744200,0.696744140625,-0.7044016718864441,0.10787332057952881,-0.6116682291030884,0.3435748219490051,-1.288482666015625,0.6092833876609802,2.697857618331909
1780001777593056000,0.713055908203125,-0.692695140838623,0.1301606297492981,-0.6129695773124695,0.3570714294910431,-1.2942311763763428,0.6662865877151489,2.7012076377868652
1780001777609394000,0.729393798828125,-0.6809539198875427,0.1519099324941635,-0.6098209619522095,0.3759569823741913,-1.2855056524276733,0.7280566692352295,2.6885335445404053
1780001777625741000,0.745740966796875,-0.6726297736167908,0.16376893222332,-0.604236364364624,0.3945218622684479,-1.264555811882019,0.7713176608085632,2.6588680744171143
1780001777642072800,0.76207275390625,-0.6677868366241455,0.16477219760417938,-0.5986616015434265,0.4105059802532196,-1.2389415502548218,0.7917354702949524,2.6185367107391357
1780001777658421000,0.7784208984375,-0.664212703704834,0.16026823222637177,-0.5909351706504822,0.42887210845947266,-1.2020574808120728,0.803479015827179,2.5618228912353516
1780001777674749200,0.794749267578125,-0.6553818583488464,0.1540551334619522,-0.5858372449874878,0.4511500597000122,-1.1704821586608887,0.8190990090370178,2.4960381984710693
1780001777691070000,0.811070068359375,-0.6393593549728394,0.14765644073486328,-0.5942186713218689,0.4651035964488983,-1.188617467880249,0.8353890180587769,2.466555595397949
1780001777707388000,0.827387939453125,-0.625567615032196,0.1440477818250656,-0.6072294116020203,0.46817511320114136,-1.2307765483856201,0.8462537527084351,2.473083734512329
1780001777723737900,0.84373779296875,-0.6136377453804016,0.14197134971618652,-0.618017852306366,0.4704751670360565,-1.2671564817428589,0.8568171262741089,2.480773687362671
1780001777740068900,0.86006884765625,-0.596435546875,0.13786105811595917,-0.6307569742202759,0.47686967253685,-1.3091431856155396,0.8726394176483154,2.479987621307373
1780001777756404200,0.876404296875,-0.5748794674873352,0.1316203474998474,-0.6464744210243225,0.4840047061443329,-1.3635568618774414,0.8900846242904663,2.4806923866271973
1780001777772735500,0.892735595703125,-0.554460883140564,0.12495030462741852,-0.6650171279907227,0.4844715893268585,-1.4349068403244019,0.8993520140647888,2.50253963470459
1780001777789069600,0.909069580078125,-0.5358167886734009,0.12195757776498795,-0.6878818869590759,0.4741784930229187,-1.5323762893676758,0.8995569348335266,2.562527656555176
1780001777805401300,0.9254013671875,-0.5152031779289246,0.12082178145647049,-0.7150927186012268,0.45673879981040955,-1.6534703969955444,0.8910253047943115,2.648007869720459
1780001777821735700,0.941735595703125,-0.484198659658432,0.11531004309654236,-0.7466545701026917,0.4413188397884369,-1.7948522567749023,0.8799254894256592,2.7295708656311035
1780001777846234000,0.966234130859375,-0.42688485980033875,0.10010065138339996,-0.7911949753761292,0.426332950592041,-2.002707004547119,0.8634483814239502,2.819679021835327
1780001777862566100,0.982566162109375,-0.38749709725379944,0.09301465004682541,-0.8164964914321899,0.4177654981613159,-2.1342029571533203,0.8545780181884766,2.876718521118164
1780001777878899700,0.998899658203125,-0.3530377447605133,0.09480280429124832,-0.8359083533287048,0.40943148732185364,-2.251920461654663,0.8502301573753357,2.9423463344573975
1780001777895232300,1.015232177734375,-0.3233371078968048,0.10227520018815994,-0.8486101627349854,0.4060218632221222,-2.3513143062591553,0.8560313582420349,3.005415439605713
1780001777911565300,1.0315654296875,-0.29544389247894287,0.10915081202983856,-0.8548080325126648,0.41243451833724976,-2.433969497680664,0.8782152533531189,3.052053689956665
1780001777927897600,1.047897705078125,-0.2781498432159424,0.12163341790437698,-0.8526355028152466,0.4252654016017914,-2.4873335361480713,0.9154836535453796,3.0937294960021973
1780001777944219600,1.0642197265625,-0.2677929401397705,0.14184722304344177,-0.8456695079803467,0.43932828307151794,-2.5324299335479736,0.9597086310386658,-3.1335513591766357
1780001777960567300,1.0805673828125,-0.26242315769195557,0.1675446629524231,-0.8352592587471008,0.45321595668792725,-2.5760891437530518,1.0066416263580322,-3.06292986869812
1780001777976893700,1.096893798828125,-0.25819092988967896,0.199028879404068,-0.8245565295219421,0.4624193012714386,-2.6382951736450195,1.0458614826202393,-2.962172269821167
1780001777993227300,1.113227294921875,-0.2535552680492401,0.2352413833141327,-0.8152492046356201,0.46447816491127014,-2.724576473236084,1.0688011646270752,-2.82890248298645
1780001778009564200,1.129564208984375,-0.25236812233924866,0.2633606195449829,-0.8079115152359009,0.4628504812717438,-2.7879059314727783,1.0775747299194336,-2.7242143154144287
1780001778025892400,1.145892333984375,-0.24998599290847778,0.2746209502220154,-0.806652307510376,0.4597853422164917,-2.819774866104126,1.07392156124115,-2.6779704093933105
1780001778042230800,1.162230712890625,-0.2420591413974762,0.26542654633522034,-0.8139128088951111,0.45662036538124084,-2.8268885612487793,1.0588570833206177,-2.6962718963623047
1780001778058557200,1.17855712890625,-0.23083846271038055,0.24696558713912964,-0.8254878520965576,0.4519863426685333,-2.8268308639526367,1.0357338190078735,-2.740528106689453
1780001778074896100,1.194896240234375,-0.22324693202972412,0.22899138927459717,-0.8371775150299072,0.4436863660812378,-2.8167805671691895,1.0068116188049316,-2.7875852584838867
1780001778091226600,1.2112265625,-0.21070325374603271,0.2113867998123169,-0.8478140234947205,0.4383279085159302,-2.8261537551879883,0.983281672000885,-2.822815179824829
1780001778107561500,1.2275615234375,-0.19506588578224182,0.19297726452350616,-0.853897750377655,0.44223037362098694,-2.845625400543213,0.9800507426261902,-2.8557724952697754
1780001778123906000,1.243906005859375,-0.18763895332813263,0.1828032284975052,-0.8505691885948181,0.45596781373023987,-2.853059768676758,1.0051947832107544,-2.877567768096924
1780001778140222700,1.26022265625,-0.1762785017490387,0.18074321746826172,-0.8455861806869507,0.47036343812942505,-2.8885645866394043,1.0336804389953613,-2.8647680282592773
1780001778156572200,1.276572265625,-0.1679335981607437,0.18700255453586578,-0.8403292894363403,0.48028647899627686,-2.931945323944092,1.0552136898040771,-2.826118230819702
1780001778172905500,1.292905517578125,-0.1637461930513382,0.19118380546569824,-0.8368520140647888,0.4861223101615906,-2.9575541019439697,1.0679949522018433,-2.8014121055603027
1780001778189224400,1.309224365234375,-0.1607321798801422,0.19284287095069885,-0.8345977663993835,0.49032971262931824,-2.9738094806671143,1.0768067836761475,-2.7878029346466064
1780001778205554200,1.32555419921875,-0.15997716784477234,0.19689802825450897,-0.8323958516120911,0.4927023649215698,-2.986778736114502,1.0827383995056152,-2.7702510356903076
1780001778221889500,1.3418896484375,-0.15982021391391754,0.20083220303058624,-0.8313894271850586,0.4928646683692932,-2.9962592124938965,1.0837498903274536,-2.755136013031006
1780001778238209300,1.358209228515625,-0.15888826549053192,0.20120516419410706,-0.8323830366134644,0.49133461713790894,-2.9994359016418457,1.0798678398132324,-2.752540111541748
1780001778254555000,1.374554931640625,-0.15763932466506958,0.20077857375144958,-0.8344737887382507,0.48835593461990356,-3.000995635986328,1.0723819732666016,-2.752999782562256
1780001778270888400,1.390888427734375,-0.15888801217079163,0.19933168590068817,-0.8368668556213379,0.48443302512168884,-2.991100549697876,1.0636924505233765,-2.762589454650879
1780001778287210500,1.40721044921875,-0.1607806235551834,0.1928197145462036,-0.8397632837295532,0.4814226031303406,-2.9692554473876953,1.0563502311706543,-2.7909107208251953
1780001778303565300,1.4235654296875,-0.16360969841480255,0.17761766910552979,-0.8432273864746094,0.4802619516849518,-2.92783784866333,1.051281213760376,-2.8506898880004883
1780001778319901700,1.439901611328125,-0.16627442836761475,0.15625214576721191,-0.8468328714370728,0.4804293215274811,-2.8758654594421387,1.0464435815811157,-2.9305579662323
1780001778336234500,1.456234375,-0.17150533199310303,0.13800643384456635,-0.8501054644584656,0.4783939719200134,-2.822819232940674,1.0366593599319458,-3.002575159072876
1780001778352554000,1.472553955078125,-0.18124546110630035,0.12396962195634842,-0.8538357615470886,0.4719598889350891,-2.766446590423584,1.0176777839660645,-3.0641980171203613
1780001778368885800,1.4888857421875,-0.19434063136577606,0.10974235087633133,-0.8578240275382996,0.4629538655281067,-2.7042529582977295,0.9916327595710754,-3.1263582706451416
1780001778385218000,1.505218017578125,-0.2052801102399826,0.09068675339221954,-0.8614928126335144,0.45548439025878906,-2.6454451084136963,0.9649588465690613,3.0875637531280518
1780001778401553200,1.52155322265625,-0.2068801373243332,0.07417788356542587,-0.8643191456794739,0.45238345861434937,-2.619647264480591,0.948769748210907,3.0402467250823975
1780001778417882400,1.53788232421875,-0.19809697568416595,0.06670383363962173,-0.8667891025543213,0.45275256037712097,-2.6362526416778564,0.9463887214660645,3.032344102859497
1780001778434217500,1.554217529296875,-0.1868477761745453,0.06340093165636063,-0.8684659600257874,0.45479142665863037,-2.664682149887085,0.9503763914108276,3.038498640060425
1780001778450552000,1.570552001953125,-0.18311703205108643,0.0606592521071434,-0.8672898411750793,0.4589085578918457,-2.6684765815734863,0.95832359790802,3.0320496559143066
1780001778466899700,1.586899658203125,-0.18540486693382263,0.058668725192546844,-0.8657845854759216,0.4610857665538788,-2.656191825866699,0.961685061454773,3.0200183391571045
1780001778483208200,1.603208251953125,-0.18771138787269592,0.059524983167648315,-0.8648284077644348,0.4618366062641144,-2.6493804454803467,0.9634509086608887,3.017871856689453
1780001778499550700,1.61955078125,-0.18805238604545593,0.06893350183963776,-0.8640414476394653,0.46186262369155884,-2.6621949672698975,0.9685463905334473,3.045086145401001
1780001778515881000,1.635880859375,-0.1898227035999298,0.08889739960432053,-0.8608583807945251,0.46366748213768005,-2.685356855392456,0.9827995896339417,3.1001651287078857
1780001778532214300,1.65221435546875,-0.1935265064239502,0.11467982083559036,-0.8547914028167725,0.46768325567245483,-2.7116940021514893,1.0045682191848755,-3.1135594844818115
1780001778548547000,1.668547119140625,-0.19657060503959656,0.13945746421813965,-0.8478707671165466,0.4722573459148407,-2.7414467334747314,1.0268110036849976,-3.043241024017334
1780001778564880000,1.6848798828125,-0.1891104131937027,0.14745523035526276,-0.844738245010376,0.4784468412399292,-2.7792794704437256,1.0433502197265625,-3.005749464035034
1780001778581208300,1.701208251953125,-0.17759837210178375,0.13151533901691437,-0.8455317616462708,0.4860439896583557,-2.785996198654175,1.0524609088897705,-3.040987014770508
1780001778597548800,1.717548828125,-0.1745365560054779,0.1024124026298523,-0.8479992747306824,0.4898429811000824,-2.738745927810669,1.0481925010681152,-3.1361827850341797
1780001778613878500,1.73387841796875,-0.19093076884746552,0.08320500701665878,-0.8469974994659424,0.4890988767147064,-2.646855115890503,1.035865306854248,3.051591157913208
1780001778630211600,1.750211669921875,-0.2111075222492218,0.07264813035726547,-0.845270037651062,0.48546305298805237,-2.5641579627990723,1.0185874700546265,2.984330415725708
1780001778646548000,1.7665478515625,-0.23487454652786255,0.06565280258655548,-0.8426675200462341,0.4800366759300232,-2.481565237045288,0.9970306754112244,2.9283928871154785
1780001778662873600,1.78287353515625,-0.2603479027748108,0.04776756092905998,-0.8410980105400085,0.471689909696579,-2.388880491256714,0.9585294127464294,2.8499417304992676
1780001778679206100,1.7992060546875,-0.2852838933467865,0.016245245933532715,-0.8410948514938354,0.45924800634384155,-2.299947500228882,0.8975654244422913,2.755662202835083
1780001778695543800,1.815543701171875,-0.29865068197250366,-0.009956203401088715,-0.8422390818595886,0.448711633682251,-2.256546974182129,0.8479080200195312,2.696565628051758
1780001778720033800,1.84003369140625,-0.27917543053627014,-0.019819945096969604,-0.8503839373588562,0.4455506503582001,-2.3079299926757812,0.8431046009063721,2.7029712200164795
1780001778736376300,1.856376220703125,-0.2586838901042938,-0.01798575185239315,-0.8578775525093079,0.4436274766921997,-2.369877815246582,0.8508647680282593,2.7356221675872803
1780001778752707800,1.872707763671875,-0.23705296218395233,-0.015281734056770802,-0.8619592189788818,0.4478825628757477,-2.4265756607055664,0.8708361387252808,2.762017250061035
1780001778769040400,1.889040283203125,-0.2157117873430252,-0.015016025863587856,-0.8628802299499512,0.4568159282207489,-2.47395920753479,0.897670328617096,2.775800943374634
1780001778785375500,1.90537548828125,-0.2002766728401184,-0.025852758437395096,-0.8650407791137695,0.45926597714424133,-2.502222776412964,0.9014254212379456,2.764134407043457
1780001778801703000,1.921702880859375,-0.19475169479846954,-0.04319794848561287,-0.8694837689399719,0.4518892467021942,-2.509472370147705,0.8772674798965454,2.7378625869750977
1780001778818046200,1.938046142578125,-0.18974867463111877,-0.05495104938745499,-0.8783633708953857,0.43526268005371094,-2.534771203994751,0.838713526725769,2.7392852306365967
1780001778834378500,1.95437841796875,-0.18495634198188782,-0.05347440391778946,-0.8855541348457336,0.42275944352149963,-2.565700054168701,0.81681889295578,2.766021966934204
1780001778850708500,1.97070849609375,-0.18491914868354797,-0.04075951129198074,-0.8873967528343201,0.42032214999198914,-2.5817015171051025,0.8196552395820618,2.8012897968292236
1780001778867016000,1.987015869140625,-0.1818285882472992,-0.012498640455305576,-0.884575366973877,0.4293118417263031,-2.6099891662597656,0.8556116819381714,2.86633038520813
1780001778883364400,2.0033642578125,-0.17105188965797424,0.03250517696142197,-0.8774668574333191,0.44691893458366394,-2.6777594089508057,0.9197220802307129,2.982771158218384
1780001778899703600,2.01970361328125,-0.16087606549263,0.08496521413326263,-0.8660199642181396,0.4657353162765503,-2.7716317176818848,0.9863358736038208,3.1367204189300537
1780001778916036400,2.036036376953125,-0.1676609218120575,0.1392057090997696,-0.847801685333252,0.483470618724823,-2.837099075317383,1.0480536222457886,-2.992987871170044
1780001778932370700,2.05237060546875,-0.19732975959777832,0.19430091977119446,-0.8196967244148254,0.5014034509658813,-2.8438868522644043,1.1167510747909546,-2.8629181385040283
1780001778948693500,2.068693603515625,-0.21384452283382416,0.24559633433818817,-0.787632167339325,0.5230569839477539,-2.923881769180298,1.19167959690094,-2.6850030422210693
1780001778965044000,2.0850439453125,-0.21689562499523163,0.2905518114566803,-0.7556242346763611,0.5454981327056885,-3.106879949569702,1.2545902729034424,-2.4325807094573975
1780001778981381600,2.101381591796875,-0.22286812961101532,0.3276651203632355,-0.724212646484375,0.5643416047096252,2.965127944946289,1.2996290922164917,-2.1575803756713867
1780001778997703000,2.117702880859375,-0.22652992606163025,0.35037165880203247,-0.6985103487968445,0.5813838243484497,2.7518045902252197,1.3291468620300293,-1.9048634767532349
1780001779014034000,2.134033935546875,-0.2159172147512436,0.34774917364120483,-0.6866294741630554,0.6008246541023254,2.5604541301727295,1.3478847742080688,-1.735105037689209
1780001779030368000,2.150367919921875,-0.1910240352153778,0.32082608342170715,-0.6926174163818359,0.6171399354934692,2.470036745071411,1.358049988746643,-1.7249404191970825
1780001779046699500,2.166699462890625,-0.17129282653331757,0.28544095158576965,-0.7037596702575684,0.6276183128356934,2.4895308017730713,1.3764437437057495,-1.8285852670669556
1780001779063036000,2.183035888671875,-0.1770026832818985,0.2664729356765747,-0.70698082447052,0.6307458877563477,2.5966036319732666,1.4043716192245483,-1.95637845993042
1780001779079363000,2.199363037109375,-0.20188473165035248,0.2648203372955322,-0.7061645984649658,0.6248553991317749,2.820132255554199,1.425257682800293,-2.1456475257873535
1780001779095703000,2.215703125,-0.22975629568099976,0.26873403787612915,-0.7070978283882141,0.6123780608177185,3.1124250888824463,1.4258184432983398,-2.3899896144866943
1780001779112024000,2.232024169921875,-0.24801763892173767,0.27139154076576233,-0.7116748690605164,0.5986258387565613,-2.96807599067688,1.4073582887649536,-2.5603039264678955
1780001779128358100,2.248358154296875,-0.24577805399894714,0.2691861093044281,-0.7175734043121338,0.5934815406799316,-2.9537646770477295,1.3919706344604492,-2.580876350402832
1780001779144706800,2.264706787109375,-0.2327641248703003,0.26493218541145325,-0.7253285050392151,0.5912109613418579,-3.0155680179595947,1.3754355907440186,-2.544762372970581
1780001779161028000,2.281028076171875,-0.21928411722183228,0.26806479692459106,-0.7294944524765015,0.5898251533508301,-3.1237597465515137,1.361190676689148,-2.4517319202423096
1780001779177377300,2.297377197265625,-0.21262472867965698,0.28197818994522095,-0.7266823053359985,0.589246928691864,3.0337741374969482,1.352656602859497,-2.3147284984588623
1780001779193697500,2.313697509765625,-0.210965096950531,0.3015140891075134,-0.7190248966217041,0.5895644426345825,2.9045145511627197,1.34690523147583,-2.1579794883728027
1780001779210041300,2.330041259765625,-0.20809024572372437,0.32153305411338806,-0.7098744511604309,0.5910950303077698,2.765782356262207,1.3379877805709839,-1.9925605058670044
1780001779226358500,2.346358642578125,-0.20405469834804535,0.33525511622428894,-0.7014697790145874,0.5948998928070068,2.6472091674804688,1.3311810493469238,-1.8587371110916138
1780001779242694000,2.36269384765625,-0.20223680138587952,0.33846330642700195,-0.6959103345870972,0.600209653377533,2.5784242153167725,1.3348076343536377,-1.787987232208252
1780001779259016400,2.379016357421875,-0.20254084467887878,0.3363092839717865,-0.6926281452178955,0.6050946712493896,2.5437986850738525,1.3442320823669434,-1.756670355796814
1780001779275359500,2.395359375,-0.20559194684028625,0.3359411954879761,-0.6910694241523743,0.6060516834259033,2.54422926902771,1.350264310836792,-1.7532472610473633
1780001779291693800,2.41169384765625,-0.20680367946624756,0.3368258774280548,-0.6914830803871155,0.6046748757362366,2.556605100631714,1.3492486476898193,-1.762341856956482
1780001779308025300,2.428025390625,-0.20237460732460022,0.3349717855453491,-0.6934223175048828,0.6049825549125671,2.551406145095825,1.344911813735962,-1.7666264772415161
1780001779324376800,2.444376953125,-0.19291286170482635,0.328085720539093,-0.696830689907074,0.6079239249229431,2.532493829727173,1.3414887189865112,-1.7726751565933228
1780001779340702700,2.46070263671875,-0.17931659519672394,0.31793397665023804,-0.7009132504463196,0.6127676963806152,2.499039888381958,1.3379591703414917,-1.7753390073776245
1780001779357018400,2.477018310546875,-0.16340108215808868,0.3062508702278137,-0.7044510245323181,0.6190794706344604,2.4504599571228027,1.3349025249481201,-1.7684861421585083
1780001779373353500,2.493353515625,-0.14776736497879028,0.2947549521923065,-0.7062441110610962,0.6265011429786682,2.3884596824645996,1.3337500095367432,-1.747290849685669
1780001779389694200,2.509694091796875,-0.13444998860359192,0.2844887971878052,-0.7058988809585571,0.6345834136009216,2.317411184310913,1.33531653881073,-1.7115896940231323
1780001779406022100,2.526022216796875,-0.1246362030506134,0.2757263481616974,-0.7037535309791565,0.6427843570709229,2.2433435916900635,1.3398685455322266,-1.6653375625610352
1780001779422356700,2.542356689453125,-0.11759020388126373,0.2673514187335968,-0.7006955742835999,0.6509389281272888,2.1690139770507812,1.3471529483795166,-1.6141109466552734
1780001779438675700,2.55867578125,-0.11207066476345062,0.2580268681049347,-0.6976022124290466,0.6589487195014954,2.0960230827331543,1.3568594455718994,-1.5633419752120972
1780001779455033000,2.575033203125,-0.10808904469013214,0.2483070194721222,-0.694806694984436,0.6662612557411194,2.027731418609619,1.3680838346481323,-1.5155305862426758
1780001779471343900,2.59134375,-0.10602649301290512,0.2402791976928711,-0.6932399868965149,0.6711503267288208,1.982441782951355,1.3780841827392578,-1.4853057861328125
1780001779487688700,2.607688720703125,-0.10605859756469727,0.2363603562116623,-0.6934828758239746,0.672284722328186,1.9777199029922485,1.3838262557983398,-1.4864161014556885
1780001779504020500,2.6240205078125,-0.10878875851631165,0.2382451891899109,-0.6947781443595886,0.669841468334198,2.0101211071014404,1.3840807676315308,-1.5120625495910645
1780001779520353800,2.640353759765625,-0.11405210196971893,0.24363692104816437,-0.6962922811508179,0.6654399037361145,2.0614004135131836,1.3821337223052979,-1.5476619005203247
1780001779536690200,2.656690185546875,-0.1216641291975975,0.249444842338562,-0.6973435282707214,0.6608230471611023,2.115912437438965,1.3825734853744507,-1.5824490785598755
1780001779553016800,2.673016845703125,-0.13128423690795898,0.25505566596984863,-0.697236955165863,0.6569411158561707,2.163451910018921,1.3864530324935913,-1.607628345489502
1780001779569342000,2.689342041015625,-0.14119158685207367,0.2603420913219452,-0.6961318254470825,0.6539782285690308,2.199916362762451,1.3918195962905884,-1.6217621564865112
1780001779585685500,2.705685546875,-0.14897821843624115,0.26462867856025696,-0.6950696110725403,0.6516559720039368,2.2278826236724854,1.3958758115768433,-1.6319301128387451
1780001779602015500,2.722015380859375,-0.153087317943573,0.26790255308151245,-0.6950671672821045,0.6493644714355469,2.2530887126922607,1.3958094120025635,-1.6461604833602905
1780001779618329600,2.73832958984375,-0.1534680277109146,0.2710907757282257,-0.696090817451477,0.6468499898910522,2.273460865020752,1.3902192115783691,-1.661063551902771
1780001779634682600,2.7546826171875,-0.15184929966926575,0.27344512939453125,-0.6972366571426392,0.645004391670227,2.2833669185638428,1.3833661079406738,-1.6696739196777344
1780001779651016700,2.7710166015625,-0.15039895474910736,0.2740558385848999,-0.6977563500404358,0.6445229053497314,2.283580780029297,1.3801147937774658,-1.6710413694381714
1780001779667335200,2.787335205078125,-0.15001994371414185,0.2730103135108948,-0.6973142623901367,0.645532488822937,2.274477005004883,1.3817933797836304,-1.6641100645065308
1780001779683686100,2.80368603515625,-0.15015055239200592,0.2708265781402588,-0.6963052153587341,0.6475081443786621,2.258646011352539,1.3864492177963257,-1.651472568511963
1780001779700028000,2.82002783203125,-0.14972561597824097,0.2681332230567932,-0.6954159140586853,0.6496795415878296,2.2406058311462402,1.3910428285598755,-1.6382019519805908
1780001779716345000,2.836344970703125,-0.14869652688503265,0.26589930057525635,-0.6950129270553589,0.6512634754180908,2.226799964904785,1.3936448097229004,-1.6293179988861084
1780001779732688000,2.85268798828125,-0.14788693189620972,0.2648903727531433,-0.6950576901435852,0.651810884475708,2.2222256660461426,1.3941580057144165,-1.6274585723876953
1780001779749002800,2.869002685546875,-0.1479446142911911,0.26522234082221985,-0.6952956914901733,0.651408851146698,2.226559638977051,1.3934764862060547,-1.6311951875686646
1780001779773490700,2.89349072265625,-0.150114044547081,0.26721662282943726,-0.6955500245094299,0.6498239636421204,2.2438528537750244,1.392775297164917,-1.6422823667526245
1780001779789832700,2.909832763671875,-0.1525251269340515,0.26886671781539917,-0.6955010890960693,0.6486331224441528,2.257554531097412,1.3931816816329956,-1.64995539188385
1780001779806165800,2.926165771484375,-0.15474294126033783,0.2703287601470947,-0.6953485608100891,0.6476630568504333,2.2686097621917725,1.3937379121780396,-1.6555488109588623
1780001779822498600,2.94249853515625,-0.15627343952655792,0.27132707834243774,-0.695184588432312,0.6470538377761841,2.27541446685791,1.3941932916641235,-1.6585991382598877
1780001779838832000,2.95883203125,-0.15721292793750763,0.27184587717056274,-0.6949756145477295,0.6468329429626465,2.2778875827789307,1.3947376012802124,-1.6589144468307495
1780001779855163400,2.975163330078125,-0.15780097246170044,0.27205851674079895,-0.6947162747383118,0.6468789577484131,2.2773759365081787,1.3953965902328491,-1.6572277545928955
1780001779871498500,2.99149853515625,-0.15828560292720795,0.2721165120601654,-0.6944645643234253,0.6470063924789429,2.2762696743011475,1.396162748336792,-1.6553339958190918
1780001779887843800,3.00784375,-0.15887276828289032,0.2721894681453705,-0.6941974759101868,0.6471184492111206,2.275510311126709,1.3970438241958618,-1.6536153554916382
1780001779904175000,3.024175048828125,-0.1596618890762329,0.2724185585975647,-0.6938663125038147,0.6471829414367676,2.2750227451324463,1.3979928493499756,-1.651635766029358
1780001779920505000,3.040505126953125,-0.1606874316930771,0.2728439271450043,-0.6935393810272217,0.6471003293991089,2.276123523712158,1.3989124298095703,-1.6505978107452393
1780001779936842800,3.0568427734375,-0.16199658811092377,0.27354270219802856,-0.6932632327079773,0.6467748284339905,2.279921054840088,1.3996864557266235,-1.6514209508895874
1780001779953170200,3.073170166015625,-0.16364705562591553,0.27464771270751953,-0.6929633021354675,0.6462121605873108,2.2857253551483154,1.4002561569213867,-1.6531271934509277
1780001779969509600,3.089509521484375,-0.16560199856758118,0.2760692238807678,-0.6926369667053223,0.6454578042030334,2.293248414993286,1.4007158279418945,-1.6556185483932495
1780001779985839400,3.10583935546875,-0.1676592081785202,0.27754145860671997,-0.6923322677612305,0.6446217894554138,2.3018782138824463,1.401180624961853,-1.6589841842651367
1780001780002159000,3.1221591796875,-0.16961750388145447,0.27891871333122253,-0.6919658780097961,0.6439079642295837,2.3089728355407715,1.401737928390503,-1.6611026525497437
1780001780018504700,3.138504638671875,-0.17134244740009308,0.28010573983192444,-0.6914679408073425,0.643470823764801,2.3124964237213135,1.4024721384048462,-1.6602861881256104
1780001780034839800,3.15483984375,-0.1727813333272934,0.28108716011047363,-0.6908906698226929,0.6432780623435974,2.3128855228424072,1.4032856225967407,-1.6570711135864258
1780001780051166000,3.171166015625,-0.17398186028003693,0.28190842270851135,-0.6903254985809326,0.643202006816864,2.311885118484497,1.404058575630188,-1.6530616283416748
1780001780067507500,3.187507568359375,-0.17510995268821716,0.28268423676490784,-0.6898123621940613,0.6431058645248413,2.311246633529663,1.4047527313232422,-1.6495866775512695
1780001780083850200,3.203850341796875,-0.1763128936290741,0.2835739850997925,-0.6893261671066284,0.6429067254066467,2.3116226196289062,1.4053220748901367,-1.6468381881713867
1780001780100183600,3.22018359375,-0.17764915525913239,0.2846410572528839,-0.6889042854309082,0.6425193548202515,2.3140668869018555,1.4056918621063232,-1.645683765411377
1780001780116514600,3.2365146484375,-0.17912720143795013,0.28579849004745483,-0.6885865330696106,0.6419357061386108,2.319234848022461,1.4059593677520752,-1.6468994617462158
1780001780132849200,3.25284912109375,-0.18065176904201508,0.286938339471817,-0.6883609890937805,0.6412414908409119,2.32625412940979,1.4061909914016724,-1.649919033050537
1780001780149181200,3.26918115234375,-0.18201227486133575,0.2879374921321869,-0.6881901621818542,0.6405918002128601,2.3330564498901367,1.4063812494277954,-1.653176188468933
1780001780165515000,3.285514892578125,-0.18294952809810638,0.2886595129966736,-0.6880772113800049,0.6401211023330688,2.337876081466675,1.4064515829086304,-1.655500054359436
1780001780181859300,3.301859375,-0.18331162631511688,0.28888392448425293,-0.6880356073379517,0.6399608850479126,2.3397371768951416,1.4065587520599365,-1.6564807891845703
1780001780198181400,3.318181396484375,-0.18310050666332245,0.2884761393070221,-0.6880496740341187,0.6401901841163635,2.338277816772461,1.4069397449493408,-1.655964970588684
1780001780214493200,3.3344931640625,-0.1824457049369812,0.2874683737754822,-0.6880539059638977,0.6408255100250244,2.33329176902771,1.4077646732330322,-1.6535052061080933
1780001780230828800,3.350828857421875,-0.18154148757457733,0.28604376316070557,-0.688025176525116,0.6417499780654907,2.3257832527160645,1.4089902639389038,-1.649535894393921
1780001780247162400,3.367162353515625,-0.1805936098098755,0.28448233008384705,-0.6880147457122803,0.642721951007843,2.318143844604492,1.410347819328308,-1.645707368850708
1780001780263495400,3.383495361328125,-0.17972463369369507,0.2830030918121338,-0.6880900263786316,0.6435375213623047,2.3124983310699463,1.4115608930587769,-1.643623948097229
1780001780279818500,3.399818603515625,-0.1790839433670044,0.2817923426628113,-0.6882500648498535,0.6440759301185608,2.310006618499756,1.412514328956604,-1.6439380645751953
1780001780296160300,3.41616015625,-0.17877337336540222,0.28093457221984863,-0.6884863972663879,0.6442844271659851,2.3112926483154297,1.413212776184082,-1.6469972133636475
1780001780312500000,3.4325,-0.17875565588474274,0.28032249212265015,-0.6887689828872681,0.6442539095878601,2.3155322074890137,1.4138083457946777,-1.6521977186203003
1780001780328829700,3.44882958984375,-0.1787944734096527,0.27983057498931885,-0.6889901757240295,0.6442204713821411,2.319222927093506,1.4143517017364502,-1.6565829515457153
1780001780345160200,3.46516015625,-0.17866958677768707,0.2793503999710083,-0.6890946626663208,0.6443517208099365,2.3198468685150146,1.4148272275924683,-1.6581274271011353
1780001780361494000,3.481493896484375,-0.1782989799976349,0.27877452969551086,-0.6891509890556335,0.6446434855461121,2.317932605743408,1.415229082107544,-1.6576433181762695
1780001780377817600,3.497817626953125,-0.17769920825958252,0.2780689001083374,-0.6891822814941406,0.6450802683830261,2.3139584064483643,1.4155992269515991,-1.655636191368103
1780001780394161000,3.514160888671875,-0.1769275665283203,0.2773085832595825,-0.6890923976898193,0.6457154154777527,2.3066937923431396,1.4159953594207764,-1.6506778001785278
1780001780410493700,3.53049365234375,-0.176075279712677,0.2764100134372711,-0.6890963912010193,0.6463289260864258,2.300414562225342,1.4163951873779297,-1.647031545639038
1780001780426826200,3.546826171875,-0.1753755807876587,0.2756166458129883,-0.6892367601394653,0.6467082500457764,2.297612428665161,1.416650414466858,-1.6464718580245972
1780001780443177500,3.563177490234375,-0.17503108084201813,0.2752370536327362,-0.6892984509468079,0.6468974947929382,2.2961156368255615,1.4167673587799072,-1.6460621356964111
1780001780459489000,3.579489013671875,-0.17510157823562622,0.27520671486854553,-0.6892771124839783,0.6469141244888306,2.2961840629577637,1.4169204235076904,-1.6460744142532349
1780001780475825000,3.595824951171875,-0.1755516529083252,0.27535590529441833,-0.6892823576927185,0.6467230319976807,2.2993762493133545,1.4172042608261108,-1.6483769416809082
1780001780492158000,3.612157958984375,-0.17630386352539062,0.2755975127220154,-0.689359188079834,0.6463333964347839,2.3059303760528564,1.4176075458526611,-1.6534533500671387
1780001780508475000,3.628474853515625,-0.17728877067565918,0.2760039269924164,-0.6894183158874512,0.6458273530006409,2.31390380859375,1.4180387258529663,-1.6593544483184814
1780001780524812500,3.6448125,-0.17826537787914276,0.2766056954860687,-0.6893392205238342,0.6453853845596313,2.319570302963257,1.4183158874511719,-1.6626635789871216
1780001780541144000,3.66114404296875,-0.17904041707515717,0.2770654261112213,-0.6892515420913696,0.645067036151886,2.323645830154419,1.418588399887085,-1.6648955345153809
1780001780557479700,3.677479736328125,-0.17957915365695953,0.2772237956523895,-0.6891632676124573,0.6449437141418457,2.3259198665618896,1.4190609455108643,-1.6661372184753418
1780001780573811500,3.6938115234375,-0.1799689382314682,0.2769543528556824,-0.6889697909355164,0.645157516002655,2.3250651359558105,1.4201512336730957,-1.6651304960250854
1780001780590142700,3.710142822265625,-0.18022580444812775,0.27627211809158325,-0.6885111927986145,0.6458674669265747,2.3182668685913086,1.4220435619354248,-1.6590182781219482
1780001780606475300,3.726475341796875,-0.1802823692560196,0.27526190876960754,-0.6878423690795898,0.6469946503639221,2.3058319091796875,1.4244493246078491,-1.6480731964111328
1780001780622808300,3.742808349609375,-0.1799871176481247,0.2738831043243408,-0.6872302889823914,0.6483110785484314,2.2913291454315186,1.4269284009933472,-1.636139154434204
1780001780639140000,3.75914013671875,-0.17934399843215942,0.27227872610092163,-0.6869349479675293,0.6494771242141724,2.27982234954834,1.428974986076355,-1.6280468702316284
1780001780655474700,3.775474609375,-0.17848387360572815,0.2707604765892029,-0.6869063377380371,0.650378406047821,2.271815538406372,1.4303303956985474,-1.6236305236816406
1780001780671806000,3.791805908203125,-0.17718671262264252,0.26931440830230713,-0.6870025992393494,0.6512311697006226,2.2631945610046387,1.4309173822402954,-1.619124412536621
1780001780688140000,3.80814013671875,-0.17514503002166748,0.26772162318229675,-0.6873950362205505,0.6520256996154785,2.25506329536438,1.4305293560028076,-1.6164135932922363
1780001780704473000,3.82447314453125,-0.17264235019683838,0.2661522626876831,-0.6880584359169006,0.6526356935501099,2.2492072582244873,1.4292662143707275,-1.6166056394577026
1780001780720806100,3.84080615234375,-0.17004652321338654,0.26469898223876953,-0.688754677772522,0.653173565864563,2.243668556213379,1.4276702404022217,-1.6170672178268433
1780001780737138200,3.85713818359375,-0.16775022447109222,0.2631150484085083,-0.6894125938415527,0.653713047504425,2.239417552947998,1.426666259765625,-1.6185734272003174
1780001780753472300,3.87347216796875,-0.16598539054393768,0.26132363080978394,-0.6900097727775574,0.6542518138885498,2.2373993396759033,1.4266725778579712,-1.6218488216400146
1780001780769804000,3.889803955078125,-0.16471637785434723,0.25960004329681396,-0.690349817276001,0.6548994779586792,2.233896493911743,1.4274269342422485,-1.6228134632110596
1780001780786136800,3.90613671875,-0.16393879055976868,0.2584521472454071,-0.690193772315979,0.6557127237319946,2.2247185707092285,1.4283967018127441,-1.616519570350647
1780001780802470000,3.922469970703125,-0.16365638375282288,0.2579197287559509,-0.6896631121635437,0.6565507054328918,2.212090253829956,1.4293849468231201,-1.6051239967346191
1780001780818803700,3.9388037109375,-0.1637965440750122,0.25766128301620483,-0.6891067624092102,0.6572011709213257,2.201838493347168,1.430478572845459,-1.5950721502304077
1780001780835139800,3.955139892578125,-0.16407854855060577,0.25755855441093445,-0.688759446144104,0.6575350165367126,2.1966748237609863,1.4313031435012817,-1.5896601676940918
1780001780851468000,3.971468017578125,-0.16397710144519806,0.2576602101325989,-0.688740074634552,0.6575407385826111,2.195784568786621,1.4310405254364014,-1.58876371383667
1780001780867800300,3.98780029296875,-0.16319292783737183,0.25767165422439575,-0.6889609098434448,0.6575000882148743,2.1951911449432373,1.429854393005371,-1.5892924070358276
1780001780884148700,4.004148681640625,-0.16186809539794922,0.25720518827438354,-0.68912273645401,0.6578405499458313,2.189481258392334,1.4287781715393066,-1.5862188339233398
1780001780900480300,4.020480224609375,-0.16040511429309845,0.2560652196407318,-0.6889398097991943,0.6588345170021057,2.175394058227539,1.4288535118103027,-1.575997233390808
1780001780916810200,4.036810302734375,-0.15910236537456512,0.25440746545791626,-0.6882916688919067,0.6604679822921753,2.1523334980010986,1.4302732944488525,-1.557358980178833
1780001780933147100,4.053147216796875,-0.15819533169269562,0.2526472210884094,-0.6873494386672974,0.6623400449752808,2.125127077102661,1.4325077533721924,-1.534153699874878
1780001780949474300,4.069474365234375,-0.1582537740468979,0.25150370597839355,-0.6864879131317139,0.663653552532196,2.1056013107299805,1.4349206686019897,-1.5162861347198486
1780001780965793000,4.08579296875,-0.16023525595664978,0.25204357504844666,-0.6859239935874939,0.6635563969612122,2.106278657913208,1.437063217163086,-1.5132718086242676
1780001780982144000,4.10214404296875,-0.1641620546579361,0.2548460364341736,-0.6857200264930725,0.6617344617843628,2.1308557987213135,1.4380431175231934,-1.527888536453247
1780001780998480400,4.11848046875,-0.16853831708431244,0.258831650018692,-0.6859722137451172,0.6588194966316223,2.1706132888793945,1.437354564666748,-1.55520761013031
1780001781014809600,4.1348095703125,-0.17193542420864105,0.2622712552547455,-0.6866326928138733,0.6558868885040283,2.2116572856903076,1.4357433319091797,-1.5860408544540405
1780001781031143400,4.151143310546875,-0.17367269098758698,0.2640962600708008,-0.6874719858169556,0.653814435005188,2.2426085472106934,1.4342411756515503,-1.611649751663208
1780001781047491000,4.167490966796875,-0.17361760139465332,0.26400861144065857,-0.688209056854248,0.6530885100364685,2.256765127182007,1.4335459470748901,-1.626003384590149
1780001781063821300,4.1838212890625,-0.17197361588478088,0.26225534081459045,-0.6886187195777893,0.6537977457046509,2.25175404548645,1.4338442087173462,-1.6260625123977661
1780001781080155000,4.20015478515625,-0.16928257048130035,0.25936850905418396,-0.6886595487594604,0.6556061506271362,2.2311365604400635,1.4349867105484009,-1.6137745380401611
1780001781096488000,4.216488037109375,-0.1662985384464264,0.2560288608074188,-0.6885431408882141,0.6578011512756348,2.2048308849334717,1.4365568161010742,-1.5969035625457764
1780001781112820700,4.23282080078125,-0.16380633413791656,0.253207802772522,-0.6883947253227234,0.6596711874008179,2.1816725730895996,1.437901258468628,-1.5816612243652344
1780001781129153000,4.249153076171875,-0.1623774915933609,0.25168126821517944,-0.6881572008132935,0.6608552932739258,2.1652984619140625,1.4386347532272339,-1.5696851015090942
1780001781145469200,4.26546923828125,-0.16214074194431305,0.25134578347206116,-0.6878486275672913,0.6613622307777405,2.156799554824829,1.4391032457351685,-1.5620440244674683
1780001781161819100,4.281819091796875,-0.1625271588563919,0.2515488564968109,-0.6875316500663757,0.6615197062492371,2.1528899669647217,1.4395420551300049,-1.5572693347930908
1780001781178124800,4.298124755859375,-0.16267859935760498,0.25158071517944336,-0.6872818470001221,0.6617299318313599,2.1486117839813232,1.4398863315582275,-1.5527265071868896
1780001781194477000,4.31447705078125,-0.16196851432323456,0.2509615123271942,-0.687138557434082,0.6622878909111023,2.140059471130371,1.4400343894958496,-1.5461477041244507
1780001781210807600,4.3308076171875,-0.16038881242275238,0.2495930790901184,-0.6870051622390747,0.6633269786834717,2.1250219345092773,1.4401816129684448,-1.5354810953140259
1780001781227150300,4.347150390625,-0.15847179293632507,0.24778741598129272,-0.6866697669029236,0.6648104190826416,2.1028318405151367,1.440666675567627,-1.5188119411468506
1780001781243477500,4.3634775390625,-0.15655244886875153,0.24587734043598175,-0.6862359046936035,0.6664202809333801,2.078270673751831,1.4413108825683594,-1.4999277591705322
1780001781259814100,4.379814208984375,-0.1547885239124298,0.24407920241355896,-0.6858973503112793,0.667840301990509,2.0568666458129883,1.4418748617172241,-1.4837989807128906
1780001781276136200,4.39613623046875,-0.15340355038642883,0.2427423894405365,-0.6856424808502197,0.6689080595970154,2.0404865741729736,1.4421672821044922,-1.4714446067810059
1780001781292481300,4.412481201171875,-0.1526385396718979,0.24199984967708588,-0.6853340864181519,0.669667661190033,2.027754545211792,1.442405343055725,-1.4609423875808716
1780001781308787700,4.42878759765625,-0.15242742002010345,0.24166259169578552,-0.6849530339241028,0.6702271699905396,2.017343282699585,1.4428049325942993,-1.4513479471206665
1780001781325143600,4.4451435546875,-0.15237753093242645,0.24152526259422302,-0.6845191717147827,0.6707311272621155,2.0071029663085938,1.4431374073028564,-1.4413901567459106
1780001781341453600,4.46145361328125,-0.15222857892513275,0.24132758378982544,-0.6841119527816772,0.6712513566017151,1.9967458248138428,1.443400263786316,-1.4315494298934937
1780001781357799400,4.47779931640625,-0.15208664536476135,0.24092407524585724,-0.6837393641471863,0.6718078255653381,1.9864959716796875,1.44394850730896,-1.4221144914627075
1780001781374132000,4.494132080078125,-0.15193195641040802,0.2404261976480484,-0.6833314895629883,0.6724358797073364,1.9750052690505981,1.4446178674697876,-1.411598801612854
1780001781390463500,4.51046337890625,-0.15170970559120178,0.23990455269813538,-0.6828305125236511,0.6731808185577393,1.960924744606018,1.4452426433563232,-1.3986269235610962
1780001781406798000,4.526798095703125,-0.15148504078388214,0.23935887217521667,-0.6822702884674072,0.6739932298660278,1.9452869892120361,1.4458926916122437,-1.3841369152069092
1780001781423130000,4.543130126953125,-0.15127581357955933,0.2389659285545349,-0.6816142201423645,0.6748430728912354,1.9279886484146118,1.446336030960083,-1.367734670639038
1780001781439464700,4.559464599609375,-0.1508994847536087,0.2387504279613495,-0.6808760166168213,0.6757481098175049,1.9087926149368286,1.4462649822235107,-1.349409818649292
1780001781455795700,4.575795654296875,-0.15030553936958313,0.23845027387142181,-0.68019700050354,0.6766696572303772,1.8898284435272217,1.4459606409072876,-1.3317582607269287
1780001781472129300,4.59212939453125,-0.1496177613735199,0.23803123831748962,-0.6796015501022339,0.6775673031806946,1.872023582458496,1.4456470012664795,-1.315578818321228
1780001781488462000,4.608462158203125,-0.14905640482902527,0.23769362270832062,-0.6791097521781921,0.6783023476600647,1.8574692010879517,1.445358395576477,-1.3023439645767212
1780001781504792000,4.6247919921875,-0.1490544229745865,0.2376737743616104,-0.6786994338035583,0.6787201762199402,1.8481087684631348,1.4453874826431274,-1.2930164337158203
1780001781521126100,4.641126220703125,-0.1497287154197693,0.2382083535194397,-0.6783916354179382,0.6786920428276062,1.8458362817764282,1.4455848932266235,-1.2889660596847534
1780001781537462500,4.657462646484375,-0.15070705115795135,0.23913957178592682,-0.6781688332557678,0.6783705949783325,1.8483564853668213,1.4456517696380615,-1.2886725664138794
1780001781553792300,4.673792236328125,-0.15162834525108337,0.23995889723300934,-0.6780105829238892,0.6780340671539307,1.8516541719436646,1.4457964897155762,-1.2894062995910645
1780001781570114600,4.690114501953125,-0.15231236815452576,0.24030223488807678,-0.6778682470321655,0.6779014468193054,1.8522957563400269,1.4462794065475464,-1.2885410785675049
1780001781586456300,4.706456298828125,-0.15272100269794464,0.24015147984027863,-0.6777079105377197,0.6780232787132263,1.8492496013641357,1.4470713138580322,-1.2851288318634033
1780001781602806000,4.722805908203125,-0.1528514176607132,0.23973719775676727,-0.677566647529602,0.6782817244529724,1.8444114923477173,1.447840690612793,-1.280723214149475
1780001781619112700,4.73911279296875,-0.1528404802083969,0.23925738036632538,-0.6775269508361816,0.6784931421279907,1.8410924673080444,1.4485009908676147,-1.2781398296356201
1780001781635455500,4.75545556640625,-0.15285083651542664,0.23881351947784424,-0.6775877475738525,0.6785864233970642,1.8403301239013672,1.4491431713104248,-1.278028130531311
1780001781651793400,4.77179345703125,-0.15305308997631073,0.23857548832893372,-0.6776511669158936,0.6785613298416138,1.8412742614746094,1.4497696161270142,-1.279036045074463
1780001781668129300,4.78812939453125,-0.15351268649101257,0.2386307567358017,-0.6777551174163818,0.6783341765403748,1.8454872369766235,1.4503456354141235,-1.2824997901916504
1780001781684488400,4.804488525390625,-0.1542675793170929,0.23897084593772888,-0.6779348850250244,0.6778634190559387,1.853936791419983,1.4509363174438477,-1.2893445491790771
1780001781700803300,4.82080322265625,-0.1552741825580597,0.2395208775997162,-0.6781186461448669,0.677255392074585,1.864482045173645,1.4515776634216309,-1.2976043224334717
1780001781717134000,4.837134033203125,-0.1564091145992279,0.2400781363248825,-0.6782190203666687,0.6766961216926575,1.8736766576766968,1.4523820877075195,-1.304315447807312
1780001781733469000,4.853468994140625,-0.15739674866199493,0.24038165807724,-0.6782180666923523,0.6763602495193481,1.87880539894104,1.4533411264419556,-1.3075547218322754
1780001781749781000,4.869781005859375,-0.1580704301595688,0.24023710191249847,-0.6780734658241272,0.6763995289802551,1.8771723508834839,1.4545060396194458,-1.305160403251648
1780001781766122200,4.886122314453125,-0.15824204683303833,0.23954661190509796,-0.6778306365013123,0.6768475770950317,1.8685002326965332,1.4557439088821411,-1.2972753047943115
1780001781782465000,4.902465087890625,-0.1581568717956543,0.2386963665485382,-0.6775336861610413,0.6774648427963257,1.8565646409988403,1.4568352699279785,-1.2867389917373657
1780001781798797000,4.918797119140625,-0.15812309086322784,0.23801518976688385,-0.6773427724838257,0.6779031753540039,1.8481601476669312,1.4577499628067017,-1.2794049978256226
1780001781815150000,4.935150146484375,-0.15854118764400482,0.23776569962501526,-0.6772429347038269,0.6779928803443909,1.8458260297775269,1.4586938619613647,-1.2768375873565674
1780001781831445000,4.951445068359375,-0.1594262570142746,0.23788109421730042,-0.6771186590194702,0.6778689026832581,1.8464583158493042,1.4597834348678589,-1.2760109901428223
1780001781847786000,4.967785888671875,-0.1604238748550415,0.23804132640361786,-0.6770139932632446,0.6776818037033081,1.848261833190918,1.460970163345337,-1.2761245965957642
1780001781864108000,4.98410791015625,-0.1611263006925583,0.2379445731639862,-0.6770384907722473,0.6775245666503906,1.8509750366210938,1.462103247642517,-1.2779618501663208
1780001781880447500,5.000447509765625,-0.16135230660438538,0.23758703470230103,-0.6771842241287231,0.6774506568908691,1.853704571723938,1.4629311561584473,-1.2808986902236938
1780001781896789200,5.016789306640625,-0.16112834215164185,0.23699666559696198,-0.6774193644523621,0.6774757504463196,1.8558521270751953,1.4634523391723633,-1.2842568159103394
1780001781913112800,5.03311279296875,-0.1607716679573059,0.23630529642105103,-0.6776129603385925,0.6776083111763,1.8558788299560547,1.4639256000518799,-1.2858377695083618
1780001781929438700,5.049438720703125,-0.160547137260437,0.23557431995868683,-0.6775751709938049,0.677953839302063,1.8500607013702393,1.4646421670913696,-1.2814408540725708
1780001781945781800,5.06578173828125,-0.16049949824810028,0.23484645783901215,-0.6772511005401611,0.6785411238670349,1.837178111076355,1.4655897617340088,-1.2697168588638306
1780001781962125000,5.082125,-0.16047769784927368,0.2341424971818924,-0.6768535375595093,0.6791859269142151,1.8223333358764648,1.4665195941925049,-1.2559568881988525
1780001781978442800,5.09844287109375,-0.1606077253818512,0.23372943699359894,-0.6765753030776978,0.6795745491981506,1.81277596950531,1.4672528505325317,-1.2468279600143433
1780001781994791000,5.114791015625,-0.16096659004688263,0.2337186634540558,-0.6765177845954895,0.6795506477355957,1.812360167503357,1.4677749872207642,-1.2459067106246948
1780001782011108400,5.1311083984375,-0.1617456078529358,0.23432226479053497,-0.676397442817688,0.6792775392532349,1.8153787851333618,1.4680320024490356,-1.246889591217041
1780001782027454200,5.1474541015625,-0.16276083886623383,0.2351790964603424,-0.676029622554779,0.6791051030158997,1.8139784336090088,1.468245506286621,-1.2427301406860352
1780001782043792400,5.16379248046875,-0.1634468287229538,0.2357092648744583,-0.6755799055099487,0.679203987121582,1.807206630706787,1.4684284925460815,-1.2341660261154175
1780001782060126000,5.1801259765625,-0.16375762224197388,0.2361389547586441,-0.6751431822776794,0.6794142127037048,1.7989274263381958,1.4682122468948364,-1.2247902154922485
1780001782076441000,5.196441162109375,-0.16349777579307556,0.2363782674074173,-0.6749763488769531,0.6795592308044434,1.7950562238693237,1.467478632926941,-1.2209383249282837
1780001782092791600,5.21279150390625,-0.16308961808681488,0.23659171164035797,-0.6750344038009644,0.6795254349708557,1.7966947555541992,1.466609001159668,-1.222851037979126
1780001782109111600,5.229111572265625,-0.16296860575675964,0.2369852215051651,-0.6750112771987915,0.6794403195381165,1.7981590032577515,1.4658870697021484,-1.223901629447937
1780001782125453000,5.245453125,-0.16306380927562714,0.23746339976787567,-0.6747969388961792,0.6794633269309998,1.795714020729065,1.4653233289718628,-1.2206013202667236
1780001782141775400,5.261775390625,-0.16314294934272766,0.23777173459529877,-0.6744771003723145,0.679654061794281,1.7893835306167603,1.4649525880813599,-1.2136926651000977
1780001782158123800,5.278123779296875,-0.16314207017421722,0.23778915405273438,-0.6742098927497864,0.679913341999054,1.7823983430862427,1.4648736715316772,-1.2066818475723267
1780001782174441000,5.29444091796875,-0.16315913200378418,0.2376796454191208,-0.6740521788597107,0.6801037788391113,1.7775557041168213,1.4650124311447144,-1.2019779682159424
1780001782190783000,5.310782958984375,-0.1633586287498474,0.2378048300743103,-0.6739246845245361,0.6801385283470154,1.7755506038665771,1.4650988578796387,-1.1994946002960205
1780001782207120600,5.32712060546875,-0.163652241230011,0.2381928563117981,-0.6738300323486328,0.6800259351730347,1.776398777961731,1.4649678468704224,-1.199333906173706
1780001782223443200,5.343443115234375,-0.1638978123664856,0.2386757880449295,-0.6737840175628662,0.679843008518219,1.7790203094482422,1.4646483659744263,-1.2008739709854126
1780001782239786000,5.359785888671875,-0.16399836540222168,0.23907914757728577,-0.673740804195404,0.6797198057174683,1.7807786464691162,1.4642294645309448,-1.2018811702728271
1780001782256115700,5.37611572265625,-0.16384446620941162,0.2392243891954422,-0.6737233400344849,0.6797232031822205,1.7808152437210083,1.4638055562973022,-1.2019238471984863
1780001782272456700,5.392456787109375,-0.1634087860584259,0.23913121223449707,-0.6737995147705078,0.6797853708267212,1.7809699773788452,1.4633238315582275,-1.2028523683547974
1780001782288783600,5.40878369140625,-0.16319715976715088,0.23940153419971466,-0.673839271068573,0.6797016263008118,1.7831263542175293,1.462656855583191,-1.204911231994629
1780001782305121800,5.425121826171875,-0.16301138699054718,0.23985248804092407,-0.6739118695259094,0.6795152425765991,1.7873148918151855,1.461785078048706,-1.2086938619613647
1780001782321433900,5.441433837890625,-0.16292804479599,0.24046625196933746,-0.6739336252212524,0.6792966723442078,1.7914506196975708,1.460823893547058,-1.212030053138733
1780001782337770000,5.45777001953125,-0.16269268095493317,0.24091894924640656,-0.6739310026168823,0.6791952252388,1.7934813499450684,1.4598603248596191,-1.2137237787246704
1780001782354101200,5.474101318359375,-0.1621052324771881,0.24094507098197937,-0.6739246845245361,0.6793326735496521,1.7917803525924683,1.4589792490005493,-1.212837815284729
1780001782370436900,5.490436767578125,-0.1615951955318451,0.2408934235572815,-0.6737375259399414,0.6796581149101257,1.7853347063064575,1.4582805633544922,-1.2072104215621948
1780001782386768600,5.5067685546875,-0.16084645688533783,0.24043595790863037,-0.6735416650772095,0.6801916360855103,1.775612235069275,1.4577879905700684,-1.1992619037628174
1780001782403101400,5.523101318359375,-0.16016307473182678,0.23990604281425476,-0.6732751727104187,0.6808035373687744,1.7639495134353638,1.4574607610702515,-1.189386010169983
1780001782419432700,5.5394326171875,-0.15953612327575684,0.2393307089805603,-0.6730059385299683,0.6814191341400146,1.7521445751190186,1.4572632312774658,-1.1793533563613892
1780001782435767300,5.555767333984375,-0.15890470147132874,0.23867520689964294,-0.6727969646453857,0.6820027232170105,1.7413482666015625,1.4571744203567505,-1.1704555749893188
1780001782452099800,5.572099853515625,-0.15748955309391022,0.2371913492679596,-0.6729166507720947,0.6827302575111389,1.731592059135437,1.4571696519851685,-1.1649775505065918
1780001782468432600,5.5884326171875,-0.1569627970457077,0.23654109239578247,-0.6727324724197388,0.6832583546638489,1.7217273712158203,1.4572138786315918,-1.1568498611450195
1780001782484765400,5.604765380859375,-0.15611626207828522,0.23554134368896484,-0.6726091504096985,0.6839187145233154,1.7104302644729614,1.457277536392212,-1.148276448249817
1780001782501098000,5.621097900390625,-0.15512003004550934,0.23439177870750427,-0.6724196672439575,0.6847262978553772,1.696275234222412,1.4572858810424805,-1.137284517288208
1780001782517427000,5.637427001953125,-0.15384601056575775,0.2329847514629364,-0.6722449064254761,0.6856648921966553,1.680340051651001,1.4572185277938843,-1.1252981424331665
1780001782533784800,5.653784912109375,-0.15260188281536102,0.23163585364818573,-0.6720679998397827,0.6865727305412292,1.6649036407470703,1.4570976495742798,-1.1136778593063354
1780001782550111000,5.670111083984375,-0.1514926552772522,0.23042349517345428,-0.6719561815261841,0.6873353719711304,1.6522692441940308,1.4570109844207764,-1.1044586896896362
1780001782566443800,5.68644384765625,-0.1494578719139099,0.22827033698558807,-0.6722826361656189,0.6881795525550842,1.6425868272781372,1.4570330381393433,-1.1009360551834106
1780001782582775800,5.70277587890625,-0.1488366425037384,0.22746531665325165,-0.6722096800804138,0.6886518597602844,1.6344318389892578,1.4571328163146973,-1.0948790311813354
1780001782599092700,5.7190927734375,-0.14829422533512115,0.22666670382022858,-0.6721476316452026,0.6890925765037537,1.6266529560089111,1.457338571548462,-1.089073896408081
1780001782615425500,5.735425537109375,-0.1473158299922943,0.2253572940826416,-0.6722231507301331,0.6896581053733826,1.6181074380874634,1.4576489925384521,-1.0838936567306519
1780001782631751000,5.7517509765625,-0.14638222754001617,0.22403961420059204,-0.6722339987754822,0.6902753114700317,1.6079782247543335,1.4579885005950928,-1.0770751237869263
1780001782648108000,5.76810791015625,-0.14598986506462097,0.22323177754878998,-0.6720093488693237,0.6908386945724487,1.5962580442428589,1.4583028554916382,-1.0671212673187256
1780001782664440000,5.784440185546875,-0.145394966006279,0.22218701243400574,-0.6718178987503052,0.6914868950843811,1.5834178924560547,1.4586330652236938,-1.0566917657852173
1780001782680773400,5.8007734375,-0.14477889239788055,0.22110909223556519,-0.6715980172157288,0.6921748518943787,1.5695983171463013,1.4589381217956543,-1.0453617572784424
1780001782697106200,5.817106201171875,-0.14452195167541504,0.22034412622451782,-0.6712306141853333,0.6928285956382751,1.5546631813049316,1.4592455625534058,-1.031929612159729
1780001782713422300,5.83342236328125,-0.14289022982120514,0.2182048261165619,-0.6712793707847595,0.6937962174415588,1.538886547088623,1.459571123123169,-1.0216847658157349
1780001782729771500,5.849771484375,-0.14272664487361908,0.21752960979938507,-0.6708229184150696,0.6944829821586609,1.52243971824646,1.4597866535186768,-1.0064700841903687
1780001782746103600,5.866103515625,-0.1422315090894699,0.21656198799610138,-0.6704985499382019,0.6951997876167297,1.5068730115890503,1.4599674940109253,-0.9930485486984253
1780001782762437600,5.882437744140625,-0.14200522005558014,0.21590563654899597,-0.6701281666755676,0.695807158946991,1.4926332235336304,1.4601001739501953,-0.9801030158996582
1780001782778738200,5.89873828125,-0.1419433355331421,0.21545569598674774,-0.6697637438774109,0.6963099241256714,1.4801470041275024,1.4602071046829224,-0.9683678150177002
1780001782795086000,5.915086181640625,-0.14200207591056824,0.21514363586902618,-0.669409990310669,0.6967345476150513,1.4689719676971436,1.460321068763733,-0.9575651288032532
1780001782811419600,5.931419677734375,-0.14190366864204407,0.21466152369976044,-0.6691477298736572,0.6971550583839417,1.458618402481079,1.460485577583313,-0.948063850402832
1780001782827741400,5.947741455078125,-0.14206434786319733,0.21439625322818756,-0.6688305139541626,0.6975082159042358,1.4485327005386353,1.4607012271881104,-0.9381343722343445
1780001782844088000,5.964088134765625,-0.1420624852180481,0.21395765244960785,-0.6685512661933899,0.6979109644889832,1.4379734992980957,1.46091628074646,-0.9282227158546448
1780001782860419600,5.980419677734375,-0.14152038097381592,0.21301358938217163,-0.6684300303459167,0.6984257698059082,1.4273290634155273,1.4610968828201294,-0.9197559356689453
1780001782876753400,5.99675341796875,-0.14104509353637695,0.21215540170669556,-0.668340802192688,0.6988683342933655,1.418100118637085,1.4613012075424194,-0.9124810695648193
1780001782893073400,6.013073486328125,-0.1406492441892624,0.21138791739940643,-0.6683115363121033,0.6992086172103882,1.41094970703125,1.4615764617919922,-0.907035768032074
1780001782909418800,6.029418701171875,-0.14087845385074615,0.21123407781124115,-0.6681587100028992,0.6993549466133118,1.4054471254348755,1.4619017839431763,-0.9014278054237366
1780001782925765400,6.045765380859375,-0.14109937846660614,0.21103592216968536,-0.66808021068573,0.6994452476501465,1.4012318849563599,1.4623469114303589,-0.8971852660179138
1780001782942085400,6.06208544921875,-0.14053934812545776,0.21003973484039307,-0.6682958602905273,0.6996517777442932,1.397857904434204,1.462915062904358,-0.8960950374603271
1780001782958417200,6.078417236328125,-0.1410946249961853,0.21007749438285828,-0.6681838631629944,0.6996356844902039,1.394327163696289,1.4635268449783325,-0.8917056322097778
1780001782974750200,6.094750244140625,-0.14042982459068298,0.20891782641410828,-0.6684275269508362,0.6998839974403381,1.3902103900909424,1.464162826538086,-0.8902645111083984
1780001782991078000,6.111077880859375,-0.14103840291500092,0.2090073674917221,-0.6682088375091553,0.6999436616897583,1.3844565153121948,1.4646635055541992,-0.8834971189498901
1780001783007452000,6.127451904296875,-0.14164790511131287,0.2091437131166458,-0.6679258942604065,0.700049877166748,1.3776037693023682,1.4650344848632812,-0.8755590915679932
1780001783023760000,6.143759765625,-0.141846165060997,0.20893248915672302,-0.6677378416061401,0.700252115726471,1.3705039024353027,1.4653171300888062,-0.8684821724891663
1780001783040098000,6.16009814453125,-0.14083118736743927,0.20759077370166779,-0.667913556098938,0.7006884217262268,1.3637120723724365,1.465572714805603,-0.8651382327079773
1780001783056414700,6.176414794921875,-0.14106282591819763,0.20749136805534363,-0.6676814556121826,0.700892448425293,1.3565717935562134,1.4657187461853027,-0.8578065633773804
1780001783072761300,6.19276123046875,-0.14134614169597626,0.20742784440517426,-0.6674301624298096,0.7010934948921204,1.3491848707199097,1.4658688306808472,-0.8501005172729492
1780001783089077000,6.209076904296875,-0.14185339212417603,0.20753295719623566,-0.6671259999275208,0.701249361038208,1.3416255712509155,1.4660762548446655,-0.8416491746902466
1780001783105427500,6.225427490234375,-0.14205236732959747,0.20731687545776367,-0.6669424772262573,0.7014475464820862,1.3344311714172363,1.466346263885498,-0.83448326587677
1780001783121758000,6.241758056640625,-0.14261920750141144,0.20745839178562164,-0.6666741371154785,0.7015457153320312,1.3278449773788452,1.4666330814361572,-0.8268656134605408
1780001783138093000,6.258093017578125,-0.14318154752254486,0.2076355367898941,-0.6664298176765442,0.7016109228134155,1.322186827659607,1.4669040441513062,-0.8201300501823425
1780001783154404600,6.274404541015625,-0.14339479804039001,0.2075394093990326,-0.666304886341095,0.7017144560813904,1.3175113201141357,1.4671318531036377,-0.8152862191200256
1780001783170758700,6.290758544921875,-0.14386454224586487,0.20773044228553772,-0.6661186814308167,0.7017385363578796,1.3136332035064697,1.4673324823379517,-0.8104446530342102
1780001783187085600,6.30708544921875,-0.143829807639122,0.20742882788181305,-0.6660865545272827,0.7018654346466064,1.309701681137085,1.4675531387329102,-0.8070077896118164
1780001783203427800,6.323427734375,-0.14311011135578156,0.2064705491065979,-0.6662389636039734,0.702150285243988,1.305281639099121,1.467753529548645,-0.8050436973571777
1780001783219756800,6.3397568359375,-0.14314815402030945,0.20622959733009338,-0.6661156415939331,0.7023303508758545,1.2996129989624023,1.4678839445114136,-0.7996731400489807
1780001783236073000,6.356072998046875,-0.14335589110851288,0.20610035955905914,-0.6659104228019714,0.7025205492973328,1.2926396131515503,1.4680174589157104,-0.7925866842269897
1780001783252416500,6.37241650390625,-0.1436445266008377,0.20603826642036438,-0.6656643152236938,0.7027130126953125,1.2851482629776,1.4681302309036255,-0.7847656607627869
1780001783268755700,6.388755615234375,-0.14406044781208038,0.2061169594526291,-0.6653552055358887,0.7028974890708923,1.277283787727356,1.4681802988052368,-0.7761788964271545
1780001783285088000,6.405087890625,-0.14416541159152985,0.20594115555286407,-0.6651353240013123,0.7031356692314148,1.2698253393173218,1.468183159828186,-0.7688238024711609
1780001783301421800,6.421421875,-0.14439325034618378,0.205964133143425,-0.6649132966995239,0.7032920718193054,1.264086127281189,1.468146562576294,-0.762717604637146
1780001783317723600,6.4377236328125,-0.14464741945266724,0.20608025789260864,-0.6647372841835022,0.7033721804618835,1.2603553533554077,1.4681191444396973,-0.7584454417228699
1780001783334064600,6.454064697265625,-0.144883930683136,0.20619049668312073,-0.6645678877830505,0.7034512758255005,1.2567856311798096,1.468083143234253,-0.7543681263923645
1780001783350392800,6.470392822265625,-0.1451413780450821,0.20630106329917908,-0.6643289923667908,0.7035914659500122,1.2515685558319092,1.4679698944091797,-0.748611330986023
1780001783366726100,6.48672607421875,-0.14447222650051117,0.2055175006389618,-0.6642837524414062,0.7040010094642639,1.244403600692749,1.4677557945251465,-0.743567705154419
1780001783383061200,6.503061279296875,-0.14404962956905365,0.2049335539340973,-0.6641026735305786,0.7044286131858826,1.2354791164398193,1.4674745798110962,-0.7361103296279907
1780001783399403800,6.51940380859375,-0.1425224244594574,0.20321740210056305,-0.6642455458641052,0.7051013708114624,1.2256463766098022,1.4672800302505493,-0.7310137152671814
1780001783415723800,6.535723876953125,-0.14240379631519318,0.20278525352478027,-0.6639907956123352,0.7054896354675293,1.215575933456421,1.4671353101730347,-0.7217456102371216
1780001783432053500,6.552053466796875,-0.1420685350894928,0.2021416574716568,-0.6638541221618652,0.7058704495429993,1.2066614627838135,1.4670765399932861,-0.714259684085846
1780001783448404000,6.568404052734375,-0.14226649701595306,0.20204398036003113,-0.6636509299278259,0.7060496211051941,1.2001473903656006,1.4671082496643066,-0.707599401473999
1780001783464737300,6.5847373046875,-0.14240270853042603,0.201929971575737,-0.6635480523109436,0.7061514258384705,1.19590425491333,1.4672274589538574,-0.7033257484436035
1780001783481068300,6.601068359375,-0.14221470057964325,0.2015163004398346,-0.6635538339614868,0.7063019275665283,1.1920561790466309,1.4673659801483154,-0.7003582715988159
1780001783497407700,6.61740771484375,-0.1421453207731247,0.20117202401161194,-0.663489580154419,0.7064744234085083,1.1869224309921265,1.467484951019287,-0.6958298683166504
1780001783513748000,6.633748046875,-0.1418735384941101,0.20058363676071167,-0.6634119749069214,0.7067692875862122,1.1796166896820068,1.4675370454788208,-0.689780056476593
1780001783530080000,6.650080078125,-0.14185626804828644,0.2002732902765274,-0.663179337978363,0.7070789337158203,1.1710251569747925,1.4674092531204224,-0.6816651821136475
1780001783546413300,6.666413330078125,-0.1402483880519867,0.19849057495594025,-0.6633842587471008,0.7077099084854126,1.1624642610549927,1.4672436714172363,-0.6780493855476379
1780001783562745900,6.682745849609375,-0.13979747891426086,0.19783048331737518,-0.6632890701293945,0.708073079586029,1.1549512147903442,1.46708345413208,-0.6721545457839966
1780001783579079700,6.69907958984375,-0.1390998661518097,0.19698062539100647,-0.6633360385894775,0.7084033489227295,1.1494978666305542,1.4670087099075317,-0.6689570546150208
1780001783595395300,6.715395263671875,-0.13914881646633148,0.19689245522022247,-0.6632149815559387,0.7085314989089966,1.1456423997879028,1.466943621635437,-0.6651580333709717
1780001783611744500,6.73174462890625,-0.1391967535018921,0.19680233299732208,-0.6631197929382324,0.7086361646652222,1.1423090696334839,1.4669212102890015,-0.6618860960006714
1780001783628074800,6.74807470703125,-0.13937252759933472,0.1967976838350296,-0.6629838347434998,0.708730161190033,1.1384531259536743,1.4669195413589478,-0.6577807068824768
1780001783644390000,6.764389892578125,-0.13915589451789856,0.19640633463859558,-0.6629517078399658,0.7089114189147949,1.1342551708221436,1.466925859451294,-0.6544685959815979
1780001783660744000,6.780743896484375,-0.13870036602020264,0.19575496017932892,-0.6629635691642761,0.7091696262359619,1.1291604042053223,1.4669212102890015,-0.6509877443313599
1780001783677075200,6.7970751953125,-0.1385842114686966,0.19539318978786469,-0.6628615260124207,0.7093874216079712,1.1233221292495728,1.4669045209884644,-0.6458459496498108
1780001783693409300,6.8134091796875,-0.1383632868528366,0.19490016996860504,-0.6628014445304871,0.7096223831176758,1.1173447370529175,1.4669373035430908,-0.6409090757369995
1780001783709741000,6.829740966796875,-0.1385047286748886,0.194737046957016,-0.6626675724983215,0.7097644805908203,1.1117808818817139,1.4670172929763794,-0.635378360748291
1780001783726073900,6.846073974609375,-0.13805827498435974,0.19403015077114105,-0.6627072691917419,0.7100079655647278,1.1065260171890259,1.467113971710205,-0.6318051815032959
1780001783742390000,6.86239013671875,-0.13802079856395721,0.19375649094581604,-0.6626260876655579,0.7101657390594482,1.1017268896102905,1.467150330543518,-0.6274598240852356
1780001783758737400,6.8787373046875,-0.13764271140098572,0.1931985467672348,-0.6626737713813782,0.7103466391563416,1.0980664491653442,1.467221736907959,-0.6251634359359741
1780001783775056600,6.895056640625,-0.13645604252815247,0.19190862774848938,-0.6630347967147827,0.7105883359909058,1.0965808629989624,1.4674427509307861,-0.6272875666618347
1780001783791403000,6.911403076171875,-0.13539044559001923,0.19073213636875153,-0.6634230017662048,0.7107465267181396,1.0963529348373413,1.4677726030349731,-0.6303277015686035
1780001783807711000,6.9277109375,-0.13581417500972748,0.19091957807540894,-0.6634005308151245,0.7106363773345947,1.0955984592437744,1.4681087732315063,-0.6286874413490295
1780001783824057000,6.94405712890625,-0.13583897054195404,0.19068288803100586,-0.6634262204170227,0.7106711864471436,1.0929957628250122,1.4683811664581299,-0.6263967752456665
1780001783840386800,6.96038671875,-0.13474079966545105,0.18936967849731445,-0.6636809706687927,0.7109934091567993,1.0885902643203735,1.4685486555099487,-0.6255025863647461
1780001783856723200,6.97672314453125,-0.1345159113407135,0.18890109658241272,-0.6636322736740112,0.7112061381340027,1.083143711090088,1.4685667753219604,-0.6210646629333496
1780001783873056000,6.993055908203125,-0.13393943011760712,0.18811853229999542,-0.6637102365493774,0.7114495038986206,1.0785515308380127,1.4686304330825806,-0.6184501647949219
1780001783889387500,7.009387451171875,-0.13421878218650818,0.18816669285297394,-0.6636191010475159,0.7114691734313965,1.0755168199539185,1.468772530555725,-0.6149405837059021
1780001783905711000,7.025711181640625,-0.13468122482299805,0.18837763369083405,-0.6635582447052002,0.7113826870918274,1.073950171470642,1.469062089920044,-0.6123982071876526
1780001783922043000,7.04204296875,-0.13438795506954193,0.1878412365913391,-0.663729727268219,0.7114199995994568,1.0724856853485107,1.4694454669952393,-0.6121448874473572
1780001783938387200,7.05838720703125,-0.13485047221183777,0.18803146481513977,-0.663654088973999,0.7113527655601501,1.0703331232070923,1.4697251319885254,-0.6090465188026428
1780001783954720000,7.074719970703125,-0.13517965376377106,0.18811097741127014,-0.6635614037513733,0.7113558650016785,1.067293405532837,1.4698983430862427,-0.6054139137268066
1780001783971049500,7.091049560546875,-0.13512007892131805,0.18782711029052734,-0.6635521054267883,0.7114508152008057,1.0638453960418701,1.4700344800949097,-0.6024671792984009
1780001783987405800,7.10740576171875,-0.13542628288269043,0.18793103098869324,-0.6634647846221924,0.7114464640617371,1.0613654851913452,1.4701650142669678,-0.599392831325531
1780001784003712300,7.123712158203125,-0.13559672236442566,0.18793657422065735,-0.6634523868560791,0.7114242315292358,1.0600295066833496,1.4703484773635864,-0.5978024005889893
1780001784020049400,7.14004931640625,-0.13555724918842316,0.18772152066230774,-0.6635042428970337,0.7114400863647461,1.058542013168335,1.4705650806427002,-0.5966881513595581
1780001784036382700,7.1563828125,-0.13566449284553528,0.1875799596309662,-0.6634715795516968,0.7114874720573425,1.0553025007247925,1.470747470855713,-0.5935003161430359
1780001784052713000,7.172712890625,-0.135407954454422,0.18705426156520844,-0.6634805798530579,0.7116664052009583,1.050379991531372,1.4708645343780518,-0.5897166132926941
1780001784069036500,7.18903662109375,-0.13581469655036926,0.187146857380867,-0.6632707118988037,0.7117601633071899,1.0445636510849,1.470894455909729,-0.5831747055053711
1780001784085370000,7.2053701171875,-0.13492032885551453,0.18602684140205383,-0.663432240486145,0.7120732069015503,1.0393407344818115,1.470977544784546,-0.5808823108673096
1780001784101702700,7.22170263671875,-0.13525275886058807,0.18611878156661987,-0.6633142232894897,0.7120959758758545,1.0358479022979736,1.4710845947265625,-0.576774001121521
1780001784118033700,7.23803369140625,-0.13563458621501923,0.18629014492034912,-0.6632562279701233,0.7120325565338135,1.0342332124710083,1.471305251121521,-0.5743573307991028
1780001784134372400,7.254372314453125,-0.13604174554347992,0.18652692437171936,-0.6632431149482727,0.7119051814079285,1.034188985824585,1.4715924263000488,-0.5733798146247864
1780001784150700500,7.270700439453125,-0.13677550852298737,0.18710476160049438,-0.6631476879119873,0.7117017507553101,1.0347051620483398,1.4718564748764038,-0.571991503238678
1780001784167035400,7.287035400390625,-0.1372237503528595,0.187399759888649,-0.6630977988243103,0.7115844488143921,1.034416675567627,1.4720805883407593,-0.5706236958503723
1780001784183367400,7.303367431640625,-0.13753774762153625,0.18755227327346802,-0.6630381345748901,0.7115391492843628,1.0329951047897339,1.4722294807434082,-0.568525493144989
1780001784199699500,7.319699462890625,-0.13756974041461945,0.18742649257183075,-0.6630045175552368,0.7115975022315979,1.0304011106491089,1.4723002910614014,-0.5660687685012817
1780001784216032300,7.3360322265625,-0.13771627843379974,0.18742235004901886,-0.6629042029380798,0.7116636633872986,1.0272817611694336,1.4722869396209717,-0.5627421140670776
1780001784232366600,7.35236669921875,-0.13790161907672882,0.1874585747718811,-0.6628026962280273,0.7117127776145935,1.0243991613388062,1.4722875356674194,-0.5595371127128601
1780001784248701400,7.368701416015625,-0.13821817934513092,0.187620148062706,-0.662700355052948,0.7117040753364563,1.0222238302230835,1.4723505973815918,-0.556666910648346
1780001784265043000,7.38504296875,-0.1385735124349594,0.18781857192516327,-0.6626311540603638,0.711647093296051,1.0209112167358398,1.472495675086975,-0.5545499324798584
1780001784281378300,7.40137841796875,-0.13862407207489014,0.18772971630096436,-0.6626791954040527,0.7116159200668335,1.0202726125717163,1.4727145433425903,-0.5539698600769043
1780001784297708000,7.4177080078125,-0.13852335512638092,0.18747998774051666,-0.6627688407897949,0.7116179466247559,1.0193934440612793,1.4729528427124023,-0.5536032319068909
1780001784314042400,7.43404248046875,-0.1389980912208557,0.18773090839385986,-0.662678599357605,0.7115432024002075,1.0174696445465088,1.473159909248352,-0.5506260395050049
1780001784330374400,7.45037451171875,-0.13947251439094543,0.18791060149669647,-0.6625737547874451,0.7115006446838379,1.014275312423706,1.473393201828003,-0.5464820861816406
1780001784346708000,7.4667080078125,-0.13853424787521362,0.18675173819065094,-0.6628188490867615,0.7117606997489929,1.010312795639038,1.4735968112945557,-0.5455739498138428
1780001784363037400,7.483037353515625,-0.1387794315814972,0.18674345314502716,-0.6627044677734375,0.7118216156959534,1.0060627460479736,1.4736711978912354,-0.5409799814224243
1780001784379377000,7.499376953125,-0.1387866884469986,0.18655046820640564,-0.6626480221748352,0.7119233012199402,1.0022294521331787,1.4737074375152588,-0.537417471408844
1780001784395706600,7.51570654296875,-0.13873812556266785,0.1863662451505661,-0.6626135110855103,0.7120131850242615,0.9993793368339539,1.4737154245376587,-0.5349059104919434
1780001784412038700,7.53203857421875,-0.13745766878128052,0.18510279059410095,-0.6629273891448975,0.7122988700866699,0.9979926347732544,1.473726511001587,-0.5372197031974792
1780001784428371700,7.548371826171875,-0.13730153441429138,0.18496432900428772,-0.6629339456558228,0.7123588919639587,0.9974233508110046,1.4736558198928833,-0.5370782017707825
1780001784444701700,7.56470166015625,-0.13699549436569214,0.1847052425146103,-0.6629579663276672,0.7124626040458679,0.9966995120048523,1.4735268354415894,-0.5371749401092529
1780001784461039000,7.5810390625,-0.13661934435367584,0.18427687883377075,-0.663002073764801,0.7126047611236572,0.9945799112319946,1.4734790325164795,-0.5362241268157959
1780001784477387000,7.597386962890625,-0.13629864156246185,0.18375271558761597,-0.6630085110664368,0.7127954959869385,0.9899760484695435,1.4734899997711182,-0.5328487753868103
1780001784493717000,7.613717041015625,-0.13617126643657684,0.1833459734916687,-0.6629188656806946,0.713007926940918,0.9836196303367615,1.4734513759613037,-0.5272685885429382
1780001784510049500,7.630049560546875,-0.13612578809261322,0.18300843238830566,-0.6628061532974243,0.7132080793380737,0.9771369695663452,1.473410964012146,-0.5213420391082764
1780001784526381600,7.646381591796875,-0.135666161775589,0.18226492404937744,-0.662850558757782,0.713444709777832,0.9713366031646729,1.4734833240509033,-0.5172909498214722
1780001784542711600,7.662711669921875,-0.13545696437358856,0.18173512816429138,-0.6628627777099609,0.7136083245277405,0.9658723473548889,1.473633050918579,-0.5129022002220154
1780001784559047700,7.679047607421875,-0.13538214564323425,0.18134061992168427,-0.6628458499908447,0.7137385606765747,0.9606393575668335,1.4737825393676758,-0.5083528757095337
1780001784575364600,7.695364501953125,-0.13528339564800262,0.18092681467533112,-0.662830114364624,0.7138768434524536,0.9553436040878296,1.4739173650741577,-0.5038033723831177
1780001784591696400,7.7116962890625,-0.13402409851551056,0.17944270372390747,-0.6631247401237488,0.7142152786254883,0.9504719376564026,1.4740833044052124,-0.5029181241989136
1780001784608046800,7.728046875,-0.13387006521224976,0.1790468394756317,-0.6631261110305786,0.7143422961235046,0.9462041854858398,1.4741783142089844,-0.49944940209388733
1780001784624379400,7.74437939453125,-0.13352243602275848,0.17851194739341736,-0.6631500124931335,0.7145189642906189,0.9420259594917297,1.47419011592865,-0.49655309319496155
1780001784640712000,7.7607119140625,-0.13266418874263763,0.17749787867069244,-0.6632316708564758,0.7148556113243103,0.936496913433075,1.474063515663147,-0.4937400221824646
1780001784657032000,7.777031982421875,-0.1320820450782776,0.17676644027233124,-0.6631879806518555,0.7151851654052734,0.9303318858146667,1.4738022089004517,-0.4894782304763794
1780001784673378800,7.79337890625,-0.13020053505897522,0.1748853176832199,-0.6634906530380249,0.7157116532325745,0.9254854917526245,1.4735605716705322,-0.49008727073669434
1780001784689710600,7.809710693359375,-0.12971605360507965,0.1744021326303482,-0.6635032892227173,0.7159057855606079,0.9230859875679016,1.4733637571334839,-0.4890887439250946
1780001784706043600,7.826043701171875,-0.12891198694705963,0.17367827892303467,-0.6636574268341064,0.7160841226577759,0.9226367473602295,1.4732638597488403,-0.4908533990383148
1780001784722373600,7.84237353515625,-0.12855809926986694,0.17339010536670685,-0.6637097597122192,0.7161690592765808,0.9225888252258301,1.4731684923171997,-0.4917352795600891
1780001784738692600,7.858692626953125,-0.127872496843338,0.17275957763195038,-0.6638219356536865,0.716340184211731,0.9216873645782471,1.4730547666549683,-0.4927400052547455
1780001784755028000,7.875028076171875,-0.12765933573246002,0.17249850928783417,-0.6638228893280029,0.7164402008056641,0.9198862910270691,1.4729913473129272,-0.49162548780441284
1780001784771340300,7.89134033203125,-0.12721198797225952,0.17201076447963715,-0.6639215350151062,0.7165456414222717,0.9187002778053284,1.4730212688446045,-0.49179452657699585
1780001784787695600,7.907695556640625,-0.12697795033454895,0.1717454344034195,-0.6639901399612427,0.7165873050689697,0.9182466268539429,1.473079800605774,-0.4920647144317627
1780001784804006700,7.924006591796875,-0.12674389779567719,0.17148371040821075,-0.6640501022338867,0.7166358232498169,0.9176895618438721,1.4731171131134033,-0.49222633242607117
1780001784820359200,7.940359130859375,-0.1258663386106491,0.17056523263454437,-0.6642407774925232,0.7168328762054443,0.9158763885498047,1.4731470346450806,-0.4930150508880615
1780001784836679200,7.95667919921875,-0.12558449804782867,0.1701502799987793,-0.664242148399353,0.7169796824455261,0.9125394225120544,1.4731122255325317,-0.4906865954399109
1780001784853024800,7.973024658203125,-0.12410365790128708,0.16860413551330566,-0.6645007133483887,0.7173630595207214,0.9084606170654297,1.473036527633667,-0.49098920822143555
1780001784869358000,7.989358154296875,-0.12373240292072296,0.16810810565948486,-0.6644793152809143,0.7175634503364563,0.9043903946876526,1.4729101657867432,-0.4881725311279297
1780001784885691000,8.00569091796875,-0.12311780452728271,0.16740459203720093,-0.6645541191101074,0.7177642583847046,0.9012834429740906,1.4728528261184692,-0.4869725704193115
1780001784902023400,8.0220234375,-0.12269951403141022,0.16691991686820984,-0.6646252870559692,0.7178828716278076,0.8994547724723816,1.472861409187317,-0.4864504337310791
1780001784918355700,8.038355712890626,-0.12242164462804794,0.166584774851799,-0.6646847724914551,0.717953085899353,0.8982751369476318,1.4729015827178955,-0.486158162355423
1780001784934681000,8.05468115234375,-0.12224767357110977,0.16629652678966522,-0.6647212505340576,0.7180158495903015,0.896426260471344,1.4729772806167603,-0.48497822880744934
1780001784951025200,8.071025146484375,-0.12162906676530838,0.1655532717704773,-0.6648433208465576,0.7181796431541443,0.8936662077903748,1.4730437994003296,-0.4841881990432739
1780001784967354000,8.08735400390625,-0.1214357316493988,0.16517798602581024,-0.6648381948471069,0.7183035016059875,0.8900350332260132,1.4730664491653442,-0.4813794493675232
1780001784983703000,8.103703125,-0.12114372849464417,0.16468529403209686,-0.6648646593093872,0.718441367149353,0.8861947059631348,1.4731231927871704,-0.4786747992038727
1780001785000018700,8.120018798828125,-0.12045091390609741,0.1638130247592926,-0.6650305390357971,0.7186036705970764,0.8830744624137878,1.4732859134674072,-0.47781869769096375
1780001785016366300,8.136366455078125,-0.12022660672664642,0.16341497004032135,-0.6651390194892883,0.7186315059661865,0.8813971877098083,1.4735299348831177,-0.47704362869262695
1780001785032696000,8.152696044921875,-0.1200716495513916,0.1631046086549759,-0.6652799248695374,0.7185974717140198,0.880898654460907,1.473860740661621,-0.4772205948829651
1780001785049035800,8.169035888671875,-0.12007813155651093,0.16296952962875366,-0.6653814315795898,0.7185331583023071,0.8807172775268555,1.4741709232330322,-0.47722768783569336
1780001785065361700,8.185361572265625,-0.11979525536298752,0.16255132853984833,-0.6655000448226929,0.7185651659965515,0.879461407661438,1.4743849039077759,-0.47698745131492615
1780001785081701600,8.20170166015625,-0.11930189281702042,0.16190695762634277,-0.6655923128128052,0.7187072038650513,0.8764529228210449,1.4744635820388794,-0.4756240248680115
1780001785098014500,8.218014404296875,-0.11903529614210129,0.16145572066307068,-0.6655899882316589,0.718855082988739,0.8724393248558044,1.4744611978530884,-0.47264713048934937
1780001785114363600,8.23436376953125,-0.1186835914850235,0.16090857982635498,-0.6655960083007812,0.7190303206443787,0.8679975271224976,1.4744457006454468,-0.46950364112854004
1780001785130694700,8.250694580078125,-0.11874453723430634,0.16072216629981995,-0.6655257344245911,0.7191269993782043,0.8635356426239014,1.4744759798049927,-0.46522343158721924
1780001785147031600,8.267031494140625,-0.11873044073581696,0.1604711413383484,-0.6654713153839111,0.7192357182502747,0.8591257929801941,1.4745001792907715,-0.4611966609954834
1780001785163362000,8.283362060546875,-0.11853887885808945,0.16008378565311432,-0.665431797504425,0.7193902134895325,0.85468989610672,1.4744524955749512,-0.45759645104408264
1780001785179695000,8.299695068359375,-0.11845456808805466,0.15983372926712036,-0.6653556823730469,0.7195301055908203,0.8505895137786865,1.4743527173995972,-0.45397794246673584
1780001785196028000,8.31602783203125,-0.11719660460948944,0.15849736332893372,-0.6655576229095459,0.7198448181152344,0.8467989563941956,1.4742921590805054,-0.4539330303668976
1780001785212363300,8.33236328125,-0.11720860004425049,0.15837323665618896,-0.6654916405677795,0.7199312448501587,0.8437796831130981,1.4742376804351807,-0.4510747790336609
1780001785228689000,8.34868896484375,-0.11734866350889206,0.15840353071689606,-0.6654285788536072,0.71996009349823,0.8418083786964417,1.4742283821105957,-0.44885724782943726
1780001785245026800,8.36502685546875,-0.11739200353622437,0.15836715698242188,-0.6654099822044373,0.7199781537055969,0.8405564427375793,1.47425377368927,-0.4475958049297333
1780001785261359600,8.381359619140625,-0.11744077503681183,0.15834182500839233,-0.6653714776039124,0.7200113534927368,0.8390741348266602,1.4742351770401,-0.4460795521736145
1780001785277682700,8.3976826171875,-0.11744726449251175,0.15825694799423218,-0.6653168201446533,0.7200795412063599,0.8368700742721558,1.4741746187210083,-0.4439876079559326
1780001785294011400,8.414011474609374,-0.1173771470785141,0.15808361768722534,-0.6652959585189819,0.7201482057571411,0.8346982002258301,1.4741586446762085,-0.44216740131378174
1780001785310347000,8.430346923828125,-0.11752516776323318,0.15812085568904877,-0.6652823090553284,0.72012859582901,0.8335809111595154,1.4742599725723267,-0.44078344106674194
1780001785326676700,8.4466767578125,-0.11778780072927475,0.15827056765556335,-0.6653062701225281,0.720030665397644,0.8336097002029419,1.4744939804077148,-0.44021886587142944
1780001785343009000,8.463009033203125,-0.11797619611024857,0.15832829475402832,-0.6653594374656677,0.7199379801750183,0.8335161209106445,1.4747695922851562,-0.4397728145122528
1780001785359341000,8.479341064453125,-0.11833709478378296,0.1585189402103424,-0.6653381586074829,0.7198563814163208,0.8324205875396729,1.4749805927276611,-0.4378832280635834
1780001785375671300,8.49567138671875,-0.1185353472828865,0.1585250198841095,-0.6652966737747192,0.7198607921600342,0.8298782706260681,1.4750896692276,-0.4350470304489136
1780001785392011000,8.512010986328125,-0.11865438520908356,0.15839990973472595,-0.6652195453643799,0.7199400067329407,0.8255957365036011,1.4751147031784058,-0.4307734966278076
1780001785408340200,8.52834033203125,-0.1188419833779335,0.15829457342624664,-0.6651008725166321,0.7200419306755066,0.8202353715896606,1.4751052856445312,-0.4252937138080597
1780001785424673000,8.544673095703125,-0.11899934709072113,0.15815994143486023,-0.6650273203849792,0.7201133966445923,0.8154897689819336,1.4751776456832886,-0.4205164611339569
1780001785441005800,8.561005859375,-0.1189381331205368,0.1578443944454193,-0.6650692820549011,0.7201539874076843,0.8121549487113953,1.4753870964050293,-0.4177274703979492
1780001785457346800,8.577346923828125,-0.11942815035581589,0.15808045864105225,-0.6650346517562866,0.7200530767440796,0.8101611733436584,1.4756715297698975,-0.4146881401538849
1780001785473685800,8.593685791015625,-0.11919897049665451,0.1576732099056244,-0.6651723384857178,0.7200531363487244,0.8087065815925598,1.4759751558303833,-0.4141554832458496
1780001785490001200,8.610001220703126,-0.11957889795303345,0.15785586833953857,-0.6651216149330139,0.719996988773346,0.8067445158958435,1.4761414527893066,-0.41138264536857605
1780001785506351400,8.626351318359376,-0.11845692247152328,0.15662162005901337,-0.665362536907196,0.7202293872833252,0.8037383556365967,1.4762424230575562,-0.4117790162563324
1780001785522684000,8.642683837890624,-0.11831441521644592,0.15626880526542664,-0.6653329133987427,0.7203567624092102,0.7994562983512878,1.476229190826416,-0.40821200609207153
1780001785539017000,8.659016845703125,-0.11779124289751053,0.15554623305797577,-0.6653595566749573,0.7205742597579956,0.7944839000701904,1.476166009902954,-0.40503692626953125
1780001785555314000,8.67531396484375,-0.11665258556604385,0.1542372703552246,-0.6655402779579163,0.7208739519119263,0.7896134257316589,1.4761635065078735,-0.4036974012851715
1780001785571682300,8.691682373046875,-0.11685441434383392,0.154165580868721,-0.6654606461524963,0.7209300994873047,0.7851806879043579,1.476220965385437,-0.39907777309417725
1780001785587998200,8.707998291015626,-0.11723888665437698,0.1542852818965912,-0.665367841720581,0.7209277153015137,0.7814982533454895,1.4763226509094238,-0.39466890692710876
1780001785604348000,8.724347900390624,-0.11693654209375381,0.1537855863571167,-0.6654191017150879,0.7210363149642944,0.7779819965362549,1.4764111042022705,-0.3923102021217346
1780001785620676600,8.740676513671875,-0.11718623340129852,0.15379203855991364,-0.6653497219085693,0.7210583686828613,0.7743661999702454,1.4764914512634277,-0.38832592964172363
1780001785637013800,8.757013671875,-0.11743304133415222,0.1537782847881317,-0.6652911901473999,0.7210752367973328,0.7706422209739685,1.4766055345535278,-0.3842662274837494
1780001785653333000,8.7733330078125,-0.11742599308490753,0.15352760255336761,-0.6652809977531433,0.7211391925811768,0.7667779922485352,1.4767050743103027,-0.38077491521835327
1780001785669678300,8.78967822265625,-0.11766774207353592,0.1534980982542038,-0.6652131080627441,0.7211686372756958,0.7627061605453491,1.4767963886260986,-0.3763980567455292
1780001785686008600,8.806008544921875,-0.11779677867889404,0.15333671867847443,-0.6651626229286194,0.7212284803390503,0.758101761341095,1.476885437965393,-0.37184110283851624
1780001785702344400,8.822344482421874,-0.11779817938804626,0.15304626524448395,-0.665127694606781,0.7213221192359924,0.7531388998031616,1.4769508838653564,-0.367296040058136
1780001785718678000,8.838677978515625,-0.11658447235822678,0.15162727236747742,-0.6653569340705872,0.721607506275177,0.7481656074523926,1.477038025856018,-0.3661205470561981
1780001785735027500,8.85502734375,-0.11628913134336472,0.15107586979866028,-0.6653839349746704,0.7217459678649902,0.7433845400810242,1.477095365524292,-0.3625604212284088
1780001785751322600,8.871322509765625,-0.11627135425806046,0.1508180946111679,-0.6653493642807007,0.7218345999717712,0.7391237020492554,1.4771252870559692,-0.3586972653865814
1780001785767677400,8.887677490234376,-0.11632159352302551,0.15065614879131317,-0.6652998924255371,0.7219059467315674,0.7353571057319641,1.4771355390548706,-0.35509175062179565
1780001785783979000,8.90397900390625,-0.11623948812484741,0.15036219358444214,-0.665275514125824,0.7220028638839722,0.7313991189002991,1.477142572402954,-0.3516762852668762
1780001785800327700,8.92032763671875,-0.11577717214822769,0.1497243046760559,-0.6653411388397217,0.7221491932868958,0.7277036905288696,1.4771724939346313,-0.3495672643184662
1780001785816660500,8.936660400390625,-0.11569494009017944,0.14946161210536957,-0.6653377413749695,0.7222199440002441,0.7245383262634277,1.4772132635116577,-0.3468991816043854
1780001785832992500,8.952992431640626,-0.11563026160001755,0.14922544360160828,-0.665336549282074,0.7222802639007568,0.7216163277626038,1.4772623777389526,-0.34441113471984863
1780001785849329400,8.969329345703125,-0.1156592071056366,0.14910686016082764,-0.6653097867965698,0.7223247289657593,0.7190814018249512,1.4772809743881226,-0.3420058488845825
1780001785865658600,8.98565869140625,-0.11555030196905136,0.14888137578964233,-0.6653062105178833,0.7223920226097107,0.7167772650718689,1.4772783517837524,-0.34018343687057495
1780001785881981000,9.00198095703125,-0.11546522378921509,0.1486859768629074,-0.6652998924255371,0.7224516868591309,0.714630663394928,1.4772758483886719,-0.3384409546852112
1780001785898324000,9.018323974609375,-0.11508986353874207,0.14823265373706818,-0.665353000164032,0.7225558161735535,0.7126260995864868,1.4772688150405884,-0.33763059973716736
1780001785914651100,9.034651123046874,-0.11453870683908463,0.1476268470287323,-0.6654163599014282,0.7227090001106262,0.7103972434997559,1.4771966934204102,-0.3370683789253235
1780001785930999300,9.050999267578124,-0.11436573415994644,0.1473579853773117,-0.6653720736503601,0.7228320240974426,0.7075632810592651,1.4770591259002686,-0.3348698616027832
1780001785947323400,9.067323486328124,-0.11430898308753967,0.1471993625164032,-0.6653098464012146,0.7229306101799011,0.7048705816268921,1.4769337177276611,-0.33248618245124817
1780001785963668700,9.083668701171876,-0.11407440155744553,0.146897554397583,-0.6653196811676025,0.7230199575424194,0.7030108571052551,1.4768822193145752,-0.33139878511428833
1780001785980003600,9.100003662109375,-0.11396913230419159,0.14672696590423584,-0.6653448343276978,0.7230480313301086,0.7019342184066772,1.476924180984497,-0.33072006702423096
1780001785996333000,9.1163330078125,-0.113841213285923,0.14652982354164124,-0.6653686761856079,0.7230863571166992,0.7006856799125671,1.4769566059112549,-0.3299395442008972
1780001786012665300,9.132665283203124,-0.11370597779750824,0.1463201940059662,-0.6653412580490112,0.7231752276420593,0.698599100112915,1.4768637418746948,-0.32834917306900024
1780001786029000400,9.14900048828125,-0.11363384872674942,0.14615359902381897,-0.6652665734291077,0.723288893699646,0.6957993507385254,1.4766961336135864,-0.32589206099510193
1780001786045329700,9.16532958984375,-0.1133836954832077,0.14580143988132477,-0.6652219295501709,0.723440408706665,0.6925927400588989,1.4765262603759766,-0.3235509991645813
1780001786061653200,9.1816533203125,-0.11280587315559387,0.14513693749904633,-0.6652653217315674,0.7236243486404419,0.6895381212234497,1.4764105081558228,-0.3222847878932953
1780001786077999600,9.19799951171875,-0.11268708854913712,0.14488568902015686,-0.6652461886405945,0.723710834980011,0.6867691874504089,1.4763712882995605,-0.32004812359809875
1780001786094321400,9.2143212890625,-0.11253566294908524,0.14459742605686188,-0.6652645468711853,0.7237751483917236,0.6843236088752747,1.4764066934585571,-0.3182361125946045
1780001786110680000,9.23068017578125,-0.11263522505760193,0.14449138939380646,-0.6652801036834717,0.723766565322876,0.681785523891449,1.4765769243240356,-0.3157086670398712
1780001786126991600,9.24699169921875,-0.11265281587839127,0.14425033330917358,-0.6653134226799011,0.7237812876701355,0.6783398389816284,1.4767742156982422,-0.3125862777233124
1780001786143328000,9.263327880859375,-0.11159280687570572,0.14297695457935333,-0.6654872894287109,0.7240382432937622,0.6732394695281982,1.4768142700195312,-0.3108457028865814
1780001786159665400,9.27966552734375,-0.11017122864723206,0.14138579368591309,-0.6656319499015808,0.7244352698326111,0.6670361161231995,1.4766111373901367,-0.30897626280784607
1780001786175996000,9.295995849609374,-0.10978814214468002,0.14080485701560974,-0.6654793620109558,0.7247467041015625,0.6604798436164856,1.4761604070663452,-0.303803026676178
1780001786192326700,9.31232666015625,-0.10914810746908188,0.140053391456604,-0.6653492450714111,0.7251084446907043,0.6546247601509094,1.4756169319152832,-0.29994460940361023
1780001786208668400,9.32866845703125,-0.10878340899944305,0.13961362838745117,-0.6652224063873291,0.7253643870353699,0.6504598259925842,1.4751839637756348,-0.2969330847263336
1780001786224987100,9.344987060546876,-0.10852058231830597,0.13929393887519836,-0.6651932597160339,0.7254918813705444,0.6482381820678711,1.4750217199325562,-0.2955479323863983
1780001786241327000,9.3613271484375,-0.10827833414077759,0.1389835923910141,-0.6652514934539795,0.7255342602729797,0.6470507979393005,1.4750865697860718,-0.2951556444168091
1780001786257657000,9.377656982421875,-0.10853630304336548,0.13907641172409058,-0.665228009223938,0.7254993319511414,0.6452004909515381,1.4752051830291748,-0.29280227422714233
1780001786273975000,9.39397509765625,-0.1086588054895401,0.13898965716362,-0.6651789546012878,0.7255427241325378,0.6418455839157104,1.4752233028411865,-0.28939563035964966
1780001786290312200,9.410312255859376,-0.10854677110910416,0.13866600394248962,-0.6650888919830322,0.7257039546966553,0.6370724439620972,1.4750391244888306,-0.28524744510650635
1780001786306644000,9.42664404296875,-0.10817406326532364,0.13811494410037994,-0.6649936437606812,0.7259518504142761,0.6318086981773376,1.474713683128357,-0.2813096046447754
1780001786322977000,9.44297705078125,-0.10717584937810898,0.1369931846857071,-0.6650352478027344,0.726274311542511,0.626840353012085,1.4744338989257812,-0.2793866991996765
1780001786339310300,9.459310302734375,-0.10684530436992645,0.13652032613754272,-0.665014922618866,0.7264305949211121,0.6232537627220154,1.4742964506149292,-0.27695390582084656
1780001786355642400,9.475642333984375,-0.10559149086475372,0.13524869084358215,-0.6652664542198181,0.7266215085983276,0.6215904355049133,1.4743856191635132,-0.27892059087753296
1780001786371975200,9.49197509765625,-0.10568349063396454,0.13526007533073425,-0.6653021574020386,0.7265733480453491,0.6211339235305786,1.4745417833328247,-0.27831679582595825
1780001786388308200,9.50830810546875,-0.10576894134283066,0.13525442779064178,-0.6652944684028625,0.7265689969062805,0.6199632287025452,1.4745938777923584,-0.27703186869621277
1780001786404641300,9.524641357421874,-0.10559447854757309,0.13498345017433167,-0.6652299761772156,0.7267038226127625,0.6170995235443115,1.4743986129760742,-0.2748063802719116
1780001786420973800,9.540973876953124,-0.10496965795755386,0.13425208628177643,-0.6651521325111389,0.7270010113716125,0.6123583316802979,1.473983883857727,-0.27201035618782043
1780001786437302300,9.55730224609375,-0.10444875806570053,0.13357870280742645,-0.6649989485740662,0.7273401618003845,0.6064385175704956,1.4734458923339844,-0.2678014636039734
1780001786453651200,9.573651123046876,-0.10387338697910309,0.13284431397914886,-0.664845883846283,0.7276968359947205,0.6002998948097229,1.4728845357894897,-0.26353970170021057
1780001786469986600,9.589986572265625,-0.10353811830282211,0.1323450356721878,-0.6646720170974731,0.727994441986084,0.5947251319885254,1.472375512123108,-0.2591589391231537
1780001786486301400,9.606301513671875,-0.10316359996795654,0.13182443380355835,-0.6645659804344177,0.7282387018203735,0.5901013612747192,1.4720067977905273,-0.25581806898117065
1780001786502651600,9.622651611328125,-0.10306324064731598,0.1315494030714035,-0.6644739508628845,0.728386640548706,0.5861490368843079,1.4717985391616821,-0.2524028718471527
1780001786518983400,9.6389833984375,-0.1027844250202179,0.13112206757068634,-0.6644594073295593,0.7285163998603821,0.5828675031661987,1.4716978073120117,-0.25013428926467896
1780001786535292000,9.6552919921875,-0.10272093117237091,0.13089536130428314,-0.6644003987312317,0.7286198735237122,0.5795933604240417,1.4715797901153564,-0.2472761869430542
1780001786551649300,9.671649169921874,-0.10258683562278748,0.13061687350273132,-0.6643290519714355,0.7287538647651672,0.5762424468994141,1.4713958501815796,-0.2445155382156372
1780001786567981800,9.68798193359375,-0.10241083055734634,0.13031005859375,-0.6642171144485474,0.7289354801177979,0.5725327134132385,1.4710869789123535,-0.24149677157402039
1780001786584298800,9.704298828125,-0.10213712602853775,0.1299331933259964,-0.6641011834144592,0.7291467785835266,0.568897008895874,1.4707194566726685,-0.2387918084859848
1780001786600648700,9.720648681640625,-0.10160542279481888,0.1293337196111679,-0.6640655994415283,0.7293601036071777,0.5658295750617981,1.4704340696334839,-0.23734551668167114
1780001786616960800,9.736960693359375,-0.1009940505027771,0.12869754433631897,-0.6640847325325012,0.7295401096343994,0.5637293457984924,1.4702379703521729,-0.23703400790691376
1780001786633296400,9.75329638671875,-0.1006949171423912,0.1283487230539322,-0.6640763878822327,0.7296504378318787,0.5619715452194214,1.4701098203659058,-0.23620517551898956
1780001786649629700,9.769629638671875,-0.10079406201839447,0.12834304571151733,-0.6640074849128723,0.7297004461288452,0.5600343346595764,1.4700114727020264,-0.2341332733631134
1780001786665953300,9.785953369140625,-0.10073785483837128,0.12816545367240906,-0.6639577746391296,0.7297847270965576,0.557571291923523,1.4699043035507202,-0.2320043444633484
1780001786682296800,9.802296875,-0.10062121599912643,0.12790264189243317,-0.6638811230659485,0.729916512966156,0.5542882680892944,1.4697091579437256,-0.22926491498947144
1780001786698630100,9.818630126953124,-0.10028453916311264,0.12740159034729004,-0.6638003587722778,0.7301239371299744,0.550032913684845,1.4694207906723022,-0.22620896995067596
1780001786714952700,9.83495263671875,-0.10012888163328171,0.1270439773797989,-0.6636649966239929,0.7303307056427002,0.5452654957771301,1.4690803289413452,-0.22217492759227753
1780001786731293400,9.85129345703125,-0.09987243264913559,0.12661054730415344,-0.6635738611221313,0.7305238842964172,0.5410189628601074,1.468800663948059,-0.2189156711101532
1780001786747632600,9.867632568359374,-0.09989490360021591,0.12645606696605682,-0.6634856462478638,0.7306275963783264,0.5376625657081604,1.4686386585235596,-0.21574759483337402
1780001786763962000,9.883962158203126,-0.09974399209022522,0.12616980075836182,-0.6634731888771057,0.7307090163230896,0.5351288318634033,1.4685860872268677,-0.21384073793888092
1780001786780295400,9.90029541015625,-0.09983853250741959,0.1261279582977295,-0.6634332537651062,0.7307395935058594,0.5330531597137451,1.4685633182525635,-0.21168926358222961
1780001786796628200,9.916628173828125,-0.09983295947313309,0.1259964406490326,-0.6634094715118408,0.7307846546173096,0.5309853553771973,1.4685375690460205,-0.2098177820444107
1780001786812957000,9.93295703125,-0.09984727948904037,0.1258832961320877,-0.6633849143981934,0.7308244109153748,0.5289484262466431,1.4685165882110596,-0.2079228013753891
1780001786829294800,9.949294921875,-0.09985558688640594,0.1257757544517517,-0.663345217704773,0.7308779358863831,0.5269203186035156,1.468454122543335,-0.20603597164154053
1780001786845604000,9.96560400390625,-0.09980731457471848,0.12561573088169098,-0.6633031964302063,0.7309501767158508,0.5247645378112793,1.468359112739563,-0.2041783183813095
1780001786861943600,9.981943603515624,-0.09983253479003906,0.1254914551973343,-0.6632292866706848,0.7310351133346558,0.5219865441322327,1.4682239294052124,-0.2015412151813507
1780001786878279000,9.99827880859375,-0.09974677115678787,0.1252567172050476,-0.6631412506103516,0.7311668992042542,0.5187684893608093,1.4680064916610718,-0.1987813264131546
1780001786894611700,10.01461181640625,-0.09973031282424927,0.1251049041748047,-0.6630281209945679,0.7312977313995361,0.5157327651977539,1.467750072479248,-0.19598470628261566
1780001786910950000,10.030949951171875,-0.09880877286195755,0.12415021657943726,-0.6630929112434387,0.731526792049408,0.513178288936615,1.4675490856170654,-0.19611945748329163
1780001786927293200,10.047293212890626,-0.0990087017416954,0.12422607094049454,-0.6630065441131592,0.7315651178359985,0.5111907124519348,1.4674433469772339,-0.19373559951782227
1780001786943622400,10.063622314453125,-0.09930846840143204,0.12438645958900452,-0.6629495620727539,0.7315489053726196,0.5095371603965759,1.4674571752548218,-0.19142208993434906
1780001786959958500,10.07995849609375,-0.09870364516973495,0.1237436905503273,-0.6630675196647644,0.7316328287124634,0.5083138942718506,1.467520833015442,-0.19198870658874512
1780001786976286200,10.0962861328125,-0.0986543521285057,0.12359052151441574,-0.6630812287330627,0.7316529154777527,0.5068010687828064,1.4675624370574951,-0.19076664745807648
1780001786992634400,10.11263427734375,-0.09812808036804199,0.12298715114593506,-0.663144052028656,0.7317684888839722,0.5047522783279419,1.4675300121307373,-0.19033709168434143
1780001787008969700,10.1289697265625,-0.09815771877765656,0.12290608882904053,-0.6630828976631165,0.7318335175514221,0.5027031898498535,1.467415690422058,-0.188360795378685
1780001787025298700,10.145298583984374,-0.09783723205327988,0.12252683192491531,-0.6630889773368835,0.7319345474243164,0.5010062456130981,1.4673174619674683,-0.18766626715660095
1780001787041629400,10.16162939453125,-0.09795400500297546,0.12253144383430481,-0.6630620956420898,0.7319424152374268,0.4994887411594391,1.4673233032226562,-0.18597511947155
1780001787057970400,10.177970458984374,-0.09803208708763123,0.1224958673119545,-0.663066565990448,0.7319338917732239,0.49811407923698425,1.4673948287963867,-0.18453991413116455
1780001787074299000,10.194298828125,-0.09811516851186752,0.12246640026569366,-0.6630544066429138,0.7319387197494507,0.4966229796409607,1.467426061630249,-0.18297232687473297
1780001787090629600,10.210629638671875,-0.09830731153488159,0.12253521382808685,-0.6629905700683594,0.7319592833518982,0.4948352575302124,1.4673712253570557,-0.18080972135066986
1780001787106961000,10.2269609375,-0.09843790531158447,0.12252989411354065,-0.6629199981689453,0.7320064902305603,0.4926389157772064,1.4672770500183105,-0.17843317985534668
1780001787123307300,10.243307373046875,-0.09834616631269455,0.12231200933456421,-0.6628848314285278,0.7320871353149414,0.4902702867984772,1.4671814441680908,-0.1765076369047165
1780001787139624400,10.25962451171875,-0.09841487556695938,0.12225036323070526,-0.6628308892250061,0.7321370244026184,0.48813143372535706,1.4671025276184082,-0.17435798048973083
1780001787155961600,10.275961669921875,-0.09837700426578522,0.12208965420722961,-0.6628135442733765,0.7321845889091492,0.4861163794994354,1.4670708179473877,-0.17262765765190125
1780001787172295700,10.292295654296876,-0.09835626929998398,0.12194306403398514,-0.6627804040908813,0.7322418093681335,0.4839749038219452,1.4670075178146362,-0.1707255095243454
1780001787188628700,10.308628662109374,-0.09835280478000641,0.12182243168354034,-0.6627078056335449,0.7323281168937683,0.4816814363002777,1.4668482542037964,-0.1686084121465683
1780001787204956700,10.324956787109375,-0.0979519784450531,0.12135256826877594,-0.6626963019371033,0.7324701547622681,0.4795021116733551,1.4666720628738403,-0.16767621040344238
1780001787221296000,10.341296142578125,-0.09795830398797989,0.12127034366130829,-0.6626561284065247,0.7325193881988525,0.47792285680770874,1.4665935039520264,-0.16620470583438873
1780001787237625000,10.357625,-0.09797272086143494,0.12122782319784164,-0.662664532661438,0.7325168251991272,0.4772157073020935,1.4666330814361572,-0.16553835570812225
1780001787253955800,10.373955810546875,-0.09782016277313232,0.12102598696947098,-0.6627314686775208,0.7325100302696228,0.4766421914100647,1.4667540788650513,-0.16547363996505737
1780001787270278100,10.390278076171874,-0.09783139079809189,0.12096313387155533,-0.6627412438392639,0.7325100898742676,0.47569021582603455,1.466800570487976,-0.16459627449512482
1780001787286608100,10.406608154296874,-0.0977448895573616,0.12080886960029602,-0.6627046465873718,0.7325802445411682,0.47418782114982605,1.466687560081482,-0.16343791782855988
1780001787302947000,10.422947021484376,-0.09751693159341812,0.12050759047269821,-0.662647008895874,0.7327123284339905,0.47205865383148193,1.4664640426635742,-0.1620655655860901
1780001787319277300,10.43927734375,-0.0972304567694664,0.12013126909732819,-0.6625924706459045,0.7328614592552185,0.4695698320865631,1.4662290811538696,-0.16052520275115967
1780001787335609000,10.455609130859376,-0.0970606803894043,0.11986926943063736,-0.6625458598136902,0.7329689860343933,0.4674314856529236,1.4660613536834717,-0.15900421142578125
1780001787351943000,10.47194287109375,-0.09696788340806961,0.1196819469332695,-0.6625108122825623,0.7330435514450073,0.46556177735328674,1.4659547805786133,-0.15753501653671265
1780001787368275000,10.48827490234375,-0.096879743039608,0.1195196881890297,-0.6624743342399597,0.7331147789955139,0.4639875888824463,1.4658437967300415,-0.15631820261478424
1780001787384607700,10.504607666015625,-0.09608092904090881,0.11873329430818558,-0.6625391244888306,0.7332890033721924,0.46256113052368164,1.4656891822814941,-0.15716254711151123
1780001787400940500,10.5209404296875,-0.09562771022319794,0.1182742640376091,-0.6625348925590515,0.7334263324737549,0.46125462651252747,1.465502381324768,-0.15716111660003662
1780001787417314600,10.537314453125,-0.0951724573969841,0.1178305372595787,-0.6625365018844604,0.7335554957389832,0.4602380394935608,1.4653249979019165,-0.15743109583854675
1780001787433602600,10.5536025390625,-0.09469393640756607,0.1173822209239006,-0.6625694632530212,0.7336595058441162,0.4596705436706543,1.4652153253555298,-0.1581905633211136
1780001787449936400,10.569936279296876,-0.09448298066854477,0.11717650294303894,-0.6625850796699524,0.7337055206298828,0.45931577682495117,1.4651728868484497,-0.1584320217370987
1780001787466284300,10.5862841796875,-0.09412123262882233,0.11683515459299088,-0.662627637386322,0.7337679862976074,0.45899128913879395,1.4651366472244263,-0.15911443531513214
1780001787482602000,10.60260205078125,-0.0935225561261177,0.11627358943223953,-0.6626650094985962,0.7338998913764954,0.4582488238811493,1.4649920463562012,-0.16003285348415375
1780001787498951400,10.618951416015625,-0.09306510537862778,0.11584366858005524,-0.662638247013092,0.7340502142906189,0.4572458267211914,1.464741826057434,-0.16029836237430573
1780001787515264800,10.6352646484375,-0.092592753469944,0.1154087483882904,-0.6626035571098328,0.7342097163200378,0.45628631114959717,1.464463472366333,-0.16063599288463593
1780001787531597000,10.65159716796875,-0.09218940138816833,0.1150328516960144,-0.6625683903694153,0.7343512177467346,0.45536503195762634,1.464213252067566,-0.16082820296287537
1780001787547932700,10.6679326171875,-0.09190762042999268,0.11477189511060715,-0.6625184416770935,0.7344724535942078,0.45455288887023926,1.4639737606048584,-0.16079111397266388
1780001787564266000,10.684265869140624,-0.09164629131555557,0.11450611054897308,-0.6624789237976074,0.7345821857452393,0.45352238416671753,1.4637737274169922,-0.16051392257213593
1780001787580599600,10.700599609375,-0.09140718728303909,0.11422695964574814,-0.6624447703361511,0.7346863150596619,0.45209720730781555,1.4636054039001465,-0.15982891619205475
1780001787596919600,10.71691943359375,-0.09039236605167389,0.11323491483926773,-0.6625304818153381,0.7348881363868713,0.45048683881759644,1.4634389877319336,-0.16108979284763336
1780001787613253000,10.733253173828125,-0.09008662402629852,0.11286918073892593,-0.6624996066093445,0.7350097298622131,0.4486500024795532,1.4632582664489746,-0.16021278500556946
1780001787629586400,10.74958642578125,-0.0899265930056572,0.11261880397796631,-0.6624464392662048,0.7351155877113342,0.44659867882728577,1.4630807638168335,-0.15874743461608887
1780001787645919200,10.765919189453125,-0.08986904472112656,0.11248314380645752,-0.66241455078125,0.7351721525192261,0.445136159658432,1.4629937410354614,-0.15756076574325562
1780001787662251500,10.78225146484375,-0.09004437923431396,0.1125723272562027,-0.6624278426170349,0.7351251244544983,0.4444795846939087,1.4631129503250122,-0.15652631223201752
1780001787678585600,10.798585693359374,-0.09027669578790665,0.11273051053285599,-0.6625421643257141,0.7349693179130554,0.4448779821395874,1.4635084867477417,-0.15636907517910004
1780001787694918700,10.814918701171875,-0.09045391529798508,0.11285019665956497,-0.6627119183540344,0.7347761392593384,0.4457845389842987,1.464024543762207,-0.1568545252084732
1780001787711251500,10.83125146484375,-0.09049107879400253,0.11289222538471222,-0.6628751158714294,0.7346178889274597,0.4471707046031952,1.4644566774368286,-0.1581306755542755
1780001787727584300,10.847584228515625,-0.09035123884677887,0.11275361478328705,-0.662983238697052,0.7345587015151978,0.44765034317970276,1.4646810293197632,-0.15901106595993042
1780001787743915800,10.863915771484375,-0.08995886147022247,0.11230006068944931,-0.663036584854126,0.7346282005310059,0.4462023675441742,1.4646855592727661,-0.15877366065979004
1780001787760249300,10.880249267578124,-0.08891209214925766,0.11116309463977814,-0.6630991101264954,0.7348721623420715,0.44277626276016235,1.464478611946106,-0.15847012400627136
1780001787776582100,10.89658203125,-0.0885620191693306,0.11056183278560638,-0.6630014181137085,0.7350931763648987,0.43766140937805176,1.4641510248184204,-0.15471400320529938
1780001787792915000,10.9129150390625,-0.08863165974617004,0.11024057120084763,-0.6628260016441345,0.7352911829948425,0.4310968816280365,1.4638044834136963,-0.14850689470767975
1780001787809246500,10.92924658203125,-0.08891087770462036,0.11007547378540039,-0.6626209616661072,0.7354670763015747,0.4241322875022888,1.463465690612793,-0.14137612283229828
1780001787825579800,10.945579833984375,-0.08881521224975586,0.10960628092288971,-0.6624767184257507,0.7356785535812378,0.41771143674850464,1.4631273746490479,-0.13576090335845947
1780001787841912600,10.96191259765625,-0.08870405703783035,0.10918500274419785,-0.6623451709747314,0.7358731031417847,0.41225647926330566,1.4628021717071533,-0.131064772605896
1780001787858245400,10.978245361328124,-0.08848308026790619,0.1087530255317688,-0.6622225046157837,0.7360739707946777,0.40800273418426514,1.4624395370483398,-0.12774242460727692
1780001787874579000,10.994578857421875,-0.08823434263467789,0.10837123543024063,-0.6621125936508179,0.7362589836120605,0.40486717224121094,1.4620857238769531,-0.12550604343414307
1780001787890921700,11.010921630859375,-0.08811993151903152,0.10813217610120773,-0.6620250940322876,0.7363865971565247,0.402321457862854,1.4618393182754517,-0.12346377968788147
1780001787907247000,11.0272470703125,-0.0881367102265358,0.10802578926086426,-0.6619659066200256,0.7364533543586731,0.4002906382083893,1.4617111682891846,-0.12156015634536743
1780001787923589400,11.04358935546875,-0.08800797164440155,0.10779103636741638,-0.661976158618927,0.7364938855171204,0.39860057830810547,1.4617078304290771,-0.12039022147655487
1780001787939918800,11.0599189453125,-0.0879802480340004,0.10761213302612305,-0.6619836091995239,0.7365166544914246,0.39650580286979675,1.4617412090301514,-0.11859118193387985
1780001787956258300,11.07625830078125,-0.087967649102211,0.10739874839782715,-0.6619861721992493,0.73654705286026,0.39373236894607544,1.461775779724121,-0.11614114791154861
1780001787972588000,11.092588134765625,-0.08789342641830444,0.10708782076835632,-0.6619890928268433,0.7365986108779907,0.3903248608112335,1.4617937803268433,-0.11328423023223877
1780001787988904200,11.108904296875,-0.08794096857309341,0.10687714070081711,-0.6619676947593689,0.7366427779197693,0.38674992322921753,1.4617948532104492,-0.10994274169206619
1780001788005267500,11.125267333984375,-0.08799999207258224,0.10666696727275848,-0.661931574344635,0.736698567867279,0.3829624652862549,1.461760401725769,-0.10637123882770538
1780001788021599700,11.141599853515626,-0.08742508292198181,0.10589347779750824,-0.6619744896888733,0.7368400692939758,0.37919050455093384,1.4616930484771729,-0.1045268252491951
1780001788037929200,11.15792919921875,-0.087248295545578,0.105466328561306,-0.6619327068328857,0.7369597554206848,0.37510982155799866,1.4615546464920044,-0.10130870342254639
1780001788054252000,11.174251953125,-0.08715306222438812,0.1051040068268776,-0.6618425250053406,0.7371038198471069,0.3707149922847748,1.4613208770751953,-0.09756597131490707
1780001788070598700,11.1905986328125,-0.08696280419826508,0.1046750396490097,-0.6617348194122314,0.7372840642929077,0.36642056703567505,1.4610027074813843,-0.0941542312502861
1780001788086930700,11.2069306640625,-0.08632944524288177,0.10387423634529114,-0.6616659164428711,0.7375335097312927,0.36236998438835144,1.4606167078018188,-0.09215110540390015
1780001788103264300,11.22326416015625,-0.085995614528656,0.10338670015335083,-0.6615633964538574,0.737733006477356,0.3589969277381897,1.4602497816085815,-0.08994913101196289
1780001788119592700,11.2395927734375,-0.08583729714155197,0.10308481007814407,-0.6614537835121155,0.7378919124603271,0.3561200499534607,1.4599227905273438,-0.08772772550582886
1780001788135918000,11.25591796875,-0.08570588380098343,0.10282290726900101,-0.661352276802063,0.738034725189209,0.3535357117652893,1.4596258401870728,-0.08570321649312973
1780001788152262400,11.272262451171875,-0.08522996306419373,0.10228493809700012,-0.6613108515739441,0.7382016777992249,0.35146674513816833,1.4593570232391357,-0.08508123457431793
1780001788168595000,11.288594970703125,-0.08503369987010956,0.10201936215162277,-0.6612324714660645,0.7383312582969666,0.34971022605895996,1.4590904712677002,-0.08398281782865524
1780001788184925400,11.304925537109375,-0.08469277620315552,0.10163620859384537,-0.6612138748168945,0.7384399175643921,0.34832555055618286,1.4589269161224365,-0.08363160490989685
1780001788201253000,11.321253173828126,-0.08421403914690018,0.10113335400819778,-0.661277174949646,0.7385070323944092,0.34731602668762207,1.4589290618896484,-0.08402460068464279
1780001788217599700,11.337599853515625,-0.08382217586040497,0.10071303695440292,-0.6613933444023132,0.738504946231842,0.3467034101486206,1.4591000080108643,-0.08457380533218384
1780001788233929500,11.353929443359375,-0.08379275351762772,0.10061994194984436,-0.6614553928375244,0.7384653687477112,0.34610193967819214,1.459260106086731,-0.08414869755506516
1780001788250241500,11.370241455078125,-0.08371393382549286,0.10047445446252823,-0.6614362001419067,0.7385113835334778,0.3449401557445526,1.4591904878616333,-0.08330659568309784
1780001788266574000,11.386573974609375,-0.08326584845781326,0.09994257986545563,-0.6613714098930359,0.7386922240257263,0.342546284198761,1.4588756561279297,-0.08231040835380554
1780001788282913500,11.40291357421875,-0.08267854154109955,0.09926654398441315,-0.6612511277198792,0.7389569878578186,0.33953261375427246,1.4583687782287598,-0.0810975581407547
1780001788299242000,11.419241943359374,-0.08221752196550369,0.09873098880052567,-0.6611150503158569,0.7392019033432007,0.3369129002094269,1.4578630924224854,-0.07989755272865295
1780001788315575600,11.435575439453125,-0.08192893117666245,0.09837397933006287,-0.6610171794891357,0.7393690347671509,0.3349321782588959,1.457516074180603,-0.07883625477552414
1780001788331908900,11.451908935546875,-0.08184987306594849,0.09821828454732895,-0.6609830856323242,0.7394289970397949,0.3335880935192108,1.45740807056427,-0.07782662659883499
1780001788348241200,11.4682412109375,-0.0819496363401413,0.09822114557027817,-0.6609748601913452,0.7394249439239502,0.3324666917324066,1.4574307203292847,-0.07655877619981766
1780001788364568800,11.48456884765625,-0.08196557313203812,0.09815040975809097,-0.6609894633293152,0.7394194602966309,0.3314184546470642,1.4574823379516602,-0.07558921724557877
1780001788380907000,11.500906982421874,-0.08183303475379944,0.09791983664035797,-0.6609859466552734,0.7394677996635437,0.32982978224754333,1.457437515258789,-0.07451905310153961
1780001788397250000,11.51725,-0.0816587507724762,0.09764501452445984,-0.6609376668930054,0.7395666241645813,0.327914297580719,1.4572632312774658,-0.07324350625276566
1780001788413586000,11.5335859375,-0.08135911077260971,0.0972779393196106,-0.6608647704124451,0.7397130727767944,0.3260742425918579,1.4569764137268066,-0.07235373556613922
1780001788429901300,11.5499013671875,-0.08120210468769073,0.09705448150634766,-0.6607921123504639,0.739824652671814,0.32454338669776917,1.456739902496338,-0.0713641494512558
1780001788446237400,11.566237548828125,-0.08104955404996872,0.09686125069856644,-0.660766065120697,0.739889919757843,0.3235798478126526,1.4566242694854736,-0.07089359313249588
1780001788462570500,11.582570556640626,-0.08078233897686005,0.09656617045402527,-0.6607800126075745,0.7399452924728394,0.3227396011352539,1.4565750360488892,-0.07085581868886948
1780001788478903300,11.5989033203125,-0.08047673851251602,0.09620428085327148,-0.6607978343963623,0.7400098443031311,0.3214666247367859,1.456525444984436,-0.07053551077842712
1780001788495240400,11.615240478515625,-0.08038865774869919,0.09599297493696213,-0.6607714891433716,0.7400704026222229,0.31954842805862427,1.4564391374588013,-0.0690440759062767
1780001788511543000,11.63154296875,-0.08029277622699738,0.09576535224914551,-0.660742461681366,0.7401361465454102,0.3174933195114136,1.4563425779342651,-0.06745025515556335
1780001788536064500,11.656064453125,-0.08032017201185226,0.0955650582909584,-0.6606788039207458,0.7402158975601196,0.3142721951007843,1.4562044143676758,-0.06447487324476242
1780001788552398300,11.6723984375,-0.0803145095705986,0.09539258480072021,-0.6606588363647461,0.7402565479278564,0.31198185682296753,1.456163763999939,-0.062438711524009705
1780001788568749000,11.6887490234375,-0.08029145747423172,0.0952189713716507,-0.6606468558311462,0.7402921319007874,0.30990684032440186,1.4561376571655273,-0.060644324868917465
1780001788585080300,11.705080322265625,-0.0801343023777008,0.0949367955327034,-0.6606590747833252,0.7403344511985779,0.30800846219062805,1.4561277627944946,-0.059373121708631516
1780001788601397200,11.721397216796875,-0.08000283688306808,0.09468891471624374,-0.6606770753860474,0.7403643727302551,0.3062983751296997,1.4561413526535034,-0.05820440500974655
1780001788617730000,11.73772998046875,-0.07988966256380081,0.0944499671459198,-0.6606955528259277,0.7403906583786011,0.30450281500816345,1.4561631679534912,-0.0569116547703743
1780001788634063000,11.75406298828125,-0.079836405813694,0.09426209330558777,-0.6607153415679932,0.7404026985168457,0.3027125597000122,1.4562079906463623,-0.05546596646308899
1780001788650400800,11.77040087890625,-0.07989125698804855,0.09416606277227402,-0.6607392430305481,0.7403876185417175,0.3009335994720459,1.4562997817993164,-0.053746555000543594
1780001788666731300,11.786731201171875,-0.07986721396446228,0.09401091188192368,-0.6607975363731384,0.7403579354286194,0.2994002401828766,1.4564553499221802,-0.05247003585100174
1780001788683063000,11.80306298828125,-0.07993868738412857,0.0939306914806366,-0.6608627438545227,0.7403022050857544,0.2978041470050812,1.456661343574524,-0.05088787525892258
1780001788699400200,11.819400146484375,-0.07999008893966675,0.09381143003702164,-0.660944402217865,0.7402387857437134,0.2959791421890259,1.4569045305252075,-0.0491616353392601
1780001788715707100,11.83570703125,-0.08001279830932617,0.09363196045160294,-0.6610145568847656,0.7401964068412781,0.2936280071735382,1.4571107625961304,-0.04703570529818535
1780001788732076000,11.852075927734376,-0.07964703440666199,0.0930536761879921,-0.6611334085464478,0.7402026653289795,0.2905799448490143,1.4573185443878174,-0.045336537063121796
1780001788748389000,11.86838916015625,-0.07962232083082199,0.09276686608791351,-0.6612207889556885,0.7401633262634277,0.28739288449287415,1.457558274269104,-0.042595528066158295
1780001788764728300,11.884728271484375,-0.07963203638792038,0.0925118699669838,-0.6613274216651917,0.7400988936424255,0.28429728746414185,1.4578572511672974,-0.03985212743282318
1780001788781059800,11.901059814453125,-0.07968021929264069,0.09229028970003128,-0.6614546179771423,0.7400076985359192,0.2812688648700714,1.4582242965698242,-0.03707372769713402
1780001788797393400,11.917393310546874,-0.07992882281541824,0.09231631457805634,-0.6615352034568787,0.739905595779419,0.2790590226650238,1.4585293531417847,-0.03447398170828819
1780001788813724400,11.933724365234376,-0.08021165430545807,0.09247937798500061,-0.6615483164787292,0.73984295129776,0.27803343534469604,1.4586623907089233,-0.03281285986304283
1780001788830059500,11.9500595703125,-0.08049863576889038,0.09271741658449173,-0.6615028381347656,0.7398226261138916,0.2777489125728607,1.4586373567581177,-0.0317789651453495
1780001788846390800,11.966390869140625,-0.0805613175034523,0.09282435476779938,-0.6614577174186707,0.7398427128791809,0.2782946825027466,1.4585362672805786,-0.03208201006054878
1780001788862724000,11.98272412109375,-0.08051051199436188,0.09285558760166168,-0.6614274978637695,0.7398713827133179,0.27918723225593567,1.4584362506866455,-0.03300171718001366
1780001788879055000,11.99905517578125,-0.08041881024837494,0.09282417595386505,-0.6614140272140503,0.7398973107337952,0.2797721028327942,1.4583672285079956,-0.03376179188489914
1780001788895390200,12.01539013671875,-0.08052106946706772,0.09296966344118118,-0.6613521575927734,0.7399232387542725,0.2803136706352234,1.458235502243042,-0.033949002623558044
1780001788911722000,12.031721923828124,-0.08055397123098373,0.09306475520133972,-0.661280632019043,0.7399716377258301,0.2809410095214844,1.4580541849136353,-0.03439231589436531
1780001788928069000,12.048069091796876,-0.08086059242486954,0.09341660141944885,-0.6611701846122742,0.739992618560791,0.28171297907829285,1.4578609466552734,-0.03422278165817261
1780001788944400000,12.06439990234375,-0.0811462476849556,0.09371622651815414,-0.6610743999481201,0.7400090098381042,0.2820829451084137,1.457700252532959,-0.03375639021396637
1780001788960734200,12.080734130859375,-0.08142069727182388,0.09399975091218948,-0.6610164046287537,0.7399947047233582,0.28250768780708313,1.4576374292373657,-0.03338397666811943
1780001788977081300,12.097081298828124,-0.08158572763204575,0.09422612190246582,-0.6610034704208374,0.7399592995643616,0.283588707447052,1.4576548337936401,-0.03390652686357498
1780001788993399800,12.11339990234375,-0.08173316717147827,0.0944453701376915,-0.661000669002533,0.7399174571037292,0.28481411933898926,1.4576917886734009,-0.03460908308625221
1780001789009716200,12.12971630859375,-0.08192212879657745,0.09463178366422653,-0.6609960198402405,0.7398769855499268,0.28512197732925415,1.4577441215515137,-0.03438111022114754
1780001789026066400,12.14606640625,-0.08219359815120697,0.09482666850090027,-0.6610056161880493,0.7398132681846619,0.2846530079841614,1.4578624963760376,-0.0332474410533905
1780001789042401000,12.162401123046875,-0.08253060281276703,0.09507494419813156,-0.6610495448112488,0.7397047281265259,0.28427350521087646,1.4580971002578735,-0.03203350305557251
1780001789058730800,12.178730712890625,-0.08283933252096176,0.09532835334539413,-0.6610957980155945,0.7395961880683899,0.28429314494132996,1.458324670791626,-0.03125244751572609
1780001789075050200,12.19505029296875,-0.08305665850639343,0.09550868719816208,-0.6611068248748779,0.7395386695861816,0.28425222635269165,1.4584288597106934,-0.030644429847598076
1780001789091414000,12.2114140625,-0.08259110152721405,0.09508038312196732,-0.6611328721046448,0.7396227717399597,0.28396302461624146,1.458340048789978,-0.03163068741559982
1780001789107706000,12.2277060546875,-0.08251886814832687,0.09500142931938171,-0.6610658168792725,0.7397008538246155,0.2834858000278473,1.4581378698349,-0.031368084251880646
1780001789124064800,12.244064697265625,-0.0820564553141594,0.09458055347204208,-0.6610550880432129,0.739815890789032,0.28312331438064575,1.4579535722732544,-0.03226514905691147
1780001789140383200,12.26038330078125,-0.08167994022369385,0.09425009787082672,-0.6610147356987,0.7399356961250305,0.2828737497329712,1.4577182531356812,-0.03302347660064697
1780001789156728000,12.27672802734375,-0.08158425241708755,0.09414868801832199,-0.6609038710594177,0.740058183670044,0.28220558166503906,1.4573928117752075,-0.03263448551297188
1780001789173043000,12.29304296875,-0.08152125030755997,0.09402277320623398,-0.6607818007469177,0.7401902079582214,0.28080374002456665,1.45705246925354,-0.03149964287877083
1780001789189412400,12.309412353515626,-0.08151346445083618,0.09396440535783768,-0.6606643199920654,0.7403033375740051,0.27969279885292053,1.4567409753799438,-0.030480993911623955
1780001789205719600,12.325719482421874,-0.08148437738418579,0.09395705163478851,-0.6605686545372009,0.7403927445411682,0.27957937121391296,1.4564763307571411,-0.0304179098457098
1780001789222046000,12.3420458984375,-0.08160609751939774,0.09411989897489548,-0.6605038642883301,0.7404165267944336,0.2801165282726288,1.456343650817871,-0.03054768033325672
1780001789238361900,12.35836181640625,-0.08179408311843872,0.09434420615434647,-0.6604828238487244,0.7403860092163086,0.28087279200553894,1.4563493728637695,-0.030715152621269226
1780001789254715000,12.37471484375,-0.08196975290775299,0.09455503523349762,-0.6604979634284973,0.7403261661529541,0.2817220091819763,1.4564465284347534,-0.03101337142288685
1780001789271041800,12.391041748046876,-0.08200813084840775,0.09462657570838928,-0.6605169177055359,0.7402958273887634,0.28230077028274536,1.4565070867538452,-0.03143566846847534
1780001789287377200,12.407377197265625,-0.08203539997339249,0.0946747213602066,-0.6604770421981812,0.7403222918510437,0.28248196840286255,1.4564104080200195,-0.031508415937423706
1780001789303703300,12.423703369140625,-0.08203136920928955,0.09465263783931732,-0.6603915095329285,0.7404018044471741,0.28192511200904846,1.4561829566955566,-0.030987516045570374
1780001789320033000,12.440032958984375,-0.08197356760501862,0.09458529204130173,-0.6603177785873413,0.7404826283454895,0.281423956155777,1.455970048904419,-0.030663181096315384
1780001789336353500,12.456353515625,-0.08199181407690048,0.09456589072942734,-0.6602606177330017,0.7405339479446411,0.2807580232620239,1.4558249711990356,-0.02999825030565262
1780001789352707300,12.472707275390626,-0.08190447837114334,0.0944172739982605,-0.6602422595024109,0.7405789494514465,0.27972474694252014,1.4557496309280396,-0.029301133006811142
1780001789369038600,12.48903857421875,-0.08196797221899033,0.09437680244445801,-0.6601657867431641,0.7406452894210815,0.2782106399536133,1.4555727243423462,-0.02775266021490097
1780001789385389300,12.505389404296874,-0.08196656405925751,0.09426102787256241,-0.6600342392921448,0.7407773733139038,0.2762521505355835,1.4552274942398071,-0.025959249585866928
1780001789401718500,12.521718505859376,-0.08187170326709747,0.09404081851243973,-0.6598860025405884,0.740947961807251,0.273931622505188,1.4548084735870361,-0.02408539690077305
1780001789418051600,12.538051513671874,-0.08100404590368271,0.09315144270658493,-0.6598580479621887,0.7411804795265198,0.2719471752643585,1.4544475078582764,-0.02460668981075287
1780001789434379500,12.554379638671875,-0.08115556836128235,0.09318391233682632,-0.6597503423690796,0.7412557601928711,0.2703222334384918,1.4542165994644165,-0.02271736040711403
1780001789450721500,12.570721435546876,-0.08148292452096939,0.09340278059244156,-0.6596776843070984,0.7412569522857666,0.26927974820137024,1.4541351795196533,-0.020894566550850868
1780001789467044600,12.587044677734376,-0.08171556890010834,0.09361351281404495,-0.6596565842628479,0.7412235736846924,0.269354909658432,1.4541577100753784,-0.020336663350462914
1780001789483386400,12.603386474609374,-0.0816987156867981,0.0936785414814949,-0.659665048122406,0.7412096261978149,0.2704114317893982,1.454171061515808,-0.021324630826711655
1780001789499682600,12.6196826171875,-0.0814899206161499,0.09356734901666641,-0.6596714854240417,0.741240918636322,0.271310418844223,1.4541162252426147,-0.02268012799322605
1780001789516048100,12.636048095703124,-0.08117461949586868,0.09330583363771439,-0.6596311926841736,0.7413443922996521,0.27128875255584717,1.4539039134979248,-0.023480257019400597
1780001789532376000,12.6523759765625,-0.08096593618392944,0.09306862950325012,-0.6594908833503723,0.7415217757225037,0.2700691223144531,1.4534642696380615,-0.02289404906332493
1780001789548718300,12.66871826171875,-0.08093298226594925,0.09291201084852219,-0.6592923998832703,0.7417215704917908,0.2677692472934723,1.452932357788086,-0.02086075209081173
1780001789565045500,12.68504541015625,-0.0810224860906601,0.0928005576133728,-0.6591154336929321,0.7418829798698425,0.264794260263443,1.4524977207183838,-0.017913980409502983
1780001789581377500,12.70137744140625,-0.08113555610179901,0.09271006286144257,-0.6590065360069275,0.7419787049293518,0.26206156611442566,1.4522515535354614,-0.015147190541028976
1780001789597710300,12.71771044921875,-0.08131716400384903,0.09273534268140793,-0.6589593887329102,0.741997480392456,0.2602533996105194,1.4521886110305786,-0.01304343156516552
1780001789614045200,12.734045166015624,-0.08159437030553818,0.09289517998695374,-0.6589506268501282,0.7419548034667969,0.25923222303390503,1.4522581100463867,-0.011398840695619583
1780001789630376700,12.750376708984374,-0.08185769617557526,0.09307447820901871,-0.6589547395706177,0.7418997287750244,0.2586486339569092,1.4523584842681885,-0.010183889418840408
1780001789646710000,12.7667099609375,-0.08190792798995972,0.09305629879236221,-0.6589542031288147,0.74189692735672,0.25786492228507996,1.4523745775222778,-0.009354631416499615
1780001789663042800,12.783042724609375,-0.08190526813268661,0.0929904356598854,-0.6589273810386658,0.7419293522834778,0.25697410106658936,1.452303409576416,-0.008561004884541035
1780001789679371300,12.799371337890625,-0.08183039724826813,0.09287640452384949,-0.6588859558105469,0.7419885993003845,0.2562175691127777,1.4521684646606445,-0.008073404431343079
1780001789695713000,12.815713134765625,-0.08170413970947266,0.09272883087396622,-0.6588301658630371,0.7420705556869507,0.25555509328842163,1.451979160308838,-0.007800371386110783
1780001789712039000,12.832038818359376,-0.08171059191226959,0.09265598654747009,-0.658726692199707,0.7421707510948181,0.25425687432289124,1.4517079591751099,-0.006594893988221884
1780001789728344600,12.848344482421876,-0.08192837238311768,0.09271586686372757,-0.6585951447486877,0.7422559857368469,0.25226566195487976,1.451431393623352,-0.004205461125820875
1780001789744673300,12.86467333984375,-0.08147662878036499,0.09217973798513412,-0.658577024936676,0.7423886656761169,0.2503429055213928,1.451236367225647,-0.0036911130882799625
1780001789761025000,12.88102490234375,-0.08170988410711288,0.09225476533174515,-0.6584966778755188,0.7424249053001404,0.24853304028511047,1.4510999917984009,-0.0014404334360733628
1780001789777358000,12.897358154296874,-0.08186708390712738,0.0922529399394989,-0.6584050059318542,0.7424891591072083,0.24655312299728394,1.450908899307251,0.0007629911997355521
1780001789793690600,12.913690673828125,-0.08194494247436523,0.09220234304666519,-0.6582862734794617,0.7425920963287354,0.24475249648094177,1.4506192207336426,0.002604593290016055
1780001789810010600,12.9300107421875,-0.08201652765274048,0.09218154847621918,-0.6581849455833435,0.7426765561103821,0.24344825744628906,1.4503729343414307,0.003983032889664173
1780001789826339800,12.94633984375,-0.08205480128526688,0.09212324768304825,-0.6581491231918335,0.7427113056182861,0.24220936000347137,1.4502900838851929,0.005193950608372688
1780001789842692000,12.962692138671875,-0.08215848356485367,0.09212063252925873,-0.658145010471344,0.7427038550376892,0.24104642868041992,1.450312852859497,0.006501035764813423
1780001789859021600,12.979021484375,-0.08225355297327042,0.09211963415145874,-0.658141553401947,0.7426965832710266,0.2399982064962387,1.450335144996643,0.0076836710795760155
1780001789875364400,12.9953642578125,-0.08218345791101456,0.09196091443300247,-0.6581423282623291,0.7427232265472412,0.2387656420469284,1.4503118991851807,0.00858943909406662
1780001789891695900,13.01169580078125,-0.08212742209434509,0.09182395786046982,-0.6581172943115234,0.7427685260772705,0.23758994042873383,1.450225591659546,0.009490246884524822
1780001789908068400,13.028068359375,-0.08209053426980972,0.09172111004590988,-0.6580626368522644,0.7428337335586548,0.23656269907951355,1.4500676393508911,0.010319136083126068
1780001789924366300,13.044366455078125,-0.08168191462755203,0.09127989411354065,-0.6580559015274048,0.7429391741752625,0.2354295700788498,1.4499157667160034,0.010240430943667889
1780001789940699400,13.060699462890625,-0.08161846548318863,0.0911492183804512,-0.6580098867416382,0.7430029511451721,0.23436634242534637,1.4497720003128052,0.011027662083506584
1780001789957031700,13.07703173828125,-0.08163236826658249,0.09109550714492798,-0.6579505801200867,0.7430604696273804,0.2334015816450119,1.4496171474456787,0.011936511844396591
1780001789973348000,13.09334814453125,-0.08114384859800339,0.0905890092253685,-0.6579256653785706,0.7431979775428772,0.2322748899459839,1.4493919610977173,0.011644687503576279
1780001789989697000,13.109697021484376,-0.08121965825557709,0.09055374562740326,-0.6577873229980469,0.7433163523674011,0.23069320619106293,1.4490464925765991,0.01328656543046236
1780001790006039300,13.126039306640624,-0.08119555562734604,0.09042799472808838,-0.6576516032218933,0.7434543967247009,0.2290726900100708,1.4486764669418335,0.01469600759446621
1780001790022363000,13.14236279296875,-0.08104877173900604,0.09020109474658966,-0.6575644016265869,0.7435751557350159,0.22762899100780487,1.4483964443206787,0.015608535148203373
1780001790038679800,13.1586796875,-0.08101294189691544,0.09010738134384155,-0.6575078368186951,0.7436404824256897,0.22672371566295624,1.448233962059021,0.016330180689692497
1780001790055026400,13.1750263671875,-0.08101998269557953,0.09007685631513596,-0.6574744582176208,0.7436728477478027,0.2261965274810791,1.4481457471847534,0.01682441122829914
1780001790071324400,13.191324462890625,-0.08107304573059082,0.09009711444377899,-0.6574473977088928,0.7436885237693787,0.22582121193408966,1.4480907917022705,0.017304688692092896
1780001790087696100,13.207696044921875,-0.08112939447164536,0.09010309725999832,-0.6574124693870544,0.7437125444412231,0.2252180278301239,1.4480148553848267,0.017997492104768753
1780001790104021800,13.224021728515625,-0.08105450868606567,0.08996559679508209,-0.6573594808578491,0.7437841296195984,0.22420178353786469,1.4478479623794556,0.018711619079113007
1780001790120362800,13.24036279296875,-0.0808730199933052,0.08972076326608658,-0.6572806239128113,0.7439032196998596,0.2229420244693756,1.447579026222229,0.019365210086107254
1780001790136693000,13.25669287109375,-0.0806770920753479,0.08945047855377197,-0.6571999192237854,0.7440282702445984,0.22152280807495117,1.447298526763916,0.020120739936828613
1780001790153010200,13.27301025390625,-0.08055400848388672,0.08927301317453384,-0.657145619392395,0.7441108822822571,0.22053255140781403,1.4471133947372437,0.020683445036411285
1780001790169385000,13.289385009765626,-0.08054520189762115,0.08923247456550598,-0.6571118235588074,0.7441465854644775,0.22005759179592133,1.447020173072815,0.02108880877494812
1780001790185689600,13.305689697265626,-0.08050104975700378,0.08913757652044296,-0.6570982933044434,0.7441746592521667,0.2193341851234436,1.4469685554504395,0.021614043042063713
1780001790202045700,13.322045654296875,-0.08045291900634766,0.08901551365852356,-0.6570715308189392,0.7442181706428528,0.21829386055469513,1.4468806982040405,0.02241232432425022
1780001790218355000,13.33835498046875,-0.08048298954963684,0.08892878890037537,-0.6570152640342712,0.744274914264679,0.21680188179016113,1.4467370510101318,0.02382434345781803
1780001790234666800,13.354666748046874,-0.08044108748435974,0.08877188712358475,-0.6569656133651733,0.7443419694900513,0.2152283787727356,1.446587324142456,0.025115249678492546
1780001790251012400,13.371012451171875,-0.08028320968151093,0.08855414390563965,-0.656928539276123,0.7444177269935608,0.2141609638929367,1.446436882019043,0.025647765025496483
1780001790267339500,13.387339599609374,-0.08020763844251633,0.08847072720527649,-0.6568765044212341,0.7444816827774048,0.21383534371852875,1.4462740421295166,0.025747785344719887
1780001790283672000,13.403672119140625,-0.080095075070858,0.08836667984724045,-0.6568357944488525,0.7445420622825623,0.21366964280605316,1.4461296796798706,0.025605253875255585
1780001790300006700,13.420006591796875,-0.08000273257493973,0.08825365453958511,-0.6567863821983337,0.7446089386940002,0.21316644549369812,1.4459682703018188,0.02581649273633957
1780001790316321800,13.43632177734375,-0.07993804663419724,0.08812414854764938,-0.6567370295524597,0.744674801826477,0.2121758610010147,1.4458147287368774,0.026531267911195755
1780001790332675000,13.452675048828125,-0.0798506885766983,0.08793662488460541,-0.6566932201385498,0.7447450160980225,0.2107328474521637,1.4456679821014404,0.027583181858062744
1780001790349004500,13.469004638671874,-0.07985318452119827,0.08781865984201431,-0.6566483974456787,0.7447981238365173,0.20919427275657654,1.4455443620681763,0.028957730159163475
1780001790365353200,13.485353271484374,-0.07985533028841019,0.08769386261701584,-0.6566107273101807,0.7448458075523376,0.2075931876897812,1.4454399347305298,0.03038451448082924
1780001790381662700,13.501662841796875,-0.07988882809877396,0.08762793987989426,-0.6565709710121155,0.7448850274085999,0.20637452602386475,1.4453407526016235,0.03155769035220146
1780001790397999600,13.51799951171875,-0.07988566160202026,0.08756407350301743,-0.6565311551094055,0.7449280619621277,0.20556439459323883,1.4452322721481323,0.0322733111679554
1780001790414334000,13.534333984375,-0.07978790998458862,0.08745647966861725,-0.6565120816230774,0.7449678778648376,0.20524993538856506,1.4451489448547363,0.032294850796461105
1780001790430667500,13.55066748046875,-0.07972688972949982,0.08741328865289688,-0.6564881801605225,0.7450006008148193,0.20532098412513733,1.4450676441192627,0.032075926661491394
1780001790446986000,13.566986083984375,-0.07963085919618607,0.08732695877552032,-0.6564707159996033,0.7450363039970398,0.20524798333644867,1.444990634918213,0.03188914433121681
1780001790463322600,13.583322509765624,-0.07945694029331207,0.08716998249292374,-0.65644371509552,0.7450971007347107,0.20511679351329803,1.444865345954895,0.03154927119612694
1780001790479652900,13.59965283203125,-0.07942263782024384,0.08714355528354645,-0.6563571691513062,0.7451801300048828,0.2049974799156189,1.4446253776550293,0.03158365935087204
1780001790495986700,13.615986572265625,-0.07928060740232468,0.08700142055749893,-0.6562654972076416,0.7452925443649292,0.2045968770980835,1.4443367719650269,0.03158097341656685
1780001790512334800,13.6323349609375,-0.07905591279268265,0.08678404986858368,-0.6561914682388306,0.745406985282898,0.20418213307857513,1.4440701007843018,0.031366921961307526
1780001790528664600,13.64866455078125,-0.0790097638964653,0.08674106001853943,-0.6561176776885986,0.7454817891120911,0.20401139557361603,1.4438599348068237,0.03141198307275772
1780001790544999000,13.6649990234375,-0.07852629572153091,0.08633437752723694,-0.6561397314071655,0.7455607056617737,0.20417438447475433,1.4437705278396606,0.029979603365063667
1780001790561330700,13.68133056640625,-0.07838425040245056,0.08623404055833817,-0.6561437249183655,0.745583713054657,0.20444585382938385,1.4437379837036133,0.029362386092543602
1780001790577660000,13.697659912109375,-0.07835958898067474,0.08622218668460846,-0.6561146974563599,0.7456132173538208,0.20450519025325775,1.4436538219451904,0.02925162948668003
1780001790593995800,13.713995849609375,-0.07821539044380188,0.0860888734459877,-0.6560585498809814,0.7456931471824646,0.20429611206054688,1.4434598684310913,0.02906619943678379
1780001790610342100,13.730342041015625,-0.07806598395109177,0.0859183594584465,-0.6559707522392273,0.7458057403564453,0.20364129543304443,1.4431804418563843,0.02926664985716343
1780001790626675200,13.74667529296875,-0.07787399739027023,0.08570194244384766,-0.6558936834335327,0.7459185123443604,0.2028988152742386,1.442915678024292,0.029428601264953613
1780001790643006200,13.763006103515625,-0.07782331109046936,0.08563372492790222,-0.6558630466461182,0.7459585666656494,0.20255357027053833,1.44281804561615,0.029604945331811905
1780001790659340800,13.7793408203125,-0.07785674184560776,0.08565691858530045,-0.6558908224105835,0.7459279298782349,0.20253632962703705,1.4429006576538086,0.029702041298151016
1780001790675655400,13.795655517578124,-0.07800628989934921,0.08580085635185242,-0.6559424996376038,0.7458503842353821,0.20280689001083374,1.443084478378296,0.029849132522940636
1780001790692001800,13.812001708984376,-0.07799071073532104,0.08578222244977951,-0.65598064661026,0.7458205819129944,0.20281346142292023,1.4431804418563843,0.029792992398142815
1780001790708341800,13.828341796875,-0.07791294902563095,0.08566942065954208,-0.6559650301933289,0.7458553910255432,0.20224247872829437,1.4431134462356567,0.030092507600784302
1780001790724654000,13.844654052734375,-0.07754100859165192,0.0852585956454277,-0.6559475064277649,0.7459565997123718,0.201142817735672,1.4429502487182617,0.030076555907726288
1780001790740987600,13.860987548828126,-0.07733862102031708,0.08499771356582642,-0.6558875441551208,0.7460601329803467,0.2000149041414261,1.442726969718933,0.030545279383659363
1780001790757323300,13.8773232421875,-0.07724674791097641,0.08482372760772705,-0.6558235883712769,0.7461457252502441,0.19878388941287994,1.4425264596939087,0.031398706138134
1780001790773655000,13.893655029296875,-0.0770021602511406,0.08453083783388138,-0.6558091044425964,0.7462169528007507,0.19779127836227417,1.4424104690551758,0.03162529319524765
1780001790789988400,13.90998828125,-0.07710276544094086,0.08456647396087646,-0.6557919383049011,0.7462176084518433,0.19715869426727295,1.4423928260803223,0.032452404499053955
1780001790806320400,13.9263203125,-0.07714474946260452,0.08456610888242722,-0.6558108925819397,0.7461966276168823,0.19675888121128082,1.4424537420272827,0.03291105106472969
1780001790822653700,13.94265380859375,-0.07707735896110535,0.08449318259954453,-0.655842125415802,0.7461843490600586,0.19663690030574799,1.4425157308578491,0.0328323133289814
1780001790838980900,13.95898095703125,-0.07712011784315109,0.08451677113771439,-0.6558296084403992,0.7461883425712585,0.19645890593528748,1.4424952268600464,0.03310534358024597
1780001790855319600,13.975319580078125,-0.0770229697227478,0.08441081643104553,-0.6558126211166382,0.7462252974510193,0.19616897404193878,1.442420244216919,0.03310602530837059
1780001790871665200,13.9916650390625,-0.0769386887550354,0.08431423455476761,-0.6557791233062744,0.7462743520736694,0.19583138823509216,1.4423048496246338,0.033186573535203934
1780001790887998700,14.007998779296875,-0.07692332565784454,0.08429121971130371,-0.6557316780090332,0.7463201880455017,0.1956370770931244,1.442173719406128,0.033326972275972366
1780001790904333600,14.02433349609375,-0.0769026130437851,0.08427426218986511,-0.6557000279426575,0.7463520765304565,0.19559510052204132,1.4420835971832275,0.03331594541668892
1780001790920663800,14.040663818359375,-0.07680941373109818,0.08417601138353348,-0.6557022333145142,0.7463708519935608,0.1953885853290558,1.4420617818832397,0.03324951231479645
1780001790936986600,14.056986572265625,-0.0767507404088974,0.0841042697429657,-0.6557071805000305,0.746380627155304,0.1951480507850647,1.4420557022094727,0.03330400958657265
1780001790953329700,14.07332958984375,-0.07676206529140472,0.08408494293689728,-0.6556846499443054,0.7464013695716858,0.19476835429668427,1.441997766494751,0.033672694116830826
1780001790969644000,14.08964404296875,-0.07674457877874374,0.08403529971837997,-0.6556381583213806,0.7464495301246643,0.19428537786006927,1.4418669939041138,0.034060634672641754
1780001790985994200,14.105994140625,-0.07645469158887863,0.08375997841358185,-0.6555912494659424,0.746551513671875,0.19391174614429474,1.4416557550430298,0.033629827201366425
1780001791002311000,14.122310791015625,-0.07620139420032501,0.08348716795444489,-0.6555233001708984,0.7466676235198975,0.1931637078523636,1.4413981437683105,0.03362944349646568
1780001791018660600,14.13866064453125,-0.07610124349594116,0.08334293216466904,-0.6554404497146606,0.7467666268348694,0.1923523247241974,1.4411457777023315,0.03409390151500702
1780001791034968000,14.154968017578126,-0.0758742094039917,0.08310079574584961,-0.6554148197174072,0.7468392252922058,0.19176948070526123,1.4410089254379272,0.03400867059826851
1780001791051323100,14.1713232421875,-0.0760173425078392,0.08319739252328873,-0.6554051041603088,0.7468224167823792,0.19144053757190704,1.441023588180542,0.034679438918828964
1780001791067645400,14.1876455078125,-0.0762624591588974,0.08339360356330872,-0.655427873134613,0.7467555403709412,0.19129912555217743,1.4411559104919434,0.03544925898313522
1780001791083975400,14.203975341796875,-0.0763750895857811,0.08348868042230606,-0.6554823517799377,0.7466856837272644,0.19136129319667816,1.4413340091705322,0.03568223491311073
1780001791100306200,14.22030615234375,-0.07633429765701294,0.08344914019107819,-0.6555279493331909,0.746654212474823,0.1913827657699585,1.4414424896240234,0.03554532676935196
1780001791116638000,14.236637939453125,-0.07617110759019852,0.08328793197870255,-0.6555215120315552,0.7466945052146912,0.19113346934318542,1.441375970840454,0.03533237427473068
1780001791132964600,14.252964599609374,-0.07593954354524612,0.08303619176149368,-0.6554660201072693,0.7467948794364929,0.1904376894235611,1.441158652305603,0.035340528935194016
1780001791149295600,14.269295654296876,-0.07577057182788849,0.08280819654464722,-0.6553635001182556,0.7469272613525391,0.18931671977043152,1.4408326148986816,0.03589756414294243
1780001791165627100,14.285627197265624,-0.07554249465465546,0.08252398669719696,-0.6552839279174805,0.7470515966415405,0.18817442655563354,1.4405500888824463,0.03631117567420006
1780001791181961700,14.301961669921875,-0.07556074112653732,0.08245351165533066,-0.6552150249481201,0.7471179962158203,0.18706662952899933,1.440368413925171,0.03734590858221054
1780001791198293800,14.318293701171875,-0.07568535208702087,0.08247244358062744,-0.6551668047904968,0.7471455931663513,0.18596529960632324,1.4402726888656616,0.03865271061658859
1780001791214627300,14.33462744140625,-0.07580899447202682,0.08249003440141678,-0.6551355123519897,0.7471586465835571,0.18488472700119019,1.440221905708313,0.03993534296751022
1780001791230958000,14.3509580078125,-0.07577206194400787,0.08237685263156891,-0.6551260352134705,0.747183084487915,0.18392705917358398,1.4401806592941284,0.040678974241018295
1780001791247293400,14.36729345703125,-0.07579229027032852,0.08233737200498581,-0.6551106572151184,0.7471988797187805,0.18324416875839233,1.4401432275772095,0.041334688663482666
1780001791263623000,14.383622802734376,-0.0756799504160881,0.08220183849334717,-0.655119001865387,0.7472178339958191,0.18280869722366333,1.4401298761367798,0.04141664877533913
1780001791279958300,14.399958251953125,-0.07561598718166351,0.08212356269359589,-0.655113697052002,0.7472376227378845,0.18253368139266968,1.4400964975357056,0.04148917272686958
1780001791296289000,14.4162890625,-0.07556299865245819,0.08203182369470596,-0.655098021030426,0.7472667694091797,0.18197812139987946,1.440036654472351,0.04183874651789665
1780001791312622800,14.432622802734375,-0.07552791386842728,0.08193423599004745,-0.65507972240448,0.7472971081733704,0.18117250502109528,1.4399744272232056,0.042455680668354034
1780001791328955100,14.448955078125,-0.07550635933876038,0.08182328939437866,-0.6550583243370056,0.7473301291465759,0.1800731122493744,1.439905047416687,0.04336639866232872
1780001791345289700,14.465289794921874,-0.07545794546604156,0.08168037235736847,-0.6550332903862,0.747372567653656,0.17886850237846375,1.4398187398910522,0.044298816472291946
1780001791361619700,14.48161962890625,-0.0754111036658287,0.08153555542230606,-0.654990017414093,0.7474310994148254,0.1776033639907837,1.4396851062774658,0.045291680842638016
1780001791377954600,14.49795458984375,-0.07539863139390945,0.08144622296094894,-0.6549403071403503,0.7474856376647949,0.17663002014160156,1.4395443201065063,0.04612090438604355
1780001791394287600,14.51428759765625,-0.07539348304271698,0.08138016611337662,-0.6548763513565063,0.7475493550300598,0.1758357137441635,1.4393690824508667,0.04681484401226044
1780001791410635300,14.53063525390625,-0.07543512433767319,0.08136593550443649,-0.6547950506210327,0.7476179599761963,0.17515279352664948,1.4391627311706543,0.047538526356220245
1780001791426964200,14.546964111328125,-0.07540386915206909,0.08128084987401962,-0.6547316908836365,0.7476858496665955,0.17440387606620789,1.4389816522598267,0.048122894018888474
1780001791443298000,14.563298095703125,-0.07499904930591583,0.08087136596441269,-0.6547239422798157,0.7477777600288391,0.1737063229084015,1.4388412237167358,0.047660134732723236
1780001791459632400,14.57963232421875,-0.07499708980321884,0.08085508644580841,-0.6546910405158997,0.7478085160255432,0.1734975427389145,1.4387524127960205,0.047843605279922485
1780001791475960300,14.595960205078125,-0.07489733397960663,0.08077262341976166,-0.6546998620033264,0.7478197813034058,0.17355111241340637,1.4387483596801758,0.04753036051988602
1780001791492298500,14.612298583984375,-0.07487750053405762,0.08078332245349884,-0.6547053456306458,0.7478157877922058,0.17387749254703522,1.4387587308883667,0.047190841287374496
1780001791508642600,14.628642578125,-0.07489189505577087,0.08080457895994186,-0.6547031998634338,0.7478138208389282,0.17397603392601013,1.4387564659118652,0.04714295268058777
1780001791524974300,14.644974365234376,-0.07489357143640518,0.08077272027730942,-0.6546859741210938,0.7478322386741638,0.17357200384140015,1.4387098550796509,0.04750440642237663
1780001791541308400,14.661308349609374,-0.07490285485982895,0.08069344609975815,-0.6546483039855957,0.7478728890419006,0.17252348363399506,1.4386075735092163,0.04845396801829338
1780001791557633800,14.6776337890625,-0.07487604767084122,0.08054187148809433,-0.6546036601066589,0.7479309439659119,0.1709967851638794,1.4384725093841553,0.0497271753847599
1780001791573975300,14.693975341796875,-0.0748136043548584,0.08034422993659973,-0.6545751094818115,0.747983455657959,0.1693170964717865,1.4383695125579834,0.05103684216737747
1780001791590305000,14.710304931640625,-0.07475007325410843,0.08017777651548386,-0.6545519232749939,0.7480279803276062,0.16801345348358154,1.43828284740448,0.05201320722699165
1780001791606638600,14.726638671875,-0.0743730291724205,0.07976419478654861,-0.6545546054840088,0.748107373714447,0.16701333224773407,1.4381763935089111,0.05188656970858574
1780001791622966500,14.742966552734375,-0.07427746057510376,0.07961331307888031,-0.6545146703720093,0.7481679320335388,0.16618795692920685,1.4380390644073486,0.052361734211444855
1780001791639291100,14.759291015625,-0.0742894858121872,0.07957544177770615,-0.6544758081436157,0.7482047080993652,0.16559331119060516,1.437935471534729,0.052920106798410416
1780001791655636500,14.775636474609374,-0.0743030309677124,0.07954133301973343,-0.6544453501701355,0.7482336759567261,0.16503684222698212,1.437855839729309,0.053447943180799484
1780001791671969800,14.7919697265625,-0.07431565970182419,0.07950595021247864,-0.6544256806373596,0.748253345489502,0.1644873321056366,1.4378037452697754,0.05396537482738495
1780001791688301300,14.80830126953125,-0.07432153075933456,0.07945723086595535,-0.6544253826141357,0.7482581734657288,0.16387365758419037,1.4378001689910889,0.05451783910393715
1780001791704630300,14.82463037109375,-0.07420935481786728,0.07930922508239746,-0.6544453501701355,0.7482675313949585,0.16331347823143005,1.4378176927566528,0.054706867784261703
1780001791720953000,14.840953125,-0.07414820045232773,0.0792219266295433,-0.654455840587616,0.7482736706733704,0.16293230652809143,1.4378257989883423,0.054876361042261124
1780001791737287000,14.857286865234375,-0.07409936189651489,0.07913298904895782,-0.6544429659843445,0.748299241065979,0.1623862385749817,1.4377753734588623,0.0552263967692852
1780001791753602300,14.873602294921875,-0.07401822507381439,0.07899511605501175,-0.6544098854064941,0.7483507394790649,0.1615801751613617,1.437659502029419,0.05572110787034035
1780001791769952300,14.8899521484375,-0.07399648427963257,0.07889500260353088,-0.654349684715271,0.7484160661697388,0.16059249639511108,1.4374876022338867,0.0565362311899662
1780001791786284000,14.906283935546876,-0.07388634234666824,0.07872338593006134,-0.6542968153953552,0.7484912276268005,0.15967071056365967,1.4373106956481934,0.057057492434978485
1780001791802614800,14.92261474609375,-0.07383351773023605,0.0786052867770195,-0.6542549133300781,0.7485455274581909,0.15880678594112396,1.4371799230575562,0.0576789490878582
1780001791818951200,14.938951171875,-0.07386540621519089,0.07858306914567947,-0.6542205214500427,0.7485747933387756,0.15820801258087158,1.4370936155319214,0.058292143046855927
1780001791835275000,14.95527490234375,-0.07394913583993912,0.07861040532588959,-0.6541826725006104,0.748596727848053,0.15765997767448425,1.4370131492614746,0.058999042958021164
1780001791851628300,14.971628173828124,-0.07401993870735168,0.07862087339162827,-0.6541447043418884,0.7486218214035034,0.1570483148097992,1.4369277954101562,0.059727225452661514
1780001791867945000,14.987945068359375,-0.07408317923545837,0.07862445712089539,-0.6541171073913574,0.7486392855644226,0.15644331276416779,1.4368679523468018,0.060427915304899216
1780001791884293600,15.004293701171875,-0.074064239859581,0.07858234643936157,-0.6541005373001099,0.7486600279808044,0.15613648295402527,1.436816692352295,0.06064794212579727
1780001791900627700,15.020627685546875,-0.07391848415136337,0.07843931019306183,-0.6541002988815308,0.7486896514892578,0.15594443678855896,1.4367742538452148,0.06042863056063652
1780001791916959200,15.036959228515625,-0.0738249197602272,0.07836147397756577,-0.6540918946266174,0.7487143278121948,0.15597151219844818,1.4367256164550781,0.06015739589929581
1780001791933270500,15.0532705078125,-0.07381705194711685,0.0783606544137001,-0.6540859341621399,0.7487204074859619,0.1560336798429489,1.436708688735962,0.06008307263255119
1780001791949609700,15.069609619140625,-0.07382369041442871,0.07836855947971344,-0.654075562953949,0.7487280368804932,0.1560484617948532,1.4366837739944458,0.0600893460214138
1780001791965937700,15.085937744140624,-0.07376391440629959,0.078288234770298,-0.654043436050415,0.7487704157829285,0.1556948572397232,1.4365794658660889,0.06024395674467087
1780001791982276600,15.102276611328126,-0.07351218163967133,0.07802979648113251,-0.6540065407752991,0.7488543391227722,0.1552005410194397,1.436408519744873,0.06001213192939758
1780001791998610200,15.118610107421874,-0.07338938117027283,0.07789343595504761,-0.6539382338523865,0.7489402294158936,0.15479707717895508,1.436191201210022,0.06004771217703819
1780001792014941400,15.13494140625,-0.07326209545135498,0.07776971906423569,-0.6538807153701782,0.7490158081054688,0.15459014475345612,1.4360029697418213,0.05989827588200569
1780001792031257900,15.1512578125,-0.073224276304245,0.07773981988430023,-0.6538353562355042,0.749062180519104,0.15457965433597565,1.4358726739883423,0.0598130002617836
1780001792047628800,15.16762890625,-0.07325737923383713,0.07777199149131775,-0.6538100838661194,0.7490776181221008,0.15459638833999634,1.4358141422271729,0.059889692813158035
1780001792063946500,15.183946533203125,-0.07315431535243988,0.07769493013620377,-0.653796911239624,0.7491071820259094,0.15471921861171722,1.4357521533966064,0.05951051041483879
1780001792080293000,15.200293212890625,-0.07307077944278717,0.07762546837329865,-0.6537764668464661,0.7491403222084045,0.1547309160232544,1.435674786567688,0.05928117781877518
1780001792096605700,15.216605712890624,-0.07297825813293457,0.07751849293708801,-0.653732419013977,0.7491989731788635,0.15438711643218994,1.435531497001648,0.05934186279773712
1780001792112951800,15.232951904296876,-0.072724349796772,0.07726862281560898,-0.6536908745765686,0.7492856979370117,0.15400710701942444,1.435349464416504,0.05900498107075691
1780001792129292300,15.249292236328126,-0.07267747819423676,0.077211894094944,-0.6536450386047363,0.7493361234664917,0.15378338098526,1.4352140426635742,0.05908212438225746
1780001792145617200,15.2656171875,-0.07258033007383347,0.07712974399328232,-0.653645396232605,0.7493535876274109,0.15380336344242096,1.435187578201294,0.05880644917488098
1780001792161960200,15.281960205078125,-0.07259435206651688,0.0771590918302536,-0.6536605954170227,0.7493360042572021,0.15401031076908112,1.4352338314056396,0.058661121875047684
1780001792178277000,15.298277099609376,-0.0725848600268364,0.0771830752491951,-0.6536594033241272,0.7493354678153992,0.15436933934688568,1.4352303743362427,0.05832277238368988
1780001792194600200,15.31460009765625,-0.07250861823558807,0.07710010558366776,-0.6536353230476379,0.7493723630905151,0.15415553748607635,1.4351439476013184,0.05831025540828705
1780001792210926600,15.330926513671875,-0.07242612540721893,0.07695312798023224,-0.6535705924034119,0.7494519948959351,0.15324969589710236,1.4349453449249268,0.05889049172401428
1780001792227271400,15.347271484375,-0.07241258770227432,0.076833076775074,-0.6534786820411682,0.749545693397522,0.15195795893669128,1.4346885681152344,0.05999355763196945
1780001792243600600,15.3636005859375,-0.07240234315395355,0.07671046257019043,-0.6534038186073303,0.7496245503425598,0.1506253033876419,1.434478759765625,0.06113841384649277
1780001792259933200,15.37993310546875,-0.07244202494621277,0.07668669521808624,-0.653356671333313,0.7496641874313354,0.14993920922279358,1.434359073638916,0.06184794753789902
1780001792276246500,15.39624658203125,-0.07252699136734009,0.07675283402204514,-0.6533324718475342,0.7496702671051025,0.1498381346464157,1.4343173503875732,0.062164630740880966
1780001792292599600,15.412599609375,-0.07254989445209503,0.07679995149374008,-0.6533389687538147,0.7496576905250549,0.15014776587486267,1.4343441724777222,0.06195501238107681
1780001792308931000,15.42893115234375,-0.0726378858089447,0.07690034806728363,-0.6533513069152832,0.7496280074119568,0.15042947232723236,1.434401512145996,0.06194119155406952
1780001792325277700,15.445277587890626,-0.07261212170124054,0.0769011378288269,-0.6533735394477844,0.7496110796928406,0.15070492029190063,1.4344555139541626,0.061629801988601685
1780001792341612000,15.461612060546875,-0.07257239520549774,0.07684418559074402,-0.653389036655426,0.7496072053909302,0.15046608448028564,1.434483528137207,0.06173047423362732
1780001792357944800,15.47794482421875,-0.0725623071193695,0.07677176594734192,-0.6533730626106262,0.749629557132721,0.14974354207515717,1.4344335794448853,0.0623357929289341
1780001792374275000,15.494275146484375,-0.07250411063432693,0.07666835188865662,-0.6533318758010864,0.7496817708015442,0.14911828935146332,1.434305191040039,0.06273193657398224
1780001792390609400,15.510609375,-0.07247990369796753,0.07659412920475006,-0.6532785892486572,0.7497380971908569,0.14848202466964722,1.4341527223587036,0.06322884559631348
1780001792406939400,15.526939453125,-0.07240958511829376,0.07649260014295578,-0.6532405614852905,0.7497882843017578,0.14799821376800537,1.434028148651123,0.06346839666366577
1780001792423275300,15.543275146484374,-0.07243575155735016,0.07649719715118408,-0.6531983613967896,0.7498221397399902,0.14776460826396942,1.4339232444763184,0.06374681740999222
1780001792439606800,15.559606689453124,-0.07220646739006042,0.0763009786605835,-0.653163731098175,0.749894380569458,0.14775675535202026,1.4337695837020874,0.06314922869205475
1780001792455939800,15.57593994140625,-0.07218020409345627,0.07626701146364212,-0.6530879139900208,0.7499663233757019,0.1475706398487091,1.4335598945617676,0.06325079500675201
1780001792472272100,15.592272216796875,-0.0721113383769989,0.07618983834981918,-0.6530108451843262,0.750048041343689,0.1473131626844406,1.4333369731903076,0.06330198794603348
1780001792488584000,15.608583984375,-0.07206567376852036,0.07614400237798691,-0.652928352355957,0.7501288056373596,0.14717642962932587,1.4331048727035522,0.06330978125333786
1780001792504942300,15.6249423828125,-0.07201781868934631,0.07609906047582626,-0.6528574228286743,0.7501996755599976,0.14707985520362854,1.432903528213501,0.06327550858259201
1780001792521271600,15.641271484375,-0.07205194979906082,0.0761273130774498,-0.6527982354164124,0.7502450942993164,0.14701978862285614,1.4327561855316162,0.0634256899356842
1780001792537601000,15.65760107421875,-0.07201695442199707,0.07612243294715881,-0.6527729630470276,0.7502709031105042,0.1472780853509903,1.432681679725647,0.06311102211475372
1780001792553937000,15.67393701171875,-0.07191198319196701,0.07606437802314758,-0.6527742147445679,0.7502856850624084,0.14763623476028442,1.4326586723327637,0.06252045184373856
1780001792570267400,15.690267333984375,-0.07195604592561722,0.07612726092338562,-0.6527740359306335,0.7502752542495728,0.14790961146354675,1.4326726198196411,0.06239944323897362
1780001792586601500,15.7066015625,-0.07195677608251572,0.07613914459943771,-0.6527783870697021,0.7502703666687012,0.14803706109523773,1.4326869249343872,0.06229029968380928
1780001792602934300,15.722934326171876,-0.07187142968177795,0.07604534178972244,-0.6527871489524841,0.7502802610397339,0.1478220820426941,1.4326833486557007,0.062249574810266495
1780001792619267600,15.739267578125,-0.07183779776096344,0.0759844109416008,-0.6527884006500244,0.7502886652946472,0.14747221767902374,1.4326764345169067,0.062464941293001175
1780001792635599400,15.755599365234374,-0.07174406945705414,0.07584886252880096,-0.6527863144874573,0.7503132224082947,0.14686937630176544,1.4326413869857788,0.06274129450321198
1780001792651932400,15.771932373046875,-0.07173565775156021,0.07577741891145706,-0.6527611613273621,0.7503431439399719,0.14614424109458923,1.4325674772262573,0.06335314363241196
1780001792668251400,15.78825146484375,-0.07173021137714386,0.0757099837064743,-0.6527090668678284,0.7503957152366638,0.14541485905647278,1.432422161102295,0.06397946923971176
1780001792684598500,15.8045986328125,-0.0717063918709755,0.07562986761331558,-0.6526561975479126,0.7504519820213318,0.14472121000289917,1.4322701692581177,0.06452605128288269
1780001792700912400,15.820912353515626,-0.0717257633805275,0.07560225576162338,-0.6525983810424805,0.7505031824111938,0.14419208467006683,1.4321178197860718,0.06504448503255844
1780001792717249300,15.837249267578125,-0.07181814312934875,0.07567637413740158,-0.6525483727455139,0.750530481338501,0.1440940797328949,1.4320108890533447,0.06538084149360657
1780001792733582000,15.85358203125,-0.07191149145364761,0.07577162981033325,-0.6525110006332397,0.7505443692207336,0.14422757923603058,1.4319376945495605,0.06551668047904968
1780001792749915000,15.869914794921876,-0.07207289338111877,0.07592546194791794,-0.6524758338928223,0.750544011592865,0.14436152577400208,1.431889533996582,0.06583261489868164
1780001792766234600,15.886234619140625,-0.07213220000267029,0.07600007206201553,-0.6524685621261597,0.7505369782447815,0.14461256563663483,1.4318873882293701,0.06577224284410477
1780001792782581800,15.902581787109375,-0.07213672995567322,0.07600866258144379,-0.6524572968482971,0.7505453824996948,0.1446552872657776,1.4318580627441406,0.06574826687574387
1780001792798914600,15.91891455078125,-0.07206465303897858,0.07592573761940002,-0.6524361968040466,0.7505791187286377,0.1444127857685089,1.4317823648452759,0.0657704547047615
1780001792815256000,15.935256103515625,-0.07190690189599991,0.07576113194227219,-0.6524099707603455,0.7506336569786072,0.1440815031528473,1.4316679239273071,0.06564310193061829
1780001792831616300,15.9516162109375,-0.07162182778120041,0.07548084855079651,-0.6523696780204773,0.7507241368293762,0.14367569983005524,1.4314824342727661,0.06524431705474854
1780001792847922400,15.96792236328125,-0.07155568897724152,0.07542476058006287,-0.6522865295410156,0.7508082985877991,0.14362478256225586,1.4312443733215332,0.06512267887592316
1780001792864228900,15.984228759765625,-0.07154954969882965,0.0754489004611969,-0.6522135138511658,0.7508699893951416,0.1438913643360138,1.4310530424118042,0.06488335132598877
1780001792880590800,16.0005908203125,-0.07161257416009903,0.07553066313266754,-0.6521868109703064,0.7508789300918579,0.14416998624801636,1.4310011863708496,0.06481140851974487
1780001792896907800,16.01690771484375,-0.07176343351602554,0.07568828016519547,-0.6521881222724915,0.7508475184440613,0.14447128772735596,1.431046962738037,0.06494959443807602
1780001792913255200,16.033255126953126,-0.07173969596624374,0.07568421214818954,-0.652201235294342,0.7508388757705688,0.14465929567813873,1.4310778379440308,0.06472185999155045
1780001792929576700,16.04957666015625,-0.07182496041059494,0.0757455974817276,-0.6521875858306885,0.7508364319801331,0.144517719745636,1.4310632944107056,0.0650726780295372
1780001792945921800,16.065921875,-0.07178067415952682,0.0756741315126419,-0.6521682739257812,0.7508645057678223,0.14414122700691223,1.4309965372085571,0.0652843490242958
1780001792962249200,16.082249267578124,-0.0716390386223793,0.07553140819072723,-0.6521438956260681,0.7509136199951172,0.14389869570732117,1.430893063545227,0.06512241065502167
1780001792978588700,16.098588623046876,-0.07150495797395706,0.07540300488471985,-0.6521204710006714,0.750959575176239,0.1437416672706604,1.4307935237884521,0.06490589678287506
1780001792994911700,16.114911865234376,-0.07125061005353928,0.0751843973994255,-0.6521117687225342,0.7510132193565369,0.14374080300331116,1.4307029247283936,0.06423316150903702
1780001793011233000,16.13123291015625,-0.07117046415805817,0.07512925565242767,-0.6520881652832031,0.751046895980835,0.14387410879135132,1.4306215047836304,0.06390781700611115
1780001793027567600,16.147567626953126,-0.07114153355360031,0.07512383908033371,-0.652075469493866,0.751061201095581,0.14407607913017273,1.43058180809021,0.06365718692541122
1780001793043901200,16.163901123046877,-0.07111066579818726,0.07510707527399063,-0.6520641446113586,0.7510755658149719,0.14417393505573273,1.4305434226989746,0.06349155306816101
1780001793060219000,16.180218994140624,-0.07106585800647736,0.07506600022315979,-0.6520472168922424,0.7510986328125,0.14413434267044067,1.4304871559143066,0.06340915709733963
1780001793076573400,16.196573486328123,-0.07111616432666779,0.07508410513401031,-0.6519963145256042,0.7511363625526428,0.14382340013980865,1.4303644895553589,0.06381876766681671
1780001793092900900,16.21290087890625,-0.07102633267641068,0.0749775767326355,-0.6519439220428467,0.7512009143829346,0.14346890151500702,1.4301992654800415,0.06389444321393967
1780001793109234700,16.229234619140627,-0.07097428292036057,0.07490640878677368,-0.6518852114677429,0.7512638568878174,0.143140971660614,1.430027961730957,0.06404802948236465
1780001793125566500,16.24556640625,-0.07078099250793457,0.0747184306383133,-0.651845395565033,0.7513354420661926,0.14287900924682617,1.4298704862594604,0.06376781314611435
1780001793141887500,16.261887451171877,-0.07061957567930222,0.07456709444522858,-0.6518083214759827,0.7513977885246277,0.14271822571754456,1.4297288656234741,0.0634838119149208
1780001793158233600,16.278233642578126,-0.0705459713935852,0.07448695600032806,-0.6517722606658936,0.7514439821243286,0.1425110250711441,1.4296131134033203,0.06347283720970154
1780001793174579200,16.2945791015625,-0.07054916024208069,0.07448047399520874,-0.651729941368103,0.7514809370040894,0.14238078892230988,1.4295004606246948,0.06359899789094925
1780001793190892800,16.310892822265625,-0.07054886221885681,0.07446376234292984,-0.6516908407211304,0.751516580581665,0.14217549562454224,1.4293960332870483,0.06378092616796494
1780001793207229400,16.3272294921875,-0.07058082520961761,0.07447837293148041,-0.6516594886779785,0.7515392899513245,0.14201422035694122,1.4293198585510254,0.06400902569293976
1780001793223560200,16.343560302734375,-0.0705212727189064,0.07442034780979156,-0.6516587138175964,0.7515512704849243,0.14194075763225555,1.4293017387390137,0.06391502171754837
1780001793239885600,16.359885498046875,-0.07053817808628082,0.07444033771753311,-0.6516527533531189,0.7515528202056885,0.14199498295783997,1.4292899370193481,0.06391342729330063
1780001793256228000,16.37622802734375,-0.07052262872457504,0.07442343235015869,-0.6516222357749939,0.7515825033187866,0.14193524420261383,1.4292062520980835,0.06392770260572433
1780001793272562000,16.39256201171875,-0.07042557001113892,0.07430724054574966,-0.6515748500823975,0.7516441941261292,0.1415504664182663,1.4290525913238525,0.0640096366405487
1780001793288893200,16.40889306640625,-0.07033344358205795,0.07417730242013931,-0.6515163779258728,0.7517161965370178,0.14096538722515106,1.428868293762207,0.06427916884422302
1780001793305243000,16.425242919921875,-0.0702173262834549,0.0740218460559845,-0.6514624953269958,0.7517892122268677,0.14033274352550507,1.4286922216415405,0.06452643126249313
1780001793321572900,16.44157275390625,-0.07014960795640945,0.07391166687011719,-0.6514330506324768,0.7518318891525269,0.13975681364536285,1.428592562675476,0.06484952569007874
1780001793337902800,16.45790283203125,-0.0700492188334465,0.07379141449928284,-0.6514086127281189,0.7518742680549622,0.1393776834011078,1.4284992218017578,0.0649149939417839
1780001793354241500,16.474241455078126,-0.0699520856142044,0.07367647439241409,-0.6513652801513672,0.7519320845603943,0.13901276886463165,1.428356409072876,0.06497861444950104
1780001793370572300,16.490572265625,-0.06987781822681427,0.07356812059879303,-0.651290774345398,0.7520141005516052,0.13848792016506195,1.4281361103057861,0.06524468958377838
1780001793386899500,16.5068994140625,-0.06971148401498795,0.0733758732676506,-0.651221752166748,0.752108097076416,0.13791760802268982,1.4279066324234009,0.06530560553073883
1780001793403224300,16.523224365234373,-0.06962351500988007,0.07326728105545044,-0.6511542201042175,0.7521852850914001,0.13752244412899017,1.4277020692825317,0.06542212516069412
1780001793419566800,16.53956689453125,-0.0694807767868042,0.07312183827161789,-0.6511231660842896,0.7522395849227905,0.1372605264186859,1.4275821447372437,0.06527437269687653
1780001793435899100,16.555899169921876,-0.0694374367594719,0.07308056950569153,-0.6511040329933167,0.7522640824317932,0.13720528781414032,1.4275195598602295,0.0652092918753624
1780001793452234500,16.572234375,-0.06935059279203415,0.07301173359155655,-0.6510907411575317,0.7522903084754944,0.13725827634334564,1.4274628162384033,0.06493490934371948
1780001793468563700,16.588563720703124,-0.06930674612522125,0.07297169417142868,-0.6510552763938904,0.7523289322853088,0.13721004128456116,1.4273576736450195,0.06486443430185318
1780001793484903400,16.6049033203125,-0.0691889226436615,0.07285230606794357,-0.6509998440742493,0.7523992657661438,0.13698133826255798,1.4271793365478516,0.06475628167390823
1780001793501231900,16.62123193359375,-0.06911753118038177,0.07276546210050583,-0.650937020778656,0.7524686455726624,0.13667038083076477,1.4269932508468628,0.06484320759773254
1780001793517568800,16.63756884765625,-0.06900687515735626,0.07266882807016373,-0.6508863568305969,0.7525318264961243,0.1366206407546997,1.4268299341201782,0.06459837406873703
1780001793533898800,16.653898681640626,-0.06899019330739975,0.07267490029335022,-0.6508098840713501,0.7525991201400757,0.1367865353822708,1.4266269207000732,0.06441929191350937
1780001793550228200,16.670228271484376,-0.06899052113294601,0.07270438969135284,-0.6507266759872437,0.7526680827140808,0.1370401382446289,1.4264087677001953,0.06420952081680298
1780001793566556700,16.686556640625,-0.06898505985736847,0.0727141723036766,-0.650627613067627,0.7527531981468201,0.13712754845619202,1.4261460304260254,0.06413009762763977
1780001793582896000,16.702896240234374,-0.06905066967010498,0.0727665051817894,-0.6505340933799744,0.752822995185852,0.1370246708393097,1.425916314125061,0.06440286338329315
1780001793599230200,16.719230224609376,-0.06913921236991882,0.07281848788261414,-0.6504697203636169,0.7528654336929321,0.13673089444637299,1.4257664680480957,0.06489796191453934
1780001793615586600,16.735586669921876,-0.06932584941387177,0.07297128438949585,-0.6504498720169067,0.7528505921363831,0.1366409808397293,1.4257607460021973,0.06547162681818008
1780001793631895800,16.751895751953125,-0.06944175064563751,0.07307422161102295,-0.6504592895507812,0.7528219223022461,0.13668358325958252,1.4258167743682861,0.06574069708585739
1780001793648224500,16.768224609375,-0.06949818134307861,0.07312262058258057,-0.6504563093185425,0.752814531326294,0.13668139278888702,1.4258226156234741,0.06589220464229584
1780001793664545000,16.784544921875,-0.06942041963338852,0.07302834838628769,-0.6504192352294922,0.7528629302978516,0.13636882603168488,1.4257030487060547,0.06596056371927261
1780001793680887300,16.80088720703125,-0.06926846504211426,0.07286383211612701,-0.6503589749336243,0.752944827079773,0.13597287237644196,1.4255011081695557,0.06590673327445984
1780001793697211400,16.81721142578125,-0.06904555857181549,0.07263313233852386,-0.6503157019615173,0.7530250549316406,0.1355324685573578,1.4253270626068115,0.06570205837488174
1780001793713543700,16.833543701171877,-0.06897864490747452,0.07254129648208618,-0.6502689719200134,0.7530803084373474,0.13514313101768494,1.4251832962036133,0.0658661499619484
1780001793729877200,16.849877197265624,-0.06902207434177399,0.0725441724061966,-0.6502305269241333,0.753109335899353,0.13476009666919708,1.4250904321670532,0.06631601601839066
1780001793746209000,16.866208984375,-0.0690702497959137,0.0725521594285965,-0.6501976847648621,0.7531324028968811,0.13439171016216278,1.4250121116638184,0.06676478683948517
1780001793762542300,16.882542236328124,-0.06915366649627686,0.07260254770517349,-0.6501681804656982,0.7531454563140869,0.13415315747261047,1.4249541759490967,0.06719475984573364
1780001793778855700,16.898855712890626,-0.06917348504066467,0.07259143143892288,-0.6501363515853882,0.7531720995903015,0.13384059071540833,1.424871802330017,0.06752005219459534
1780001793795222800,16.915222900390624,-0.06913404911756516,0.07251965999603271,-0.650079071521759,0.7532321214675903,0.1334112137556076,1.4247078895568848,0.06779228150844574
1780001793811547400,16.93154736328125,-0.06897727400064468,0.07235895097255707,-0.6499994397163391,0.753330647945404,0.13309133052825928,1.4244550466537476,0.06766154617071152
1780001793827870500,16.947870361328125,-0.06878434121608734,0.07216847687959671,-0.6499239802360535,0.7534316182136536,0.13278701901435852,1.424204707145691,0.06742120534181595
1780001793844203800,16.964203857421875,-0.06854230165481567,0.07196414470672607,-0.6498748660087585,0.7535156607627869,0.13279125094413757,1.4240151643753052,0.0667823925614357
1780001793860540200,16.9805400390625,-0.06845304369926453,0.07189932465553284,-0.649865984916687,0.753537654876709,0.13290725648403168,1.4239706993103027,0.06644711643457413
1780001793876892200,16.99689208984375,-0.06854216009378433,0.07199307531118393,-0.649855375289917,0.7535297274589539,0.1330813467502594,1.4239661693572998,0.066533662378788
1780001793893219000,17.013218994140626,-0.06862274557352066,0.0720599889755249,-0.6498336791992188,0.7535346150398254,0.1330462396144867,1.4239283800125122,0.06677906960248947
1780001793909532700,17.02953271484375,-0.06860598921775818,0.07202991843223572,-0.649797797203064,0.7535699605941772,0.1328624039888382,1.4238277673721313,0.0668969452381134
1780001793925887500,17.045887451171875,-0.06841854751110077,0.07183632254600525,-0.6497512459754944,0.7536457777023315,0.13249371945858002,1.4236564636230469,0.06672413647174835
1780001793942195000,17.06219482421875,-0.06823956221342087,0.07165355235338211,-0.6496791243553162,0.753741443157196,0.13214732706546783,1.4234176874160767,0.06655652076005936
1780001793958528800,17.07852880859375,-0.06813164055347443,0.07155253738164902,-0.649601399898529,0.7538278698921204,0.13201400637626648,1.4231857061386108,0.06639397144317627
1780001793974860000,17.094860107421876,-0.06808558106422424,0.07151210308074951,-0.6495450735092163,0.7538843750953674,0.1319713145494461,1.4230248928070068,0.06631447374820709
1780001793991197400,17.111197509765624,-0.06805094331502914,0.07149530947208405,-0.6495067477226257,0.7539220452308655,0.1320817917585373,1.4229155778884888,0.06613140553236008
1780001794007522300,17.127522216796876,-0.06803353130817413,0.07150191068649292,-0.6494895219802856,0.7539377808570862,0.1322934776544571,1.4228670597076416,0.06590458005666733
1780001794023855600,17.143855712890623,-0.06797607243061066,0.07147141546010971,-0.6494867205619812,0.7539482712745667,0.1324845254421234,1.4228472709655762,0.06558836251497269
1780001794040184300,17.160184326171876,-0.06790883094072342,0.07141803950071335,-0.6495064496994019,0.7539425492286682,0.13253940641880035,1.4228839874267578,0.06536164879798889
1780001794056520000,17.17652001953125,-0.06778056919574738,0.07130409777164459,-0.6495165824890137,0.7539560794830322,0.13250260055065155,1.4228779077529907,0.06505317986011505
1780001794072852500,17.1928525390625,-0.06760125607252121,0.07115327566862106,-0.6495068669319153,0.7539947628974915,0.13252440094947815,1.422808051109314,0.06456145644187927
1780001794089184000,17.20918408203125,-0.06749723851680756,0.07104068249464035,-0.6494709849357605,0.7540456652641296,0.13226045668125153,1.4226856231689453,0.06451768428087234
1780001794105531400,17.225531494140625,-0.06738058477640152,0.07090257108211517,-0.649422824382782,0.7541105151176453,0.13183815777301788,1.4225261211395264,0.06457798928022385
1780001794121852400,17.241852294921873,-0.06723518669605255,0.0707525759935379,-0.6493921875953674,0.7541640996932983,0.13155752420425415,1.4224083423614502,0.06443887203931808
1780001794138194000,17.25819384765625,-0.06715095043182373,0.07067715376615524,-0.6493819355964661,0.7541874647140503,0.13151711225509644,1.4223599433898926,0.06425200402736664
1780001794154524000,17.27452392578125,-0.06709440797567368,0.07063689827919006,-0.6493930816650391,0.7541866898536682,0.13160718977451324,1.4223761558532715,0.0640239417552948
1780001794170862300,17.2908623046875,-0.06704824417829514,0.070599764585495,-0.6493988633155823,0.7541892528533936,0.1316348910331726,1.422379732131958,0.0638774037361145
1780001794187192800,17.30719287109375,-0.06693670153617859,0.07048377394676208,-0.6493857502937317,0.7542213201522827,0.13141603767871857,1.422316074371338,0.06377249956130981
1780001794203524600,17.323524658203127,-0.06675230711698532,0.07029608637094498,-0.6493461728096008,0.7542892098426819,0.13108550012111664,1.4221638441085815,0.06357391923666
1780001794219863600,17.339863525390626,-0.06655093282461166,0.07009224593639374,-0.6493051648139954,0.7543613314628601,0.13073767721652985,1.4220041036605835,0.06334561854600906
1780001794236187000,17.356186767578127,-0.06639447808265686,0.0699150413274765,-0.6492824554443359,0.7544109225273132,0.13027985394001007,1.4219008684158325,0.06332847476005554
1780001794252523800,17.372523681640626,-0.0662931576371193,0.06982556730508804,-0.6492982506752014,0.7544145584106445,0.13026030361652374,1.4219176769256592,0.06307607889175415
1780001794268858400,17.3888583984375,-0.06623592972755432,0.06982872635126114,-0.6493504643440247,0.7543745040893555,0.13082529604434967,1.4220471382141113,0.06243336200714111
1780001794285191000,17.40519091796875,-0.06613561511039734,0.06979022175073624,-0.6494179368019104,0.7543286681175232,0.13135115802288055,1.4222033023834229,0.0617084726691246
1780001794301534500,17.421534423828124,-0.06598682701587677,0.0696709156036377,-0.649470329284668,0.7543075680732727,0.13146497309207916,1.4223055839538574,0.061211828142404556
1780001794317870300,17.437870361328127,-0.06583620607852936,0.06952427327632904,-0.6494722366333008,0.7543326616287231,0.1312834918498993,1.4222729206085205,0.06097010150551796
1780001794334196000,17.454196044921876,-0.06564806401729584,0.0693129375576973,-0.6494395732879639,0.7543966770172119,0.13074643909931183,1.4221376180648804,0.060939110815525055
1780001794350533600,17.47053369140625,-0.06544250249862671,0.06907658278942108,-0.6494089365005493,0.7544625997543335,0.1301073282957077,1.4220020771026611,0.06094964221119881
1780001794366865400,17.486865478515625,-0.06521367281675339,0.06882631778717041,-0.6493980288505554,0.754514753818512,0.12954208254814148,1.4219149351119995,0.06083311885595322
1780001794383196400,17.503196533203123,-0.0650232583284378,0.06862737238407135,-0.6493962407112122,0.7545507550239563,0.12917140126228333,1.421860694885254,0.060649264603853226
1780001794399526400,17.5195263671875,-0.0648641362786293,0.06847696006298065,-0.6494051814079285,0.7545704245567322,0.1290302723646164,1.4218454360961914,0.06034966558218002
1780001794415868700,17.53586865234375,-0.06473842263221741,0.06838276982307434,-0.6494160890579224,0.7545803785324097,0.12917330861091614,1.4218449592590332,0.05989329144358635
1780001794432195800,17.55219580078125,-0.06463703513145447,0.06830187141895294,-0.6494218707084656,0.7545914649963379,0.1292364001274109,1.4218369722366333,0.05957070365548134
1780001794448527400,17.56852734375,-0.06450127065181732,0.06817787885665894,-0.649416446685791,0.7546188235282898,0.1291523575782776,1.4217888116836548,0.05928488075733185
1780001794464861700,17.58486181640625,-0.06427360326051712,0.06796140223741531,-0.6493933796882629,0.7546776533126831,0.1289154589176178,1.4216723442077637,0.05888998880982399
1780001794481194800,17.60119482421875,-0.06401138007640839,0.06772009283304214,-0.64936763048172,0.7547438144683838,0.12872500717639923,1.4215412139892578,0.058364104479551315
1780001794497526300,17.6175263671875,-0.06375569105148315,0.06749977916479111,-0.649353563785553,0.7547973394393921,0.12869900465011597,1.4214439392089844,0.05771296098828316
1780001794513859000,17.633859130859374,-0.06348112970590591,0.06727185100317001,-0.6493669748306274,0.7548292279243469,0.12877652049064636,1.421415090560913,0.056919749826192856
1780001794530191600,17.650191650390624,-0.06334077566862106,0.06715814769268036,-0.6493615508079529,0.754855751991272,0.12883718311786652,1.4213677644729614,0.05649754777550697
1780001794546525700,17.666525634765627,-0.06315066665410995,0.06700063496828079,-0.6493658423423767,0.7548821568489075,0.12889087200164795,1.4213361740112305,0.05594925582408905
1780001794562857200,17.682857177734373,-0.06300467252731323,0.06687559932470322,-0.6493698358535767,0.7549019455909729,0.1288907676935196,1.4213125705718994,0.05556339770555496
1780001794579188500,17.6991884765625,-0.06290151178836823,0.06677708029747009,-0.6493468880653381,0.7549390196800232,0.12877053022384644,1.421226978302002,0.05539701133966446
1780001794595497500,17.71549755859375,-0.06281008571386337,0.06668401509523392,-0.6492906808853149,0.7550032138824463,0.12858247756958008,1.4210566282272339,0.05532345920801163
1780001794611840300,17.73184033203125,-0.06269723176956177,0.06658151745796204,-0.6492322683334351,0.7550718188285828,0.12848350405693054,1.4208757877349854,0.05511695519089699
1780001794628171300,17.748171142578126,-0.06260250508785248,0.06652236729860306,-0.6491997838020325,0.755112886428833,0.128684401512146,1.4207700490951538,0.05469775199890137
1780001794644506000,17.764506103515625,-0.062493208795785904,0.06644821912050247,-0.6492043137550354,0.755124568939209,0.12888263165950775,1.4207580089569092,0.05423824116587639
1780001794660825300,17.780825439453125,-0.06242424622178078,0.06640805304050446,-0.6492137312889099,0.7551257014274597,0.12907937169075012,1.4207683801651,0.053886137902736664
1780001794677161000,17.797160888671876,-0.06236625090241432,0.06636759638786316,-0.6492204070091248,0.7551282048225403,0.12917590141296387,1.4207720756530762,0.05364906042814255
1780001794693492500,17.813492431640626,-0.06225027143955231,0.06626037508249283,-0.6492148041725159,0.7551521062850952,0.12908929586410522,1.4207309484481812,0.05341830477118492
1780001794709825500,17.829825439453124,-0.062164295464754105,0.06615643948316574,-0.6491824984550476,0.7551959753036499,0.12875798344612122,1.4206229448318481,0.05347974970936775
1780001794726157800,17.84615771484375,-0.06204873323440552,0.06601280719041824,-0.6491358280181885,0.7552582025527954,0.12827132642269135,1.4204704761505127,0.05359843373298645
1780001794742491400,17.862491455078125,-0.06199576333165169,0.06594119966030121,-0.6490932106971741,0.7553053498268127,0.1279761642217636,1.4203435182571411,0.053716886788606644
1780001794758823000,17.878822998046875,-0.06197916716337204,0.06592912971973419,-0.6490724086761475,0.7553257942199707,0.12798427045345306,1.4202862977981567,0.053668588399887085
1780001794775161900,17.895161865234375,-0.06191566586494446,0.06589384377002716,-0.6490782499313354,0.7553290724754333,0.12818005681037903,1.4202882051467896,0.05333217978477478
1780001794791488800,17.91148876953125,-0.06186931952834129,0.06588473170995712,-0.6490834355354309,0.7553291320800781,0.12849214673042297,1.4202929735183716,0.05294081196188927
1780001794807821800,17.92782177734375,-0.06188995763659477,0.06592314690351486,-0.6490775942802429,0.7553291916847229,0.12869933247566223,1.4202842712402344,0.05281798914074898
1780001794824156700,17.94415673828125,-0.06186748296022415,0.06591928750276566,-0.6490578055381775,0.7553483843803406,0.1288418173789978,1.4202286005020142,0.05263843387365341
1780001794840488400,17.960488525390623,-0.061825625598430634,0.06590110808610916,-0.6490193605422974,0.7553862929344177,0.1289941966533661,1.4201173782348633,0.052401069551706314
1780001794856819000,17.97681884765625,-0.06181657686829567,0.06588605046272278,-0.648970365524292,0.7554304599761963,0.12888769805431366,1.4199860095977783,0.052474211901426315
1780001794873153300,17.9931533203125,-0.061666253954172134,0.06575140357017517,-0.6489471793174744,0.7554745078086853,0.12880808115005493,1.4198908805847168,0.05214884132146835
1780001794889485800,18.00948583984375,-0.0617034025490284,0.06578967720270157,-0.6489350199699402,0.7554785013198853,0.12886644899845123,1.4198670387268066,0.05219782888889313
1780001794905833700,18.025833740234376,-0.06168733909726143,0.06579527258872986,-0.6489454507827759,0.7554703950881958,0.12906871736049652,1.4198927879333496,0.05198061838746071
1780001794922162700,18.04216259765625,-0.06169728562235832,0.06582021713256836,-0.6489483714103699,0.7554648518562317,0.1292370855808258,1.4199031591415405,0.051861777901649475
1780001794938483500,18.0584833984375,-0.06162131950259209,0.06575918197631836,-0.6489278674125671,0.7554941177368164,0.1292618215084076,1.4198334217071533,0.05164263769984245
1780001794954814700,18.074814697265627,-0.061585716903209686,0.06571999192237854,-0.6488701701164246,0.755549967288971,0.12913420796394348,1.4196726083755493,0.05166477710008621
1780001794971146200,18.091146240234377,-0.061585213989019394,0.06568248569965363,-0.6488180756568909,0.7555980086326599,0.12872529029846191,1.4195324182510376,0.052020538598299026
1780001794987497500,18.10749755859375,-0.061678364872932434,0.06573926657438278,-0.6487761735916138,0.7556213736534119,0.12846896052360535,1.4194411039352417,0.05249085649847984
1780001795003844000,18.123843994140625,-0.06181729957461357,0.06589196622371674,-0.6487510204315186,0.7556183338165283,0.12879756093025208,1.4194095134735107,0.052577897906303406
1780001795020170000,18.140169921875,-0.06197565048933029,0.06607093662023544,-0.6487482190132141,0.7555921077728271,0.12923863530158997,1.4194411039352417,0.05261686071753502
1780001795036498700,18.156498779296875,-0.062061432749032974,0.06619612872600555,-0.6487448215484619,0.7555771470069885,0.1297614723443985,1.4194564819335938,0.05239465832710266
1780001795052838100,18.172838134765627,-0.06211377680301666,0.06628137826919556,-0.6487171053886414,0.7555890679359436,0.1301525980234146,1.4193975925445557,0.052199702709913254
1780001795069167600,18.189167724609376,-0.0621514655649662,0.06628779321908951,-0.648665189743042,0.7556300163269043,0.12985877692699432,1.419268012046814,0.052557311952114105
1780001795085507300,18.20550732421875,-0.062140706926584244,0.06620325148105621,-0.6486138701438904,0.7556822299957275,0.1290658414363861,1.4191240072250366,0.053215302526950836
1780001795101837600,18.221837646484374,-0.062093161046504974,0.06610742956399918,-0.6485410928726196,0.7557571530342102,0.1284628063440323,1.4189189672470093,0.05361581966280937
1780001795118152200,18.238152099609376,-0.06211031973361969,0.06607887148857117,-0.6484737396240234,0.755815863609314,0.127985879778862,1.4187406301498413,0.05407749488949776
1780001795134507300,18.25450732421875,-0.06224457547068596,0.06616584211587906,-0.6484379172325134,0.7558280229568481,0.12768752872943878,1.4186761379241943,0.05469150468707085
1780001795150826200,18.270826171875,-0.06246742606163025,0.0663447305560112,-0.648454487323761,0.7557798027992249,0.12758630514144897,1.4187705516815186,0.055364325642585754
1780001795167151400,18.2871513671875,-0.06265266239643097,0.06650711596012115,-0.6485085487365723,0.755703866481781,0.12766411900520325,1.4189568758010864,0.055780403316020966
1780001795183486500,18.303486572265626,-0.0627840906381607,0.06661487370729446,-0.6485506296157837,0.7556472420692444,0.12764620780944824,1.4190971851348877,0.05613783746957779
1780001795199811000,18.31981103515625,-0.06278439611196518,0.06657786667346954,-0.648546040058136,0.7556544542312622,0.12726835906505585,1.4190821647644043,0.056463632732629776
1780001795216150800,18.33615087890625,-0.06266410648822784,0.06642188131809235,-0.6485142707824707,0.7557053565979004,0.12671200931072235,1.4189666509628296,0.05662710219621658
1780001795232483300,18.3524833984375,-0.062441449612379074,0.06618054211139679,-0.6484798789024353,0.7557744383811951,0.12617434561252594,1.4188205003738403,0.056504860520362854
1780001795248818000,18.36881787109375,-0.06239641085267067,0.06610698997974396,-0.6484448313713074,0.7558147311210632,0.12580068409442902,1.4187158346176147,0.05671048164367676
1780001795265153500,18.385153564453127,-0.06247416138648987,0.06613250821828842,-0.6484265923500061,0.7558216452598572,0.12538033723831177,1.4186816215515137,0.05727798491716385
1780001795281493500,18.401493408203127,-0.06260309368371964,0.06620795279741287,-0.6484249234199524,0.7558059096336365,0.12503285706043243,1.4187052249908447,0.057916585355997086
1780001795297813000,18.41781298828125,-0.06278186291456223,0.06630900502204895,-0.6484033465385437,0.7558007836341858,0.12450434267520905,1.4186859130859375,0.05884392559528351
1780001795314160600,18.43416064453125,-0.06288261711597443,0.06632886081933975,-0.648368239402771,0.7558207511901855,0.12382149696350098,1.4186112880706787,0.05969897285103798
1780001795330491100,18.4504912109375,-0.06286550313234329,0.06626724451780319,-0.6483098268508911,0.7558775544166565,0.12331828474998474,1.418448567390442,0.06009100750088692
1780001795346828000,18.466828125,-0.06271307915449142,0.06613125652074814,-0.6482744216918945,0.7559325695037842,0.12323936074972153,1.4183205366134644,0.05976010859012604
1780001795363160000,18.48316015625,-0.06253815442323685,0.06599696725606918,-0.6482606530189514,0.7559705376625061,0.12338103353977203,1.4182448387145996,0.05917849764227867
1780001795379491800,18.499491943359374,-0.06247787922620773,0.0659671351313591,-0.6482606530189514,0.7559782862663269,0.12359709292650223,1.418233871459961,0.05883445590734482
1780001795395825400,18.515825439453124,-0.06249856576323509,0.06601054966449738,-0.648280918598175,0.7559552788734436,0.12386627495288849,1.4182931184768677,0.05865597352385521
1780001795412154400,18.532154296875,-0.06250889599323273,0.06606104224920273,-0.6483195424079895,0.755916953086853,0.12430544197559357,1.4184010028839111,0.05830274522304535
1780001795428491500,18.548491455078125,-0.06247204169631004,0.06608084589242935,-0.6483380794525146,0.7559024095535278,0.12482950091362,1.4184458255767822,0.057754211127758026
1780001795444822300,18.564822265625,-0.06253735721111298,0.06614895910024643,-0.6482653617858887,0.755953311920166,0.12491245567798615,1.4182687997817993,0.05786231532692909
1780001795461155300,18.5811552734375,-0.06282822042703629,0.0663772001862526,-0.6481946706771851,0.7559698224067688,0.12467508763074875,1.418148398399353,0.05883987247943878
1780001795477506600,18.597506591796876,-0.06332317739725113,0.06678396463394165,-0.6481949090957642,0.7558925747871399,0.12452256679534912,1.41826331615448,0.06027613580226898
1780001795493821400,18.613821533203126,-0.06396738439798355,0.06741263717412949,-0.6482784748077393,0.7557108402252197,0.12536270916461945,1.418640375137329,0.061246518045663834
1780001795510174200,18.63017431640625,-0.06482010334730148,0.06831058859825134,-0.6483410596847534,0.7555038332939148,0.1271105855703354,1.4190202951431274,0.06198988854885101
1780001795526477800,18.646477783203125,-0.06563711911439896,0.06916407495737076,-0.6483877301216125,0.7553154826164246,0.1287114918231964,1.4193509817123413,0.06276644766330719
1780001795542824700,18.66282470703125,-0.06633614003658295,0.06995170563459396,-0.6484264731407166,0.7551485896110535,0.13066241145133972,1.4196381568908691,0.06293167918920517
1780001795559152600,18.679152587890623,-0.06679476052522659,0.07060513645410538,-0.648423433303833,0.7550500631332397,0.13330957293510437,1.4197648763656616,0.06186849996447563
1780001795575468300,18.69546826171875,-0.06710528582334518,0.07113580405712128,-0.6483583450317383,0.755028486251831,0.13595546782016754,1.4196903705596924,0.0604216530919075
1780001795591816700,18.711816650390624,-0.06748320907354355,0.07159697264432907,-0.6482879519462585,0.7550117373466492,0.13731372356414795,1.4196103811264038,0.06026001647114754
1780001795608132900,18.7281328125,-0.06798165291547775,0.07209461182355881,-0.6482499837875366,0.7549523115158081,0.13802367448806763,1.4196417331695557,0.060969553887844086
1780001795624482300,18.744482421875,-0.06848537921905518,0.07267674803733826,-0.6482556462287903,0.7548459768295288,0.13957175612449646,1.4197945594787598,0.0609678253531456
1780001795640813800,18.760813720703126,-0.06912516802549362,0.07338696718215942,-0.6482733488082886,0.7547037601470947,0.14125284552574158,1.4200178384780884,0.06120951473712921
1780001795657130500,18.777130615234373,-0.0697992667555809,0.07402922213077545,-0.6482951045036316,0.7545603513717651,0.14195328950881958,1.4202544689178467,0.0623839795589447
1780001795673463000,18.793463134765624,-0.07038414478302002,0.07457033544778824,-0.6483255624771118,0.7544265389442444,0.1424046903848648,1.4204895496368408,0.06353597342967987
1780001795689802000,18.809802001953123,-0.07093346863985062,0.075121209025383,-0.6483632326126099,0.7542880773544312,0.14326821267604828,1.420738935470581,0.0642392635345459
1780001795706120200,18.8261201171875,-0.07134721428155899,0.07558955997228622,-0.6484308838844299,0.7541439533233643,0.144490584731102,1.4210350513458252,0.06427212804555893
1780001795722465000,18.842465087890623,-0.07169856876134872,0.07602661103010178,-0.6485223770141602,0.7539880871772766,0.1459566205739975,1.4213809967041016,0.06392776966094971
1780001795738796300,18.85879638671875,-0.07176799327135086,0.0762752890586853,-0.6486260294914246,0.7538672685623169,0.14796997606754303,1.4216892719268799,0.06236575171351433
1780001795755125000,18.875125,-0.07175600528717041,0.07648596167564392,-0.6487001180648804,0.7537833452224731,0.15028995275497437,1.421899676322937,0.06032749265432358
1780001795771471400,18.891471435546876,-0.07155445963144302,0.0765390619635582,-0.6487464904785156,0.753757119178772,0.15263450145721436,1.4219847917556763,0.05777044966816902
1780001795787811300,18.907811279296876,-0.0712890774011612,0.07650851458311081,-0.6487352848052979,0.7537949681282043,0.1546316295862198,1.4218988418579102,0.05535188317298889
1780001795804123000,18.924122802734374,-0.07087574899196625,0.0763062909245491,-0.6486926674842834,0.7538911700248718,0.1561298966407776,1.4216876029968262,0.05297766625881195
1780001795820453600,18.94045361328125,-0.07034168392419815,0.07595747709274292,-0.6486204862594604,0.7540385127067566,0.15714699029922485,1.421363353729248,0.05070424824953079
1780001795836806000,18.956805908203126,-0.06989972293376923,0.07563465088605881,-0.64851313829422,0.7542043328285217,0.1575898975133896,1.4209667444229126,0.04917381703853607
1780001795853139500,18.973139404296877,-0.06956754624843597,0.07539442926645279,-0.6484116315841675,0.7543463706970215,0.15792426466941833,1.4206146001815796,0.04802611097693443
1780001795869498400,18.989498291015625,-0.06932973116636276,0.07523155957460403,-0.6483376026153564,0.7544482350349426,0.1582529991865158,1.420361042022705,0.047128237783908844
1780001795885792000,19.0057919921875,-0.06906664371490479,0.07504384964704514,-0.6482952237129211,0.7545273303985596,0.15857607126235962,1.420181393623352,0.04616353288292885
1780001795902140700,19.022140625,-0.0687781274318695,0.07484393566846848,-0.6482495665550232,0.754612922668457,0.1589900553226471,1.419990062713623,0.0450550802052021
1780001795918468900,19.03846875,-0.06842534244060516,0.07460327446460724,-0.6482148766517639,0.7546985149383545,0.15955285727977753,1.4198092222213745,0.043647415935993195
1780001795934799000,19.054799072265624,-0.06803369522094727,0.07435771822929382,-0.6482124328613281,0.7547602653503418,0.1604306548833847,1.4197065830230713,0.04186202958226204
1780001795951131100,19.071131103515626,-0.06765211373567581,0.07417098432779312,-0.6482400894165039,0.7547892332077026,0.16184711456298828,1.41968834400177,0.03963569551706314
1780001795967470800,19.087470947265626,-0.06705213338136673,0.07378232479095459,-0.6483628749847412,0.7547752857208252,0.16319814324378967,1.4198622703552246,0.036873869597911835
1780001795983799600,19.103799560546875,-0.06584345549345016,0.07277078181505203,-0.648464024066925,0.7548931241035461,0.16345109045505524,1.419821858406067,0.03345700725913048
1780001796000136200,19.12013623046875,-0.06429347395896912,0.07129548490047455,-0.6483667492866516,0.7552509903907776,0.1617177575826645,1.4191713333129883,0.03088410571217537
1780001796016447000,19.136447021484376,-0.06274741142988205,0.06962093710899353,-0.6480433940887451,0.7558144330978394,0.1577037274837494,1.4179266691207886,0.030318358913064003
1780001796032798200,19.152798095703126,-0.061838895082473755,0.06840655952692032,-0.6475246548652649,0.75644451379776,0.15272986888885498,1.4163269996643066,0.032279446721076965
1780001796049139700,19.1691396484375,-0.06170986592769623,0.06802831590175629,-0.647036612033844,0.7569067478179932,0.14959336817264557,1.4150034189224243,0.034703079611063004
1780001796065446000,19.18544580078125,-0.061596937477588654,0.0680365338921547,-0.6467007994651794,0.7572021484375,0.15028728544712067,1.4140994548797607,0.033866532146930695
1780001796081805300,19.201805419921875,-0.06130709499120712,0.06783939898014069,-0.6465436220169067,0.7573775053024292,0.15060147643089294,1.4136204719543457,0.032861996442079544
1780001796098128600,19.218128662109375,-0.06067146360874176,0.06727796792984009,-0.6464781761169434,0.7575346231460571,0.1502980887889862,1.4132990837097168,0.03146248310804367
1780001796114462000,19.2344619140625,-0.06009287014603615,0.06701891869306564,-0.6464669704437256,0.7576131820678711,0.15251843631267548,1.4131436347961426,0.028049876913428307
1780001796130794500,19.25079443359375,-0.06010790169239044,0.0674554631114006,-0.6466467976570129,0.757419764995575,0.15683691203594208,1.4136338233947754,0.024371163919568062
1780001796147110700,19.267110595703127,-0.06072505563497543,0.06834270805120468,-0.6468470692634583,0.7571200728416443,0.16064366698265076,1.4143168926239014,0.022702764719724655
1780001796163445800,19.28344580078125,-0.061399977654218674,0.06904127448797226,-0.646840512752533,0.7570077180862427,0.1619008183479309,1.4144631624221802,0.023400885984301567
1780001796179775000,19.29977490234375,-0.06142581254243851,0.06903541088104248,-0.6466918587684631,0.7571332454681396,0.16145962476730347,1.4140784740447998,0.023873578757047653
1780001796196096800,19.3160966796875,-0.06073170155286789,0.06837352365255356,-0.6466127038002014,0.7573169469833374,0.16062204539775848,1.4137042760849,0.022782141342759132
1780001796212428500,19.332428466796873,-0.05974820256233215,0.06745313107967377,-0.6466995477676392,0.7574034333229065,0.15983344614505768,1.413697361946106,0.02085859514772892
1780001796228766700,19.3487666015625,-0.059048086404800415,0.06675052642822266,-0.6468426585197449,0.7573984265327454,0.15890416502952576,1.4139074087142944,0.019788485020399094
1780001796245109800,19.36510986328125,-0.05877571180462837,0.06639927625656128,-0.6468849182128906,0.7574142813682556,0.15776613354682922,1.4139517545700073,0.020037852227687836
1780001796261455400,19.381455322265627,-0.05860952287912369,0.0664767250418663,-0.6467239260673523,0.7575579285621643,0.15970353782176971,1.4134975671768188,0.017977410927414894
1780001796277797000,19.397797119140623,-0.05841738358139992,0.06677773594856262,-0.6464717984199524,0.7577613592147827,0.16390198469161987,1.4128007888793945,0.013938714750111103
1780001796294120000,19.414119873046875,-0.058103740215301514,0.0669812336564064,-0.6462728381156921,0.7579373717308044,0.16817881166934967,1.4122154712677002,0.009509432129561901
1780001796310441500,19.43044140625,-0.05784766748547554,0.06701002269983292,-0.6461659669876099,0.7580454349517822,0.17039592564105988,1.4118784666061401,0.006970823276787996
1780001796326787000,19.446787109375,-0.057540252804756165,0.06674112379550934,-0.646107017993927,0.7581427693367004,0.17021426558494568,1.4116525650024414,0.006333226803690195
1780001796343119600,19.46311962890625,-0.057139113545417786,0.06628777831792831,-0.6460157036781311,0.7582906484603882,0.1689711958169937,1.4113200902938843,0.006361574400216341
1780001796359452000,19.479451904296877,-0.05668216198682785,0.06573306769132614,-0.6458895206451416,0.7584808468818665,0.16716250777244568,1.410885214805603,0.00673284288495779
1780001796375784000,19.495783935546875,-0.05639716982841492,0.06536369770765305,-0.6457663774490356,0.7586386799812317,0.1657560020685196,1.4104959964752197,0.007209900300949812
1780001796392117200,19.5121171875,-0.05631651729345322,0.06521398574113846,-0.6457308530807495,0.7586878538131714,0.1649257391691208,1.4103844165802002,0.007713044062256813
1780001796408429600,19.5284296875,-0.05646888166666031,0.06525145471096039,-0.6457516551017761,0.7586557269096375,0.1640859991312027,1.4104728698730469,0.008822637610137463
1780001796424788700,19.544788818359375,-0.05670574679970741,0.06539241969585419,-0.6457476615905762,0.7586292028427124,0.16352564096450806,1.4105143547058105,0.009920564480125904
1780001796441104000,19.561103759765626,-0.05708543211221695,0.06555089354515076,-0.6457487344741821,0.7585861086845398,0.16198930144309998,1.4106006622314453,0.012222717516124249
1780001796457448000,19.577447998046875,-0.05753454938530922,0.06567859649658203,-0.6458279490470886,0.7584736943244934,0.15968798100948334,1.410905122756958,0.015343406237661839
1780001796473781000,19.593781005859373,-0.05803824961185455,0.06576114892959595,-0.6459009647369385,0.758366048336029,0.15649384260177612,1.411203384399414,0.019370432943105698
1780001796490113000,19.610113037109375,-0.058640338480472565,0.06571173667907715,-0.6459504961967468,0.7582818269729614,0.15119315683841705,1.411453366279602,0.025456534698605537
1780001796506445300,19.6264453125,-0.05906616151332855,0.06548073887825012,-0.6459679007530212,0.7582539319992065,0.14552830159664154,1.4115732908248901,0.03139805793762207
1780001796522777900,19.64277783203125,-0.05950484797358513,0.0655360147356987,-0.6459389328956604,0.7582395076751709,0.1424688994884491,1.4115830659866333,0.03516088053584099
1780001796539112000,19.65911181640625,-0.05995228886604309,0.06560573726892471,-0.6460360884666443,0.7581154704093933,0.13958074152469635,1.4119243621826172,0.03878322243690491
1780001796555426800,19.6754267578125,-0.06053626537322998,0.06593500822782516,-0.6461555361747742,0.7579386830329895,0.13808998465538025,1.4123616218566895,0.0415717251598835
1780001796571761400,19.691761474609375,-0.061451833695173264,0.06648101657629013,-0.6463167667388916,0.75767982006073,0.13599924743175507,1.4129819869995117,0.04573996365070343
1780001796588108800,19.70810888671875,-0.06318820267915726,0.0675945058465004,-0.6465850472450256,0.7572093605995178,0.13270577788352966,1.4140654802322388,0.053085364401340485
1780001796604442000,19.724442138671876,-0.0652688667178154,0.06897760927677155,-0.647026002407074,0.7565312385559082,0.12921254336833954,1.4156891107559204,0.061502017080783844
1780001796620771600,19.740771484375,-0.06700411438941956,0.07015630602836609,-0.6474916338920593,0.7558725476264954,0.12650373578071594,1.4173083305358887,0.06835133582353592
1780001796637099800,19.757099853515626,-0.06789829581975937,0.07065698504447937,-0.6477475762367249,0.755526602268219,0.12400829046964645,1.418175458908081,0.07282789051532745
1780001796653425400,19.77342529296875,-0.06752683967351913,0.06992725282907486,-0.6477126479148865,0.7556577920913696,0.11986801773309708,1.4179528951644897,0.07540064305067062
1780001796669746200,19.78974609375,-0.06597764045000076,0.0679979920387268,-0.6475456357002258,0.7561137080192566,0.11376608908176422,1.4170804023742676,0.07655222713947296
1780001796686090800,19.8060908203125,-0.06369742751121521,0.06551296263933182,-0.6474102735519409,0.7566443681716919,0.10838726162910461,1.416141152381897,0.07514914870262146
1780001796702424800,19.8224248046875,-0.06173733249306679,0.06350968778133392,-0.6473288536071777,0.7570471167564392,0.10510033369064331,1.415454626083374,0.07279577106237411
1780001796718756000,19.838756103515625,-0.060767658054828644,0.06251747906208038,-0.6471811532974243,0.7573344111442566,0.10343724489212036,1.4148386716842651,0.07166928797960281
1780001796735089400,19.85508935546875,-0.06057017669081688,0.06223766878247261,-0.6469449400901794,0.7575750350952148,0.10228729993104935,1.414163589477539,0.07214421778917313
1780001796751432700,19.8714326171875,-0.06103583052754402,0.06258401274681091,-0.646735668182373,0.7576878666877747,0.10174819827079773,1.4137096405029297,0.07384281605482101
1780001796767770400,19.887770263671875,-0.06159187853336334,0.0629570409655571,-0.646744966506958,0.7576039433479309,0.10077028721570969,1.4138445854187012,0.07614272832870483
1780001796784103400,19.904103515625,-0.06207055598497391,0.0630643293261528,-0.6470351815223694,0.7573081851005554,0.09788268059492111,1.4146826267242432,0.07985924929380417
1780001796800424200,19.920424072265625,-0.062477853149175644,0.06328264623880386,-0.6473726630210876,0.7569679617881775,0.09665626287460327,1.4156454801559448,0.08196986466646194
1780001796816753000,19.9367529296875,-0.06303843855857849,0.06386616826057434,-0.6476187705993652,0.7566619515419006,0.09771580249071121,1.4164289236068726,0.08253438770771027
1780001796833068500,19.953068603515625,-0.06374972313642502,0.06453991681337357,-0.6477961540222168,0.7563933730125427,0.09838549047708511,1.417062520980835,0.08383297920227051
1780001796849431300,19.969431396484374,-0.06435749679803848,0.06502038240432739,-0.6478362083435059,0.7562664151191711,0.09799681603908539,1.4173004627227783,0.08576998859643936
1780001796865764900,19.985764892578125,-0.06451045721769333,0.06507215648889542,-0.6477140188217163,0.7563535571098328,0.09720051288604736,1.417004108428955,0.08685999363660812
1780001796882094600,20.002094482421874,-0.06410591304302216,0.06462345272302628,-0.6475209593772888,0.7565916180610657,0.09616963565349579,1.4163920879364014,0.08667974919080734
1780001796898419200,20.018419189453127,-0.06334977596998215,0.06385798007249832,-0.6473242044448853,0.7568885684013367,0.09498188644647598,1.4156917333602905,0.08570512384176254
1780001796914761700,20.03476171875,-0.06239074468612671,0.06293768435716629,-0.6471496820449829,0.7571945786476135,0.09397777915000916,1.4150103330612183,0.08403751254081726
1780001796931088600,20.051088623046876,-0.061374250799417496,0.06208890676498413,-0.6469815373420715,0.757491409778595,0.09414862841367722,1.4143502712249756,0.0812150314450264
1780001796947433200,20.06743310546875,-0.06080298125743866,0.061749447137117386,-0.6468163132667542,0.7577062249183655,0.0955701693892479,1.4138078689575195,0.07850021123886108
1780001796963761200,20.08376123046875,-0.060277484357357025,0.061549700796604156,-0.6466981768608093,0.7578652501106262,0.09796380996704102,1.4134095907211304,0.07507646828889847
1780001796980079600,20.10007958984375,-0.059816766530275345,0.06144096702337265,-0.6465950012207031,0.7579985857009888,0.10069429874420166,1.41306734085083,0.07153750211000443
1780001796996427500,20.116427490234376,-0.059553902596235275,0.061429738998413086,-0.6465139389038086,0.7580893039703369,0.10273228585720062,1.4128183126449585,0.06911090761423111
1780001797012744700,20.13274462890625,-0.0594453364610672,0.06160604953765869,-0.6464301347732544,0.7581551671028137,0.10530789196491241,1.4126001596450806,0.06663355231285095
1780001797029087200,20.149087158203123,-0.05939086526632309,0.062099482864141464,-0.6462771892547607,0.7582494020462036,0.11046972125768661,1.4122313261032104,0.062099017202854156
1780001797045428200,20.16542822265625,-0.05954023823142052,0.0630759671330452,-0.6461058259010315,0.7583031058311462,0.11859025806188583,1.4118791818618774,0.0555841401219368
1780001797061757200,20.181757080078125,-0.05996164679527283,0.06430784612894058,-0.646086573600769,0.758182942867279,0.1270168274641037,1.4119831323623657,0.049511589109897614
1780001797078089200,20.198089111328127,-0.06033826619386673,0.06511237472295761,-0.6463048458099365,0.7578982710838318,0.13185808062553406,1.4126709699630737,0.04634762555360794
1780001797094422500,20.214422607421874,-0.06033436208963394,0.06518557667732239,-0.6465442776679993,0.7576879858970642,0.1327703446149826,1.4133027791976929,0.04552950710058212
1780001797110750200,20.230750244140626,-0.05978081375360489,0.0644853487610817,-0.6466223001480103,0.7577252388000488,0.13057555258274078,1.413370132446289,0.045938242226839066
1780001797127073500,20.247073486328127,-0.0586460642516613,0.0630694329738617,-0.6465188264846802,0.758021354675293,0.12609250843524933,1.4128202199935913,0.04679292067885399
1780001797143405800,20.26340576171875,-0.05743435397744179,0.061560582369565964,-0.6463773846626282,0.7583586573600769,0.1213388666510582,1.4121569395065308,0.04767726734280586
1780001797159739100,20.2797392578125,-0.0564689114689827,0.060257066041231155,-0.6463180780410767,0.7585864067077637,0.11662345379590988,1.4117673635482788,0.04916505515575409
1780001797176067000,20.296067138671877,-0.055868081748485565,0.059477828443050385,-0.6462868452072144,0.7587189078330994,0.11400765180587769,1.4115424156188965,0.04981767758727074
1780001797192404500,20.312404541015624,-0.055821776390075684,0.059030767530202866,-0.6463107466697693,0.7587370276451111,0.11009688675403595,1.4115698337554932,0.053026195615530014
1780001797208736000,20.328736083984374,-0.056140583008527756,0.05905361473560333,-0.6463102102279663,0.758712112903595,0.10771494358778,1.411615014076233,0.05589408427476883
1780001797225069600,20.345069580078125,-0.056585922837257385,0.05923055112361908,-0.6464472413063049,0.7585484385490417,0.1058330312371254,1.4120506048202515,0.05865887925028801
1780001797241404700,20.36140478515625,-0.056973546743392944,0.05928831547498703,-0.6467143297195435,0.758287250995636,0.10330421477556229,1.4128103256225586,0.06181678920984268
1780001797257747000,20.377746826171876,-0.057495854794979095,0.0594111829996109,-0.6469740867614746,0.7580165863037109,0.10026411712169647,1.4135736227035522,0.06577029079198837
1780001797274081000,20.3940810546875,-0.05803348124027252,0.05975062772631645,-0.647111713886261,0.757831335067749,0.09914757311344147,1.4140353202819824,0.06813213229179382
1780001797290413600,20.41041357421875,-0.05837872996926308,0.06018131971359253,-0.6471301317214966,0.7577551603317261,0.10048503428697586,1.4141689538955688,0.06789867579936981
1780001797306745900,20.426745849609375,-0.05830444395542145,0.06010294333100319,-0.6471962332725525,0.7577105164527893,0.10035505145788193,1.4143249988555908,0.06781012564897537
1780001797323065300,20.4430654296875,-0.05790910869836807,0.05961994454264641,-0.6473096609115601,0.7576821446418762,0.09895609319210052,1.4145286083221436,0.06795743852853775
1780001797339390500,20.459390380859375,-0.057572897523641586,0.05924689397215843,-0.6473050713539124,0.7577409148216248,0.09810919314622879,1.41443932056427,0.06779532134532928
1780001797355728100,20.47572802734375,-0.0574917271733284,0.059061698615550995,-0.6472578048706055,0.7578020095825195,0.09696450084447861,1.4142886400222778,0.06856191903352737
1780001797372061000,20.49206103515625,-0.057720404118299484,0.059070903807878494,-0.6473199129104614,0.7577308416366577,0.09516289830207825,1.414481520652771,0.07070088386535645
1780001797388393000,20.50839306640625,-0.05820047855377197,0.059251707047224045,-0.6475151777267456,0.7575131058692932,0.09295684099197388,1.4150718450546265,0.07384379208087921
1780001797404728000,20.52472802734375,-0.05874750763177872,0.05942486226558685,-0.6477664113044739,0.7572425007820129,0.09009759873151779,1.4158164262771606,0.07772333174943924
1780001797421061000,20.54106103515625,-0.059114839881658554,0.05993552505970001,-0.6478890180587769,0.7570686340332031,0.09205061942338943,1.4162344932556152,0.07701721787452698
1780001797437393200,20.55739306640625,-0.0591772124171257,0.06067326292395592,-0.6481658220291138,0.7567680478096008,0.09887540340423584,1.4170434474945068,0.07132617384195328
1780001797453726200,20.573726318359373,-0.058887965977191925,0.0614740327000618,-0.6487882137298584,0.7561924457550049,0.1095326840877533,1.4187134504318237,0.06138617917895317
1780001797470058500,20.59005859375,-0.058585405349731445,0.06249893829226494,-0.6496354937553406,0.7554041743278503,0.12295027822256088,1.4209750890731812,0.04898222163319588
1780001797486391800,20.606391845703126,-0.057882558554410934,0.06403198093175888,-0.6504861116409302,0.754597544670105,0.14554733037948608,1.4231706857681274,0.027552777901291847
1780001797502741000,20.622740966796876,-0.05649576708674431,0.06540966778993607,-0.651381254196167,0.753811776638031,0.17334195971488953,1.425261378288269,-0.000268335483269766
1780001797519050800,20.63905078125,-0.05436496064066887,0.06683112680912018,-0.652502179145813,0.7528738379478455,0.2095920741558075,1.4276368618011475,-0.037542618811130524
1780001797535391700,20.655391845703125,-0.05191030725836754,0.06868818402290344,-0.6542159914970398,0.7513912916183472,0.2565590739250183,1.4312247037887573,-0.08538182824850082
1780001797551718100,20.67171826171875,-0.04935823008418083,0.07134204357862473,-0.6565233469009399,0.7493005394935608,0.31830933690071106,1.4358549118041992,-0.1470145881175995
1780001797568039400,20.688039306640626,-0.046731770038604736,0.07490494847297668,-0.6591989398002625,0.7467678785324097,0.3975677192211151,1.440612554550171,-0.22496801614761353
1780001797584377300,20.70437744140625,-0.044180188328027725,0.07909759879112244,-0.6619743704795837,0.7440307140350342,0.4897754490375519,1.444598913192749,-0.3148636221885681
1780001797600707800,20.720707763671875,-0.04176327958703041,0.08336322754621506,-0.6645038723945618,0.7414453029632568,0.5844167470932007,1.4470206499099731,-0.4068884551525116
1780001797617039400,20.737039306640625,-0.03908383101224899,0.08708207309246063,-0.6663542985916138,0.7395006418228149,0.6702214479446411,1.446990728378296,-0.4912145733833313
1780001797633372000,20.753371826171875,-0.0358918160200119,0.09039737284183502,-0.6672346591949463,0.7384700179100037,0.7427248954772949,1.4438618421554565,-0.5635250806808472
1780001797649720000,20.769719970703125,-0.03203294798731804,0.09380646049976349,-0.6672670245170593,0.7381930351257324,0.8058336973190308,1.437683343887329,-0.6272377967834473
1780001797666049800,20.7860498046875,-0.028244344517588615,0.09755084663629532,-0.6668281555175781,0.7382590174674988,0.8595956563949585,1.4299269914627075,-0.681014895439148
1780001797682384000,20.8023837890625,-0.026238897815346718,0.10136191546916962,-0.6665112972259521,0.7381057143211365,0.900039553642273,1.4239046573638916,-0.7188491225242615
1780001797698715600,20.818715576171876,-0.025848492980003357,0.1041472926735878,-0.6660366058349609,0.738160252571106,0.9187414050102234,1.4201054573059082,-0.7341143488883972
1780001797715055400,20.835055419921876,-0.027016358450055122,0.10564818233251572,-0.6643181443214417,0.7394524812698364,0.9023657441139221,1.4168384075164795,-0.7139137983322144
1780001797731380500,20.85138037109375,-0.02967488020658493,0.10677094012498856,-0.6608720421791077,0.7422719597816467,0.8551892042160034,1.4120762348175049,-0.6613128781318665
1780001797747715800,20.8677158203125,-0.03210264444351196,0.10712794214487076,-0.6562864184379578,0.7461777329444885,0.7944501638412476,1.4050216674804688,-0.5965472459793091
1780001797764059600,20.8840595703125,-0.03155554458498955,0.10453589260578156,-0.6515902280807495,0.750670850276947,0.7316024303436279,1.3965470790863037,-0.5381054878234863
1780001797780387800,20.900387939453125,-0.02949541248381138,0.1000758558511734,-0.6471754312515259,0.7551680207252502,0.671013355255127,1.388092041015625,-0.4867441654205322
1780001797796728800,20.916728759765626,-0.02683624066412449,0.09460576623678207,-0.6434140205383301,0.7591758966445923,0.6160002946853638,1.3808085918426514,-0.4432627856731415
1780001797813041000,20.933041015625,-0.026048794388771057,0.09090396761894226,-0.6409295797348022,0.7617528438568115,0.5758206844329834,1.3765619993209839,-0.4094494879245758
1780001797837542100,20.957542236328123,-0.03578292205929756,0.09814880788326263,-0.6435125470161438,0.7582730054855347,0.5930503010749817,1.385819435119629,-0.40254124999046326
1780001797853894000,20.973893798828126,-0.043629441410303116,0.10534834861755371,-0.6462361216545105,0.7545707821846008,0.6237998008728027,1.394240140914917,-0.4118935167789459
1780001797870217700,20.9902177734375,-0.04956389591097832,0.11007839441299438,-0.6479486227035522,0.7520564794540405,0.6400716304779053,1.400294542312622,-0.4129927158355713
1780001797886542300,21.006542236328126,-0.05391422286629677,0.11224189400672913,-0.6493868231773376,0.7501946091651917,0.6427037715911865,1.4059027433395386,-0.4063727557659149
1780001797902885600,21.0228857421875,-0.05761987343430519,0.11392217129468918,-0.6511610150337219,0.7481251358985901,0.6480552554130554,1.4120622873306274,-0.40408727526664734
1780001797919219700,21.0392197265625,-0.06317521631717682,0.1186022236943245,-0.6531459093093872,0.7452133893966675,0.671177089214325,1.4186733961105347,-0.412639856338501
1780001797935535600,21.05553564453125,-0.07205064594745636,0.12762829661369324,-0.6552396416664124,0.7410673499107361,0.7166926860809326,1.426066279411316,-0.43260857462882996
1780001797951885000,21.071885009765627,-0.08235719799995422,0.13892224431037903,-0.6583235859870911,0.735206127166748,0.7917839288711548,1.4357092380523682,-0.4768320620059967
1780001797968215300,21.08821533203125,-0.08883234858512878,0.14826087653636932,-0.6636896133422852,0.7277662754058838,0.9165528416633606,1.4471259117126465,-0.5790100693702698
1780001797984550100,21.104550048828123,-0.09052054584026337,0.15364998579025269,-0.6702678203582764,0.7203740477561951,1.0737144947052002,1.4567525386810303,-0.72609543800354
1780001798000866600,21.120866455078126,-0.09123668074607849,0.1571691334247589,-0.6763126850128174,0.7138451933860779,1.2301124334335327,1.463454008102417,-0.8764668703079224
1780001798017188600,21.137188720703126,-0.09263277053833008,0.16103507578372955,-0.6814720034599304,0.7078720331192017,1.383050799369812,1.467059850692749,-1.021867036819458
1780001798033546200,21.153546142578126,-0.09418676048517227,0.16634918749332428,-0.6863276958465576,0.7017200589179993,1.5461841821670532,1.4663994312286377,-1.1751028299331665
1780001798049876500,21.16987646484375,-0.09552201628684998,0.1721935123205185,-0.6908527612686157,0.6956633925437927,1.6988744735717773,1.4621011018753052,-1.3173987865447998
1780001798066200800,21.186200927734376,-0.09554094076156616,0.17611072957515717,-0.6955605745315552,0.6899656057357788,1.8337366580963135,1.4565180540084839,-1.4465206861495972
1780001798082546000,21.2025458984375,-0.09406010061502457,0.17787621915340424,-0.7003023028373718,0.6849011182785034,1.9463696479797363,1.4502058029174805,-1.5586700439453125
1780001798098865200,21.218865234375,-0.09260145574808121,0.17812000215053558,-0.7040813565254211,0.6811517477035522,2.0257604122161865,1.445501446723938,-1.6397579908370972
1780001798115181300,21.235181396484375,-0.09422174841165543,0.17875872552394867,-0.7059472799301147,0.6788269281387329,2.075868606567383,1.4451584815979004,-1.6865997314453125
1780001798131517700,21.251517578125,-0.09409273415803909,0.17727431654930115,-0.7052900195121765,0.679916501045227,2.0603229999542236,1.447731852531433,-1.6734155416488647
1780001798156011000,21.276010986328124,-0.08916613459587097,0.1720607727766037,-0.7002792954444885,0.6870614886283875,1.9150333404541016,1.4520153999328613,-1.5428050756454468
1780001798172351000,21.29235107421875,-0.08713807165622711,0.16960391402244568,-0.696654736995697,0.6916022300720215,1.8148596286773682,1.4538871049880981,-1.44911527633667
1780001798188683000,21.30868310546875,-0.08589199185371399,0.16725198924541473,-0.6942247748374939,0.6947670578956604,1.7444026470184326,1.4556697607040405,-1.383859395980835
1780001798205015800,21.325015869140625,-0.08546195179224014,0.16343845427036285,-0.6928391456604004,0.6971069574356079,1.6933135986328125,1.4603005647659302,-1.338925838470459
1780001798221347000,21.34134716796875,-0.09084537625312805,0.15809407830238342,-0.6917880177497864,0.6987007856369019,1.6455163955688477,1.4751558303833008,-1.2912094593048096
1780001798237681400,21.357681396484374,-0.09602456539869308,0.15180803835391998,-0.6913549900054932,0.6998299360275269,1.5963201522827148,1.490981101989746,-1.2437289953231812
1780001798254013200,21.37401318359375,-0.09887218475341797,0.14496351778507233,-0.690144956111908,0.7020754218101501,1.4908957481384277,1.5034538507461548,-1.1441295146942139
1780001798270346500,21.390346435546874,-0.10546073317527771,0.1378685086965561,-0.6879477500915527,0.70469731092453,1.2667499780654907,1.5192011594772339,-0.9207928776741028
1780001798286678000,21.406677978515624,-0.11392790824174881,0.12963902950286865,-0.6854191422462463,0.7073999643325806,0.793688952922821,1.5325831174850464,-0.4474434554576874
1780001798303010600,21.423010498046875,-0.12314800173044205,0.11969239264726639,-0.6820482611656189,0.7108575701713562,0.053228672593832016,1.5297589302062988,0.2919834554195404
1780001798319342300,21.43934228515625,-0.13455507159233093,0.10852182656526566,-0.6772872805595398,0.7151222825050354,-0.42984509468078613,1.5058352947235107,0.7755075097084045
1780001798335679000,21.455678955078124,-0.14971919357776642,0.0985424742102623,-0.6721521615982056,0.7183906435966492,-0.6593737006187439,1.4732186794281006,1.0127224922180176
1780001798352008700,21.4720087890625,-0.16925454139709473,0.0920056700706482,-0.667687177658081,0.7190839648246765,-0.7975009679794312,1.4394845962524414,1.1699250936508179
1780001798368342300,21.48834228515625,-0.19361136853694916,0.08790303766727448,-0.6635561585426331,0.7172732949256897,-0.8995222449302673,1.4029107093811035,1.301756739616394
1780001798384673800,21.504673828125,-0.22164902091026306,0.08393096178770065,-0.6582226157188416,0.7145419716835022,-0.9635700583457947,1.359986424446106,1.401631474494934
1780001798401009200,21.521009033203125,-0.2484467625617981,0.0770292654633522,-0.6515319347381592,0.7126338481903076,-0.9941755533218384,1.3127201795578003,1.4625979661941528
1780001798417340200,21.537340087890627,-0.2707343101501465,0.0648556724190712,-0.6467966437339783,0.7100357413291931,-1.030310034751892,1.2650240659713745,1.515244722366333
1780001798433672000,21.553671875,-0.28572678565979004,0.045772042125463486,-0.6458274722099304,0.7065210938453674,-1.0826665163040161,1.2189501523971558,1.5634430646896362
1780001798450005000,21.5700048828125,-0.30135464668273926,0.03135444596409798,-0.6424320340156555,0.7039058208465576,-1.1046644449234009,1.1766400337219238,1.5891997814178467
1780001798466338300,21.58633837890625,-0.3171399235725403,0.01910906285047531,-0.6351014375686646,0.7040619850158691,-1.097407579421997,1.1347343921661377,1.5894140005111694
1780001798482669600,21.602669677734376,-0.33483049273490906,0.012058094143867493,-0.6237355470657349,0.7061849236488342,-1.0655540227890015,1.095200538635254,1.575852394104004
1780001798499000000,21.619,-0.3554783761501312,0.012281830422580242,-0.6080988645553589,0.7097182869911194,-1.0107802152633667,1.059047818183899,1.5550682544708252
1780001798515334100,21.635334228515624,-0.37955987453460693,0.017381969839334488,-0.588883638381958,0.7133360505104065,-0.9439421892166138,1.0223562717437744,1.53568696975708
1780001798531681300,21.651681396484374,-0.40062928199768066,0.022741787135601044,-0.5690703988075256,0.7177310585975647,-0.8781383037567139,0.9883163571357727,1.513848066329956
1780001798548012500,21.668012451171876,-0.42142194509506226,0.030509939417243004,-0.5481553077697754,0.721802294254303,-0.8108789324760437,0.9562491178512573,1.4946571588516235
1780001798564333000,21.6843330078125,-0.4389730393886566,0.037675149738788605,-0.5249521136283875,0.7282228469848633,-0.7384807467460632,0.9233737587928772,1.465390682220459
1780001798580684000,21.70068408203125,-0.4569847285747528,0.04806102067232132,-0.49892616271972656,0.7347978353500366,-0.6590470671653748,0.8901180624961853,1.4361572265625
1780001798597011500,21.717011474609375,-0.4791800081729889,0.058088190853595734,-0.47132137417793274,0.738152027130127,-0.5879570245742798,0.8503071665763855,1.424025058746338
1780001798613343500,21.733343505859374,-0.5077926516532898,0.06028011441230774,-0.44468170404434204,0.7353715300559998,-0.5460710525512695,0.7969561219215393,1.4433789253234863
1780001798629676500,21.749676513671876,-0.5431561470031738,0.054291050881147385,-0.41670775413513184,0.7269034385681152,-0.5239554047584534,0.7272122502326965,1.4868026971817017
1780001798646008300,21.76600830078125,-0.5769978761672974,0.034672848880290985,-0.3882610499858856,0.7177219390869141,-0.5196959972381592,0.6401793360710144,1.5300692319869995
1780001798662328800,21.782328857421874,-0.6109207272529602,0.006730552762746811,-0.35983937978744507,0.7051569223403931,-0.5260168313980103,0.5418362617492676,1.5771191120147705
1780001798678674000,21.798673828125,-0.6431566476821899,-0.02423642948269844,-0.3321705758571625,0.6895106434822083,-0.5345476269721985,0.4410560131072998,1.6238738298416138
1780001798694991000,21.8149912109375,-0.6740400195121765,-0.055105581879615784,-0.3042115271091461,0.6708865761756897,-0.5392716526985168,0.34043389558792114,1.6704180240631104
1780001798711342000,21.831342041015624,-0.7033911943435669,-0.08558730781078339,-0.2753209173679352,0.6497030258178711,-0.5389024615287781,0.23963795602321625,1.7165851593017578
1780001798727672800,21.8476728515625,-0.735659658908844,-0.11147798597812653,-0.2447199821472168,0.6216830015182495,-0.5278158187866211,0.14072075486183167,1.7764267921447754
1780001798744016000,21.864015869140626,-0.7643407583236694,-0.1332303285598755,-0.2119383066892624,0.5942349433898926,-0.503949761390686,0.0482342392206192,1.8323378562927246
1780001798760347400,21.880347412109376,-0.7905897498130798,-0.15082897245883942,-0.17908555269241333,0.5658150911331177,-0.47140738368034363,-0.03583672270178795,1.890630841255188
1780001798776683800,21.896683837890624,-0.8133271932601929,-0.16620390117168427,-0.1491124927997589,0.5372528433799744,-0.4375472962856293,-0.11035794764757156,1.9495043754577637
1780001798793016800,21.913016845703126,-0.8323830366134644,-0.17986485362052917,-0.12159700691699982,0.5099031925201416,-0.4027349054813385,-0.1763399839401245,2.0062661170959473
1780001798809352200,21.929352294921873,-0.8493747711181641,-0.19320571422576904,-0.09703122824430466,0.4814760684967041,-0.36930617690086365,-0.23698370158672333,2.0657382011413574
1780001798825682200,21.94568212890625,-0.8629053235054016,-0.20775307714939117,-0.07950378954410553,0.4537755250930786,-0.3469129204750061,-0.29045554995536804,2.122093677520752
1780001798839879400,21.95987939453125,-0.87318354845047,-0.21781665086746216,-0.07386697083711624,0.42970922589302063,-0.339883953332901,-0.3224647045135498,2.171144485473633
1780001798856279800,21.97627978515625,-0.8853681683540344,-0.23090489208698273,-0.07470574229955673,0.3965165615081787,-0.34335219860076904,-0.35717353224754333,2.2368812561035156
1780001798872626400,21.99262646484375,-0.895628809928894,-0.24138861894607544,-0.08653468638658524,0.36344513297080994,-0.3635936975479126,-0.3784579336643219,2.300218105316162
1780001798888957200,22.008957275390625,-0.9053633213043213,-0.24190044403076172,-0.0945550948381424,0.335947722196579,-0.36820000410079956,-0.3838407099246979,2.358628273010254
1780001798905290000,22.0252900390625,-0.914682149887085,-0.23144222795963287,-0.09268958866596222,0.31811901926994324,-0.3471401631832123,-0.3730093836784363,2.406033754348755
1780001798921622500,22.04162255859375,-0.9233109951019287,-0.21470907330513,-0.08086902648210526,0.30798888206481934,-0.30491024255752563,-0.35402175784111023,2.4427096843719482
1780001798937955000,22.057955078125,-0.9315921068191528,-0.1937253773212433,-0.06478405743837357,0.30068185925483704,-0.25324544310569763,-0.3278278112411499,2.4750757217407227
1780001798954288400,22.074288330078126,-0.9397061467170715,-0.16925455629825592,-0.045219432562589645,0.2937014102935791,-0.19399558007717133,-0.2958332896232605,2.506743907928467
1780001798970632200,22.090632080078127,-0.9467768669128418,-0.14571210741996765,-0.02042565494775772,0.28629422187805176,-0.1269501894712448,-0.26739323139190674,2.5372025966644287
1780001798986965000,22.106965087890625,-0.9522616863250732,-0.1255751997232437,0.008030028082430363,0.27814409136772156,-0.056287460029125214,-0.24610473215579987,2.5662648677825928
1780001799003299600,22.123299560546876,-0.9556939005851746,-0.10950500518083572,0.031972676515579224,0.27135878801345825,0.0017268371302634478,-0.2286456972360611,2.5884757041931152
1780001799019629800,22.1396298828125,-0.9583992958068848,-0.09821967035531998,0.047965846955776215,0.2636721134185791,0.04110490530729294,-0.21521946787834167,2.609083414077759
1780001799035951400,22.155951416015625,-0.9605608582496643,-0.09249871224164963,0.05871349573135376,0.25557705760002136,0.06702558696269989,-0.20923630893230438,2.6285412311553955
1780001799052283600,22.17228369140625,-0.9617693424224854,-0.09041551500558853,0.06630872189998627,0.24985584616661072,0.08428990095853806,-0.20856168866157532,2.6420812606811523
1780001799068616200,22.1886162109375,-0.9618483781814575,-0.08973387628793716,0.07212100178003311,0.24818187952041626,0.09646289050579071,-0.20995821058750153,2.646728038787842
1780001799084948700,22.20494873046875,-0.9614153504371643,-0.08842091262340546,0.07892351597547531,0.248260498046875,0.11051919311285019,-0.21076254546642303,2.6478867530822754
1780001799101281500,22.221281494140626,-0.9609147310256958,-0.08582642674446106,0.08651717752218246,0.2485792338848114,0.12670323252677917,-0.20948530733585358,2.648648738861084
1780001799117613800,22.23761376953125,-0.9603742957115173,-0.08193650096654892,0.09431222826242447,0.24914449453353882,0.14384321868419647,-0.2058243304491043,2.6488163471221924
1780001799133946000,22.253946044921875,-0.9600256681442261,-0.07756415009498596,0.10114497691392899,0.24920736253261566,0.15940426290035248,-0.20068363845348358,2.6497182846069336
1780001799150279400,22.270279541015626,-0.9600508809089661,-0.07376383990049362,0.10594174265861511,0.2482692450284958,0.17086078226566315,-0.1954808235168457,2.6522738933563232
1780001799166612000,22.286612060546876,-0.9603620171546936,-0.07133068889379501,0.10830612480640411,0.2467517852783203,0.17696890234947205,-0.1916266679763794,2.6556525230407715
1780001799182944300,22.3029443359375,-0.960296094417572,-0.07037269324064255,0.1097247302532196,0.24665673077106476,0.18023556470870972,-0.19043488800525665,2.656013011932373
1780001799199277000,22.319277099609376,-0.9595919251441956,-0.07066965103149414,0.10974214226007462,0.24929070472717285,0.17961104214191437,-0.19151198863983154,2.6505510807037354
1780001799215611400,22.335611328125,-0.9586513042449951,-0.07153204083442688,0.1094113439321518,0.25278475880622864,0.1778540462255478,-0.1936720758676529,2.6432759761810303
1780001799231942700,22.351942626953125,-0.9579874277114868,-0.07332418859004974,0.10849672555923462,0.2551710903644562,0.17471057176589966,-0.19713206589221954,2.638277769088745
1780001799248273700,22.368273681640623,-0.9574261903762817,-0.07598522305488586,0.10757698118686676,0.25688275694847107,0.17126156389713287,-0.20214368402957916,2.634740114212036
1780001799264607700,22.384607666015626,-0.9567468166351318,-0.07815437018871307,0.10833019763231277,0.2584417462348938,0.1713712066411972,-0.20701748132705688,2.6317803859710693
1780001799280940500,22.4009404296875,-0.9560277462005615,-0.07947273552417755,0.11038330942392349,0.25982800126075745,0.17449042201042175,-0.21087707579135895,2.6293678283691406
1780001799297261300,22.41726123046875,-0.9553341269493103,-0.08099871128797531,0.11308950185775757,0.26074299216270447,0.1789017766714096,-0.21539801359176636,2.6280977725982666
1780001799313618200,22.4336181640625,-0.9546608328819275,-0.08432644605636597,0.11637711524963379,0.26070699095726013,0.18381367623806,-0.2235441505908966,2.6291048526763916
1780001799329952000,22.449951904296874,-0.9542074799537659,-0.09007272124290466,0.1192963644862175,0.25912031531333923,0.18723513185977936,-0.23590226471424103,2.6335220336914062
1780001799346268000,22.466267822265625,-0.9547012448310852,-0.09490814805030823,0.11649002134799957,0.2568424940109253,0.17991966009140015,-0.24345484375953674,2.638047695159912
1780001799362616800,22.482616943359375,-0.9552346467971802,-0.0962805524468422,0.11395371705293655,0.2554829716682434,0.17456384003162384,-0.24459922313690186,2.640424966812134
1780001799378932000,22.498931884765625,-0.9557666778564453,-0.09432389587163925,0.11300699412822723,0.25464171171188354,0.17381630837917328,-0.24015776813030243,2.6418607234954834
