time,seconds_elapsed,z,y,x
1779998638077963800,0.1229638671875,-2.3545801639556885,0.3530801236629486,2.302656650543213
1779998638094289400,0.139289306640625,-1.8446602821350098,-0.13225232064723969,2.04349684715271
1779998638110636500,0.155636474609375,-0.7962628602981567,-1.7143932580947876,1.8350391387939453
1779998638126962200,0.171962158203125,-0.12324206531047821,-3.3896913528442383,1.575726866722107
1779998638143296800,0.188296875,-0.6394231915473938,-4.7054948806762695,0.9873109459877014
1779998638159628000,0.2046279296875,-1.5173892974853516,-5.484959125518799,0.14874568581581116
1779998638175961600,0.220961669921875,-1.1858421564102173,-2.858085870742798,0.23655757308006287
1779998638192291300,0.237291259765625,-0.37140607833862305,-0.5755877494812012,0.43539419770240784
1779998638208617200,0.2536171875,0.5835290551185608,-0.6600399017333984,-0.8458956480026245
1779998638224959200,0.269959228515625,0.8550586104393005,-1.0283915996551514,-1.6218472719192505
1779998638241292800,0.286292724609375,1.140179991722107,-1.901318073272705,-1.9851592779159546
1779998638257621800,0.302621826171875,0.9126327037811279,-3.1696269512176514,-2.2395846843719482
1779998638273947600,0.31894775390625,0.15363261103630066,-3.5416438579559326,-2.0369300842285156
1779998638290305300,0.33530517578125,-0.16752979159355164,-4.221384048461914,-1.3374894857406616
1779998638306660600,0.35166064453125,-0.0734565481543541,-6.504493236541748,-0.30054569244384766
1779998638322955500,0.36795556640625,-0.2854267954826355,-7.504785060882568,0.39217549562454224
1779998638339287800,0.384287841796875,0.23487769067287445,-8.232172966003418,1.1716395616531372
1779998638355619300,0.400619384765625,1.146135926246643,-9.965350151062012,2.4026856422424316
1779998638371953700,0.41695361328125,1.9648480415344238,-11.162951469421387,3.8008036613464355
1779998638388273400,0.4332734375,3.0534098148345947,-10.501384735107422,4.358370780944824
1779998638404617500,0.449617431640625,3.891364336013794,-8.69413948059082,3.3267722129821777
1779998638420968400,0.465968505859375,4.631427764892578,-6.793585300445557,2.412001371383667
1779998638437298000,0.4822978515625,5.142569065093994,-5.477933883666992,2.203085422515869
1779998638453629000,0.49862890625,5.2832207679748535,-4.726875305175781,2.2879958152770996
1779998638469962800,0.514962646484375,5.220759868621826,-3.8032469749450684,2.3524420261383057
1779998638486294000,0.5312939453125,4.955644130706787,-2.624582529067993,2.2033908367156982
1779998638502631400,0.54763134765625,5.262451171875,-1.1525499820709229,1.9014707803726196
1779998638518936800,0.563936767578125,4.76062536239624,-0.8620835542678833,2.0557143688201904
1779998638535266800,0.580266845703125,4.2668938636779785,-0.42928555607795715,2.0783162117004395
1779998638551609900,0.59660986328125,4.150829315185547,-0.17088955640792847,1.8238909244537354
1779998638567946800,0.61294677734375,3.9458839893341064,-0.027183502912521362,1.6566665172576904
1779998638584277800,0.62927783203125,3.7398698329925537,-0.2431243658065796,1.742187738418579
1779998638600621300,0.645621337890625,3.3073770999908447,-0.4434881806373596,2.0563251972198486
1779998638616931600,0.661931640625,2.9437596797943115,-0.5001459121704102,2.6177103519439697
1779998638633276000,0.67827587890625,2.808605670928955,-0.4433354437351227,3.229491949081421
1779998638649605600,0.694605712890625,2.330451011657715,-0.5940664410591125,3.5779905319213867
1779998638665941200,0.710941162109375,1.4123204946517944,-0.6849326491355896,3.6222782135009766
1779998638682262000,0.727261962890625,0.7121161818504333,-0.2223549485206604,3.279735565185547
1779998638698592300,0.74359228515625,-0.1511891484260559,0.6423248052597046,2.2117903232574463
1779998638714936300,0.759936279296875,-1.1036807298660278,1.3857477903366089,0.8426886200904846
1779998638731274500,0.7762744140625,-1.901012659072876,1.8209892511367798,-0.05757404863834381
1779998638747604700,0.792604736328125,-2.372753381729126,1.7527251243591309,-0.16569720208644867
1779998638763937300,0.808937255859375,-2.6594018936157227,0.9295842051506042,0.3068070709705353
1779998638780273200,0.825273193359375,-2.5382978916168213,0.152105450630188,0.40225476026535034
1779998638796615700,0.84161572265625,-2.077399969100952,-0.16233743727207184,0.11804971098899841
1779998638812931300,0.857931396484375,-1.617876648902893,-0.4282165467739105,0.005192354787141085
1779998638829268000,0.87426806640625,-1.055269718170166,-0.5827654600143433,0.0027488935738801956
1779998638845602300,0.890602294921875,-0.3361285924911499,-0.3819434940814972,-0.14874568581581116
1779998638861929700,0.9069296875,-0.28756481409072876,-0.3614795207977295,-0.01817324012517929
1779998638878273500,0.9232734375,-0.5209153294563293,-0.5071708559989929,0.16493362188339233
1779998638894595800,0.939595947265625,-0.8254316449165344,-0.8567385077476501,0.3332269787788391
1779998638910946800,0.95594677734375,-0.864679753780365,-1.147357702255249,0.6123924255371094
1779998638927251700,0.972251708984375,-0.6805039048194885,-1.018923282623291,0.698066234588623
1779998638943611600,0.988611572265625,-0.49296826124191284,-1.1838568449020386,0.9450085163116455
1779998638959930000,1.00493017578125,-0.2984076738357544,-1.2240211963653564,1.1134545803070068
1779998638976276700,1.02127685546875,-0.20173825323581696,-1.1233811378479004,0.9534079432487488
1779998638992577000,1.037576904296875,-0.2246456891298294,-1.1895073652267456,0.7174612283706665
1779998639008940500,1.0539404296875,-0.31459560990333557,-1.6890424489974976,1.102611780166626
1779998639025272600,1.0702724609375,-0.5412266254425049,-2.375807762145996,1.6142114400863647
1779998639041608000,1.08660791015625,-0.19654589891433716,-1.5752687454223633,1.2654073238372803
1779998639057937700,1.102937744140625,-0.8420777320861816,-0.6192646622657776,1.1635456085205078
1779998639074255600,1.119255615234375,-1.0210613012313843,0.06719517707824707,0.6737843751907349
1779998639090594300,1.13559423828125,-1.1551461219787598,0.9488264322280884,0.15332718193531036
1779998639106923800,1.151923828125,-1.4995214939117432,0.9816604256629944,0.3933972120285034
1779998639123256800,1.1682568359375,-1.4674509763717651,0.7710646390914917,0.5161811113357544
1779998639139570700,1.18457080078125,-1.3132075071334839,0.683863639831543,0.6400340795516968
1779998639155919000,1.200919189453125,-1.2570079565048218,0.9104946255683899,0.5838344693183899
1779998639172255200,1.217255126953125,-1.0083857774734497,0.33735033869743347,0.8026769161224365
1779998639188572400,1.233572509765625,-0.28695395588874817,0.34147366881370544,0.6262896060943604
1779998639204922600,1.249922607421875,0.17699819803237915,0.5198463201522827,0.16691893339157104
1779998639221258200,1.26625830078125,0.19196440279483795,0.8260425329208374,-0.2597704529762268
1779998639237604400,1.282604248046875,0.24205535650253296,1.5427402257919312,-0.6959282159805298
1779998639253918700,1.298918701171875,0.02626720629632473,2.3915374279022217,-0.9279043078422546
1779998639270240800,1.31524072265625,0.0065668015740811825,2.6754369735717773,-1.1571314334869385
1779998639286603300,1.331603271484375,0.48319441080093384,2.2209532260894775,-1.3376421928405762
1779998639302924300,1.34792431640625,1.2945761680603027,1.7968600988388062,-1.321912407875061
1779998639319244800,1.364244873046875,1.7745635509490967,1.3730723857879639,-0.9188940525054932
1779998639335591400,1.38059130859375,2.5746443271636963,1.169806957244873,-1.239292860031128
1779998639351915000,1.3969150390625,3.5361461639404297,2.085952043533325,-1.8669569492340088
1779998639368236800,1.41323681640625,3.280651807785034,3.5294265747070312,-2.155590772628784
1779998639384584200,1.429584228515625,2.189035654067993,3.579059362411499,-1.5248724222183228
1779998639400915200,1.445915283203125,1.1148290634155273,2.6510024070739746,-1.1507173776626587
1779998639417262800,1.462262939453125,1.1374311447143555,1.5068517923355103,-1.078940749168396
1779998639433591600,1.478591552734375,2.0703749656677246,0.2580905556678772,-1.4214833974838257
1779998639449890300,1.494890380859375,2.7475192546844482,-0.005497787147760391,-1.8208365440368652
1779998639466254600,1.511254638671875,2.9998064041137695,-0.7228062748908997,-2.350609540939331
1779998639482576600,1.52757666015625,2.512946844100952,-1.06351637840271,-3.152064561843872
1779998639498924500,1.543924560546875,1.1218540668487549,-1.3894129991531372,-3.2840116024017334
1779998639515254500,1.560254638671875,-0.21609358489513397,-1.9657644033432007,-2.671619176864624
1779998639531592400,1.576592529296875,-0.9608910083770752,-1.1447614431381226,-2.1039726734161377
1779998639547933200,1.59293310546875,-0.9859365224838257,-0.5396994352340698,-1.4343116283416748
1779998639564234800,1.60923486328125,-0.5441282391548157,-0.4008803069591522,-0.7014260292053223
1779998639580563200,1.625563232421875,-0.08414668589830399,-0.5400048494338989,-0.25335636734962463
1779998639596906200,1.64190625,0.10980302840471268,-0.8358163833618164,0.04856378585100174
1779998639613229800,1.658229736328125,-0.6064364910125732,-0.7874053120613098,0.15729780495166779
1779998639629573600,1.67457373046875,-0.8529205918312073,-0.45524731278419495,0.3139847218990326
1779998639645894400,1.690894287109375,-0.346818745136261,0.2376265823841095,0.266184538602829
1779998639662231600,1.7072314453125,0.046273041516542435,1.0326677560806274,0.1992947906255722
1779998639678554600,1.7235546875,-0.1059851199388504,1.0793988704681396,0.30115658044815063
1779998639694903000,1.739903076171875,-0.20112738013267517,0.702800452709198,0.26221391558647156
1779998639711236900,1.75623681640625,-0.40653082728385925,0.1996002197265625,0.07223481684923172
1779998639727568000,1.77256787109375,-0.585667073726654,-0.30054569244384766,-0.06612616032361984
1779998639743902000,1.78890185546875,-0.6866125464439392,-0.3387247920036316,0.35185837745666504
1779998639760233000,1.80523291015625,-0.45234572887420654,-0.6524040699005127,0.6197227835655212
1779998639776566800,1.82156689453125,0.052228979766368866,-0.16783522069454193,1.1661417484283447
1779998639792901000,1.837901123046875,-0.003359758760780096,-0.3289509415626526,0.6983717083930969
1779998639809230000,1.85422998046875,-0.19746218621730804,0.11316278576850891,-0.247094988822937
1779998639825567500,1.8705673828125,-0.4967861473560333,-0.35903605818748474,-0.07696902006864548
1779998639841899300,1.886899169921875,-0.9402743577957153,-0.7168503403663635,0.013744467869400978
1779998639858231300,1.903231201171875,-0.9202684760093689,-0.3068070709705353,-0.17806722223758698
1779998639874562800,1.919562744140625,-0.4948008358478546,-0.28435778617858887,-0.15286903083324432
1779998639890887200,1.93588720703125,-0.44745880365371704,-0.6959282159805298,-0.0065668015740811825
1779998639907230000,1.95222998046875,-0.4407392740249634,-1.1003210544586182,0.06200282275676727
1779998639923549700,1.9685498046875,0.20922134816646576,-1.7922786474227905,0.15073099732398987
1779998639939910000,1.984909912109375,0.4576907753944397,-1.5221234560012817,0.06933320313692093
1779998639956238000,2.001238037109375,0.33292156457901,-1.072068452835083,0.15683965384960175
1779998639972560000,2.017559814453125,-0.18081611394882202,-0.35323283076286316,0.47937649488449097
1779998639988894200,2.033894287109375,-0.337503045797348,-0.7324274182319641,0.5287038683891296
1779998640005226800,2.050226806640625,0.0009162978967651725,-1.7192802429199219,0.5931501388549805
1779998640021562400,2.066562255859375,-0.5647448897361755,-1.9170478582382202,1.060614824295044
1779998640037892900,2.082892822265625,-0.6824892163276672,-2.1739165782928467,1.1983648538589478
1779998640054222600,2.09922265625,-0.721737265586853,-2.428189277648926,1.0560332536697388
1779998640070562600,2.1155625,-1.6310101747512817,-2.710561752319336,0.7867944240570068
1779998640086892000,2.13189208984375,-2.4697282314300537,-2.2377521991729736,0.5867360830307007
1779998640103210800,2.148210693359375,-2.0528125762939453,-1.9747745990753174,0.1134682223200798
1779998640119555600,2.1645556640625,-1.6751452684402466,-2.4222333431243896,-0.395077109336853
1779998640135892500,2.180892578125,-1.1557570695877075,-3.184898614883423,-0.8823948502540588
1779998640152221000,2.197220947265625,-0.9618073105812073,-2.9153544902801514,-1.1829406023025513
1779998640168542000,2.2135419921875,-0.7812966704368591,-2.1085541248321533,-1.29549241065979
1779998640184891100,2.22989111328125,-0.16768251359462738,-0.9196576476097107,-1.9665279388427734
1779998640201221600,2.2462216796875,0.6711881756782532,0.4309654235839844,-2.9878945350646973
1779998640217555200,2.26255517578125,0.4818199574947357,0.7383833527565002,-3.832263231277466
1779998640233879800,2.2788798828125,-0.707534670829773,0.8032878041267395,-3.0834951400756836
1779998640250219500,2.295219482421875,-1.8832975625991821,-0.3211624026298523,-2.0367774963378906
1779998640266567700,2.311567626953125,-2.1850650310516357,-0.4966334402561188,-1.6618589162826538
1779998640282890200,2.32789013671875,-1.9007072448730469,-0.038179077208042145,-1.9217820167541504
1779998640299205400,2.344205322265625,-1.4694362878799438,0.8168795704841614,-2.0971004962921143
1779998640315539200,2.360539306640625,-0.3136793076992035,1.9109392166137695,-1.9113973379135132
1779998640331871500,2.37687158203125,1.1986702680587769,2.978579044342041,-1.496467113494873
1779998640348204000,2.3932041015625,2.7670669555664062,3.83882999420166,-0.3923282027244568
1779998640364538400,2.409538330078125,3.369227170944214,3.6922223567962646,0.25274550914764404
1779998640380884200,2.42588427734375,2.4909558296203613,3.039818286895752,-0.3539963960647583
1779998640397202000,2.442201904296875,1.7730363607406616,2.7850873470306396,-1.1207849979400635
1779998640413548800,2.458548828125,1.7843374013900757,2.350456714630127,0.2773328125476837
1779998640429894100,2.47489404296875,1.0626001358032227,1.7599027156829834,2.727360486984253
1779998640446231000,2.49123095703125,0.43799036741256714,-0.06352998316287994,4.322482585906982
1779998640462547000,2.507546875,0.5820018649101257,-1.0265589952468872,3.062878370285034
1779998640478893000,2.52389306640625,0.5516113042831421,0.3723223805427551,0.5474879741668701
1779998640495216600,2.540216552734375,0.9990701079368591,1.013272762298584,0.31780263781547546
1779998640511563000,2.55656298828125,2.0279200077056885,1.4720325469970703,1.2458596229553223
1779998640527894500,2.57289453125,2.79119610786438,3.081357002258301,1.6701055765151978
1779998640544205000,2.589205078125,3.4515414237976074,4.625777244567871,1.652695894241333
1779998640560534000,2.605533935546875,2.6794075965881348,3.1952834129333496,-0.06994406878948212
1779998640576877300,2.621877197265625,1.3116804361343384,1.6042848825454712,-0.9312640428543091
1779998640593207800,2.638207763671875,0.08552113175392151,0.17073683440685272,-1.901012659072876
1779998640609545500,2.65454541015625,-0.47418415546417236,1.201724648475647,-3.2762229442596436
1779998640625876200,2.670876220703125,0.9660834074020386,2.280359983444214,-4.027740001678467
1779998640642221800,2.687221923828125,2.020742177963257,0.6629415154457092,-3.7026069164276123
1779998640658526000,2.70352587890625,2.7600419521331787,-1.4811954498291016,-3.4468071460723877
1779998640674876200,2.719876220703125,3.492469310760498,-1.8623753786087036,-2.503478527069092
1779998640691202600,2.73620263671875,1.691791296005249,-2.386803150177002,-1.617876648902893
1779998640707539700,2.752539794921875,-1.4161384105682373,-3.6917641162872314,-1.0343475341796875
1779998640723873500,2.76887353515625,-2.592817544937134,-3.8423423767089844,-1.2157745361328125
1779998640740206600,2.78520654296875,-2.266615390777588,-4.095240592956543,-1.6862934827804565
1779998640756538400,2.801538330078125,-2.1542162895202637,-3.5195000171661377,-2.7768406867980957
1779998640772888300,2.817888427734375,-1.9721784591674805,-2.8034133911132812,-3.0024027824401855
1779998640789217000,2.834217041015625,-1.331380844116211,-3.2200233936309814,-3.22674298286438
1779998640805550800,2.85055078125,-0.6824892163276672,-3.9829940795898438,-3.743535041809082
1779998640821883100,2.866883056640625,-1.4555391073226929,-4.307974338531494,-3.799276351928711
1779998640838200600,2.88320068359375,-2.450791358947754,-4.133877754211426,-2.983771324157715
1779998640854532900,2.899532958984375,-3.0865492820739746,-3.185509443283081,-1.589929461479187
1779998640870872600,2.91587255859375,-3.3209688663482666,-2.432007312774658,-0.24892759323120117
1779998640887203300,2.932203369140625,-3.9290852546691895,-2.2211060523986816,1.1339186429977417
1779998640903535000,2.94853515625,-4.6184468269348145,-2.2536346912384033,1.7843374013900757
1779998640919867400,2.964867431640625,-4.2192463874816895,-1.8813122510910034,1.3006848096847534
1779998640936216800,2.981216796875,-3.1141910552978516,-1.08718740940094,1.3584115505218506
1779998640952547000,2.997547119140625,-2.026545524597168,-1.448819637298584,1.6172657012939453
1779998640968881700,3.013881591796875,-1.768760323524475,-1.6128369569778442,1.6853772401809692
1779998640985213000,3.030212890625,-2.043649673461914,-2.166586399078369,1.28434419631958
1779998641001546000,3.0465458984375,-1.3112221956253052,-2.0780107975006104,1.0088438987731934
1779998641017880600,3.062880615234375,-0.29764407873153687,-1.6175711154937744,1.1635456085205078
1779998641034171600,3.079171630859375,0.20983220636844635,-1.404073715209961,1.5995506048202515
1779998641050517800,3.095517822265625,0.33460143208503723,-1.4269812107086182,1.875814437866211
1779998641066856200,3.111856201171875,0.30314189195632935,-1.662164330482483,1.8077030181884766
1779998641083191800,3.12819189453125,0.18906278908252716,-1.5184582471847534,1.5986343622207642
1779998641099533800,3.144533935546875,0.12140946835279465,-1.0089967250823975,1.521359920501709
1779998641115863800,3.16086376953125,0.5436700582504272,-0.7371616363525391,1.9407188892364502
1779998641132184000,3.17718408203125,1.003804326057434,-0.5258022546768188,2.4463624954223633
1779998641148516900,3.193516845703125,1.2643383741378784,-0.3741549551486969,2.1488711833953857
1779998641164862700,3.20986279296875,2.110386610031128,-0.15882496535778046,2.350151300430298
1779998641181198000,3.226197998046875,3.291800022125244,0.4688390791416168,2.984687566757202
1779998641197525800,3.24252587890625,3.8815903663635254,1.4167492389678955,3.461620569229126
1779998641213848800,3.258848876953125,4.452902317047119,3.6277759075164795,3.446959972381592
1779998641230195200,3.2751953125,5.2163310050964355,6.192035675048828,2.94269061088562
1779998641246524000,3.29152392578125,5.59689998626709,8.24209976196289,2.2069034576416016
1779998641262865000,3.307864990234375,5.302157402038574,9.863030433654785,1.6171129941940308
1779998641279207400,3.32420751953125,4.628983974456787,10.063852310180664,1.6908750534057617
1779998641295508000,3.340508056640625,3.2342259883880615,10.132880210876465,2.6345090866088867
1779998641311850000,3.35685009765625,3.034625768661499,9.094866752624512,3.347236156463623
1779998641328192300,3.373192138671875,2.822502851486206,8.103738784790039,3.1581733226776123
1779998641344524000,3.38952392578125,1.1966849565505981,2.6366472244262695,1.1288789510726929
1779998641360863000,3.405863037109375,-1.243721604347229,-0.9703594446182251,0.4398229718208313
1779998641377192000,3.42219189453125,-2.1922426223754883,-1.3290899991989136,0.41630467772483826
1779998641393523700,3.438523681640625,-1.427744746208191,0.05665775015950203,1.093143343925476
1779998641409858000,3.454858154296875,-0.536797821521759,0.8329147696495056,1.9834794998168945
1779998641426189000,3.47118896484375,0.04886921867728233,0.14798210561275482,1.1661417484283447
1779998641442522400,3.4875224609375,0.42898011207580566,0.9954048991203308,0.7202101349830627
1779998641458849500,3.503849609375,0.11194105446338654,0.5468770861625671,1.1468994617462158
1779998641475188500,3.5201884765625,-1.0465649366378784,-0.38377609848976135,1.6540703773498535
1779998641491518500,3.5365185546875,-1.9309450387954712,-1.3167200088500977,0.9459248185157776
1779998641507859500,3.552859375,-1.580308437347412,-1.6998852491378784,0.34804046154022217
1779998641524188400,3.5691884765625,-1.0154107809066772,-1.4828753471374512,0.9306532144546509
1779998641540509700,3.585509765625,-0.632398247718811,-1.6368134021759033,0.764345109462738
1779998641556853500,3.601853515625,-0.11942415684461594,-0.8969029188156128,0.2370157092809677
1779998641573188000,3.61818798828125,0.2970332205295563,0.0013744467869400978,0.07177666574716568
1779998641589504800,3.6345048828125,0.4590652287006378,0.5780312418937683,0.058948494493961334
1779998641605841200,3.650841064453125,0.49785518646240234,0.4778493344783783,-0.27458393573760986
1779998641622174200,3.66717431640625,0.4662429094314575,0.49846604466438293,0.26603180170059204
1779998641638497800,3.683497802734375,-0.21624629199504852,-0.5714644193649292,0.6860016584396362
1779998641654840000,3.699840087890625,-0.518471896648407,-1.0829113721847534,1.7243198156356812
1779998641671173600,3.716173583984375,-0.2548835277557373,-1.3487904071807861,1.116814374923706
1779998641687507000,3.7325068359375,0.5655084848403931,-1.046717643737793,1.6853772401809692
1779998641703855900,3.74885595703125,1.9830212593078613,-2.824946403503418,0.6327036619186401
1779998641720185000,3.76518505859375,3.1334333419799805,-0.46761733293533325,-0.16722436249256134
1779998641736519400,3.78151953125,3.5793650150299072,0.08277224004268646,-0.3358231782913208
1779998641752848400,3.797848388671875,3.0114128589630127,-0.5587889552116394,-1.3939944505691528
1779998641769184300,3.814184326171875,2.037540912628174,-0.8390234112739563,-2.668564796447754
1779998641785516300,3.830516357421875,1.5439618825912476,-0.7780895829200745,-2.799748182296753
1779998641801867000,3.846866943359375,1.3048081398010254,-0.5169447064399719,-2.548224449157715
1779998641818195700,3.86319580078125,1.0532844066619873,-0.05513058975338936,-2.512183427810669
1779998641834521600,3.879521484375,0.5632177591323853,0.7499898076057434,-2.7560713291168213
1779998641850866400,3.895866455078125,0.04505131021142006,1.405600905418396,-2.797152042388916
1779998641867182300,3.912182373046875,-0.38667771220207214,1.9356791973114014,-2.465604782104492
1779998641883515100,3.92851513671875,-0.8155050873756409,2.459954261779785,-1.8254181146621704
1779998641899856000,3.94485595703125,-1.2968668937683105,2.414902925491333,-1.3060299158096313
1779998641916181500,3.961181396484375,-1.9781343936920166,3.93351411819458,-1.7256942987442017
1779998641932514800,3.977514892578125,-3.059823989868164,5.440824031829834,-3.2977559566497803
1779998641948848600,3.9938486328125,-3.860821008682251,2.942996025085449,-3.5937201976776123
1779998641965194800,4.01019482421875,-3.4959816932678223,-1.9437731504440308,-2.729804039001465
1779998641981525500,4.026525390625,-2.501951217651367,-4.802317142486572,-1.9008599519729614
1779998641997856300,4.042856201171875,-1.405295491218567,-4.0853142738342285,-1.624596118927002
1779998642014181000,4.05918115234375,-0.7542658448219299,-2.0279200077056885,-1.6383405923843384
1779998642030502100,4.075502197265625,-0.6282749176025391,-0.128434419631958,-1.6180293560028076
1779998642046845700,4.091845703125,-0.7916813492774963,0.9471465349197388,-1.3652838468551636
1779998642063179500,4.108179443359375,-0.9355401396751404,1.1520918607711792,-0.8300131559371948
1779998642079513000,4.12451318359375,-0.7255551815032959,0.816726803779602,-0.29856038093566895
1779998642095843600,4.140843505859375,-0.3701843321323395,0.5958990454673767,0.005497787147760391
1779998642112195000,4.157195068359375,-0.0861319974064827,0.23747386038303375,0.16050484776496887
1779998642128510000,4.173510009765625,0.06490442901849747,0.049785517156124115,0.45173484086990356
1779998642144845000,4.189844970703125,0.23258693516254425,-0.033139441162347794,0.8439103364944458
1779998642161179100,4.20617919921875,0.43875396251678467,-0.1036943718791008,1.257924199104309
1779998642177510700,4.2225107421875,0.6627888083457947,-0.12965615093708038,1.6183347702026367
1779998642193832200,4.238832275390625,0.9039278626441956,-0.1082758679986,1.8866573572158813
1779998642210177000,4.255177001953125,1.1316279172897339,-0.06536258012056351,2.073582172393799
1779998642226512000,4.271511962890625,1.3095424175262451,-0.007788531947880983,2.1734585762023926
1779998642242859800,4.28785986328125,1.3892602920532227,0.10735956579446793,2.19163179397583
1779998642259175200,4.304175048828125,1.3254249095916748,0.1823432743549347,2.1951441764831543
1779998642275521300,4.320521240234375,1.1565206050872803,0.14126259088516235,2.275625705718994
1779998642291838000,4.336837890625,0.8756753206253052,0.20631973445415497,2.551126003265381
1779998642308176600,4.3531767578125,0.5453499555587769,0.3790418803691864,2.8904616832733154
1779998642324507100,4.369507080078125,0.21700987219810486,0.5242751240730286,2.797304630279541
1779998642340863200,4.38586328125,-0.06994406878948212,0.6536257863044739,2.0812180042266846
1779998642357174300,4.40217431640625,-0.1385136991739273,0.6911939978599548,1.2722796201705933
1779998642373508900,4.4185087890625,-0.11911872029304504,0.7632761001586914,0.7151705026626587
1779998642389839400,4.43483935546875,-0.1722639948129654,0.9677632451057434,0.5128213763237
1779998642406174000,4.451174072265625,-0.247094988822937,0.6537785530090332,0.4735732674598694
1779998642422509000,4.467509033203125,-0.2987131178379059,-0.2942843437194824,0.7145596146583557
1779998642438840000,4.483840087890625,-0.23625212907791138,-1.6635388135910034,0.942259669303894
1779998642455185400,4.500185302734375,-0.1290452778339386,-2.557387351989746,0.7819074988365173
1779998642471505400,4.51650537109375,0.10125091671943665,-3.006984233856201,0.7258606553077698
1779998642487852800,4.532852783203125,0.4216497242450714,-2.8148670196533203,0.5664247870445251
1779998642504155100,4.549155029296875,0.7342600226402283,-1.7794504165649414,0.39248090982437134
1779998642520511000,4.565510986328125,0.9101892113685608,-0.24678955972194672,0.2822197377681732
1779998642536836900,4.5818369140625,0.9384417533874512,1.0714576244354248,0.3321579694747925
1779998642553172000,4.598171875,0.8846855759620667,1.782352089881897,0.6969972252845764
1779998642569506600,4.614506591796875,0.5007568001747131,1.955379605293274,1.1200214624404907
1779998642585837800,4.630837890625,-0.5361869931221008,3.1529810428619385,0.3243694305419922
1779998642602185200,4.647185302734375,-1.3738359212875366,5.2077789306640625,-1.7724255323410034
1779998642618503000,4.6635029296875,-1.3946053981781006,4.714963436126709,-1.9605720043182373
1779998642634837200,4.679837158203125,-1.0520626306533813,3.413973093032837,-1.4940236806869507
1779998642651172600,4.696172607421875,-0.5254968404769897,1.9196439981460571,-1.0047205686569214
1779998642667505700,4.712505615234375,0.21303924918174744,0.4460843503475189,-0.2096794992685318
1779998642683838500,4.72883837890625,0.5792529582977295,-0.8280278444290161,0.423329621553421
1779998642700168000,4.74516796875,0.6763805150985718,-1.7499761581420898,0.5371032953262329
1779998642716507600,4.761507568359375,0.8475755453109741,-2.249664068222046,0.5158756971359253
1779998642732839200,4.777839111328125,1.04289972782135,-2.13008713722229,0.4821254014968872
1779998642749166000,4.794166015625,1.0227410793304443,-1.0697777271270752,0.12599095702171326
1779998642765513700,4.810513671875,0.7058547735214233,0.5801692605018616,-0.6433938145637512
1779998642781849900,4.826849853515625,0.2541199326515198,1.7727309465408325,-1.2476922273635864
1779998642798182100,4.84318212890625,-0.08368854224681854,2.219120740890503,-1.399950385093689
1779998642814498000,4.859498046875,-0.2860376536846161,2.5441009998321533,-1.4214833974838257
1779998642830847200,4.87584716796875,-0.3995058834552765,3.092963457107544,-1.4285084009170532
1779998642847164400,4.892164306640625,-0.3900374472141266,3.2279646396636963,-1.242347240447998
1779998642863506400,4.90850634765625,-0.2955060601234436,2.5059218406677246,-0.95462965965271
1779998642879833000,4.9248330078125,-0.2054034322500229,1.1847730875015259,-0.8665123581886292
1779998642896165600,4.94116552734375,-0.18066339194774628,-0.05513058975338936,-1.057865858078003
1779998642912505900,4.957505859375,-0.2561052441596985,-0.7252497673034668,-1.2657127380371094
1779998642928834000,4.973833984375,-0.5285511612892151,-0.5858197808265686,-1.4605787992477417
1779998642945172200,4.990172119140625,-1.0873401165008545,0.44089198112487793,-1.8574885129928589
1779998642961508000,5.006508056640625,-1.8768835067749023,1.1439979076385498,-2.393064498901367
1779998642977846800,5.0228466796875,-2.5773932933807373,0.48609602451324463,-2.8125762939453125
1779998642994160600,5.03916064453125,-2.7488934993743896,-1.4399621486663818,-2.7627906799316406
1779998643010507300,5.05550732421875,-2.215913772583008,-3.2682816982269287,-2.4472789764404297
1779998643026829000,5.0718291015625,-1.4553864002227783,-3.7093265056610107,-2.1339049339294434
1779998643043157500,5.088157470703125,-0.997848391532898,-3.137556552886963,-1.8828394412994385
1779998643059504400,5.10450439453125,-0.7386888265609741,-1.7869335412979126,-1.6641496419906616
1779998643075830500,5.12083056640625,-0.6204863786697388,-0.21410827338695526,-1.4045319557189941
1779998643092181200,5.13718115234375,-0.5088507533073425,0.7434229850769043,-0.969443142414093
1779998643108496400,5.153496337890625,-0.30802878737449646,0.6230825781822205,-0.4934264123439789
1779998643124830700,5.169830810546875,-0.15271630883216858,0.37888917326927185,-0.10506882518529892
1779998643141162800,5.186162841796875,0.001527163083665073,0.3248275816440582,0.230448916554451
1779998643157499100,5.2024990234375,0.22800545394420624,0.44806966185569763,0.5007568001747131
1779998643173828000,5.218828125,0.41661009192466736,0.5560401082038879,0.7328855991363525
1779998643190163700,5.235163818359375,0.5517640113830566,0.48869219422340393,0.967915952205658
1779998643206481000,5.25148095703125,0.6931793093681335,0.2724458873271942,1.146135926246643
1779998643222833700,5.267833740234375,0.8426886200904846,0.08185594528913498,1.3200798034667969
1779998643239163000,5.284162841796875,1.0277807712554932,-0.014508049935102463,1.5514450073242188
1779998643255510800,5.3005107421875,1.2359330654144287,-0.017409659922122955,1.8437440395355225
1779998643271830300,5.316830322265625,1.4101824760437012,0.016340645030140877,2.1458168029785156
1779998643288174800,5.3331748046875,1.5302174091339111,0.038637228310108185,2.40940523147583
1779998643304504600,5.349504638671875,1.5566374063491821,0.13744467496871948,2.6010642051696777
1779998643320827400,5.365827392578125,1.4378241300582886,0.4179845452308655,2.6699392795562744
1779998643337180000,5.382179931640625,1.156978726387024,0.9242390990257263,2.6395487785339355
1779998643353485300,5.3984853515625,0.7667886018753052,1.5473216772079468,2.4663684368133545
1779998643369813200,5.414813232421875,0.38988474011421204,2.144136905670166,2.059837579727173
1779998643386159900,5.431159912109375,0.056352317333221436,2.7394251823425293,1.4917329549789429
1779998643402476500,5.4474765625,-0.1875356286764145,3.268739938735962,0.9133962392807007
1779998643418817000,5.463817138671875,-0.26908615231513977,3.3370041847229004,0.6849326491355896
1779998643435168300,5.480168212890625,-0.15195272862911224,2.5809056758880615,0.8544477820396423
1779998643451498200,5.496498291015625,-0.08659014850854874,1.3532192707061768,0.816726803779602
1779998643467828000,5.512827880859375,-0.16432274878025055,0.3831652104854584,0.5112941861152649
1779998643484158500,5.529158447265625,-0.3701843321323395,-0.04092797264456749,0.289702832698822
1779998643500500700,5.545500732421875,-0.6774495840072632,-0.2958115041255951,0.3399465084075928
1779998643516826000,5.561826171875,-0.8106181621551514,-1.1575896739959717,0.5152648091316223
1779998643533160400,5.578160400390625,-0.5653557777404785,-2.285705089569092,0.7481572031974792
1779998643549497000,5.5944970703125,-0.06902777403593063,-2.492482900619507,0.9153815507888794
1779998643565826800,5.610826904296875,0.4590652287006378,-1.8661932945251465,1.031598687171936
1779998643582175500,5.627175537109375,0.8064948320388794,-0.7344127297401428,1.0323622226715088
1779998643598501600,5.643501708984375,0.8910996913909912,0.3582724630832672,0.9054549932479858
1779998643614838000,5.659838134765625,0.8280278444290161,1.2226468324661255,0.8048149347305298
1779998643631159000,5.676158935546875,0.6589708924293518,1.882992148399353,0.8616254329681396
1779998643647494100,5.692494140625,0.30054569244384766,2.2099578380584717,0.9912815690040588
1779998643663826700,5.70882666015625,-0.26771169900894165,2.189035654067993,1.0680978298187256
1779998643680159500,5.725159423828125,-0.7243334650993347,2.2768476009368896,1.0795515775680542
1779998643696495000,5.7414951171875,-0.888961672782898,2.442850112915039,1.0415252447128296
1779998643712825300,5.757825439453125,-0.8376489877700806,2.6781859397888184,0.9593638777732849
1779998643729156900,5.774156982421875,-0.6785185933113098,2.942385196685791,0.8327620625495911
1779998643745492000,5.790491943359375,-0.47708576917648315,3.076775550842285,0.7191411256790161
1779998643761842000,5.806842041015625,-0.3052799105644226,2.657416582107544,0.5740606188774109
1779998643778172200,5.823172119140625,-0.15760323405265808,1.793500304222107,0.4158465266227722
1779998643794499800,5.839499755859375,-0.06185010448098183,0.864679753780365,0.3029891550540924
1779998643810814700,5.855814697265625,-0.04382958263158798,0.07391469180583954,0.31154128909111023
1779998643827145200,5.872145263671875,-0.31261029839515686,-0.3271183371543884,0.17562375962734222
1779998643843478800,5.888478759765625,-1.2463178634643555,0.5963571667671204,-1.1355985403060913
1779998643859811600,5.9048115234375,-2.0204367637634277,2.0758728981018066,-2.052049160003662
1779998643876145000,5.921144775390625,-2.1342103481292725,2.8237245082855225,-1.8090773820877075
1779998643892496000,5.937495849609375,-1.892765998840332,3.046232223510742,-1.2811371088027954
1779998643908824000,5.953823974609375,-1.4202617406845093,2.9576568603515625,-0.8243626356124878
1779998643925159400,5.970159423828125,-0.7081455588340759,2.5115723609924316,-0.5346598029136658
1779998643941492200,5.9864921875,0.08491026610136032,1.7912095785140991,-0.4369213581085205
1779998643957823700,6.00282373046875,0.6473644375801086,1.1035280227661133,-0.43478333950042725
1779998643974156000,6.019156005859375,0.7499898076057434,0.7651087045669556,-0.38377609848976135
1779998643990493400,6.035493408203125,0.5644394755363464,0.7226535677909851,-0.2880229651927948
1779998644006822400,6.051822509765625,0.2791654169559479,0.9147707223892212,-0.16035212576389313
1779998644023145000,6.06814501953125,-0.04642575979232788,1.2315043210983276,-0.05497787147760391
1779998644039477200,6.084477294921875,-0.3171917796134949,1.4845552444458008,-0.016035212203860283
1779998644055822600,6.100822509765625,-0.5198463201522827,1.5138767957687378,-0.02229658141732216
1779998644072155000,6.11715478515625,-0.7721336483955383,1.4436272382736206,-0.08368854224681854
1779998644088477700,6.133477783203125,-1.2672399282455444,3.0057623386383057,-1.2646437883377075
1779998644104809700,6.149809814453125,-1.835650086402893,4.469395637512207,-3.0799825191497803
1779998644121154800,6.16615478515625,-2.0189096927642822,4.1245622634887695,-4.14349889755249
1779998644137491000,6.182490966796875,-1.6913331747055054,2.5526530742645264,-5.2108330726623535
1779998644153822200,6.198822265625,-1.1117748022079468,1.0758863687515259,-5.557499408721924
1779998644170155500,6.215155517578125,-1.088714599609375,0.849255383014679,-3.5741724967956543
1779998644186488300,6.23148828125,-0.6209444999694824,-0.23609942197799683,-2.2047653198242188
1779998644202821400,6.2478212890625,0.3309362530708313,-1.2009611129760742,-1.6572774648666382
1779998644219156000,6.264156005859375,1.5161675214767456,-1.1797335147857666,-1.3952162265777588
1779998644235500500,6.28050048828125,2.580142021179199,-0.28557950258255005,-1.401477575302124
1779998644251818500,6.296818603515625,2.9633073806762695,1.1562151908874512,-1.9799669981002808
1779998644268142300,6.313142333984375,2.512183427810669,2.299907684326172,-2.8289170265197754
1779998644284486100,6.329486083984375,1.589624047279358,2.456136465072632,-3.308293342590332
1779998644300826600,6.34582666015625,0.5962044596672058,1.6969836950302124,-3.0312659740448
1779998644317155300,6.3621552734375,-0.039706241339445114,0.645684540271759,-2.090380907058716
1779998644333489000,6.378489013671875,-0.016493361443281174,0.10659598559141159,-1.1508700847625732
1779998644349807900,6.394807861328125,0.2243402600288391,0.22418753802776337,-0.6688974499702454
1779998644366143500,6.4111435546875,0.38148534297943115,0.7241807579994202,-0.651945948600769
1779998644382489900,6.42748974609375,0.4021020531654358,1.3231340646743774,-0.7846564054489136
1779998644398820900,6.44382080078125,0.32528573274612427,1.671021819114685,-0.7386888265609741
1779998644415156000,6.460156005859375,0.21242839097976685,1.6383405923843384,-0.42668938636779785
1779998644431488300,6.47648828125,0.14752395451068878,1.5752687454223633,-0.043676864355802536
1779998644447821800,6.49282177734375,0.21609358489513397,1.7655532360076904,0.266184538602829
1779998644464141600,6.5091416015625,0.37110063433647156,1.7734944820404053,0.5510004758834839
1779998644480472800,6.525472900390625,0.6004805564880371,1.5673274993896484,0.90728759765625
1779998644496811000,6.54181103515625,0.8799513578414917,1.3103059530258179,1.3046554327011108
1779998644513154300,6.558154296875,1.0850493907928467,0.9862419366836548,1.6525431871414185
1779998644529488000,6.57448779296875,1.0566442012786865,0.48808133602142334,1.9243782758712769
1779998644545821200,6.5908212890625,0.6050620079040527,0.1976149082183838,1.9955440759658813
1779998644562149000,6.607149169921875,-0.41599923372268677,0.967915952205658,1.642616629600525
1779998644578482700,6.623482666015625,-1.8475619554519653,3.2594242095947266,0.979827880859375
1779998644594820000,6.639820068359375,-2.9750664234161377,5.563149929046631,0.6380487680435181
1779998644611154200,6.656154296875,-3.407864570617676,5.9365410804748535,0.3729332387447357
1779998644627485400,6.6724853515625,-3.1357240676879883,5.28245735168457,0.2515237629413605
1779998644643820300,6.6888203125,-1.690264105796814,3.0330986976623535,-0.2255619913339615
1779998644660153300,6.7051533203125,0.43875396251678467,-0.3387247920036316,-0.5326744914054871
1779998644676488200,6.72148828125,2.0619757175445557,-2.2064452171325684,-0.18157969415187836
1779998644692819700,6.73781982421875,2.8342621326446533,-1.7597500085830688,0.30115658044815063
1779998644709153800,6.75415380859375,2.9743027687072754,-0.7409795522689819,0.44425174593925476
1779998644725487600,6.770487548828125,2.5645649433135986,-0.09254608303308487,0.3321579694747925
1779998644741857300,6.786857177734375,1.8683313131332397,0.009773843921720982,0.21639901399612427
1779998644758165000,6.8031650390625,1.0538952350616455,-0.25106561183929443,0.2422080636024475
1779998644774493400,6.819493408203125,0.34315356612205505,-0.5351179838180542,0.4147774875164032
1779998644790840000,6.835840087890625,0.037110064178705215,-0.29794952273368835,0.7150177955627441
1779998644807166700,6.852166748046875,-0.024892758578062057,0.3413209617137909,1.065043568611145
1779998644823498800,6.868498779296875,-0.060475658625364304,0.7115052938461304,1.3744467496871948
1779998644839816400,6.88481640625,-0.23258693516254425,0.5648976564407349,1.623374342918396
1779998644856153000,6.901153076171875,-0.984867513179779,1.858099341392517,0.7360926270484924
1779998644872486700,6.917486572265625,-1.8617645502090454,3.7612500190734863,-0.6892086863517761
1779998644888806700,6.933806640625,-2.105194330215454,4.362799644470215,-1.1618657112121582
1779998644905153300,6.9501533203125,-1.7799086570739746,4.37684965133667,-1.013578176498413
1779998644921487000,6.966487060546875,-1.1429288387298584,3.8756344318389893,-0.6520986557006836
1779998644937822000,6.982822021484375,-0.5581781268119812,2.7369816303253174,-0.4080579876899719
1779998644954152400,6.99915234375,-0.25473082065582275,1.3390166759490967,-0.46211954951286316
1779998644970486500,7.015486572265625,-0.13148874044418335,0.4282165467739105,-0.6197227835655212
1779998644986819000,7.031819091796875,-0.1342376321554184,0.1336267739534378,-0.8535314798355103
1779998645003152100,7.048152099609375,-0.2321287989616394,0.41951170563697815,-1.1571314334869385
1779998645019473400,7.064473388671875,-0.2817615866661072,0.8999572396278381,-1.315040111541748
1779998645035818500,7.080818603515625,-0.16829337179660797,1.0772608518600464,-1.1609493494033813
1779998645052152600,7.097152587890625,0.08857546001672745,1.1227703094482422,-0.8381071090698242
1779998645068498700,7.113498779296875,0.39797869324684143,1.2374602556228638,-0.5076290369033813
1779998645084802300,7.12980224609375,0.6155994534492493,1.4572190046310425,-0.21670444309711456
1779998645101139700,7.1461396484375,0.6067419052124023,1.7458528280258179,-0.04902193695306778
1779998645117472800,7.16247265625,0.299018532037735,2.16322660446167,-0.12751811742782593
1779998645133805800,7.178805908203125,-0.07009678333997726,2.4607179164886475,-0.30512720346450806
1779998645150139600,7.1951396484375,-0.2981022298336029,2.342820882797241,-0.46410486102104187
1779998645166472400,7.211472412109375,-0.4103487432003021,2.032654047012329,-0.7429648637771606
1779998645182809000,7.22780908203125,-0.3081815242767334,1.553583025932312,-0.9246972799301147
1779998645199150600,7.244150634765625,-0.16035212576389313,1.0448850393295288,-1.0980303287506104
1779998645215483000,7.26048291015625,-0.3202461004257202,1.084285855293274,-1.6471980810165405
1779998645231820800,7.27682080078125,-0.9004153609275818,1.5262467861175537,-2.4743096828460693
1779998645248152000,7.293152099609375,-1.577559471130371,1.3881912231445312,-2.875495433807373
1779998645264481500,7.3094814453125,-2.2156083583831787,0.7382306456565857,-2.9321532249450684
1779998645280824600,7.325824462890625,-2.6751315593719482,-0.00733038317412138,-2.7797422409057617
1779998645297152000,7.342152099609375,-2.657721996307373,-0.7130324840545654,-2.4295637607574463
1779998645313487000,7.358487060546875,-2.157728672027588,-1.072068452835083,-2.0809123516082764
1779998645329844500,7.374844482421875,-1.542281985282898,-0.7846564054489136,-2.055103302001953
1779998645346162200,7.391162109375,-1.0758863687515259,-0.15836681425571442,-2.1342103481292725
1779998645362486500,7.407486572265625,-0.7547240257263184,0.2119702398777008,-2.1123719215393066
1779998645378817800,7.42381787109375,-0.5499314665794373,0.21105393767356873,-1.9469802379608154
1779998645395152600,7.440152587890625,-0.46410486102104187,0.1586722433567047,-1.4885258674621582
1779998645411486700,7.45648681640625,-0.39553526043891907,0.028099801391363144,-0.8680394887924194
1779998645427818200,7.472818359375,-0.22388210892677307,0.17287486791610718,-0.3686571717262268
1779998645444152300,7.48915234375,0.17318029701709747,0.3926336467266083,-0.031154127791523933
1779998645460486400,7.505486328125,0.7258606553077698,0.3378084897994995,0.20372356474399567
1779998645476816600,7.521816650390625,1.2805262804031372,0.2816088795661926,0.4616613984107971
1779998645493153500,7.538153564453125,1.7081319093704224,0.30222558975219727,0.7689266204833984
1779998645509484500,7.554484619140625,1.9547687768936157,0.4833471179008484,1.1088731288909912
1779998645525818400,7.570818359375,2.085646629333496,0.7553348541259766,1.4048373699188232
1779998645542154500,7.587154541015625,2.121229648590088,0.9915869832038879,1.6862934827804565
1779998645558493400,7.603493408203125,2.060142993927002,0.7777841687202454,1.9587393999099731
1779998645574829600,7.61982958984375,1.86191725730896,0.13790282607078552,2.2377521991729736
1779998645591167000,7.6361669921875,1.4741705656051636,-0.5230533480644226,2.529745578765869
1779998645607483400,7.6524833984375,0.9818131923675537,-0.8393288254737854,2.7062857151031494
1779998645623817700,7.668817626953125,0.4547891616821289,-0.7301366925239563,2.6561946868896484
1779998645640151800,7.68515185546875,-0.013133603148162365,-0.4833471179008484,2.339155673980713
1779998645656487000,7.70148681640625,-0.2292271852493286,-0.1872301995754242,2.0334177017211914
1779998645672816400,7.71781640625,-0.2565633952617645,0.06459899991750717,2.027308940887451
1779998645689152000,7.734152099609375,-0.3562871515750885,-0.008399397134780884,1.7185167074203491
1779998645705486600,7.750486572265625,-0.4818199574947357,0.46761733293533325,1.0317513942718506
1779998645721816600,7.766816650390625,-0.4031710624694824,0.6586654782295227,0.28038713335990906
1779998645738151200,7.783151123046875,-0.021991148591041565,-0.11530081182718277,-0.6766859889030457
1779998645754488300,7.79948828125,0.34315356612205505,-0.644768238067627,-0.6869179606437683
1779998645770831000,7.8158310546875,0.5707008838653564,-0.9346238374710083,-0.26251932978630066
1779998645787152600,7.832152587890625,0.8026769161224365,-0.9584475755691528,-0.07269296050071716
1779998645803500000,7.8485,0.8866708874702454,-0.7266241908073425,0.038179077208042145
1779998645819805000,7.864804931640625,0.7388415336608887,-0.8324565887451172,0.2675589919090271
1779998645836150000,7.88114990234375,0.5442809462547302,-1.5140295028686523,0.7089090943336487
1779998645852475100,7.89747509765625,0.44226643443107605,-2.197587728500366,1.285413146018982
1779998645868808400,7.913808349609375,-0.0065668015740811825,1.0254900455474854,0.8407033085823059
1779998645885153000,7.930153076171875,-0.6491970419883728,4.626540660858154,-0.4314235746860504
1779998645901483500,7.9464833984375,-0.5798638463020325,3.8921279907226562,-0.4807509481906891
1779998645917809000,7.962808837890625,-0.24663683772087097,2.250274896621704,-0.1889100819826126
1779998645934144500,7.97914453125,0.11545353382825851,0.9118691086769104,0.0659734457731247
1779998645950487000,7.995487060546875,0.49357911944389343,0.032681290060281754,0.3078760802745819
1779998645966817000,8.011817138671875,0.8710938692092896,-0.4973970353603363,0.584139883518219
1779998645983152000,8.028152099609375,1.0778716802597046,-0.9439395070075989,0.6803511381149292
1779998645999487000,8.044487060546874,0.7843509912490845,-1.1256719827651978,0.01664607785642147
1779998646015805000,8.060804931640625,0.33918291330337524,-0.7263187766075134,-0.7637342810630798
1779998646032152000,8.077152099609375,0.14019356667995453,0.07681630551815033,-0.9947940707206726
1779998646048477700,8.093477783203125,-0.03497203439474106,0.8124507665634155,-1.042441487312317
1779998646064817700,8.109817626953125,-0.11255192011594772,1.3025174140930176,-1.1659890413284302
1779998646081148000,8.12614794921875,-0.07330382615327835,1.4460707902908325,-1.2107349634170532
1779998646097483800,8.14248388671875,0.04764748737215996,1.1832460165023804,-1.044274091720581
1779998646113817900,8.15881787109375,0.14248432219028473,0.48640143871307373,-0.7762570381164551
1779998646130152400,8.17515234375,0.1518000066280365,-0.4834998548030853,-0.49464812874794006
1779998646146483700,8.191483642578126,0.08704829961061478,-1.2637274265289307,-0.2603813111782074
1779998646162820400,8.2078203125,-0.16982053220272064,-0.945772111415863,-0.3381139039993286
1779998646179139600,8.2241396484375,-0.6444628238677979,0.3900374472141266,-0.8306240439414978
1779998646195503600,8.240503662109376,-1.006095051765442,1.0888673067092896,-1.1844676733016968
1779998646211816200,8.256816162109375,-1.3309226036071777,1.1734721660614014,-1.5083789825439453
1779998646228150800,8.27315087890625,-1.6235270500183105,1.693318486213684,-2.302503824234009
1779998646244484400,8.289484375,-2.0201313495635986,1.811673641204834,-3.0666961669921875
1779998646260825900,8.305825927734375,-2.4553728103637695,0.4740314185619354,-3.2180380821228027
1779998646277152500,8.322152587890624,-2.58762526512146,-2.7094926834106445,-2.596482753753662
1779998646293486800,8.33848681640625,-2.3489296436309814,-4.867068767547607,-2.211179494857788
1779998646309820400,8.3548203125,-1.9352210760116577,-4.400215148925781,-2.2624921798706055
1779998646326170400,8.37117041015625,-1.4288138151168823,-2.6143505573272705,-2.3160955905914307
1779998646342501400,8.38750146484375,-0.9926560521125793,-0.36560285091400146,-2.129781723022461
1779998646358813200,8.403813232421875,-0.7773260474205017,1.1218540668487549,-1.7528778314590454
1779998646375154400,8.420154541015625,-0.6262896060943604,0.915534257888794,-1.3246612548828125
1779998646391487700,8.43648779296875,-0.35674530267715454,-0.23457226157188416,-0.9077457785606384
1779998646407816200,8.452816162109375,-0.15882496535778046,-0.608421802520752,-0.4856378734111786
1779998646424156200,8.46915625,-0.17119498550891876,-0.16264286637306213,-0.12568552792072296
1779998646440487700,8.48548779296875,-0.22403483092784882,0.039095375686883926,0.19135354459285736
1779998646456819500,8.5018193359375,-0.054367005825042725,0.0403171069920063,0.5326744914054871
1779998646473153300,8.5181533203125,0.32971450686454773,-0.0708603709936142,0.9243918061256409
1779998646489488000,8.53448779296875,0.6417139172554016,-0.2629774808883667,1.323439598083496
1779998646505816600,8.550816650390624,0.7962628602981567,-0.41202861070632935,1.676366925239563
1779998646522156800,8.56715673828125,0.9382890462875366,-0.4544837474822998,1.9773707389831543
1779998646538478800,8.583478759765624,1.1189523935317993,-0.40744712948799133,2.215913772583008
1779998646554818600,8.599818603515626,1.2867876291275024,-0.32971450686454773,2.4214699268341064
1779998646571154000,8.61615380859375,1.3808609247207642,-0.25274550914764404,2.660928964614868
1779998646587486700,8.63248681640625,1.3684908151626587,-0.12079860270023346,2.9715540409088135
1779998646603820000,8.648820068359376,1.2431107759475708,0.09682214260101318,3.2681291103363037
1779998646620153600,8.665153564453124,0.9932668805122375,0.21013765037059784,3.341280221939087
1779998646636488700,8.68148876953125,0.6499606370925903,0.29596421122550964,3.1279354095458984
1779998646652820000,8.697820068359375,0.2701551616191864,0.33948835730552673,2.638021469116211
1779998646669154000,8.714154052734376,-0.02535090781748295,0.43050727248191833,1.8455766439437866
1779998646685474600,8.730474609375,-0.18478673696517944,0.7408268451690674,0.8666650652885437
1779998646701835500,8.74683544921875,-0.22067506611347198,1.0743592977523804,0.3433062732219696
1779998646718166500,8.76316650390625,-0.10323622822761536,0.6348416805267334,0.5259549617767334
1779998646734479600,8.779479736328126,0.04505131021142006,-0.5561928153038025,1.1094839572906494
1779998646750828800,8.795828857421874,0.05910121276974678,-1.9422460794448853,1.71989107131958
1779998646767154000,8.81215380859375,-0.0806342139840126,-3.1509957313537598,1.9346102476119995
1779998646783478000,8.82847802734375,-0.07528914511203766,-4.074929237365723,1.8425222635269165
1779998646799820000,8.844820068359375,0.1371392458677292,-3.9709296226501465,1.5598443746566772
1779998646816154600,8.861154541015624,0.5642867684364319,-2.17437481880188,1.2179125547409058
1779998646832491300,8.8774912109375,0.9421069025993347,0.346818745136261,0.8701775670051575
1779998646848808000,8.893807861328124,0.9764680862426758,2.135279417037964,0.6044511795043945
1779998646865143600,8.9101435546875,0.5992587804794312,2.252718210220337,0.5598580241203308
1779998646881487400,8.9264873046875,0.11942415684461594,1.5259413719177246,0.7863363027572632
1779998646897821400,8.942821533203125,-0.6125451326370239,0.6218608021736145,-0.698677122592926
1779998646914153700,8.95915380859375,-1.2744176387786865,0.5707008838653564,-3.2786664962768555
1779998646930488600,8.975488525390626,-0.8455902338027954,1.425148606300354,-2.7039949893951416
1779998646946821000,8.991821044921876,-0.23075434565544128,1.8191566467285156,-1.524261474609375
1779998646963156000,9.008156005859375,0.013133603148162365,1.3968961238861084,-0.7701483368873596
1779998646979486200,9.024486328125,0.08124507963657379,0.4499022662639618,-0.3171917796134949
1779998646995823400,9.0408232421875,0.15332718193531036,-0.38667771220207214,0.06750060617923737
1779998647012155100,9.057155029296876,0.3926336467266083,-0.7712173461914062,0.4683809280395508
1779998647028481800,9.073481689453125,0.8254316449165344,-0.685390830039978,0.8257371187210083
1779998647044822000,9.089822021484375,1.2794572114944458,-0.2719877362251282,1.089020013809204
1779998647061154300,9.106154296875,1.5538884401321411,0.1748601794242859,1.275639295578003
1779998647077490000,9.122489990234374,1.544114589691162,0.4775438904762268,1.3565789461135864
1779998647093822700,9.13882275390625,1.2287554740905762,0.6603453159332275,1.2218831777572632
1779998647110142700,9.155142822265624,-0.007941247895359993,2.481487274169922,-1.8303049802780151
1779998647126491400,9.171491455078124,-0.8619308471679688,4.084092140197754,-3.729179620742798
1779998647142821000,9.187821044921876,-0.6713408827781677,4.332714557647705,-3.0497448444366455
1779998647159157500,9.204157470703125,0.023976460099220276,3.2980613708496094,-1.3912456035614014
1779998647175491600,9.22049169921875,0.46502116322517395,1.3119858503341675,-0.21853704750537872
1779998647191810000,9.23681005859375,0.44593164324760437,-0.5600107312202454,0.19624045491218567
1779998647208156700,9.25315673828125,0.12339477986097336,-1.8840610980987549,0.02626720629632473
1779998647224488200,9.26948828125,-0.4579962193965912,-1.5748106241226196,-0.898124635219574
1779998647240831200,9.285831298828125,-0.9576839804649353,-0.3445279896259308,-1.815796971321106
1779998647257154300,9.302154296875,-1.2084441184997559,0.6282749176025391,-2.1474967002868652
1779998647273495300,9.318495361328125,-1.6762142181396484,2.149329423904419,-2.836705446243286
1779998647289826300,9.334826416015625,-2.5689938068389893,3.7304012775421143,-4.175722122192383
1779998647306167300,9.351167236328125,-3.2543845176696777,2.305863618850708,-3.9072468280792236
1779998647322475800,9.367475830078124,-3.1943671703338623,-2.392606496810913,-2.5274548530578613
1779998647338812200,9.383812255859375,-2.467437505722046,-5.215261936187744,-2.082134246826172
1779998647355144200,9.400144287109375,-1.507462739944458,-4.240473747253418,-2.0861048698425293
1779998647371478800,9.416478759765624,-1.0407617092132568,-1.9839376211166382,-1.914909839630127
1779998647387811300,9.432811279296875,-0.9518807530403137,0.6091853380203247,-1.6714800596237183
1779998647404159200,9.4491591796875,-0.8052731156349182,1.760208249092102,-1.4060590267181396
1779998647420494300,9.465494384765625,-0.5632177591323853,0.8613200187683105,-0.7513642311096191
1779998647436822300,9.481822265625,-0.35613444447517395,0.4156937897205353,-0.15424346923828125
1779998647453158700,9.49815869140625,-0.1895209401845932,0.6041457056999207,0.039248090237379074
1779998647469493800,9.51449365234375,-0.03390302136540413,0.6322455406188965,0.21410827338695526
1779998647485824800,9.53082470703125,0.1569923609495163,0.7590000629425049,0.5881105065345764
1779998647502174500,9.547174560546875,0.42348232865333557,1.0057896375656128,1.0358747243881226
1779998647518502400,9.56350244140625,0.7443392872810364,1.1385000944137573,1.4567608833312988
1779998647534845200,9.57984521484375,0.9697485566139221,0.8489499688148499,1.8373299837112427
1779998647551149800,9.59614990234375,1.1462886333465576,0.3517056703567505,2.1177170276641846
1779998647567505000,9.6125048828125,1.3570371866226196,-0.08109235763549805,2.28631591796875
1779998647583821800,9.62882177734375,1.5418238639831543,-0.38377609848976135,2.3455698490142822
1779998647600158700,9.64515869140625,1.540602207183838,-0.45494189858436584,2.3739750385284424
1779998647616494000,9.661494140625,1.3213015794754028,-0.30970868468284607,2.5244007110595703
1779998647632825300,9.677825439453125,1.0476338863372803,-0.13255776464939117,2.850755453109741
1779998647649159700,9.69415966796875,0.8471173644065857,-0.026419922709465027,3.1117475032806396
1779998647665494500,9.71049462890625,0.6711881756782532,0.0933096632361412,3.073721170425415
1779998647681810000,9.726809814453125,0.43447789549827576,0.2278527319431305,2.724306344985962
1779998647698146800,9.743146728515624,0.046273041516542435,0.4489859640598297,2.0948095321655273
1779998647714495200,9.7594951171875,-0.3191770911216736,0.8827002644538879,0.9917397499084473
1779998647730834000,9.775833984375,-0.4236350357532501,1.6394095420837402,0.0010690141934901476
1779998647747146800,9.792146728515625,-0.14095716178417206,2.3469443321228027,-0.13561208546161652
1779998647763496400,9.808496337890626,0.1408044397830963,2.2438607215881348,0.0656680166721344
1779998647779814400,9.824814453125,0.18081611394882202,1.091310739517212,0.3104722499847412
1779998647796160500,9.841160400390624,0.08750644326210022,-0.5157229900360107,0.5196936130523682
1779998647812494600,9.85749462890625,0.07925976812839508,-1.9976820945739746,0.5907067060470581
1779998647828828000,9.873827880859375,0.26633724570274353,-3.271641492843628,0.5343543887138367
1779998647845150500,9.890150390625,0.5384777188301086,-3.5100317001342773,0.4749477207660675
1779998647861495000,9.9064951171875,0.8788823485374451,-2.662761688232422,0.4804455041885376
1779998647877825500,9.922825439453124,1.1575896739959717,-1.4558446407318115,0.5230533480644226
1779998647894158800,9.939158935546875,1.2072224617004395,-0.28420504927635193,0.6207917928695679
1779998647910484700,9.955484619140625,0.9172141551971436,0.4331034719944,0.7811439037322998
1779998647926826800,9.97182666015625,0.3643811047077179,0.6863071322441101,0.9993755221366882
1779998647943151600,9.988151611328124,-0.1963931769132614,0.8486445546150208,1.2684617042541504
1779998647959494700,10.00449462890625,-0.7686212062835693,3.332728147506714,0.7579310536384583
1779998647975829000,10.0208291015625,-0.9605855941772461,6.146373271942139,-0.45142942667007446
1779998647992160800,10.037160888671876,-0.579405665397644,6.239988327026367,-0.9665415287017822
1779998648008507400,10.05350732421875,0.026114489883184433,4.974275588989258,-1.1169670820236206
1779998648024823800,10.06982373046875,0.3700316250324249,2.719419240951538,-0.9495900273323059
1779998648041166000,10.086166015625,0.1895209401845932,0.1921171247959137,-0.41813725233078003
1779998648057499600,10.102499755859375,-0.06627888232469559,-1.5351043939590454,0.11484266817569733
1779998648073828400,10.118828369140624,-0.07024950534105301,-2.3907737731933594,0.4502076804637909
1779998648090162400,10.135162353515625,0.07254024595022202,-2.7177395820617676,0.6559165716171265
1779998648106509000,10.151509033203125,0.24098633229732513,-2.539672374725342,0.784503698348999
1779998648122829600,10.16782958984375,0.11988230794668198,-1.0054842233657837,0.4334088861942291
1779998648139161300,10.184161376953124,-0.39797869324684143,1.8599319458007812,-0.865290641784668
1779998648155504000,10.200504150390625,-0.5836817622184753,2.942385196685791,-1.5276212692260742
1779998648171826200,10.216826171875,-0.45265114307403564,2.568840980529785,-1.4802792072296143
1779998648188163300,10.233163330078124,-0.19547687470912933,1.8248071670532227,-1.2220358848571777
1779998648204497400,10.249497314453125,0.06520986557006836,1.3600914478302002,-0.8782715201377869
1779998648220813000,10.26581298828125,0.26801711320877075,1.1296426057815552,-0.4216497242450714
1779998648237163500,10.28216357421875,0.19975294172763824,0.5592471361160278,-0.09162978827953339
1779998648253503700,10.298503662109376,-0.20631973445415497,0.08429940044879913,-0.12003502249717712
1779998648269831700,10.314831787109375,-0.841619610786438,0.6896668672561646,-0.8915578126907349
1779998648286176000,10.331176025390626,-1.2087496519088745,0.9436340928077698,-1.7536413669586182
1779998648302510800,10.3475107421875,-1.2573133707046509,0.4164573848247528,-2.3666446208953857
1779998648318835500,10.36383544921875,-1.6099354028701782,0.4356996417045593,-3.3174564838409424
1779998648335179300,10.38017919921875,-2.311361312866211,-0.03451388701796532,-3.389538526535034
1779998648351511000,10.396510986328124,-2.758056640625,-1.8736764192581177,-2.813950777053833
1779998648367828000,10.412827880859375,-2.7824912071228027,-3.4713945388793945,-2.644282817840576
1779998648384161000,10.4291611328125,-2.4498751163482666,-3.785073757171631,-2.6451992988586426
1779998648400502800,10.445502685546876,-1.9130772352218628,-2.50714373588562,-2.5445592403411865
1779998648416830000,10.461829833984375,-1.6468926668167114,-0.6579018831253052,-2.071138620376587
1779998648433165800,10.478165771484376,-1.4999796152114868,0.6062837839126587,-1.576032280921936
1779998648449504500,10.49450439453125,-1.1325441598892212,0.7342600226402283,-1.3362677097320557
1779998648465829400,10.510829345703126,-0.7539604306221008,0.5592471361160278,-1.1606439352035522
1779998648482181000,10.52718115234375,-0.536797821521759,0.47601673007011414,-0.8147414922714233
1779998648498505700,10.543505615234375,-0.2721404731273651,0.5230533480644226,-0.41431936621665955
1779998648514842600,10.559842529296875,0.12247848510742188,0.299018532037735,-0.18707747757434845
1779998648531167500,10.57616748046875,0.46822822093963623,0.2814561724662781,0.04444044828414917
1779998648547513600,10.592513671875,0.8098546266555786,0.2767219543457031,0.3995058834552765
1779998648563833000,10.6088330078125,1.1566733121871948,0.14569136500358582,0.9039278626441956
1779998648580150500,10.625150634765625,1.461495041847229,-0.010537425056099892,1.460120677947998
1779998648596487400,10.6414873046875,1.6627751588821411,-0.13500121235847473,1.8978055715560913
1779998648612821500,10.657821533203125,1.7931948900222778,-0.15974126756191254,2.1697933673858643
1779998648629153800,10.67415380859375,1.8823812007904053,-0.13454307615756989,2.3483188152313232
1779998648645490200,10.690490234375,1.878868818283081,-0.24724771082401276,2.52608060836792
1779998648661821000,10.706821044921876,1.6942347288131714,-0.6357579827308655,2.7687466144561768
1779998648678154000,10.723154052734374,1.2806789875030518,-0.9237809777259827,3.2473597526550293
1779998648694489600,10.739489501953125,0.5907067060470581,-0.4766276180744171,4.10089111328125
1779998648710822000,10.75582177734375,-0.18478673696517944,0.40103304386138916,4.9200615882873535
1779998648727154700,10.77215478515625,-0.7903069257736206,2.3331997394561768,1.5079208612442017
1779998648743489000,10.788489013671875,-1.659568190574646,5.10286283493042,-2.6116015911102295
1779998648759828500,10.804828369140624,-1.2111930847167969,5.928905487060547,-1.7748689651489258
1779998648776156200,10.82115625,-0.07696902006864548,2.6920831203460693,-0.13271047174930573
1779998648792491000,10.837490966796874,0.508698046207428,0.8417723178863525,0.804051399230957
1779998648808838400,10.85383837890625,0.7677049040794373,-0.3223841190338135,0.8440630435943604
1779998648825170700,10.870170654296874,0.892779529094696,-1.722181797027588,0.5958990454673767
1779998648841488600,10.886488525390625,1.0459539890289307,-2.0366246700286865,0.27779096364974976
1779998648857836300,10.902836181640625,1.13758385181427,-1.8383989334106445,-0.0013744467869400978
1779998648874164700,10.919164794921874,0.9996809959411621,-1.4080443382263184,-0.021991148591041565
1779998648890506500,10.935506591796875,0.6559165716171265,-0.6459900140762329,0.3280346393585205
1779998648906841000,10.951841064453125,0.27519479393959045,0.36972618103027344,0.9347765445709229
1779998648923168500,10.96816845703125,0.19165897369384766,1.2721269130706787,1.4395039081573486
1779998648939507700,10.9845078125,0.1569923609495163,2.032654047012329,1.5383113622665405
1779998648955836200,11.000836181640626,-0.08521570265293121,2.4356725215911865,1.3866641521453857
1779998648972167000,11.0171669921875,-0.4179845452308655,2.6473371982574463,1.152855396270752
1779998648988518400,11.033518310546874,-0.664315938949585,2.785698175430298,1.0024298429489136
1779998649004827100,11.0498271484375,-0.8263479471206665,2.877633571624756,0.9627236127853394
1779998649021169200,11.066169189453126,-0.9297369122505188,2.8515188694000244,1.018770456314087
1779998649037502200,11.082502197265624,-0.9534079432487488,2.6342036724090576,1.1186469793319702
1779998649053837800,11.098837890625,-0.8397870063781738,2.3298399448394775,1.1730140447616577
1779998649070171000,11.1151708984375,-0.6669121384620667,1.9709566831588745,1.007622241973877
1779998649086509300,11.13150927734375,-0.9940304756164551,1.8245017528533936,-0.42531493306159973
1779998649102837500,11.14783740234375,-1.4081971645355225,2.3133466243743896,-1.79090416431427
1779998649119168500,11.16416845703125,-1.2718214988708496,2.7620272636413574,-1.8642079830169678
1779998649135507000,11.1805068359375,-0.9205739498138428,2.9697213172912598,-1.49906325340271
1779998649151840300,11.19684033203125,-0.5940664410591125,2.959642171859741,-1.1045970916748047
1779998649168171000,11.2131708984375,-0.32100969552993774,2.775008201599121,-0.7379252314567566
1779998649184491000,11.229490966796876,-0.06490442901849747,2.464383125305176,-0.4395175576210022
1779998649200862500,11.245862548828125,0.17928895354270935,1.9804251194000244,-0.2629774808883667
1779998649217172200,11.262172119140626,0.3321579694747925,1.3671164512634277,-0.2047925740480423
1779998649233507300,11.27850732421875,0.37629300355911255,0.8032878041267395,-0.21013765037059784
1779998649249843500,11.294843505859374,0.36621370911598206,0.432645320892334,-0.23609942197799683
1779998649266166000,11.311166015625,0.31749722361564636,0.3413209617137909,-0.24129177629947662
1779998649282524700,11.327524658203124,0.19624045491218567,0.5482515692710876,-0.2370157092809677
1779998649298836000,11.3438359375,-0.01466076634824276,0.9305005073547363,-0.2528982162475586
1779998649315192800,11.36019287109375,-0.2877175211906433,1.2597568035125732,-0.31749722361564636
1779998649331519000,11.37651904296875,-0.5679519772529602,1.3603968620300293,-0.41661009192466736
1779998649347837200,11.392837158203125,-0.8790351152420044,3.324634075164795,-1.3634512424468994
1779998649364175000,11.409175048828125,-1.3487904071807861,4.897001266479492,-3.000875473022461
1779998649380506400,11.42550634765625,-1.980883240699768,4.093255519866943,-3.721543788909912
1779998649396840200,11.441840087890625,-2.4472789764404297,2.942232370376587,-4.202753067016602
1779998649413174800,11.4581748046875,-2.498744249343872,2.361604928970337,-4.994128704071045
1779998649429506300,11.47450634765625,-2.308765172958374,2.458885431289673,-4.749019145965576
1779998649445841700,11.490841552734375,-1.677588701248169,1.528384804725647,-3.079219102859497
1779998649462174700,11.5071748046875,-0.2096794992685318,0.328340083360672,-2.211484909057617
1779998649478518500,11.5235185546875,1.7521142959594727,0.050854530185461044,-2.0167715549468994
1779998649494852900,11.539852783203125,3.13847279548645,0.8150469660758972,-2.149482011795044
1779998649511189000,11.55618896484375,3.045163154602051,1.8301522731781006,-2.6922359466552734
1779998649527521300,11.572521240234375,2.0590739250183105,2.584876298904419,-3.2566752433776855
1779998649543839200,11.588839111328125,0.9205739498138428,2.813339948654175,-3.3368513584136963
1779998649560174300,11.60517431640625,-0.08521570265293121,2.0833559036254883,-2.7598891258239746
1779998649576510700,11.6215107421875,-0.4593706727027893,0.9430232048034668,-1.9158260822296143
1779998649592842200,11.63784228515625,-0.3504839241504669,0.039095375686883926,-1.479668378829956
1779998649609176600,11.654176513671874,0.016493361443281174,-0.4027129113674164,-1.5279266834259033
1779998649625511700,11.67051171875,0.4801400899887085,-0.2275473028421402,-1.7580702304840088
1779998649641842000,11.686842041015625,0.8162686824798584,0.4317290186882019,-1.8784105777740479
1779998649658177300,11.70317724609375,0.8361217975616455,1.2147055864334106,-1.7527251243591309
1779998649674528000,11.719528076171875,0.6243042945861816,1.6699528694152832,-1.4430164098739624
1779998649690856400,11.7358564453125,0.4072943925857544,1.6859880685806274,-1.0613783597946167
1779998649707190000,11.75218994140625,0.28787025809288025,1.5274685621261597,-0.7041749358177185
1779998649723526000,11.76852587890625,0.3257438838481903,1.4054481983184814,-0.45723262429237366
1779998649739840500,11.784840576171876,0.46150869131088257,1.2903001308441162,-0.3010038435459137
1779998649756178000,11.801177978515625,0.6148358583450317,1.2446379661560059,-0.10842858254909515
1779998649772512000,11.817511962890626,0.7255551815032959,1.3168727159500122,0.1368338167667389
1779998649788845000,11.833844970703124,0.8136724829673767,1.3558154106140137,0.3539963960647583
1779998649805176600,11.850176513671874,0.8677340745925903,1.2860240936279297,0.5609270334243774
1779998649821499000,11.866498779296874,0.8949176073074341,1.1409435272216797,0.7360926270484924
1779998649837853700,11.882853759765625,0.8391761183738708,0.9466884136199951,0.8005388975143433
1779998649854182000,11.899181884765625,0.6114761233329773,1.0070114135742188,0.6944010853767395
1779998649870508000,11.915508056640626,0.15851953625679016,1.6096298694610596,0.566119372844696
1779998649886848500,11.9318486328125,-0.45524731278419495,2.5919013023376465,0.8095491528511047
1779998649903166500,11.94816650390625,-1.0960450172424316,3.1583261489868164,1.2434161901474
1779998649919514600,11.9645146484375,-1.5259413719177246,2.6557366847991943,1.348484992980957
1779998649935841500,11.980841552734375,-1.6116151809692383,1.3333661556243896,1.1061242818832397
1779998649952180200,11.99718017578125,-1.3031282424926758,-0.17501288652420044,0.797789990901947
1779998649968512000,12.013511962890625,-0.7209737300872803,-0.979827880859375,0.618195652961731
1779998649984846800,12.029846923828124,-0.040164388716220856,-0.9068294763565063,0.8917105197906494
1779998650001179400,12.046179443359375,0.47219884395599365,-0.22357667982578278,1.2279918193817139
1779998650017513700,12.062513671875,1.1320860385894775,0.6372851729393005,1.0702359676361084
1779998650033863200,12.07886328125,2.339003086090088,0.33628132939338684,-0.3608686327934265
1779998650050179800,12.095179931640626,3.118008852005005,-0.9100365042686462,-1.2927435636520386
1779998650066513700,12.111513671875,2.8211283683776855,-0.6530149579048157,-0.5238169431686401
1779998650082847700,12.12784765625,2.165975332260132,0.4415028691291809,0.08384125679731369
1779998650099180000,12.144179931640625,1.4717271327972412,1.3171781301498413,0.1889100819826126
1779998650115517400,12.160517333984375,0.8721628785133362,1.6800321340560913,0.1644754707813263
1779998650131847400,12.176847412109375,0.3205515444278717,1.595274567604065,0.21639901399612427
1779998650148182000,12.19318212890625,0.015118914656341076,1.2936599254608154,0.41630467772483826
1779998650164513000,12.209512939453125,0.001527163083665073,0.9210320711135864,0.7307475209236145
1779998650180867600,12.22586767578125,0.22770002484321594,0.49006664752960205,1.103833556175232
1779998650197181000,12.242180908203125,0.5534439086914062,0.052228979766368866,1.4262176752090454
1779998650213516500,12.2585166015625,0.7770205736160278,-0.5396994352340698,1.6285667419433594
1779998650229853200,12.274853271484375,0.7002043128013611,-1.3017538785934448,1.7478381395339966
1779998650246195500,12.291195556640625,0.39904773235321045,-1.9480493068695068,1.9029979705810547
1779998650262528500,12.307528564453126,0.0731511116027832,-2.1627683639526367,2.079385280609131
1779998650278850300,12.323850341796875,-0.23350323736667633,-1.8949040174484253,2.200031280517578
1779998650295196200,12.340196044921875,-1.0364855527877808,2.0218112468719482,0.2672535479068756
1779998650311514000,12.35651416015625,-1.6649131774902344,5.708077430725098,-1.7220290899276733
1779998650327846700,12.3728466796875,-1.7475327253341675,6.700886249542236,-1.7270687818527222
1779998650344184800,12.389184814453126,-1.2267701625823975,6.527706146240234,-0.6722571849822998
1779998650360516600,12.4055166015625,-0.38637226819992065,5.066058158874512,0.327729195356369
1779998650376851000,12.421850830078125,0.1241583600640297,2.8041768074035645,0.5140430927276611
1779998650393183500,12.43818359375,0.08567385375499725,0.9239336848258972,-0.1586722433567047
1779998650409517000,12.45451708984375,-0.20265454053878784,0.11728613078594208,-0.916450560092926
1779998650425852000,12.470851806640624,-0.34437528252601624,0.0024434609804302454,-1.1888965368270874
1779998650442185200,12.487185302734375,-0.25213462114334106,-0.016951510682702065,-1.0726794004440308
1779998650458511400,12.503511474609375,-0.07910704612731934,0.06017022579908371,-0.7922922372817993
1779998650474851800,12.519851806640625,0.038026362657547,0.2845104932785034,-0.49464812874794006
1779998650491170600,12.536170654296875,0.13408492505550385,0.5404630303382874,-0.26481008529663086
1779998650507533000,12.552532958984376,0.2874121069908142,0.697149932384491,-0.13927727937698364
1779998650523848400,12.568848388671874,0.39187005162239075,0.9416487812995911,-0.17776179313659668
1779998650540187000,12.585186767578126,0.2938261926174164,1.574657917022705,-0.42149701714515686
1779998650556520700,12.601520751953124,0.05497787147760391,2.2146918773651123,-0.7081455588340759
1779998650572849400,12.617849365234376,-0.09758572280406952,2.3072381019592285,-0.8316930532455444
1779998650589177000,12.634177001953125,-0.15485434234142303,1.7768542766571045,-0.803135097026825
1779998650605510000,12.650510009765625,-0.256868839263916,0.9341656565666199,-0.8147414922714233
1779998650621854200,12.666854248046874,-0.5268712639808655,0.26313021779060364,-1.0600038766860962
1779998650638189000,12.68318896484375,-0.8666650652885437,0.12751811742782593,-1.4772248268127441
1779998650654536400,12.699536376953125,-1.1090258359909058,0.4207334518432617,-2.0366246700286865
1779998650670848500,12.7158486328125,-1.285413146018982,0.40622538328170776,-2.682767391204834
1779998650687201800,12.732201904296875,-1.6380351781845093,-0.2817615866661072,-3.0856330394744873
1779998650703535600,12.74853564453125,-1.9879082441329956,-1.0377073287963867,-3.173597574234009
1779998650719848000,12.764847900390626,-2.1123719215393066,-1.3584115505218506,-2.975830078125
1779998650736189000,12.78118896484375,-1.9732474088668823,-0.6963863968849182,-2.7233898639678955
1779998650752520400,12.7975205078125,-1.6879733800888062,0.8229882121086121,-2.696664571762085
1779998650768858400,12.8138583984375,-1.3866641521453857,1.860695481300354,-2.529134750366211
1779998650785190400,12.8301904296875,-1.0772608518600464,1.2625057697296143,-1.8429805040359497
1779998650801522700,12.846522705078126,-0.8168795704841614,-0.3168863356113434,-1.0610729455947876
1779998650817859600,12.862859619140625,-0.6745479702949524,-1.0386236906051636,-0.7014260292053223
1779998650834171000,12.8791708984375,-0.6114761233329773,-0.726471483707428,-0.6618725061416626
1779998650850510800,12.8955107421875,-0.30863967537879944,-0.20036379992961884,-0.6160575747489929
1779998650866835000,12.9118349609375,0.2840523421764374,0.304669052362442,-0.38499781489372253
1779998650883179300,12.92817919921875,0.8629998564720154,0.570853590965271,-0.013591751456260681
1779998650899510800,12.9445107421875,1.1554516553878784,0.6239988207817078,0.3562871515750885
1779998650915847000,12.960846923828125,1.190729022026062,0.5183191895484924,0.651945948600769
1779998650932179200,12.97717919921875,1.1239920854568481,0.3081815242767334,0.9497427344322205
1779998650948526600,12.993526611328125,1.1084150075912476,0.03375030308961868,1.2301298379898071
1779998650964848000,13.00984814453125,1.165683627128601,-0.23518311977386475,1.4674509763717651
1779998650981178000,13.02617822265625,1.2553280591964722,-0.42928555607795715,1.6907222270965576
1779998650997512000,13.042511962890625,1.3222178220748901,-0.6513350605964661,1.9129245281219482
1779998651013846000,13.058845947265626,1.2712105512619019,-0.8694139719009399,2.0902280807495117
1779998651030193700,13.075193603515626,1.076344609260559,-0.887739896774292,2.1626157760620117
1779998651046526700,13.091526611328124,0.7884743213653564,-0.4980078935623169,2.1565070152282715
1779998651062856700,13.107856689453126,0.4674646258354187,-0.012980886735022068,2.108401298522949
1779998651079192000,13.124192138671875,0.20173825323581696,0.19532416760921478,2.059837579727173
1779998651095525400,13.140525390625,0.1082758679986,0.15241087973117828,1.9518672227859497
1779998651111859700,13.156859619140626,0.11194105446338654,-0.08491026610136032,1.7507398128509521
1779998651128193300,13.173193359375,0.1310305893421173,-0.6298020482063293,1.5503759384155273
1779998651144528100,13.189528076171875,0.13148874044418335,-1.1100949048995972,1.4744759798049927
1779998651160872000,13.205871826171874,0.15546520054340363,-1.0503827333450317,1.4384349584579468
1779998651177193700,13.22219384765625,0.14263702929019928,-0.566730260848999,1.411251425743103
1779998651193523200,13.238523193359375,0.019394971430301666,-0.05742133408784866,1.4576772451400757
1779998651209867500,13.254867431640625,-0.17806722223758698,0.2710714638233185,1.5280793905258179
1779998651226206000,13.2712060546875,-0.3449861407279968,0.13255776464939117,1.5083789825439453
1779998651242523400,13.2875234375,-0.4219551682472229,-0.38576140999794006,1.297935962677002
1779998651258861300,13.303861328125,-0.342695415019989,-0.8712465763092041,0.8651378750801086
1779998651275193000,13.320193115234375,-0.09254608303308487,-0.8002334833145142,0.1722639948129654
1779998651291527700,13.336527587890625,0.2119702398777008,-0.23609942197799683,-0.3194825351238251
1779998651307862000,13.352862060546874,0.4862487316131592,0.34376442432403564,-0.3637702465057373
1779998651324193500,13.369193603515624,0.6013968586921692,0.8003861904144287,-0.2548835277557373
1779998651340530000,13.385530029296875,0.5476406812667847,1.1045970916748047,-0.06368270516395569
1779998651356862200,13.4018623046875,0.13225232064723969,2.278221845626831,-0.8077165484428406
1779998651373196500,13.418196533203124,-0.8544477820396423,4.837441921234131,-2.484389066696167
1779998651389516500,13.4345166015625,-0.6282749176025391,4.034917831420898,-1.5745052099227905
1779998651405861400,13.450861328125,0.04993823543190956,2.056936025619507,-0.4308127164840698
1779998651422193700,13.467193603515625,0.512210488319397,0.3234531581401825,0.3436116874217987
1779998651438523100,13.483523193359375,0.7864890098571777,-0.8390234112739563,0.7843509912490845
1779998651454862000,13.499862060546874,0.8962920308113098,-1.5525140762329102,1.0447323322296143
1779998651471195600,13.516195556640625,0.8049677014350891,-2.2287418842315674,1.1696542501449585
1779998651487532500,13.532532470703124,0.5723807215690613,-2.850297212600708,1.2078332901000977
1779998651503840300,13.54884033203125,0.4202753007411957,-2.886796474456787,1.1801916360855103
1779998651520197400,13.565197265625,0.38728857040405273,-2.2954788208007812,1.0923798084259033
1779998651536533000,13.581532958984376,0.24037547409534454,-0.4082106947898865,0.4034765064716339
1779998651552862200,13.5978623046875,-0.1108720451593399,2.7429375648498535,-1.1371256113052368
1779998651569198300,13.6141982421875,-0.26221391558647156,3.8044686317443848,-1.5332717895507812
1779998651585530400,13.6305302734375,-0.2970332205295563,3.9658899307250977,-1.2719742059707642
1779998651601852200,13.64685205078125,-0.1966986060142517,4.16549015045166,-0.922711968421936
1779998651618199000,13.663198974609376,-0.1941024363040924,3.6610682010650635,-0.7498371005058289
1779998651634545000,13.679544921875,-0.2298380434513092,1.7626516819000244,-0.6687447428703308
1779998651650881000,13.695881103515624,-0.12140946835279465,-0.46303585171699524,-0.6485861539840698
1779998651667209000,13.712208984375,0.030543262138962746,-1.7931948900222778,-0.6856962442398071
1779998651683547000,13.728546875,0.06612616032361984,-1.674839735031128,-0.8298604488372803
1779998651699850500,13.7448505859375,-0.08689557760953903,-0.5568036437034607,-1.1183415651321411
1779998651716200200,13.7612001953125,-0.2845104932785034,0.2269364446401596,-1.2319624423980713
1779998651732530200,13.7775302734375,-0.475253164768219,0.47418415546417236,-1.1618657112121582
1779998651748868900,13.793868896484375,-0.7809911966323853,0.7470881938934326,-1.1983648538589478
1779998651765188600,13.810188720703126,-1.1942415237426758,0.8515461683273315,-1.5012013912200928
1779998651781535200,13.82653515625,-1.6838500499725342,0.7641924023628235,-2.1287126541137695
1779998651797865700,13.84286572265625,-2.323273181915283,0.1915062516927719,-2.6870434284210205
1779998651814200000,13.859199951171876,-2.9524643421173096,-1.4253013134002686,-2.613586902618408
1779998651830535400,13.875535400390625,-3.043025255203247,-2.9602530002593994,-2.4779748916625977
1779998651846867500,13.891867431640625,-2.4853053092956543,-3.2612569332122803,-2.4083361625671387
1779998651863201800,13.908201904296876,-1.9701931476593018,-2.5465445518493652,-2.1600193977355957
1779998651879534000,13.9245341796875,-1.6589572429656982,-0.9173668622970581,-1.8836029767990112
1779998651895864300,13.9408642578125,-1.3461942672729492,0.6378960609436035,-1.6048957109451294
1779998651912194300,13.9571943359375,-0.9760099649429321,0.9109528064727783,-1.2525792121887207
1779998651928516400,13.973516357421875,-0.5626068711280823,0.23915374279022217,-0.8245153427124023
1779998651944869600,13.98986962890625,-0.20204368233680725,0.031154127791523933,-0.5154175758361816
1779998651961189000,14.006189208984376,-0.0936150997877121,0.4407392740249634,-0.3225368559360504
1779998651977535500,14.022535400390625,-0.11224649101495743,0.5748242139816284,-0.02321287989616394
1779998651993887200,14.03888720703125,0.028405234217643738,0.4714352488517761,0.31810808181762695
1779998652010199800,14.05519970703125,0.3594942092895508,0.46334129571914673,0.5662720799446106
1779998652026533600,14.07153369140625,0.6142250299453735,0.3507893681526184,0.812298059463501
1779998652042870300,14.087870361328125,0.840397834777832,0.029932396486401558,1.079246163368225
1779998652059200300,14.1042001953125,1.1213958263397217,-0.24465152621269226,1.3416128158569336
1779998652075541200,14.120541259765625,1.4384349584579468,-0.471129834651947,1.588555097579956
1779998652091856100,14.136856201171875,1.729664921760559,-0.6963863968849182,1.8115209341049194
1779998652108194000,14.153194091796875,1.9304869174957275,-0.7635815739631653,1.9741637706756592
1779998652124524800,14.16952490234375,1.9695823192596436,-0.6244570016860962,2.0616703033447266
1779998652140859600,14.185859619140626,1.8742872476577759,-0.5085453391075134,2.1901047229766846
1779998652157193700,14.20219384765625,1.637271523475647,-0.5013676285743713,2.423149824142456
1779998652173525800,14.21852587890625,1.2741122245788574,-0.5748242139816284,2.7462973594665527
1779998652189859600,14.234859619140625,0.8371908068656921,-0.579405665397644,2.9654452800750732
1779998652206193400,14.251193359375,0.45952337980270386,-0.29733866453170776,2.741868734359741
1779998652222527000,14.26752685546875,0.18035796284675598,0.09010262042284012,2.0703749656677246
1779998652238859800,14.28385986328125,-0.15851953625679016,0.3594942092895508,1.235474944114685
1779998652255193900,14.30019384765625,-0.39996400475502014,0.28527405858039856,0.7544185519218445
1779998652271527000,14.31652685546875,-0.3165809214115143,-0.40362921357154846,0.7910705208778381
1779998652287860200,14.332860107421874,-0.13148874044418335,-1.0112874507904053,0.7812966704368591
1779998652304207000,14.34920703125,-0.1134682223200798,-1.282817006111145,0.769690215587616
1779998652320542500,14.36554248046875,-0.2617557644844055,-1.9142990112304688,0.7188356518745422
1779998652336872000,14.381871826171874,-0.30085113644599915,-2.777146100997925,0.6047565937042236
1779998652353207600,14.39820751953125,-0.126143679022789,-3.0883820056915283,0.3908010423183441
1779998652369541400,14.414541259765626,0.21930062770843506,-2.18552303314209,0.15653422474861145
1779998652385874700,14.430874755859374,0.5705481171607971,-0.30482175946235657,0.058337632566690445
1779998652402207500,14.44720751953125,0.746630072593689,1.820225715637207,0.08185594528913498
1779998652418539800,14.463539794921875,0.5676465034484863,2.8406760692596436,0.2808452844619751
1779998652434864600,14.47986474609375,-0.00809396430850029,3.4246633052825928,0.2577851414680481
1779998652451209200,14.496209228515625,-1.5462526082992554,6.19173002243042,-2.1562016010284424
1779998652467541500,14.51254150390625,-1.7996090650558472,5.641493320465088,-2.3692407608032227
1779998652483875300,14.528875244140625,-1.0627528429031372,3.0243937969207764,-1.1479685306549072
1779998652500207600,14.54520751953125,-0.4265366494655609,0.04932736977934837,-0.06276640295982361
1779998652516529700,14.56152978515625,-0.005192354787141085,-1.916437029838562,0.5135849714279175
1779998652532876300,14.577876220703125,0.43768495321273804,-2.8984029293060303,0.8260425329208374
1779998652549209600,14.594209716796875,0.9497427344322205,-3.112663745880127,1.081842303276062
1779998652565542100,14.610542236328126,1.4524848461151123,-2.6780333518981934,1.3524556159973145
1779998652581875000,14.626875,1.7458528280258179,-1.793653130531311,1.5804611444473267
1779998652598219800,14.6432197265625,1.7427985668182373,-0.7817547917366028,1.7105754613876343
1779998652614542800,14.65954296875,1.3113750219345093,0.46929723024368286,1.2779301404953003
1779998652630888000,14.675887939453125,0.3104722499847412,2.699871778488159,-0.7521278262138367
1779998652647228700,14.692228759765625,-0.3439171314239502,3.7791178226470947,-1.6572774648666382
1779998652663524900,14.70852490234375,-0.5287038683891296,4.075387477874756,-1.4005613327026367
1779998652679873500,14.72487353515625,-0.304210901260376,3.8198931217193604,-0.6881396770477295
1779998652696212000,14.7412119140625,-0.032681290060281754,3.098308563232422,-0.06643159687519073
1779998652712540700,14.757540771484376,-0.0887281745672226,1.9712620973587036,-0.05513058975338936
1779998652728878300,14.77387841796875,-0.251218318939209,0.7137960195541382,-0.3831652104854584
1779998652745214000,14.7902138671875,-0.2538145184516907,-0.35414913296699524,-0.6125451326370239
1779998652761532400,14.806532470703125,-0.16814066469669342,-0.8559749126434326,-0.6577491760253906
1779998652777880300,14.82288037109375,-0.1638645976781845,-0.5929974317550659,-0.6924157738685608
1779998652794206700,14.839206787109376,-0.2793181240558624,-0.012064588256180286,-0.6765332818031311
1779998652810548200,14.85554833984375,-0.4537201523780823,0.5479460954666138,-0.6498079299926758
1779998652826879200,14.871879150390624,-0.6675229668617249,0.9474520087242126,-0.7203628420829773
1779998652843213300,14.88821337890625,-1.0257954597473145,1.490816593170166,-1.0407617092132568
1779998652859546400,14.90454638671875,-1.6001615524291992,2.4782803058624268,-1.7592918872833252
1779998652875879000,14.92087890625,-2.305863618850708,2.939483642578125,-2.358703374862671
1779998652892213200,14.937213134765624,-3.0167579650878906,2.255925416946411,-2.3434317111968994
1779998652908538400,14.953538330078125,-3.431535482406616,0.005803219974040985,-1.9120081663131714
1779998652924880400,14.96988037109375,-3.2840116024017334,-2.4080307483673096,-2.032654047012329
1779998652941212400,14.98621240234375,-2.5813639163970947,-2.992781639099121,-2.342515468597412
1779998652957545000,15.002544921875,-1.7259997129440308,-2.562427043914795,-2.0862574577331543
1779998652973884700,15.018884765625,-1.1027644872665405,-1.6417003870010376,-1.535562515258789
1779998652990214400,15.03521435546875,-0.6748533844947815,-0.4294382631778717,-1.1895073652267456
1779998653006563800,15.051563720703125,-0.37827831506729126,0.5426010489463806,-1.0900890827178955
1779998653022878500,15.06787841796875,-0.18906278908252716,1.118036150932312,-0.9909761548042297
1779998653039215000,15.084215087890625,-0.10384709388017654,1.140485405921936,-0.7857254147529602
1779998653055537000,15.100536865234375,-0.12400564551353455,1.0723739862442017,-0.5097670555114746
1779998653071880400,15.11688037109375,0.022143865004181862,0.7228062748908997,-0.20830504596233368
1779998653088216300,15.13321630859375,0.3819434940814972,0.24495697021484375,0.017562376335263252
1779998653104548900,15.149548828125,0.8148942589759827,-0.1492038369178772,0.28588494658470154
1779998653120881700,15.165881591796875,1.2331842184066772,-0.47448956966400146,0.6395758986473083
1779998653137214200,15.182214111328125,1.6010777950286865,-0.8139779567718506,1.0254900455474854
1779998653153549600,15.198549560546875,1.8857409954071045,-1.1899654865264893,1.4039210081100464
1779998653169883400,15.21488330078125,2.0554087162017822,-1.5012013912200928,1.7438675165176392
1779998653186216400,15.231216552734375,2.122145891189575,-1.5946637392044067,1.9573649168014526
1779998653202550800,15.24755078125,2.108248710632324,-1.361007809638977,1.9701931476593018
1779998653218882300,15.26388232421875,1.9239200353622437,-0.707840085029602,1.9428569078445435
1779998653235245800,15.280245849609376,1.4625641107559204,0.5100724697113037,2.350456714630127
1779998653251563800,15.296563720703125,0.8920159935951233,1.5583171844482422,3.2172744274139404
1779998653267879400,15.31287939453125,0.4415028691291809,1.630246639251709,3.7643043994903564
1779998653284214800,15.32921484375,0.21868975460529327,1.0954340696334839,3.665802240371704
1779998653300555800,15.3455556640625,0.010537425056099892,0.6021603941917419,2.4350616931915283
1779998653316884200,15.36188427734375,-0.2562579810619354,0.2499966025352478,0.9772316813468933
1779998653333218600,15.378218505859374,-0.5435173511505127,0.8272642493247986,0.197004035115242
1779998653349549600,15.394549560546874,-0.7939720749855042,2.585181713104248,0.08933904021978378
1779998653365889000,15.410888916015624,-0.9317222237586975,3.589749574661255,0.23167064785957336
1779998653382233900,15.42723388671875,-0.6569855809211731,2.7623326778411865,0.25076019763946533
1779998653398538200,15.443538330078125,-0.16829337179660797,1.1966849565505981,0.24037547409534454
1779998653414882600,15.459882568359374,0.3194825351238251,0.06261368840932846,0.21303924918174744
1779998653431206100,15.4762060546875,0.7162395119667053,-0.5827654600143433,0.19822576642036438
1779998653447554600,15.492554443359374,0.898124635219574,-1.0335839986801147,0.2428189367055893
1779998653463886600,15.508886474609374,0.8746063113212585,-1.4228578805923462,0.3672827184200287
1779998653480220000,15.525219970703125,0.7344127297401428,-1.8080084323883057,0.6206390857696533
1779998653496554500,15.541554443359376,0.6114761233329773,-1.488220453262329,0.9778425693511963
1779998653512886500,15.557886474609376,0.23671028017997742,1.0856602191925049,0.504574716091156
1779998653529220600,15.574220703125,-0.11667526513338089,3.4521522521972656,-0.43967026472091675
1779998653545540900,15.590540771484376,-0.0754418596625328,3.4100024700164795,-0.4579962193965912
1779998653561884200,15.60688427734375,-0.03787364438176155,2.5117251873016357,-0.27977627515792847
1779998653578207700,15.623207763671875,-0.13836097717285156,1.3535246849060059,-0.22907446324825287
1779998653594541800,15.639541748046875,-0.25702154636383057,0.26282477378845215,-0.230448916554451
1779998653610903000,15.655903076171874,-0.22143864631652832,-0.3845396637916565,-0.19532416760921478
1779998653627241200,15.6722412109375,0.03481931984424591,-0.42409318685531616,-0.08796459436416626
1779998653643558100,15.68855810546875,0.342237263917923,0.12064588814973831,0.06475171446800232
1779998653659900200,15.704900146484375,0.3878994286060333,1.5360206365585327,0.002138028386980295
1779998653676238800,15.72123876953125,0.09834930300712585,2.791501522064209,-0.3425426781177521
1779998653692553200,15.73755322265625,-0.1921171247959137,2.9443705081939697,-0.5551238059997559
1779998653708892700,15.753892578125,-0.22815817594528198,2.4136812686920166,-0.5700899958610535
1779998653725224000,15.770223876953125,-0.04108068719506264,1.7400496006011963,-0.5238169431686401
1779998653741555000,15.786554931640625,0.14584407210350037,1.0709995031356812,-0.4509712755680084
1779998653757889500,15.8028896484375,0.2603813111782074,0.4639521539211273,-0.34086281061172485
1779998653774219800,15.8192197265625,0.3052799105644226,-0.04245513305068016,-0.17318029701709747
1779998653790557000,15.835556884765625,0.28420504927635193,-0.3530801236629486,0.06994406878948212
1779998653806894000,15.85189404296875,0.06154467165470123,0.5267185568809509,0.1748601794242859
1779998653823224300,15.868224365234376,-0.5274821519851685,2.953227996826172,-0.2519819140434265
1779998653839555800,15.884555908203126,-0.8358163833618164,3.4822373390197754,-0.4813618063926697
1779998653855890400,15.900890380859375,-0.7623597979545593,2.5784621238708496,-0.44654250144958496
1779998653872224500,15.917224609375,-0.5523748993873596,1.5928311347961426,-0.45555275678634644
1779998653888544500,15.93354443359375,-0.32268956303596497,1.1551461219787598,-0.6418666839599609
1779998653904904700,15.94990478515625,-0.12950342893600464,1.0926852226257324,-0.8298604488372803
1779998653921224000,15.966223876953125,-0.00931569468230009,0.9395107626914978,-0.7887797355651855
1779998653937558800,15.982558837890625,0.01542434748262167,0.9257662892341614,-0.6145304441452026
1779998653953888800,15.998888671875,-0.0354301854968071,1.2988522052764893,-0.4668537676334381
1779998653970226700,16.015226806640626,-0.10033461451530457,1.9744691848754883,-0.44623705744743347
1779998653986560800,16.031560791015625,-0.14584407210350037,2.7769935131073,-0.7640396952629089
1779998654002891800,16.047891845703123,-0.20784689486026764,3.609450101852417,-1.5572482347488403
1779998654019225600,16.0642255859375,-0.3773620128631592,3.7734673023223877,-2.373364210128784
1779998654035558000,16.080557861328124,-0.7481572031974792,3.0741794109344482,-2.4497222900390625
1779998654051893200,16.096893310546875,-1.22279953956604,1.7857118844985962,-1.6827809810638428
1779998654068213800,16.1132138671875,-1.7148514986038208,0.004734205547720194,-1.0141890048980713
1779998654084543700,16.129543701171876,-1.942704200744629,-1.4869986772537231,-0.6536257863044739
1779998654100896800,16.145896728515623,-1.9763017892837524,-1.7577646970748901,-0.5952881574630737
1779998654117226200,16.162226318359377,-2.0260872840881348,-1.1847730875015259,-0.7473936080932617
1779998654133548800,16.178548828125,-2.160477638244629,-0.26221391558647156,-0.9697485566139221
1779998654149894000,16.194893798828126,-2.045940399169922,1.1073459386825562,-1.2930489778518677
1779998654166227500,16.2112275390625,-1.472490668296814,2.7568347454071045,-1.8078557252883911
1779998654182577000,16.227576904296875,-0.5917757153511047,2.832887649536133,-2.4601070880889893
1779998654198892800,16.243892822265625,0.020463986322283745,1.285413146018982,-2.292119026184082
1779998654215241200,16.2602412109375,0.2922990322113037,-0.052839845418930054,-1.5986343622207642
1779998654231560000,16.276559814453126,0.493731826543808,-0.8268061280250549,-1.2154691219329834
1779998654247892500,16.292892578125,0.8042041063308716,-0.9486737251281738,-1.1785117387771606
1779998654264225000,16.30922509765625,1.0525208711624146,-0.7357872128486633,-1.350012183189392
1779998654280566000,16.32556591796875,0.9941831827163696,-0.365755558013916,-1.5735888481140137
1779998654296894700,16.341894775390625,0.7002043128013611,0.02779436856508255,-1.683544635772705
1779998654313228800,16.358228759765623,0.437226802110672,0.15622878074645996,-1.6253596544265747
1779998654329563400,16.3745634765625,0.2791654169559479,0.10262536257505417,-1.4140002727508545
1779998654345896000,16.39089599609375,0.17348572611808777,0.17501288652420044,-1.1432342529296875
1779998654362213000,16.407213134765627,0.09208793938159943,0.5798638463020325,-0.9459248185157776
1779998654378550300,16.42355029296875,0.06490442901849747,1.049924612045288,-0.8643743395805359
1779998654394883600,16.439883544921877,0.11652254313230515,1.1091785430908203,-0.7924449443817139
1779998654411218000,16.456218017578124,0.20693060755729675,0.9172141551971436,-0.6104071140289307
1779998654427552000,16.472552001953126,0.35582900047302246,0.6259841322898865,-0.34284812211990356
1779998654443883500,16.488883544921876,0.5511531829833984,0.32528573274612427,-0.1287398487329483
1779998654460219600,16.5052197265625,0.7156286239624023,0.12293662875890732,-0.025961773470044136
1779998654476552400,16.521552490234374,0.8077165484428406,0.05253441259264946,0.013439035043120384
1779998654492887600,16.537887451171876,0.8862127661705017,0.04642575979232788,0.08628471940755844
1779998654509218000,16.554218017578126,0.9230173826217651,0.14614951610565186,0.15653422474861145
1779998654525566200,16.570566162109376,0.8695666790008545,0.4996877610683441,0.21853704750537872
1779998654541894400,16.586894287109374,0.7735081315040588,1.0166324377059937,0.25824329257011414
1779998654558233900,16.60323388671875,0.7657195925712585,1.3016011714935303,0.2730567753314972
1779998654574567000,16.61956689453125,0.8532260060310364,1.2400563955307007,0.2675589919090271
1779998654590896400,16.635896484375,0.9314168095588684,0.9573785662651062,0.25854870676994324
1779998654607243800,16.652243896484375,0.8991936445236206,0.6632469296455383,0.2921462953090668
1779998654623569700,16.668569580078124,0.7257078886032104,0.5012149214744568,0.3497203588485718
1779998654639893000,16.68489306640625,0.4784601926803589,0.608421802520752,0.2292271852493286
1779998654656232200,16.701232177734376,0.24190263450145721,1.0731375217437744,-0.08277224004268646
1779998654672567600,16.717567626953127,0.03329215571284294,1.6551393270492554,-0.3066543638706207
1779998654688899600,16.733899658203125,-0.07987063378095627,1.7800613641738892,0.045204028487205505
1779998654705229300,16.750229248046875,0.03436116874217987,1.0758863687515259,0.7666358947753906
1779998654721568500,16.766568603515626,0.3703370690345764,0.3214678466320038,1.2837333679199219
1779998654737901600,16.782901611328125,0.7197519540786743,-0.03191770985722542,1.5215126276016235
1779998654754227500,16.7992275390625,0.9876163601875305,-0.04459316283464432,1.571908950805664
1779998654770572000,16.815572021484375,1.154077172279358,0.10552696883678436,1.4993687868118286
1779998654786900500,16.831900390625,1.1798862218856812,0.8825475573539734,1.2434161901474
1779998654803234000,16.848234130859375,0.6956228017807007,3.0969340801239014,0.760832667350769
1779998654819568400,16.864568359375,-0.3274237811565399,4.410599708557129,0.49617528915405273
1779998654835887600,16.8808876953125,-0.7651087045669556,3.6778669357299805,0.5771149396896362
1779998654852231200,16.897231201171873,-0.6827946305274963,2.3547327518463135,0.5694791078567505
1779998654868557300,16.913557373046874,-0.31093040108680725,1.3017538785934448,0.6873761415481567
1779998654884888300,16.929888427734376,0.16951510310173035,0.6609562039375305,0.7620543837547302
1779998654901233400,16.9462333984375,0.6311765313148499,0.4378376603126526,0.7206682562828064
1779998654917569500,16.962569580078124,0.964403510093689,0.2590068578720093,0.589179515838623
1779998654933901800,16.97890185546875,1.1227703094482422,-0.021380282938480377,0.4161519408226013
1779998654950235100,16.995235107421873,1.1803443431854248,-0.3660610020160675,0.30695977807044983
1779998654966579000,17.011578857421874,1.277166485786438,-0.8181012868881226,0.3831652104854584
1779998654982900500,17.027900390625,1.3078625202178955,-1.1928671598434448,0.6082690954208374
1779998654999232800,17.044232666015624,0.9892962574958801,-0.8219192028045654,0.732122004032135
1779998655015569700,17.060569580078123,0.5177083015441895,-0.01466076634824276,0.7081455588340759
1779998655031903000,17.076903076171874,0.03436116874217987,0.7661777138710022,0.6349944472312927
1779998655048235000,17.093235107421876,-0.3744603991508484,1.3347405195236206,0.5334380865097046
1779998655064571600,17.109571533203123,-0.6696610450744629,1.6798794269561768,0.44104471802711487
1779998655080902000,17.12590185546875,-0.9263771176338196,1.944536805152893,0.36193767189979553
1779998655097236500,17.142236572265624,-1.2128729820251465,2.317164659500122,0.17211128771305084
1779998655113571800,17.15857177734375,-1.5183055400848389,3.0694451332092285,-0.2984076738357544
1779998655129904000,17.174904052734377,-1.6172657012939453,3.659540891647339,-0.8868235945701599
1779998655146236000,17.19123583984375,-1.3698652982711792,3.653737783432007,-1.286940336227417
1779998655162572300,17.207572265625,-0.9082038998603821,3.383429765701294,-1.4489723443984985
1779998655178903800,17.22390380859375,-0.4931209683418274,3.099224805831909,-1.4685200452804565
1779998655195255800,17.240255859375,-0.25503623485565186,2.673909902572632,-1.3385584354400635
1779998655211549400,17.256549560546876,-0.1719585657119751,2.1865921020507812,-1.0977247953414917
1779998655227901700,17.272901611328123,-0.1319468915462494,1.6922494173049927,-0.8124507665634155
1779998655244234500,17.289234375,-0.03375030308961868,1.1705704927444458,-0.513737678527832
1779998655260575200,17.3055751953125,0.15561792254447937,0.6863071322441101,-0.2099849283695221
1779998655276901000,17.321901123046874,0.3527746796607971,0.32421672344207764,0.12110403180122375
1779998655293238500,17.338238525390626,0.46853363513946533,0.39996400475502014,0.4054618179798126
1779998655309564700,17.354564697265626,0.2912299931049347,1.7481436729431152,0.24648413062095642
1779998655325905700,17.37090576171875,-0.12965615093708038,3.551417827606201,-0.35643985867500305
1779998655342247200,17.3872470703125,-0.34773504734039307,4.283234596252441,-0.812908947467804
1779998655358556200,17.40355615234375,-0.36361753940582275,4.047134876251221,-1.0456485748291016
1779998655374905900,17.41990576171875,-0.33887749910354614,3.263853073120117,-1.0877982378005981
1779998655391238100,17.436238037109376,-0.21380282938480377,2.2064452171325684,-0.8733845949172974
1779998655407574000,17.452573974609376,0.049785517156124115,0.8022187948226929,-0.4763221740722656
1779998655423905000,17.468905029296874,0.2915354371070862,-0.5325217843055725,-0.10384709388017654
1779998655440238300,17.48523828125,0.32818734645843506,-1.1551461219787598,0.0607810914516449
1779998655456574200,17.50157421875,-0.19349156320095062,0.07635815441608429,-0.6278167366981506
1779998655472905500,17.517905517578125,-0.9271407127380371,1.7997617721557617,-1.542281985282898
1779998655489240300,17.534240234375,-1.4387403726577759,2.5700628757476807,-1.8509217500686646
1779998655505568000,17.550568115234373,-2.202474594116211,4.100738525390625,-2.722473621368408
1779998655521911600,17.56691162109375,-2.696817398071289,4.260785102844238,-3.13205885887146
1779998655538234400,17.583234375,-2.741257905960083,2.515542984008789,-2.5089762210845947
1779998655554573600,17.599573486328126,-2.5648703575134277,0.27320948243141174,-1.7527251243591309
1779998655570904000,17.615904052734376,-2.3354904651641846,-0.9563095569610596,-1.6833919286727905
1779998655587234800,17.63223486328125,-2.034486770629883,-0.9425650835037231,-1.943009614944458
1779998655603562200,17.648562255859375,-1.7548631429672241,-0.1518000066280365,-2.0781636238098145
1779998655619894800,17.664894775390625,-1.557706356048584,0.8086328506469727,-1.9233092069625854
1779998655636229000,17.68122900390625,-1.2264647483825684,1.3865114450454712,-1.3903292417526245
1779998655652562700,17.697562744140626,-0.7594582438468933,1.0209085941314697,-0.8571966290473938
1779998655668896000,17.71389599609375,-0.323147714138031,-0.04993823543190956,-0.8897252082824707
1779998655685230600,17.730230712890624,0.11194105446338654,-0.7603744864463806,-1.1078041791915894
1779998655701564200,17.746564208984374,0.5635231733322144,-0.5593998432159424,-1.0384708642959595
1779998655717895000,17.76289501953125,0.9824240207672119,-0.20066922903060913,-0.7525860071182251
1779998655734231300,17.779231201171875,1.3782646656036377,-0.05451972410082817,-0.4453207552433014
1779998655750564600,17.795564697265625,1.751808762550354,0.0064140851609408855,-0.1443169116973877
1779998655766897000,17.81189697265625,2.043191432952881,0.2597704529762268,0.22449298202991486
1779998655783230200,17.828230224609374,2.216066360473633,0.6026185750961304,0.6716463565826416
1779998655799566300,17.84456640625,2.2015583515167236,0.6760751008987427,1.2211196422576904
1779998655815906300,17.86090625,1.9740110635757446,0.41951170563697815,1.786475419998169
1779998655832246500,17.87724658203125,1.6152803897857666,-0.038637228310108185,2.125047445297241
1779998655848560600,17.893560546875,1.3237450122833252,-0.422871470451355,1.9753854274749756
1779998655864913400,17.909913330078126,1.1197160482406616,-0.6867652535438538,1.5387696027755737
1779998655881236500,17.926236572265626,0.9636399149894714,-0.6736316680908203,1.0870347023010254
1779998655897604000,17.94260400390625,0.7541131377220154,-0.31383201479911804,0.9428704977035522
1779998655913927400,17.958927490234377,0.5007568001747131,-0.004734205547720194,1.315040111541748
1779998655930227000,17.97522705078125,0.30970868468284607,-0.10980302840471268,1.768149495124817
1779998655946578400,17.991578369140626,0.21242839097976685,-0.11133018881082535,1.7475327253341675
1779998655962894300,18.007894287109377,0.04184427112340927,0.4282165467739105,1.1779009103775024
1779998655979247400,18.024247314453124,-0.07528914511203766,1.1049025058746338,0.5065600275993347
1779998655995579400,18.040579345703126,-0.2554943859577179,1.0053315162658691,0.2942843437194824
1779998656011911000,18.056910888671876,-0.4479169547557831,-0.2217440903186798,0.22968533635139465
1779998656028233700,18.073233642578124,-0.31871894001960754,-1.5505287647247314,0.009621127508580685
1779998656044578800,18.089578857421873,0.02367102913558483,-2.415055751800537,-0.012064588256180286
1779998656060910000,18.10591015625,0.44455718994140625,-2.462092399597168,0.037110064178705215
1779998656077243100,18.1222431640625,0.7870998978614807,-1.9120081663131714,0.09239336848258972
1779998656093578500,18.13857861328125,0.9607383012771606,-1.0580185651779175,0.1817324161529541
1779998656109916700,18.154916748046876,0.9111055135726929,-0.1696678251028061,0.27748554944992065
1779998656126251800,18.171251708984375,0.6653849482536316,0.9040805697441101,0.44165557622909546
1779998656142583600,18.18758349609375,0.2565633952617645,2.587777853012085,0.41722095012664795
1779998656158910500,18.203910400390626,-0.14416420459747314,3.545461893081665,0.0708603709936142
1779998656175249200,18.220249267578126,-0.1774563491344452,2.9681942462921143,0.027183502912521362
1779998656191577000,18.2365771484375,0.01572977937757969,2.0897700786590576,0.16493362188339233
1779998656207912400,18.252912353515626,0.22800545394420624,1.3312281370162964,0.285121351480484
1779998656224248800,18.269248779296873,0.39125919342041016,0.7127270102500916,0.3654501438140869
1779998656240572200,18.285572265625,0.4882340431213379,0.13087788224220276,0.40362921357154846
1779998656256913000,18.301912841796874,0.49296826124191284,-0.6327036619186401,0.3903428912162781
1779998656273233200,18.318233154296873,0.4518875777721405,-1.296714186668396,0.2701551616191864
1779998656289589800,18.33458984375,0.34345898032188416,-1.1840095520019531,-0.029932396486401558
1779998656305913600,18.35091357421875,0.29474249482154846,-0.5258022546768188,-0.256868839263916
1779998656322275600,18.367275634765626,0.323147714138031,0.1359175145626068,-0.30405816435813904
1779998656338580000,18.383580078125,0.3095559775829315,0.7304421067237854,-0.35445454716682434
1779998656354911000,18.399910888671876,0.182648703455925,1.3376421928405762,-0.5907067060470581
1779998656371259600,18.416259765625,-0.0861319974064827,1.9591975212097168,-1.1450668573379517
1779998656387592000,18.432592041015624,-0.31291571259498596,2.316706418991089,-1.5795447826385498
1779998656403910000,18.448909912109375,-0.2664899528026581,1.9353737831115723,-1.4008667469024658
1779998656420247600,18.46524755859375,-0.1137736514210701,0.7782423496246338,-0.9048441648483276
1779998656436589300,18.48158935546875,-0.06765332818031311,-0.6214026808738708,-0.5302310585975647
1779998656452915000,18.4979150390625,-0.11591167747974396,-1.5851953029632568,-0.3649919927120209
1779998656469247000,18.5142470703125,-0.299476683139801,-1.4805846214294434,-0.5650503635406494
1779998656485590000,18.530590087890626,-0.665232241153717,-0.35262197256088257,-1.1275044679641724
1779998656501918200,18.546918212890624,-0.9198103547096252,0.48869219422340393,-1.518610954284668
1779998656518228700,18.563228759765625,-1.1378892660140991,0.7725918292999268,-1.6659822463989258
1779998656534592000,18.579592041015626,-1.6210836172103882,1.4697418212890625,-2.0703749656677246
1779998656550907400,18.595907470703125,-2.372600555419922,2.1398608684539795,-2.5480716228485107
1779998656567248400,18.612248291015625,-2.9946141242980957,0.5873469114303589,-2.3038783073425293
1779998656583579400,18.628579345703123,-3.1363348960876465,-1.9165897369384766,-2.285857677459717
1779998656599914000,18.6449140625,-2.790890693664551,-2.4669792652130127,-2.587472438812256
1779998656616248800,18.661248779296876,-2.2130119800567627,-1.7666223049163818,-2.4390323162078857
1779998656632581000,18.6775810546875,-1.7426458597183228,-1.0488556623458862,-2.027308940887451
1779998656648915700,18.693915771484374,-1.50211763381958,-0.31230485439300537,-1.6607898473739624
1779998656665250300,18.710250244140624,-1.229519009590149,0.2373211532831192,-1.4831807613372803
1779998656681581000,18.7265810546875,-0.9456194043159485,0.379652738571167,-1.1801916360855103
1779998656697918700,18.742918701171874,-0.770301103591919,0.3727805018424988,-0.7281513810157776
1779998656714251000,18.7592509765625,-0.6487388610839844,0.3315471112728119,-0.34513887763023376
1779998656730584000,18.775583984375,-0.3423899710178375,0.04688390716910362,-0.09315694868564606
1779998656746916000,18.791916015625,0.007788531947880983,-0.1186605766415596,0.19792033731937408
1779998656763250200,18.808250244140623,0.3217732608318329,-0.12919799983501434,0.5497786998748779
1779998656779586600,18.824586669921874,0.6827946305274963,-0.13225232064723969,0.9046914577484131
1779998656795920000,18.840919921875,1.065043568611145,-0.16798794269561768,1.2770137786865234
1779998656812250000,18.85725,1.4034628868103027,-0.2226603776216507,1.6345226764678955
1779998656828571600,18.873571533203126,1.6781995296478271,-0.3159700334072113,1.91231369972229
1779998656844914200,18.8899140625,1.8530597686767578,-0.456163614988327,2.1039726734161377
1779998656861252000,18.906252197265626,1.8851301670074463,-0.6290385127067566,2.2464568614959717
1779998656877589000,18.922589111328126,1.7887661457061768,-0.7266241908073425,2.386955976486206
1779998656893937200,18.938937255859376,1.6123788356781006,-0.8257371187210083,2.507449150085449
1779998656910263000,18.955262939453124,1.306488037109375,-0.935081958770752,2.6513078212738037
1779998656926592500,18.971592529296874,0.9312640428543091,-0.9201157689094543,2.872441053390503
1779998656942918100,18.987918212890627,0.6212499737739563,-0.8187121152877808,3.0941851139068604
1779998656959251200,19.004251220703125,0.4158465266227722,-0.38347065448760986,3.1138856410980225
1779998656975582700,19.020582763671875,0.29626965522766113,0.12599095702171326,2.556623697280884
1779998656991918000,19.03691796875,0.2041817009449005,0.2831360399723053,1.5070046186447144
1779998657008234800,19.05323486328125,0.11316278576850891,0.3289509415626526,0.8016079068183899
1779998657024586800,19.069586669921875,0.1466076523065567,0.1892155110836029,0.5641340613365173
1779998657040919800,19.085919921875,0.18555031716823578,-0.02076941914856434,0.47769662737846375
1779998657057251300,19.102251220703124,0.10170906037092209,-0.2906191349029541,0.6849326491355896
1779998657073583900,19.118583984375,0.14706580340862274,-1.1133018732070923,0.5528330206871033
1779998657089918000,19.13491796875,0.45433104038238525,-2.154674530029297,0.001679879380390048
1779998657106252800,19.151252685546876,0.5612324476242065,-2.409710645675659,-0.22846360504627228
1779998657122593800,19.16759375,0.5093088746070862,-1.627497673034668,-0.4008803069591522
1779998657138919400,19.18391943359375,0.37858372926712036,-0.22449298202991486,-0.470060795545578
1779998657155264000,19.200263916015626,0.07849618047475815,0.6704245805740356,-0.26145032048225403
1779998657171598300,19.216598388671876,-0.4262312352657318,0.59803706407547,0.13775011897087097
1779998657187915800,19.232915771484375,-0.8121453523635864,1.1693488359451294,0.6415612101554871
1779998657204264200,19.24926416015625,-1.2278391122817993,5.132795333862305,0.4888449013233185
1779998657220587500,19.26558740234375,-1.279915452003479,5.63278865814209,-0.45753806829452515
1779998657236918500,19.28191845703125,-0.7225008606910706,3.6227364540100098,-0.8281805515289307
1779998657253253000,19.298253173828126,-0.08139779418706894,1.451874017715454,-0.5728389024734497
1779998657269569800,19.31456982421875,0.3995058834552765,-0.14752395451068878,-0.18936823308467865
1779998657285906400,19.330906494140624,0.7939720749855042,-1.0816895961761475,0.10277807712554932
1779998657302256400,19.34725634765625,1.23394775390625,-1.6076445579528809,0.31673362851142883
1779998657318578000,19.363577880859374,1.6843081712722778,-1.97385835647583,0.5115996599197388
1779998657334919700,19.379919677734375,2.0696115493774414,-2.1204659938812256,0.6954700946807861
1779998657351251500,19.39625146484375,2.2401955127716064,-1.9196439981460571,0.8400924205780029
1779998657367587300,19.41258740234375,2.163532018661499,-1.5025757551193237,0.9326385259628296
1779998657383920000,19.428920166015626,1.8417587280273438,-1.1453723907470703,0.9576839804649353
1779998657400253200,19.445253173828124,0.837496280670166,0.2399173229932785,-0.5954409241676331
1779998657416587800,19.461587890625,-0.36193767189979553,2.2967007160186768,-2.328312873840332
1779998657432917200,19.477917236328125,-0.5273294448852539,2.7853927612304688,-1.5887078046798706
1779998657449257000,19.494257080078125,-0.2632829248905182,2.2322542667388916,-0.45555275678634644
1779998657465590000,19.510590087890623,-0.17852537333965302,1.2858713865280151,0.03573561832308769
1779998657481919200,19.526919189453125,-0.22372940182685852,0.11270463466644287,0.039095375686883926
1779998657498236200,19.543236083984375,-0.39813143014907837,-0.361174076795578,-0.4378376603126526
1779998657514567000,19.55956689453125,-0.6675229668617249,-0.1394299864768982,-1.0251846313476562
1779998657530922500,19.575922607421877,-0.722348153591156,-0.3061962127685547,-1.1114692687988281
1779998657547253200,19.592253173828126,-0.6065891981124878,-0.42302417755126953,-0.9140071272850037
1779998657563604700,19.608604736328125,-0.6180428862571716,0.19120082259178162,-0.7122688889503479
1779998657579903000,19.624903076171876,-0.9793696999549866,2.0335702896118164,-0.8532260060310364
1779998657596254500,19.64125439453125,-1.7056884765625,4.008039474487305,-1.425454020500183
1779998657612589000,19.657589111328125,-2.647031784057617,5.216636657714844,-2.2119431495666504
1779998657628921300,19.67392138671875,-3.7311649322509766,5.127755641937256,-2.9097039699554443
1779998657645254700,19.690254638671874,-4.132503509521484,1.8133535385131836,-2.403754711151123
1779998657661586200,19.706586181640624,-3.5527923107147217,-2.687807083129883,-1.8658878803253174
1779998657677920300,19.722920166015626,-2.7931814193725586,-3.9043452739715576,-2.0751092433929443
1779998657694255000,19.739255126953125,-2.225076675415039,-2.7365236282348633,-2.2634084224700928
1779998657710589400,19.75558935546875,-1.851074457168579,-0.9101892113685608,-2.1529946327209473
1779998657726921000,19.7719208984375,-1.5919147729873657,0.2646573781967163,-1.790598750114441
1779998657743251500,19.78825146484375,-1.2565498352050781,0.24678955972194672,-1.3070988655090332
1779998657759591700,19.804591796875,-0.8258898258209229,-0.28008171916007996,-1.0937541723251343
1779998657775918300,19.82091845703125,-0.46853363513946533,-0.008857546374201775,-1.0198395252227783
1779998657792258300,19.83725830078125,-0.31123584508895874,0.6162103414535522,-0.7956519722938538
1779998657808576800,19.85357666015625,-0.14095716178417206,0.7929030656814575,-0.4395175576210022
1779998657824909300,19.869909423828126,0.13347405195236206,0.45692721009254456,-0.10201449692249298
1779998657841253600,19.886253662109375,0.5713117122650146,-0.0006108652451075613,0.13439035415649414
1779998657857593000,19.902593017578123,0.9845620393753052,-0.2658790946006775,0.418748140335083
1779998657873916200,19.918916259765624,1.344361662864685,-0.49724429845809937,0.8237518072128296
1779998657890242800,19.935242919921876,1.6543757915496826,-0.6484334468841553,1.2754865884780884
1779998657906576100,19.951576171875,1.8884899616241455,-0.6681338548660278,1.6653714179992676
1779998657922910700,19.96791064453125,2.0384573936462402,-0.4977024495601654,1.972331166267395
1779998657939242800,19.98424267578125,2.073582172393799,-0.18524488806724548,2.227672815322876
1779998657955575300,20.0005751953125,1.9691240787506104,-0.10613783448934555,2.3999369144439697
1779998657971912700,20.01691259765625,1.7351627349853516,-0.35155296325683594,2.4492642879486084
1779998657988234800,20.03323486328125,1.3487904071807861,-0.7318165898323059,2.383596181869507
1779998658004586200,20.049586181640624,0.9393580555915833,-1.00197172164917,2.3356432914733887
1779998658020924400,20.06592431640625,0.6879869699478149,-0.7493789196014404,2.4043655395507812
1779998658037256000,20.082255859375,0.5523748993873596,-0.03940080851316452,2.414444923400879
1779998658053578000,20.098577880859374,0.47051894664764404,0.4671591818332672,2.183232307434082
1779998658069924600,20.114924560546875,0.3776674270629883,0.3591887652873993,1.8154915571212769
1779998658086269400,20.13126953125,0.28725937008857727,-0.2509129047393799,1.439351201057434
1779998658102602800,20.147602783203126,0.15317445993423462,-0.6876815557479858,1.0325149297714233
1779998658118920700,20.163920654296874,-0.14569136500358582,-1.0903944969177246,1.1133018732070923
1779998658135267600,20.180267578125,-0.2562579810619354,-1.670716404914856,1.3156510591506958
1779998658151599900,20.196599853515625,0.0555887371301651,-1.989129900932312,1.1539244651794434
1779998658167919900,20.212919921875,0.4184426963329315,-1.2169963121414185,0.7851145267486572
1779998658184255000,20.2292548828125,0.59803706407547,0.40133845806121826,0.31581732630729675
1779998658200592100,20.245592041015627,0.5823072791099548,1.5696182250976562,-0.22586742043495178
1779998658216923600,20.261923583984377,0.15347988903522491,1.620778203010559,-0.9755517840385437
1779998658233255000,20.2782548828125,-0.5258022546768188,1.2473868131637573,-1.7099645137786865
1779998658249589800,20.29458984375,-0.949895441532135,1.1630873680114746,-1.6623170375823975
1779998658265922800,20.3109228515625,-0.7428121566772461,1.0103710889816284,-0.5751296281814575
1779998658282273000,20.32727294921875,-0.3819434940814972,0.3219259977340698,-0.016340645030140877
1779998658298578000,20.343577880859375,-0.11285735666751862,-0.2814561724662781,0.16340644657611847
1779998658314905600,20.359905517578124,0.09651670604944229,-0.6656904220581055,0.34544429183006287
1779998658331269000,20.37626904296875,0.2952006161212921,-0.879493236541748,0.5293147563934326
1779998658347602400,20.3926025390625,0.5212207436561584,-0.7568620443344116,0.660192608833313
1779998658363918300,20.40891845703125,0.7541131377220154,-0.3266601860523224,0.7638869881629944
1779998658380243200,20.4252431640625,0.9892962574958801,0.2028072625398636,0.8993463516235352
1779998658396588300,20.44158837890625,1.208902359008789,0.6331618428230286,0.983951210975647
1779998658412924000,20.457923828125,1.1534663438796997,0.619111955165863,0.304669052362442
1779998658429256700,20.474256591796873,0.7907650470733643,0.6800457239151001,-0.6716463565826416
1779998658445585200,20.490585205078126,0.5036584138870239,1.1021536588668823,-0.8145887851715088
1779998658461926100,20.506926025390626,0.3784310221672058,1.5224288702011108,-0.5745187401771545
1779998658478264800,20.523264892578126,0.27458393573760986,1.5111279487609863,-0.33169981837272644
1779998658494585300,20.53958544921875,0.33200526237487793,1.3949108123779297,-0.20128010213375092
1779998658510924000,20.555924072265626,0.3433062732219696,1.2794572114944458,-0.23900102078914642
1779998658527260000,20.572260009765625,0.15592335164546967,1.0317513942718506,-0.4554000496864319
1779998658543591000,20.5885908203125,-0.10919216275215149,0.8313875794410706,-0.7286095023155212
1779998658559922400,20.60492236328125,-0.33948835730552673,0.7512115240097046,-0.855516791343689
1779998658576255500,20.62125537109375,-0.5143485069274902,0.765566885471344,-0.77472984790802
1779998658592587000,20.6375869140625,-0.6359107494354248,0.651029646396637,-0.5653557777404785
1779998658608923600,20.653923583984376,-0.6272059082984924,0.5044219493865967,-0.36590829491615295
1779998658625259300,20.67025927734375,-0.5496259927749634,0.5201517343521118,-0.2785545587539673
1779998658641589200,20.68658935546875,-0.4285219609737396,0.6388123035430908,-0.3257438838481903
1779998658657927400,20.702927490234377,-0.2402227520942688,0.6678284406661987,-0.42898011207580566
1779998658674251500,20.71925146484375,-0.19257527589797974,0.7512115240097046,-0.6249151229858398
1779998658690595600,20.735595703125,-0.5523748993873596,1.1380419731140137,-0.8857545852661133
1779998658706922200,20.751922119140627,-1.129489779472351,1.386053204536438,-1.1270463466644287
1779998658723259000,20.7682587890625,-1.757459282875061,1.4833335876464844,-1.6215417385101318
1779998658739590400,20.78459033203125,-2.342057466506958,1.035416603088379,-2.1426098346710205
1779998658755924000,20.800924072265627,-2.607478380203247,-0.3952298164367676,-2.1844542026519775
1779998658772256000,20.817256103515625,-2.4723243713378906,-1.8252654075622559,-2.059684991836548
1779998658788578300,20.833578369140625,-1.9920315742492676,-2.523484230041504,-1.9646953344345093
1779998658804924000,20.849923828125,-1.458593487739563,-2.4640777111053467,-1.8301522731781006
1779998658821256000,20.866255859375,-0.9468411207199097,-1.4414892196655273,-1.6614007949829102
1779998658837589000,20.882589111328127,-0.5042692422866821,0.024892758578062057,-1.344056248664856
1779998658853924600,20.898924560546874,-0.33429601788520813,0.7480044960975647,-0.9150761365890503
1779998658870271200,20.915271240234375,-0.3474296033382416,0.5407684445381165,-0.7214318513870239
1779998658886590000,20.93158984375,-0.5445863604545593,0.29397889971733093,-0.7333437204360962
1779998658902934800,20.947934814453124,-0.5597052574157715,-0.056352317333221436,-0.7269296646118164
1779998658919269400,20.964269287109374,-0.22586742043495178,-0.35384368896484375,-0.6259841322898865
1779998658935603000,20.98060302734375,0.10735956579446793,-0.5931501388549805,-0.41523563861846924
1779998658951906800,20.99690673828125,0.2854267954826355,-0.6650795340538025,-0.1492038369178772
1779998658968267800,21.013267822265625,0.4607451260089874,-0.5925393104553223,0.08277224004268646
1779998658984586200,21.029586181640624,0.6091853380203247,-0.475253164768219,0.25671613216400146
1779998659000927000,21.045927001953125,0.6669121384620667,-0.4560109078884125,0.4043927788734436
1779998659017256700,21.062256591796874,0.709061861038208,-0.39446622133255005,0.540921151638031
1779998659033590800,21.0785908203125,0.7985535860061646,-0.21930062770843506,0.685390830039978
1779998659049932000,21.09493212890625,0.8591819405555725,0.01924225501716137,0.8521569967269897
1779998659066257000,21.1112568359375,0.8413141369819641,0.23426681756973267,1.0612256526947021
1779998659082590700,21.1275908203125,0.8002334833145142,0.39187005162239075,1.281595230102539
1779998659098908400,21.143908447265623,0.8093964457511902,0.3962988257408142,1.454470157623291
1779998659115244800,21.160244873046874,0.8181012868881226,0.20876319706439972,1.602146863937378
1779998659131577900,21.176577880859377,0.8068002462387085,-0.03344487398862839,1.7186694145202637
1779998659147910400,21.192910400390623,0.826195240020752,-0.13790282607078552,1.832595705986023
1779998659164245500,21.20924560546875,0.8478809595108032,0.09269879758358002,2.029447078704834
1779998659180578600,21.22557861328125,0.8562803864479065,0.7637342810630798,2.2017111778259277
1779998659196911000,21.2419111328125,0.6762278079986572,1.7446311712265015,1.9706512689590454
1779998659213244700,21.25824462890625,0.10293079167604446,3.377626657485962,1.037249207496643
1779998659229578500,21.27457861328125,-0.7322747111320496,4.903873443603516,-0.28878653049468994
1779998659245912600,21.29091259765625,-0.9587529897689819,3.955963373184204,-0.45142942667007446
1779998659262246100,21.30724609375,-0.46990808844566345,1.1803443431854248,0.22372940182685852
1779998659278577400,21.323577392578127,-0.14569136500358582,-0.7231117486953735,0.7438811659812927
1779998659294912300,21.339912353515626,-0.23686300218105316,-2.2632558345794678,0.7898487448692322
1779998659311245800,21.356245849609376,-0.3423899710178375,-3.721543788909912,0.7347181439399719
1779998659327578000,21.372578125,-0.2298380434513092,-4.452902317047119,0.6762278079986572
1779998659343911700,21.38891162109375,0.39813143014907837,-3.8224892616271973,0.7180721163749695
1779998659360248600,21.40524853515625,1.4593570232391357,-1.674992561340332,0.7944302558898926
1779998659376582100,21.42158203125,2.4376578330993652,1.666593074798584,0.8037459254264832
1779998659392924400,21.43792431640625,2.8987083435058594,4.734663963317871,0.7854200005531311
1779998659409255700,21.454255615234374,2.445140838623047,5.695096492767334,0.6446155309677124
1779998659425591000,21.470591064453124,1.350928544998169,4.877606391906738,0.39584067463874817
1779998659441921800,21.486921875,0.2301434874534607,4.1163153648376465,0.35842517018318176
1779998659458270000,21.50327001953125,-0.40194934606552124,3.5495851039886475,0.5584835410118103
1779998659474572300,21.519572265625,-0.7521278262138367,1.5057828426361084,1.5462526082992554
1779998659490924300,21.53592431640625,-0.7338019013404846,-0.48456886410713196,2.5509731769561768
1779998659507254000,21.55225390625,-0.33597588539123535,-0.717308521270752,2.4976751804351807
1779998659523593200,21.56859326171875,0.09498954564332962,-0.18448130786418915,1.8707748651504517
1779998659539922400,21.58492236328125,0.35185837745666504,1.0629055500030518,0.9666942358016968
1779998659556257300,21.60125732421875,0.2243402600288391,2.652682304382324,0.14248432219028473
1779998659572590600,21.617590576171875,-0.1771509200334549,3.561649799346924,-0.29016098380088806
1779998659588910300,21.633910400390626,-0.6162103414535522,3.947411298751831,-0.399200439453125
1779998659605258200,21.65025830078125,-1.0190759897232056,4.116621017456055,-0.3572034537792206
1779998659621589200,21.66658935546875,-1.326341152191162,4.033848762512207,-0.29993483424186707
1779998659637940200,21.682940185546876,-1.493260145187378,3.841120719909668,-0.35292738676071167
1779998659654254600,21.699254638671874,-1.515709400177002,3.7920987606048584,-0.565203070640564
1779998659670590200,21.715590087890625,-1.4199562072753906,3.975969076156616,-0.8834638595581055
1779998659686924800,21.7319248046875,-1.2800681591033936,4.380514621734619,-1.2093604803085327
1779998659703257600,21.748257568359374,-1.126282811164856,4.849353790283203,-1.5373951196670532
1779998659719588900,21.7645888671875,-1.0198395252227783,4.968930721282959,-1.7884607315063477
1779998659735923200,21.780923095703123,-0.95462965965271,4.611727237701416,-1.8881844282150269
1779998659752257000,21.797257080078126,-0.9063712954521179,4.048662185668945,-1.7993035316467285
1779998659768578300,21.813578369140625,-0.7999280095100403,3.2417092323303223,-1.435227870941162
1779998659784923600,21.829923583984375,-0.5714644193649292,2.34786057472229,-0.8197811841964722
1779998659801255200,21.846255126953125,-0.508087158203125,1.63467538356781,-0.18387043476104736
1779998659817580500,21.86258056640625,-0.6553056836128235,1.191950798034668,0.33246341347694397
1779998659833926100,21.878926025390626,-0.8762862086296082,0.9709703326225281,0.7150177955627441
1779998659850236400,21.895236328125,-1.031598687171936,0.7890852093696594,1.002277135848999
1779998659866603800,21.911603759765626,-0.9399688839912415,0.8440630435943604,1.107040524482727
1779998659882935000,21.92793505859375,-0.5146539807319641,1.0326677560806274,1.1162035465240479
1779998659899254500,21.944254638671875,0.014355333521962166,1.2275336980819702,1.1707231998443604
1779998659915603500,21.960603515625,0.19868391752243042,1.635591745376587,1.2919800281524658
1779998659931920600,21.976920654296876,-0.15134187042713165,4.278958320617676,1.4048373699188232
1779998659948233700,21.993233642578126,-0.49495357275009155,8.917868614196777,0.6959282159805298
1779998659964585500,22.00958544921875,-0.4343251883983612,8.025547981262207,-0.835358202457428
1779998659980926500,22.025926513671877,-0.7629706859588623,4.525900363922119,-1.948660135269165
1779998659997256200,22.042256103515626,-1.4497359991073608,1.3167200088500977,-2.227978229522705
1779998660013589800,22.05858984375,-2.028988838195801,-0.8210029006004333,-2.3066272735595703
1779998660029922800,22.0749228515625,-2.1759018898010254,-1.8248071670532227,-2.959489345550537
1779998660046257400,22.09125732421875,-2.2872321605682373,-0.8677340745925903,-2.8403706550598145
1779998660062605300,22.107605224609376,-2.166738986968994,1.0427470207214355,-2.0051651000976562
1779998660078936800,22.123936767578126,-1.5224288702011108,3.3232595920562744,-1.6316211223602295
1779998660095267800,22.140267822265624,-0.3523165285587311,3.679699420928955,-2.0818288326263428
1779998660111586000,22.1565859375,0.603076696395874,2.221869707107544,-2.9384145736694336
1779998660127919900,22.172919921875,0.8526151776313782,0.793666660785675,-3.414889335632324
1779998660144256000,22.189256103515625,0.608421802520752,-0.9355401396751404,-3.29134202003479
1779998660160588500,22.205588623046875,0.5105306506156921,-2.0971004962921143,-2.4575109481811523
1779998660176921000,22.221921142578125,0.6487388610839844,-2.110539436340332,-1.6113097667694092
1779998660193256000,22.238255859375,0.6734789609909058,-1.6705636978149414,-1.2785409688949585
1779998660209598200,22.25459814453125,0.5968153476715088,-1.1546880006790161,-1.4327844381332397
1779998660225935600,22.270935546875,0.6304129362106323,-0.3101668357849121,-1.8211419582366943
1779998660242272500,22.2872724609375,0.745408296585083,0.9468411207199097,-2.169335126876831
1779998660258585000,22.303585205078125,0.784503698348999,2.1200077533721924,-2.2682952880859375
1779998660274936000,22.31993603515625,0.7206682562828064,2.744312047958374,-2.0260872840881348
1779998660291272700,22.336272705078127,0.5703954100608826,2.7204883098602295,-1.387274980545044
1779998660307602000,22.352601806640624,0.437226802110672,2.2403483390808105,-0.4612032473087311
1779998660323918000,22.36891796875,0.2590068578720093,1.4773776531219482,0.50335294008255
1779998660340252200,22.385252197265626,0.0757472887635231,0.5296201705932617,1.295186996459961
1779998660356591900,22.401591796875,-0.048258353024721146,-0.07254024595022202,1.8014415502548218
1779998660372921300,22.41792138671875,-0.2396118938922882,-0.1739438772201538,1.9046778678894043
1779998660389268700,22.434268798828125,-0.5583308339118958,0.4098905920982361,1.6064229011535645
1779998660405589800,22.45058984375,-0.7887797355651855,1.2023354768753052,1.296408772468567
1779998660421920800,22.466920654296874,-0.6258314251899719,1.545030951499939,1.200502872467041
1779998660438234000,22.483234130859376,-0.07147123664617538,1.277471899986267,1.2397509813308716
1779998660454573300,22.4995732421875,0.526107668876648,0.9613491892814636,1.1114692687988281
1779998660470908200,22.515908203125,0.6730207800865173,0.8965974450111389,0.6195700764656067
1779998660487258400,22.53225830078125,0.35873061418533325,1.190423607826233,-0.059406645596027374
1779998660503588900,22.5485888671875,-0.04749477282166481,1.8477146625518799,-0.4001167416572571
1779998660519921400,22.56492138671875,-0.2347249686717987,2.2041544914245605,-0.024587325751781464
1779998660536255200,22.581255126953124,-0.13072516024112701,2.0453295707702637,0.5931501388549805
1779998660552589300,22.59758935546875,0.10965031385421753,1.418123722076416,0.9760099649429321
1779998660568921900,22.613921875,0.3856086730957031,0.5505422949790955,0.8970556259155273
1779998660585254100,22.630254150390623,0.6597344875335693,-0.3680463135242462,0.5508477091789246
1779998660601588700,22.646588623046874,0.902553379535675,-1.094059705734253,0.2064724564552307
1779998660617926100,22.662926025390625,0.9091202020645142,-1.4202617406845093,0.04917465150356293
1779998660634251800,22.679251708984374,0.671493649482727,-1.468367338180542,0.13301590085029602
1779998660650588400,22.69558837890625,0.2932153046131134,-0.38209620118141174,0.21410827338695526
1779998660666916600,22.71191650390625,-0.13744467496871948,2.0109684467315674,0.017409659922122955
1779998660683254800,22.7282548828125,-0.20265454053878784,3.166114568710327,-0.09422596544027328
1779998660699588900,22.7445888671875,0.001679879380390048,2.9072604179382324,0.013286318629980087
1779998660715924000,22.760924072265624,0.13607023656368256,2.1560487747192383,0.1719585657119751
1779998660732254500,22.77725439453125,0.04199698567390442,1.4880677461624146,0.32971450686454773
1779998660748578300,22.793578369140626,-0.13958270847797394,1.2009611129760742,0.4389066696166992
1779998660764919300,22.809919189453126,-0.28527405858039856,1.1924089193344116,0.4662429094314575
1779998660781252900,22.8262529296875,-0.3597996234893799,1.1074986457824707,0.38469240069389343
1779998660797585400,22.84258544921875,-0.3156646192073822,0.7559457421302795,0.1866193264722824
1779998660813923600,22.858923583984375,-0.17119498550891876,0.1293507218360901,-0.012828170321881771
1779998660830254300,22.87525439453125,0.029626963660120964,-0.3576616048812866,-0.13698652386665344
1779998660846587600,22.891587646484375,0.2704605758190155,-0.48655417561531067,-0.1316414624452591
1779998660862921700,22.907921630859374,0.47739118337631226,-0.32788193225860596,0.0024434609804302454
1779998660879265000,22.92426513671875,0.5517640113830566,0.1797471046447754,0.11957687139511108
1779998660895599600,22.940599609375,0.5102251768112183,0.9764680862426758,0.08964447677135468
1779998660911904300,22.956904296875,0.4057672321796417,1.7896825075149536,-0.10873401165008545
1779998660928232400,22.973232421875,0.24083362519741058,2.3993258476257324,-0.37110063433647156
1779998660944587500,22.98958740234375,0.11026117950677872,2.722321033477783,-0.5777258276939392
1779998660960915700,23.005915771484375,0.07681630551815033,2.6190848350524902,-0.5878050923347473
1779998660977253400,23.02225341796875,0.07528914511203766,2.0804543495178223,-0.4761694669723511
1779998660993588000,23.038587890625,-0.03237585723400116,1.4101824760437012,-0.46593746542930603
1779998661009918700,23.054918701171875,-0.33719760179519653,1.1498011350631714,-0.8148942589759827
1779998661026252800,23.071252685546874,-0.5403103232383728,0.8051204085350037,-1.1128437519073486
1779998661042592800,23.0875927734375,-0.43478333950042725,0.0887281745672226,-1.0057896375656128
1779998661058916000,23.103916015625,-0.1918116807937622,-0.3882048726081848,-0.7535023093223572
1779998661075268900,23.120268798828125,0.05054909735918045,-0.498924195766449,-0.5791002511978149
1779998661091569000,23.13656884765625,0.21700987219810486,-0.37659841775894165,-0.5760459303855896
1779998661107914500,23.15291455078125,0.23747386038303375,-0.23411411046981812,-0.6947064995765686
1779998661124240100,23.169240234375,0.0682641938328743,0.12064588814973831,-0.9743300676345825
1779998661140572000,23.185572021484376,-0.2981022298336029,0.875064492225647,-1.4836390018463135
1779998661156919000,23.2019189453125,-0.6360634565353394,1.3278683423995972,-1.8270978927612305
1779998661173252900,23.2182529296875,-0.8422304391860962,0.8486445546150208,-1.6565138101577759
1779998661189588700,23.234588623046875,-0.9301950335502625,0.23976461589336395,-1.514487624168396
1779998661205916200,23.250916259765624,-0.9482156038284302,-0.2393064647912979,-1.834428310394287
1779998661222274600,23.267274658203124,-1.0639744997024536,-0.8991936445236206,-2.1847596168518066
1779998661238606000,23.283606201171875,-1.5042556524276733,-0.6514877676963806,-2.596635341644287
1779998661254926800,23.2999267578125,-2.339155673980713,0.2938261926174164,-2.755307674407959
1779998661271252700,23.316252685546875,-3.149163007736206,0.8300131559371948,-2.4274258613586426
1779998661287579400,23.332579345703124,-3.2962288856506348,1.0320568084716797,-2.0676262378692627
1779998661303918600,23.348918701171876,-2.6897923946380615,0.8684976696968079,-1.806328535079956
1779998661320255000,23.3652548828125,-2.1067214012145996,-0.10094548016786575,-1.3353514671325684
1779998661336588000,23.381588134765625,-1.7021759748458862,-1.3284791707992554,-0.9430232048034668
1779998661352918500,23.39791845703125,-1.3603968620300293,-1.1201741695404053,-0.7739662528038025
1779998661369240300,23.414240234375,-0.7968736886978149,-0.2942843437194824,-0.7556403279304504
1779998661385572900,23.43057275390625,-0.15745051205158234,0.25014930963516235,-0.6256787180900574
1779998661401924400,23.44692431640625,0.26374107599258423,0.09712757170200348,-0.3182607889175415
1779998661418247700,23.46324755859375,0.42302417755126953,-0.10155634582042694,-0.004123340360820293
1779998661434572500,23.479572509765624,0.5381723046302795,-0.23808473348617554,0.24663683772087097
1779998661450905900,23.49590576171875,0.7235698699951172,-0.3856086730957031,0.5279402732849121
1779998661467238100,23.512238037109373,0.9086620807647705,-0.47937649488449097,0.9150761365890503
1779998661483571700,23.52857177734375,1.0415252447128296,-0.6436992287635803,1.3406964540481567
1779998661499904300,23.544904296875,1.136056661605835,-0.8382598161697388,1.69622004032135
1779998661516239000,23.561239013671877,1.2124147415161133,-0.9902125597000122,1.9552268981933594
1779998661532572700,23.57757275390625,1.2218831777572632,-1.0813841819763184,2.1369593143463135
1779998661548905200,23.5939052734375,1.158811330795288,-1.1592695713043213,2.275320291519165
1779998661565238500,23.610238525390624,1.0482447147369385,-1.2133311033248901,2.370004415512085
1779998661581571800,23.62657177734375,0.899040937423706,-1.1455250978469849,2.4301745891571045
1779998661597919200,23.642919189453124,0.6782131195068359,-0.9178250432014465,2.5175282955169678
1779998661614251800,23.659251708984375,0.4282165467739105,-0.5438227653503418,2.6198482513427734
1779998661630585000,23.675585205078125,0.2756529450416565,0.08338310569524765,2.5943446159362793
1779998661646925300,23.69192529296875,0.15286903083324432,0.8623890280723572,2.400242328643799
1779998661663250200,23.708250244140626,0.014508049935102463,1.392925500869751,2.255925416946411
1779998661679587800,23.724587890625,-0.09498954564332962,1.504408359527588,2.0196731090545654
1779998661695916500,23.74091650390625,-0.1823432743549347,1.4309518337249756,1.504408359527588
1779998661712249600,23.75724951171875,-0.23747386038303375,1.1513283252716064,0.8897252082824707
1779998661728570600,23.773570556640625,-0.15974126756191254,0.45173484086990356,0.22143864631652832
1779998661744916500,23.78991650390625,-0.05115996301174164,-0.6998988389968872,-0.3159700334072113
1779998661761247700,23.806247802734376,-0.01160643994808197,-1.6273449659347534,-0.45692721009254456
1779998661777581300,23.822581298828126,0.1085812970995903,-2.0169243812561035,-0.2678644061088562
1779998661793916200,23.838916259765625,0.31749722361564636,-1.8139643669128418,-0.06688974797725677
1779998661810247700,23.85524755859375,0.346818745136261,-0.8258898258209229,-0.08827003091573715
1779998661826588400,23.87158837890625,0.06780604273080826,0.6565274000167847,-0.4558582007884979
1779998661842915800,23.887915771484376,-0.14278975129127502,1.1580477952957153,-0.6325509548187256
1779998661859252000,23.904251953125,-0.3332269787788391,0.40026944875717163,-0.4915938079357147
1779998661875593700,23.92059375,-0.5065600275993347,-0.6824892163276672,-0.1394299864768982
1779998661891912400,23.936912353515623,-0.4732678532600403,-1.264491081237793,0.3168863356113434
1779998661908252200,23.953252197265623,-0.2002110779285431,-0.5517640113830566,1.003804326057434
1779998661924565000,23.96956494140625,0.07208210229873657,2.175291061401367,1.691791296005249
1779998661940916700,23.985916748046876,-0.13515393435955048,5.20564079284668,0.39477166533470154
1779998661957235700,24.002235595703127,-0.22800545394420624,4.615087032318115,-1.0742065906524658
1779998661973582800,24.018582763671876,-0.3523165285587311,2.1419990062713623,-1.1187996864318848
1779998661989914600,24.03491455078125,-0.32421672344207764,-0.23121249675750732,-0.5765040516853333
1779998662006247700,24.05124755859375,0.006108652334660292,-1.7470746040344238,-0.09224065393209457
1779998662022590000,24.06758984375,0.574976921081543,-2.3299927711486816,0.2076941877603531
1779998662038919200,24.083919189453123,1.2024881839752197,-2.362368583679199,0.39538252353668213
1779998662055253500,24.10025341796875,1.6638442277908325,-1.9159787893295288,0.504574716091156
1779998662071592700,24.1165927734375,1.7316502332687378,-1.0279334783554077,0.38728857040405273
1779998662087897600,24.132897705078125,1.214400053024292,0.44226643443107605,-0.3358231782913208
1779998662104248800,24.149248779296876,0.5146539807319641,1.802205204963684,-1.0516045093536377
1779998662120566300,24.165566162109375,0.1511891484260559,2.1896464824676514,-1.024420976638794
1779998662136913400,24.181913330078125,0.12919799983501434,1.9729419946670532,-0.5763513445854187
1779998662153247700,24.198247802734375,0.18936823308467865,1.586722493171692,-0.11239920556545258
1779998662169589200,24.21458935546875,0.14935655891895294,1.3848315477371216,0.050243668258190155
1779998662185913000,24.2309130859375,-0.13668109476566315,1.4955508708953857,-0.27290403842926025
1779998662202262800,24.2472626953125,-0.6250678896903992,1.3385584354400635,-0.717308521270752
1779998662218592300,24.26359228515625,-1.0607675313949585,0.8284859657287598,-0.9639453291893005
1779998662234921000,24.2799208984375,-1.3668110370635986,0.6632469296455383,-1.2243266105651855
1779998662251261400,24.296261474609373,-1.609477162361145,1.296408772468567,-1.9843957424163818
1779998662267592200,24.31259228515625,-2.074651002883911,1.65834641456604,-2.8380799293518066
1779998662283909000,24.3289091796875,-2.7560713291168213,0.2886338233947754,-2.75500226020813
1779998662300245800,24.345245849609373,-3.154508113861084,-2.538145065307617,-2.4779748916625977
1779998662316580000,24.361580078125,-2.9274189472198486,-3.9116756916046143,-2.7151432037353516
1779998662332912600,24.37791259765625,-2.278221845626831,-3.2708778381347656,-2.824793577194214
1779998662349245700,24.39424560546875,-1.6972891092300415,-1.6694947481155396,-2.5082128047943115
1779998662365580500,24.41058056640625,-1.2544118165969849,0.12889257073402405,-1.941787838935852
1779998662381915100,24.4269150390625,-0.9456194043159485,0.7877107262611389,-1.4315626621246338
1779998662398250000,24.44325,-0.5943718552589417,0.49205195903778076,-1.141707181930542
1779998662414574600,24.45957470703125,-0.5012149214744568,0.3228422701358795,-0.8239045143127441
1779998662430907100,24.4759072265625,-0.6194173693656921,0.5838344693183899,-0.4720461070537567
1779998662447248000,24.492247802734376,-0.5161811113357544,0.48609602451324463,-0.23182335495948792
1779998662463580000,24.508579833984374,-0.12110403180122375,0.12140946835279465,-0.10965031385421753
1779998662479910000,24.524909912109376,0.25076019763946533,-0.22602014243602753,0.20983220636844635
1779998662496244700,24.54124462890625,0.5439754724502563,-0.3292563557624817,0.6910412907600403
1779998662512579300,24.557579345703125,0.7058547735214233,-0.39416080713272095,1.1018482446670532
1779998662528900600,24.573900634765625,0.8747590184211731,-0.380721777677536,1.3941471576690674
1779998662545245700,24.59024560546875,1.0800096988677979,-0.3055853247642517,1.6154330968856812
1779998662561579500,24.60657958984375,1.2849550247192383,-0.18585574626922607,1.821447491645813
1779998662577924000,24.622924072265626,1.4303410053253174,-0.04001167416572571,2.0783162117004395
1779998662594228200,24.639228271484374,1.4453071355819702,0.12370020896196365,2.3832907676696777
1779998662610566000,24.65556591796875,1.3603968620300293,0.2616030275821686,2.676658868789673
1779998662626896400,24.671896484375,1.294118046760559,0.2528982162475586,2.847548246383667
1779998662643230200,24.688230224609374,1.2764029502868652,0.13179416954517365,2.8293750286102295
1779998662659564000,24.70456396484375,1.2510520219802856,0.02168571576476097,2.6474900245666504
1779998662675897600,24.720897705078126,1.1574369668960571,-0.08918632566928864,2.373058795928955
1779998662692231400,24.7372314453125,0.9065240025520325,-0.041691552847623825,2.060448408126831
1779998662708565500,24.7535654296875,0.4862487316131592,0.24663683772087097,1.7431039810180664
1779998662724897500,24.7698974609375,0.13698652386665344,0.5044219493865967,1.4631749391555786
1779998662741230800,24.78623095703125,-0.01863138936460018,0.6670648455619812,1.246165156364441
1779998662757563100,24.802563232421875,-0.0019853119738399982,0.39813143014907837,0.9747881889343262
1779998662773896400,24.818896484375,0.03145955875515938,-0.23060162365436554,0.6423248052597046
1779998662790229500,24.8352294921875,-0.04077525436878204,-0.7913759350776672,0.5306891798973083
1779998662806563000,24.85156298828125,-0.06123924255371094,-1.4231632947921753,0.3471241891384125
1779998662822895900,24.867895751953125,0.13836097717285156,-1.998903751373291,-0.06062837690114975
1779998662839244800,24.884244873046875,0.4075998365879059,-2.2070560455322266,-0.15836681425571442
1779998662855573500,24.900573486328124,0.7195992469787598,-1.6572774648666382,-0.22021691501140594
1779998662871895000,24.91689501953125,1.0728321075439453,-0.26221391558647156,-0.2002110779285431
1779998662888234200,24.933234130859375,1.2286027669906616,1.2133311033248901,-0.10705413669347763
1779998662904575000,24.949574951171876,0.8202393054962158,1.8078557252883911,0.08506298810243607
1779998662920907300,24.9659072265625,-0.22800545394420624,3.8455493450164795,-0.7820602059364319
1779998662937228300,24.982228271484374,-1.0338894128799438,5.966626167297363,-1.8574885129928589
1779998662953578800,24.998578857421876,-0.8804095387458801,4.380972862243652,-1.1826350688934326
1779998662969904400,25.014904296875,-0.4709770977497101,1.9518672227859497,-0.4297437071800232
1779998662986241000,25.031240966796876,-0.06200282275676727,-0.2796235680580139,0.12568552792072296
1779998663002575000,25.0475751953125,0.2603813111782074,-1.882686734199524,0.5267185568809509
1779998663018907000,25.063906982421877,0.5097670555114746,-2.828458786010742,0.8286387324333191
1779998663035242000,25.080241943359376,0.7874053120613098,-3.201544761657715,1.1200214624404907
1779998663051571700,25.09657177734375,1.0754282474517822,-2.959642171859741,1.4216361045837402
1779998663067907300,25.1129072265625,1.2272282838821411,-1.9173532724380493,1.4578299522399902
1779998663084237000,25.129237060546874,0.7464773058891296,1.2637274265289307,-0.009926560334861279
1779998663100564000,25.14556396484375,0.21349740028381348,2.785851001739502,-0.8822421431541443
1779998663116906500,25.161906494140624,-0.06902777403593063,2.6367998123168945,-0.665232241153717
1779998663133239600,25.178239501953126,-0.07406741380691528,2.0001256465911865,-0.21533000469207764
1779998663149574000,25.194573974609376,0.08017606288194656,1.3022119998931885,0.17547103762626648
1779998663165904600,25.210904541015626,0.1267545372247696,0.8834638595581055,0.26404649019241333
1779998663182257200,25.227257080078125,-0.22678372263908386,1.381929874420166,-0.38469240069389343
1779998663198569200,25.2435693359375,-0.5079344511032104,1.5531249046325684,-0.8793405294418335
1779998663214920000,25.259919921875,-0.3248275816440582,0.822682797908783,-0.7153232097625732
1779998663231247400,25.276247314453126,0.0039706239476799965,0.10476338863372803,-0.45921793580055237
1779998663247587600,25.292587646484375,0.23228150606155396,-0.3222314119338989,-0.2292271852493286
1779998663263902200,25.308902099609377,0.3631593883037567,-0.46273043751716614,-0.03191770985722542
1779998663280227300,25.325227294921874,0.37659841775894165,-0.34636059403419495,0.05849034711718559
1779998663296570400,25.3415703125,0.19593502581119537,0.078343465924263,-0.013286318629980087
1779998663312904200,25.357904296875,-0.18219055235385895,0.3773620128631592,-0.10934487730264664
1779998663329235500,25.3742353515625,-0.801913321018219,0.8239045143127441,-0.3770565688610077
1779998663345575400,25.390575439453126,-1.680490255355835,2.1956024169921875,-1.1572842597961426
1779998663361907500,25.406907470703125,-2.473088026046753,3.632510185241699,-2.0274617671966553
1779998663378249000,25.4232490234375,-2.995072364807129,3.8820486068725586,-2.4269676208496094
1779998663394580000,25.439580078125,-3.2281174659729004,1.349706768989563,-1.8364136219024658
1779998663410902300,25.45590234375,-3.2004756927490234,-2.3881776332855225,-1.8046486377716064
1779998663427236400,25.472236328125,-2.858849287033081,-3.8336374759674072,-2.4167356491088867
1779998663443569400,25.4885693359375,-2.269669771194458,-3.567300319671631,-2.64611554145813
1779998663459905000,25.504905029296875,-1.6087136268615723,-2.5948028564453125,-2.445751667022705
1779998663476236300,25.521236328125,-1.0543533563613892,-0.7425066828727722,-1.9782871007919312
1779998663492568600,25.537568603515624,-0.8633053302764893,0.6214026808738708,-1.2962560653686523
1779998663508904400,25.553904541015626,-0.6881396770477295,1.056491494178772,-0.8645270466804504
1779998663525234700,25.570234619140624,-0.660803496837616,0.9318749308586121,-0.827111542224884
1779998663541568000,25.586568115234375,-0.6172793507575989,0.8596401214599609,-0.8342891931533813
1779998663557905700,25.60290576171875,-0.40164390206336975,0.6533203721046448,-0.6666067242622375
1779998663574227000,25.61922705078125,-0.014966198243200779,0.09437867999076843,-0.4248567819595337
1779998663598719500,25.643719482421876,0.6760751008987427,-0.461355984210968,0.09728029370307922
1779998663615060700,25.660060791015624,0.9941831827163696,-0.5468770861625671,0.49984049797058105
1779998663631388700,25.676388671875,1.2400563955307007,-0.6044511795043945,0.8837692737579346
1779998663647719000,25.692718994140623,1.4311045408248901,-0.7179193496704102,1.2133311033248901
1779998663664056800,25.709056884765626,1.5853480100631714,-0.7843509912490845,1.4966198205947876
1779998663680404500,25.725404541015624,1.723708987236023,-0.7483099102973938,1.7273741960525513
1779998663696736500,25.741736572265626,1.7899879217147827,-0.5487096905708313,1.93293035030365
1779998663713064200,25.758064208984376,1.7426458597183228,-0.10980302840471268,2.1789562702178955
1779998663729412600,25.77441259765625,1.624596118927002,0.59803706407547,2.6725354194641113
1779998663745736700,25.79073681640625,1.4176654815673828,1.3784173727035522,3.4125986099243164
1779998663762082000,25.80708203125,1.0392345190048218,1.858099341392517,3.7088682651519775
1779998663778398200,25.823398193359374,0.7289149761199951,1.7910568714141846,3.012787342071533
1779998663794734000,25.839734130859377,0.2776382565498352,1.0149526596069336,1.8043432235717773
1779998663811065900,25.85606591796875,-0.19868391752243042,0.6097962260246277,1.042594313621521
1779998663827398700,25.872398681640625,-0.5413793325424194,1.3968961238861084,0.799011766910553
1779998663843732000,25.88873193359375,-0.7681630253791809,1.9046778678894043,0.7031059265136719
1779998663860068400,25.905068359375,-0.4813618063926697,0.9549350738525391,1.1032226085662842
1779998663876386000,25.921385986328126,0.02382374368607998,-0.3032945990562439,1.0375546216964722
1779998663892728800,25.937728759765626,0.5106833577156067,-1.074817419052124,0.7695375084877014
1779998663909065500,25.9540654296875,0.946382999420166,-0.9706648588180542,0.5635231733322144
1779998663925396200,25.970396240234376,1.1178834438323975,-0.2503020465373993,0.3248275816440582
1779998663941735700,25.986735595703124,0.8680394887924194,0.1716531366109848,0.09040805697441101
1779998663958065200,26.003065185546873,0.4509712755680084,0.1869247704744339,-0.05864306539297104
1779998663974396700,26.019396728515623,0.27748554944992065,0.4560109078884125,-0.04535674303770065
1779998663990732800,26.03573291015625,0.1941024363040924,0.8431467413902283,0.12797626852989197
1779998664007061500,26.0520615234375,0.07681630551815033,1.2402092218399048,0.37568211555480957
1779998664023402000,26.068402099609376,-0.05009094998240471,1.4289665222167969,0.5523748993873596
1779998664039729400,26.0847294921875,-0.04688390716910362,1.4694362878799438,0.607810914516449
1779998664056064800,26.101064697265624,0.02733621932566166,1.4492777585983276,0.5626068711280823
1779998664072397300,26.117397216796874,0.07483099400997162,1.335809588432312,0.43508878350257874
1779998664088718300,26.13371826171875,0.07101308554410934,1.1383473873138428,0.20326541364192963
1779998664105063200,26.150063232421875,0.021838432177901268,0.9598219990730286,-0.026114489883184433
1779998664121398500,26.1663984375,-0.06505715101957321,1.0186177492141724,-0.12828169763088226
1779998664137730000,26.18272998046875,-0.15073099732398987,1.4611896276474,-0.08200865983963013
1779998664154064000,26.19906396484375,-0.3191770911216736,2.602133274078369,-0.19883663952350616
1779998664170396200,26.215396240234377,-0.5618433356285095,4.076761722564697,-0.694553792476654
1779998664186731500,26.2317314453125,-0.6304129362106323,4.694804668426514,-1.0525208711624146
1779998664203059000,26.248058837890625,-0.46929723024368286,4.220926284790039,-1.0580185651779175
1779998664219396900,26.26439697265625,-0.19456058740615845,3.1870367527008057,-0.8565858006477356
1779998664235728600,26.280728759765626,-0.0027488935738801956,2.0497584342956543,-0.584139883518219
1779998664252063200,26.297063232421873,0.038026362657547,0.9755517840385437,-0.30634891986846924
1779998664268424200,26.313424072265626,-0.04948008432984352,0.4876231849193573,-0.14263702929019928
1779998664284737000,26.329737060546876,-0.22342395782470703,0.9130908250808716,-0.2021963894367218
1779998664301045000,26.346044921875,-0.2675589919090271,1.316261887550354,-0.21609358489513397
1779998664317412000,26.362412109375,-0.16630806028842926,1.3377948999404907,-0.13469578325748444
1779998664333706000,26.3787060546875,-0.20922134816646576,1.6395623683929443,-0.26801711320877075
1779998664350081800,26.395081787109376,-0.4535674452781677,2.322815179824829,-0.694248378276825
1779998664366395000,26.411394775390626,-0.585667073726654,2.448042392730713,-0.9552405476570129
1779998664382727700,26.427727783203125,-0.4392121136188507,2.068695068359375,-1.006095051765442
1779998664399059500,26.4440595703125,-0.15913039445877075,1.6100881099700928,-1.0239628553390503
1779998664415394600,26.46039453125,0.14538592100143433,1.30801522731781,-1.117730736732483
1779998664431726600,26.4767265625,0.3205515444278717,1.2883148193359375,-1.3535246849060059
1779998664448061000,26.49306103515625,0.20097467303276062,1.3238977193832397,-1.6508632898330688
1779998664464377900,26.5093779296875,-0.20830504596233368,0.7924449443817139,-1.715767741203308
1779998664480731100,26.525731201171876,-0.7641924023628235,-0.12629638612270355,-1.5083789825439453
1779998664497059000,26.54205908203125,-1.3564262390136719,-1.0571023225784302,-1.1675162315368652
1779998664513393700,26.5583935546875,-1.7124079465866089,-1.9880609512329102,-0.8903360962867737
1779998664529736000,26.57473583984375,-1.9179641008377075,-2.107179641723633,-0.7273877859115601
1779998664546046200,26.591046142578126,-2.0673208236694336,-0.9795224070549011,-0.6192646622657776
1779998664562379300,26.607379150390624,-1.9576704502105713,1.8962783813476562,-1.1160508394241333
1779998664578712800,26.623712890625,-1.2217304706573486,4.8841729164123535,-2.623666286468506
1779998664595058400,26.640058349609376,-0.12064588814973831,3.8679988384246826,-3.2000176906585693
1779998664611394600,26.65639453125,0.5754350423812866,1.2681562900543213,-2.1229095458984375
1779998664627735800,26.67273583984375,0.7232644557952881,0.38957929611206055,-1.3611605167388916
1779998664644059100,26.68905908203125,0.5288565754890442,0.47907108068466187,-1.4637858867645264
1779998664660396000,26.70539599609375,0.21899518370628357,0.8046622276306152,-1.9242255687713623
1779998664676742400,26.721742431640624,-0.024892758578062057,1.0418306589126587,-1.9223929643630981
1779998664693069300,26.7380693359375,-0.09773843735456467,1.3154983520507812,-1.5480852127075195
1779998664709380000,26.754380126953127,-0.04703662544488907,1.4912748336791992,-1.2886202335357666
1779998664725736700,26.77073681640625,0.007635815534740686,1.5599970817565918,-1.3309226036071777
1779998664742068200,26.787068115234376,0.08994990587234497,1.2641856670379639,-1.5181528329849243
1779998664758390300,26.803390380859376,0.20570887625217438,0.717613935470581,-1.6418530941009521
1779998664774720800,26.819720703125,0.30482175946235657,0.31520646810531616,-1.6476563215255737
1779998664791058400,26.836058349609374,0.3393356502056122,0.31413745880126953,-1.5349516868591309
1779998664807389700,26.8523896484375,0.19364428520202637,0.7360926270484924,-1.4205671548843384
1779998664823722800,26.86872265625,-0.07895433157682419,1.213025689125061,-1.4395039081573486
1779998664840053500,26.885053466796876,-0.07238753139972687,1.151481032371521,-1.6016886234283447
1779998664856395800,26.901395751953125,0.23655757308006287,0.5371032953262329,-1.6781995296478271
1779998664872736000,26.917736083984376,0.5639813542366028,0.057879481464624405,-1.5763378143310547
1779998664889052200,26.93405224609375,0.7156286239624023,-0.012675453908741474,-1.3756685256958008
1779998664905388800,26.950388916015626,0.7951938509941101,0.05772676691412926,-1.1296426057815552
1779998664921720000,26.966719970703124,0.8284859657287598,0.19914206862449646,-0.9191994667053223
1779998664938044000,26.9830439453125,0.7774787545204163,0.5316054821014404,-0.6924157738685608
1779998664954373400,26.999373291015626,0.6727153658866882,1.0193814039230347,-0.4294382631778717
1779998664970710000,27.0157099609375,0.6342308521270752,1.0560332536697388,-0.1941024363040924
1779998664987042300,27.032042236328124,0.4282165467739105,0.5919284224510193,-0.012064588256180286
1779998665003375400,27.048375244140626,0.46792277693748474,0.07376197725534439,0.10506882518529892
1779998665019707600,27.064707763671876,0.7026477456092834,-0.17623461782932281,0.18906278908252716
1779998665036042500,27.08104248046875,0.8546004891395569,-0.5765040516853333,0.2344195395708084
1779998665052375300,27.097375244140625,0.7186829447746277,-1.1902709007263184,0.23625212907791138
1779998665068707000,27.11370703125,0.5125159621238708,-1.5572482347488403,0.23716843128204346
1779998665085040000,27.1300400390625,0.2938261926174164,-1.6998852491378784,0.33597588539123535
1779998665101374700,27.146374755859377,0.038179077208042145,-1.6363552808761597,0.5403103232383728
1779998665117706200,27.162706298828127,-0.17150041460990906,-1.3274102210998535,0.8124507665634155
1779998665134044000,27.1790439453125,-0.26221391558647156,-0.8378016948699951,0.9731083512306213
1779998665150385000,27.195385009765626,-0.1944078654050827,-0.4398229718208313,0.803135097026825
1779998665166719200,27.21171923828125,-0.02825251780450344,-0.10170906037092209,0.45814892649650574
1779998665183050500,27.228050537109375,0.07757988572120667,0.4381431043148041,0.19715675711631775
1779998665199385000,27.244385009765626,0.0685696229338646,1.306793451309204,0.1160643994808197
1779998665215714000,27.260714111328124,0.03787364438176155,2.0063869953155518,0.2617557644844055
1779998665232048000,27.277048095703126,0.1768454909324646,2.2824978828430176,0.3813326358795166
1779998665248429300,27.29342919921875,0.5117523670196533,2.323120594024658,0.29367345571517944
1779998665264738800,27.30973876953125,0.7826710939407349,2.3011293411254883,0.2041817009449005
1779998665281052200,27.32605224609375,0.8370380997657776,2.425440549850464,0.31322115659713745
1779998665297395200,27.342395263671875,0.7206682562828064,2.339003086090088,0.5059491395950317
1779998665313705500,27.35870556640625,0.6113234162330627,1.93293035030365,0.6899722814559937
1779998665330064600,27.375064697265625,0.7249443531036377,1.7548631429672241,0.7826710939407349
1779998665346379000,27.39137890625,0.8330674767494202,1.2773191928863525,0.8098546266555786
1779998665362715600,27.407715576171874,0.718224823474884,0.8915578126907349,0.7840455174446106
1779998665379049000,27.424049072265625,0.3874412775039673,1.5027284622192383,0.44257187843322754
1779998665395382800,27.4403828125,-0.24144448339939117,2.9324586391448975,0.3254384696483612
1779998665411716900,27.456716796875,-0.6168211698532104,3.5695910453796387,0.9859365224838257
1779998665428048000,27.4730478515625,-0.9266825914382935,3.681684732437134,1.2768610715866089
1779998665444379600,27.489379638671874,-1.047023057937622,3.3521230220794678,0.6235406994819641
1779998665460715800,27.5057158203125,-0.8944594264030457,2.1934642791748047,0.0659734457731247
1779998665477056500,27.522056396484373,-0.47311514616012573,1.0294606685638428,-0.021380282938480377
1779998665493385000,27.538385009765626,0.16432274878025055,-0.5586362481117249,-0.013286318629980087
1779998665509711000,27.554711181640624,0.759305477142334,-1.5917620658874512,0.22663100063800812
1779998665526055700,27.5710556640625,1.2498302459716797,-1.697136402130127,0.6301075220108032
1779998665542358000,27.58735791015625,1.6684256792068481,-1.1049025058746338,1.062447428703308
1779998665558701600,27.60370166015625,2.0444133281707764,0.20097467303276062,1.3466523885726929
1779998665575047000,27.620046875,1.948660135269165,1.4106405973434448,1.2368494272232056
1779998665591375600,27.636375732421875,0.7988590002059937,1.3794864416122437,0.656680166721344
1779998665607715600,27.652715576171875,-0.12278391420841217,1.2738068103790283,0.2681698501110077
1779998665624046800,27.669046875,-0.16050484776496887,1.6410894393920898,0.2477058619260788
1779998665640367000,27.6853671875,0.11056660860776901,1.954005241394043,0.44593164324760437
1779998665656727300,27.701727294921874,0.43127086758613586,2.3107504844665527,0.6983717083930969
1779998665673051400,27.718051513671874,0.5789475440979004,2.5118777751922607,0.8733845949172974
1779998665689399300,27.7343994140625,0.47280970215797424,2.3464860916137695,0.9323330521583557
1779998665705725200,27.75072509765625,0.18341228365898132,1.8681786060333252,0.9237809777259827
1779998665722048800,27.767048828125,-0.21670444309711456,1.3862059116363525,0.8710938692092896
1779998665738374100,27.7833740234375,-0.709061861038208,1.2011138200759888,0.7237225770950317
1779998665754713300,27.79971337890625,-1.2797627449035645,1.3987287282943726,0.41828998923301697
1779998665771041500,27.81604150390625,-1.8889480829238892,2.1346685886383057,-0.003359758760780096
1779998665787377700,27.832377685546874,-2.327854633331299,3.1201469898223877,-0.2730567753314972
1779998665803708700,27.848708740234375,-2.3487768173217773,3.6836700439453125,-0.22342395782470703
1779998665820044500,27.86504443359375,-2.015397071838379,3.5242342948913574,-0.10583240538835526
1779998665836372500,27.88137255859375,-1.4453071355819702,3.0608930587768555,-0.197004035115242
1779998665852730400,27.89773046875,-0.8839219808578491,3.2197179794311523,-0.8631525635719299
1779998665869025800,27.91402587890625,-0.5849034786224365,3.8337903022766113,-1.7146987915039062
1779998665885376800,27.930376708984376,-0.4031710624694824,3.5607335567474365,-1.5598443746566772
1779998665901710800,27.9467109375,-0.22861631214618683,2.121993064880371,-0.6766859889030457
1779998665918043000,27.96304296875,-0.12919799983501434,0.7626652717590332,-0.22632557153701782
1779998665934369300,27.979369384765626,0.21303924918174744,-0.09865473955869675,-0.11759155988693237
1779998665950713300,27.99571337890625,0.6505714654922485,-0.5671883821487427,-0.11820242553949356
1779998665967039700,28.012039794921876,1.0212140083312988,-0.6678284406661987,-0.1713477075099945
1779998665983375400,28.028375244140626,1.3936890363693237,-0.6313292384147644,-0.20662516355514526
1779998665999706000,28.0447060546875,1.7759380340576172,-0.5874996781349182,-0.1889100819826126
1779998666016041500,28.06104150390625,2.035250186920166,-0.6244570016860962,-0.13301590085029602
1779998666032373500,28.07737353515625,1.823127269744873,-0.5688682794570923,-0.12492194026708603
1779998666048694500,28.093694580078125,0.9607383012771606,0.059864792972803116,-0.42042800784111023
1779998666065040000,28.110039794921875,-0.2393064647912979,0.9069821834564209,-0.7953465580940247
1779998666081373200,28.126373291015625,-1.0384708642959595,1.0757336616516113,-0.7979426980018616
1779998666097691000,28.14269091796875,-1.315040111541748,1.1114692687988281,-0.7275404930114746
1779998666114026800,28.15902685546875,-1.1701123714447021,2.403907537460327,-1.1385000944137573
1779998666130364200,28.1753642578125,-1.045190453529358,3.6335792541503906,-1.6392568349838257
1779998666146693600,28.191693603515624,-0.9166033267974854,4.6718974113464355,-1.9663752317428589
1779998666163028200,28.2080283203125,-1.0923798084259033,3.877467155456543,-1.3339769840240479
1779998666179361500,28.224361572265625,-1.845423936843872,1.4391984939575195,-1.6649131774902344
1779998666195691800,28.24069189453125,-2.607325553894043,-1.4897476434707642,-2.203085422515869
1779998666212027100,28.257027099609374,-3.0689868927001953,-2.811049222946167,-2.663677930831909
1779998666228358000,28.27335791015625,-2.9912543296813965,-2.8368582725524902,-2.788447141647339
1779998666244693000,28.28969287109375,-2.4474315643310547,-2.381305456161499,-2.6481008529663086
1779998666261026600,28.306026611328125,-1.9737056493759155,-1.4440854787826538,-2.1653645038604736
1779998666277358000,28.322358154296875,-1.525483250617981,-0.07269296050071716,-1.4486669301986694
1779998666293691000,28.33869091796875,-0.9821186065673828,1.4162911176681519,-0.8028296232223511
1779998666310024400,28.3550244140625,-0.3744603991508484,2.126727342605591,-0.5668829679489136
1779998666326356500,28.3713564453125,-0.1085812970995903,1.581682801246643,-0.7093672752380371
1779998666342691300,28.38769140625,-0.22479841113090515,0.7742717266082764,-0.9946413636207581
1779998666359023400,28.4040234375,-0.29504790902137756,0.32971450686454773,-1.1438452005386353
1779998666375350300,28.420350341796876,-0.00427605677396059,0.19685132801532745,-1.061989188194275
1779998666391692500,28.436692626953125,0.40026944875717163,-0.09376781433820724,-0.7435756921768188
1779998666408034300,28.453034423828125,0.7588473558425903,-0.594524621963501,-0.32910364866256714
1779998666424369400,28.469369384765624,1.0639744997024536,-0.9766207933425903,0.04382958263158798
1779998666440687600,28.4856875,1.3449726104736328,-1.179580807685852,0.3543018400669098
1779998666457020700,28.502020751953125,1.6026049852371216,-1.18660569190979,0.619111955165863
1779998666473355500,28.51835546875,1.7912095785140991,-0.9243918061256409,0.8802568316459656
1779998666489688000,28.53468798828125,1.8901697397232056,-0.4639521539211273,1.2046263217926025
1779998666506034200,28.5510341796875,1.866346001625061,0.01572977937757969,1.628719449043274
1779998666522366700,28.56736669921875,1.7185167074203491,0.14767667651176453,1.9992092847824097
1779998666538684400,28.583684326171873,1.5123496055603027,-0.23105977475643158,2.1870503425598145
1779998666555036200,28.6000361328125,1.2950342893600464,-0.7878634333610535,2.2258403301239014
1779998666571367700,28.61636767578125,1.166752576828003,-1.1204795837402344,2.163379192352295
1779998666587697000,28.63269677734375,1.0787880420684814,-1.1789699792861938,2.107179641723633
1779998666604033800,28.64903369140625,0.8194757103919983,-0.9298896193504333,2.0896172523498535
1779998666620365300,28.665365234375,0.4118759036064148,-0.24266621470451355,2.138944625854492
1779998666636707300,28.681707275390625,-0.04092797264456749,0.2583959996700287,1.919338583946228
1779998666653045000,28.698044921875,-0.4922046661376953,0.4057672321796417,1.0147998332977295
1779998666669384000,28.714384033203125,-0.7244861721992493,-0.03833179548382759,-0.3094032406806946
1779998666685706200,28.730706298828125,-0.797789990901947,-1.0980303287506104,-0.854905903339386
1779998666702027800,28.74702783203125,-0.7797694802284241,-2.0083723068237305,-0.34773504734039307
1779998666718360800,28.76336083984375,-0.3735440969467163,-2.5468499660491943,-0.09712757170200348
1779998666734694700,28.779694580078125,0.3572034537792206,-2.2518019676208496,-0.2955060601234436
1779998666751032300,28.7960322265625,1.0836749076843262,-0.6110179424285889,-0.5436700582504272
1779998666767362300,28.8123623046875,1.4321736097335815,1.144608736038208,-0.5151121020317078
1779998666783696400,28.8286962890625,1.1453723907470703,1.5929838418960571,-0.0607810914516449
1779998666800030000,28.845030029296876,0.697149932384491,2.027156352996826,0.9198103547096252
1779998666816366000,28.861365966796875,0.2981022298336029,2.3099868297576904,1.2713632583618164
1779998666832705800,28.877705810546875,0.06414084881544113,1.5386168956756592,0.9002626538276672
1779998666849013200,28.89401318359375,0.1823432743549347,0.38499781489372253,0.4297437071800232
1779998666865351200,28.91035107421875,0.4144720733165741,-0.3686571717262268,0.07223481684923172
1779998666881698300,28.9266982421875,0.5868887901306152,-0.7405213713645935,-0.25534167885780334
1779998666898027000,28.943027099609374,0.59803706407547,-0.8016079068183899,-0.5679519772529602
1779998666914359000,28.959359130859376,0.33628132939338684,-0.6531676650047302,-0.6305656433105469
1779998666930695700,28.97569580078125,0.057879481464624405,-0.47418415546417236,-0.34345898032188416
1779998666947027000,28.99202685546875,0.050854530185461044,-0.10735956579446793,0.001832595793530345
1779998666963361500,29.008361572265624,0.1270599663257599,0.24953845143318176,0.005345070734620094
1779998666979690000,29.02468994140625,0.1667662113904953,0.4225660264492035,-0.4453207552433014
1779998666996030500,29.041030517578125,0.13148874044418335,0.2768746614456177,-0.8020660877227783
1779998667012358000,29.05735791015625,0.0633772686123848,0.12324206531047821,-0.7464773058891296
1779998667028680000,29.073679931640626,0.06490442901849747,0.1846340149641037,-0.6436992287635803
1779998667045025800,29.09002587890625,0.1514945775270462,0.4576907753944397,-0.5969680547714233
1779998667061358600,29.106358642578126,0.24358251690864563,0.7890852093696594,-0.5740606188774109
1779998667077691600,29.122691650390625,0.24404066801071167,1.023352026939392,-0.5867360830307007
1779998667094025700,29.139025634765623,0.1189660057425499,1.1714868545532227,-0.6569855809211731
1779998667110348000,29.15534814453125,-0.23854288458824158,1.6174184083938599,-0.9375254511833191
1779998667126695000,29.17169482421875,-1.0538952350616455,2.526691436767578,-1.6986634731292725
1779998667143023000,29.188023193359374,-2.2046127319335938,2.7148377895355225,-2.488054037094116
1779998667159356400,29.2043564453125,-3.277902841567993,1.5204435586929321,-2.654820442199707
1779998667175690200,29.220690185546875,-3.693444013595581,-0.8275696635246277,-2.3331997394561768
1779998667192024000,29.237024169921874,-3.3348660469055176,-2.540435791015625,-2.4335343837738037
1779998667208360000,29.25335986328125,-2.621070146560669,-2.1923954486846924,-2.579378604888916
1779998667224695600,29.269695556640624,-1.8861991167068481,-0.8045095205307007,-2.2684481143951416
1779998667241012000,29.286011962890626,-1.499216079711914,-0.16722436249256134,-1.835650086402893
1779998667257356300,29.302356201171875,-1.1664471626281738,-0.4818199574947357,-1.5329663753509521
1779998667273684500,29.3186845703125,-0.8278751373291016,-0.6812674403190613,-1.1841622591018677
1779998667290025700,29.335025634765625,-0.4992296099662781,-0.37308594584465027,-0.793361246585846
1779998667306342700,29.3513427734375,-0.4508185386657715,0.05253441259264946,-0.4017966091632843
1779998667322689000,29.36768896484375,-0.47708576917648315,0.4674646258354187,-0.020005837082862854
1779998667339021000,29.38402099609375,-0.28557950258255005,0.6542366743087769,0.3859141170978546
1779998667355352000,29.40035205078125,0.27809640765190125,0.5001459121704102,0.7541131377220154
1779998667371690000,29.41668994140625,0.8604037165641785,0.30573806166648865,1.1412489414215088
1779998667388021000,29.43302099609375,1.03984534740448,0.05604688450694084,1.486693263053894
1779998667404350700,29.449350830078124,1.1189523935317993,-0.11530081182718277,1.6691893339157104
1779998667420688100,29.465688232421876,1.2753338813781738,-0.09911288321018219,1.7788395881652832
1779998667437016000,29.48201611328125,1.5065463781356812,0.0025961773935705423,1.8292360305786133
1779998667453360000,29.498360107421874,1.7290540933609009,0.0734565481543541,1.8880317211151123
1779998667469682000,29.514681884765626,1.8643606901168823,0.041233405470848083,2.029141664505005
1779998667486031000,29.531031005859376,1.9048305749893188,-0.1362229436635971,2.2128593921661377
1779998667502348800,29.547348876953127,1.811673641204834,-0.37720927596092224,2.419790029525757
1779998667518677800,29.563677734375,1.5755741596221924,-0.5241223573684692,2.5579981803894043
1779998667535018000,29.58001806640625,1.242347240447998,-0.47021353244781494,2.4833199977874756
1779998667551350300,29.596350341796875,0.8272642493247986,-0.2382374405860901,2.154979944229126
1779998667567682000,29.61268212890625,0.44058656692504883,0.039706241339445114,1.7986927032470703
1779998667584018700,29.629018798828124,0.2070833146572113,0.31383201479911804,1.443474531173706
1779998667600347100,29.64534716796875,0.1111774742603302,0.6953173875808716,1.1501065492630005
1779998667616698400,29.661698486328124,0.09834930300712585,0.8497135639190674,0.9011789560317993
1779998667633033000,29.678032958984375,0.12919799983501434,0.5969680547714233,0.7576256394386292
1779998667649364000,29.694364013671876,-0.010537425056099892,0.046731192618608475,0.7113525867462158
1779998667665690400,29.7106904296875,-0.3020728528499603,-0.8639161586761475,0.7825183868408203
1779998667682033700,29.72703369140625,-0.3588833212852478,-1.8351919651031494,0.8272642493247986
1779998667698341400,29.74334130859375,0.0555887371301651,-2.6815457344055176,0.546571671962738
1779998667714679600,29.759679443359374,0.5607742667198181,-2.874884605407715,0.09834930300712585
1779998667731016700,29.7760166015625,0.8237518072128296,-2.0445659160614014,-0.19425514340400696
1779998667747340500,29.792340576171874,0.8668177723884583,-0.6227771043777466,-0.32498031854629517
1779998667763678200,29.80867822265625,0.5587889552116394,0.7428121566772461,-0.346818745136261
1779998667780017400,29.825017333984373,-0.009162978269159794,1.613753318786621,-0.19456058740615845
1779998667796346000,29.84134619140625,-0.4277583956718445,2.451555013656616,0.20051652193069458
1779998667812680400,29.857680419921873,-0.43737950921058655,3.4072535037994385,0.5447390675544739
1779998667829012700,29.8740126953125,-0.17592918872833252,3.8095083236694336,0.5835290551185608
1779998667845347000,29.89034716796875,-0.07254024595022202,3.757890224456787,0.08200865983963013
1779998667861677800,29.906677734375,-0.0682641938328743,2.45369291305542,-0.5280929803848267
1779998667878012700,29.9230126953125,0.012522737495601177,0.36850446462631226,-0.493731826543808
1779998667894336500,29.93933642578125,0.19944749772548676,-1.166752576828003,-0.2837468981742859
1779998667910667500,29.95566748046875,0.4873177409172058,-1.9634735584259033,-0.1511891484260559
1779998667927011300,29.97201123046875,0.7469354867935181,-2.1282544136047363,-0.04886921867728233
1779998667943345200,29.98834521484375,0.9369145631790161,-1.8571830987930298,0.04352414980530739
1779998667959677000,30.004677001953127,1.0128145217895508,-1.3231340646743774,0.10965031385421753
1779998667976011800,30.02101171875,0.9182831645011902,-0.5720753073692322,0.1469130963087082
1779998667992342300,30.03734228515625,0.617584764957428,0.68951416015625,-0.07437284290790558
1779998668008656100,30.05365625,0.11988230794668198,1.5850425958633423,-0.5265658497810364
1779998668025009400,30.070009521484376,-0.19028452038764954,1.794722080230713,-0.8535314798355103
1779998668041326000,30.086326171875,-0.20555615425109863,1.8292360305786133,-0.9221010804176331
1779998668057676000,30.102676025390625,-0.09178250283002853,1.88558828830719,-0.7855727076530457
1779998668074009600,30.119009521484376,-0.08597928285598755,2.068084239959717,-0.6133087277412415
1779998668090341600,30.135341552734374,-0.17730364203453064,2.059837579727173,-0.6475171446800232
1779998668106676500,30.151676513671877,-0.24816401302814484,1.7270687818527222,-0.8278751373291016
1779998668123006700,30.1680068359375,-0.1918116807937622,1.0494664907455444,-0.9636399149894714
1779998668139335400,30.18433544921875,-0.08139779418706894,0.35643985867500305,-1.0961977243423462
1779998668155673900,30.200673828125,-0.15500704944133759,0.06765332818031311,-1.3400856256484985
1779998668172006400,30.21700634765625,-0.6482807397842407,0.879493236541748,-1.9185750484466553
1779998668188341200,30.23334130859375,-1.6195564270019531,2.0001256465911865,-2.4382686614990234
1779998668204671700,30.249671630859375,-2.7156014442443848,1.5515977144241333,-2.2203423976898193
1779998668221028400,30.2660283203125,-3.502854108810425,-0.38957929611206055,-1.9816468954086304
1779998668237334300,30.282334228515627,-3.4272594451904297,-1.8136589527130127,-2.470339059829712
1779998668253690600,30.298690673828126,-2.539672374725342,-2.085035800933838,-2.738966941833496
1779998668270020000,30.31502001953125,-1.7206547260284424,-1.6698001623153687,-2.295173406600952
1779998668286322000,30.331322021484375,-1.2402092218399048,-1.2218831777572632,-1.7201964855194092
1779998668302671600,30.347671630859374,-0.8546004891395569,-0.5780312418937683,-1.4643967151641846
1779998668319001300,30.36400146484375,-0.6174320578575134,0.206777885556221,-1.4388930797576904
1779998668335337000,30.3803369140625,-0.6159048676490784,0.727082371711731,-1.0181596279144287
1779998668351669500,30.39666943359375,-0.5777258276939392,1.0377073287963867,-0.5575672388076782
1779998668368006000,30.413005859375,-0.3228422701358795,1.0629055500030518,-0.45204028487205505
1779998668384332000,30.42933203125,0.052381694316864014,0.7461718916893005,-0.4138612151145935
1779998668400672000,30.445672119140625,0.38667771220207214,0.5404630303382874,-0.22250767052173615
1779998668417003800,30.462003662109375,0.6039929986000061,0.3833179473876953,0.004581489134579897
1779998668433334000,30.478333984375,0.8115344643592834,0.07987063378095627,0.17638733983039856
1779998668449685000,30.49468505859375,1.0195341110229492,-0.34406983852386475,0.2900082767009735
1779998668465988000,30.510988037109374,1.2318097352981567,-0.7909177541732788,0.3533855378627777
1779998668482338000,30.527338134765625,1.4149166345596313,-1.1145236492156982,0.4639521539211273
1779998668498650600,30.543650634765626,1.5222761631011963,-1.2214250564575195,0.6827946305274963
1779998668514990300,30.559990234375,1.5470162630081177,-1.1551461219787598,0.9766207933425903
1779998668531323600,30.57632373046875,1.4860824346542358,-0.9411906003952026,1.2985467910766602
1779998668547654000,30.59265380859375,1.350012183189392,-0.5488623976707458,1.582904577255249
1779998668563988700,30.60898876953125,1.1959214210510254,-0.14355333149433136,1.8122844696044922
1779998668580320800,30.62532080078125,1.0899362564086914,0.20601430535316467,1.965153455734253
1779998668596654300,30.641654296875,0.9691377282142639,0.14508049190044403,2.110081195831299
1779998668612986400,30.657986328125,0.8475755453109741,0.12690725922584534,2.302503824234009
1779998668629335300,30.674335205078126,0.675006091594696,0.2515237629413605,2.551584243774414
1779998668645665800,30.690665771484376,0.5552765130996704,0.6466008424758911,2.5946500301361084
1779998668661999000,30.7069990234375,0.6026185750961304,1.1198687553405762,2.1624629497528076
1779998668678339300,30.72333935546875,0.7087563872337341,1.3173309564590454,1.4220943450927734
1779998668694662100,30.739662109375,0.7318165898323059,1.1398745775222778,0.8252789378166199
1779998668710999600,30.75599951171875,0.7441865801811218,0.9485210180282593,0.5229006409645081
1779998668727331600,30.77233154296875,0.632398247718811,0.7585419416427612,0.5254968404769897
1779998668743663900,30.788663818359375,0.31841349601745605,0.4179845452308655,0.8358163833618164
1779998668759996200,30.80499609375,-0.006719517521560192,0.35674530267715454,1.2863295078277588
1779998668776345000,30.821344970703127,-0.3344487249851227,0.43478333950042725,1.6027576923370361
1779998668792677400,30.837677490234373,-0.5476406812667847,0.2838996350765228,1.6032158136367798
1779998668809020000,30.85402001953125,-0.427452951669693,0.19349156320095062,1.2592986822128296
1779998668825342500,30.870342529296874,-0.05314527451992035,0.6902777552604675,0.7816020846366882
1779998668841657000,30.886656982421876,0.5192354321479797,1.4604260921478271,-0.16340644657611847
1779998668857996000,30.90299609375,1.3089314699172974,1.2206615209579468,-1.8248071670532227
1779998668874325000,30.919324951171873,1.4506522417068481,0.508087158203125,-2.0781636238098145
1779998668890664200,30.935664306640625,1.1485793590545654,0.28038713335990906,-1.5041029453277588
1779998668906993700,30.95199365234375,1.0899362564086914,0.8636107444763184,-0.9593638777732849
1779998668923328300,30.968328369140625,1.532508134841919,1.9352210760116577,-0.4340197443962097
1779998668939646700,30.984646728515624,1.870469331741333,2.663219690322876,0.2474004179239273
1779998668955993900,31.000993896484374,1.4204144477844238,2.361604928970337,1.0746647119522095
1779998668972326000,31.017325927734376,0.7620543837547302,1.9781343936920166,1.65834641456604
1779998668988659500,31.033659423828126,0.3119994103908539,1.6849191188812256,1.8938349485397339
1779998669004992000,31.049991943359377,-0.08460483700037003,1.2421945333480835,1.8457293510437012
1779998669021326600,31.06632666015625,-0.35216382145881653,0.8713992834091187,1.6468926668167114
1779998669037654800,31.08265478515625,-0.3833179473876953,0.7725918292999268,1.3196216821670532
1779998669053995300,31.098995361328125,-0.23105977475643158,1.0980303287506104,0.9538660645484924
1779998669070313500,31.1153134765625,-0.003512475173920393,2.040900707244873,0.7631233930587769
1779998669086658800,31.131658935546874,0.25793784856796265,3.4232888221740723,0.7252497673034668
1779998669102990000,31.147989990234375,0.2028072625398636,2.8406760692596436,1.246165156364441
1779998669119324000,31.164323974609374,-0.08292495459318161,1.4802792072296143,1.727832317352295
1779998669135654400,31.180654296875,-0.166460782289505,1.873218297958374,1.5467108488082886
1779998669151990500,31.196990478515627,-0.2623666226863861,2.8548786640167236,0.9390525817871094
1779998669168321800,31.21332177734375,-0.35445454716682434,3.472769021987915,0.24236078560352325
1779998669184678400,31.229678466796877,-0.35033121705055237,3.7084102630615234,-0.35659259557724
1779998669200987100,31.245987060546874,-0.33460143208503723,3.3490686416625977,-0.7571674585342407
1779998669217334000,31.262333984375,-0.32650747895240784,2.574186086654663,-0.9396634697914124
1779998669233652000,31.27865185546875,-0.3246748745441437,1.7321083545684814,-0.8486445546150208
1779998669250002000,31.295001953125,-0.3491095006465912,1.176526427268982,-0.5581781268119812
1779998669266316000,31.31131591796875,-0.3943135142326355,1.144914150238037,-0.32589662075042725
1779998669282657000,31.327656982421875,-0.42409318685531616,1.5877914428710938,-0.285121351480484
1779998669298987300,31.3439873046875,-0.4017966091632843,2.337017774581909,-0.3911064863204956
1779998669315307300,31.360307373046876,-0.32391130924224854,3.2731688022613525,-0.5416847467422485
1779998669331651300,31.3766513671875,-0.29336804151535034,4.144262313842773,-0.6779077053070068
1779998669347986700,31.392986572265624,-0.375071257352829,4.511850833892822,-0.6543893814086914
1779998669364315400,31.4093154296875,-0.3862195611000061,4.185037612915039,-0.4196644127368927
1779998669380653800,31.42565380859375,-0.13897185027599335,3.684891939163208,-0.33276882767677307
1779998669396972800,31.441972900390624,0.23655757308006287,3.3712124824523926,-0.42791110277175903
1779998669413318700,31.458318603515625,0.5407684445381165,3.062420129776001,-0.36163222789764404
1779998669429652000,31.47465185546875,0.8061894178390503,5.094615936279297,0.009621127508580685
1779998669446000400,31.49100048828125,0.7765624523162842,4.2696428298950195,-0.03237585723400116
1779998669462314000,31.50731396484375,0.5099197626113892,2.850450038909912,-0.1595885455608368
1779998669478651000,31.52365087890625,0.3449861407279968,2.760652780532837,-0.058795779943466187
1779998669494983000,31.53998291015625,0.09712757170200348,2.6592490673065186,-0.16508632898330688
1779998669511314700,31.556314697265623,-0.15974126756191254,2.2853996753692627,-0.9599747061729431
1779998669527649000,31.57264892578125,-0.6742424964904785,0.001527163083665073,-0.807563841342926
1779998669543983600,31.588983642578125,-0.9358455538749695,-0.9115636348724365,-0.4398229718208313
1779998669560315000,31.60531494140625,-1.241125464439392,-1.5758795738220215,-0.17837265133857727
1779998669576648200,31.621648193359373,-1.55892813205719,-1.9060522317886353,0.00809396430850029
1779998669592965000,31.637965087890624,-1.9799669981002808,-1.5935946702957153,0.23655757308006287
1779998669609302800,31.654302734375,-2.5195136070251465,-0.18005253374576569,-0.29245173931121826
1779998669625636400,31.67063623046875,-2.503936529159546,0.7791585922241211,-1.0751228332519531
1779998669641969000,31.686968994140624,-1.7925840616226196,0.865290641784668,-1.1074986457824707
1779998669658299100,31.703299072265626,-0.594524621963501,-0.16737708449363708,-1.1215485334396362
1779998669674636500,31.719636474609374,0.413097620010376,-0.7756461501121521,-2.0693061351776123
1779998669690966300,31.73596630859375,0.45265114307403564,-0.3165809214115143,-3.246901512145996
1779998669707300400,31.75230029296875,0.41462478041648865,0.4386012554168701,-3.5737144947052
1779998669723633200,31.768633056640624,0.5348125100135803,0.8915578126907349,-2.9878945350646973
1779998669739966500,31.784966552734375,0.8895725011825562,1.3536773920059204,-2.1813998222351074
1779998669756298200,31.80129833984375,1.3938417434692383,2.0274617671966553,-1.62047278881073
1779998669772631800,31.8176318359375,1.5063936710357666,2.920546770095825,-1.365131139755249
1779998669788966400,31.83396630859375,0.9886853694915771,3.91152286529541,-1.2811371088027954
1779998669805298700,31.850298583984376,0.47937649488449097,4.460079669952393,-1.154077172279358
1779998669821630700,31.866630615234374,0.42088615894317627,4.039804458618164,-0.864068865776062
1779998669837966800,31.882966796875,0.37110063433647156,3.059518575668335,-0.5850561857223511
1779998669854309000,31.89930908203125,0.1771509200334549,2.1476495265960693,-0.6461427211761475
1779998669870644200,31.915644287109377,-0.09040805697441101,1.4752395153045654,-0.902247965335846
1779998669886975000,31.93197509765625,-0.365755558013916,1.3326025009155273,-0.9871582388877869
1779998669903309000,31.94830908203125,-0.5583308339118958,1.278693675994873,-0.8666650652885437
1779998669919641000,31.96464111328125,-0.5488623976707458,0.8674286603927612,-0.6650795340538025
1779998669935975200,31.98097509765625,-0.24434609711170197,0.4053090810775757,-0.4973970353603363
1779998669952307000,31.997306884765624,0.11881329119205475,-0.060933809727430344,-0.19013181328773499
1779998669968639200,32.01363916015625,0.4697553813457489,-0.40683624148368835,0.24236078560352325
1779998669984972800,32.029972900390625,0.7907650470733643,-0.4893030524253845,0.7536550164222717
1779998670001307000,32.04630688476563,0.9923505783081055,-0.3718642294406891,1.1869112253189087
1779998670017639200,32.06263916015625,1.072068452835083,-0.08139779418706894,1.363909363746643
1779998670033972200,32.07897216796875,1.147204875946045,0.5968153476715088,1.1215485334396362
1779998670050289000,32.09528881835938,1.0709995031356812,1.2577714920043945,0.6818783283233643
1779998670066628000,32.11162817382812,0.8799513578414917,1.0986411571502686,0.48197266459465027
1779998670082971400,32.127971435546876,0.761443555355072,0.43249258399009705,0.6386595964431763
1779998670099303400,32.14430346679688,0.4024074673652649,-0.37720927596092224,0.9416487812995911
1779998670115637000,32.16063696289063,-0.09086620807647705,-1.0039570331573486,1.079246163368225
1779998670131970800,32.176970703125,-0.4964807331562042,-1.2337950468063354,1.0212140083312988
1779998670148293600,32.193293701171875,-0.6600399017333984,-0.9320276379585266,0.922711968421936
1779998670164645400,32.209645263671874,-0.5198463201522827,0.11652254313230515,0.8967501521110535
1779998670180967700,32.2259677734375,-0.2519819140434265,1.4506522417068481,1.045190453529358
1779998670197302500,32.24230249023437,-0.11362093687057495,1.9265162944793701,1.330464482307434
1779998670213635300,32.25863525390625,0.0022907445672899485,1.524261474609375,1.5129605531692505
1779998670229964000,32.274964111328124,0.12919799983501434,0.873842716217041,1.479668378829956
1779998670246301200,32.29130126953125,0.2698497176170349,0.5590944290161133,1.3915510177612305
1779998670262633500,32.30763354492188,0.40714168548583984,0.6730207800865173,1.2912163734436035
1779998670278955500,32.32395556640625,0.5143485069274902,0.8382598161697388,1.0082330703735352
1779998670295300600,32.34030053710938,0.6007859706878662,0.4879286289215088,0.7750352621078491
1779998670311632000,32.3566318359375,0.46364670991897583,0.40301835536956787,0.5447390675544739
1779998670327966700,32.372966796875,0.24953845143318176,1.0766500234603882,0.4433354437351227
1779998670344296700,32.38929663085938,0.2831360399723053,1.9561432600021362,0.0555887371301651
1779998670360637700,32.4056376953125,1.0491610765457153,1.2822061777114868,-2.113746404647827
1779998670376964400,32.42196435546875,2.168724298477173,0.9259189963340759,-2.7156014442443848
1779998670393286100,32.4382861328125,2.4132232666015625,2.8122708797454834,-2.1447479724884033
1779998670409631500,32.454631591796876,1.7424931526184082,4.397313594818115,-1.7516560554504395
1779998670425976300,32.47097631835938,0.7953465580940247,4.620431900024414,-1.1187996864318848
1779998670442297900,32.4872978515625,0.3029891550540924,3.9929206371307373,-0.1359175145626068
1779998670458631000,32.503630859375,0.08414668589830399,2.635730743408203,1.1711814403533936
1779998670474963200,32.519963134765625,-0.035124752670526505,0.8106181621551514,2.5027148723602295
1779998670491295500,32.53629541015625,-0.14263702929019928,-0.13576480746269226,3.176499366760254
1779998670507626200,32.552626220703125,-0.33567044138908386,-0.29397889971733093,3.224604845046997
1779998670523966000,32.56896606445312,-0.5783366560935974,-0.18310685455799103,2.9458975791931152
1779998670540295400,32.58529541015625,-0.8162686824798584,0.035124752670526505,2.554027557373047
1779998670556628500,32.60162841796875,-1.353830099105835,1.9022343158721924,1.443169116973877
1779998670572961000,32.6179609375,-2.0647244453430176,5.829945087432861,-0.5674937963485718
1779998670589295400,32.63429541015625,-2.568382978439331,5.9310431480407715,-0.7234171628952026
1779998670605625000,32.650625,-2.931389570236206,4.868137836456299,-0.2174680233001709
1779998670621961200,32.66696118164062,-3.126102924346924,4.020562171936035,0.17562375962734222
1779998670638279700,32.68327978515625,-3.048370361328125,5.120272636413574,-0.2718350291252136
1779998670654627000,32.699626953125,-2.6372580528259277,6.662554740905762,-1.4117095470428467
1779998670670957600,32.71595751953125,-1.6830865144729614,6.447988033294678,-2.350762128829956
1779998670687289600,32.73228955078125,-0.39538252353668213,5.514280796051025,-2.6749789714813232
1779998670703626800,32.748626708984375,0.5488623976707458,2.2800545692443848,-0.7513642311096191
1779998670719958800,32.76495874023438,0.4918992519378662,-1.0450377464294434,-0.42302417755126953
1779998670736306000,32.78130590820312,0.096211276948452,-2.2154555320739746,-0.9329439401626587
1779998670752637400,32.79763745117187,-0.36942076683044434,-1.5372424125671387,-1.3072515726089478
1779998670768953300,32.81395336914063,-0.5435173511505127,-0.7432702779769897,-1.107956886291504
1779998670785291000,32.830291015625,-0.4005748927593231,-0.5126686692237854,-0.8283332586288452
1779998670801622000,32.8466220703125,-0.05115996301174164,-0.532369077205658,-0.7144069075584412
1779998670817956600,32.86295654296875,0.3245221674442291,-0.5664247870445251,-0.7302893996238708
1779998670834289000,32.87928881835938,0.6516404747962952,-0.3672827184200287,-1.017396092414856
1779998670850623200,32.895623291015625,0.4893030524253845,0.395077109336853,-1.9097174406051636
1779998670866953000,32.911952880859374,-0.7252497673034668,1.7136297225952148,-3.0439414978027344
1779998670883289000,32.9282890625,-2.5030202865600586,2.0256290435791016,-2.161088466644287
1779998670899620600,32.94462060546875,-3.8921279907226562,0.19715675711631775,-1.2353222370147705
1779998670915954400,32.96095434570312,-4.551403999328613,-3.1619911193847656,-1.7933475971221924
1779998670932287000,32.977286865234376,-3.9156463146209717,-4.857600212097168,-2.291661024093628
1779998670948622600,32.99362255859375,-2.8435776233673096,-3.4888041019439697,-1.974927306175232
1779998670964939500,33.009939453125,-2.0034852027893066,-0.3568980097770691,-1.1061242818832397
1779998670981285600,33.02628564453125,-1.1073459386825562,1.9917261600494385,-0.542142927646637
1779998670997618000,33.042617919921874,-0.08888089656829834,2.2650883197784424,-0.6594290137290955
1779998671013952000,33.058951904296876,0.4538728892803192,0.950506329536438,-0.7180721163749695
1779998671030284500,33.07528442382812,0.4057672321796417,0.08643743395805359,-0.3663664162158966
1779998671046630700,33.09163061523437,0.1511891484260559,0.5325217843055725,0.1371392458677292
1779998671062962000,33.1079619140625,0.12889257073402405,0.8837692737579346,0.5535966157913208
1779998671079284000,33.12428393554688,0.43676865100860596,0.3399465084075928,0.8294022679328918
1779998671095616300,33.1406162109375,0.8817839622497559,-0.6717990636825562,1.1090258359909058
1779998671111952000,33.156951904296875,1.2971723079681396,-1.4401148557662964,1.514182209968567
1779998671128270600,33.1732705078125,1.609477162361145,-1.6836973428726196,1.9446895122528076
1779998671144611300,33.189611328125,1.822821855545044,-1.545030951499939,2.3148739337921143
1779998671160947200,33.205947265625,1.887420892715454,-1.1951578855514526,2.7262916564941406
1779998671177285000,33.22228515625,1.8067866563796997,-0.7686212062835693,3.232088088989258
1779998671193632800,33.2386328125,1.5685492753982544,-0.6102544069290161,3.721696615219116
1779998671209944800,33.25494482421875,1.2585351467132568,-0.7492262125015259,4.060726642608643
1779998671226267400,33.271267333984376,1.0128145217895508,-0.8964447379112244,4.1247148513793945
1779998671242614000,33.28761401367188,1.0280861854553223,-1.350012183189392,3.1476359367370605
1779998671258946800,33.30394677734375,1.0458012819290161,-3.3854150772094727,0.9288206100463867
1779998671275262500,33.32026245117188,0.42959097027778625,-3.98421573638916,-0.38927388191223145
1779998671291610600,33.33661059570313,-0.5551238059997559,-1.7159204483032227,-0.3572034537792206
1779998671307947300,33.352947265625,-0.9414960741996765,0.09911288321018219,0.4746423065662384
1779998671324278300,33.3692783203125,-0.5616905689239502,0.15531249344348907,0.7736608386039734
1779998671340618800,33.38561865234375,0.25503623485565186,0.197004035115242,0.693637490272522
1779998671356944000,33.40194384765625,1.1701123714447021,1.012050986289978,0.3072652220726013
1779998671373278000,33.41827783203125,1.9062049388885498,2.121993064880371,-0.3225368559360504
1779998671389610800,33.43461083984375,2.115731716156006,2.3522894382476807,-0.8463537693023682
1779998671405943800,33.45094384765625,1.7285959720611572,1.0795515775680542,-0.9723447561264038
1779998671422273000,33.46727294921875,1.2359330654144287,-0.6743952035903931,-0.7174612283706665
1779998671438612700,33.48361279296875,0.6646214127540588,-2.155743360519409,-0.19624045491218567
1779998671454942500,33.4999423828125,0.09178250283002853,-2.727513313293457,-0.05268712714314461
1779998671471274500,33.5162744140625,-0.22372940182685852,-2.3628268241882324,-0.09025534242391586
1779998671487608800,33.53260888671875,-0.19853121042251587,-2.2550089359283447,0.16371189057826996
1779998671503941600,33.548941650390624,0.014813481830060482,-2.09694766998291,0.4415028691291809
1779998671520291600,33.56529150390625,0.2194533348083496,-1.470963478088379,0.5361869931221008
1779998671536615700,33.58161572265625,0.09911288321018219,0.18997909128665924,0.14905111491680145
1779998671552943400,33.597943359375,-0.23350323736667633,2.0511326789855957,-0.35155296325683594
1779998671569272300,33.61427221679688,-0.29077184200286865,3.0309605598449707,-0.4836525619029999
1779998671585602300,33.63060229492187,-0.2054034322500229,3.3322699069976807,-0.44226643443107605
1779998671601940500,33.6469404296875,-0.07284568250179291,2.925891876220703,-0.2952006161212921
1779998671618264000,33.66326416015625,0.13118331134319305,2.045940399169922,-0.18157969415187836
1779998671634602800,33.67960278320312,0.31383201479911804,1.0412198305130005,-0.16951510310173035
1779998671650939600,33.69593969726562,0.294895201921463,0.3220787048339844,-0.24419337511062622
1779998671667271200,33.71227124023437,0.058948494493961334,0.10980302840471268,-0.4746423065662384
1779998671683604200,33.72860424804688,-0.24129177629947662,0.49586987495422363,-0.8680394887924194
1779998671699936300,33.74493627929687,-0.4170682430267334,0.9372199773788452,-1.1523972749710083
1779998671716270000,33.76127001953125,-0.4590652287006378,0.8379544019699097,-1.1249083280563354
1779998671732603100,33.77760302734375,-0.5522221922874451,0.47937649488449097,-1.0516045093536377
1779998671748934100,33.79393408203125,-0.8629998564720154,0.24785856902599335,-1.1962268352508545
1779998671765270500,33.8102705078125,-1.518610954284668,0.447000652551651,-1.6646077632904053
1779998671781600300,33.826600341796876,-2.4779748916625977,0.6247624158859253,-1.975232720375061
1779998671797952300,33.8429521484375,-3.53141188621521,0.2405281960964203,-1.8961256742477417
1779998671814263600,33.859263671875,-4.223063945770264,-0.3219259977340698,-1.9694294929504395
1779998671830605000,33.87560498046875,-3.882964849472046,-0.7725918292999268,-2.225229263305664
1779998671846934000,33.89193408203125,-2.7424795627593994,-1.4381295442581177,-1.9784398078918457
1779998671863257300,33.90825732421875,-1.817324161529541,-2.1168007850646973,-1.307709813117981
1779998671879599000,33.92459912109375,-1.0334312915802002,-2.00699782371521,-0.9231700897216797
1779998671895933200,33.94093310546875,-0.21120665967464447,-1.1391109228134155,-0.9885326623916626
1779998671912264000,33.95726391601563,0.4986187517642975,0.029932396486401558,-1.1423180103302002
1779998671928592400,33.97359228515625,0.8101600408554077,0.8776606321334839,-0.8049677014350891
1779998671944928000,33.989927978515624,0.5294674634933472,1.1279627084732056,0.01618792861700058
1779998671961251800,34.006251953125,0.06887505948543549,0.8367326855659485,0.7334964275360107
1779998671977594600,34.0225947265625,-0.014966198243200779,0.6275113224983215,1.098793864250183
1779998671993918700,34.03891870117187,0.21471913158893585,0.4882340431213379,1.2333369255065918
1779998672010265900,34.05526586914063,0.5803219676017761,0.22159136831760406,1.2699888944625854
1779998672026592300,34.07159228515625,1.042441487312317,-0.012522737495601177,1.3347405195236206
1779998672042918000,34.08791796875,1.559233546257019,-0.13805554807186127,1.523956060409546
1779998672059249200,34.104249267578126,1.995696783065796,-0.21960605680942535,1.86497163772583
1779998672075583700,34.12058374023437,2.2730295658111572,-0.4014911949634552,2.22477126121521
1779998672091916500,34.13691650390625,2.423149824142456,-0.5905539989471436,2.540130376815796
1779998672108247800,34.15324780273438,2.30051851272583,-1.010829210281372,2.8463265895843506
1779998672124581000,34.1695810546875,1.8596265316009521,-1.450346827507019,3.1250338554382324
1779998672140915000,34.1859150390625,1.2848023176193237,-1.380402684211731,3.140000104904175
1779998672157248500,34.20224853515625,0.7443392872810364,-0.9763153791427612,2.866790533065796
1779998672173580800,34.218580810546875,0.2513710558414459,-0.5838344693183899,2.496148109436035
1779998672189913900,34.234913818359374,-0.04734205827116966,-0.16050484776496887,2.1252002716064453
1779998672206259700,34.251259765625,-0.1088867336511612,0.6041457056999207,1.6537649631500244
1779998672222593000,34.26759301757812,-0.16340644657611847,2.028988838195801,0.7093672752380371
1779998672238924500,34.28392456054687,-0.2577851414680481,2.8315131664276123,-0.5777258276939392
1779998672255255300,34.30025537109375,-0.37919458746910095,2.6731462478637695,-1.2275336980819702
1779998672271594500,34.31659448242188,-0.2422080636024475,1.271515965461731,-1.253190040588379
1779998672287911200,34.3329111328125,0.01114829070866108,-0.513126790523529,-1.0705413818359375
1779998672304257500,34.34925756835938,0.21212296187877655,-1.7739527225494385,-0.9767735004425049
1779998672320587800,34.365587890625,0.43707409501075745,-2.5648703575134277,-0.7153232097625732
1779998672336926000,34.38192602539063,0.708450973033905,-2.7679831981658936,-0.28725937008857727
1779998672353256700,34.39825659179687,0.9665415287017822,-1.9214766025543213,0.16768251359462738
1779998672369588700,34.414588623046875,1.0781772136688232,-0.55695641040802,0.6905831694602966
1779998672385921800,34.430921875,1.0961977243423462,0.8900306820869446,1.171028733253479
1779998672402252800,34.44725268554687,0.8361217975616455,1.7860172986984253,1.5080735683441162
1779998672418574600,34.46357470703125,0.4072943925857544,1.9895881414413452,1.7588337659835815
1779998672434920400,34.47992041015625,0.20311269164085388,2.250732898712158,1.8093829154968262
1779998672451252500,34.49625244140625,0.2477058619260788,5.831319808959961,-0.17272214591503143
1779998672467584000,34.512583984375,-0.21639901399612427,7.754934310913086,-1.8891007900238037
1779998672483922700,34.528922607421876,-0.4818199574947357,4.254371166229248,-0.05451972410082817
1779998672500250400,34.54525048828125,-0.3019201457500458,0.7774787545204163,0.7047857642173767
1779998672516602600,34.5616025390625,-0.19058994948863983,-1.0126618146896362,0.07681630551815033
1779998672532921300,34.57792138671875,-0.13118331134319305,-1.2399036884307861,-0.764345109462738
1779998672549240000,34.59423999023438,-0.2168571650981903,-0.55069500207901,-1.2760975360870361
1779998672565595400,34.61059545898438,-0.47800204157829285,0.3344487249851227,-1.3287845849990845
1779998672581917000,34.6269169921875,-0.7267768979072571,1.2286027669906616,-0.9665415287017822
1779998672598229200,34.64322924804687,-0.7680103182792664,1.8522961139678955,-0.5025894045829773
1779998672614586400,34.65958642578125,-0.5476406812667847,2.3875668048858643,-0.5589417219161987
1779998672630916900,34.67591674804687,-0.34773504734039307,2.5329527854919434,-1.0506882667541504
1779998672647248600,34.69224853515625,-0.41523563861846924,1.8185458183288574,-1.2646437883377075
1779998672663588000,34.70858813476563,-0.6183483600616455,1.0111347436904907,-1.1261301040649414
1779998672679915300,34.724915283203124,-0.8026769161224365,0.7134906053543091,-1.0056369304656982
1779998672696247000,34.7412470703125,-1.2667818069458008,1.2760975360870361,-1.1974486112594604
1779998672712589600,34.757589599609375,-2.311055898666382,1.8139643669128418,-1.4259121417999268
1779998672728913400,34.77391333007812,-3.796680212020874,1.712866187095642,-1.3319916725158691
1779998672745248500,34.79024853515625,-4.789031028747559,1.8518379926681519,-1.404073715209961
1779998672761579800,34.80657983398437,-4.335157871246338,1.0531316995620728,-1.5042556524276733
1779998672777926700,34.8229267578125,-2.9779679775238037,-1.1003210544586182,-1.387580394744873
1779998672794243600,34.83924365234375,-1.7481436729431152,-2.9410107135772705,-1.265865445137024
1779998672810577400,34.85557739257813,-0.9731083512306213,-3.073721170425415,-1.1948524713516235
1779998672826910500,34.871910400390625,-0.4109596014022827,-1.8599319458007812,-1.1812607049942017
1779998672843244500,34.88824462890625,-0.09086620807647705,0.04902193695306778,-1.0155634880065918
1779998672859567900,34.90456787109375,-0.1186605766415596,1.6088663339614868,-0.6478226184844971
1779998672875911200,34.9209111328125,-0.33948835730552673,1.7290540933609009,-0.47051894664764404
1779998672892243000,34.93724291992187,-0.2675589919090271,0.9118691086769104,-0.7509061098098755
1779998672908563200,34.95356323242188,0.06750060617923737,-0.04749477282166481,-0.978606104850769
1779998672924908300,34.969908203125,0.45524731278419495,-0.6588181853294373,-0.9260717034339905
1779998672941240800,34.98624072265625,0.7452555894851685,-1.073290228843689,-0.7425066828727722
1779998672957576700,35.00257666015625,0.9320276379585266,-1.2292135953903198,-0.636521577835083
1779998672973908000,35.01890795898437,1.0436632633209229,-1.1589640378952026,-0.6436992287635803
1779998672990240500,35.035240478515625,1.0403034687042236,-0.9166033267974854,-0.6142250299453735
1779998673006575400,35.051575439453124,1.036027431488037,-0.6443101167678833,-0.4882340431213379
1779998673022909000,35.067908935546875,1.0806206464767456,-0.4156937897205353,-0.3367394804954529
1779998673039238700,35.08423876953125,1.124755620956421,-0.2591595947742462,-0.21059578657150269
1779998673055571000,35.10057104492188,1.1603385210037231,-0.16294831037521362,-0.07360926270484924
1779998673071907800,35.11690795898438,1.183704137802124,-0.12186761945486069,0.16035212576389313
1779998673088233200,35.133233154296875,1.193172574043274,-0.21181751787662506,0.504574716091156
1779998673104554200,35.14955419921875,1.2211196422576904,-0.44745880365371704,0.841008722782135
1779998673120893400,35.1658935546875,1.2557861804962158,-0.6989825367927551,1.0351111888885498
1779998673137225000,35.18222485351563,1.2360857725143433,-0.8126034736633301,1.0812314748764038
1779998673153559000,35.19855908203125,1.1068878173828125,-0.7336491346359253,1.0542006492614746
1779998673169892000,35.21489208984375,0.9191994667053223,-0.5342016816139221,0.9587529897689819
1779998673186222800,35.23122290039063,0.7342600226402283,-0.266184538602829,0.8197811841964722
1779998673202558700,35.24755883789062,0.5097670555114746,0.17623461782932281,0.5732970237731934
1779998673218889200,35.26388916015625,0.30833423137664795,0.7389942407608032,0.20097467303276062
1779998673235223600,35.2802236328125,0.20906862616539001,0.9184358716011047,-0.029626963660120964
1779998673251557000,35.29655712890625,0.33460143208503723,0.4558582007884979,0.1417207419872284
1779998673267888400,35.31288842773437,0.6149885654449463,0.06933320313692093,0.46364670991897583
1779998673284220400,35.32922045898437,0.7699956297874451,0.13744467496871948,0.7809911966323853
1779998673300554500,35.345554443359376,0.812908947467804,0.41752639412879944,0.9731083512306213
1779998673316883700,35.3618837890625,0.7191411256790161,0.9185886383056641,0.8752171993255615
1779998673333225200,35.37822509765625,0.3576616048812866,0.9680687189102173,1.2455542087554932
1779998673349552600,35.394552734375,0.08109235763549805,0.4879286289215088,1.7314975261688232
1779998673365886200,35.41088623046875,0.2554943859577179,-0.07192938029766083,1.7111862897872925
1779998673382218500,35.42721850585937,0.827722430229187,0.2658790946006775,1.2957979440689087
1779998673398552600,35.443552490234374,1.68201744556427,1.7460055351257324,0.8003861904144287
1779998673414886000,35.459885986328125,2.892141580581665,3.173750400543213,0.4836525619029999
1779998673431217400,35.476217529296875,4.389066696166992,-1.0236574411392212,0.5795583724975586
1779998673447554800,35.492554931640626,4.553847789764404,-2.685210943222046,0.39584067463874817
1779998673463896800,35.50889672851562,3.55951189994812,-0.7330383062362671,-0.28069257736206055
1779998673480232000,35.52523193359375,2.1852176189422607,1.8486309051513672,-1.2316570281982422
1779998673496561400,35.5415615234375,0.4401284158229828,3.520416498184204,-1.7362316846847534
1779998673512892400,35.55789233398438,-0.794277548789978,3.896709442138672,-1.1326968669891357
1779998673529228300,35.57422827148437,-0.7872526049613953,4.07248592376709,0.19807305932044983
1779998673545576000,35.59057592773438,-0.0403171069920063,4.606993198394775,1.535562515258789
1779998673561889000,35.60688891601563,0.47448956966400146,5.295285224914551,2.322051525115967
1779998673578226000,35.62322583007813,0.4964807331562042,5.851936340332031,2.5227208137512207
1779998673594561500,35.6395615234375,0.26083946228027344,6.293286323547363,2.373058795928955
1779998673610891000,35.65589111328125,-0.03436116874217987,6.390872001647949,2.0622811317443848
1779998673627223300,35.672223388671874,-0.2996293902397156,6.1068196296691895,1.6788103580474854
1779998673643547600,35.688547607421874,-0.5792529582977295,5.561316967010498,1.2305880784988403
1779998673659878700,35.70487866210937,-0.8300131559371948,4.636925220489502,0.7153232097625732
1779998673676238800,35.72123876953125,-1.0039570331573486,3.3458616733551025,0.18967366218566895
1779998673692572000,35.737572021484375,-2.6731462478637695,9.754448890686035,1.4818063974380493
1779998673708885000,35.753885009765625,-3.7476582527160645,9.292787551879883,1.4129313230514526
1779998673725238300,35.77023828125,-3.4907894134521484,3.9802451133728027,0.7272350788116455
1779998673741561900,35.78656176757813,-2.785545587539673,0.5375614166259766,0.617584764957428
1779998673766046200,35.81104614257813,-1.6172657012939453,-1.5190691947937012,0.00931569468230009
1779998673782388200,35.82738818359375,-0.9502009153366089,-0.9312640428543091,-0.19685132801532745
1779998673798707500,35.84370751953125,-0.2866485118865967,-0.34162637591362,-0.24205535650253296
1779998673815052000,35.86005200195312,0.4622722864151001,0.018020525574684143,-0.19013181328773499
1779998673831383000,35.87638305664063,0.9950994849205017,0.5019785165786743,-0.05772676691412926
1779998673847719000,35.89271899414062,0.7765624523162842,1.2571606636047363,0.12553280591964722
1779998673864056300,35.909056396484374,-0.11499538272619247,6.914383888244629,-0.5451972484588623
1779998673880383500,35.92538354492188,-0.7225008606910706,12.50456428527832,-1.8568776845932007
1779998673896720400,35.94172045898438,-0.8724682927131653,11.976470947265625,-2.5059218406677246
1779998673913046500,35.95804663085938,-0.6075055003166199,6.048635005950928,-0.9291260242462158
1779998673929387500,35.97438745117187,-0.37461310625076294,-1.302364706993103,-0.6272059082984924
1779998673945717200,35.99071728515625,-0.413097620010376,-3.1525228023529053,-0.45005497336387634
1779998673962067000,36.00706689453125,-0.483957976102829,-2.6726882457733154,-0.3323107063770294
1779998673978379500,36.02337963867188,-0.3998112976551056,-1.4422528743743896,-0.2298380434513092
1779998673994715600,36.03971557617187,-0.1638645976781845,-0.7417431473731995,-0.1258382350206375
1779998674011047700,36.056047607421874,0.12996158003807068,-0.28328874707221985,-0.04841107130050659
1779998674027381800,36.0723818359375,0.3962988257408142,0.18341228365898132,0.030085112899541855
1779998674043714800,36.08871484375,0.599564254283905,0.5751296281814575,0.13118331134319305
1779998674060048100,36.105048095703125,0.7727445363998413,0.8910996913909912,0.270766019821167
1779998674076380200,36.12138012695313,0.9071348905563354,1.262963891029358,0.3572034537792206
1779998674092712000,36.1377119140625,1.047023057937622,3.2036826610565186,-1.6244434118270874
1779998674109046300,36.15404638671875,0.9182831645011902,3.6497671604156494,-2.6479480266571045
1779998674125377500,36.17037744140625,0.5823072791099548,2.0082194805145264,-1.0361801385879517
1779998674141713000,36.186712890625,0.803135097026825,0.36850446462631226,0.01771509274840355
1779998674158036000,36.20303588867188,1.228297233581543,-0.8057312369346619,0.07269296050071716
1779998674174376700,36.21937670898438,1.506240963935852,-1.7055357694625854,-0.42271876335144043
1779998674190699000,36.23569897460938,1.2880094051361084,-1.9318612813949585,-1.2093604803085327
1779998674207043800,36.2520439453125,0.5490151643753052,-0.9912815690040588,-1.8851301670074463
1779998674223374000,36.2683740234375,-0.251676470041275,-0.02428189292550087,-1.7524197101593018
1779998674239714000,36.28471411132813,-1.1560624837875366,0.2379320114850998,-1.328937292098999
1779998674256040700,36.301040771484374,-2.1562016010284424,0.168751522898674,-1.5402966737747192
1779998674272376000,36.3173759765625,-2.8093693256378174,-0.5937610268592834,-2.028988838195801
1779998674288715800,36.3337158203125,-2.7711901664733887,-1.6920967102050781,-1.9243782758712769
1779998674305042000,36.3500419921875,-2.3406829833984375,-2.0001256465911865,-1.4227051734924316
1779998674321374000,36.3663740234375,-1.4091134071350098,-0.9934195876121521,-1.378722906112671
1779998674337708000,36.3827080078125,-0.25961771607398987,0.7733554244041443,-1.7001906633377075
1779998674354040000,36.3990400390625,0.5595525503158569,2.433839797973633,-2.0706803798675537
1779998674370372900,36.415372802734375,0.636521577835083,3.0526463985443115,-2.331214427947998
1779998674386718700,36.43171875,0.14523321390151978,2.2510383129119873,-1.9964603185653687
1779998674403037400,36.44803735351562,-0.5163338780403137,1.401477575302124,-1.4385876655578613
1779998674419371800,36.46437182617188,-0.8614727258682251,1.2318097352981567,-1.0493137836456299
1779998674435704600,36.48070458984375,-0.793666660785675,1.2409727573394775,-0.6856962442398071
1779998674452029200,36.497029296875,-0.6861543655395508,0.7434229850769043,-0.42439863085746765
1779998674468371200,36.51337109375,-0.5036584138870239,0.49464812874794006,-0.3289509415626526
1779998674484715800,36.5297158203125,-0.2669481039047241,0.7301366925239563,-0.35246923565864563
1779998674501033000,36.54603295898438,-0.031001411378383636,0.9755517840385437,-0.3413209617137909
1779998674517367800,36.562367919921876,0.24098633229732513,1.017396092414856,-0.2249511331319809
1779998674533700900,36.578700927734374,0.5566509366035461,0.9013316631317139,-0.07651086896657944
1779998674550030600,36.595030517578124,0.8814785480499268,0.6869179606437683,0.08384125679731369
1779998674566368300,36.6113681640625,1.2041680812835693,0.3315471112728119,0.204487144947052
1779998674582696400,36.62769653320313,1.4772248268127441,-0.06948592513799667,0.26603180170059204
1779998674599025400,36.644025390625,1.659568190574646,-0.28649580478668213,0.3599523603916168
1779998674615366700,36.66036669921875,1.704161286354065,-0.2811507284641266,0.5836817622184753
1779998674631699700,36.67669970703125,1.589929461479187,-0.27779096364974976,0.9421069025993347
1779998674648032500,36.69303247070312,1.3413074016571045,-0.47769662737846375,1.4243850708007812
1779998674664383700,36.7093837890625,0.9882272481918335,-0.9442449808120728,2.0954205989837646
1779998674680715500,36.72571557617187,0.7522805333137512,-1.4563027620315552,2.704911231994629
1779998674697056800,36.742056884765624,0.6966918110847473,-1.6404786109924316,2.967736005783081
1779998674713366800,36.75836669921875,0.5474879741668701,-1.6099354028701782,3.137251138687134
1779998674729706800,36.77470678710937,0.0757472887635231,-1.5679383277893066,3.2427780628204346
1779998674746048300,36.79104833984375,-0.8684976696968079,-0.6673702597618103,2.959336757659912
1779998674762356700,36.80735668945312,-2.590373992919922,4.642881393432617,0.8147414922714233
1779998674778689800,36.82368969726563,-3.0657799243927,8.357094764709473,-1.051146388053894
1779998674795029200,36.840029296875,-2.2208006381988525,7.478212356567383,-1.5963436365127563
1779998674811363000,36.856363037109375,-0.8845328688621521,4.139680862426758,-0.9613491892814636
1779998674827695000,36.87269506835938,0.08261952549219131,0.7637342810630798,-0.2993239760398865
1779998674844028000,36.88902783203125,0.9028588533401489,-1.1583532094955444,0.03649919852614403
1779998674860358100,36.90535815429688,1.6783522367477417,-1.663996934890747,0.16462817788124084
1779998674876694800,36.92169482421875,2.1255056858062744,-1.3770430088043213,0.2548835277557373
1779998674893024800,36.938024658203126,2.0088303089141846,-1.1711814403533936,0.275958389043808
1779998674909359900,36.95435986328125,1.4081971645355225,-1.7001906633377075,0.06872233748435974
1779998674925692000,36.97069189453125,0.7961101531982422,-2.500729560852051,-0.7478517889976501
1779998674942042400,36.98704248046875,0.7463245987892151,-2.277916431427002,-0.9398161768913269
1779998674958353200,37.00335327148437,0.8871290683746338,-1.331380844116211,-0.38728857040405273
1779998674974687700,37.019687744140626,0.7782423496246338,0.3721696436405182,0.06627888232469559
1779998674991025700,37.03602563476562,0.5879577994346619,1.6320792436599731,0.0887281745672226
1779998675007356700,37.05235668945313,0.41981714963912964,2.0082194805145264,-0.02519819140434265
1779998675023690000,37.06868994140625,0.34162637591362,2.0247128009796143,-0.2252565622329712
1779998675040023000,37.08502294921875,0.285121351480484,1.8322902917861938,-0.37537670135498047
1779998675056375300,37.10137524414063,0.2028072625398636,1.432020902633667,-0.4260784983634949
1779998675072689000,37.11768896484375,0.09911288321018219,0.9289733171463013,-0.38637226819992065
1779998675089020000,37.13402001953125,-0.13316862285137177,1.0832167863845825,-0.551305890083313
1779998675105354500,37.1503544921875,-0.6563746929168701,2.9101619720458984,-1.0888673067092896
1779998675121686000,37.16668603515625,-0.8174903988838196,4.070042610168457,-0.7530441284179688
1779998675138019000,37.18301904296875,-0.6091853380203247,3.6051740646362305,0.016493361443281174
1779998675154348300,37.19934838867187,-0.48029279708862305,2.6844472885131836,0.22800545394420624
1779998675170689500,37.215689453125,-0.8309294581413269,3.0112602710723877,-1.2307407855987549
1779998675187018500,37.2320185546875,-1.246165156364441,2.7001771926879883,-2.8073840141296387
1779998675203338800,37.2483388671875,-1.5998560190200806,0.4879286289215088,-2.5479190349578857
1779998675219683300,37.26468334960938,-2.149787425994873,-1.7357735633850098,-2.1114556789398193
1779998675236017400,37.28101733398437,-2.5957190990448,-2.785851001739502,-2.152536392211914
1779998675252368100,37.2973681640625,-2.7122416496276855,-2.766914129257202,-2.443002939224243
1779998675268678100,37.31367822265625,-2.724611759185791,-1.156978726387024,-2.905733346939087
1779998675285016000,37.33001611328125,-2.462550401687622,1.1007791757583618,-2.8909196853637695
1779998675301334500,37.34633447265625,-1.9840903282165527,2.4181101322174072,-1.9535470008850098
1779998675317682400,37.36268237304687,-1.5658003091812134,1.75303053855896,-0.8970556259155273
1779998675334015500,37.37901538085937,-1.1163562536239624,0.4917465150356293,-0.68325275182724
1779998675350346500,37.39534643554688,-0.931569516658783,-0.13805554807186127,-0.7367035150527954
1779998675366681600,37.411681640625,-0.8721628785133362,0.12858712673187256,-0.4599815309047699
1779998675383013400,37.42801342773438,-0.5832235813140869,0.5450445413589478,0.11010845750570297
1779998675399346400,37.444346435546876,-0.04581489413976669,0.2506074607372284,0.7950411438941956
1779998675415680000,37.46067993164063,0.6418666839599609,-0.2574796974658966,1.4395039081573486
1779998675432012500,37.47701245117187,1.1623238325119019,-0.527634859085083,2.0338759422302246
1779998675448345900,37.493345947265624,1.3941471576690674,-0.5273294448852539,2.493093729019165
1779998675464669400,37.50966943359375,1.371850609779358,-0.574976921081543,2.7704265117645264
1779998675481012700,37.5260126953125,1.2814425230026245,-0.7889324426651001,2.9069550037384033
1779998675497329000,37.54232885742187,1.2735012769699097,-1.2160799503326416,2.8596129417419434
1779998675513667300,37.55866723632813,1.3393220901489258,-1.8964312076568604,2.6652050018310547
1779998675529996800,37.574996826171876,1.3645201921463013,-2.5746443271636963,2.528676748275757
1779998675546339300,37.59133935546875,1.2429580688476562,-2.9599475860595703,2.5610525608062744
1779998675562676700,37.6076767578125,1.0516045093536377,-2.501340389251709,2.6500861644744873
1779998675578996000,37.62399584960937,0.780380368232727,-0.40286561846733093,2.280818223953247
1779998675595328500,37.64032861328125,0.5201517343521118,1.056796908378601,1.4984524250030518
1779998675611661000,37.6566611328125,0.2370157092809677,0.5571091175079346,1.098793864250183
1779998675627987700,37.67298779296875,0.010231993161141872,-0.20082195103168488,1.0338894128799438
1779998675644325400,37.68932543945313,-0.027488935738801956,0.12568552792072296,0.9065240025520325
1779998675660663800,37.705663818359376,-0.04046982154250145,0.5403103232383728,0.8049677014350891
1779998675676994000,37.721994140625,-0.14798210561275482,0.4737260043621063,0.784503698348999
1779998675693344000,37.73834399414063,0.04764748737215996,0.3995058834552765,0.2629774808883667
1779998675709672200,37.75467211914062,0.4810563921928406,0.6032294034957886,-0.9424123764038086
1779998675726003200,37.77100317382813,0.7556403279304504,0.6007859706878662,-1.2389874458312988
1779998675742336800,37.78733666992188,0.9379835724830627,0.3110831379890442,-0.769079327583313
1779998675758656000,37.803656005859374,0.9990701079368591,-0.3219259977340698,-0.2538145184516907
1779998675775004000,37.82000390625,0.7722864151000977,-1.1688905954360962,0.25992316007614136
1779998675791335200,37.83633520507812,0.28649580478668213,-1.5360206365585327,0.7600690722465515
1779998675807669200,37.852669189453124,-0.5910121202468872,1.0566442012786865,0.31642818450927734
1779998675824000000,37.869,-1.0067058801651,3.16519832611084,-0.1739438772201538
1779998675840338400,37.88533837890625,-0.6757696866989136,2.9301679134368896,-0.11453723162412643
1779998675856667100,37.90166723632812,-0.22815817594528198,2.47568416595459,-0.1592831164598465
1779998675873001000,37.9180009765625,-0.01664607785642147,2.56868839263916,-0.5514585971832275
1779998675889332200,37.934332275390624,0.02932153269648552,2.0231857299804688,-0.8617781400680542
1779998675905667000,37.9506669921875,-0.01771509274840355,0.7000515460968018,-0.7783950567245483
1779998675922019000,37.96701904296875,0.02580905705690384,-0.23029619455337524,-0.6734789609909058
1779998675938335000,37.9833349609375,0.05742133408784866,0.17440202832221985,-0.7929030656814575
1779998675954662700,37.99966259765625,0.021991148591041565,1.0488556623458862,-0.9305005073547363
1779998675971000300,38.01600024414063,0.0659734457731247,0.9231700897216797,-0.7870998978614807
1779998675987330000,38.032330078125,0.20570887625217438,0.45555275678634644,-0.5871942043304443
1779998676003664600,38.04866455078125,0.2782491147518158,0.19257527589797974,-0.6108652353286743
1779998676019997400,38.06499755859375,-0.07788532227277756,0.9497427344322205,-1.5126550197601318
1779998676036330200,38.08133032226562,-1.1688905954360962,2.685210943222046,-2.9886581897735596
1779998676052651800,38.09765185546875,-2.5279130935668945,4.000403881072998,-3.0976977348327637
1779998676068996000,38.11399609375,-3.8000400066375732,2.979037046432495,-1.534035325050354
1779998676085329000,38.13032885742187,-4.952742576599121,0.057879481464624405,-1.0213667154312134
1779998676101660400,38.14666040039062,-4.868901252746582,-2.370157241821289,-1.860848307609558
1779998676117993500,38.16299340820313,-3.662137031555176,-3.297450542449951,-2.2424862384796143
1779998676134325500,38.17932543945312,-2.2713496685028076,-2.545780897140503,-1.7055357694625854
1779998676150657800,38.19565771484375,-1.3614659309387207,-0.9364564418792725,-0.8776606321334839
1779998676166998300,38.211998291015625,-0.7779368758201599,0.4834998548030853,-0.45036038756370544
1779998676183325000,38.22832495117188,-0.38698312640190125,1.2027937173843384,-0.394008070230484
1779998676199659300,38.2446591796875,-0.2909245789051056,1.0548115968704224,-0.26313021779060364
1779998676215980000,38.26097998046875,-0.2054034322500229,1.0980303287506104,-0.09865473955869675
1779998676232340200,38.27734033203125,0.11560624837875366,1.1314750909805298,0.10002918541431427
1779998676248651800,38.29365185546875,0.6424775123596191,0.8089383244514465,0.3828597962856293
1779998676264991000,38.309990966796875,1.1937834024429321,0.3263547718524933,0.7342600226402283
1779998676281322200,38.326322265625,1.5856534242630005,-0.05497787147760391,1.0885618925094604
1779998676297643500,38.3426435546875,1.7314975261688232,-0.31291571259498596,1.3489432334899902
1779998676313990000,38.35898999023438,1.8072447776794434,-0.5723807215690613,1.5375478267669678
1779998676330322400,38.375322509765624,1.9549214839935303,-0.7545713186264038,1.6856826543807983
1779998676346654500,38.391654541015626,2.1453588008880615,-0.7289149761199951,1.7820466756820679
1779998676362987500,38.407987548828125,2.2986860275268555,-0.5552765130996704,1.8765780925750732
1779998676379308300,38.424308349609376,2.3889412879943848,-0.40591996908187866,2.038304567337036
1779998676395654400,38.440654296875,2.3290765285491943,-0.3520110845565796,2.2745566368103027
1779998676411984000,38.45698388671875,2.104888916015625,-0.26969701051712036,2.5114197731018066
1779998676428308000,38.473307861328124,1.8118263483047485,0.152105450630188,2.5175282955169678
1779998676444638700,38.489638671875,1.4043792486190796,0.9466884136199951,1.9477438926696777
1779998676460988000,38.50598779296875,0.8768970370292664,1.3045027256011963,1.1345294713974
1779998676477320700,38.52232080078125,0.4830417037010193,1.041372537612915,0.6916521787643433
1779998676493649200,38.538649169921875,0.3478877544403076,0.37522396445274353,0.9657779335975647
1779998676509985500,38.55498559570312,0.3474296033382416,-0.355981707572937,1.3043500185012817
1779998676526316800,38.57131689453125,0.294895201921463,-0.5710062980651855,1.232573390007019
1779998676542630100,38.58763012695312,0.08933904021978378,-0.21899518370628357,0.5303837656974792
1779998676558973200,38.60397314453125,-0.3017674386501312,0.10155634582042694,-0.3550654351711273
1779998676575314000,38.62031396484375,-0.6458373069763184,0.25763240456581116,-0.9308059215545654
1779998676591652600,38.63665258789062,-0.6879869699478149,-0.13271047174930573,-0.8002334833145142
1779998676607966200,38.65296630859375,-0.23273965716362,-1.2864822149276733,-0.2678644061088562
1779998676624301000,38.669301025390624,0.4335615932941437,-2.0703749656677246,-0.036193765699863434
1779998676640637200,38.68563720703125,0.9697485566139221,-1.8206838369369507,0.008399397134780884
1779998676656969500,38.70196948242187,1.1649199724197388,-0.8903360962867737,0.08597928285598755
1779998676673300500,38.71830053710938,1.0749701261520386,-0.0959058403968811,0.28130343556404114
1779998676689634600,38.734634521484374,0.7194465398788452,0.2854267954826355,0.6223189830780029
1779998676705967600,38.75096752929687,0.29565876722335815,0.8174903988838196,0.9242390990257263
1779998676722300400,38.76730053710938,-0.1898263692855835,2.5900685787200928,0.6076582074165344
1779998676738627800,38.7836279296875,-0.38637226819992065,4.23818302154541,-0.18448130786418915
1779998676754968300,38.79996826171875,-0.1992947906255722,3.5333971977233887,-0.41890084743499756
1779998676771299300,38.81629931640625,-0.006872233934700489,1.6389514207839966,-0.1742493063211441
1779998676787633200,38.832633056640624,0.18127426505088806,-0.17867808043956757,0.1670716404914856
1779998676803964000,38.8489638671875,0.3695734739303589,-0.8364272117614746,0.15775595605373383
1779998676820297500,38.86529736328125,0.18677204847335815,-0.24358251690864563,-0.2638937830924988
1779998676836630800,38.881630859375,-0.09682214260101318,0.5322163701057434,-0.6235406994819641
1779998676852964600,38.897964599609374,-0.285121351480484,0.9841039180755615,-0.6210972666740417
1779998676869296000,38.914296142578124,-0.33918291330337524,1.2625057697296143,-0.45433104038238525
1779998676885644500,38.93064453125,-0.2811507284641266,1.4282029867172241,-0.36621370911598206
1779998676901974800,38.94697485351563,-0.19822576642036438,1.4147639274597168,-0.38377609848976135
1779998676918294000,38.9632939453125,-0.1316414624452591,1.229824423789978,-0.46242499351501465
1779998676934636800,38.97963671875,-0.11759155988693237,1.221272349357605,-0.5952881574630737
1779998676950975000,38.99597509765625,-0.3234531581401825,1.6960673332214355,-0.8190175890922546
1779998676967305200,39.01230517578125,-0.7754934430122375,2.380847215652466,-1.0251846313476562
1779998676983639300,39.028639404296875,-1.2903001308441162,2.356412649154663,-0.9604328870773315
1779998676999971600,39.0449716796875,-2.0286834239959717,2.4358251094818115,-1.2246321439743042
1779998677016319200,39.0613193359375,-2.95383882522583,2.448347806930542,-1.810146450996399
1779998677032634600,39.07763452148438,-3.6809213161468506,1.4132367372512817,-1.948660135269165
1779998677048970200,39.09397021484375,-3.9325976371765137,-0.15546520054340363,-1.9382754564285278
1779998677065302000,39.11030200195312,-3.556304693222046,-1.4317153692245483,-2.183079719543457
1779998677081634600,39.12663452148438,-2.6149613857269287,-1.9544633626937866,-2.3095288276672363
1779998677097968600,39.14296875,-1.5187636613845825,-1.905441403388977,-2.1233675479888916
1779998677114308900,39.15930883789063,-0.9549350738525391,-1.5447255373001099,-1.7310394048690796
1779998677130635300,39.17563525390625,-0.7373143434524536,-0.7748825550079346,-1.3726142644882202
1779998677146967800,39.1919677734375,-0.7336491346359253,0.3975205719470978,-1.1403326988220215
1779998677163300900,39.20830078125,-0.7909177541732788,1.3182471990585327,-0.964403510093689
1779998677179621600,39.22462158203125,-0.6017022728919983,1.6850718259811401,-0.8113817572593689
1779998677195964400,39.24096435546875,-0.19654589891433716,1.483486294746399,-0.6436992287635803
1779998677212286200,39.2572861328125,0.22311852872371674,0.6484334468841553,-0.493731826543808
1779998677228629200,39.273629150390626,0.4917465150356293,0.02015855349600315,-0.33139440417289734
1779998677244961300,39.28996118164063,0.6311765313148499,-0.1840231567621231,-0.24144448339939117
1779998677261295900,39.3062958984375,0.7675521969795227,-0.15134187042713165,-0.26221391558647156
1779998677277630500,39.32263037109375,0.9656252264976501,-0.04688390716910362,-0.26221391558647156
1779998677293963800,39.3389638671875,1.207069754600525,-0.025961773470044136,-0.17928895354270935
1779998677310294300,39.355294189453126,1.405906319618225,-0.09056077152490616,-0.09728029370307922
1779998677326631000,39.371630859375,1.4987578392028809,-0.13790282607078552,-0.07742717117071152
1779998677342962400,39.38796240234375,1.510364294052124,-0.16920967400074005,-0.06994406878948212
1779998677359295000,39.404294921875,1.4283556938171387,-0.28435778617858887,0.0029016099870204926
1779998677375628000,39.4206279296875,1.266018271446228,-0.5497786998748779,0.12018773704767227
1779998677391961000,39.436961181640626,1.0668761730194092,-0.7293730974197388,0.25671613216400146
1779998677408311000,39.45331103515625,0.8874344825744629,-0.6621779203414917,0.42378777265548706
1779998677424636200,39.46963623046875,0.769079327583313,-0.4973970353603363,0.6525567770004272
1779998677440972000,39.485971923828124,0.7622070908546448,-0.3851505517959595,0.9793696999549866
1779998677457305600,39.5023056640625,0.8257371187210083,-0.25992316007614136,1.383457064628601
1779998677473638100,39.51863818359375,0.8775079250335693,-0.0007635815418325365,1.5868752002716064
1779998677489975300,39.53497534179687,0.7874053120613098,0.42439863085746765,1.149037480354309
1779998677506287900,39.55128784179688,0.38728857040405273,0.7951938509941101,-0.41340306401252747
1779998677522624000,39.5676240234375,-0.2698497176170349,0.9042332768440247,-1.4795156717300415
1779998677538962200,39.58396215820313,-0.04657847434282303,0.2692388594150543,-1.2136365175247192
1779998677555291600,39.60029174804688,0.4583016633987427,-0.3654501438140869,-0.750142514705658
1779998677571632400,39.61663232421875,0.6798930168151855,-0.346818745136261,-0.28787025809288025
1779998677587956200,39.63295629882813,0.6963863968849182,0.2587014436721802,0.1492038369178772
1779998677604289000,39.6492890625,0.5644394755363464,0.48288896679878235,0.6812674403190613
1779998677620622600,39.66562255859375,0.2785545587539673,-0.06001751124858856,1.3953689336776733
1779998677636954000,39.6819541015625,0.16920967400074005,-0.28466320037841797,1.8361082077026367
1779998677653288200,39.6982880859375,0.39446622133255005,0.1872301995754242,1.8632917404174805
1779998677669619700,39.71461962890625,0.870330274105072,0.7793113589286804,1.7377588748931885
1779998677685953300,39.73095336914062,1.5094480514526367,1.6195564270019531,1.446223497390747
1779998677702286000,39.7472861328125,2.1725423336029053,2.782949447631836,1.0742065906524658
1779998677718615800,39.76361572265625,2.6736044883728027,3.5660786628723145,0.7535023093223572
1779998677734952700,39.77995263671875,3.1691689491271973,-1.6667457818984985,0.8813258409500122
1779998677751282200,39.7962822265625,3.215747356414795,-4.820642948150635,0.6818783283233643
1779998677767620900,39.812620849609374,3.029128074645996,-3.2250630855560303,0.2503020465373993
1779998677783950300,39.82895043945312,2.609463691711426,-0.1892155110836029,-0.26022860407829285
1779998677800283400,39.84528344726562,1.6754506826400757,1.9898935556411743,-0.6479753255844116
1779998677816616000,39.861615966796876,0.32620203495025635,2.534327268600464,-0.5852088928222656
1779998677832947700,39.87794775390625,-0.9434813857078552,2.2815816402435303,0.244804248213768
1779998677849282600,39.894282470703125,-1.396132469177246,3.5741724967956543,1.0461066961288452
1779998677865615400,39.91061547851562,-1.2075278759002686,6.163630485534668,1.4485142230987549
1779998677881943000,39.92694311523437,-0.9665415287017822,8.586933135986328,1.5297592878341675
1779998677898264000,39.94326416015625,-0.8130616545677185,9.95954704284668,1.3599387407302856
1779998677914610700,39.959610595703126,-0.8184067010879517,10.43907642364502,1.030071496963501
1779998677930948600,39.97594848632812,-1.0251846313476562,10.28681755065918,0.6563746929168701
1779998677947279000,39.992279052734375,-1.3225232362747192,9.435882568359375,0.33307427167892456
1779998677963612700,40.00861279296875,-1.4384349584579468,7.730804920196533,-0.013744467869400978
1779998677979945500,40.024945556640624,-1.2626584768295288,4.862334728240967,-0.5366451144218445
1779998677996289000,40.0412890625,-0.7005097270011902,1.6244434118270874,-0.9239336848258972
1779998678012609800,40.05760986328125,0.1062905490398407,-0.7324274182319641,-0.5334380865097046
1779998678028941300,40.07394140625,0.7774787545204163,-1.236391305923462,0.40851613879203796
1779998678045289000,40.0902890625,0.8746063113212585,-0.2562579810619354,1.3687963485717773
1779998678061606700,40.10660668945312,0.34437528252601624,0.827722430229187,2.1068742275238037
1779998678077953000,40.122953125,-0.4369213581085205,0.4355469346046448,2.4156665802001953
1779998678094275600,40.139275634765625,-1.3515393733978271,-0.33658674359321594,2.4411702156066895
1779998678110596600,40.1555966796875,-2.205528974533081,-0.6771441102027893,2.199420213699341
1779998678126926300,40.17192626953125,-2.8605291843414307,-0.04230241850018501,1.627497673034668
1779998678143274500,40.1882744140625,-2.506227493286133,11.427303314208984,-2.917492389678955
1779998678159605800,40.204605712890626,-2.970179557800293,14.687186241149902,-4.610963821411133
1779998678175939300,40.220939208984376,-2.238363027572632,10.830488204956055,-4.133877754211426
1779998678192268800,40.237268798828126,-1.1151344776153564,9.010720252990723,-3.8655552864074707
1779998678208596000,40.25359594726562,-0.6342308521270752,12.393844604492188,-0.5813909769058228
1779998678224948500,40.269948486328126,0.25076019763946533,1.3671164512634277,-1.0612256526947021
1779998678241272000,40.28627197265625,-0.04108068719506264,-4.050952911376953,-0.4057672321796417
1779998678257604400,40.302604248046876,-0.5337435007095337,-3.9829940795898438,-0.23151792585849762
1779998678273939000,40.31893896484375,-0.9682214260101318,-1.554804801940918,-0.6502660512924194
1779998678290268700,40.3352685546875,-1.1930198669433594,-0.685390830039978,-0.6776022911071777
1779998678306590200,40.35159008789063,-1.0664180517196655,-0.7684684991836548,-0.4888449013233185
1779998678322939000,40.36793896484375,-0.6867652535438538,-0.6163630485534668,-0.26542094349861145
1779998678339266000,40.38426611328125,-0.24785856902599335,-0.08216137439012527,-0.07971791177988052
1779998678355600000,40.40059985351562,0.21502456068992615,0.7195992469787598,0.08185594528913498
1779998678371921700,40.41692163085938,0.6885978579521179,1.9582812786102295,0.16814066469669342
1779998678388253700,40.43325366210937,1.3078625202178955,3.579059362411499,-0.935081958770752
1779998678404612600,40.44961254882813,1.663691520690918,2.5720481872558594,-2.126727342605591
1779998678420921300,40.46592138671875,1.144914150238037,0.8659014701843262,-1.5658003091812134
1779998678437271600,40.482271484375,0.6372851729393005,-0.14584407210350037,-0.6927211880683899
1779998678453598000,40.49859790039063,0.4726569950580597,0.14019356667995453,-0.1287398487329483
1779998678469918700,40.51491870117187,0.613461434841156,0.6139195561408997,-0.1010981947183609
1779998678486265000,40.53126513671875,0.7660250067710876,0.04077525436878204,-0.6075055003166199
1779998678502594800,40.5475947265625,0.7538077235221863,-0.005039638374000788,-0.7215845584869385
1779998678518929000,40.563928955078126,0.8846855759620667,0.3675881624221802,-0.45066583156585693
1779998678535264300,40.58026416015625,1.0661125183105469,0.8069530129432678,-0.46731191873550415
1779998678551595300,40.59659521484375,1.1297953128814697,0.7695375084877014,-0.7967209815979004
1779998678567929000,40.61292919921875,0.9395107626914978,0.2834414839744568,-1.1122329235076904
1779998678584275200,40.629275146484375,0.4105014503002167,-0.5674937963485718,-1.287245750427246
1779998678600605200,40.645605224609376,-0.3599523603916168,-1.126282811164856,-1.1716395616531372
1779998678616931800,40.66193188476562,-1.2406673431396484,-1.2718214988708496,-0.5291619896888733
1779998678633260800,40.6782607421875,-2.124436616897583,-1.52578866481781,0.015882495790719986
1779998678649593600,40.69459350585937,-2.682920217514038,-2.1398608684539795,-0.4332561790943146
1779998678665923300,40.71092333984375,-2.338850259780884,-2.4607179164886475,-1.2687671184539795
1779998678682262500,40.727262451171875,-1.242347240447998,-2.0476202964782715,-1.700037956237793
1779998678698579500,40.743579345703125,-0.22831088304519653,-1.3990341424942017,-1.5360206365585327
1779998678714924300,40.75992431640625,0.11911872029304504,0.00931569468230009,-1.8910861015319824
1779998678731257600,40.77625756835938,0.10705413669347763,1.5056301355361938,-2.9103147983551025
1779998678747588400,40.79258837890625,0.17241671681404114,2.2125539779663086,-3.293632745742798
1779998678763927600,40.808927490234375,0.17867808043956757,1.5804611444473267,-2.7676777839660645
1779998678780256300,40.82525634765625,0.16691893339157104,0.6742424964904785,-1.9530888795852661
1779998678796588500,40.841588623046874,0.25106561183929443,0.40164390206336975,-1.454470157623291
1779998678812923000,40.8579228515625,0.22082778811454773,0.9440922141075134,-1.1995866298675537
1779998678829255200,40.87425512695312,-0.16142113506793976,1.4856243133544922,-0.9402743577957153
1779998678845591300,40.89059130859375,-0.6944010853767395,1.8193094730377197,-0.6960809230804443
1779998678861937700,40.90693774414063,-1.1346821784973145,2.1334469318389893,-0.34956762194633484
1779998678878229200,40.92322924804687,-1.3521502017974854,2.062586545944214,0.023060163483023643
1779998678894587100,40.939587158203125,-1.4492777585983276,1.4842498302459717,0.15241087973117828
1779998678910921700,40.95592163085937,-1.3461942672729492,0.9430232048034668,-0.03130684420466423
1779998678927248100,40.972248046875,-1.0348057746887207,0.5363397002220154,-0.3159700334072113
1779998678943576000,40.988576171875,-0.5890268087387085,0.08384125679731369,-0.4456261992454529
1779998678959918000,41.00491796875,-0.05650503560900688,-0.17760907113552094,-0.28756481409072876
1779998678976268500,41.0212685546875,0.470671683549881,-0.2590068578720093,0.07819075137376785
1779998678992596200,41.03759619140625,0.9346238374710083,-0.1892155110836029,0.5021312236785889
1779998679008897800,41.05389770507813,1.3477214574813843,-0.08277224004268646,0.8767443299293518
1779998679025254100,41.070254150390625,1.6849191188812256,-0.010079276748001575,1.1801916360855103
1779998679041572600,41.086572509765624,1.9109392166137695,-0.0754418596625328,1.5218180418014526
1779998679057914000,41.1029140625,1.9863810539245605,-0.5302310585975647,2.158186912536621
1779998679074250500,41.11925048828125,1.8574885129928589,-1.4213306903839111,3.819434881210327
1779998679090582300,41.135582275390625,1.6320792436599731,-1.6537649631500244,5.243514537811279
1779998679106898400,41.1518984375,1.0997101068496704,-1.6633861064910889,4.795903205871582
1779998679123234300,41.168234375,0.3228422701358795,-1.4854716062545776,3.8224892616271973
1779998679139569000,41.18456884765625,-0.5042692422866821,-0.3127630054950714,2.56257963180542
1779998679155900200,41.20090014648437,-1.6885842084884644,2.440253973007202,0.40851613879203796
1779998679172233500,41.2172333984375,-2.4602596759796143,5.750227451324463,-1.3222178220748901
1779998679188565500,41.2335654296875,-1.6061174869537354,5.333769798278809,-1.4382822513580322
1779998679204898300,41.24989819335938,-0.6400340795516968,0.9451612234115601,-0.5199990272521973
1779998679221231600,41.26623168945312,0.055894169956445694,-2.21698260307312,0.2889392673969269
1779998679237582000,41.28258203125,0.8101600408554077,-2.7284295558929443,0.4535674452781677
1779998679253910800,41.29891088867188,1.5326608419418335,-1.7701348066329956,0.3604104816913605
1779998679270243000,41.3152431640625,2.152536392211914,-0.10766500234603882,0.22678372263908386
1779998679286567200,41.33156713867187,2.3076961040496826,0.6736316680908203,0.06459899991750717
1779998679302899200,41.347899169921874,0.9207266569137573,-3.3237178325653076,-2.0974059104919434
1779998679319240400,41.364240478515626,0.27779096364974976,-5.631566524505615,-2.931084156036377
1779998679335575800,41.38057592773438,0.49785518646240234,-3.2510247230529785,-1.8067866563796997
1779998679351907300,41.3969072265625,0.6533203721046448,-1.0441213846206665,-1.0462594032287598
1779998679368233000,41.41323291015625,0.7648032903671265,0.4859432876110077,-0.579405665397644
1779998679384550100,41.429550048828126,0.8294022679328918,1.6032158136367798,-0.16493362188339233
1779998679400905500,41.445905517578126,0.7857254147529602,2.197129487991333,0.4381431043148041
1779998679417239000,41.462239013671876,0.6366742849349976,1.8918496370315552,1.3516920804977417
1779998679433570800,41.47857080078125,0.6020076870918274,1.203251838684082,2.126727342605591
1779998679449905000,41.49490478515625,-0.10491610318422318,1.7799086570739746,0.7252497673034668
1779998679466244000,41.511244140625,-0.5250386595726013,2.867706775665283,-0.7422012686729431
1779998679482573000,41.52757299804688,-0.1889100819826126,2.6253461837768555,-0.8706356883049011
1779998679498905300,41.5439052734375,0.03649919852614403,1.680795669555664,-0.7406741380691528
1779998679515233300,41.5602333984375,0.0806342139840126,0.4050036668777466,-0.304210901260376
1779998679531555800,41.576555908203126,0.17027868330478668,-0.02825251780450344,0.07040221989154816
1779998679547902200,41.592902099609375,-0.08857546001672745,0.9257662892341614,-0.3723223805427551
1779998679564248300,41.609248291015625,-0.9543242454528809,2.500576972961426,-1.5628987550735474
1779998679580585000,41.6255849609375,-2.1285598278045654,3.0527989864349365,-2.5671610832214355
1779998679596913200,41.6419130859375,-3.0657799243927,1.5265522003173828,-2.6648995876312256
1779998679613247500,41.65824755859375,-3.394272804260254,-1.4298827648162842,-2.1641428470611572
1779998679629553200,41.67455322265625,-2.984382152557373,-2.8266263008117676,-2.208735942840576
1779998679645885700,41.6908857421875,-2.127643585205078,-1.4749341011047363,-2.5925121307373047
1779998679662233000,41.70723315429687,-1.4054481983184814,0.96883225440979,-2.551278591156006
1779998679678554400,41.723554443359376,-0.837496280670166,1.4854716062545776,-1.6508632898330688
1779998679694898000,41.73989794921875,-0.6568328738212585,-0.24617868661880493,-0.8177958726882935
1779998679711230000,41.75622998046875,-0.7192938327789307,-1.4605787992477417,-0.6698137521743774
1779998679727565300,41.7725654296875,-1.0493137836456299,-0.8223773241043091,-0.7735081315040588
1779998679743897300,41.7888974609375,-1.4132367372512817,0.49327367544174194,-0.4415028691291809
1779998679760228000,41.80522802734375,-1.3266465663909912,1.1215485334396362,0.1992947906255722
1779998679776564200,41.82156420898438,-0.8411614298820496,1.1143709421157837,0.737772524356842
1779998679792895500,41.8378955078125,-0.2926044464111328,0.8429940342903137,1.161560297012329
1779998679809228300,41.854228271484374,0.40653082728385925,0.42439863085746765,1.5329663753509521
1779998679825559300,41.87055932617187,1.0764973163604736,0.07162395119667053,1.843896746635437
1779998679841907200,41.8869072265625,1.6391041278839111,-0.23686300218105316,2.133294105529785
1779998679858227700,41.90322778320313,1.968207836151123,-0.43279802799224854,2.448500633239746
1779998679874559700,41.91955981445312,2.020589590072632,-0.26542094349861145,2.702009677886963
1779998679890891300,41.93589135742187,1.8359555006027222,0.05360342562198639,2.855489492416382
1779998679907225300,41.952225341796876,1.4830280542373657,-0.14737124741077423,2.975524663925171
1779998679923559400,41.96855932617188,1.0042624473571777,-0.9825767278671265,2.973539352416992
1779998679939878000,41.9848779296875,0.5546656250953674,-2.03540301322937,2.8119654655456543
1779998679956239400,42.0012392578125,0.35124751925468445,-2.392301082611084,2.283872365951538
1779998679972555300,42.01755517578125,0.1921171247959137,-1.391703724861145,1.652695894241333
1779998679988890000,42.03389013671875,0.10384709388017654,0.20402899384498596,1.1249083280563354
1779998680005224200,42.05022412109375,0.060475658625364304,1.2702943086624146,0.7518224120140076
1779998680021554200,42.06655419921875,-0.10766500234603882,0.7728972434997559,0.3579670190811157
1779998680037874200,42.08287426757813,-0.040164388716220856,-0.9221010804176331,0.1212567538022995
1779998680054218800,42.09921875,0.2021963894367218,-2.253329277038574,0.6739370822906494
1779998680070559000,42.11555908203125,0.5190827250480652,-2.6117544174194336,0.8090910315513611
1779998680086886700,42.13188671875,0.9065240025520325,-1.5293011665344238,0.5823072791099548
1779998680103204400,42.14820434570313,1.1749993562698364,0.20051652193069458,0.09254608303308487
1779998680119541200,42.16454125976563,0.9040805697441101,1.4587461948394775,-0.4583016633987427
1779998680135866400,42.180866455078124,0.12889257073402405,1.5262467861175537,-0.8718574047088623
1779998680152207000,42.19720703125,-0.5485569834709167,1.5767959356307983,-1.1853840351104736
1779998680168539100,42.2135390625,-0.6386595964431763,2.0001256465911865,-1.149037480354309
1779998680184871000,42.22987084960938,-0.17623461782932281,1.8099937438964844,-0.6885978579521179
1779998680201206500,42.24620654296875,0.3784310221672058,0.8290968537330627,-0.09346238523721695
1779998680217538000,42.2625380859375,0.6690501570701599,-0.55069500207901,0.3778201639652252
1779998680233870800,42.278870849609376,0.7293730974197388,-1.589929461479187,0.6944010853767395
1779998680250204000,42.295203857421875,0.7938193678855896,-1.725541591644287,0.8063421249389648
1779998680266537000,42.31153686523437,0.7101308703422546,0.0003054326225537807,0.15561792254447937
1779998680282869200,42.327869140625,0.08720101416110992,2.5285239219665527,-0.7751879692077637
1779998680299202300,42.344202392578126,-0.24587325751781464,3.321732521057129,-0.7301366925239563
1779998680315535400,42.360535400390624,-0.15683965384960175,2.9413161277770996,-0.33169981837272644
1779998680331869400,42.37686938476563,0.013439035043120384,2.0616703033447266,-0.11453723162412643
1779998680348200200,42.3932001953125,0.156686931848526,0.9795224070549011,-0.11667526513338089
1779998680364526800,42.40952685546875,0.2970332205295563,0.07757988572120667,-0.2050980031490326
1779998680380868400,42.42586840820312,0.42180246114730835,-0.4944954216480255,-0.26862800121307373
1779998680397198800,42.44219873046875,0.47311514616012573,-0.5253441333770752,-0.308792382478714
1779998680413534000,42.458533935546875,0.36682456731796265,0.1569923609495163,-0.384845107793808
1779998680429865000,42.47486499023437,0.10445795953273773,1.1197160482406616,-0.4014911949634552
1779998680446213600,42.491213623046875,-0.19226983189582825,1.589624047279358,-0.2574796974658966
1779998680462542000,42.5075419921875,-0.5590944290161133,1.6623170375823975,-0.22342395782470703
1779998680478875400,42.52387548828125,-1.1255191564559937,2.1962132453918457,-0.8639161586761475
1779998680495209000,42.540208984375,-1.8025106191635132,2.8878655433654785,-2.0082194805145264
1779998680511541000,42.556541015625,-2.2565362453460693,2.138486623764038,-2.244166135787964
1779998680527873300,42.572873291015625,-2.6367998123168945,0.057879481464624405,-1.694387435913086
1779998680544225300,42.589225341796876,-3.0159945487976074,-2.054492473602295,-1.6994271278381348
1779998680560534300,42.6055341796875,-2.8886289596557617,-3.1621439456939697,-2.411237955093384
1779998680576874200,42.62187426757812,-2.2125539779663086,-2.7982208728790283,-2.8541152477264404
1779998680593206800,42.638206787109375,-1.5583171844482422,-1.4144585132598877,-2.6554312705993652
1779998680609538600,42.65453857421875,-1.127810001373291,0.02428189292550087,-1.9895881414413452
1779998680625869600,42.67086962890625,-0.845132052898407,0.8452847599983215,-1.2116512060165405
1779998680642203400,42.687203369140626,-0.5419901609420776,0.8869763612747192,-0.8185594081878662
1779998680658529800,42.70352978515625,-0.24068090319633484,0.8303185701370239,-0.6852380633354187
1779998680674871000,42.71987109375,-0.09758572280406952,0.965319812297821,-0.38240164518356323
1779998680691203300,42.736203369140625,0.09972374886274338,0.8752171993255615,0.0003054326225537807
1779998680707534600,42.75253466796875,0.3556762933731079,0.2981022298336029,0.346818745136261
1779998680723871700,42.768871826171875,0.7212791442871094,-0.2093740701675415,0.7305948138237
1779998680740193000,42.78519311523438,1.1644618511199951,-0.2344195395708084,1.169501543045044
1779998680756534500,42.80153442382812,1.4799737930297852,-0.08185594528913498,1.5939000844955444
1779998680772867800,42.81786791992187,1.6019941568374634,0.06429356336593628,1.9040669202804565
1779998680789199600,42.83419970703125,1.71989107131958,0.25442537665367126,2.068695068359375
1779998680805533000,42.850532958984374,1.8235855102539062,0.4202753007411957,2.166738986968994
1779998680821883600,42.866883544921876,1.8906279802322388,0.4495968222618103,2.339461088180542
1779998680838196000,42.883196044921874,1.9341521263122559,0.3582724630832672,2.620917320251465
1779998680854531600,42.899531494140625,1.8017470836639404,0.09804387390613556,2.9523117542266846
1779998680870864600,42.91586474609375,1.5150985717773438,-0.24358251690864563,3.0418035984039307
1779998680887198000,42.932197998046874,1.278693675994873,-0.5338962078094482,2.615725040435791
1779998680903530000,42.948530029296876,0.9689850211143494,-0.7779368758201599,1.9330830574035645
1779998680919862800,42.96486279296875,0.6082690954208374,-0.8400924205780029,1.4660766124725342
1779998680936196600,42.981196533203125,0.31459560990333557,-0.47189339995384216,1.4312572479248047
1779998680952528600,42.99752856445313,0.1647808998823166,0.34315356612205505,1.3503175973892212
1779998680968862700,43.01386279296875,0.1488984078168869,1.768760323524475,0.6145304441452026
1779998680985194200,43.0301943359375,0.02076941914856434,2.5589144229888916,0.08827003091573715
1779998681001515300,43.046515380859375,-0.08628471940755844,1.8371772766113281,0.24953845143318176
1779998681017862000,43.06286181640625,-0.11728613078594208,0.5143485069274902,0.3159700334072113
1779998681034190600,43.07919067382812,0.007788531947880983,-0.9683741331100464,0.06780604273080826
1779998681050528800,43.09552880859375,0.0607810914516449,-1.5845844745635986,-0.3727805018424988
1779998681066859500,43.111859619140624,0.013591751456260681,-0.6682865619659424,-0.7174612283706665
1779998681083193300,43.128193359375,-0.044287730008363724,1.1122329235076904,-0.8052731156349182
1779998681099513000,43.14451318359375,-0.07925976812839508,2.3722951412200928,-0.6769914031028748
1779998681115859000,43.16085888671875,-0.09605856239795685,2.7401888370513916,-0.3962988257408142
1779998681132173300,43.17717333984375,0.01664607785642147,2.5813639163970947,-0.07880161702632904
1779998681148521500,43.193521484375,0.27809640765190125,2.1531472206115723,0.2496911734342575
1779998681164852200,43.20985229492187,0.6707300543785095,1.7009543180465698,0.6059783101081848
1779998681181180000,43.22617993164062,1.0183123350143433,1.254717230796814,0.9431759119033813
1779998681197509400,43.24250927734375,1.2990049123764038,1.025948166847229,1.1779009103775024
1779998681213856000,43.25885595703125,1.4981470108032227,1.2431107759475708,1.2006556987762451
1779998681230188800,43.27518872070313,1.44057297706604,1.1105530261993408,1.3678799867630005
1779998681246524000,43.29152392578125,1.2735012769699097,-0.14034628868103027,1.91399347782135
1779998681262851000,43.30785107421875,1.061989188194275,-0.5674937963485718,1.9191858768463135
1779998681279187200,43.32418725585938,0.6145304441452026,0.11728613078594208,1.302059292793274
1779998681295517400,43.34051733398437,0.11728613078594208,1.1325441598892212,0.3956879675388336
1779998681311854000,43.35685400390625,-0.1088867336511612,2.1306979656219482,-0.3220787048339844
1779998681328203800,43.37320385742188,-0.0682641938328743,2.9298624992370605,-0.6238461136817932
1779998681344525300,43.389525390625,0.014813481830060482,3.478113889694214,-0.6817256212234497
1779998681360874200,43.40587426757813,0.01572977937757969,3.626401424407959,-0.684474527835846
1779998681377202400,43.42220239257812,-0.03405573591589928,3.4547483921051025,-0.6907358765602112
1779998681393527600,43.438527587890626,-0.05650503560900688,3.1273245811462402,-0.7089090943336487
1779998681409862400,43.4548623046875,-0.016951510682702065,2.754696846008301,-0.7425066828727722
1779998681426182400,43.47118237304687,0.03573561832308769,2.437047004699707,-0.788016140460968
1779998681442516700,43.48751684570313,0.026419922709465027,2.2214114665985107,-0.8347473740577698
1779998681458851000,43.50385107421875,-0.10018189996480942,2.1006128787994385,-0.854905903339386
1779998681475180000,43.52017993164063,-0.3254384696483612,2.205223560333252,-0.8003861904144287
1779998681491516000,43.53651586914062,-0.5757405161857605,2.613434314727783,-0.6801984310150146
1779998681507848000,43.552847900390624,-0.7318165898323059,3.1641292572021484,-0.5473352670669556
1779998681524189200,43.569189208984376,-0.8188648819923401,3.7455203533172607,-0.4132503271102905
1779998681540539000,43.585538818359375,-0.8219192028045654,4.066529750823975,-0.2860376536846161
1779998681556851500,43.6018515625,-0.7704538106918335,4.025449275970459,-0.1365283876657486
1779998681573196000,43.61819604492187,-0.7730499505996704,3.3008103370666504,0.0630718395113945
1779998681589525800,43.63452587890625,-0.7835873961448669,2.3577871322631836,0.2863430976867676
1779998681605859300,43.650859375,-0.7428121566772461,1.5190691947937012,0.5096143484115601
1779998681622173400,43.66717333984375,-0.7086036801338196,1.0755809545516968,0.7115052938461304
1779998681638518000,43.68351806640625,-0.7661777138710022,4.846299648284912,-0.30970868468284607
1779998681654843400,43.69984350585938,-1.0054842233657837,9.620211601257324,-2.5002715587615967
1779998681671175000,43.7161748046875,-0.7900014519691467,5.2604660987854,-1.350012183189392
1779998681687511300,43.73251123046875,-0.2177734673023224,0.14065171778202057,-0.3459024429321289
1779998681703842600,43.74884252929687,0.038026362657547,-2.0108156204223633,-0.04214970022439957
1779998681720175400,43.76517529296875,0.1420261710882187,-1.9614882469177246,-0.21395555138587952
1779998681736510200,43.78151025390625,-0.15073099732398987,-0.8648324608802795,-0.34055736660957336
1779998681752840200,43.79784008789063,-0.8417723178863525,-0.2698497176170349,-0.09544769674539566
1779998681769174000,43.81417407226562,-1.4758504629135132,-0.31459560990333557,0.11331550031900406
1779998681785508900,43.8305087890625,-2.0199787616729736,-0.5447390675544739,0.19379699230194092
1779998681801854000,43.84685400390625,-2.5050055980682373,-0.7096726894378662,0.2669481039047241
1779998681818169300,43.86316943359375,-2.741715908050537,-0.4943426847457886,0.3484986126422882
1779998681834504400,43.87950439453125,-2.498591661453247,1.5016595125198364,-0.17562375962734222
1779998681850849000,43.89584912109375,-1.7443257570266724,4.186564922332764,-2.0761783123016357
1779998681867170800,43.9121708984375,-1.0056369304656982,2.310903310775757,-1.3926200866699219
1779998681883509000,43.92850903320313,-0.22861631214618683,0.002138028386980295,-1.0906999111175537
1779998681899836700,43.94483666992188,0.3065016269683838,-0.5662720799446106,-1.5312864780426025
1779998681916186400,43.961186279296875,0.7444919943809509,-0.13515393435955048,-1.8887953758239746
1779998681932521200,43.977521240234374,1.165378212928772,0.8197811841964722,-1.8854355812072754
1779998681948833000,43.9938330078125,1.3461942672729492,2.2149972915649414,-1.740355134010315
1779998681965189000,44.01018920898437,0.9387471675872803,3.3852624893188477,-1.5496124029159546
1779998681981512700,44.0265126953125,0.19089539349079132,3.5443928241729736,-1.3906347751617432
1779998681997831200,44.0428310546875,-0.5653557777404785,3.193756103515625,-1.3417655229568481
1779998682014159400,44.05915942382813,-0.9352346658706665,2.9654452800750732,-1.3463469743728638
1779998682030509300,44.07550927734375,-1.1359039545059204,2.718961238861084,-1.468367338180542
1779998682046833200,44.091833251953126,-1.2270755767822266,2.3994786739349365,-1.5651894807815552
1779998682063165700,44.10816577148437,-1.2683089971542358,2.0535762310028076,-1.40269935131073
1779998682079504600,44.12450463867187,-1.2753338813781738,1.5890132188796997,-1.0713049173355103
1779998682095813600,44.14081372070312,-1.143081545829773,1.3362677097320557,-0.802524209022522
1779998682112182500,44.1571826171875,-0.9005680680274963,1.0193814039230347,-0.7134906053543091
1779998682128495000,44.1734951171875,-0.4476115107536316,0.6340781450271606,-0.7179193496704102
1779998682144830700,44.18983081054687,0.16737708449363708,0.25992316007614136,-0.6782131195068359
1779998682161159200,44.2061591796875,0.789237916469574,0.03222314268350601,-0.6444628238677979
1779998682177500000,44.2225,1.1827877759933472,-0.004428773187100887,-0.5656611919403076
1779998682193828600,44.23882861328125,1.2406673431396484,-0.1875356286764145,-0.42302417755126953
1779998682210162000,44.25516186523438,1.1551461219787598,-0.33337971568107605,-0.30344730615615845
1779998682226500000,44.2715,1.0444267988204956,-0.3361285924911499,-0.1918116807937622
1779998682242824000,44.287823974609374,0.8541423082351685,-0.2249511331319809,-0.02382374368607998
1779998682259158800,44.30415869140625,0.6499606370925903,0.030543262138962746,0.1621847152709961
1779998682275495700,44.32049560546875,0.4590652287006378,0.4812090992927551,0.36224308609962463
1779998682291822600,44.336822509765625,0.3695734739303589,1.1386528015136719,0.5342016816139221
1779998682308180000,44.353179931640625,0.47311514616012573,1.7174476385116577,0.5277875661849976
1779998682324502300,44.369502197265625,0.589790403842926,1.785559058189392,0.3217732608318329
1779998682340826600,44.38582666015625,0.6589708924293518,1.2957979440689087,0.1007927656173706
1779998682357157600,44.40215771484375,0.7828238010406494,0.6149885654449463,0.01970040425658226
1779998682373489700,44.41848974609375,0.8907942175865173,0.09498954564332962,0.20723603665828705
1779998682389813500,44.4348134765625,0.888961672782898,-0.26313021779060364,0.6114761233329773
1779998682406155300,44.4511552734375,0.82207190990448,-0.45875978469848633,1.0250319242477417
1779998682422490400,44.46749047851562,0.7780895829200745,-0.30970868468284607,1.340238332748413
1779998682438821600,44.48382153320313,0.7548767328262329,0.24007004499435425,1.6313155889511108
1779998682455155500,44.50015551757812,0.698677122592926,1.0633636713027954,2.065793514251709
1779998682471487200,44.5164873046875,0.6466008424758911,1.9008599519729614,2.487443208694458
1779998682487821000,44.532821044921874,0.6620252132415771,2.3189971446990967,1.8999435901641846
1779998682504152800,44.54915283203125,0.1264491081237793,2.5899159908294678,0.6774495840072632
1779998682520472800,44.565472900390624,-0.6493497490882874,2.7316367626190186,-0.14523321390151978
1779998682536805400,44.58180541992188,-0.9726501703262329,2.366950035095215,-0.2997821271419525
1779998682553156900,44.59815698242188,-0.8822421431541443,1.7573065757751465,-0.22143864631652832
1779998682569484500,44.614484619140626,-0.5899431109428406,1.0001391172409058,-0.10766500234603882
1779998682585817900,44.63081787109375,0.06688974797725677,-0.11575896292924881,-0.347276896238327
1779998682602151200,44.647151123046875,0.7506006956100464,-0.43936482071876526,-0.8376489877700806
1779998682618490400,44.66349047851563,1.1681270599365234,0.021838432177901268,-0.8749117255210876
1779998682634800400,44.67980029296875,1.2173017263412476,0.888350784778595,-0.7367035150527954
1779998682651137800,44.6961376953125,0.8159632682800293,1.7441730499267578,-0.5126686692237854
1779998682667469600,44.712469482421874,0.2724458873271942,2.051743745803833,-0.10919216275215149
1779998682683802600,44.728802734375,-0.013439035043120384,2.149176597595215,0.385303258895874
1779998682700135700,44.7451357421875,-0.11560624837875366,2.0450241565704346,0.8530732989311218
1779998682716468700,44.76146875,-0.5607742667198181,3.581350326538086,0.5439754724502563
1779998682732817200,44.77781713867188,-1.5480852127075195,6.17752742767334,-1.0305296182632446
1779998682749147100,44.79414721679687,-1.7566957473754883,5.335297107696533,-1.429577350616455
1779998682765478700,44.81047875976562,-1.5039502382278442,3.374419689178467,-1.3662000894546509
1779998682781813000,44.82681298828125,-1.1633929014205933,1.4428637027740479,-1.2522737979888916
1779998682798145000,44.84314501953125,-0.8263479471206665,-0.016340645030140877,-1.0047205686569214
1779998682814476000,44.85947607421875,-0.5597052574157715,-0.9560040831565857,-0.6288857460021973
1779998682830790000,44.87578979492187,-0.13148874044418335,-1.2412781715393066,-0.23151792585849762
1779998682847146800,44.89214672851563,0.5325217843055725,-0.5404630303382874,0.3165809214115143
1779998682863477800,44.908477783203125,1.1858421564102173,1.0005972385406494,0.8901833891868591
1779998682879809500,44.9248095703125,1.4564554691314697,1.9419406652450562,1.020603060722351
1779998682896141000,44.94114111328125,1.2125675678253174,2.5859453678131104,0.7954992651939392
1779998682912476000,44.957475830078124,0.19318613409996033,4.496579170227051,-0.16844609379768372
1779998682928798500,44.973798583984376,-0.7658722996711731,4.937776565551758,-1.0175487995147705
1779998682945160400,44.99016040039062,-1.1084150075912476,4.079205513000488,-1.5525140762329102
1779998682961491000,45.006490966796875,-0.7941248416900635,3.3490686416625977,-1.7915149927139282
1779998682977821000,45.022821044921876,-0.3121521472930908,2.0363192558288574,-1.3307698965072632
1779998682994137000,45.03913720703125,-0.3620903789997101,1.1050552129745483,-1.4199562072753906
1779998683010472200,45.05547216796875,-0.9993755221366882,1.129489779472351,-2.1507039070129395
1779998683026803500,45.07180346679687,-2.068084239959717,2.1453588008880615,-2.7375926971435547
1779998683043140000,45.08814013671875,-3.313333034515381,2.987283706665039,-2.4213171005249023
1779998683059454000,45.10445385742187,-4.3757805824279785,2.0563251972198486,-1.8229745626449585
1779998683075804200,45.12080419921875,-4.652044296264648,-0.5859724879264832,-1.6853772401809692
1779998683092139800,45.137139892578126,-3.93045973777771,-2.6279423236846924,-1.810451865196228
1779998683108466200,45.15346606445313,-3.12900447845459,-2.836247444152832,-1.6394095420837402
1779998683124823300,45.1698232421875,-2.4133758544921875,-1.7250834703445435,-1.2968668937683105
1779998683141149700,45.18614965820313,-1.7727309465408325,0.11209376901388168,-0.8993463516235352
1779998683157470200,45.20247021484375,-1.2119566202163696,1.1969904899597168,-0.6388123035430908
1779998683173802000,45.21880200195312,-0.8048149347305298,0.9692904353141785,-0.44104471802711487
1779998683190131700,45.23513159179687,-0.5025894045829773,0.33597588539123535,-0.2515237629413605
1779998683206472000,45.25147192382813,-0.003512475173920393,0.14752395451068878,-0.06490442901849747
1779998683222799000,45.267799072265625,0.7260133624076843,-0.015577063895761967,0.2278527319431305
1779998683239120400,45.28412036132813,1.5199854373931885,-0.5371032953262329,0.6068946123123169
1779998683255453400,45.30045336914063,2.0618228912353516,-1.2276864051818848,1.0293079614639282
1779998683271800300,45.31680029296875,2.1983513832092285,-1.8489364385604858,1.4779884815216064
1779998683288153600,45.33315356445313,2.1142046451568604,-2.2562308311462402,1.8774943351745605
1779998683304468200,45.34946826171875,2.054645299911499,-2.054797887802124,2.160477638244629
1779998683320817000,45.36581689453125,2.065946340560913,-1.2487612962722778,2.3402247428894043
1779998683337138400,45.382138427734375,2.0260872840881348,-0.29993483424186707,2.501645803451538
1779998683353476400,45.39847631835938,1.854892373085022,0.2955060601234436,2.7154486179351807
1779998683369815000,45.41481494140625,1.6131423711776733,0.27809640765190125,2.933680295944214
1779998683386126300,45.43112622070313,1.426675796508789,-0.10262536257505417,3.078913450241089
1779998683402463000,45.447462890625,1.355051875114441,-0.280539870262146,3.0608930587768555
1779998683418780000,45.46377978515625,1.347110629081726,0.02779436856508255,2.5448646545410156
1779998683435128600,45.48012866210937,1.0790934562683105,-0.05726861581206322,1.3646728992462158
1779998683451444200,45.4964443359375,0.7486153841018677,-1.3069461584091187,0.7967209815979004
1779998683467798500,45.51279858398438,0.4101960062980652,-1.8985692262649536,1.0210613012313843
1779998683484142800,45.52914282226563,-0.06490442901849747,-1.278693675994873,0.580016553401947
1779998683500474000,45.54547412109375,-0.33796119689941406,0.29856038093566895,-0.20234911143779755
1779998683516807000,45.56180688476562,-0.5861251950263977,1.8121317625045776,-0.5097670555114746
1779998683533139200,45.57813916015625,-0.5329799056053162,1.2618948221206665,-0.6076582074165344
1779998683549471000,45.59447094726563,-0.244804248213768,0.3211624026298523,-0.6765332818031311
1779998683565806300,45.61080639648438,0.01160643994808197,-0.2611449062824249,-0.7707592248916626
1779998683582120700,45.62712060546875,0.18646661937236786,-0.7756461501121521,-0.803135097026825
1779998683598435000,45.64343505859375,0.32788193225860596,-1.2211196422576904,-0.660192608833313
1779998683614779100,45.65977905273437,0.47540587186813354,-1.3422236442565918,-0.03222314268350601
1779998683631107300,45.676107421875,0.7712173461914062,0.17470745742321014,1.5378532409667969
1779998683647443700,45.69244360351563,0.5632177591323853,1.7362316846847534,1.4947872161865234
1779998683663777300,45.70877734375,0.28267788887023926,1.3747522830963135,0.44776421785354614
1779998683680109600,45.725109619140625,0.32589662075042725,0.24633140861988068,-0.1186605766415596
1779998683696442000,45.74144213867187,0.5404630303382874,-0.6742424964904785,-0.22357667982578278
1779998683712775700,45.75777563476562,0.6678284406661987,-1.316261887550354,-0.18539759516716003
1779998683729107700,45.774107666015624,0.7244861721992493,-1.7453947067260742,-0.1408044397830963
1779998683745442600,45.79044262695312,0.8538368940353394,-1.8558086156845093,-0.3072652220726013
1779998683761774300,45.8067744140625,0.8038986921310425,-1.154382586479187,-1.0436632633209229
1779998683778107600,45.82310766601562,0.2399173229932785,0.2226603776216507,-1.644449234008789
1779998683794439000,45.83943896484375,-0.20861047506332397,0.9709703326225281,-1.200197458267212
1779998683810773500,45.8557734375,-0.2652682363986969,1.2524265050888062,-0.6348416805267334
1779998683827107000,45.87210717773438,-0.0682641938328743,1.3365731239318848,-0.395077109336853
1779998683843441000,45.88844091796875,0.1333213448524475,1.2750284671783447,-0.36590829491615295
1779998683859782400,45.904782470703125,0.22479841113090515,1.3391693830490112,-0.5265658497810364
1779998683876116200,45.9211162109375,0.07116580009460449,1.7418822050094604,-0.9604328870773315
1779998683892429300,45.93742919921875,-0.46211954951286316,2.422996997833252,-1.5138767957687378
1779998683908779300,45.953779296875,-1.2986994981765747,3.00423526763916,-1.9199494123458862
1779998683925115100,45.970115234375,-2.5560128688812256,3.6580138206481934,-2.241417407989502
1779998683941449000,45.986448974609374,-4.0491204261779785,3.9434406757354736,-2.1317670345306396
1779998683957780700,46.00278076171875,-5.391038417816162,2.7488934993743896,-1.5497651100158691
1779998683974113800,46.01911376953125,-5.533675670623779,1.5671747922897339,-1.837024450302124
1779998683990433300,46.03543334960938,-4.043316841125488,0.446389764547348,-2.518444776535034
1779998684006776800,46.05177685546875,-2.3516783714294434,-1.0025825500488281,-1.8455766439437866
1779998684023116000,46.068115966796874,-1.5248724222183228,-2.2209532260894775,-1.0700831413269043
1779998684039445000,46.08444506835937,-1.0279334783554077,-2.157423257827759,-0.8645270466804504
1779998684055777000,46.100777099609374,-0.5314527750015259,-1.0389291048049927,-0.9117164015769958
1779998684072129300,46.11712939453125,-0.05543602257966995,0.27091872692108154,-0.8730791807174683
1779998684088440800,46.13344091796875,0.25793784856796265,0.7478517889976501,-0.5991060733795166
1779998684104785700,46.14978564453125,0.4271475374698639,0.979827880859375,-0.07360926270484924
1779998684121143800,46.166143798828124,0.7921395301818848,0.8993463516235352,0.4219551682472229
1779998684137458400,46.18245849609375,1.2980886697769165,0.38087448477745056,0.8170322775840759
1779998684153759700,46.198759765625,1.8138116598129272,-0.12721268832683563,1.1383473873138428
1779998684170095400,46.21509545898437,2.2011001110076904,-0.42959097027778625,1.4048373699188232
1779998684186437400,46.231437255859376,2.350609540939331,-0.49754974246025085,1.6557502746582031
1779998684202778400,46.2477783203125,2.355496406555176,-0.4398229718208313,1.9159787893295288
1779998684219107000,46.264107177734374,2.3712260723114014,-0.370947927236557,2.1537580490112305
1779998684235438600,46.2804384765625,2.446057081222534,-0.6962336897850037,2.4045183658599854
1779998684251772200,46.296772216796874,2.4181101322174072,-1.3642147779464722,2.7001771926879883
1779998684268094200,46.31309423828125,2.203085422515869,-1.8975001573562622,2.889087200164795
1779998684284451800,46.329451904296874,1.7899879217147827,-1.634369969367981,2.447736978530884
1779998684300776400,46.3457763671875,1.1982121467590332,-1.2652546167373657,1.1618657112121582
1779998684317104000,46.362104248046876,0.7669413089752197,-1.8332066535949707,0.7806857824325562
1779998684333436200,46.37843627929688,0.30741792917251587,-2.168877124786377,1.4051427841186523
1779998684349770800,46.394770751953125,-0.1774563491344452,-1.4146112203598022,1.3796391487121582
1779998684366101800,46.41110180664062,-0.30802878737449646,-0.6397286057472229,0.5372560024261475
1779998684382436400,46.42743627929688,-0.22479841113090515,-1.5195273160934448,0.2513710558414459
1779998684398769000,46.443768798828124,-0.07254024595022202,-2.2878429889678955,0.0659734457731247
1779998684415099400,46.46009936523438,0.047800205647945404,-2.191937208175659,-0.27519479393959045
1779998684431436800,46.47643676757812,0.14523321390151978,-1.5821410417556763,-0.6760751008987427
1779998684447765500,46.492765625,0.25182920694351196,-0.5850561857223511,-0.9812023043632507
1779998684464120800,46.509120849609374,0.2736676335334778,0.9013316631317139,-0.9370672702789307
1779998684480447700,46.52544775390625,0.09575312584638596,1.4538593292236328,-0.3962988257408142
1779998684496778200,46.5417783203125,-0.02932153269648552,0.8822421431541443,0.24190263450145721
1779998684513113600,46.558113525390624,0.3104722499847412,0.37598755955696106,0.6010913848876953
1779998684529445400,46.5744453125,0.4434881806373596,2.0315849781036377,-0.11163562536239624
1779998684545777700,46.59077758789063,0.5079344511032104,3.229339122772217,0.5056437253952026
1779998684562094600,46.60709448242188,0.915534257888794,2.5729644298553467,1.7701348066329956
1779998684578421000,46.6234208984375,1.0500773191452026,1.3472633361816406,1.4164438247680664
1779998684594764000,46.639763916015625,0.8837692737579346,1.2078332901000977,-0.4103487432003021
1779998684611081500,46.65608154296875,1.2921327352523804,1.7356208562850952,-0.901637077331543
1779998684627427600,46.67242749023438,1.4065172672271729,0.6524040699005127,-0.18707747757434845
1779998684643763200,46.68876318359375,0.8600982427597046,-0.7055493593215942,0.194713294506073
1779998684660095500,46.705095458984374,0.10659598559141159,-1.6120734214782715,-0.24908030033111572
1779998684676428500,46.72142846679687,-0.6056728959083557,-1.3779592514038086,-1.057865858078003
1779998684692761000,46.73776098632813,-0.5494732856750488,-0.770606517791748,-1.3900238275527954
1779998684709081000,46.7540810546875,-0.40164390206336975,-0.2197587788105011,-0.8425359129905701
1779998684725423400,46.77042333984375,-0.7199047207832336,0.2874121069908142,-0.44196099042892456
1779998684741760000,46.78676000976562,-1.2093604803085327,1.0684033632278442,-0.6969972252845764
1779998684758091800,46.803091796875,-1.3266465663909912,1.2690725326538086,-1.152855396270752
1779998684774426400,46.81942626953125,-1.3982704877853394,1.6638442277908325,-1.5125023126602173
1779998684790760200,46.83576025390625,-1.9879082441329956,2.2518019676208496,-1.6798794269561768
1779998684807091000,46.85209106445313,-2.9040534496307373,1.7524197101593018,-1.3115277290344238
1779998684823424800,46.8684248046875,-3.5405750274658203,0.004581489134579897,-1.2947288751602173
1779998684839756500,46.88475659179687,-3.3009631633758545,-1.9378172159194946,-1.7986927032470703
1779998684856107500,46.901107421875,-2.682156562805176,-3.143512487411499,-1.8816176652908325
1779998684872436500,46.9174365234375,-2.0050125122070312,-3.263853073120117,-1.6070337295532227
1779998684888753000,46.9337529296875,-1.3336715698242188,-2.8574748039245605,-1.2724323272705078
1779998684905103600,46.950103515625,-0.8868235945701599,-2.2153027057647705,-1.058171272277832
1779998684921429800,46.9664296875,-0.7632761001586914,-0.5867360830307007,-0.7869471311569214
1779998684937770800,46.982770751953126,-0.0708603709936142,1.1468994617462158,-0.6866125464439392
1779998684954084400,46.99908447265625,0.38117989897727966,1.3716979026794434,-0.5630650520324707
1779998684970421200,47.01542114257813,0.5589417219161987,0.8385652899742126,-0.5195409059524536
1779998684986740700,47.03174072265625,0.6800457239151001,-0.6450737118721008,-0.38209620118141174
1779998685003085800,47.0480859375,0.5621487498283386,-1.684613585472107,-0.1466076523065567
1779998685019416300,47.06441625976562,0.02122756652534008,-1.2848023176193237,0.3266601860523224
1779998685035754800,47.08075463867188,-0.2535090744495392,-0.5546656250953674,0.88361656665802
1779998685052094000,47.09709399414062,-0.5697845816612244,-0.6780604124069214,1.0198395252227783
1779998685068432600,47.1134326171875,-1.7505871057510376,-1.613600492477417,0.4668537676334381
1779998685084757800,47.1297578125,-1.1565206050872803,-1.009149432182312,0.7383833527565002
1779998685101104000,47.146104248046875,-0.9663888216018677,0.2168571650981903,0.950506329536438
1779998685117429000,47.16242895507813,-0.598953366279602,1.1801916360855103,1.0780243873596191
1779998685133745700,47.17874560546875,0.9714284539222717,2.3631322383880615,1.5030338764190674
1779998685150070500,47.19507055664062,2.3289237022399902,3.1561880111694336,2.1823160648345947
1779998685166417200,47.211417236328124,2.844494104385376,2.772564649581909,2.53249454498291
1779998685182744000,47.227744140625,2.8160886764526367,2.038151979446411,2.620917320251465
1779998685199082800,47.24408276367188,2.975982666015625,1.8159496784210205,2.677269697189331
1779998685215415300,47.26041528320312,2.7007880210876465,2.1152737140655518,2.261117696762085
1779998685231744800,47.27674487304687,1.6113097667694092,1.1647672653198242,1.0256427526474
1779998685248079600,47.29307958984375,0.6188064813613892,-0.43050727248191833,0.5068654417991638
1779998685264409300,47.30940942382812,0.34376442432403564,-0.9639453291893005,0.34025195240974426
1779998685280767000,47.32576708984375,0.38606682419776917,-0.7020368576049805,0.07391469180583954
1779998685297092900,47.3420927734375,0.551305890083313,-0.12782354652881622,-0.1788308024406433
1779998685313427000,47.358427001953125,0.9560040831565857,-0.8837692737579346,-0.7606799602508545
1779998685329759200,47.37475927734375,1.0667234659194946,-2.730414867401123,-1.172708511352539
1779998685346067200,47.39106713867187,0.5535966157913208,-3.933055877685547,-1.007927656173706
1779998685362414300,47.407414306640625,-0.13866640627384186,-3.9658899307250977,-0.9356928467750549
1779998685378741000,47.42374096679688,-0.8713992834091187,-2.1222984790802,-1.0387763977050781
1779998685395075600,47.44007568359375,-1.287245750427246,0.9805914163589478,-1.0505355596542358
1779998685411417000,47.4564169921875,-1.2870930433273315,3.2615623474121094,-0.894001305103302
1779998685427743000,47.47274291992188,-0.9990701079368591,3.4634532928466797,-0.6609562039375305
1779998685444090600,47.489090576171876,-0.5212207436561584,2.6403121948242188,-0.15745051205158234
1779998685460420000,47.505420166015625,-0.00427605677396059,1.6087136268615723,1.002277135848999
1779998685476754700,47.52175463867187,0.5071708559989929,0.912021815776825,2.071902275085449
1779998685493088000,47.538087890625,1.186300277709961,0.7727445363998413,2.3739750385284424
1779998685509420800,47.5544208984375,2.0508272647857666,0.5364924073219299,2.041206121444702
1779998685525750000,47.57075,3.0783026218414307,0.23884831368923187,1.3906347751617432
1779998685542068000,47.58706787109375,4.0184245109558105,0.5306891798973083,0.5372560024261475
1779998685558405600,47.603405517578125,4.292550086975098,1.2289081811904907,-0.10186178237199783
1779998685574735400,47.6197353515625,3.8183658123016357,1.228450059890747,-0.546571671962738
1779998685591069700,47.63606958007812,2.900235414505005,0.7999280095100403,-2.063197374343872
1779998685607403000,47.65240307617187,2.0254764556884766,-0.5432119369506836,-1.3807082176208496
1779998685623725300,47.66872534179687,1.5096007585525513,-3.1671836376190186,0.9424123764038086
1779998685640069400,47.6850693359375,1.1965322494506836,-3.476128578186035,2.7004826068878174
1779998685656403000,47.70140283203125,1.3101532459259033,-3.459024429321289,4.009108543395996
1779998685672735000,47.71773486328125,0.9766207933425903,-4.706411361694336,4.3169846534729
1779998685689068300,47.734068359375,0.2942843437194824,-1.3170254230499268,0.6398813724517822
1779998685705401300,47.7504013671875,-0.06215553730726242,2.5326473712921143,-0.9607383012771606
1779998685721720300,47.76672021484375,0.20372356474399567,2.942537784576416,-0.8402451276779175
1779998685738067700,47.78306762695313,0.3978259861469269,1.1044443845748901,-0.9621127843856812
1779998685754397200,47.799397216796876,0.4190535545349121,-0.37522396445274353,-1.3953689336776733
1779998685770734000,47.815734130859376,-0.07238753139972687,-1.1244502067565918,-1.046717643737793
1779998685787065000,47.832065185546874,-0.07498370856046677,-3.2279646396636963,0.11713340878486633
1779998685803383000,47.84838305664063,0.3361285924911499,-4.243222713470459,1.3820825815200806
1779998685819725800,47.86472583007812,0.5878050923347473,-3.0053043365478516,1.3469579219818115
1779998685836079000,47.8810791015625,0.28909197449684143,-0.34208452701568604,-0.31551191210746765
1779998685852394500,47.89739453125,-0.01771509274840355,1.2516628503799438,-1.0210613012313843
1779998685868716800,47.913716796875,-0.03375030308961868,1.2362385988235474,-0.5621487498283386
1779998685885062700,47.93006274414063,-0.010690141469240189,0.4053090810775757,0.2704605758190155
1779998685901395000,47.94639501953125,-0.16340644657611847,0.023060163483023643,0.9744827747344971
1779998685917729300,47.96272924804688,-0.027030786499381065,0.5920811295509338,1.1169670820236206
1779998685934061800,47.97906176757812,0.20861047506332397,1.8249598741531372,0.7266241908073425
1779998685950394600,47.99539453125,0.5525276064872742,2.331519842147827,0.13469578325748444
1779998685966727200,48.01172705078125,0.4876231849193573,2.0192151069641113,-0.08949175477027893
1779998685983059500,48.0280595703125,0.24724771082401276,2.464841365814209,0.3065016269683838
1779998685999393300,48.04439331054687,-0.1846340149641037,2.3709206581115723,0.6426302194595337
1779998686015710200,48.060710205078124,-0.9744827747344971,1.8333593606948853,0.7160868048667908
1779998686032046300,48.07704638671875,-1.5344934463500977,1.306793451309204,0.48319441080093384
1779998686048379400,48.09337939453125,-1.395521640777588,0.9280570149421692,0.012522737495601177
1779998686064725000,48.10972509765625,-1.6514742374420166,1.124755620956421,-0.2344195395708084
1779998686081060000,48.12606005859375,-1.9033033847808838,2.157728672027588,-0.25213462114334106
1779998686097389000,48.14238916015625,-2.174222230911255,4.636314392089844,0.2919935882091522
1779998686113724400,48.15872436523438,-2.878702402114868,7.295258045196533,0.8901833891868591
1779998686130044000,48.1750439453125,-1.954310655593872,7.843204498291016,0.28069257736206055
1779998686146376400,48.19137646484375,-0.3623957931995392,3.7064249515533447,-2.785545587539673
1779998686162717200,48.20771728515625,-0.8781188130378723,1.9257526397705078,-1.7707456350326538
1779998686179044900,48.224044921875,-0.9537133574485779,1.9065104722976685,-0.5948300361633301
1779998686195376600,48.24037670898438,-1.9399553537368774,1.2883148193359375,-0.42180246114730835
1779998686211709700,48.25670971679688,-4.116621017456055,-1.2458596229553223,-1.1614075899124146
1779998686228041000,48.273041015625,-5.213735103607178,-2.4307854175567627,-1.7925840616226196
1779998686244374500,48.28937451171875,-3.433062791824341,-1.8635971546173096,-1.3716979026794434
1779998686260707300,48.305707275390624,-1.919033169746399,-0.8622363209724426,-0.8631525635719299
1779998686277040400,48.32204028320312,-0.48456886410713196,-1.8350391387939453,-0.427452951669693
1779998686293376300,48.338376220703125,0.11209376901388168,-0.4378376603126526,-0.02733621932566166
1779998686309718500,48.354718505859374,0.9330966472625732,0.451123982667923,0.4309654235839844
1779998686326051000,48.37105102539063,1.5560264587402344,-0.3246748745441437,0.8110763430595398
1779998686342381800,48.3873818359375,1.5129605531692505,-1.4929546117782593,1.1775954961776733
1779998686358707500,48.40370751953125,1.4772248268127441,-2.400700330734253,1.751503348350525
1779998686375057000,48.42005688476563,1.657124638557434,-2.1224513053894043,2.0693061351776123
1779998686391382000,48.436382080078126,1.292590856552124,-0.7895433306694031,1.1548407077789307
1779998686407716000,48.45271606445313,0.6145304441452026,0.5710062980651855,-0.1264491081237793
1779998686424049400,48.46904931640625,0.25106561183929443,1.0899362564086914,-0.7275404930114746
1779998686440382000,48.4853818359375,0.15653422474861145,0.8292495608329773,-0.6065891981124878
1779998686456732000,48.50173193359375,0.13148874044418335,0.2557998299598694,0.0013744467869400978
1779998686473062100,48.51806225585938,0.2562579810619354,-0.8139779567718506,0.4691445231437683
1779998686489394700,48.53439477539062,-0.06414084881544113,-1.0543533563613892,0.4983133375644684
1779998686505728000,48.55072802734375,-0.9143125414848328,-0.6574437022209167,0.22663100063800812
1779998686522043000,48.56704296875,-1.991573452949524,-0.3501785099506378,-0.3770565688610077
1779998686538379500,48.58337963867187,-2.6557366847991943,0.3159700334072113,-0.5259549617767334
1779998686554703400,48.59970336914063,-3.0668489933013916,0.6244570016860962,-0.4311181604862213
1779998686571047400,48.61604736328125,-3.5190420150756836,0.5444336533546448,-0.6734789609909058
1779998686587378200,48.63237817382812,-3.5304956436157227,-0.03726277872920036,-0.7486153841018677
1779998686603710500,48.64871044921875,-2.582280158996582,-0.4334088861942291,-0.7652614116668701
1779998686620053200,48.66505322265625,-1.6168075799942017,-0.531147301197052,-0.6253733038902283
1779998686636377300,48.68137744140625,-1.2971723079681396,0.06322455406188965,-0.40026944875717163
1779998686652710000,48.6977099609375,-1.389107584953308,0.8203920125961304,-0.36972618103027344
1779998686669029600,48.71402954101563,-1.7122552394866943,1.7521142959594727,-0.11163562536239624
1779998686685375200,48.730375244140625,-1.945605754852295,1.528384804725647,-0.16508632898330688
1779998686701707000,48.74670703125,-1.8967366218566895,1.1968377828598022,-0.1996002197265625
1779998686718029000,48.763029052734375,-1.3220651149749756,2.420858860015869,0.018936822190880775
1779998686734372400,48.77937231445313,-0.8494081497192383,4.2000041007995605,0.2295326143503189
1779998686750707500,48.79570751953125,-0.9427177906036377,4.749935626983643,0.4715879559516907
1779998686767039700,48.81203979492187,-1.3691017627716064,4.470769882202148,1.363909363746643
1779998686783373000,48.828373046875,-2.5667030811309814,3.774078130722046,1.2421945333480835
1779998686799704600,48.84470458984375,-2.9463558197021484,3.9432878494262695,0.24159720540046692
1779998686816052200,48.86105224609375,-3.590054988861084,4.676020622253418,-0.6534730792045593
1779998686832390400,48.877390380859374,-4.526206016540527,5.219996452331543,-1.4141530990600586
1779998686848702000,48.893701904296876,-5.398368835449219,5.985868453979492,-1.8183931112289429
1779998686865049000,48.91004907226562,-5.948300361633301,6.796486854553223,-2.0755674839019775
1779998686881366800,48.92636669921875,-6.17752742767334,6.987076759338379,-1.5173892974853516
1779998686897717200,48.94271728515625,-6.283665180206299,7.677812576293945,-0.2477058619260788
1779998686914030600,48.95903051757813,-6.146525859832764,8.457123756408691,0.7828238010406494
1779998686930370800,48.97537084960938,-5.148219585418701,7.727750778198242,1.3237450122833252
1779998686946690600,48.991690673828124,-4.627762317657471,4.894404888153076,1.987450122833252
1779998686963033600,49.00803369140625,-4.500397205352783,2.026850938796997,2.8790078163146973
1779998686979368000,49.02436791992187,-4.725195407867432,0.5598580241203308,3.6271650791168213
1779998686995696400,49.0406962890625,-4.8614182472229,1.0131200551986694,4.062864780426025
1779998687012051000,49.05705102539063,-4.553695201873779,2.4132232666015625,4.373489856719971
1779998687028369000,49.073368896484375,-3.606395721435547,3.2391128540039062,4.592179298400879
1779998687044708900,49.089708984375,-2.633134603500366,4.796972274780273,4.400215148925781
1779998687061033500,49.106033447265624,-2.133294105529785,5.176319599151611,3.741396903991699
1779998687077379000,49.12237915039063,-2.2843306064605713,3.2091805934906006,2.6393959522247314
1779998687093692700,49.13869262695312,-2.6933047771453857,2.715906858444214,1.9529361724853516
1779998687110019600,49.15501953125,-3.075859308242798,2.3385448455810547,1.4039210081100464
1779998687126351400,49.17135131835938,-3.098308563232422,0.959669291973114,0.7250970602035522
1779998687142685000,49.18768481445313,-2.45980167388916,-0.7559457421302795,0.00045814894838258624
1779998687159016700,49.2040166015625,-1.6326900720596313,-0.749531626701355,-0.5180137157440186
1779998687175350300,49.22035034179687,-0.7254024744033813,0.4447098970413208,-0.8124507665634155
1779998687191683300,49.23668334960937,-0.022143865004181862,1.513113260269165,-0.9086620807647705
1779998687208018400,49.25301831054688,0.19486601650714874,1.5511395931243896,-0.9275988936424255
1779998687224348200,49.26934814453125,0.05711590126156807,0.9059131741523743,-0.8787296414375305
1779998687240683300,49.28568334960938,-0.04398229718208313,0.7324274182319641,-0.7057020664215088
1779998687257016600,49.3020166015625,0.01710422709584236,0.6070473194122314,-0.3799581825733185
1779998687273348600,49.3183486328125,0.1463022232055664,0.44058656692504883,0.06902777403593063
1779998687289680400,49.334680419921874,0.2548835277557373,0.3219259977340698,0.34544429183006287
1779998687306014200,49.35101416015625,0.2871066629886627,0.3153591752052307,0.17180584371089935
1779998687322347300,49.36734716796875,0.2643519341945648,0.4810563921928406,-0.2041817009449005
1779998687338678500,49.38367846679687,0.3078760802745819,0.4660901725292206,-0.43249258399009705
1779998687355014000,49.400013916015624,0.39354994893074036,0.20586158335208893,-0.34315356612205505
1779998687371345400,49.416345458984374,0.48869219422340393,0.027030786499381065,-0.2093740701675415
1779998687387679500,49.432679443359376,0.6298020482063293,0.18631389737129211,0.06979135423898697
1779998687404013800,49.44901391601562,0.45265114307403564,-0.3845396637916565,0.24266621470451355
1779998687420353300,49.465353271484375,0.3312416672706604,-1.2049317359924316,0.10812314599752426
1779998687436690200,49.481690185546874,0.2848159074783325,-0.9761626720428467,-0.3010038435459137
1779998687453023500,49.4980234375,0.21212296187877655,-0.08796459436416626,-0.7773260474205017
