time,seconds_elapsed,z,y,x
1779964880650295300,0.12629541015625,-0.22021691501140594,-2.0036380290985107,0.5850561857223511
1779964880666627800,0.1426279296875,-0.23609942197799683,-3.1696269512176514,0.5232060551643372
1779964880682952000,0.158951904296875,-0.48685958981513977,-3.9987239837646484,0.45295658707618713
1779964880699283000,0.175282958984375,-0.9783006906509399,-3.9350411891937256,0.265573650598526
1779964880715625500,0.19162548828125,-1.4311045408248901,-3.4219143390655518,-0.07681630551815033
1779964880731968300,0.20796826171875,-1.5117387771606445,-2.598620653152466,-0.22540926933288574
1779964880748272000,0.224272216796875,-1.2487612962722778,-1.0974193811416626,-0.2863430976867676
1779964880764606200,0.240606201171875,-0.6417139172554016,-0.3927863538265228,-0.22861631214618683
1779964880780931800,0.256931884765625,-0.3651446998119354,-1.4300355911254883,0.27290403842926025
1779964880797270300,0.273270263671875,-0.10231992602348328,-2.437047004699707,0.5962044596672058
1779964880813595400,0.289595458984375,0.39248090982437134,-2.7342329025268555,0.932485818862915
1779964880829926100,0.305926025390625,0.6258314251899719,-1.6001615524291992,1.0241155624389648
1779964880846272500,0.3222724609375,0.7237225770950317,-0.7915286421775818,0.9669997096061707
1779964880862583000,0.3385830078125,0.7898487448692322,-1.0170906782150269,0.8868235945701599
1779964880878929400,0.354929443359375,1.467145562171936,-1.521665334701538,0.6287330389022827
1779964880895259100,0.371259033203125,1.2263119220733643,-1.690264105796814,0.5377141237258911
1779964880911589400,0.38758935546875,0.5207626223564148,-1.140485405921936,0.8205447196960449
1779964880927917300,0.403917236328125,0.32650747895240784,-1.209971308708191,1.1572842597961426
1779964880944249900,0.420249755859375,0.2561052441596985,-1.6264287233352661,1.2811371088027954
1779964880960579300,0.436579345703125,0.30573806166648865,-0.8237518072128296,1.0560332536697388
1779964880976909600,0.45290966796875,0.4053090810775757,-0.21731531620025635,0.7098253965377808
1779964880993235500,0.4692353515625,0.42378777265548706,-0.5407684445381165,0.5164865851402283
1779964881009572900,0.48557275390625,0.6997461318969727,-1.3658946752548218,0.6397286057472229
1779964881025896700,0.501896728515625,2.629774808883667,-2.115579128265381,1.4095715284347534
1779964881042232000,0.518232177734375,2.3408355712890625,-1.547932505607605,2.166433572769165
1779964881058558000,0.534557861328125,0.736245334148407,-1.7124079465866089,1.6349807977676392
1779964881074889700,0.5508896484375,0.3778201639652252,-1.9372063875198364,0.6449210047721863
1779964881091215400,0.56721533203125,1.1383473873138428,-1.707215666770935,0.423329621553421
1779964881107552000,0.583552001953125,1.7119498252868652,-1.887115478515625,0.7446447610855103
1779964881123881000,0.599880859375,2.060601234436035,-2.5641069412231445,1.4378241300582886
1779964881140191000,0.61619091796875,2.160783052444458,-3.598301649093628,2.2632558345794678
1779964881156522800,0.632522705078125,2.174833059310913,-4.682740211486816,2.7091872692108154
1779964881172839000,0.6488388671875,2.420706272125244,-5.633552074432373,2.914438009262085
1779964881189187800,0.665187744140625,3.0335566997528076,-5.392718315124512,2.9975156784057617
1779964881205502500,0.68150244140625,3.8539488315582275,-3.584404468536377,2.4781274795532227
1779964881221846000,0.697845947265625,4.380514621734619,-1.7160731554031372,1.2406673431396484
1779964881238166500,0.71416650390625,4.416861057281494,-1.0528262853622437,0.3897320330142975
1779964881254506200,0.73050634765625,4.164421081542969,-1.2286027669906616,0.06322455406188965
1779964881270835500,0.74683544921875,3.8403570652008057,-1.6731599569320679,0.15882496535778046
1779964881287166200,0.763166259765625,3.752392530441284,-1.7548631429672241,0.3930917978286743
1779964881303495200,0.7794951171875,3.9457314014434814,-1.232573390007019,0.5902485251426697
1779964881319824600,0.79582470703125,3.9660425186157227,-0.3217732608318329,0.6753115057945251
1779964881336146000,0.81214599609375,3.6806159019470215,0.10644327104091644,0.6882924437522888
1779964881352499700,0.828499755859375,3.3599116802215576,0.044287730008363724,0.7499898076057434
1779964881368824800,0.844824951171875,3.3644931316375732,-0.09285151958465576,0.8323038816452026
1779964881385162500,0.86116259765625,3.677103281021118,-0.1820378452539444,0.8600982427597046
1779964881401485000,0.877485107421875,3.874260187149048,0.1108720451593399,0.8645270466804504
1779964881417824300,0.89382421875,2.911994695663452,-1.5209017992019653,0.18112154304981232
1779964881434145800,0.910145751953125,1.5256359577178955,-2.9385671615600586,-1.0532844066619873
1779964881450478600,0.926478515625,-0.1388191282749176,-3.0854804515838623,-2.300213098526001
1779964881466806500,0.942806640625,-0.06520986557006836,-2.629469394683838,-2.517833709716797
1779964881483110000,0.95910986328125,0.930347740650177,-2.0170769691467285,-1.7869335412979126
1779964881499469600,0.975469482421875,1.6476563215255737,-1.3964380025863647,-1.107956886291504
1779964881515784700,0.99178466796875,1.7008016109466553,-1.5012013912200928,-0.6684392690658569
1779964881532125200,1.008125244140625,1.4159855842590332,-1.4811954498291016,-0.4265366494655609
1779964881548447500,1.024447509765625,0.9686795473098755,-1.1058188676834106,-0.29367345571517944
1779964881564777200,1.040777099609375,0.5974262356758118,-0.6401867866516113,-0.2243402600288391
1779964881581120300,1.057120361328125,0.8022187948226929,-0.3695734739303589,-0.2742784917354584
1779964881597449000,1.073448974609375,1.2386820316314697,-0.4583016633987427,-0.5590944290161133
1779964881613777000,1.08977685546875,1.169806957244873,-0.6006332635879517,-0.9894489645957947
1779964881630112300,1.1061123046875,1.3779592514038086,0.7570147514343262,-1.218676209449768
1779964881646422500,1.122422607421875,2.375044107437134,1.3466523885726929,-1.2695306539535522
1779964881662755600,1.138755615234375,4.3006439208984375,1.0415252447128296,-1.0500773191452026
1779964881679083000,1.1550830078125,3.606548309326172,1.0221302509307861,-0.8260425329208374
1779964881695418600,1.171418701171875,1.554804801940918,-0.6525567770004272,-0.8330674767494202
1779964881711742000,1.187741943359375,0.6137668490409851,-1.5332717895507812,-1.3045027256011963
1779964881728080400,1.204080322265625,1.6294829845428467,0.6805039048194885,-1.1539244651794434
1779964881744403000,1.22040283203125,2.2773056030273438,-0.8886561989784241,-0.8281805515289307
1779964881760739000,1.236739013671875,2.3861923217773438,-1.179580807685852,-0.39553526043891907
1779964881777063000,1.25306298828125,2.300671339035034,-0.40362921357154846,-0.16493362188339233
1779964881793382700,1.269382568359375,2.0370829105377197,0.16539175808429718,-0.07223481684923172
1779964881809726500,1.2857265625,1.8839083909988403,0.9921978712081909,0.3718642294406891
1779964881826034700,1.30203466796875,1.8099937438964844,1.3364204168319702,0.540921151638031
1779964881842403800,1.31840380859375,2.001347303390503,0.644768238067627,-0.15317445993423462
1779964881858733600,1.334733642578125,1.0563386678695679,0.7826710939407349,-0.29016098380088806
1779964881875060200,1.351060302734375,-0.3810271918773651,0.2854267954826355,-0.3549126982688904
1779964881891386000,1.36738623046875,-1.337031364440918,0.5839871764183044,-0.22815817594528198
1779964881907705000,1.383705078125,-2.162921190261841,1.0992519855499268,-0.20372356474399567
1779964881924049200,1.400049072265625,-2.059837579727173,0.9239336848258972,0.00045814894838258624
1779964881940380200,1.416380126953125,-1.138958215713501,1.2264647483825684,0.5287038683891296
1779964881956710000,1.4327099609375,-0.323147714138031,0.6320928335189819,0.3124575614929199
1779964881973041000,1.449041015625,0.6018549799919128,-0.05696318298578262,0.5309945940971375
1779964881989364000,1.465364013671875,0.7637342810630798,-0.2583959996700287,0.4977024495601654
1779964882005705700,1.481705810546875,0.3761402666568756,0.23655757308006287,0.12568552792072296
1779964882022025500,1.498025390625,-0.22876903414726257,0.6911939978599548,-0.19883663952350616
1779964882038363000,1.51436279296875,-0.7669413089752197,0.7887797355651855,-0.2223549485206604
1779964882054682400,1.530682373046875,-0.9865473508834839,0.5403103232383728,0.04764748737215996
1779964882071028000,1.547028076171875,-0.7035640478134155,0.3787364661693573,0.3072652220726013
1779964882087346700,1.5633466796875,-0.47479501366615295,0.1950187236070633,0.4308127164840698
1779964882103677400,1.579677490234375,-0.4335615932941437,0.00015271631127689034,0.3914119005203247
1779964882120010000,1.596010009765625,-0.4492913782596588,-0.12751811742782593,0.2819143235683441
1779964882136312600,1.6123125,-0.2532036304473877,-0.5398521423339844,0.1966986060142517
1779964882152656100,1.62865625,-0.5216789245605469,-0.9095783233642578,0.23105977475643158
1779964882168982800,1.644982666015625,-0.07238753139972687,-1.5920675992965698,0.5687155723571777
1779964882185315800,1.66131591796875,0.5557346343994141,-2.8240299224853516,1.114981770515442
1779964882201646600,1.677646484375,0.821461021900177,-1.2945761680603027,0.8472700715065002
1779964882217976300,1.693976318359375,0.5396994352340698,-1.2701416015625,0.7202101349830627
1779964882234306600,1.710306640625,0.04856378585100174,-3.0894510746002197,0.7831292152404785
1779964882250636000,1.726635986328125,-0.25992316007614136,-2.954144239425659,0.6165157556533813
1779964882266966500,1.742966552734375,0.006108652334660292,-1.5048664808273315,-0.37522396445274353
1779964882283296000,1.7592958984375,0.23655757308006287,1.4981470108032227,-0.8823948502540588
1779964882299613400,1.775613525390625,0.631481945514679,3.718031406402588,-1.3854423761367798
1779964882315946000,1.791946044921875,2.6030495166778564,2.721251964569092,-1.1623238325119019
1779964882332299300,1.80829931640625,4.713588714599609,1.2959506511688232,-1.7440202236175537
1779964882348634400,1.82463427734375,5.084537029266357,1.7954856157302856,-1.4485142230987549
1779964882364960500,1.84096044921875,3.3313536643981934,1.7043139934539795,-0.8074111342430115
1779964882381266700,1.8572666015625,1.471421718597412,0.7874053120613098,0.19379699230194092
1779964882397631000,1.873630859375,0.19593502581119537,-0.00733038317412138,0.36621370911598206
1779964882413940000,1.88993994140625,-0.1287398487329483,0.02871066704392433,0.3335324227809906
1779964882430280400,1.906280517578125,0.0734565481543541,-0.10751228034496307,0.2545780837535858
1779964882446609200,1.922609130859375,0.15622878074645996,-0.21319197118282318,0.3058907687664032
1779964882462936600,1.9389365234375,-0.16279558837413788,-0.056352317333221436,0.28955012559890747
1779964882479285200,1.95528515625,-0.755182147026062,0.6113234162330627,0.058184914290905
1779964882495601200,1.97160107421875,-0.9166033267974854,1.5937473773956299,-0.12140946835279465
1779964882511926000,1.987926025390625,-0.875064492225647,2.3403775691986084,-0.22678372263908386
1779964882528263200,2.00426318359375,-0.6826419234275818,2.19163179397583,-0.3810271918773651
1779964882544590300,2.02059033203125,-0.13118331134319305,1.4477506875991821,-0.7434229850769043
1779964882560920600,2.036920654296875,0.03237585723400116,1.040150761604309,-0.6908885836601257
1779964882577250800,2.053250732421875,-0.2681698501110077,1.0503827333450317,-0.55695641040802
1779964882593580500,2.06958056640625,-0.3168863356113434,0.8058840036392212,-0.6582072973251343
1779964882609906700,2.08590673828125,-0.3052799105644226,0.6362161636352539,-0.9101892113685608
1779964882626228000,2.10222802734375,-0.24083362519741058,0.5887213945388794,-1.0719157457351685
1779964882642541300,2.118541259765625,-0.1547016203403473,0.5765040516853333,-1.0951286554336548
1779964882658883300,2.13488330078125,-0.07712173461914062,0.5984952449798584,-1.0477865934371948
1779964882675223000,2.15122314453125,-0.008857546374201775,0.6879869699478149,-0.9819658994674683
1779964882691546000,2.167546142578125,0.0959058403968811,0.7625125646591187,-0.897513747215271
1779964882707876900,2.183876953125,0.21594086289405823,0.8921687006950378,-0.7562511563301086
1779964882724195800,2.20019580078125,0.3055853247642517,1.0659598112106323,-0.6168211698532104
1779964882740537000,2.216537109375,0.2929098904132843,1.197601318359375,-0.5881105065345764
1779964882756878300,2.23287841796875,0.15683965384960175,1.2079859972000122,-0.6250678896903992
1779964882773197000,2.249197021484375,0.0328340083360672,1.1640037298202515,-0.6111706495285034
1779964882789526000,2.265526123046875,-0.012217304669320583,1.201724648475647,-0.560468852519989
1779964882805857000,2.28185693359375,0.03894266113638878,1.1899654865264893,-0.5389358401298523
1779964882822204700,2.29820458984375,0.1238529309630394,1.078940749168396,-0.5351179838180542
1779964882838531300,2.31453125,0.15577064454555511,1.0885618925094604,-0.5187773108482361
1779964882854855200,2.330855224609375,0.1258382350206375,1.2043207883834839,-0.47250425815582275
1779964882871195100,2.347195068359375,0.09086620807647705,1.23394775390625,-0.3914119005203247
1779964882887518700,2.363518798828125,0.13377949595451355,1.1385000944137573,-0.32940909266471863
1779964882903851800,2.379851806640625,0.09605856239795685,1.168585181236267,-0.28985556960105896
1779964882920175000,2.396175048828125,0.08109235763549805,1.3506230115890503,-0.244804248213768
1779964882936515600,2.412515625,0.13087788224220276,1.5399912595748901,-0.1690569519996643
1779964882952837400,2.42883740234375,0.1996002197265625,1.517236590385437,-0.09789115190505981
1779964882969175300,2.44517529296875,0.24388794600963593,1.5490015745162964,-0.04734205827116966
1779964882985505000,2.461505126953125,0.3949243724346161,1.6125315427780151,-0.05054909735918045
1779964883001809400,2.477809326171875,0.4966334402561188,1.6907222270965576,-0.04993823543190956
1779964883018162400,2.494162353515625,0.6279694437980652,1.6856826543807983,-0.027641652151942253
1779964883034479900,2.51047998046875,0.7507534027099609,1.819003939628601,-0.020005837082862854
1779964883050819600,2.526819580078125,0.9126327037811279,2.0050125122070312,-0.056352317333221436
1779964883067171600,2.543171630859375,1.0855075120925903,2.1908681392669678,-0.11010845750570297
1779964883083482000,2.559482177734375,1.1218540668487549,2.531730890274048,-0.06704246252775192
1779964883099811000,2.57581103515625,1.0155634880065918,3.363424062728882,0.005345070734620094
1779964883116119600,2.59211962890625,0.5904012322425842,4.752073287963867,0.16523905098438263
1779964883132457700,2.608457763671875,0.18936823308467865,5.451056003570557,0.3617849349975586
1779964883148788200,2.624788330078125,-0.04917465150356293,5.932417869567871,0.5372560024261475
1779964883165117400,2.641117431640625,0.06887505948543549,5.911801338195801,0.32070425152778625
1779964883181448400,2.657448486328125,0.4335615932941437,5.463426113128662,-0.4008803069591522
1779964883197774600,2.673774658203125,0.4579962193965912,5.130046367645264,-0.2880229651927948
1779964883214111700,2.69011181640625,0.2733621895313263,4.108832359313965,-0.12828169763088226
1779964883230438000,2.70643798828125,0.2935207486152649,2.69651198387146,-0.1846340149641037
1779964883246768400,2.722768310546875,0.34086281061172485,1.3646728992462158,-0.21563543379306793
1779964883263096600,2.7390966796875,0.3727805018424988,0.5542075037956238,-0.23060162365436554
1779964883279429600,2.7554296875,0.3501785099506378,0.470671683549881,-0.21410827338695526
1779964883295754500,2.77175439453125,0.33536502718925476,0.6180428862571716,-0.15302173793315887
1779964883312089900,2.78808984375,0.29336804151535034,0.8355109095573425,-0.060475658625364304
1779964883328437000,2.80443701171875,0.23426681756973267,0.927446186542511,0.02122756652534008
1779964883344744200,2.820744140625,0.17592918872833252,0.7851145267486572,0.032070424407720566
1779964883361096700,2.8370966796875,0.10354165732860565,0.6317873597145081,0.06154467165470123
1779964883377454000,2.8534541015625,0.02779436856508255,0.3923282027244568,0.21899518370628357
1779964883393751600,2.86975146484375,0.00733038317412138,0.2626720666885376,0.3631593883037567
1779964883410082600,2.88608251953125,0.038026362657547,0.3300199508666992,0.4086688458919525
1779964883426412000,2.902412109375,0.05390885844826698,0.4970915913581848,0.28298333287239075
1779964883442738400,2.918738525390625,0.08735372871160507,0.4216497242450714,0.14355333149433136
1779964883459061800,2.935061767578125,0.08597928285598755,0.2509129047393799,0.0354301854968071
1779964883475398000,2.95139794921875,0.08827003091573715,0.12996158003807068,-0.03833179548382759
1779964883491734300,2.967734375,0.08964447677135468,0.12308934330940247,-0.1088867336511612
1779964883508063000,2.98406298828125,0.08078692853450775,0.1417207419872284,-0.11239920556545258
1779964883524392200,3.00039208984375,0.0503963828086853,0.12965615093708038,-0.07101308554410934
1779964883540718600,3.016718505859375,0.03390302136540413,0.13041973114013672,-0.03222314268350601
1779964883557056000,3.033055908203125,0.01924225501716137,0.1459967941045761,-0.003054326167330146
1779964883573375200,3.049375244140625,0.0065668015740811825,0.13057245314121246,0.017867809161543846
1779964883589720300,3.06572021484375,-0.001679879380390048,0.10445795953273773,0.01237002108246088
1779964883606024700,3.082024658203125,-0.004428773187100887,0.10690141469240189,0.016493361443281174
1779964883622358500,3.098358642578125,-0.004886921960860491,0.15653422474861145,0.010537425056099892
1779964883638689000,3.11468896484375,-0.012522737495601177,0.17409659922122955,0.00931569468230009
1779964883654996700,3.130996826171875,-0.013133603148162365,0.22128593921661377,-0.014355333521962166
1779964883671349200,3.147349365234375,-0.014966198243200779,0.26679539680480957,-0.032070424407720566
1779964883687677200,3.16367724609375,-0.020463986322283745,0.2996293902397156,-0.038026362657547
1779964883704020000,3.18002001953125,-0.02672535367310047,0.32757648825645447,-0.043218716979026794
1779964883720342300,3.19634228515625,-0.03787364438176155,0.33597588539123535,-0.018936822190880775
1779964883736657200,3.2126572265625,-0.05100724846124649,0.27229318022727966,0.023976460099220276
1779964883752999200,3.228999267578125,-0.06704246252775192,0.1661553531885147,0.11591167747974396
1779964883769329700,3.24532958984375,-0.07284568250179291,0.19578230381011963,0.10491610318422318
1779964883785659400,3.261659423828125,-0.06062837690114975,0.23350323736667633,0.01863138936460018
1779964883801989600,3.27798974609375,-0.05268712714314461,0.2886338233947754,-0.04505131021142006
1779964883818332400,3.29433251953125,-0.05146539583802223,0.3404046595096588,-0.06352998316287994
1779964883834654200,3.310654296875,-0.052228979766368866,0.399200439453125,-0.0858265683054924
1779964883850970400,3.326970458984375,-0.04795292019844055,0.4677700698375702,-0.1059851199388504
1779964883867299800,3.3432998046875,-0.04337143152952194,0.5308418869972229,-0.12247848510742188
1779964883883626500,3.35962646484375,-0.02733621932566166,0.5867360830307007,-0.13316862285137177
1779964883899974400,3.375974365234375,-0.012980886735022068,0.6803511381149292,-0.126143679022789
1779964883916299800,3.3922998046875,0.010537425056099892,0.7260133624076843,-0.10002918541431427
1779964883932630300,3.40863037109375,0.05375614017248154,0.7582364678382874,-0.0731511116027832
1779964883948958500,3.42495849609375,0.08109235763549805,0.835358202457428,-0.06352998316287994
1779964883965276400,3.4412763671875,0.09056077152490616,0.8912523984909058,-0.05467243865132332
1779964883981636600,3.45763671875,0.10170906037092209,0.9476047158241272,-0.019089538604021072
1779964883997958700,3.473958740234375,0.12751811742782593,1.05404794216156,0.029168816283345222
1779964884014292200,3.490292236328125,0.1595885455608368,1.1775954961776733,0.017409659922122955
1779964884030625000,3.506625,0.166460782289505,1.211498498916626,-0.0024434609804302454
1779964884046954000,3.5229541015625,0.19257527589797974,1.2623530626296997,-0.078343465924263
1779964884063284200,3.5392841796875,0.2710714638233185,1.3220651149749756,-0.12079860270023346
1779964884079614200,3.5556142578125,0.2698497176170349,1.3005321025848389,-0.10018189996480942
1779964884095923700,3.571923828125,0.38637226819992065,1.3753631114959717,-0.12186761945486069
1779964884112260000,3.588260009765625,0.4392121136188507,1.2563971281051636,-0.15821409225463867
1779964884128589300,3.60458935546875,0.4534147381782532,1.0951286554336548,-0.18570303916931152
1779964884144920300,3.62092041015625,0.6664539575576782,1.0827586650848389,-0.15225815773010254
1779964884161250800,3.637250732421875,0.7483099102973938,0.6798930168151855,-0.12370020896196365
1779964884177580500,3.65358056640625,1.1197160482406616,0.6834055185317993,0.21533000469207764
1779964884193919700,3.669919677734375,1.472490668296814,1.392925500869751,0.5688682794570923
1779964884210244900,3.686244873046875,1.5876387357711792,2.162921190261841,0.7582364678382874
1779964884226567700,3.702567626953125,1.6354389190673828,2.398409605026245,0.774118959903717
1779964884242903800,3.71890380859375,1.8332066535949707,2.7233898639678955,0.584750771522522
1779964884259229400,3.7352294921875,1.7806721925735474,3.550806999206543,0.247094988822937
1779964884275547600,3.751547607421875,1.8680258989334106,4.082412242889404,0.11468994617462158
1779964884291891000,3.767890869140625,1.6525431871414185,3.947869300842285,-0.06062837690114975
1779964884308243000,3.784242919921875,1.4937182664871216,3.8116464614868164,-0.016493361443281174
1779964884324564200,3.800564208984375,1.1136072874069214,4.800637245178223,0.02886338345706463
1779964884340899000,3.816899169921875,1.069472312927246,5.041317939758301,0.2431243658065796
1779964884357226000,3.83322607421875,1.2997685670852661,4.420373439788818,0.5639813542366028
1779964884373550300,3.84955029296875,1.2664763927459717,4.175569534301758,0.49495357275009155
1779964884389887000,3.865886962890625,0.5010622143745422,2.0305161476135254,0.3124575614929199
1779964884406211000,3.882211181640625,-0.036193765699863434,-0.22449298202991486,-0.3663664162158966
1779964884422549500,3.898549560546875,0.1840231567621231,-0.48090365529060364,-0.4758640229701996
1779964884438875400,3.91487548828125,0.06154467165470123,-0.7040221691131592,-0.4103487432003021
1779964884455203800,3.931203857421875,0.018325956538319588,-1.8391625881195068,-0.6516404747962952
1779964884471531000,3.947531005859375,-0.010842857882380486,-5.628970623016357,-1.1911872625350952
1779964884487868700,3.96386865234375,-0.005803219974040985,-5.9307379722595215,-0.9329439401626587
1779964884504189000,3.98018896484375,-0.12247848510742188,-4.731609344482422,-1.030071496963501
1779964884520529200,3.996529052734375,-0.18784105777740479,-1.1357512474060059,-0.6627888083457947
1779964884536856000,4.01285595703125,-0.11835514008998871,-1.3329079151153564,-0.3982841372489929
1779964884553185800,4.029185791015625,-0.1615738570690155,-1.697136402130127,-0.29794952273368835
1779964884569514000,4.045513916015625,-0.2376265823841095,-1.695609211921692,-0.47418415546417236
1779964884585816300,4.06181640625,-0.2041817009449005,-1.7362316846847534,-0.48090365529060364
1779964884602162000,4.078161865234375,-0.197004035115242,-1.9390389919281006,-0.44104471802711487
1779964884618479000,4.09447900390625,-0.18799377977848053,-1.7705929279327393,-0.34406983852386475
1779964884634822000,4.11082177734375,-0.1485929638147354,-1.4566081762313843,-0.17012597620487213
1779964884651137500,4.127137451171875,-0.12461651116609573,-1.2021827697753906,-0.08704829961061478
1779964884667481300,4.1434814453125,-0.11591167747974396,-0.874453604221344,-0.003054326167330146
1779964884683829500,4.15982958984375,-0.10476338863372803,-0.5703954100608826,0.11010845750570297
1779964884700138800,4.176138671875,-0.09162978827953339,-0.42898011207580566,0.1388191282749176
1779964884716472600,4.19247265625,-0.08445212244987488,-0.2938261926174164,0.11514809727668762
1779964884732802300,4.20880224609375,-0.07773260027170181,-0.19074267148971558,0.10323622822761536
1779964884749132300,4.22513232421875,-0.07131851464509964,-0.11301007121801376,0.08521570265293121
1779964884765462000,4.2414619140625,-0.05849034711718559,-0.03680463135242462,0.06123924255371094
1779964884781793000,4.25779296875,-0.038179077208042145,0.02168571576476097,0.03787364438176155
1779964884798126000,4.2741259765625,-0.024129176512360573,0.07376197725534439,0.02535090781748295
1779964884814466800,4.290466796875,-0.010079276748001575,0.05650503560900688,-0.026419922709465027
1779964884830795800,4.306795654296875,-0.0006108652451075613,0.01542434748262167,-0.11545353382825851
1779964884847106000,4.32310595703125,0.004734205547720194,0.076052725315094,-0.16203200817108154
1779964884863459300,4.339459228515625,0.002138028386980295,0.16920967400074005,-0.13454307615756989
1779964884879786800,4.355786865234375,0,0.256868839263916,-0.06750060617923737
1779964884896102000,4.372101806640625,-0.001832595793530345,0.31062498688697815,0.01160643994808197
1779964884912447200,4.388447265625,0.00015271631127689034,0.33536502718925476,0.06887505948543549
1779964884928756700,4.4047568359375,0.0074830991216003895,0.3381139039993286,0.08903361111879349
1779964884945106400,4.4211064453125,0.01725694350898266,0.3344487249851227,0.09376781433820724
1779964884961419800,4.437419677734375,0.02367102913558483,0.3649919927120209,0.07895433157682419
1779964884977753600,4.453753662109375,0.02733621932566166,0.42149701714515686,0.06383541971445084
1779964884994097700,4.47009765625,0.03130684420466423,0.4671591818332672,0.050854530185461044
1779964885010427400,4.486427490234375,0.032070424407720566,0.4715879559516907,0.033597588539123535
1779964885026756000,4.502756103515625,0.02977968007326126,0.455705463886261,0.015118914656341076
1779964885043087400,4.51908740234375,0.02733621932566166,0.4358523488044739,0.005955935921519995
1779964885059400000,4.53539990234375,0.023060163483023643,0.4210388660430908,-0.005039638374000788
1779964885075730200,4.551730224609375,0.019547687843441963,0.4115704596042633,-0.030695978552103043
1779964885092058400,4.568058349609375,0.01771509274840355,0.4011857509613037,-0.04566217586398125
1779964885108397000,4.58439697265625,0.018325956538319588,0.3856086730957031,-0.04245513305068016
1779964885124720400,4.600720458984375,0.019547687843441963,0.35735616087913513,-0.02687807008624077
1779964885141057300,4.617057373046875,0.021991148591041565,0.3068070709705353,0.003512475173920393
1779964885157393400,4.633393310546875,0.023060163483023643,0.23915374279022217,0.035582900047302246
1779964885173731600,4.649731689453125,0.021380282938480377,0.16264286637306213,0.05406157299876213
1779964885190051000,4.666051025390625,0.01618792861700058,0.08781187981367111,0.04841107130050659
1779964885206382300,4.68238232421875,0.009468411095440388,0.03145955875515938,0.025045474991202354
1779964885222703900,4.698703857421875,0.004428773187100887,-0.013897184282541275,0.003817907767370343
1779964885239034000,4.7150341796875,0,-0.044745877385139465,-0.007635815534740686
1779964885255363600,4.731363525390625,-0.003512475173920393,-0.07009678333997726,-0.012064588256180286
1779964885271694300,4.7476943359375,-0.004734205547720194,-0.09712757170200348,-0.013286318629980087
1779964885288017400,4.764017333984375,-0.007024950347840786,-0.11881329119205475,-0.01725694350898266
1779964885304385300,4.78038525390625,-0.007635815534740686,-0.13759739696979523,-0.022449297830462456
1779964885320697900,4.79669775390625,-0.008704829961061478,-0.15164729952812195,-0.03039054572582245
1779964885337029000,4.813029052734375,-0.008246680721640587,-0.16081027686595917,-0.03726277872920036
1779964885353338000,4.829338134765625,-0.009926560334861279,-0.16294831037521362,-0.04184427112340927
1779964885369692700,4.845692626953125,-0.01038470957428217,-0.16768251359462738,-0.04260785132646561
1779964885386018000,4.86201806640625,-0.010995574295520782,-0.17379115521907806,-0.03848451003432274
1779964885402348300,4.878348388671875,-0.012522737495601177,-0.1774563491344452,-0.02687807008624077
1779964885418678500,4.894678466796875,-0.01237002108246088,-0.17409659922122955,-0.014966198243200779
1779964885435008500,4.911008544921875,-0.011453723534941673,-0.16569720208644867,-0.00366519158706069
1779964885451342300,4.92734228515625,-0.009621127508580685,-0.14844025671482086,0.008857546374201775
1779964885467665200,4.9436650390625,-0.009010262787342072,-0.12217304855585098,0.01817324012517929
1779964885483992800,4.959992919921875,-0.006108652334660292,-0.08964447677135468,0.025045474991202354
1779964885500333000,4.9763330078125,-0.004734205547720194,-0.056352317333221436,0.026572637259960175
1779964885516659200,4.9926591796875,-0.003359758760780096,-0.02687807008624077,0.025503624230623245
1779964885532989000,5.008989013671875,-0.0032070425804704428,-0.001832595793530345,0.019089538604021072
1779964885549319000,5.02531884765625,-0.0022907445672899485,0.01664607785642147,0.011453723534941673
1779964885565632300,5.04163232421875,-0.0010690141934901476,0.029016099870204926,0.006261368747800589
1779964885581965000,5.057965087890625,0.0006108652451075613,0.03833179548382759,0.00045814894838258624
1779964885598295600,5.074295654296875,0.001832595793530345,0.043218716979026794,-0.003512475173920393
1779964885614612200,5.0906123046875,0.001832595793530345,0.04886921867728233,-0.005955935921519995
1779964885630955800,5.106955810546875,0.003359758760780096,0.04917465150356293,-0.003512475173920393
1779964885647285500,5.123285400390625,0.00427605677396059,0.04764748737215996,-0.001679879380390048
1779964885663632600,5.139632568359375,0.0039706239476799965,0.044745877385139465,-0.00015271631127689034
1779964885679943000,5.15594287109375,0.00366519158706069,0.04214970022439957,-0.0010690141934901476
1779964885696273000,5.17227294921875,0.004734205547720194,0.03573561832308769,-0.001527163083665073
1779964885712605700,5.188605712890625,0.0027488935738801956,0.03222314268350601,-0.002138028386980295
1779964885728935000,5.204934814453125,0.0024434609804302454,0.02687807008624077,-0.0032070425804704428
1779964885745266000,5.221265869140625,0.0024434609804302454,0.020005837082862854,-0.0003054326225537807
1779964885761596700,5.2375966796875,0.0022907445672899485,0.01542434748262167,-0.0032070425804704428
1779964885777926000,5.25392578125,0.0010690141934901476,0.009621127508580685,-0.0019853119738399982
1779964885794273000,5.27027294921875,0.0019853119738399982,0.0027488935738801956,-0.00045814894838258624
1779964885810599700,5.286599609375,0.0007635815418325365,-0.004123340360820293,0.0012217304902151227
1779964885826915800,5.302915771484375,-0.00045814894838258624,-0.008399397134780884,0.001527163083665073
1779964885843260400,5.319260498046875,-0.0006108652451075613,-0.012064588256180286,0.001679879380390048
1779964885859588400,5.33558837890625,-0.0010690141934901476,-0.015577063895761967,0.0019853119738399982
1779964885875904000,5.351904052734375,-0.0013744467869400978,-0.016493361443281174,0.0003054326225537807
1779964885892230000,5.36822998046875,-0.001527163083665073,-0.017409659922122955,0
1779964885908584000,5.384583984375,-0.0012217304902151227,-0.015271631069481373,-0.0027488935738801956
1779964885924907800,5.40090771484375,-0.00045814894838258624,-0.013591751456260681,-0.003054326167330146
1779964885941243100,5.4172431640625,-0.0013744467869400978,-0.011759156361222267,-0.0027488935738801956
1779964885957554200,5.43355419921875,-0.0003054326225537807,-0.008246680721640587,-0.0029016099870204926
1779964885973900300,5.449900390625,-0.0003054326225537807,-0.0065668015740811825,-0.0012217304902151227
1779964885990231000,5.46623095703125,-0.0003054326225537807,-0.0039706239476799965,-0.0019853119738399982
1779964886006558700,5.482558837890625,-0.0003054326225537807,0.00015271631127689034,-0.00045814894838258624
1779964886022887200,5.49888720703125,0.00015271631127689034,-0.0006108652451075613,-0.0009162978967651725
1779964886039240000,5.515239990234375,0.00015271631127689034,-0.0006108652451075613,-0.001679879380390048
1779964886055534000,5.5315341796875,0.00015271631127689034,-0.002138028386980295,-0.001679879380390048
1779964886071867400,5.547867431640625,0.0007635815418325365,0.0012217304902151227,-0.0027488935738801956
1779964886088197600,5.56419775390625,0.0010690141934901476,0.004123340360820293,-0.0024434609804302454
1779964886104526600,5.580526611328125,0.0010690141934901476,0.00427605677396059,-0.005955935921519995
1779964886120857300,5.596857421875,0.0012217304902151227,0.006872233934700489,-0.003054326167330146
1779964886137187300,5.613187255859375,0.0003054326225537807,0.008246680721640587,-0.0009162978967651725
1779964886153533200,5.629533203125,0.0009162978967651725,0.00809396430850029,-0.0013744467869400978
1779964886169865000,5.645864990234375,0.0010690141934901476,0.008857546374201775,-0.002138028386980295
1779964886186175200,5.66217529296875,0.0010690141934901476,0.009773843921720982,-0.001832595793530345
1779964886202507800,5.6785078125,0.0010690141934901476,0.010842857882380486,-0.00366519158706069
1779964886218840000,5.694840087890625,0.0010690141934901476,0.011759156361222267,-0.0039706239476799965
1779964886235166500,5.71116650390625,0.0009162978967651725,0.009926560334861279,-0.003359758760780096
1779964886251497200,5.727497314453125,0.0003054326225537807,0.00809396430850029,-0.003512475173920393
1779964886267828000,5.743827880859375,0.0006108652451075613,0.003817907767370343,-0.003817907767370343
1779964886284176000,5.76017578125,0.00015271631127689034,0.001679879380390048,-0.003359758760780096
1779964886300502800,5.776502685546875,0.0003054326225537807,-0.0029016099870204926,-0.004886921960860491
1779964886316831200,5.792831298828125,0.0009162978967651725,-0.004123340360820293,-0.002138028386980295
1779964886333162000,5.809161865234375,0,-0.004886921960860491,-0.0029016099870204926
1779964886349508900,5.8255087890625,-0.0003054326225537807,-0.0065668015740811825,-0.0012217304902151227
1779964886365825300,5.8418251953125,-0.0003054326225537807,-0.009162978269159794,-0.0009162978967651725
1779964886382154000,5.858154052734375,-0.00045814894838258624,-0.01038470957428217,0.00015271631127689034
1779964886398482400,5.874482421875,-0.0003054326225537807,-0.00855211354792118,0
1779964886414813000,5.89081298828125,-0.0007635815418325365,-0.008399397134780884,-0.0019853119738399982
1779964886431145200,5.907145263671875,-0.0003054326225537807,-0.005192354787141085,-0.0012217304902151227
1779964886447468500,5.923468505859375,-0.0003054326225537807,-0.002138028386980295,-0.0003054326225537807
1779964886463803100,5.93980322265625,0.00045814894838258624,-0.0019853119738399982,-0.00015271631127689034
1779964886480132900,5.9561328125,-0.00015271631127689034,-0.00045814894838258624,0.00015271631127689034
1779964886496463600,5.972463623046875,0.0007635815418325365,0.0012217304902151227,-0.0007635815418325365
1779964886512794000,5.988794189453125,-0.00015271631127689034,0.003512475173920393,0
1779964886529122800,6.005122802734375,0.0009162978967651725,0.0027488935738801956,-0.0006108652451075613
1779964886545436200,6.021436279296875,0.0003054326225537807,0.004734205547720194,0.00015271631127689034
1779964886561769700,6.037769775390625,0.0010690141934901476,0.003512475173920393,-0.0003054326225537807
1779964886578100000,6.054099853515625,0.00015271631127689034,0.0032070425804704428,0.00015271631127689034
1779964886594429700,6.0704296875,0.0009162978967651725,0.003817907767370343,0
1779964886610757600,6.086757568359375,0.00015271631127689034,0.003054326167330146,-0.00015271631127689034
1779964886627089200,6.103089111328125,0.0009162978967651725,0.0027488935738801956,0.0007635815418325365
1779964886643440000,6.119440185546875,-0.00015271631127689034,0.00015271631127689034,-0.00045814894838258624
1779964886659764200,6.13576416015625,-0.0003054326225537807,0.00045814894838258624,0.0006108652451075613
1779964886676067300,6.1520673828125,-0.00015271631127689034,-0.0010690141934901476,-0.00015271631127689034
1779964886692410000,6.16841015625,0.00015271631127689034,-0.002138028386980295,0.00045814894838258624
1779964886708740600,6.18474072265625,0,-0.001832595793530345,0.00045814894838258624
1779964886725070300,6.2010703125,0.0007635815418325365,-0.003817907767370343,0.0003054326225537807
1779964886741401000,6.217401123046875,0.00045814894838258624,-0.003054326167330146,0.001679879380390048
1779964886757717000,6.233717041015625,-0.00015271631127689034,-0.003359758760780096,-0.0003054326225537807
1779964886774064600,6.250064697265625,0.0006108652451075613,-0.004428773187100887,0.0010690141934901476
1779964886790389000,6.266388916015625,-0.0003054326225537807,-0.0024434609804302454,0.0003054326225537807
1779964886806744000,6.282744140625,0.0007635815418325365,-0.0010690141934901476,0.0013744467869400978
1779964886823058400,6.299058349609375,0.00015271631127689034,-0.0029016099870204926,0.0013744467869400978
1779964886839383300,6.31538330078125,0.0007635815418325365,-0.0025961773935705423,0.0024434609804302454
1779964886855724500,6.331724609375,-0.0003054326225537807,-0.0010690141934901476,0.00045814894838258624
1779964886872050400,6.348050537109375,0.0006108652451075613,-0.0003054326225537807,-0.0009162978967651725
1779964886888386000,6.364385986328125,0.00045814894838258624,0.0022907445672899485,-0.00015271631127689034
1779964886904716000,6.380716064453125,0.0007635815418325365,0.0024434609804302454,0
1779964886921041000,6.397041015625,0,0.0013744467869400978,-0.0019853119738399982
1779964886937379600,6.413379638671875,-0.0003054326225537807,0.001527163083665073,-0.001527163083665073
1779964886953703400,6.429703369140625,0.00015271631127689034,0.0013744467869400978,-0.0007635815418325365
1779964886970046700,6.446046630859375,0,0.001832595793530345,0.0010690141934901476
1779964886986360800,6.46236083984375,0.0006108652451075613,0.0022907445672899485,0.0010690141934901476
1779964887002695700,6.47869580078125,0.0003054326225537807,0.002138028386980295,0
1779964887019023400,6.4950234375,0.001527163083665073,0.0012217304902151227,-0.0006108652451075613
1779964887035345000,6.511344970703125,-0.00015271631127689034,0.0006108652451075613,0.0006108652451075613
1779964887051655400,6.527655517578125,0.00015271631127689034,-0.00045814894838258624,0.0009162978967651725
1779964887067990300,6.543990234375,0.0007635815418325365,-0.0006108652451075613,0.0019853119738399982
1779964887084335000,6.560335205078125,-0.00015271631127689034,0.00015271631127689034,0.0012217304902151227
1779964887100662800,6.576662841796875,-0.00015271631127689034,-0.001679879380390048,0.0012217304902151227
1779964887116992500,6.592992431640625,-0.0003054326225537807,-0.002138028386980295,0
1779964887133340700,6.609340576171875,-0.00015271631127689034,-0.003054326167330146,0.0010690141934901476
1779964887149658600,6.62565869140625,-0.0003054326225537807,-0.002138028386980295,-0.00045814894838258624
1779964887165983500,6.6419833984375,0.00045814894838258624,-0.0007635815418325365,0.0006108652451075613
1779964887182312200,6.658312255859375,0.0009162978967651725,-0.002138028386980295,0.0007635815418325365
1779964887198643700,6.674643798828125,0.00015271631127689034,-0.0022907445672899485,-0.00045814894838258624
1779964887214972400,6.690972412109375,-0.0003054326225537807,-0.0019853119738399982,-0.0003054326225537807
1779964887231303200,6.70730322265625,0.00045814894838258624,-0.0006108652451075613,0.0009162978967651725
1779964887247633000,6.7236328125,0.0009162978967651725,-0.00015271631127689034,0.0012217304902151227
1779964887263963100,6.739963134765625,0.00045814894838258624,0.0007635815418325365,-0.0006108652451075613
1779964887280310800,6.756310791015625,-0.00015271631127689034,-0.0003054326225537807,0.0003054326225537807
1779964887296638000,6.772637939453125,0,0.0009162978967651725,0.0003054326225537807
1779964887312962600,6.788962646484375,0.00015271631127689034,0.0024434609804302454,-0.0007635815418325365
1779964887329291300,6.805291259765625,0.0010690141934901476,0.0027488935738801956,-0.0012217304902151227
1779964887345631500,6.821631591796875,0.0013744467869400978,0.002138028386980295,-0.0007635815418325365
1779964887361962000,6.8379619140625,0.00015271631127689034,0.0007635815418325365,-0.00045814894838258624
1779964887378287000,6.854287109375,0.0010690141934901476,0.001679879380390048,0.001527163083665073
1779964887394617000,6.8706171875,0.0009162978967651725,0.0022907445672899485,0.0013744467869400978
1779964887410947600,6.886947509765625,0.0009162978967651725,0.0007635815418325365,-0.00015271631127689034
1779964887427274000,6.90327392578125,0.0006108652451075613,0,-0.0006108652451075613
1779964887443611400,6.919611328125,0.0009162978967651725,-0.00015271631127689034,0.0003054326225537807
1779964887459933000,6.935932861328125,0.0007635815418325365,-0.001679879380390048,0.0006108652451075613
1779964887476254500,6.95225439453125,-0.00015271631127689034,0,-0.0003054326225537807
1779964887492582000,6.968581787109375,0.00015271631127689034,0.0006108652451075613,0.00045814894838258624
1779964887508927500,6.984927490234375,0.0006108652451075613,0.00045814894838258624,0.00015271631127689034
1779964887525241000,7.001240966796875,0.00015271631127689034,0.0006108652451075613,0.0006108652451075613
1779964887541575000,7.017574951171875,0.00015271631127689034,0.0003054326225537807,-0.0006108652451075613
1779964887557905200,7.0339052734375,-0.00015271631127689034,0.0006108652451075613,0.0010690141934901476
1779964887574234600,7.050234619140625,-0.00015271631127689034,0.002138028386980295,-0.0010690141934901476
1779964887590563800,7.066563720703125,-0.00015271631127689034,0.0007635815418325365,-0.0009162978967651725
1779964887606894600,7.08289453125,-0.00015271631127689034,-0.0006108652451075613,-0.001527163083665073
1779964887623246000,7.09924609375,0,-0.0010690141934901476,-0.001832595793530345
1779964887639569000,7.11556884765625,0.0007635815418325365,-0.0009162978967651725,0.0003054326225537807
1779964887655891000,7.131890869140625,0,-0.0012217304902151227,0.0006108652451075613
1779964887672211700,7.148211669921875,0.0003054326225537807,-0.00015271631127689034,-0.0010690141934901476
1779964887688545500,7.164545654296875,-0.00015271631127689034,0,-0.001527163083665073
1779964887704875000,7.180875,0.0007635815418325365,-0.00015271631127689034,0.0003054326225537807
1779964887721196000,7.197196044921875,0,-0.0007635815418325365,0.001527163083665073
1779964887737535500,7.213535400390625,-0.00015271631127689034,0.0007635815418325365,-0.001527163083665073
1779964887753866000,7.229865966796875,0.0010690141934901476,0.00015271631127689034,-0.00045814894838258624
1779964887770209300,7.246209228515625,0.0009162978967651725,0.00015271631127689034,0
1779964887786550500,7.262550537109375,-0.00015271631127689034,0,-0.0003054326225537807
1779964887802869800,7.278869873046875,0.0007635815418325365,0.00015271631127689034,-0.0012217304902151227
1779964887819195100,7.295195068359375,0,0.0003054326225537807,-0.0013744467869400978
1779964887835534600,7.31153466796875,0.0007635815418325365,-0.0009162978967651725,-0.0009162978967651725
1779964887851820500,7.327820556640625,-0.0003054326225537807,-0.00015271631127689034,0.0003054326225537807
1779964887868177200,7.34417724609375,-0.0003054326225537807,-0.0010690141934901476,-0.0006108652451075613
1779964887884522200,7.360522216796875,0.00015271631127689034,-0.0003054326225537807,-0.0007635815418325365
1779964887900832800,7.376832763671875,0.00015271631127689034,0.0013744467869400978,-0.0009162978967651725
1779964887917175000,7.393175048828125,-0.00015271631127689034,0.00015271631127689034,-0.0007635815418325365
1779964887933514500,7.409514404296875,0,-0.00015271631127689034,0.0012217304902151227
1779964887949824500,7.425824462890625,0.0006108652451075613,0,-0.00015271631127689034
1779964887966170400,7.44217041015625,0.0010690141934901476,0.0010690141934901476,-0.00045814894838258624
1779964887982501400,7.45850146484375,0.00015271631127689034,0.002138028386980295,-0.001527163083665073
1779964887998831000,7.4748310546875,0.0006108652451075613,0.0009162978967651725,-0.001527163083665073
1779964888015144200,7.491144287109375,0.0009162978967651725,0,-0.0003054326225537807
1779964888031475500,7.507475341796875,0.0003054326225537807,0.0003054326225537807,-0.00045814894838258624
1779964888047815200,7.523815185546875,0.0009162978967651725,0.0024434609804302454,0.001832595793530345
1779964888064137500,7.540137451171875,0.0006108652451075613,0.0012217304902151227,0.0003054326225537807
1779964888080466200,7.556466064453125,0.0007635815418325365,0.0003054326225537807,0.0003054326225537807
1779964888096799000,7.572799072265625,-0.00015271631127689034,0.00015271631127689034,0.00045814894838258624
1779964888113145600,7.5891455078125,0.00015271631127689034,0.001832595793530345,0.001679879380390048
1779964888129471500,7.605471435546875,0,0.0007635815418325365,0.0006108652451075613
1779964888145801700,7.6218017578125,0.0007635815418325365,-0.0006108652451075613,-0.0003054326225537807
1779964888162114300,7.6381142578125,0.0009162978967651725,0.0006108652451075613,0.0010690141934901476
1779964888178448600,7.65444873046875,0.0007635815418325365,0.001527163083665073,-0.00015271631127689034
1779964888194778400,7.6707783203125,0.0006108652451075613,0.0012217304902151227,-0.00045814894838258624
1779964888211108400,7.6871083984375,0.00015271631127689034,0.0024434609804302454,-0.0022907445672899485
1779964888227436500,7.7034365234375,0,0.0007635815418325365,-0.001832595793530345
1779964888243766000,7.71976611328125,0.00015271631127689034,0.0029016099870204926,-0.001832595793530345
1779964888260118800,7.736118896484375,0.0006108652451075613,0.0010690141934901476,-0.00015271631127689034
1779964888276462600,7.752462646484375,-0.0003054326225537807,0,0
1779964888292770000,7.76877001953125,0.00045814894838258624,-0.002138028386980295,-0.0006108652451075613
1779964888309103400,7.785103271484375,0.0009162978967651725,-0.0003054326225537807,-0.0010690141934901476
1779964888325432300,7.801432373046875,-0.00015271631127689034,-0.0006108652451075613,-0.0029016099870204926
1779964888341763000,7.81776318359375,0.0006108652451075613,0.0009162978967651725,-0.00045814894838258624
1779964888358091000,7.834091064453125,0.0006108652451075613,-0.001679879380390048,0.0006108652451075613
1779964888374423600,7.850423583984375,-0.00045814894838258624,-0.0003054326225537807,0
1779964888390752500,7.86675244140625,0.00045814894838258624,-0.0006108652451075613,0.0009162978967651725
1779964888407080000,7.883079833984375,0.00045814894838258624,0.0006108652451075613,-0.0006108652451075613
1779964888423414500,7.89941455078125,0.0006108652451075613,-0.00015271631127689034,0.00015271631127689034
1779964888439744500,7.91574462890625,-0.00045814894838258624,0.001527163083665073,-0.0009162978967651725
1779964888456052200,7.93205224609375,-0.00015271631127689034,0.0012217304902151227,-0.0022907445672899485
1779964888472387300,7.94838720703125,0.0003054326225537807,-0.00045814894838258624,-0.0007635815418325365
1779964888488731000,7.96473095703125,0.0003054326225537807,-0.0006108652451075613,0.00015271631127689034
1779964888505047300,7.98104736328125,0.00015271631127689034,-0.0019853119738399982,0.0009162978967651725
1779964888521369600,7.99736962890625,0.0003054326225537807,-0.001679879380390048,0.00015271631127689034
1779964888537710300,8.01371044921875,-0.00015271631127689034,-0.0009162978967651725,0.00015271631127689034
1779964888554040300,8.030040283203125,0.0006108652451075613,-0.0012217304902151227,-0.00045814894838258624
1779964888570370600,8.04637060546875,0.00045814894838258624,0,-0.0006108652451075613
1779964888586700000,8.062699951171876,-0.0003054326225537807,-0.0007635815418325365,-0.0006108652451075613
1779964888603047700,8.079047607421876,0.0003054326225537807,0,-0.0007635815418325365
1779964888619359000,8.09535888671875,0.0006108652451075613,0.00045814894838258624,-0.0003054326225537807
1779964888635702800,8.111702880859376,-0.00015271631127689034,0.0006108652451075613,0.0006108652451075613
1779964888652028000,8.12802783203125,-0.00045814894838258624,0,-0.00045814894838258624
1779964888668348700,8.1443486328125,-0.0006108652451075613,0.0024434609804302454,0.00045814894838258624
1779964888684684000,8.16068408203125,0,0.00045814894838258624,-0.00045814894838258624
1779964888701011200,8.17701123046875,-0.0007635815418325365,-0.00045814894838258624,-0.0007635815418325365
1779964888717341200,8.193341064453126,0.0006108652451075613,0.0012217304902151227,-0.0024434609804302454
1779964888733671400,8.20967138671875,0.0007635815418325365,0.005345070734620094,-0.0012217304902151227
1779964888750001700,8.226001708984375,0.0007635815418325365,0.0027488935738801956,-0.00045814894838258624
1779964888766348500,8.2423486328125,0.00045814894838258624,-0.0003054326225537807,0
1779964888782681600,8.258681640625,-0.00015271631127689034,-0.0007635815418325365,0.001832595793530345
1779964888799014100,8.27501416015625,0.00045814894838258624,0.0013744467869400978,0.001527163083665073
1779964888815333600,8.291333740234375,-0.00045814894838258624,0.0009162978967651725,0.00045814894838258624
1779964888831662300,8.307662353515624,-0.00015271631127689034,0.0010690141934901476,0.00045814894838258624
1779964888848016000,8.324015869140625,0.0006108652451075613,0.0007635815418325365,0.00015271631127689034
1779964888864325400,8.340325439453125,-0.00045814894838258624,0.00045814894838258624,-0.0012217304902151227
1779964888880641500,8.3566416015625,-0.0003054326225537807,0.0012217304902151227,-0.0013744467869400978
1779964888896984800,8.37298486328125,0.0006108652451075613,0.0009162978967651725,-0.0009162978967651725
1779964888913316000,8.389316162109376,0.0003054326225537807,0.0003054326225537807,-0.0009162978967651725
1779964888929644000,8.40564404296875,0.00045814894838258624,0.0013744467869400978,-0.00045814894838258624
1779964888945976300,8.421976318359375,0,0,-0.0006108652451075613
1779964888962290000,8.4382900390625,0.0006108652451075613,-0.0013744467869400978,-0.0003054326225537807
1779964888978633000,8.454633056640626,0,-0.0003054326225537807,-0.0003054326225537807
1779964888994953000,8.470952880859375,-0.00045814894838258624,0.0007635815418325365,0.00045814894838258624
1779964889011278300,8.4872783203125,-0.00015271631127689034,-0.0009162978967651725,0.0003054326225537807
1779964889027618300,8.503618408203126,-0.00045814894838258624,-0.001527163083665073,-0.0003054326225537807
1779964889043942100,8.519942138671874,-0.0006108652451075613,-0.0027488935738801956,-0.00015271631127689034
1779964889060273400,8.5362734375,0.00015271631127689034,0.0003054326225537807,0.00045814894838258624
1779964889076603400,8.552603271484376,-0.0003054326225537807,0.0010690141934901476,-0.0012217304902151227
1779964889092951000,8.568950927734376,-0.0003054326225537807,0.00015271631127689034,-0.0010690141934901476
1779964889109276700,8.585276611328124,-0.00015271631127689034,0.0003054326225537807,0.00045814894838258624
1779964889125607400,8.601607421875,0.00045814894838258624,0.001527163083665073,-0.0006108652451075613
1779964889141937700,8.617937744140624,0.0007635815418325365,0.003359758760780096,-0.001679879380390048
1779964889158250500,8.63425048828125,0.0006108652451075613,0.0019853119738399982,0.00015271631127689034
1779964889174585000,8.650585205078125,-0.0003054326225537807,0.0009162978967651725,-0.0009162978967651725
1779964889190916400,8.666916259765625,0.0003054326225537807,0.0003054326225537807,0.00015271631127689034
1779964889207243800,8.683243896484376,-0.00045814894838258624,-0.0009162978967651725,-0.00045814894838258624
1779964889223571500,8.699571533203125,0.0003054326225537807,-0.0009162978967651725,-0.00015271631127689034
1779964889239894800,8.715894775390625,0.00045814894838258624,-0.0013744467869400978,0.0003054326225537807
1779964889256235500,8.732235595703125,-0.00015271631127689034,-0.0010690141934901476,0.0006108652451075613
1779964889272578000,8.748578125,-0.0006108652451075613,-0.0025961773935705423,0.0012217304902151227
1779964889288908500,8.764908447265626,0.0006108652451075613,-0.00045814894838258624,-0.0010690141934901476
1779964889305238000,8.781238037109375,0,0.0003054326225537807,-0.001527163083665073
1779964889321566500,8.79756640625,0.0006108652451075613,-0.0010690141934901476,-0.0006108652451075613
1779964889337899800,8.813899658203125,-0.0003054326225537807,0.0010690141934901476,-0.0007635815418325365
1779964889354228700,8.830228759765625,0.0007635815418325365,0.0019853119738399982,-0.0003054326225537807
1779964889370564600,8.846564697265626,0.00045814894838258624,0.0029016099870204926,-0.0007635815418325365
1779964889386882000,8.862882080078125,0.00045814894838258624,0.0024434609804302454,-0.00045814894838258624
1779964889403186400,8.8791865234375,0.0003054326225537807,-0.0003054326225537807,-0.0006108652451075613
1779964889419549000,8.895548828125,-0.0003054326225537807,0.001679879380390048,-0.0007635815418325365
1779964889435891700,8.9118916015625,0.0006108652451075613,0.001527163083665073,-0.0007635815418325365
1779964889452194000,8.928194091796875,-0.0003054326225537807,0.0029016099870204926,-0.0006108652451075613
1779964889468543500,8.94454345703125,-0.0003054326225537807,0,-0.001527163083665073
1779964889484852500,8.9608525390625,-0.00015271631127689034,-0.0019853119738399982,0.00045814894838258624
1779964889501186000,8.97718603515625,0.0006108652451075613,-0.0003054326225537807,0.001679879380390048
1779964889517517800,8.993517822265625,0.0013744467869400978,0.00015271631127689034,-0.00045814894838258624
1779964889533845800,9.009845703125,0.0007635815418325365,0.0007635815418325365,-0.001832595793530345
1779964889550173200,9.026173095703125,0,0.0019853119738399982,-0.00015271631127689034
1779964889566509000,9.042509033203125,-0.00045814894838258624,0.001527163083665073,-0.001679879380390048
1779964889582854100,9.058854248046876,-0.00015271631127689034,0.0006108652451075613,-0.0019853119738399982
1779964889599179800,9.0751796875,0.00045814894838258624,0.001527163083665073,-0.00045814894838258624
1779964889615493400,9.091493408203124,0.00045814894838258624,0.0013744467869400978,-0.001679879380390048
1779964889631836000,9.1078359375,0.0006108652451075613,0.0012217304902151227,-0.0007635815418325365
1779964889648158000,9.124157958984375,0,0.003359758760780096,-0.0013744467869400978
1779964889664487000,9.14048681640625,0.0006108652451075613,0.001679879380390048,-0.0019853119738399982
1779964889680810000,9.15681005859375,0,0.0007635815418325365,-0.0007635815418325365
1779964889697146400,9.173146484375,-0.00015271631127689034,0.0019853119738399982,-0.0029016099870204926
1779964889713483300,9.189483154296875,0.0007635815418325365,0.0013744467869400978,-0.0009162978967651725
1779964889729807000,9.20580712890625,0.0007635815418325365,0.0006108652451075613,0
1779964889746149000,9.222149169921876,-0.0003054326225537807,-0.001832595793530345,-0.00045814894838258624
1779964889762486300,9.238486328125,0.0006108652451075613,-0.0012217304902151227,-0.00015271631127689034
1779964889778811600,9.254811767578126,0.0003054326225537807,-0.0003054326225537807,-0.0024434609804302454
1779964889795141400,9.271141357421875,-0.00015271631127689034,0.001527163083665073,-0.0006108652451075613
1779964889811452400,9.287452392578125,-0.0003054326225537807,0.0009162978967651725,-0.001679879380390048
1779964889827802000,9.303802001953125,0.001527163083665073,-0.0003054326225537807,-0.0012217304902151227
1779964889844111000,9.320111083984376,-0.0007635815418325365,-0.00045814894838258624,-0.002138028386980295
1779964889860448800,9.33644873046875,-0.0003054326225537807,0.00045814894838258624,-0.0006108652451075613
1779964889876771600,9.352771484375,-0.0006108652451075613,0.00015271631127689034,-0.0019853119738399982
1779964889893120500,9.36912060546875,-0.00015271631127689034,0.0006108652451075613,-0.0022907445672899485
1779964889909452000,9.3854521484375,-0.00045814894838258624,0.0007635815418325365,-0.003817907767370343
1779964889925786400,9.401786376953124,0.0003054326225537807,0.001527163083665073,-0.0029016099870204926
1779964889942112500,9.418112548828125,-0.00015271631127689034,0.0007635815418325365,-0.002138028386980295
1779964889958440400,9.4344404296875,-0.00015271631127689034,0.0003054326225537807,-0.003359758760780096
1779964889974756000,9.450756103515625,0.0012217304902151227,-0.00045814894838258624,-0.002138028386980295
1779964889991089000,9.4670888671875,-0.0003054326225537807,-0.00015271631127689034,-0.0003054326225537807
1779964890007421200,9.483421142578125,-0.00045814894838258624,-0.0003054326225537807,-0.0007635815418325365
1779964890023749400,9.499749267578125,-0.00015271631127689034,0.0009162978967651725,-0.0013744467869400978
1779964890040079600,9.51607958984375,-0.0003054326225537807,0.0010690141934901476,-0.001832595793530345
1779964890056409300,9.532409423828126,0.00045814894838258624,0.0010690141934901476,-0.001527163083665073
1779964890072752600,9.548752685546875,-0.0003054326225537807,0.001832595793530345,-0.0022907445672899485
1779964890089085400,9.56508544921875,-0.00015271631127689034,0.001832595793530345,-0.001679879380390048
1779964890105414400,9.581414306640625,0.0003054326225537807,0.001679879380390048,-0.0029016099870204926
1779964890121743000,9.5977431640625,-0.0006108652451075613,0.0007635815418325365,-0.002138028386980295
1779964890138057200,9.61405712890625,-0.0003054326225537807,-0.00015271631127689034,0
1779964890154390300,9.630390380859374,-0.00045814894838258624,-0.0006108652451075613,-0.0013744467869400978
1779964890170720300,9.64672021484375,-0.0003054326225537807,0.00015271631127689034,-0.0009162978967651725
1779964890187047000,9.663046875,0.0006108652451075613,0.002138028386980295,-0.001679879380390048
1779964890203383800,9.6793837890625,0,0.0010690141934901476,-0.003817907767370343
1779964890219710500,9.69571044921875,0.00045814894838258624,0.0010690141934901476,-0.001832595793530345
1779964890236036600,9.71203662109375,0.0007635815418325365,0.0029016099870204926,-0.0003054326225537807
1779964890252385300,9.72838525390625,-0.00015271631127689034,0.0024434609804302454,-0.001832595793530345
1779964890268698000,9.744697998046876,0.00015271631127689034,0.0024434609804302454,-0.0022907445672899485
1779964890285027600,9.761027587890625,0.00045814894838258624,0.0032070425804704428,-0.0006108652451075613
1779964890301362200,9.777362060546874,-0.0003054326225537807,0.004123340360820293,-0.0019853119738399982
1779964890317691000,9.79369091796875,0.00015271631127689034,0.004428773187100887,-0.0025961773935705423
1779964890334021000,9.810021240234375,0.0003054326225537807,0.003512475173920393,-0.003054326167330146
1779964890350351000,9.82635107421875,-0.00015271631127689034,0.0022907445672899485,-0.0027488935738801956
1779964890366659800,9.842659912109376,0.00015271631127689034,0.0006108652451075613,-0.0024434609804302454
1779964890383011000,9.859010986328125,0.00045814894838258624,-0.0010690141934901476,-0.0029016099870204926
1779964890399358700,9.875358642578124,-0.00045814894838258624,-0.002138028386980295,-0.0022907445672899485
1779964890415683600,9.89168359375,-0.0003054326225537807,-0.001527163083665073,-0.0010690141934901476
1779964890431987700,9.90798779296875,-0.0003054326225537807,-0.0019853119738399982,-0.00045814894838258624
1779964890448336000,9.9243359375,-0.0003054326225537807,-0.0010690141934901476,-0.002138028386980295
1779964890464662500,9.94066259765625,-0.0003054326225537807,-0.001832595793530345,-0.0012217304902151227
1779964890480992500,9.956992431640625,-0.00015271631127689034,-0.001527163083665073,-0.0007635815418325365
1779964890497322800,9.97332275390625,-0.00015271631127689034,-0.001527163083665073,-0.001527163083665073
1779964890513639000,9.989638916015625,-0.0003054326225537807,0.0003054326225537807,-0.001679879380390048
1779964890529970000,10.005969970703125,0.0006108652451075613,0.0009162978967651725,-0.0012217304902151227
1779964890546312400,10.0223125,-0.00015271631127689034,0.0009162978967651725,0
1779964890562660400,10.038660400390626,-0.00045814894838258624,0.0024434609804302454,-0.0012217304902151227
1779964890578985700,10.05498583984375,-0.00015271631127689034,0.0029016099870204926,-0.0010690141934901476
1779964890595320600,10.071320556640625,0.0003054326225537807,0.0010690141934901476,-0.0022907445672899485
1779964890611642400,10.087642333984375,-0.0003054326225537807,0.001832595793530345,-0.0022907445672899485
1779964890627961900,10.1039619140625,-0.00045814894838258624,0.0012217304902151227,-0.0012217304902151227
1779964890644296200,10.120296142578125,0.00045814894838258624,0.0010690141934901476,0
1779964890660618500,10.136618408203125,0.0003054326225537807,0.0006108652451075613,-0.001527163083665073
1779964890676957400,10.15295751953125,0.0006108652451075613,0.0012217304902151227,-0.002138028386980295
1779964890693283800,10.169283935546876,-0.00045814894838258624,0.0007635815418325365,-0.0007635815418325365
1779964890709613300,10.18561328125,0.00015271631127689034,0.0003054326225537807,-0.00015271631127689034
1779964890725940200,10.201940185546874,-0.00045814894838258624,-0.0003054326225537807,-0.0006108652451075613
1779964890742294800,10.218294677734375,0.00015271631127689034,-0.00045814894838258624,0.00015271631127689034
1779964890758618000,10.2346181640625,0.0006108652451075613,-0.0006108652451075613,-0.0013744467869400978
1779964890774947300,10.250947265625,0.0003054326225537807,-0.00015271631127689034,-0.0019853119738399982
1779964890791262500,10.267262451171876,-0.00015271631127689034,0.00045814894838258624,-0.0006108652451075613
1779964890807612700,10.28361279296875,-0.00045814894838258624,0.0009162978967651725,-0.001679879380390048
1779964890823934500,10.2999345703125,-0.00015271631127689034,-0.00015271631127689034,-0.0006108652451075613
1779964890840272000,10.31627197265625,-0.0006108652451075613,-0.00045814894838258624,0.00045814894838258624
1779964890856597800,10.33259765625,-0.0006108652451075613,-0.0027488935738801956,0.0007635815418325365
1779964890872928500,10.348928466796876,0.00045814894838258624,-0.002138028386980295,0.0003054326225537807
1779964890889255000,10.3652548828125,0.00045814894838258624,0.00045814894838258624,0.001679879380390048
1779964890905591800,10.381591796875,0.0006108652451075613,0.0007635815418325365,-0.00015271631127689034
1779964890921917200,10.397917236328125,0.0006108652451075613,0.00015271631127689034,-0.0007635815418325365
1779964890938248700,10.414248779296875,0.0003054326225537807,-0.0006108652451075613,0.0006108652451075613
1779964890954549000,10.430549072265626,0.0010690141934901476,0.0009162978967651725,0.0006108652451075613
1779964890970895000,10.44689501953125,-0.0006108652451075613,0.0007635815418325365,0.001832595793530345
1779964890987225600,10.4632255859375,-0.00015271631127689034,0.00045814894838258624,0.0003054326225537807
1779964891003542800,10.479542724609376,0.00015271631127689034,0.001527163083665073,-0.00045814894838258624
1779964891019885800,10.4958857421875,-0.00015271631127689034,0.0012217304902151227,-0.002138028386980295
1779964891036202500,10.512202392578125,-0.00045814894838258624,0.003054326167330146,-0.0006108652451075613
1779964891052561400,10.5285615234375,0.0006108652451075613,0.0013744467869400978,-0.0010690141934901476
1779964891068889000,10.54488916015625,-0.0006108652451075613,0.0007635815418325365,0.0009162978967651725
1779964891085220400,10.561220458984375,0.00045814894838258624,0.0009162978967651725,-0.0003054326225537807
1779964891101549800,10.5775498046875,0.0003054326225537807,-0.001679879380390048,0.0006108652451075613
1779964891117879300,10.59387939453125,-0.00015271631127689034,-0.0025961773935705423,-0.0003054326225537807
1779964891134192600,10.610192626953125,-0.00045814894838258624,-0.001832595793530345,0.00045814894838258624
1779964891150527000,10.62652685546875,-0.0003054326225537807,-0.00045814894838258624,0.001679879380390048
1779964891166856000,10.64285595703125,-0.0006108652451075613,-0.0019853119738399982,0.0010690141934901476
1779964891183187500,10.6591875,-0.00015271631127689034,-0.003512475173920393,0
1779964891199516700,10.6755166015625,-0.0006108652451075613,-0.00366519158706069,0.0039706239476799965
1779964891215850200,10.691850341796876,0,-0.0027488935738801956,0.0012217304902151227
1779964891232189700,10.708189697265626,-0.00045814894838258624,-0.001832595793530345,0.0022907445672899485
1779964891248525300,10.724525390625,-0.0006108652451075613,0.0007635815418325365,0.002138028386980295
1779964891264814000,10.74081396484375,-0.0003054326225537807,-0.0019853119738399982,0.001527163083665073
1779964891281170400,10.75717041015625,-0.0003054326225537807,-0.001527163083665073,0.003054326167330146
1779964891297509400,10.77350927734375,-0.0006108652451075613,-0.0027488935738801956,0.0007635815418325365
1779964891313842200,10.78984228515625,0,-0.004581489134579897,0.0012217304902151227
1779964891330164000,10.8061640625,-0.0009162978967651725,-0.004886921960860491,0.001679879380390048
1779964891346508300,10.82250830078125,-0.0007635815418325365,-0.004886921960860491,0.001832595793530345
1779964891362820400,10.8388203125,-0.0006108652451075613,-0.004581489134579897,0.0003054326225537807
1779964891379159000,10.855158935546875,-0.0006108652451075613,-0.0039706239476799965,0.0009162978967651725
1779964891395491300,10.8714912109375,0.00045814894838258624,-0.0032070425804704428,0.001832595793530345
1779964891411817700,10.887817626953124,-0.00015271631127689034,-0.00366519158706069,0.0019853119738399982
1779964891428153600,10.904153564453125,0.00045814894838258624,-0.001832595793530345,0.00366519158706069
1779964891444452600,10.92045263671875,0.00045814894838258624,-0.0009162978967651725,0.002138028386980295
1779964891460787000,10.936786865234374,0,0.0007635815418325365,0.001527163083665073
1779964891477131300,10.95313134765625,-0.00045814894838258624,0.001679879380390048,0.0009162978967651725
1779964891493458400,10.96945849609375,-0.00015271631127689034,0.0025961773935705423,0.001679879380390048
1779964891509789000,10.985788818359374,0.00045814894838258624,0.0013744467869400978,0.0007635815418325365
1779964891526120700,11.00212060546875,-0.0006108652451075613,0.0012217304902151227,0.0013744467869400978
1779964891542466600,11.018466552734376,0.00045814894838258624,0.0012217304902151227,0.0012217304902151227
1779964891558788000,11.0347880859375,-0.00015271631127689034,-0.00015271631127689034,0.001832595793530345
1779964891575126000,11.0511259765625,0.0006108652451075613,0.001527163083665073,0.0029016099870204926
1779964891599615500,11.075615478515624,-0.0003054326225537807,-0.0022907445672899485,0.0024434609804302454
1779964891615927800,11.091927734375,0.00015271631127689034,-0.003359758760780096,0.0029016099870204926
1779964891632266200,11.108266357421876,0.00015271631127689034,-0.001832595793530345,0.0019853119738399982
1779964891648595200,11.12459521484375,-0.00015271631127689034,-0.0027488935738801956,0.0019853119738399982
1779964891664924400,11.14092431640625,-0.0006108652451075613,-0.0029016099870204926,0.0024434609804302454
1779964891681255000,11.1572548828125,-0.00015271631127689034,-0.0024434609804302454,-0.00015271631127689034
1779964891697586400,11.17358642578125,-0.0003054326225537807,-0.0010690141934901476,0.0003054326225537807
1779964891713915100,11.1899150390625,0.0003054326225537807,0.0006108652451075613,0.0003054326225537807
1779964891730262300,11.20626220703125,-0.00045814894838258624,-0.0006108652451075613,0.0006108652451075613
1779964891746588400,11.22258837890625,-0.0006108652451075613,-0.0003054326225537807,0.0009162978967651725
1779964891762904600,11.238904541015625,0.00045814894838258624,-0.00015271631127689034,0.0009162978967651725
1779964891779272400,11.2552724609375,-0.00015271631127689034,-0.0007635815418325365,0.00045814894838258624
1779964891795579100,11.2715791015625,-0.0003054326225537807,-0.00045814894838258624,0.00045814894838258624
1779964891811911200,11.2879111328125,-0.0003054326225537807,-0.001832595793530345,0.0019853119738399982
1779964891828237800,11.30423779296875,0.0009162978967651725,-0.0025961773935705423,0.002138028386980295
1779964891844554500,11.320554443359375,0.00015271631127689034,-0.001527163083665073,0.001832595793530345
1779964891860871200,11.33687109375,0.0006108652451075613,-0.001679879380390048,0.002138028386980295
1779964891877234200,11.353234130859375,-0.0003054326225537807,-0.0013744467869400978,0.0012217304902151227
1779964891893561300,11.369561279296875,-0.0006108652451075613,-0.00045814894838258624,0.002138028386980295
1779964891909889800,11.385889892578126,-0.0003054326225537807,0.0003054326225537807,0.0029016099870204926
1779964891926200300,11.402200439453125,0.00045814894838258624,0.0003054326225537807,0.0029016099870204926
1779964891942536700,11.41853662109375,0.0006108652451075613,-0.00015271631127689034,0.0012217304902151227
1779964891958867000,11.434866943359374,0.0003054326225537807,-0.00015271631127689034,0.001679879380390048
1779964891975198000,11.451197998046876,-0.00015271631127689034,-0.00015271631127689034,0.0022907445672899485
1779964891991527000,11.46752685546875,-0.0006108652451075613,-0.00015271631127689034,0.0010690141934901476
1779964892007843800,11.48384375,-0.00015271631127689034,-0.0003054326225537807,0.0003054326225537807
1779964892024179000,11.500178955078125,-0.0003054326225537807,-0.0003054326225537807,0.0010690141934901476
1779964892040531000,11.516531005859376,-0.0003054326225537807,-0.001527163083665073,0.0009162978967651725
1779964892056862000,11.532862060546876,-0.0006108652451075613,-0.001832595793530345,0.0022907445672899485
1779964892073189000,11.549189208984375,-0.00015271631127689034,-0.0032070425804704428,0.001832595793530345
1779964892089506800,11.5655068359375,-0.0006108652451075613,-0.0024434609804302454,0.001527163083665073
1779964892105851600,11.5818515625,0.00015271631127689034,-0.0029016099870204926,0.001527163083665073
1779964892122161400,11.598161376953126,0.0003054326225537807,-0.0025961773935705423,0.002138028386980295
1779964892138501600,11.614501708984376,-0.0003054326225537807,-0.001527163083665073,0.0012217304902151227
1779964892154829300,11.630829345703125,-0.0003054326225537807,-0.001679879380390048,0.001679879380390048
1779964892171153000,11.64715283203125,-0.0003054326225537807,0.0007635815418325365,0.0009162978967651725
1779964892187489800,11.66348974609375,0.0003054326225537807,0.002138028386980295,0
1779964892203818800,11.67981884765625,0.0006108652451075613,0.0022907445672899485,0.0013744467869400978
1779964892220158200,11.696158203125,0.0006108652451075613,0.0022907445672899485,0.0009162978967651725
1779964892236501500,11.71250146484375,-0.00045814894838258624,0.0032070425804704428,0.0007635815418325365
1779964892252820000,11.728820068359376,0.0006108652451075613,0.0027488935738801956,0.0003054326225537807
1779964892269154600,11.745154541015625,0.0009162978967651725,0.0029016099870204926,0.001679879380390048
1779964892285477000,11.76147705078125,0.0007635815418325365,0.0019853119738399982,0
1779964892301819400,11.7778193359375,0.0006108652451075613,0.0013744467869400978,-0.00015271631127689034
1779964892318143700,11.794143798828125,0.0003054326225537807,-0.0009162978967651725,0.0013744467869400978
1779964892334471700,11.8104716796875,0.0003054326225537807,0.0012217304902151227,0.001527163083665073
1779964892350786300,11.826786376953125,0.00045814894838258624,0.0009162978967651725,0.0009162978967651725
1779964892367134000,11.843134033203125,0.00015271631127689034,-0.0003054326225537807,0.0009162978967651725
1779964892383463200,11.859463134765624,-0.00045814894838258624,0.00045814894838258624,0.001527163083665073
1779964892399800600,11.875800537109376,0.00045814894838258624,0.0010690141934901476,0.0007635815418325365
1779964892416111400,11.892111328125,-0.00015271631127689034,0.0019853119738399982,-0.0003054326225537807
1779964892432440000,11.908440185546874,-0.00045814894838258624,0,-0.0006108652451075613
1779964892448768800,11.924768798828126,0.0003054326225537807,0.0006108652451075613,-0.0003054326225537807
1779964892465100300,11.941100341796876,0,0.0010690141934901476,-0.00045814894838258624
1779964892481431000,11.95743115234375,0.0006108652451075613,-0.0006108652451075613,-0.0013744467869400978
1779964892497760500,11.973760498046875,-0.0003054326225537807,-0.0003054326225537807,-0.0009162978967651725
1779964892514090200,11.99009033203125,-0.0003054326225537807,-0.0013744467869400978,0.00045814894838258624
1779964892530434800,12.006434814453126,-0.0006108652451075613,-0.00015271631127689034,0.0010690141934901476
1779964892546768600,12.0227685546875,-0.0012217304902151227,-0.0003054326225537807,0.00015271631127689034
1779964892563094300,12.03909423828125,-0.0006108652451075613,-0.0029016099870204926,0.00045814894838258624
1779964892579422500,12.05542236328125,0.0006108652451075613,-0.0022907445672899485,0.0003054326225537807
1779964892595754800,12.071754638671875,0.00045814894838258624,-0.0019853119738399982,0.0012217304902151227
1779964892612065800,12.088065673828124,-0.00015271631127689034,-0.0019853119738399982,-0.0009162978967651725
1779964892628404500,12.104404541015626,-0.0006108652451075613,-0.0003054326225537807,-0.0010690141934901476
1779964892644731100,12.120731201171875,0.0003054326225537807,0.0013744467869400978,-0.0013744467869400978
1779964892661062000,12.137061767578125,-0.0003054326225537807,0.0007635815418325365,-0.0006108652451075613
1779964892677393700,12.1533935546875,-0.00015271631127689034,0.001527163083665073,0
1779964892693710300,12.16971044921875,-0.0003054326225537807,0.0010690141934901476,0.0007635815418325365
1779964892710061000,12.18606103515625,-0.0003054326225537807,0.0012217304902151227,0.0012217304902151227
1779964892726402300,12.20240234375,-0.0003054326225537807,-0.00015271631127689034,0.0013744467869400978
1779964892742726100,12.21872607421875,0.00045814894838258624,0.00045814894838258624,0.0010690141934901476
1779964892759023400,12.2350234375,0.00045814894838258624,-0.0012217304902151227,-0.0009162978967651725
1779964892775385300,12.25138525390625,0.0003054326225537807,-0.002138028386980295,-0.0003054326225537807
1779964892791731500,12.2677314453125,-0.00045814894838258624,-0.001832595793530345,0.0009162978967651725
1779964892808042500,12.28404248046875,0.0003054326225537807,-0.001527163083665073,0.0010690141934901476
1779964892824375800,12.300375732421875,0.00045814894838258624,-0.0010690141934901476,0.00045814894838258624
1779964892840704300,12.316704345703124,-0.0006108652451075613,-0.0007635815418325365,0.0003054326225537807
1779964892857018600,12.3330185546875,-0.00015271631127689034,-0.001527163083665073,0.00045814894838258624
1779964892873383700,12.3493837890625,-0.00015271631127689034,-0.0006108652451075613,0.001832595793530345
1779964892889699000,12.365698974609375,0.0006108652451075613,0.0003054326225537807,0.0006108652451075613
1779964892906019600,12.38201953125,-0.00045814894838258624,-0.00015271631127689034,0.0003054326225537807
1779964892922343200,12.39834326171875,0.0003054326225537807,0.0006108652451075613,0.0010690141934901476
1779964892938672000,12.414672119140626,0,0.0027488935738801956,-0.00015271631127689034
1779964892955003400,12.43100341796875,0.0006108652451075613,0.0025961773935705423,0.00045814894838258624
1779964892971332400,12.447332275390625,-0.00015271631127689034,0.0010690141934901476,-0.0009162978967651725
1779964892987675600,12.463675537109374,-0.0007635815418325365,-0.0003054326225537807,-0.00015271631127689034
1779964893004001300,12.480001220703125,0.00015271631127689034,0.0006108652451075613,0.0010690141934901476
1779964893020365000,12.496364990234374,0.0006108652451075613,0.001527163083665073,0.0003054326225537807
1779964893036666600,12.51266650390625,0,0.0013744467869400978,-0.0010690141934901476
1779964893053000700,12.529000732421874,-0.00015271631127689034,0,0.00045814894838258624
1779964893069326800,12.545326904296875,-0.00015271631127689034,-0.0012217304902151227,0.0010690141934901476
1779964893085657600,12.56165771484375,0.00045814894838258624,-0.0006108652451075613,0.001679879380390048
1779964893101985000,12.577985107421876,0.0012217304902151227,-0.0007635815418325365,0.0012217304902151227
1779964893118305000,12.594304931640625,-0.0007635815418325365,0.00045814894838258624,0
1779964893134622700,12.610622802734374,-0.0006108652451075613,-0.00045814894838258624,-0.0010690141934901476
1779964893150961700,12.626961669921876,0.0003054326225537807,0.001832595793530345,-0.0003054326225537807
1779964893167298300,12.64329833984375,-0.0003054326225537807,-0.00045814894838258624,-0.0003054326225537807
1779964893183625000,12.659625,-0.0003054326225537807,0.0009162978967651725,-0.0012217304902151227
1779964893199956000,12.6759560546875,0.0003054326225537807,0.0009162978967651725,-0.0003054326225537807
1779964893216286000,12.692285888671876,-0.00045814894838258624,-0.00015271631127689034,-0.0013744467869400978
1779964893232616700,12.70861669921875,0.00015271631127689034,-0.00045814894838258624,-0.00015271631127689034
1779964893248959700,12.724959716796874,-0.00045814894838258624,-0.0003054326225537807,0
1779964893265317400,12.7413173828125,-0.00015271631127689034,0,-0.0013744467869400978
1779964893281619500,12.757619384765626,0.0003054326225537807,-0.00045814894838258624,0.00045814894838258624
1779964893297945600,12.773945556640625,-0.0006108652451075613,-0.0012217304902151227,-0.00045814894838258624
1779964893314284000,12.790283935546874,-0.0006108652451075613,-0.0010690141934901476,0.0003054326225537807
1779964893330611000,12.80661083984375,0.00015271631127689034,-0.0024434609804302454,0.0003054326225537807
1779964893346939100,12.822939208984375,0.00015271631127689034,-0.001527163083665073,0.002138028386980295
1779964893363270400,12.8392705078125,0.00045814894838258624,-0.0006108652451075613,0.0010690141934901476
1779964893379601000,12.855600830078124,-0.00045814894838258624,-0.0003054326225537807,0.0009162978967651725
1779964893395911400,12.871911376953125,-0.00045814894838258624,-0.0012217304902151227,0.0006108652451075613
1779964893412245500,12.88824560546875,-0.0006108652451075613,-0.00015271631127689034,0.00015271631127689034
1779964893428576800,12.90457666015625,-0.00045814894838258624,-0.0010690141934901476,0.00045814894838258624
1779964893444892000,12.920891845703125,-0.00045814894838258624,0.0010690141934901476,-0.001527163083665073
1779964893461224700,12.937224609375,-0.00045814894838258624,0.0007635815418325365,0.00015271631127689034
1779964893477568800,12.95356884765625,-0.0003054326225537807,0,-0.0012217304902151227
1779964893493897500,12.9698974609375,-0.0003054326225537807,0,0
1779964893510244400,12.986244384765625,0.0003054326225537807,0,0.00045814894838258624
1779964893526572000,13.002572021484376,0.0003054326225537807,-0.0003054326225537807,0.0006108652451075613
1779964893542899000,13.01889892578125,-0.00015271631127689034,-0.0009162978967651725,0.0006108652451075613
1779964893559231200,13.035231201171875,-0.00015271631127689034,-0.0010690141934901476,-0.00015271631127689034
1779964893575561200,13.051561279296875,-0.00015271631127689034,-0.0010690141934901476,0.0010690141934901476
1779964893591886300,13.06788623046875,0.0003054326225537807,-0.002138028386980295,-0.0003054326225537807
1779964893608206300,13.084206298828125,0.00045814894838258624,0.0009162978967651725,-0.00015271631127689034
1779964893624525600,13.100525634765624,-0.00045814894838258624,0.0006108652451075613,0.0009162978967651725
1779964893640868400,13.116868408203125,0.0006108652451075613,0.00045814894838258624,-0.00015271631127689034
1779964893657199000,13.13319921875,0.0003054326225537807,0,0.00015271631127689034
1779964893673528300,13.1495283203125,0.0006108652451075613,0.00015271631127689034,-0.00015271631127689034
1779964893689859600,13.165859619140624,0.00015271631127689034,0.0009162978967651725,0.0006108652451075613
1779964893706206000,13.1822060546875,0.00015271631127689034,0.00015271631127689034,0.0003054326225537807
1779964893722533000,13.198533203125,0.0006108652451075613,-0.0006108652451075613,0.0003054326225537807
1779964893738862600,13.214862548828124,-0.00015271631127689034,0.0006108652451075613,-0.0012217304902151227
1779964893755187000,13.23118701171875,0.00045814894838258624,0.0006108652451075613,-0.0007635815418325365
1779964893771522800,13.247522705078126,0.0006108652451075613,0,-0.0012217304902151227
1779964893787850000,13.26385009765625,-0.00045814894838258624,-0.0013744467869400978,-0.0007635815418325365
1779964893804185600,13.280185546875,0.0003054326225537807,-0.0010690141934901476,0.0007635815418325365
1779964893820512500,13.296512451171875,-0.0003054326225537807,0.0009162978967651725,0.001832595793530345
1779964893836852000,13.31285205078125,0.0003054326225537807,-0.0013744467869400978,-0.0012217304902151227
1779964893853132500,13.329132568359375,0.00045814894838258624,-0.0032070425804704428,0.00015271631127689034
1779964893869493000,13.345492919921876,0.0003054326225537807,-0.001832595793530345,0.0007635815418325365
1779964893885815600,13.361815673828126,-0.00045814894838258624,0.0007635815418325365,0.0003054326225537807
1779964893902154500,13.378154541015626,0.00015271631127689034,0.0012217304902151227,0.0003054326225537807
1779964893918488000,13.394488037109374,0.0003054326225537807,0.001832595793530345,0.00045814894838258624
1779964893934810600,13.410810546875,-0.00015271631127689034,0.0032070425804704428,0.00015271631127689034
1779964893951140000,13.42714013671875,-0.00015271631127689034,0.0039706239476799965,0.00045814894838258624
1779964893967471900,13.443471923828126,0.00045814894838258624,0.0022907445672899485,-0.0010690141934901476
1779964893983804700,13.4598046875,0.0006108652451075613,0.0013744467869400978,-0.0022907445672899485
1779964894000135400,13.476135498046874,0.0006108652451075613,0.001679879380390048,-0.0006108652451075613
1779964894016458500,13.49245849609375,-0.0003054326225537807,0.0010690141934901476,-0.0003054326225537807
1779964894032804400,13.508804443359375,0.0006108652451075613,0.00015271631127689034,-0.0012217304902151227
1779964894049132800,13.5251328125,-0.00045814894838258624,-0.0009162978967651725,-0.0009162978967651725
1779964894065470500,13.541470458984374,0.00015271631127689034,-0.0025961773935705423,-0.00015271631127689034
1779964894081794600,13.557794677734375,-0.00015271631127689034,-0.001832595793530345,0.00015271631127689034
1779964894098108200,13.574108154296875,0.0006108652451075613,-0.001679879380390048,-0.0013744467869400978
1779964894114440700,13.590440673828125,0.00015271631127689034,-0.001527163083665073,-0.0012217304902151227
1779964894130773500,13.6067734375,0.00015271631127689034,-0.0013744467869400978,0.00015271631127689034
1779964894147101700,13.623101806640625,0.0003054326225537807,0.00015271631127689034,-0.002138028386980295
1779964894163432400,13.639432373046875,-0.00015271631127689034,0.001679879380390048,-0.0010690141934901476
1779964894179761000,13.655760986328126,-0.0006108652451075613,0.0013744467869400978,0.001527163083665073
1779964894196085200,13.672085205078124,-0.00045814894838258624,0.001527163083665073,-0.001527163083665073
1779964894212434200,13.68843408203125,-0.0006108652451075613,0.002138028386980295,-0.0007635815418325365
1779964894228767500,13.704767578125,0.0006108652451075613,0.0012217304902151227,-0.0013744467869400978
1779964894245097000,13.721096923828124,0.0007635815418325365,0.0010690141934901476,-0.0019853119738399982
1779964894261410000,13.73741015625,-0.00015271631127689034,0.0009162978967651725,-0.0010690141934901476
1779964894277758000,13.753758056640624,-0.00045814894838258624,-0.00045814894838258624,-0.0012217304902151227
1779964894294084600,13.770084716796875,-0.00045814894838258624,-0.0006108652451075613,-0.0010690141934901476
1779964894310415600,13.78641552734375,-0.00015271631127689034,-0.0007635815418325365,-0.0013744467869400978
1779964894326747100,13.8027470703125,-0.0003054326225537807,0,-0.00045814894838258624
1779964894343076600,13.81907666015625,-0.00045814894838258624,-0.0013744467869400978,-0.00045814894838258624
1779964894359406300,13.83540625,-0.0003054326225537807,-0.0007635815418325365,0.00045814894838258624
1779964894375733000,13.85173291015625,0.0006108652451075613,-0.0013744467869400978,-0.00045814894838258624
1779964894392050000,13.8680498046875,0,-0.0006108652451075613,-0.001527163083665073
1779964894408386800,13.88438671875,0.00045814894838258624,0.0012217304902151227,0.0007635815418325365
1779964894424706300,13.900706298828124,0.0003054326225537807,0.002138028386980295,-0.0013744467869400978
1779964894441047000,13.917047119140625,0.0006108652451075613,-0.00015271631127689034,-0.001832595793530345
1779964894457370600,13.93337060546875,-0.00045814894838258624,0.0029016099870204926,-0.0006108652451075613
1779964894473704000,13.949703857421875,0.0006108652451075613,0.004428773187100887,-0.00015271631127689034
1779964894490034400,13.966034423828125,-0.00015271631127689034,0.0027488935738801956,-0.0003054326225537807
1779964894506377500,13.98237744140625,0.00015271631127689034,0.00015271631127689034,-0.0012217304902151227
1779964894522691000,13.998691162109376,-0.0003054326225537807,0.0027488935738801956,-0.0010690141934901476
1779964894539038200,14.0150380859375,-0.00015271631127689034,0.001527163083665073,-0.00045814894838258624
1779964894555351600,14.0313515625,-0.00045814894838258624,0.00015271631127689034,-0.0013744467869400978
1779964894571697000,14.04769677734375,0.00045814894838258624,-0.0013744467869400978,-0.0006108652451075613
1779964894588012000,14.064011962890625,0.0006108652451075613,0.0007635815418325365,-0.0012217304902151227
1779964894604344800,14.0803447265625,0.0009162978967651725,0.0013744467869400978,-0.0013744467869400978
1779964894620674800,14.0966748046875,0.0003054326225537807,0.0009162978967651725,-0.001527163083665073
1779964894637006800,14.1130068359375,0.0006108652451075613,0.0009162978967651725,-0.0013744467869400978
1779964894653334500,14.12933447265625,0.0007635815418325365,0.0013744467869400978,-0.0013744467869400978
1779964894669665000,14.1456650390625,-0.00045814894838258624,0.0032070425804704428,-0.0019853119738399982
1779964894685997600,14.16199755859375,0.0006108652451075613,0.0022907445672899485,-0.001527163083665073
1779964894702342000,14.178341796875,-0.0006108652451075613,0.003054326167330146,-0.0012217304902151227
1779964894718637300,14.19463720703125,0.0009162978967651725,0.0032070425804704428,-0.0025961773935705423
1779964894734999300,14.210999267578124,-0.0012217304902151227,0.0024434609804302454,-0.0012217304902151227
1779964894751345000,14.227344970703125,-0.0006108652451075613,0.0019853119738399982,-0.0025961773935705423
1779964894767682600,14.2436826171875,-0.0003054326225537807,0.0022907445672899485,-0.0022907445672899485
1779964894783963400,14.25996337890625,-0.0006108652451075613,0.0019853119738399982,-0.0024434609804302454
1779964894800320000,14.276320068359375,0.0003054326225537807,0,-0.001679879380390048
1779964894816632800,14.2926328125,0.0006108652451075613,-0.0006108652451075613,-0.0032070425804704428
1779964894832976400,14.308976318359376,0.00045814894838258624,-0.003054326167330146,0
1779964894849316000,14.325316162109376,-0.0006108652451075613,-0.0007635815418325365,0.00015271631127689034
1779964894865631000,14.341630859375,0.0003054326225537807,0.00045814894838258624,-0.0013744467869400978
1779964894881956600,14.35795654296875,-0.0003054326225537807,-0.00015271631127689034,-0.0010690141934901476
1779964894898287600,14.37428759765625,-0.0003054326225537807,-0.001679879380390048,-0.0006108652451075613
1779964894914616800,14.390616943359374,-0.0006108652451075613,-0.0003054326225537807,-0.0003054326225537807
1779964894930947000,14.406947021484376,-0.0003054326225537807,0.00015271631127689034,-0.0006108652451075613
1779964894947274000,14.42327392578125,0.0003054326225537807,0.00045814894838258624,-0.002138028386980295
1779964894963615000,14.439614990234375,0.00045814894838258624,0.0007635815418325365,-0.00045814894838258624
1779964894979950800,14.455950927734374,-0.0012217304902151227,-0.0009162978967651725,-0.0007635815418325365
1779964894996264700,14.4722646484375,-0.00015271631127689034,-0.00015271631127689034,-0.0003054326225537807
1779964895012605400,14.48860546875,0.00015271631127689034,0.001527163083665073,0
1779964895028943000,14.504943115234376,-0.0003054326225537807,-0.0007635815418325365,0.00015271631127689034
1779964895045271600,14.521271484375,-0.0003054326225537807,-0.00015271631127689034,0.0003054326225537807
1779964895061601500,14.5376015625,0.00045814894838258624,-0.0003054326225537807,0.0003054326225537807
1779964895077926400,14.553926513671875,-0.00045814894838258624,-0.0029016099870204926,-0.0003054326225537807
1779964895094249500,14.57024951171875,-0.0006108652451075613,-0.004123340360820293,-0.00015271631127689034
1779964895110577000,14.586576904296875,-0.0007635815418325365,-0.0029016099870204926,0.0007635815418325365
1779964895126910000,14.602909912109375,-0.0006108652451075613,-0.0027488935738801956,0.0003054326225537807
1779964895143238700,14.61923876953125,-0.0006108652451075613,-0.0029016099870204926,0.0007635815418325365
1779964895159570000,14.63556982421875,0.00045814894838258624,-0.0003054326225537807,0.0009162978967651725
1779964895175886600,14.651886474609375,0.00045814894838258624,-0.001679879380390048,0.0010690141934901476
1779964895192241400,14.668241455078125,-0.00045814894838258624,-0.00045814894838258624,0.0022907445672899485
1779964895208574700,14.68457470703125,-0.0003054326225537807,0.0010690141934901476,0.003817907767370343
1779964895224904000,14.700904052734375,0.0006108652451075613,0.0012217304902151227,0.0007635815418325365
1779964895241233000,14.71723291015625,0.0006108652451075613,0.001832595793530345,0.0009162978967651725
1779964895257565200,14.733565185546874,0.0003054326225537807,0.001527163083665073,-0.0013744467869400978
1779964895273888500,14.749888427734374,0.0003054326225537807,0.0013744467869400978,0.0003054326225537807
1779964895290227000,14.76622705078125,0,-0.0003054326225537807,0.001679879380390048
1779964895306553000,14.782552978515625,0.0003054326225537807,-0.0009162978967651725,0.00015271631127689034
1779964895322883300,14.79888330078125,-0.0006108652451075613,-0.00045814894838258624,0.00045814894838258624
1779964895339213300,14.81521337890625,0.0003054326225537807,-0.00366519158706069,0.0007635815418325365
1779964895355541000,14.831541015625,0.00045814894838258624,-0.003054326167330146,-0.00015271631127689034
1779964895371860000,14.84785986328125,-0.0006108652451075613,-0.0003054326225537807,0.00045814894838258624
1779964895388190200,14.864190185546875,-0.00015271631127689034,-0.001527163083665073,-0.0006108652451075613
1779964895404509000,14.880509033203126,-0.0003054326225537807,-0.001679879380390048,0.00015271631127689034
1779964895420851500,14.8968515625,0.00015271631127689034,-0.0009162978967651725,0.001832595793530345
1779964895437180700,14.9131806640625,-0.0003054326225537807,-0.0010690141934901476,0.0025961773935705423
1779964895453510100,14.92951025390625,-0.0007635815418325365,-0.0007635815418325365,0.001679879380390048
1779964895469857800,14.94585791015625,-0.00045814894838258624,-0.0006108652451075613,0.0003054326225537807
1779964895486152200,14.962152099609375,0.00015271631127689034,0.001832595793530345,0.0006108652451075613
1779964895502503400,14.97850341796875,0.00045814894838258624,0.0012217304902151227,-0.0003054326225537807
1779964895518844400,14.994844482421875,0.00015271631127689034,0.003359758760780096,0.00045814894838258624
1779964895535173400,15.01117333984375,0.0003054326225537807,0.002138028386980295,0.0007635815418325365
1779964895551523800,15.02752392578125,0.0003054326225537807,0.00015271631127689034,-0.00015271631127689034
1779964895567835100,15.043835205078125,0.00015271631127689034,-0.0010690141934901476,0.0009162978967651725
1779964895584147700,15.060147705078125,0.0006108652451075613,-0.001527163083665073,0.00045814894838258624
1779964895600482000,15.07648193359375,0.00015271631127689034,-0.0032070425804704428,-0.0009162978967651725
1779964895616813000,15.09281298828125,0.0003054326225537807,-0.0027488935738801956,0.00015271631127689034
1779964895633141800,15.109141845703125,-0.0003054326225537807,-0.00366519158706069,0.0012217304902151227
1779964895649478400,15.125478515625,-0.0007635815418325365,-0.001832595793530345,0.0009162978967651725
1779964895665802200,15.14180224609375,-0.0006108652451075613,-0.0013744467869400978,0.00015271631127689034
1779964895682156800,15.15815673828125,-0.0006108652451075613,-0.0025961773935705423,0
1779964895698469000,15.17446923828125,-0.0006108652451075613,0,0
1779964895714786800,15.190786865234376,0.00045814894838258624,0.00045814894838258624,-0.00015271631127689034
1779964895731136300,15.20713623046875,0.00015271631127689034,0.00015271631127689034,0.0007635815418325365
1779964895747468000,15.223468017578124,0.00045814894838258624,0.0012217304902151227,0.0007635815418325365
1779964895763785500,15.239785400390625,0.0006108652451075613,-0.0010690141934901476,0.0006108652451075613
1779964895780130000,15.256130126953124,-0.00015271631127689034,-0.0006108652451075613,0.0006108652451075613
1779964895796467200,15.27246728515625,0.00045814894838258624,0.0006108652451075613,0.00015271631127689034
1779964895812807700,15.2888076171875,0.00045814894838258624,-0.0009162978967651725,0
1779964895829116400,15.305116455078124,-0.0003054326225537807,-0.0003054326225537807,0.0003054326225537807
1779964895845429800,15.3214296875,0.0003054326225537807,-0.0013744467869400978,0.0003054326225537807
1779964895861763600,15.337763671875,-0.0006108652451075613,-0.0003054326225537807,0.001679879380390048
1779964895878089200,15.354089111328125,-0.0003054326225537807,-0.0022907445672899485,0.0010690141934901476
1779964895894429200,15.37042919921875,-0.0003054326225537807,-0.0025961773935705423,0.0010690141934901476
1779964895910751200,15.386751220703125,-0.0003054326225537807,-0.0013744467869400978,0.0012217304902151227
1779964895927084800,15.403084716796876,0.0009162978967651725,-0.001679879380390048,0.00015271631127689034
1779964895943418000,15.419418212890625,0.00015271631127689034,-0.0007635815418325365,0.0003054326225537807
1779964895959758300,15.43575830078125,0.0006108652451075613,-0.0013744467869400978,0
1779964895976082400,15.45208251953125,0.00015271631127689034,-0.0003054326225537807,-0.00015271631127689034
1779964895992418300,15.468418212890626,0,-0.0003054326225537807,0.0022907445672899485
1779964896008749300,15.484749267578126,-0.0006108652451075613,0.0007635815418325365,0.001832595793530345
1779964896025077800,15.501077880859375,-0.00045814894838258624,0.002138028386980295,0.0007635815418325365
1779964896041416200,15.517416259765625,-0.0003054326225537807,-0.00015271631127689034,0.0007635815418325365
1779964896057738500,15.533738525390625,-0.0010690141934901476,0.0009162978967651725,-0.0003054326225537807
1779964896074052600,15.550052490234375,0.00015271631127689034,0.0012217304902151227,0.00015271631127689034
1779964896090385000,15.566385009765625,-0.00045814894838258624,-0.0003054326225537807,-0.0009162978967651725
1779964896106715100,15.582715087890625,-0.00045814894838258624,-0.0006108652451075613,0.0010690141934901476
1779964896123045000,15.599045166015625,0.00015271631127689034,-0.002138028386980295,0.0012217304902151227
1779964896139376400,15.61537646484375,0.00015271631127689034,-0.0007635815418325365,0.0012217304902151227
1779964896155705600,15.63170556640625,0.0006108652451075613,0.0010690141934901476,0
1779964896172046600,15.648046630859374,-0.00045814894838258624,0.00015271631127689034,-0.00015271631127689034
1779964896188383500,15.664383544921876,0.00045814894838258624,0.00045814894838258624,-0.00045814894838258624
1779964896204710100,15.680710205078125,0,-0.00015271631127689034,0.0022907445672899485
1779964896221039900,15.697039794921874,-0.0006108652451075613,-0.0003054326225537807,0.0022907445672899485
1779964896237355800,15.713355712890625,0.00045814894838258624,0.00015271631127689034,0.0010690141934901476
1779964896253704000,15.729703857421875,0.0006108652451075613,0.001527163083665073,0.0006108652451075613
1779964896270031400,15.74603125,-0.00045814894838258624,0.001679879380390048,0.00045814894838258624
1779964896286359300,15.762359375,0.00015271631127689034,0.0013744467869400978,-0.0006108652451075613
1779964896302690300,15.778690185546875,-0.00045814894838258624,0.0006108652451075613,-0.00015271631127689034
1779964896319024000,15.795024169921875,-0.0006108652451075613,0.0013744467869400978,0.00015271631127689034
1779964896335344000,15.81134423828125,-0.00045814894838258624,0.0009162978967651725,0.00015271631127689034
1779964896351666400,15.82766650390625,-0.00045814894838258624,-0.0009162978967651725,0.001679879380390048
1779964896367996700,15.84399658203125,-0.0003054326225537807,-0.0006108652451075613,0.0003054326225537807
1779964896384327000,15.860326904296874,-0.0006108652451075613,-0.0013744467869400978,0.0003054326225537807
1779964896400658200,15.876658203125,0.0003054326225537807,-0.0007635815418325365,0.0003054326225537807
1779964896416983300,15.8929833984375,-0.00015271631127689034,-0.0007635815418325365,-0.00015271631127689034
1779964896433324500,15.909324462890625,-0.0006108652451075613,-0.0025961773935705423,-0.0003054326225537807
1779964896449678600,15.9256787109375,-0.0006108652451075613,-0.0009162978967651725,0.00045814894838258624
1779964896465951000,15.941950927734375,-0.0006108652451075613,-0.0003054326225537807,0.0003054326225537807
1779964896482329600,15.95832958984375,-0.0006108652451075613,-0.0007635815418325365,0.0007635815418325365
1779964896498651100,15.974651123046876,0.00015271631127689034,-0.0006108652451075613,0.001527163083665073
1779964896514981600,15.990981689453125,-0.0010690141934901476,0.00015271631127689034,0.0009162978967651725
1779964896531296500,16.007296630859376,0,-0.00045814894838258624,0.00045814894838258624
1779964896547625200,16.023625244140625,0.00045814894838258624,-0.0024434609804302454,-0.001679879380390048
1779964896563958800,16.039958740234376,-0.00015271631127689034,0.0007635815418325365,-0.0007635815418325365
1779964896580288500,16.05628857421875,-0.0006108652451075613,0.0009162978967651725,0.0003054326225537807
1779964896596619800,16.072619873046875,-0.0006108652451075613,0.0009162978967651725,0.0003054326225537807
1779964896612952800,16.088952880859374,0.0003054326225537807,-0.00045814894838258624,0.001679879380390048
1779964896629262300,16.105262451171875,0.0003054326225537807,-0.0012217304902151227,0
1779964896645599000,16.121598876953126,-0.0006108652451075613,-0.0009162978967651725,-0.00045814894838258624
1779964896661939000,16.13793896484375,-0.00015271631127689034,0.0012217304902151227,-0.00015271631127689034
1779964896678269700,16.154269775390624,0.0006108652451075613,-0.0010690141934901476,0
1779964896694596900,16.170596923828125,0.0003054326225537807,-0.001527163083665073,0.0009162978967651725
1779964896710942700,16.186942626953126,0.00015271631127689034,-0.001679879380390048,0.0007635815418325365
1779964896727270000,16.203269775390623,-0.00045814894838258624,-0.00045814894838258624,-0.0003054326225537807
1779964896743609000,16.219609130859375,-0.0006108652451075613,-0.00045814894838258624,-0.00015271631127689034
1779964896759938600,16.2359384765625,-0.00045814894838258624,-0.0009162978967651725,0.00015271631127689034
1779964896776250000,16.25225,-0.0006108652451075613,-0.0010690141934901476,0.0009162978967651725
1779964896792574000,16.268573974609374,-0.0003054326225537807,-0.0007635815418325365,0.0007635815418325365
1779964896808925700,16.28492578125,-0.00015271631127689034,0.00045814894838258624,0
1779964896825250600,16.30125048828125,-0.00015271631127689034,0.00045814894838258624,-0.0010690141934901476
1779964896841570300,16.3175703125,-0.00015271631127689034,-0.00015271631127689034,-0.0007635815418325365
1779964896857901000,16.333901123046875,0.00015271631127689034,0,0.00045814894838258624
1779964896874230500,16.35023046875,-0.00045814894838258624,0.002138028386980295,-0.00045814894838258624
1779964896890558000,16.366557861328126,0.00045814894838258624,0.001679879380390048,-0.00045814894838258624
1779964896906893000,16.38289306640625,-0.0006108652451075613,-0.0007635815418325365,0.0003054326225537807
1779964896923224300,16.399224365234375,0,-0.002138028386980295,-0.0007635815418325365
1779964896939566000,16.415566162109375,0.00045814894838258624,-0.00015271631127689034,0.0003054326225537807
1779964896955891200,16.43189111328125,0.0006108652451075613,0.0009162978967651725,0.0007635815418325365
1779964896972216800,16.448216796875,-0.00015271631127689034,-0.001679879380390048,-0.0019853119738399982
1779964896988559400,16.464559326171877,-0.0003054326225537807,-0.001527163083665073,-0.0003054326225537807
1779964897004887600,16.480887451171874,-0.0006108652451075613,-0.00015271631127689034,0
1779964897021215000,16.497215087890623,0.00045814894838258624,-0.0003054326225537807,0.0007635815418325365
1779964897037534500,16.513534423828126,0.00015271631127689034,-0.00015271631127689034,0.0006108652451075613
1779964897053874000,16.5298740234375,-0.0003054326225537807,0,-0.0003054326225537807
1779964897070190800,16.54619091796875,-0.0006108652451075613,0.0003054326225537807,-0.00015271631127689034
1779964897086521600,16.562521484375,-0.0003054326225537807,0.0022907445672899485,-0.0012217304902151227
1779964897102851800,16.578851806640625,0,0.0029016099870204926,-0.0006108652451075613
1779964897119183400,16.595183349609375,-0.00045814894838258624,0.0024434609804302454,-0.001679879380390048
1779964897135512000,16.611511962890624,0.0003054326225537807,0.0009162978967651725,-0.00015271631127689034
1779964897151841500,16.627841552734374,0.0006108652451075613,0.00045814894838258624,0.0003054326225537807
1779964897168189700,16.644189697265624,-0.00015271631127689034,0.00015271631127689034,-0.0012217304902151227
1779964897184500200,16.660500244140625,0,-0.0012217304902151227,-0.0003054326225537807
1779964897200820200,16.6768203125,-0.00015271631127689034,-0.0003054326225537807,-0.0007635815418325365
1779964897217176800,16.6931767578125,-0.00045814894838258624,0.0010690141934901476,0.0003054326225537807
1779964897233506300,16.70950634765625,-0.00045814894838258624,-0.0010690141934901476,-0.0007635815418325365
1779964897249835500,16.72583544921875,-0.0012217304902151227,-0.0003054326225537807,0.00045814894838258624
1779964897266190600,16.742190673828127,-0.00015271631127689034,-0.0006108652451075613,-0.0012217304902151227
1779964897282492400,16.758492431640626,0,0.0007635815418325365,0.00015271631127689034
1779964897298830800,16.774830810546874,0.0006108652451075613,0.0003054326225537807,-0.0003054326225537807
1779964897315162600,16.79116259765625,0.0006108652451075613,0,0.00015271631127689034
1779964897331473700,16.8074736328125,0.0006108652451075613,-0.00045814894838258624,0.0009162978967651725
1779964897347803400,16.823803466796875,-0.0007635815418325365,0.0007635815418325365,-0.001679879380390048
1779964897364113000,16.84011279296875,0.0006108652451075613,0.0009162978967651725,-0.0012217304902151227
1779964897380463600,16.856463623046874,-0.0007635815418325365,0.00015271631127689034,-0.0013744467869400978
1779964897396793900,16.8727939453125,-0.0003054326225537807,0.0010690141934901476,-0.0022907445672899485
1779964897413123800,16.889123779296874,-0.00015271631127689034,-0.00015271631127689034,-0.0013744467869400978
1779964897429470700,16.905470703125,-0.0003054326225537807,0.0009162978967651725,-0.0007635815418325365
1779964897445799200,16.921799072265625,0.0006108652451075613,0.0003054326225537807,-0.0006108652451075613
1779964897462128000,16.938128173828126,0.00045814894838258624,0.0013744467869400978,-0.0007635815418325365
1779964897478458000,16.9544580078125,-0.00045814894838258624,0.0006108652451075613,-0.0006108652451075613
1779964897494807800,16.970807861328126,0,-0.00045814894838258624,-0.0009162978967651725
1779964897511117300,16.987117431640623,0.0006108652451075613,0.00045814894838258624,-0.001679879380390048
1779964897527457000,17.00345703125,0,0.001527163083665073,-0.0007635815418325365
1779964897543782700,17.01978271484375,0.0006108652451075613,0.002138028386980295,-0.0013744467869400978
1779964897560086500,17.03608642578125,0.0003054326225537807,0.0012217304902151227,0.0003054326225537807
1779964897576418000,17.05241796875,-0.0003054326225537807,0.001527163083665073,-0.00045814894838258624
1779964897592755200,17.068755126953125,-0.00045814894838258624,0.0007635815418325365,-0.0027488935738801956
1779964897609085200,17.085085205078126,-0.0003054326225537807,0.003054326167330146,-0.0024434609804302454
1779964897625415700,17.101415771484376,0.00045814894838258624,0.0027488935738801956,0.00015271631127689034
1779964897641745400,17.117745361328126,0.0003054326225537807,0.003054326167330146,-0.0006108652451075613
1779964897658093600,17.134093505859376,0.0007635815418325365,0.0022907445672899485,-0.0003054326225537807
1779964897674419000,17.1504189453125,0.0007635815418325365,0.0019853119738399982,-0.0024434609804302454
1779964897690745300,17.166745361328125,-0.00015271631127689034,0.001832595793530345,-0.003054326167330146
1779964897707083300,17.183083251953125,-0.0007635815418325365,0.0007635815418325365,-0.001832595793530345
1779964897723409700,17.19940966796875,-0.00045814894838258624,-0.002138028386980295,-0.002138028386980295
1779964897739740200,17.215740234375,0.0006108652451075613,0.00015271631127689034,-0.0012217304902151227
1779964897756051000,17.232051025390625,0.0007635815418325365,0.0012217304902151227,-0.0010690141934901476
1779964897772398800,17.24839892578125,0.00045814894838258624,0.003359758760780096,-0.002138028386980295
1779964897788726300,17.264726318359376,0.0003054326225537807,0.001832595793530345,-0.002138028386980295
1779964897805061400,17.281061279296875,0.0006108652451075613,0.001527163083665073,-0.0007635815418325365
1779964897821376500,17.29737646484375,0.00015271631127689034,0.0025961773935705423,-0.0013744467869400978
1779964897837708300,17.313708251953123,-0.0003054326225537807,0.004886921960860491,-0.002138028386980295
1779964897854037000,17.330037109375,-0.00045814894838258624,0.004581489134579897,-0.001832595793530345
1779964897870367200,17.3463671875,0,0.003512475173920393,-0.0009162978967651725
1779964897886695400,17.3626953125,0.0006108652451075613,0.004581489134579897,-0.001527163083665073
1779964897903033300,17.379033447265623,0.0003054326225537807,0.0039706239476799965,-0.004734205547720194
1779964897919371800,17.395371826171875,-0.00015271631127689034,0.00427605677396059,-0.0027488935738801956
1779964897935701000,17.411700927734376,0.0007635815418325365,0.003817907767370343,-0.00366519158706069
1779964897952010500,17.428010498046874,-0.00015271631127689034,0.0003054326225537807,-0.0025961773935705423
1779964897968369700,17.44436962890625,0.0003054326225537807,0.001832595793530345,-0.001832595793530345
1779964897984691700,17.460691650390626,-0.0010690141934901476,-0.0010690141934901476,-0.0025961773935705423
1779964898001022000,17.47702197265625,0.0003054326225537807,-0.00045814894838258624,-0.001832595793530345
1779964898017351700,17.4933515625,-0.0003054326225537807,-0.0010690141934901476,-0.001832595793530345
1779964898033683200,17.50968310546875,0.0003054326225537807,0.0006108652451075613,-0.003512475173920393
1779964898049995000,17.5259951171875,-0.00045814894838258624,0.00015271631127689034,-0.0022907445672899485
1779964898066328600,17.54232861328125,-0.00045814894838258624,-0.0003054326225537807,-0.0012217304902151227
1779964898082658600,17.558658447265625,0.0006108652451075613,0.0012217304902151227,-0.001679879380390048
1779964898098989800,17.57498974609375,-0.00015271631127689034,0.0013744467869400978,-0.0019853119738399982
1779964898115318800,17.59131884765625,0.0003054326225537807,0.003512475173920393,-0.0027488935738801956
1779964898131648800,17.607648681640626,-0.00045814894838258624,0.0027488935738801956,-0.0019853119738399982
1779964898147993600,17.62399365234375,-0.00045814894838258624,0.002138028386980295,-0.001679879380390048
1779964898164308700,17.640308837890625,-0.00045814894838258624,0.0025961773935705423,-0.0022907445672899485
1779964898180652800,17.65665283203125,-0.00015271631127689034,0.0019853119738399982,-0.0013744467869400978
1779964898196983600,17.672983642578124,0.0003054326225537807,0.0022907445672899485,-0.001527163083665073
1779964898213312300,17.689312255859374,0,0.001832595793530345,-0.0029016099870204926
1779964898229643800,17.705643798828124,0,0.001679879380390048,-0.0027488935738801956
1779964898245972700,17.72197265625,0.0007635815418325365,0.0012217304902151227,-0.001679879380390048
1779964898262295000,17.738294921875,-0.0007635815418325365,0,-0.0012217304902151227
1779964898278631400,17.75463134765625,0,0.00015271631127689034,-0.0006108652451075613
1779964898294961400,17.77096142578125,-0.00045814894838258624,-0.0019853119738399982,-0.0006108652451075613
1779964898311279900,17.78727978515625,0.0006108652451075613,-0.0007635815418325365,-0.0009162978967651725
1779964898327605800,17.803605712890626,-0.00045814894838258624,-0.0012217304902151227,-0.0013744467869400978
1779964898343945000,17.819945068359374,-0.00015271631127689034,0.0003054326225537807,-0.001527163083665073
1779964898360271400,17.836271240234375,0.0003054326225537807,-0.00015271631127689034,-0.0012217304902151227
1779964898376600800,17.852600830078124,0.0006108652451075613,-0.0009162978967651725,-0.00045814894838258624
1779964898392930600,17.8689306640625,-0.0003054326225537807,0.0010690141934901476,-0.001679879380390048
1779964898409275400,17.885275390625,0.00045814894838258624,0.0012217304902151227,-0.0006108652451075613
1779964898425590800,17.9015908203125,0,0.0003054326225537807,-0.001527163083665073
1779964898441927000,17.917927001953124,0.0006108652451075613,-0.0010690141934901476,-0.0007635815418325365
1779964898458251500,17.93425146484375,-0.00045814894838258624,0.0003054326225537807,-0.0006108652451075613
1779964898474597000,17.95059716796875,0.0003054326225537807,-0.00045814894838258624,0.0003054326225537807
1779964898490909200,17.9669091796875,0.0003054326225537807,-0.0012217304902151227,0.00045814894838258624
1779964898507254800,17.9832548828125,-0.0003054326225537807,-0.0007635815418325365,-0.00015271631127689034
1779964898523584800,17.999584716796875,0.0009162978967651725,0.0010690141934901476,0.0012217304902151227
1779964898539894000,18.01589404296875,-0.0003054326225537807,0.0024434609804302454,0.00045814894838258624
1779964898556220700,18.032220703125,0.00045814894838258624,0.001679879380390048,-0.0013744467869400978
1779964898572565200,18.048565185546874,0,0.001832595793530345,-0.00015271631127689034
1779964898588904200,18.064904296875,-0.00045814894838258624,0.003054326167330146,0.00045814894838258624
1779964898605222100,18.08122216796875,-0.0003054326225537807,0.003359758760780096,-0.0003054326225537807
1779964898621553400,18.097553466796874,-0.0003054326225537807,0.001527163083665073,-0.00015271631127689034
1779964898637883400,18.11388330078125,0.00045814894838258624,0,0.0010690141934901476
1779964898654228000,18.13022802734375,0.0007635815418325365,-0.00015271631127689034,-0.0003054326225537807
1779964898670556200,18.14655615234375,0.0003054326225537807,-0.0003054326225537807,0
1779964898686883300,18.16288330078125,-0.0006108652451075613,-0.001832595793530345,-0.00015271631127689034
1779964898703220500,18.179220458984375,0.0003054326225537807,-0.002138028386980295,0.00045814894838258624
1779964898719546600,18.195546630859376,0.0003054326225537807,-0.0019853119738399982,0.00015271631127689034
1779964898735889200,18.21188916015625,0.00045814894838258624,-0.0024434609804302454,0.00015271631127689034
1779964898752203800,18.228203857421875,-0.00045814894838258624,-0.0027488935738801956,0.0012217304902151227
1779964898768541000,18.244541015625,0.0003054326225537807,-0.0025961773935705423,0.0012217304902151227
1779964898784860400,18.2608603515625,0.0006108652451075613,-0.0006108652451075613,0.0019853119738399982
1779964898801187000,18.27718701171875,-0.0006108652451075613,0.0009162978967651725,0.001832595793530345
1779964898817516300,18.293516357421876,-0.0006108652451075613,0.0006108652451075613,0.0010690141934901476
1779964898833843700,18.30984375,-0.0006108652451075613,-0.0007635815418325365,0.0024434609804302454
1779964898850172700,18.326172607421874,0.0003054326225537807,-0.0006108652451075613,0.0025961773935705423
1779964898866503700,18.342503662109376,0.0003054326225537807,-0.0010690141934901476,0.0019853119738399982
1779964898882831600,18.35883154296875,0.0003054326225537807,0.0010690141934901476,0.0012217304902151227
1779964898899184600,18.3751845703125,0.0007635815418325365,0.0010690141934901476,0
1779964898915507500,18.391507568359376,0.0006108652451075613,0.00015271631127689034,-0.0003054326225537807
1779964898931834000,18.407834228515625,-0.0003054326225537807,-0.0009162978967651725,0.0009162978967651725
1779964898948173000,18.424173095703125,-0.00015271631127689034,-0.0009162978967651725,0.0012217304902151227
1779964898964493800,18.440493896484377,-0.00045814894838258624,-0.001679879380390048,0.00045814894838258624
1779964898980830500,18.45683056640625,-0.0006108652451075613,-0.002138028386980295,0.00045814894838258624
1779964898997159400,18.473159423828125,-0.00045814894838258624,-0.0025961773935705423,-0.00015271631127689034
1779964899013492700,18.48949267578125,-0.0003054326225537807,-0.0025961773935705423,-0.00045814894838258624
1779964899029815000,18.50581494140625,-0.0003054326225537807,-0.00366519158706069,0.0006108652451075613
1779964899046134800,18.522134765625,-0.0006108652451075613,-0.0012217304902151227,0
1779964899062465500,18.538465576171873,-0.0003054326225537807,-0.002138028386980295,0.00045814894838258624
1779964899078796500,18.554796630859375,-0.0003054326225537807,-0.001527163083665073,0.0010690141934901476
1779964899095104800,18.571104736328124,0.0006108652451075613,-0.0029016099870204926,0.003054326167330146
1779964899111454200,18.5874541015625,0.00045814894838258624,-0.0029016099870204926,0.0006108652451075613
1779964899127785700,18.60378564453125,0.00045814894838258624,-0.00015271631127689034,0.0007635815418325365
1779964899144132900,18.6201328125,0.00045814894838258624,0.0012217304902151227,0.0006108652451075613
1779964899160444000,18.63644384765625,0.0003054326225537807,0.0010690141934901476,0.0006108652451075613
1779964899176770300,18.652770263671876,-0.0003054326225537807,0.0010690141934901476,0.00015271631127689034
1779964899193119200,18.669119140625,-0.0003054326225537807,0.0006108652451075613,0.0010690141934901476
1779964899209451000,18.685450927734376,-0.00045814894838258624,0.0013744467869400978,-0.00045814894838258624
1779964899225779700,18.70177978515625,0.0003054326225537807,0.0022907445672899485,0
1779964899242099500,18.718099365234377,0.00015271631127689034,0.001527163083665073,0.001527163083665073
1779964899258445600,18.734445556640626,0.00015271631127689034,-0.001527163083665073,0.0013744467869400978
1779964899274772000,18.75077197265625,-0.00015271631127689034,-0.002138028386980295,0.001527163083665073
1779964899291086600,18.767086669921873,0.0006108652451075613,-0.002138028386980295,0.001832595793530345
1779964899307417600,18.78341748046875,0.00045814894838258624,-0.0003054326225537807,0.00045814894838258624
1779964899323733800,18.799733642578126,0.0003054326225537807,-0.0009162978967651725,-0.00045814894838258624
1779964899340078000,18.816078125,0.00045814894838258624,-0.0010690141934901476,-0.0009162978967651725
1779964899356405000,18.832405029296876,-0.0003054326225537807,0.00015271631127689034,0.0006108652451075613
1779964899372739800,18.84873974609375,-0.00015271631127689034,0.0003054326225537807,0.001527163083665073
1779964899389068000,18.865068115234376,0.0003054326225537807,-0.0006108652451075613,0.0022907445672899485
1779964899405411800,18.881411865234377,-0.00045814894838258624,0.001527163083665073,0.0010690141934901476
1779964899421741300,18.8977412109375,0.00015271631127689034,0.001679879380390048,0.0013744467869400978
1779964899438068500,18.914068359375,-0.00015271631127689034,0.0024434609804302454,0.00015271631127689034
1779964899454410200,18.93041015625,0.0007635815418325365,0.0012217304902151227,-0.00015271631127689034
1779964899470727200,18.94672705078125,-0.00015271631127689034,-0.00045814894838258624,-0.00015271631127689034
1779964899487054800,18.963054931640624,0.0003054326225537807,-0.0003054326225537807,0.0013744467869400978
1779964899503392000,18.97939208984375,-0.0003054326225537807,-0.0003054326225537807,0.0007635815418325365
1779964899519705600,18.99570556640625,0.0012217304902151227,-0.001832595793530345,0.001832595793530345
1779964899536039700,19.012039794921876,-0.00015271631127689034,-0.002138028386980295,0.001527163083665073
1779964899552368600,19.02836865234375,0.00015271631127689034,-0.003054326167330146,0.0029016099870204926
1779964899568698400,19.044698486328127,0.00045814894838258624,-0.00366519158706069,0.0024434609804302454
1779964899585025500,19.061025634765624,-0.00045814894838258624,-0.003359758760780096,0.00015271631127689034
1779964899601360400,19.0773603515625,0.00045814894838258624,-0.0025961773935705423,0.0013744467869400978
1779964899617688800,19.093688720703124,0.0006108652451075613,-0.001527163083665073,0.00045814894838258624
1779964899634037800,19.110037841796874,0.0006108652451075613,-0.001679879380390048,0.0003054326225537807
1779964899650363000,19.12636279296875,-0.00015271631127689034,-0.0009162978967651725,0.00015271631127689034
1779964899666693600,19.142693603515625,0.00015271631127689034,0.00015271631127689034,0.0013744467869400978
1779964899683019000,19.15901904296875,-0.00045814894838258624,-0.0006108652451075613,0.0007635815418325365
1779964899699358200,19.175358154296877,-0.0003054326225537807,0.0013744467869400978,0.0009162978967651725
1779964899715683000,19.19168310546875,0.00015271631127689034,0.0013744467869400978,0.0012217304902151227
1779964899731996700,19.20799658203125,0.00045814894838258624,0.0022907445672899485,0.00045814894838258624
1779964899748347600,19.22434765625,0.0006108652451075613,0.0024434609804302454,-0.00045814894838258624
1779964899764667100,19.240667236328125,-0.0003054326225537807,-0.00045814894838258624,0.0007635815418325365
1779964899780990000,19.256989990234374,0.0006108652451075613,-0.0009162978967651725,0.0007635815418325365
1779964899797324800,19.27332470703125,-0.0006108652451075613,-0.003054326167330146,-0.0003054326225537807
1779964899813639700,19.2896396484375,-0.00015271631127689034,-0.0013744467869400978,0
1779964899829972200,19.30597216796875,-0.00015271631127689034,-0.002138028386980295,-0.0003054326225537807
1779964899846307000,19.32230712890625,-0.00045814894838258624,0.0007635815418325365,0.0009162978967651725
1779964899862641400,19.338641357421874,0.0003054326225537807,-0.0006108652451075613,0.0003054326225537807
1779964899878989000,19.354989013671876,-0.0003054326225537807,0.0007635815418325365,-0.0003054326225537807
1779964899895314700,19.371314697265625,-0.00015271631127689034,-0.0006108652451075613,-0.00015271631127689034
1779964899911628000,19.3876279296875,0.0003054326225537807,0.00015271631127689034,0.0007635815418325365
1779964899927975200,19.40397509765625,0.0006108652451075613,-0.00015271631127689034,0.001832595793530345
1779964899944303000,19.42030322265625,-0.00045814894838258624,-0.0010690141934901476,0.0006108652451075613
1779964899960618200,19.4366181640625,0.0006108652451075613,0.00015271631127689034,-0.0006108652451075613
1779964899976965600,19.452965576171874,0,0.0012217304902151227,0.0006108652451075613
1779964899993296000,19.4692958984375,0.0006108652451075613,0.0013744467869400978,0.00015271631127689034
1779964900009621500,19.48562158203125,-0.0003054326225537807,0.001679879380390048,0.00045814894838258624
1779964900025940200,19.501940185546875,-0.00015271631127689034,0.0003054326225537807,-0.0003054326225537807
1779964900042271500,19.518271484375,0,0.0006108652451075613,-0.00045814894838258624
1779964900058592500,19.534592529296877,0.00045814894838258624,0.0013744467869400978,0.00045814894838258624
1779964900074932200,19.55093212890625,0.00045814894838258624,0.0013744467869400978,0
1779964900091262000,19.567261962890626,0.0003054326225537807,0.00015271631127689034,0.0012217304902151227
1779964900107592400,19.583592529296876,0.00045814894838258624,-0.0003054326225537807,0.0007635815418325365
1779964900123924000,19.599924072265626,0,0.0012217304902151227,0.0007635815418325365
1779964900140265200,19.61626513671875,0.0006108652451075613,-0.0007635815418325365,0.0010690141934901476
1779964900156575700,19.63257568359375,-0.00045814894838258624,-0.0013744467869400978,0.0003054326225537807
1779964900172930000,19.648929931640627,0.0006108652451075613,-0.0006108652451075613,0.0009162978967651725
1779964900189257200,19.66525732421875,0,-0.0007635815418325365,0.0012217304902151227
1779964900205584600,19.681584716796873,-0.0003054326225537807,0.0010690141934901476,0.0013744467869400978
1779964900221933600,19.69793359375,0.0010690141934901476,0.0010690141934901476,0.0006108652451075613
1779964900238243300,19.714243408203124,0.0003054326225537807,0.003359758760780096,-0.0007635815418325365
1779964900254574800,19.730574951171874,-0.00045814894838258624,0.003054326167330146,-0.0006108652451075613
1779964900270896400,19.746896484375,-0.0009162978967651725,0.0025961773935705423,-0.0010690141934901476
1779964900287223300,19.763223388671875,-0.00015271631127689034,0.0029016099870204926,-0.0007635815418325365
1779964900303553500,19.779553466796877,0.0006108652451075613,0.001832595793530345,-0.0007635815418325365
1779964900319884500,19.795884521484375,0.0009162978967651725,0.002138028386980295,-0.00045814894838258624
1779964900336200700,19.81220068359375,0,0.0025961773935705423,-0.0003054326225537807
1779964900352540200,19.8285400390625,0.0003054326225537807,0,-0.00015271631127689034
1779964900368878300,19.84487841796875,0.0006108652451075613,-0.00015271631127689034,0.0003054326225537807
1779964900385203000,19.861202880859373,-0.00045814894838258624,-0.0009162978967651725,0.0007635815418325365
1779964900401548000,19.877548095703126,-0.00045814894838258624,0.00015271631127689034,-0.0003054326225537807
1779964900417874200,19.893874267578123,-0.00015271631127689034,-0.0012217304902151227,0.0003054326225537807
1779964900434212000,19.910212158203127,0,-0.0019853119738399982,-0.00015271631127689034
1779964900450557400,19.926557373046876,0.00045814894838258624,-0.001527163083665073,-0.0013744467869400978
1779964900466855700,19.942855712890626,-0.00045814894838258624,-0.0010690141934901476,-0.0006108652451075613
1779964900483194400,19.9591943359375,0,-0.0006108652451075613,-0.0003054326225537807
1779964900499532800,19.97553271484375,-0.00045814894838258624,0.0003054326225537807,-0.0007635815418325365
1779964900515847400,19.991847412109376,0,0.0007635815418325365,0.0006108652451075613
1779964900532173300,20.00817333984375,0,0.00045814894838258624,-0.00045814894838258624
1779964900548505000,20.024505126953127,0.0003054326225537807,0.0006108652451075613,-0.0003054326225537807
1779964900564838700,20.040838623046874,-0.0003054326225537807,0.0010690141934901476,-0.0010690141934901476
1779964900581165300,20.057165283203126,0.00045814894838258624,0.0003054326225537807,0
1779964900597496600,20.07349658203125,-0.00015271631127689034,0.00015271631127689034,-0.00015271631127689034
1779964900613825000,20.089824951171874,0.0003054326225537807,-0.0007635815418325365,-0.00045814894838258624
1779964900630174000,20.106174072265624,0,-0.0010690141934901476,-0.0010690141934901476
1779964900646499800,20.122499755859376,0.00045814894838258624,-0.0003054326225537807,0.00015271631127689034
1779964900662837200,20.138837158203124,0.00015271631127689034,-0.00045814894838258624,-0.001527163083665073
1779964900679153000,20.15515283203125,-0.00045814894838258624,-0.0006108652451075613,0.0003054326225537807
1779964900695489300,20.1714892578125,0.0003054326225537807,-0.001527163083665073,-0.0009162978967651725
1779964900711816200,20.187816162109375,0.0003054326225537807,0.00015271631127689034,-0.0010690141934901476
1779964900728153300,20.2041533203125,-0.0006108652451075613,-0.00045814894838258624,0.0010690141934901476
1779964900744476700,20.2204765625,-0.00015271631127689034,-0.00015271631127689034,0.00015271631127689034
1779964900760796700,20.236796630859374,0.0006108652451075613,0.0019853119738399982,0.00045814894838258624
1779964900777127700,20.253127685546875,-0.0003054326225537807,0.0009162978967651725,-0.0006108652451075613
1779964900793456600,20.26945654296875,0.0006108652451075613,0.0012217304902151227,-0.0003054326225537807
1779964900809787000,20.285786865234375,0.0006108652451075613,0.0013744467869400978,-0.0006108652451075613
1779964900826117000,20.3021171875,0.0003054326225537807,0.0007635815418325365,-0.0006108652451075613
1779964900842457300,20.318457275390625,0.00045814894838258624,0.0013744467869400978,-0.0010690141934901476
1779964900858785000,20.334784912109374,0.00045814894838258624,0.0010690141934901476,-0.0003054326225537807
1779964900875116300,20.3511162109375,-0.0006108652451075613,0.001679879380390048,-0.0006108652451075613
1779964900891438600,20.3674384765625,0.00045814894838258624,0.0007635815418325365,-0.001679879380390048
1779964900907783000,20.383782958984376,0.0003054326225537807,-0.0012217304902151227,-0.001832595793530345
1779964900924111000,20.400111083984374,-0.00015271631127689034,0.0012217304902151227,0.0006108652451075613
1779964900940441600,20.416441650390624,0.00015271631127689034,0.0025961773935705423,0.00015271631127689034
1779964900956771800,20.432771728515625,-0.00015271631127689034,0.0007635815418325365,-0.0019853119738399982
1779964900973100300,20.449100341796875,0.0006108652451075613,-0.0010690141934901476,-0.0003054326225537807
1779964900989415700,20.465415771484373,-0.00045814894838258624,0.0003054326225537807,-0.0009162978967651725
1779964901005730600,20.48173046875,0.00045814894838258624,0.0003054326225537807,0
1779964901022088000,20.498087890625,0.00015271631127689034,0.002138028386980295,0.0007635815418325365
1779964901038409500,20.514409423828123,0.0012217304902151227,0.0012217304902151227,0.0003054326225537807
1779964901054727700,20.530727783203126,-0.0003054326225537807,0.003054326167330146,-0.0006108652451075613
1779964901071057400,20.547057373046876,-0.00045814894838258624,0.0027488935738801956,-0.0012217304902151227
1779964901087391500,20.5633916015625,-0.0003054326225537807,0.0025961773935705423,-0.0024434609804302454
1779964901103730200,20.579730224609374,-0.00045814894838258624,0.0027488935738801956,-0.0022907445672899485
1779964901120075800,20.59607568359375,-0.00015271631127689034,0.001527163083665073,-0.001527163083665073
1779964901136386000,20.612385986328125,0.0007635815418325365,0.0013744467869400978,-0.0009162978967651725
1779964901152712000,20.6287119140625,-0.00015271631127689034,0.0003054326225537807,-0.001527163083665073
1779964901169067800,20.64506787109375,-0.0003054326225537807,-0.00045814894838258624,-0.00015271631127689034
1779964901185393200,20.66139306640625,-0.00045814894838258624,-0.0024434609804302454,-0.001832595793530345
1779964901201723100,20.67772314453125,-0.0003054326225537807,-0.00045814894838258624,-0.001679879380390048
1779964901218050800,20.69405078125,0.0003054326225537807,-0.00015271631127689034,-0.0022907445672899485
1779964901234377500,20.71037744140625,-0.00045814894838258624,-0.0022907445672899485,-0.002138028386980295
1779964901250699500,20.726699462890625,0.0003054326225537807,-0.001527163083665073,-0.001679879380390048
1779964901267030000,20.743030029296875,-0.0003054326225537807,-0.0012217304902151227,-0.002138028386980295
1779964901283359500,20.759359375,0.00015271631127689034,0.0012217304902151227,-0.0007635815418325365
1779964901299691500,20.77569140625,0.0006108652451075613,0.0010690141934901476,-0.001679879380390048
1779964901316002600,20.79200244140625,0.0006108652451075613,0.003817907767370343,-0.0010690141934901476
1779964901332350500,20.8083505859375,0.0003054326225537807,0.0019853119738399982,-0.0013744467869400978
1779964901348692500,20.8246923828125,0.0003054326225537807,0.001527163083665073,-0.0024434609804302454
1779964901365028400,20.8410283203125,0.0003054326225537807,0.0032070425804704428,-0.0013744467869400978
1779964901381354200,20.857354248046875,-0.00045814894838258624,0.002138028386980295,-0.002138028386980295
1779964901397684700,20.873684814453124,0.0003054326225537807,0.0027488935738801956,-0.002138028386980295
1779964901414013200,20.89001318359375,-0.0003054326225537807,0.003054326167330146,-0.0029016099870204926
1779964901430341000,20.906341064453127,0.0003054326225537807,0.0007635815418325365,-0.0013744467869400978
1779964901446672600,20.922672607421877,0.0009162978967651725,0.0007635815418325365,-0.0022907445672899485
1779964901463007000,20.939007080078124,-0.00015271631127689034,0.0003054326225537807,-0.0022907445672899485
1779964901479337200,20.955337158203125,-0.00015271631127689034,0.00015271631127689034,-0.002138028386980295
1779964901495666700,20.971666748046875,-0.0006108652451075613,-0.00015271631127689034,-0.0019853119738399982
1779964901511978000,20.98797802734375,0.0003054326225537807,0.0010690141934901476,-0.0012217304902151227
1779964901528311800,21.004311767578123,0.0003054326225537807,0.0012217304902151227,-0.002138028386980295
1779964901544638500,21.020638427734376,-0.00045814894838258624,-0.00015271631127689034,-0.0022907445672899485
1779964901560976100,21.03697607421875,0.0006108652451075613,0.001679879380390048,-0.003054326167330146
1779964901577302000,21.053302001953124,0.0006108652451075613,0.0012217304902151227,-0.003054326167330146
1779964901593632300,21.06963232421875,0.0003054326225537807,0.001527163083665073,-0.0012217304902151227
1779964901609976800,21.085976806640623,0.0013744467869400978,0.0032070425804704428,-0.0022907445672899485
1779964901626307000,21.10230712890625,0.0006108652451075613,0.001832595793530345,-0.0013744467869400978
1779964901642619100,21.118619140625,-0.0003054326225537807,0.001679879380390048,-0.0032070425804704428
1779964901658938000,21.134938232421874,0.0003054326225537807,0.003054326167330146,-0.0022907445672899485
1779964901675294500,21.15129443359375,-0.00045814894838258624,0.001679879380390048,-0.003512475173920393
1779964901691627000,21.167626953125,0.00015271631127689034,0.001527163083665073,-0.0007635815418325365
1779964901707956500,21.18395654296875,-0.00045814894838258624,0.00045814894838258624,-0.0027488935738801956
1779964901724283000,21.200282958984374,-0.00045814894838258624,0.0010690141934901476,-0.0019853119738399982
1779964901740603400,21.216603271484374,-0.00015271631127689034,-0.00045814894838258624,-0.001832595793530345
1779964901756934400,21.232934326171875,0.0003054326225537807,0.0009162978967651725,-0.00045814894838258624
1779964901773263000,21.24926318359375,0.0006108652451075613,0.003359758760780096,-0.0022907445672899485
1779964901789593300,21.26559326171875,-0.00015271631127689034,0.001679879380390048,-0.0025961773935705423
1779964901805923300,21.28192333984375,0.0006108652451075613,0.0027488935738801956,-0.002138028386980295
1779964901822257700,21.298257568359375,0.0003054326225537807,0.0032070425804704428,-0.001832595793530345
1779964901838597400,21.314597412109375,-0.00015271631127689034,0.0032070425804704428,-0.00015271631127689034
1779964901854926800,21.3309267578125,-0.00045814894838258624,0.004734205547720194,-0.0032070425804704428
1779964901871257900,21.3472578125,-0.00015271631127689034,0.0039706239476799965,-0.003817907767370343
1779964901887588900,21.3635888671875,-0.00045814894838258624,0.003359758760780096,-0.003359758760780096
1779964901903917600,21.37991748046875,-0.00015271631127689034,0.003054326167330146,-0.003054326167330146
1779964901920231000,21.39623095703125,0.00045814894838258624,0.00366519158706069,-0.003817907767370343
1779964901936577000,21.412576904296873,0.0003054326225537807,0.003817907767370343,-0.00366519158706069
1779964901952896500,21.428896484375,-0.0003054326225537807,0.0019853119738399982,-0.0027488935738801956
1779964901969237800,21.44523779296875,0.0003054326225537807,0.0006108652451075613,-0.0019853119738399982
1779964901985563100,21.461563232421874,0.0003054326225537807,0,-0.0024434609804302454
1779964902001873700,21.477873779296875,0.0003054326225537807,-0.001679879380390048,-0.0012217304902151227
1779964902018214700,21.494214599609375,-0.00015271631127689034,-0.0013744467869400978,-0.0027488935738801956
1779964902034546200,21.510546142578125,-0.00015271631127689034,0.0019853119738399982,-0.0013744467869400978
1779964902050873600,21.52687353515625,-0.00045814894838258624,0.00045814894838258624,-0.0013744467869400978
1779964902067205000,21.543205078125,-0.00045814894838258624,0.0003054326225537807,-0.0013744467869400978
1779964902083523000,21.559523193359375,-0.00015271631127689034,0.0003054326225537807,-0.0024434609804302454
1779964902099883000,21.575883056640624,0.00045814894838258624,0.001527163083665073,0
1779964902116199700,21.59219970703125,-0.00015271631127689034,0.0022907445672899485,-0.0013744467869400978
1779964902132543200,21.608543212890623,0.0003054326225537807,0.003054326167330146,-0.003054326167330146
1779964902148853800,21.624853759765625,0.0003054326225537807,0.001832595793530345,-0.0029016099870204926
1779964902165198600,21.641198486328125,-0.00045814894838258624,0.0012217304902151227,-0.002138028386980295
1779964902181525800,21.65752587890625,-0.00015271631127689034,0.002138028386980295,-0.0012217304902151227
1779964902197864400,21.673864501953126,-0.00045814894838258624,0.0012217304902151227,-0.0013744467869400978
1779964902214181400,21.690181396484373,-0.00015271631127689034,0,-0.003054326167330146
1779964902230509300,21.70650927734375,-0.00045814894838258624,0.0007635815418325365,-0.003054326167330146
1779964902246825200,21.7228251953125,0.00045814894838258624,0.0009162978967651725,-0.0022907445672899485
1779964902263166700,21.739166748046873,-0.0003054326225537807,-0.0006108652451075613,-0.002138028386980295
1779964902279498500,21.75549853515625,-0.00015271631127689034,-0.0006108652451075613,-0.003054326167330146
1779964902295813400,21.7718134765625,0.0006108652451075613,-0.0012217304902151227,-0.001832595793530345
1779964902312152300,21.78815234375,0.0003054326225537807,-0.001527163083665073,-0.002138028386980295
1779964902328507100,21.804507080078125,-0.00045814894838258624,-0.0007635815418325365,-0.0019853119738399982
1779964902344831700,21.820831787109373,0.0010690141934901476,0.0006108652451075613,-0.0025961773935705423
1779964902361166300,21.837166259765624,0.0007635815418325365,0.0013744467869400978,-0.0003054326225537807
1779964902377485300,21.8534853515625,-0.00045814894838258624,0.0013744467869400978,-0.002138028386980295
1779964902393819400,21.8698193359375,0.0007635815418325365,0.0006108652451075613,-0.0009162978967651725
1779964902410134500,21.886134521484376,0.00015271631127689034,0.0024434609804302454,0
1779964902426480600,21.902480712890625,0.0006108652451075613,0.00045814894838258624,-0.0010690141934901476
1779964902442805200,21.91880517578125,-0.00015271631127689034,0.001527163083665073,-0.0013744467869400978
1779964902459146000,21.93514599609375,-0.0007635815418325365,0,-0.0010690141934901476
1779964902475472600,21.95147265625,-0.0006108652451075613,0.00045814894838258624,-0.002138028386980295
1779964902491781400,21.967781494140624,-0.00045814894838258624,0.0010690141934901476,-0.0006108652451075613
1779964902508121600,21.98412158203125,-0.00045814894838258624,-0.0012217304902151227,0
1779964902524444200,22.000444091796876,-0.0006108652451075613,-0.002138028386980295,-0.00015271631127689034
1779964902540783400,22.016783447265624,0,-0.0025961773935705423,0.0009162978967651725
1779964902557108500,22.0331083984375,0.00045814894838258624,-0.0012217304902151227,0.0003054326225537807
1779964902573438700,22.049438720703126,-0.0003054326225537807,0.0010690141934901476,0.001527163083665073
1779964902589771800,22.065771728515625,0.0003054326225537807,-0.0006108652451075613,-0.0007635815418325365
1779964902606113300,22.08211328125,0.0003054326225537807,-0.0009162978967651725,0.00045814894838258624
1779964902622438000,22.09843798828125,0.0012217304902151227,-0.0012217304902151227,0.0012217304902151227
1779964902638777300,22.11477734375,0,0.00015271631127689034,0.001527163083665073
1779964902655098600,22.1310986328125,0.00015271631127689034,-0.00015271631127689034,0.001527163083665073
1779964902671437600,22.1474375,-0.0009162978967651725,0.00015271631127689034,0.0010690141934901476
1779964902687760400,22.163760498046877,-0.0007635815418325365,0.0009162978967651725,0.0010690141934901476
1779964902704089900,22.18008984375,-0.0006108652451075613,-0.0003054326225537807,-0.00015271631127689034
1779964902720409300,22.196409423828126,-0.0006108652451075613,0.00015271631127689034,-0.0003054326225537807
1779964902736740600,22.21274072265625,0.00015271631127689034,0.0003054326225537807,0.00015271631127689034
1779964902753069600,22.229069580078125,-0.0003054326225537807,-0.001679879380390048,0.0009162978967651725
1779964902769399800,22.24539990234375,-0.00015271631127689034,0,-0.0009162978967651725
1779964902785729800,22.261729736328125,0.0003054326225537807,0.00015271631127689034,0
1779964902802064100,22.278064208984375,0.0006108652451075613,-0.0009162978967651725,0.0003054326225537807
1779964902818388000,22.294387939453124,0.0003054326225537807,-0.001527163083665073,0.0003054326225537807
1779964902834724900,22.310724853515627,-0.00045814894838258624,-0.0010690141934901476,0.0010690141934901476
1779964902851063600,22.3270634765625,0.0006108652451075613,-0.00045814894838258624,-0.0007635815418325365
1779964902867396000,22.34339599609375,-0.00015271631127689034,-0.0012217304902151227,-0.0013744467869400978
1779964902883710000,22.3597099609375,-0.0006108652451075613,-0.001832595793530345,-0.00045814894838258624
1779964902900078000,22.376078125,0.00015271631127689034,-0.003054326167330146,-0.0006108652451075613
1779964902916369000,22.392368896484374,0.0003054326225537807,-0.0019853119738399982,-0.0009162978967651725
1779964902932714500,22.408714599609375,0.00045814894838258624,-0.0012217304902151227,0.0010690141934901476
1779964902949042200,22.425042236328125,0.00015271631127689034,-0.0027488935738801956,0.0006108652451075613
1779964902965374700,22.441374755859375,0.00045814894838258624,-0.0009162978967651725,0.0006108652451075613
1779964902981682000,22.457681884765623,0.00045814894838258624,-0.0006108652451075613,0.0006108652451075613
1779964902998009600,22.474009521484376,-0.00045814894838258624,-0.0012217304902151227,0
1779964903014338800,22.4903388671875,0.00015271631127689034,-0.0010690141934901476,0.0006108652451075613
1779964903030684700,22.5066845703125,0.0006108652451075613,0.00015271631127689034,-0.00045814894838258624
1779964903046998500,22.52299853515625,0.00015271631127689034,0.0006108652451075613,-0.00015271631127689034
1779964903063342000,22.539342041015626,-0.0003054326225537807,0.0010690141934901476,0
1779964903079670000,22.555669921875,-0.0006108652451075613,0.0010690141934901476,0.0006108652451075613
1779964903096018700,22.572018798828125,0.00015271631127689034,0.0003054326225537807,0
1779964903112341800,22.588341796875,-0.00045814894838258624,-0.0007635815418325365,-0.0007635815418325365
1779964903128680700,22.6046806640625,-0.0006108652451075613,-0.0027488935738801956,0.0010690141934901476
1779964903144989200,22.6209892578125,-0.0006108652451075613,-0.0009162978967651725,-0.00015271631127689034
1779964903161332000,22.63733203125,-0.00045814894838258624,-0.001527163083665073,0.0007635815418325365
1779964903177666600,22.65366650390625,0.00015271631127689034,-0.0022907445672899485,0.0013744467869400978
1779964903193997800,22.669997802734375,-0.0006108652451075613,-0.0022907445672899485,0.0009162978967651725
1779964903210311200,22.686311279296874,0.00045814894838258624,-0.0013744467869400978,0.0013744467869400978
1779964903226637300,22.70263720703125,0.00045814894838258624,-0.00045814894838258624,0.00045814894838258624
1779964903242972700,22.71897265625,0.0003054326225537807,-0.00015271631127689034,-0.00015271631127689034
1779964903259304000,22.735303955078123,-0.0003054326225537807,0,0.00015271631127689034
1779964903275633200,22.751633056640625,0.00045814894838258624,-0.0006108652451075613,-0.0007635815418325365
1779964903291961600,22.767961669921874,0.00015271631127689034,0,-0.001527163083665073
1779964903308311800,22.784311767578124,-0.0006108652451075613,0.00045814894838258624,0.00045814894838258624
1779964903324637200,22.80063720703125,0.00045814894838258624,0.0003054326225537807,0
1779964903340947000,22.816947021484374,0.0013744467869400978,0.00045814894838258624,0
1779964903357301800,22.8333017578125,0.0003054326225537807,-0.0006108652451075613,0.0006108652451075613
1779964903373627400,22.84962744140625,0.00045814894838258624,0.001679879380390048,0.001679879380390048
1779964903389958400,22.86595849609375,-0.0003054326225537807,0.001832595793530345,0.00015271631127689034
1779964903406286000,22.8822861328125,0.0013744467869400978,-0.0007635815418325365,-0.0009162978967651725
1779964903422600700,22.8986005859375,-0.00015271631127689034,-0.0010690141934901476,0.00045814894838258624
1779964903438944300,22.9149443359375,0.00015271631127689034,0.0007635815418325365,0.0013744467869400978
1779964903455285000,22.931284912109376,0.00015271631127689034,-0.0003054326225537807,0.001832595793530345
1779964903471606000,22.94760595703125,-0.0006108652451075613,0.001832595793530345,0
1779964903487921200,22.963921142578126,-0.00045814894838258624,0.0003054326225537807,0.0003054326225537807
1779964903504251100,22.980251220703124,-0.0003054326225537807,0.0022907445672899485,0.00015271631127689034
1779964903520588800,22.9965888671875,-0.0003054326225537807,0.0010690141934901476,0.00015271631127689034
1779964903536914700,23.012914794921876,0.0009162978967651725,0.0013744467869400978,0
1779964903553244700,23.02924462890625,-0.0006108652451075613,0.0009162978967651725,0.00015271631127689034
1779964903569575000,23.045574951171876,-0.00045814894838258624,0.00045814894838258624,-0.001832595793530345
1779964903585922600,23.061922607421874,0.00045814894838258624,0.0003054326225537807,-0.0009162978967651725
1779964903602248700,23.078248779296874,0.0003054326225537807,0.0006108652451075613,-0.00015271631127689034
1779964903618579500,23.094579345703124,0.00045814894838258624,-0.001832595793530345,-0.0007635815418325365
1779964903634891500,23.1108916015625,-0.00015271631127689034,-0.002138028386980295,-0.0010690141934901476
1779964903651238000,23.12723779296875,0.00015271631127689034,-0.0013744467869400978,-0.00015271631127689034
1779964903667569000,23.14356884765625,-0.0006108652451075613,-0.0009162978967651725,-0.00045814894838258624
1779964903683896000,23.15989599609375,0.00045814894838258624,-0.0013744467869400978,0.00045814894838258624
1779964903700215800,23.1762158203125,-0.00045814894838258624,-0.0025961773935705423,-0.0003054326225537807
1779964903716533500,23.192533447265625,0.00045814894838258624,-0.001679879380390048,-0.00045814894838258624
1779964903732863200,23.20886328125,-0.0003054326225537807,-0.0010690141934901476,0.00015271631127689034
1779964903749206300,23.225206298828127,0.0003054326225537807,0.00015271631127689034,-0.0006108652451075613
1779964903765536300,23.241536376953125,-0.00045814894838258624,-0.0013744467869400978,0
1779964903781869000,23.257869140625,0.00045814894838258624,0.0003054326225537807,-0.0003054326225537807
1779964903798207500,23.27420751953125,-0.00015271631127689034,0.0007635815418325365,0
1779964903814527200,23.29052734375,-0.00045814894838258624,0.0006108652451075613,-0.0009162978967651725
1779964903830851800,23.306851806640626,0.00045814894838258624,0.0010690141934901476,-0.00015271631127689034
1779964903847205000,23.323205078125,-0.00045814894838258624,0.0010690141934901476,0
1779964903863500500,23.33950048828125,-0.00045814894838258624,0.00015271631127689034,-0.0010690141934901476
1779964903879850200,23.355850341796874,0.0003054326225537807,-0.0010690141934901476,-0.0003054326225537807
1779964903896163800,23.372163818359375,0.0006108652451075613,0.00015271631127689034,-0.0009162978967651725
1779964903912507100,23.388507080078124,0.00015271631127689034,0.00015271631127689034,-0.0007635815418325365
1779964903928817000,23.40481689453125,0.00015271631127689034,0.00015271631127689034,0.00015271631127689034
1779964903945170400,23.42117041015625,0.00015271631127689034,-0.00045814894838258624,-0.00015271631127689034
1779964903961497300,23.437497314453125,0.00045814894838258624,0.0003054326225537807,0.001679879380390048
1779964903977815300,23.453815185546876,-0.00045814894838258624,-0.0006108652451075613,0.0007635815418325365
1779964903994144500,23.47014453125,0.0003054326225537807,-0.00045814894838258624,-0.0007635815418325365
1779964904010488000,23.486488037109375,0.00015271631127689034,0,0.0006108652451075613
1779964904026818000,23.502818115234376,0.0006108652451075613,-0.0006108652451075613,-0.00015271631127689034
1779964904043149000,23.519149169921874,-0.00045814894838258624,0.0003054326225537807,-0.00015271631127689034
1779964904067648300,23.543648193359374,-0.0003054326225537807,0.0003054326225537807,-0.00045814894838258624
1779964904083988000,23.559988037109374,0.00045814894838258624,0.0007635815418325365,0.0009162978967651725
1779964904100332800,23.576332763671875,0.0006108652451075613,0.0012217304902151227,0.0003054326225537807
1779964904116648400,23.5926484375,-0.00015271631127689034,0.0003054326225537807,-0.002138028386980295
1779964904132976600,23.6089765625,0.0006108652451075613,-0.00015271631127689034,-0.001679879380390048
1779964904149304600,23.6253046875,0.00015271631127689034,0.001527163083665073,-0.0003054326225537807
1779964904165636600,23.64163671875,0.0006108652451075613,-0.0003054326225537807,-0.00045814894838258624
1779964904181940700,23.657940673828126,-0.0006108652451075613,-0.0006108652451075613,0.0003054326225537807
1779964904198283500,23.674283447265626,0.0003054326225537807,0.0003054326225537807,-0.0006108652451075613
1779964904214614300,23.6906142578125,0.00015271631127689034,0.002138028386980295,0.0006108652451075613
1779964904230931000,23.706930908203127,0.0003054326225537807,-0.00015271631127689034,-0.0006108652451075613
1779964904247274800,23.723274658203124,0.00015271631127689034,0,-0.0006108652451075613
1779964904263604000,23.73960400390625,0.0003054326225537807,0.0006108652451075613,0.00015271631127689034
1779964904279951600,23.75595166015625,0.00045814894838258624,0.001832595793530345,0.0013744467869400978
1779964904296261600,23.77226171875,0.00045814894838258624,0.0013744467869400978,0
1779964904312593000,23.788593017578126,0.0006108652451075613,0.0022907445672899485,-0.0009162978967651725
1779964904328934700,23.8049345703125,0.0003054326225537807,0.001527163083665073,-0.00015271631127689034
1779964904345272800,23.82127294921875,-0.00045814894838258624,0.0006108652451075613,-0.0025961773935705423
1779964904361596000,23.837595947265626,-0.0003054326225537807,0.0024434609804302454,-0.0010690141934901476
1779964904377929200,23.85392919921875,-0.0003054326225537807,0.002138028386980295,-0.0006108652451075613
1779964904394228200,23.870228271484375,0.0006108652451075613,0.001527163083665073,-0.0013744467869400978
1779964904410589200,23.886589111328124,-0.00015271631127689034,0.001527163083665073,0
1779964904426923000,23.902923095703127,0.0006108652451075613,0.0007635815418325365,-0.0013744467869400978
1779964904443243800,23.919243896484375,0.0006108652451075613,0.0003054326225537807,-0.0007635815418325365
1779964904459574000,23.935573974609376,0.0003054326225537807,-0.0006108652451075613,-0.0010690141934901476
1779964904475885300,23.95188525390625,-0.00045814894838258624,-0.0010690141934901476,-0.0007635815418325365
1779964904492212700,23.968212646484375,-0.0006108652451075613,0.0003054326225537807,-0.0009162978967651725
1779964904508556000,23.98455615234375,0.0003054326225537807,-0.0007635815418325365,0
1779964904524886000,24.000885986328125,-0.00015271631127689034,-0.001679879380390048,-0.0009162978967651725
1779964904541216500,24.017216552734375,-0.0013744467869400978,-0.0009162978967651725,0
1779964904557546500,24.03354638671875,-0.00015271631127689034,-0.00015271631127689034,-0.0010690141934901476
1779964904573890000,24.04989013671875,0.0003054326225537807,0.0006108652451075613,-0.00015271631127689034
1779964904590209800,24.066209716796877,-0.00045814894838258624,0.0003054326225537807,-0.0007635815418325365
1779964904606547500,24.08254736328125,0.0003054326225537807,0.001527163083665073,-0.0013744467869400978
1779964904622878500,24.09887841796875,-0.0007635815418325365,0,-0.0029016099870204926
1779964904639213600,24.115213623046873,-0.00045814894838258624,0.00015271631127689034,-0.0010690141934901476
1779964904655540700,24.131540771484374,0.00015271631127689034,-0.00015271631127689034,-0.00015271631127689034
1779964904671853800,24.147853759765624,-0.00045814894838258624,-0.00015271631127689034,-0.0009162978967651725
1779964904688187000,24.164186767578126,0.0006108652451075613,0.00045814894838258624,-0.001679879380390048
1779964904704517000,24.18051708984375,0.00015271631127689034,0.0010690141934901476,0
1779964904720848100,24.19684814453125,0.00045814894838258624,0.0003054326225537807,-0.0013744467869400978
1779964904737177600,24.213177490234376,-0.0003054326225537807,-0.0003054326225537807,-0.0003054326225537807
1779964904753507600,24.229507568359374,-0.00015271631127689034,0.0003054326225537807,-0.0009162978967651725
1779964904769855200,24.245855224609375,-0.00045814894838258624,0.0003054326225537807,-0.0007635815418325365
1779964904786199800,24.26219970703125,0.00045814894838258624,0.0006108652451075613,-0.001527163083665073
1779964904802516200,24.27851611328125,0.00045814894838258624,0.0009162978967651725,0.00045814894838258624
1779964904818820600,24.294820556640627,0.0006108652451075613,0.0012217304902151227,-0.00015271631127689034
1779964904835176200,24.31117626953125,0.0003054326225537807,0.00015271631127689034,-0.001832595793530345
1779964904851501300,24.327501220703127,-0.00045814894838258624,-0.00015271631127689034,-0.0019853119738399982
1779964904867829800,24.343829833984376,-0.00015271631127689034,0.00045814894838258624,-0.0013744467869400978
1779964904884162300,24.360162353515626,-0.0003054326225537807,0.001679879380390048,0.0007635815418325365
1779964904900492300,24.3764921875,0.00015271631127689034,0.0006108652451075613,0
1779964904916822500,24.392822509765626,-0.0003054326225537807,0.001679879380390048,-0.001679879380390048
1779964904933150500,24.409150390625,0.00045814894838258624,0.0013744467869400978,-0.001527163083665073
1779964904949467400,24.42546728515625,0.0006108652451075613,0.001527163083665073,-0.001832595793530345
1779964904965795600,24.441795654296875,0.00045814894838258624,0.0010690141934901476,-0.002138028386980295
1779964904982128600,24.458128662109374,-0.00015271631127689034,-0.00015271631127689034,-0.0029016099870204926
1779964904998458400,24.474458251953124,-0.0003054326225537807,-0.0003054326225537807,-0.002138028386980295
1779964905014789000,24.4907890625,0.0003054326225537807,0.00045814894838258624,-0.002138028386980295
1779964905031112200,24.5071123046875,0.00045814894838258624,0.001679879380390048,-0.001832595793530345
1779964905047448000,24.523447998046876,-0.0003054326225537807,0.0032070425804704428,-0.001679879380390048
1779964905063808800,24.539808837890625,-0.0003054326225537807,0.0013744467869400978,-0.002138028386980295
1779964905080123400,24.556123291015624,-0.00015271631127689034,-0.0007635815418325365,-0.0003054326225537807
1779964905096460800,24.572460693359375,0.00015271631127689034,0.0022907445672899485,-0.0003054326225537807
1779964905112784000,24.588783935546875,0.0006108652451075613,0.0029016099870204926,-0.0012217304902151227
1779964905129111600,24.605111572265624,0.0006108652451075613,0.00427605677396059,-0.0022907445672899485
1779964905145443600,24.621443603515626,0.00045814894838258624,0.003817907767370343,-0.0013744467869400978
1779964905161761800,24.63776171875,0.0006108652451075613,0.00366519158706069,-0.002138028386980295
1779964905178090200,24.65409033203125,-0.00045814894838258624,0.004734205547720194,-0.0027488935738801956
1779964905194421000,24.6704208984375,0.0006108652451075613,0.003817907767370343,-0.0029016099870204926
1779964905210750200,24.686750244140626,0.0003054326225537807,0.001679879380390048,-0.001527163083665073
1779964905227081000,24.7030810546875,-0.00015271631127689034,0.0019853119738399982,-0.001832595793530345
1779964905243410200,24.71941015625,0.00045814894838258624,-0.00015271631127689034,-0.0013744467869400978
1779964905259754500,24.73575439453125,0.00015271631127689034,0.00015271631127689034,-0.003054326167330146
1779964905276086300,24.752086181640625,-0.0003054326225537807,-0.0009162978967651725,-0.0025961773935705423
1779964905292414700,24.768414794921874,-0.00045814894838258624,-0.0009162978967651725,-0.0010690141934901476
1779964905308744200,24.784744140625,0.0003054326225537807,-0.0007635815418325365,-0.0013744467869400978
1779964905325045500,24.80104541015625,-0.00045814894838258624,0,-0.0022907445672899485
1779964905341405700,24.81740576171875,0.0006108652451075613,-0.00045814894838258624,-0.0022907445672899485
1779964905357732000,24.833732177734376,0.0003054326225537807,0.0013744467869400978,-0.0007635815418325365
1779964905374067700,24.850067626953123,-0.00045814894838258624,0.001527163083665073,-0.001679879380390048
1779964905390395600,24.866395751953124,-0.00045814894838258624,0.0025961773935705423,-0.001527163083665073
1779964905406725400,24.882725341796874,0.0006108652451075613,0.0022907445672899485,-0.003054326167330146
1779964905423035600,24.89903564453125,0,0.0027488935738801956,-0.001679879380390048
1779964905439386000,24.91538623046875,0.0006108652451075613,0.0029016099870204926,-0.0022907445672899485
1779964905455690200,24.931690185546874,0.0007635815418325365,0.0025961773935705423,-0.0027488935738801956
1779964905472026400,24.9480263671875,0.0003054326225537807,0.0032070425804704428,-0.002138028386980295
1779964905488345300,24.964345458984376,0.0006108652451075613,0.001679879380390048,-0.0013744467869400978
1779964905504692000,24.98069189453125,-0.00015271631127689034,0.0019853119738399982,-0.003359758760780096
1779964905521020200,24.997020263671875,-0.00045814894838258624,0.001527163083665073,-0.0022907445672899485
1779964905537355800,25.013355712890625,-0.00015271631127689034,0.001527163083665073,-0.0010690141934901476
1779964905553686500,25.0296865234375,0.0003054326225537807,0.0006108652451075613,-0.0019853119738399982
1779964905570024200,25.046024169921875,0.00045814894838258624,0.0009162978967651725,-0.0013744467869400978
1779964905586347800,25.06234765625,0.0006108652451075613,-0.00045814894838258624,-0.001679879380390048
1779964905602683100,25.07868310546875,-0.0003054326225537807,0.0012217304902151227,-0.0010690141934901476
1779964905619018000,25.09501806640625,-0.0006108652451075613,0.00045814894838258624,-0.001679879380390048
1779964905635326500,25.111326416015626,-0.0006108652451075613,0.0003054326225537807,-0.002138028386980295
1779964905651664600,25.12766455078125,-0.00015271631127689034,0.0010690141934901476,-0.0032070425804704428
1779964905667993000,25.1439931640625,0.0010690141934901476,0.0013744467869400978,-0.0019853119738399982
1779964905684319000,25.160319091796875,0.0006108652451075613,0.0009162978967651725,-0.0009162978967651725
1779964905700659200,25.1766591796875,-0.00015271631127689034,0.0022907445672899485,-0.0022907445672899485
1779964905716982500,25.192982421875,0.00015271631127689034,0.0027488935738801956,-0.0006108652451075613
1779964905733313800,25.209313720703125,-0.00015271631127689034,0.002138028386980295,-0.0019853119738399982
1779964905749661200,25.2256611328125,0.0006108652451075613,0.0013744467869400978,-0.0022907445672899485
1779964905765987000,25.241987060546876,-0.00045814894838258624,0.001527163083665073,-0.0013744467869400978
1779964905782314200,25.258314208984373,0.00015271631127689034,0.0022907445672899485,-0.0007635815418325365
1779964905798652200,25.274652099609376,-0.0003054326225537807,0.0009162978967651725,-0.0039706239476799965
1779964905814978300,25.290978271484374,-0.00015271631127689034,-0.0003054326225537807,-0.001527163083665073
1779964905831305700,25.3073056640625,0,-0.00045814894838258624,-0.0013744467869400978
1779964905847639300,25.323639404296873,0.0003054326225537807,0.001679879380390048,-0.001832595793530345
1779964905863968000,25.339968017578126,0,0.002138028386980295,-0.0025961773935705423
1779964905880299300,25.35629931640625,0.0006108652451075613,0.00366519158706069,-0.0024434609804302454
1779964905896628000,25.3726279296875,0.0007635815418325365,0.001527163083665073,-0.001679879380390048
1779964905912942300,25.3889423828125,0,0.0019853119738399982,-0.0010690141934901476
1779964905929288700,25.405288818359374,-0.0003054326225537807,0.0013744467869400978,-0.0009162978967651725
1779964905945615400,25.421615478515626,0.00015271631127689034,0.003512475173920393,-0.0022907445672899485
1779964905961930800,25.4379306640625,-0.00045814894838258624,0.0032070425804704428,-0.003359758760780096
1779964905978269000,25.45426904296875,-0.00045814894838258624,0.0032070425804704428,-0.001832595793530345
1779964905994595600,25.470595703125,0.0003054326225537807,0.0013744467869400978,-0.0024434609804302454
1779964906010926000,25.486926025390623,-0.00045814894838258624,0.0009162978967651725,-0.0019853119738399982
1779964906027255600,25.503255615234377,-0.0012217304902151227,0.00045814894838258624,-0.0012217304902151227
1779964906043586000,25.5195859375,0.0012217304902151227,0,-0.002138028386980295
1779964906059930000,25.53593017578125,0.0006108652451075613,-0.001832595793530345,-0.0006108652451075613
1779964906076243700,25.55224365234375,-0.00015271631127689034,-0.0009162978967651725,-0.00045814894838258624
1779964906092591900,25.568591796875,0.0003054326225537807,-0.001679879380390048,-0.00045814894838258624
1779964906108920300,25.58492041015625,-0.0006108652451075613,-0.0032070425804704428,-0.00045814894838258624
1779964906125266700,25.6012666015625,0.00045814894838258624,-0.0003054326225537807,0.00015271631127689034
1779964906141563600,25.617563720703124,-0.00015271631127689034,-0.0010690141934901476,0.00015271631127689034
1779964906157896700,25.633896728515627,0.0012217304902151227,0.0009162978967651725,-0.00015271631127689034
1779964906174224100,25.65022412109375,0.00045814894838258624,0.00015271631127689034,-0.0003054326225537807
1779964906190543400,25.66654345703125,-0.00045814894838258624,-0.0010690141934901476,-0.00045814894838258624
1779964906206890200,25.68289013671875,0.0012217304902151227,0.001679879380390048,-0.00015271631127689034
1779964906223221200,25.69922119140625,0.0006108652451075613,0.0022907445672899485,0.001527163083665073
1779964906239539500,25.71553955078125,0.0006108652451075613,-0.0003054326225537807,0.0003054326225537807
1779964906255887600,25.7318876953125,0.0003054326225537807,0,-0.0019853119738399982
1779964906272218400,25.74821826171875,0.00045814894838258624,-0.0013744467869400978,0.0007635815418325365
1779964906288538400,25.764538330078125,0.00045814894838258624,-0.002138028386980295,0.00015271631127689034
1779964906304881400,25.78088134765625,-0.0003054326225537807,-0.0032070425804704428,0
1779964906321207800,25.797207763671874,-0.0003054326225537807,-0.0024434609804302454,0.00045814894838258624
1779964906337542400,25.81354248046875,-0.00045814894838258624,-0.0010690141934901476,-0.0013744467869400978
1779964906353869600,25.82986962890625,0.0003054326225537807,-0.0019853119738399982,-0.0010690141934901476
1779964906370205200,25.846205078125,0.00045814894838258624,-0.0009162978967651725,-0.001679879380390048
1779964906386546400,25.86254638671875,0.0006108652451075613,-0.0006108652451075613,-0.00045814894838258624
1779964906402855200,25.878855224609374,0.0006108652451075613,-0.00015271631127689034,0.001679879380390048
1779964906419189000,25.89518896484375,0.0003054326225537807,-0.001679879380390048,0
1779964906435510300,25.91151025390625,0.00015271631127689034,0.00015271631127689034,0.0003054326225537807
1779964906451835100,25.927835205078125,0.0003054326225537807,0,0.0012217304902151227
1779964906468164900,25.944164794921875,0.0003054326225537807,0.00045814894838258624,0.00015271631127689034
1779964906484501000,25.9605009765625,-0.00045814894838258624,0.0003054326225537807,-0.0006108652451075613
1779964906500828200,25.976828125,-0.00045814894838258624,0.001527163083665073,-0.00015271631127689034
1779964906517160000,25.993159912109373,0.00045814894838258624,0.001527163083665073,0.0007635815418325365
1779964906533489700,26.00948974609375,-0.0003054326225537807,0.0007635815418325365,0.00045814894838258624
1779964906549836500,26.02583642578125,-0.0006108652451075613,0.0006108652451075613,0.0003054326225537807
1779964906566163000,26.042162841796873,-0.0006108652451075613,-0.001832595793530345,0
1779964906582488800,26.05848876953125,-0.00045814894838258624,-0.00045814894838258624,0.0009162978967651725
1779964906598826200,26.074826171875,-0.00015271631127689034,-0.001679879380390048,-0.0009162978967651725
1779964906615153700,26.091153564453126,0.00015271631127689034,-0.0019853119738399982,-0.0007635815418325365
1779964906631466500,26.107466552734376,-0.0007635815418325365,-0.004428773187100887,0.00015271631127689034
1779964906647800000,26.123800048828127,0.00015271631127689034,-0.0013744467869400978,-0.00015271631127689034
1779964906664129800,26.1401298828125,-0.0003054326225537807,-0.0009162978967651725,0.0006108652451075613
1779964906680460500,26.15646044921875,0.00045814894838258624,0.0007635815418325365,0
1779964906696790800,26.172790771484376,0.00045814894838258624,0.001832595793530345,-0.00015271631127689034
1779964906713120000,26.1891201171875,0.0003054326225537807,0.001527163083665073,-0.00015271631127689034
1779964906729461500,26.20546142578125,0.00045814894838258624,0.001527163083665073,0.00045814894838258624
1779964906745794800,26.221794921875,-0.00045814894838258624,0.0019853119738399982,0
1779964906762124300,26.238124267578126,-0.00045814894838258624,0.0019853119738399982,-0.001679879380390048
1779964906778454500,26.25445458984375,-0.0006108652451075613,0.001527163083665073,-0.001527163083665073
1779964906794783500,26.270783447265625,-0.0003054326225537807,0.00045814894838258624,-0.0003054326225537807
1779964906811114000,26.287114013671875,-0.0003054326225537807,0.001527163083665073,-0.0010690141934901476
1779964906827445200,26.3034453125,-0.00045814894838258624,-0.0006108652451075613,-0.0012217304902151227
1779964906843771400,26.319771484375,-0.0006108652451075613,-0.00015271631127689034,0.00015271631127689034
1779964906860099000,26.33609912109375,-0.00015271631127689034,-0.0006108652451075613,-0.0003054326225537807
1779964906876467500,26.352467529296874,-0.0006108652451075613,-0.0019853119738399982,0.0012217304902151227
1779964906892765700,26.368765625,-0.00045814894838258624,-0.00366519158706069,0.0009162978967651725
1779964906909095000,26.385094970703125,-0.0006108652451075613,-0.001832595793530345,-0.00045814894838258624
1779964906925423600,26.401423583984375,-0.0006108652451075613,-0.00045814894838258624,-0.0006108652451075613
1779964906941738200,26.41773828125,-0.0003054326225537807,-0.0024434609804302454,-0.00015271631127689034
1779964906958072000,26.434072021484376,-0.00045814894838258624,-0.0010690141934901476,-0.0010690141934901476
1779964906974401300,26.4504013671875,0.0003054326225537807,-0.0006108652451075613,0.00015271631127689034
1779964906990735600,26.466735595703124,0.0003054326225537807,-0.00045814894838258624,-0.00045814894838258624
1779964907007065300,26.4830654296875,0.00045814894838258624,-0.0012217304902151227,0.0009162978967651725
1779964907023392300,26.499392333984375,-0.00045814894838258624,0.0003054326225537807,-0.0007635815418325365
1779964907039762700,26.5157626953125,-0.0006108652451075613,0.00015271631127689034,0.00015271631127689034
1779964907056076800,26.532076904296876,0.0003054326225537807,-0.0010690141934901476,0.0009162978967651725
1779964907072395800,26.548395751953127,0.00045814894838258624,0.00015271631127689034,-0.0006108652451075613
1779964907088722400,26.564722412109376,0.00015271631127689034,0.00015271631127689034,0.0009162978967651725
1779964907105056800,26.581056884765626,0.0006108652451075613,-0.0010690141934901476,-0.0010690141934901476
1779964907121373400,26.59737353515625,-0.00015271631127689034,-0.00015271631127689034,-0.0003054326225537807
1779964907137702700,26.61370263671875,0.0003054326225537807,-0.001527163083665073,-0.0009162978967651725
1779964907154030300,26.6300302734375,0.0003054326225537807,-0.0009162978967651725,-0.0006108652451075613
1779964907170361900,26.64636181640625,-0.00045814894838258624,-0.0010690141934901476,0.00015271631127689034
1779964907186690600,26.662690673828124,0.0006108652451075613,-0.00015271631127689034,-0.0012217304902151227
1779964907203026400,26.6790263671875,-0.0012217304902151227,0.0003054326225537807,0
1779964907219370800,26.695370849609375,-0.00015271631127689034,-0.001527163083665073,-0.00045814894838258624
1779964907235693600,26.711693603515624,0.00015271631127689034,0,-0.0006108652451075613
1779964907252025300,26.728025390625,-0.00045814894838258624,0,-0.0009162978967651725
1779964907268364000,26.744364013671873,0.00045814894838258624,-0.0003054326225537807,0.00045814894838258624
1779964907284688400,26.7606884765625,-0.0003054326225537807,-0.0003054326225537807,0.00015271631127689034
1779964907301015300,26.777015380859375,-0.00045814894838258624,0.00015271631127689034,-0.00045814894838258624
1779964907317340400,26.79334033203125,0.00045814894838258624,-0.00045814894838258624,0.0003054326225537807
1779964907333676800,26.8096767578125,0.00045814894838258624,0.0007635815418325365,0.00015271631127689034
1779964907350004700,26.826004638671876,-0.0006108652451075613,0.00045814894838258624,-0.00015271631127689034
1779964907366325500,26.842325439453123,-0.0003054326225537807,0.00015271631127689034,0.0010690141934901476
1779964907382669300,26.85866943359375,0.0006108652451075613,-0.0003054326225537807,-0.00015271631127689034
1779964907398998000,26.874998046875,-0.0003054326225537807,0.0013744467869400978,0
1779964907415324000,26.891323974609374,-0.0003054326225537807,0.0013744467869400978,-0.0007635815418325365
1779964907431645200,26.907645263671874,0.00015271631127689034,0.0010690141934901476,-0.0003054326225537807
1779964907447975400,26.923975341796876,-0.00015271631127689034,-0.0007635815418325365,-0.0009162978967651725
1779964907464305200,26.94030517578125,-0.00015271631127689034,0.0003054326225537807,0.0003054326225537807
1779964907480635600,26.9566357421875,0,0.00015271631127689034,-0.0009162978967651725
1779964907496965400,26.97296533203125,0.0007635815418325365,0.0006108652451075613,-0.0025961773935705423
1779964907513290200,26.989290283203125,0.0006108652451075613,-0.0006108652451075613,-0.0003054326225537807
1779964907529634600,27.005634521484374,-0.0003054326225537807,0.00015271631127689034,-0.0009162978967651725
1779964907545970000,27.021969970703125,0.00045814894838258624,0.0009162978967651725,0.0009162978967651725
1779964907562301200,27.03830126953125,0.00015271631127689034,0,0.0006108652451075613
1779964907578626600,27.05462646484375,-0.00045814894838258624,0.00045814894838258624,0
1779964907594959400,27.07095947265625,-0.00015271631127689034,0.0013744467869400978,0.0003054326225537807
1779964907611273000,27.08727294921875,-0.00015271631127689034,0.0029016099870204926,-0.0010690141934901476
1779964907627606000,27.10360595703125,0.00045814894838258624,0.003359758760780096,-0.0006108652451075613
1779964907643936800,27.119936767578125,-0.00045814894838258624,0.0007635815418325365,-0.0009162978967651725
1779964907660266200,27.136266357421874,0.0003054326225537807,0.001832595793530345,-0.0013744467869400978
1779964907676597200,27.15259716796875,-0.00015271631127689034,0.0003054326225537807,-0.0003054326225537807
1779964907692926700,27.1689267578125,0.0003054326225537807,-0.0003054326225537807,-0.001832595793530345
1779964907709274400,27.1852744140625,0.00045814894838258624,-0.00045814894838258624,0.00015271631127689034
1779964907725600800,27.201600830078124,0.00045814894838258624,-0.002138028386980295,-0.0006108652451075613
1779964907741926700,27.2179267578125,0.0003054326225537807,-0.001832595793530345,-0.0006108652451075613
1779964907758265600,27.234265625,-0.00045814894838258624,-0.001679879380390048,-0.0009162978967651725
1779964907774591000,27.250591064453126,0.00045814894838258624,-0.0010690141934901476,-0.0003054326225537807
1779964907790904000,27.266904052734375,-0.0003054326225537807,-0.00045814894838258624,-0.0003054326225537807
1779964907807251200,27.283251220703125,-0.00045814894838258624,-0.0003054326225537807,0
1779964907823581400,27.29958154296875,0.00045814894838258624,-0.00015271631127689034,-0.00015271631127689034
1779964907839912200,27.315912109375,-0.0006108652451075613,-0.0010690141934901476,-0.0007635815418325365
1779964907856224800,27.332224853515626,0.00045814894838258624,0.0013744467869400978,0.00015271631127689034
1779964907872564000,27.34856396484375,-0.00045814894838258624,0.0012217304902151227,-0.0009162978967651725
1779964907888892400,27.364892333984375,0.0006108652451075613,0.0003054326225537807,-0.0006108652451075613
1779964907905232100,27.381232177734375,0,0.001832595793530345,-0.0007635815418325365
1779964907921529900,27.39752978515625,0.00015271631127689034,-0.0007635815418325365,-0.002138028386980295
1779964907937877000,27.413876953125,-0.0012217304902151227,0.0009162978967651725,-0.0010690141934901476
1779964907954208500,27.43020849609375,-0.0006108652451075613,0.0003054326225537807,-0.0007635815418325365
1779964907970538800,27.446538818359375,0.00045814894838258624,-0.0009162978967651725,0
1779964907986868500,27.462868408203125,-0.0006108652451075613,0,-0.0007635815418325365
1779964908003186400,27.4791865234375,0.0003054326225537807,0.0003054326225537807,-0.0006108652451075613
1779964908019528700,27.49552880859375,0.00045814894838258624,-0.0003054326225537807,-0.0007635815418325365
1779964908035888600,27.511888671875,0.00045814894838258624,-0.0009162978967651725,-0.0010690141934901476
1779964908052198400,27.528198486328126,-0.0003054326225537807,0.0009162978967651725,-0.0007635815418325365
1779964908068535000,27.54453515625,0.0003054326225537807,0.0012217304902151227,-0.0007635815418325365
1779964908084863700,27.56086376953125,-0.00015271631127689034,0.00045814894838258624,-0.0025961773935705423
1779964908101176300,27.57717626953125,0.0003054326225537807,0.0012217304902151227,-0.0009162978967651725
1779964908117511400,27.593511474609375,0.0003054326225537807,0.0003054326225537807,-0.0010690141934901476
1779964908133846300,27.60984619140625,0.0003054326225537807,0.0003054326225537807,-0.001679879380390048
1779964908150169300,27.62616943359375,-0.0006108652451075613,0.0013744467869400978,-0.00015271631127689034
1779964908166500000,27.6425,-0.0003054326225537807,0,-0.00045814894838258624
1779964908182830000,27.658830078125,-0.00045814894838258624,0,-0.0009162978967651725
1779964908199175200,27.675175048828127,0.0006108652451075613,-0.00045814894838258624,-0.001832595793530345
1779964908215498500,27.69149853515625,0.00045814894838258624,0.0022907445672899485,0
1779964908231831600,27.70783154296875,0,0.001679879380390048,0
1779964908248164000,27.7241640625,-0.0003054326225537807,0.0007635815418325365,-0.0003054326225537807
1779964908264497000,27.740496826171874,-0.0006108652451075613,0.001527163083665073,0
1779964908280824000,27.756823974609375,-0.00045814894838258624,0.0012217304902151227,-0.0012217304902151227
1779964908297138200,27.77313818359375,0.00015271631127689034,-0.0009162978967651725,0.0009162978967651725
1779964908313480000,27.78947998046875,0,0.00015271631127689034,-0.001527163083665073
1779964908329811200,27.805811279296876,0.0006108652451075613,0.001527163083665073,0.0003054326225537807
1779964908346141200,27.82214111328125,-0.0003054326225537807,0.0009162978967651725,-0.0013744467869400978
1779964908362479400,27.838479248046873,-0.00015271631127689034,-0.0012217304902151227,-0.0006108652451075613
1779964908378794200,27.854794189453123,0.00045814894838258624,-0.00015271631127689034,0.0003054326225537807
1779964908395141600,27.8711416015625,-0.0003054326225537807,0.0012217304902151227,0.0003054326225537807
1779964908411460600,27.887460693359376,-0.0009162978967651725,0.001527163083665073,-0.0006108652451075613
1779964908427782700,27.90378271484375,0.0003054326225537807,0.001679879380390048,0.0010690141934901476
1779964908444111000,27.920111083984374,-0.0006108652451075613,0.001527163083665073,-0.0003054326225537807
1779964908460442400,27.9364423828125,-0.0003054326225537807,0.0009162978967651725,-0.00015271631127689034
1779964908476771800,27.952771728515625,0.00015271631127689034,0.0019853119738399982,-0.00045814894838258624
1779964908493102300,27.969102294921875,-0.0012217304902151227,0.0025961773935705423,-0.0009162978967651725
1779964908509430300,27.98543017578125,0.0006108652451075613,0.0022907445672899485,-0.0019853119738399982
1779964908525778200,28.001778076171874,0.00045814894838258624,0.001679879380390048,-0.0010690141934901476
1779964908542105900,28.01810595703125,0.0003054326225537807,0.00045814894838258624,-0.0007635815418325365
1779964908558436400,28.034436279296877,-0.0003054326225537807,-0.001527163083665073,-0.0010690141934901476
1779964908574765800,28.050765869140626,-0.0006108652451075613,-0.0019853119738399982,-0.00045814894838258624
1779964908591079700,28.06707958984375,-0.00045814894838258624,-0.0003054326225537807,-0.0013744467869400978
1779964908607414500,28.08341455078125,-0.0003054326225537807,-0.0012217304902151227,-0.0007635815418325365
1779964908623743200,28.0997431640625,-0.0006108652451075613,-0.002138028386980295,0
1779964908640072700,28.11607275390625,-0.0009162978967651725,-0.0019853119738399982,-0.00015271631127689034
1779964908656403700,28.13240380859375,-0.00015271631127689034,-0.0010690141934901476,-0.0003054326225537807
1779964908672733200,28.148733154296874,0.0006108652451075613,-0.0009162978967651725,0.0003054326225537807
1779964908689106700,28.165106689453125,0.0003054326225537807,0.002138028386980295,-0.001527163083665073
1779964908705403100,28.181403076171875,0.0003054326225537807,0.0010690141934901476,0.0003054326225537807
1779964908721741600,28.197741455078123,0.0007635815418325365,0.0009162978967651725,-0.0013744467869400978
1779964908738061300,28.214061279296875,-0.00015271631127689034,0.001527163083665073,-0.0012217304902151227
1779964908754397200,28.230397216796874,-0.00045814894838258624,-0.0006108652451075613,-0.0006108652451075613
1779964908770725000,28.24672509765625,-0.00045814894838258624,0.00045814894838258624,-0.0013744467869400978
1779964908787035400,28.263035400390624,0.0006108652451075613,-0.0006108652451075613,-0.0012217304902151227
1779964908803387400,28.279387451171875,-0.00045814894838258624,0.0006108652451075613,-0.0009162978967651725
1779964908819718400,28.295718505859377,0.00045814894838258624,-0.0006108652451075613,-0.0012217304902151227
1779964908836046000,28.312046142578126,-0.00015271631127689034,0.0006108652451075613,0.00015271631127689034
1779964908852378600,28.328378662109376,0.0003054326225537807,0.0010690141934901476,-0.00045814894838258624
1779964908868704000,28.3447041015625,-0.00015271631127689034,-0.00045814894838258624,-0.003054326167330146
1779964908885017900,28.361017822265627,0.0006108652451075613,0.0006108652451075613,-0.001832595793530345
1779964908901370000,28.3773701171875,-0.0003054326225537807,0.0012217304902151227,-0.002138028386980295
1779964908917682000,28.393681884765623,-0.00015271631127689034,0.00045814894838258624,-0.001832595793530345
1779964908934014500,28.410014404296874,-0.00045814894838258624,0.001679879380390048,-0.0024434609804302454
1779964908950327300,28.426327392578123,-0.00015271631127689034,0.001679879380390048,-0.0010690141934901476
1779964908966674400,28.44267431640625,0.0003054326225537807,0.0009162978967651725,-0.001832595793530345
1779964908983006000,28.459005859375,0.0006108652451075613,0.0007635815418325365,-0.0010690141934901476
1779964908999335200,28.475335205078125,-0.00045814894838258624,-0.00045814894838258624,-0.0019853119738399982
1779964909015669500,28.49166943359375,0.0006108652451075613,0.0010690141934901476,-0.0012217304902151227
1779964909031994000,28.507994140625,0.0003054326225537807,0.00045814894838258624,-0.001832595793530345
1779964909048334800,28.5243349609375,-0.0003054326225537807,0.001679879380390048,-0.0022907445672899485
1779964909064678000,28.540677978515625,0,0.0019853119738399982,-0.0029016099870204926
1779964909080986600,28.556986572265625,0.0006108652451075613,0.0009162978967651725,-0.002138028386980295
1779964909097312300,28.573312255859374,0.0006108652451075613,0.0025961773935705423,-0.002138028386980295
1779964909113646300,28.589646240234377,-0.00045814894838258624,0.0019853119738399982,-0.0032070425804704428
1779964909129976000,28.60597607421875,0.0003054326225537807,0.0012217304902151227,-0.00045814894838258624
1779964909146296300,28.62229638671875,0.00045814894838258624,0,-0.001679879380390048
1779964909162638600,28.638638671875,0.0003054326225537807,0.0006108652451075613,-0.0009162978967651725
1779964909178984400,28.654984375,0,0.0024434609804302454,-0.0009162978967651725
1779964909195293700,28.671293701171876,0.0007635815418325365,0.00366519158706069,-0.0013744467869400978
1779964909211638000,28.687637939453126,-0.0003054326225537807,0.00366519158706069,-0.004123340360820293
1779964909227975000,28.703974853515625,-0.00015271631127689034,0.0029016099870204926,-0.0024434609804302454
1779964909244307200,28.72030712890625,0.00045814894838258624,0.0027488935738801956,-0.001832595793530345
1779964909260624100,28.7366240234375,-0.0003054326225537807,0.0029016099870204926,-0.0012217304902151227
1779964909276944600,28.752944580078125,-0.00045814894838258624,0.003512475173920393,-0.001679879380390048
1779964909293289200,28.769289306640626,-0.00045814894838258624,0.0025961773935705423,-0.001832595793530345
1779964909309621000,28.78562109375,-0.00045814894838258624,0.001832595793530345,-0.002138028386980295
1779964909325951200,28.801951171875,0.0003054326225537807,0.0007635815418325365,-0.003054326167330146
1779964909342281700,28.81828173828125,-0.00045814894838258624,0.0013744467869400978,-0.003817907767370343
1779964909358607600,28.834607666015625,0.0006108652451075613,0.001679879380390048,-0.00366519158706069
1779964909374931700,28.850931640625,0.0006108652451075613,0.00045814894838258624,-0.0024434609804302454
1779964909391254800,28.8672548828125,0.0006108652451075613,0.00045814894838258624,-0.0013744467869400978
1779964909407571000,28.883571044921876,0,-0.0010690141934901476,-0.0013744467869400978
1779964909423923200,28.899923095703127,0,0.0003054326225537807,-0.0024434609804302454
1779964909440248800,28.916248779296875,-0.0007635815418325365,-0.0009162978967651725,-0.002138028386980295
1779964909456578600,28.93257861328125,-0.00045814894838258624,0.001527163083665073,-0.0010690141934901476
1779964909472908800,28.94890869140625,0.0003054326225537807,0.0022907445672899485,-0.0019853119738399982
1779964909489238300,28.96523828125,-0.00015271631127689034,0.0019853119738399982,-0.00045814894838258624
1779964909505572400,28.981572265625,-0.00015271631127689034,0.001832595793530345,-0.0010690141934901476
1779964909521912000,28.997912109375,0.0003054326225537807,0.001527163083665073,-0.001527163083665073
1779964909538241500,29.014241455078125,-0.0003054326225537807,0.001832595793530345,-0.002138028386980295
1779964909554559000,29.03055908203125,0.0006108652451075613,0.0022907445672899485,-0.0029016099870204926
1779964909570886000,29.046885986328125,-0.00045814894838258624,0.0009162978967651725,-0.0022907445672899485
1779964909587219200,29.06321923828125,-0.00045814894838258624,0.0006108652451075613,-0.0019853119738399982
1779964909603549400,29.079549560546877,0.0006108652451075613,0.0007635815418325365,-0.0024434609804302454
1779964909619880000,29.0958798828125,0.0003054326225537807,0.00045814894838258624,-0.002138028386980295
1779964909636196900,29.11219677734375,0.00045814894838258624,0.0012217304902151227,-0.001527163083665073
1779964909652536800,29.128536865234373,0.0003054326225537807,0.00045814894838258624,-0.0012217304902151227
1779964909668887600,29.144887451171876,-0.00045814894838258624,-0.00045814894838258624,-0.0009162978967651725
1779964909685197600,29.161197509765625,0.00045814894838258624,-0.0007635815418325365,-0.0024434609804302454
1779964909701544000,29.1775439453125,-0.00015271631127689034,-0.0007635815418325365,-0.0009162978967651725
1779964909717877200,29.193877197265625,-0.00045814894838258624,-0.00015271631127689034,-0.0009162978967651725
1779964909734200300,29.210200439453125,-0.00015271631127689034,-0.0009162978967651725,-0.001679879380390048
1779964909750517000,29.22651708984375,-0.00045814894838258624,0.00045814894838258624,0.0003054326225537807
1779964909766864100,29.242864013671873,0.00015271631127689034,-0.0006108652451075613,0.0003054326225537807
1779964909783188000,29.25918798828125,0.00015271631127689034,0.00015271631127689034,-0.0006108652451075613
1779964909799522800,29.275522705078124,0,0.0009162978967651725,-0.001527163083665073
1779964909815826400,29.291826416015624,0.00045814894838258624,0.0003054326225537807,0.0009162978967651725
1779964909832184800,29.308184814453124,-0.00045814894838258624,0.0003054326225537807,-0.0012217304902151227
1779964909848486000,29.32448583984375,0.00045814894838258624,0.0013744467869400978,-0.0010690141934901476
1779964909864843300,29.34084326171875,-0.0003054326225537807,0.001527163083665073,-0.0012217304902151227
1779964909881159700,29.35715966796875,0.0003054326225537807,0.0006108652451075613,0
1779964909897507800,29.3735078125,-0.00015271631127689034,0.0013744467869400978,-0.001679879380390048
1779964909913814500,29.389814453125,0.00015271631127689034,-0.0010690141934901476,-0.00045814894838258624
1779964909930153500,29.406153564453124,0.0003054326225537807,0.0003054326225537807,-0.0009162978967651725
1779964909946481400,29.4224814453125,-0.0006108652451075613,-0.0009162978967651725,0.0003054326225537807
1779964909962818800,29.43881884765625,0.00015271631127689034,-0.0012217304902151227,0.00015271631127689034
1779964909979150600,29.455150634765626,0.0003054326225537807,-0.0012217304902151227,-0.0007635815418325365
1779964909995472400,29.471472412109375,0.00045814894838258624,0.0013744467869400978,0.0010690141934901476
1779964910011818000,29.48781787109375,-0.00045814894838258624,0.0027488935738801956,-0.0003054326225537807
1779964910028146400,29.504146484375,0.0003054326225537807,0.001679879380390048,0
1779964910044460300,29.520460205078123,-0.0006108652451075613,0.0022907445672899485,0.0010690141934901476
1779964910060776700,29.536776611328126,0.0003054326225537807,0.0025961773935705423,0.0012217304902151227
1779964910077119200,29.553119140625,-0.00015271631127689034,0.0029016099870204926,0.0006108652451075613
1779964910093456100,29.5694560546875,-0.0010690141934901476,0.001832595793530345,0.00015271631127689034
1779964910109782500,29.585782470703126,-0.00015271631127689034,0.0019853119738399982,0.00015271631127689034
1779964910126124800,29.602124755859375,-0.0006108652451075613,0.00015271631127689034,0.0003054326225537807
1779964910142443000,29.618443115234374,0.0003054326225537807,-0.0007635815418325365,-0.0007635815418325365
1779964910158790100,29.6347900390625,-0.00045814894838258624,-0.001527163083665073,-0.001679879380390048
1779964910175112400,29.651112548828124,0.00045814894838258624,-0.0024434609804302454,-0.0006108652451075613
1779964910191452000,29.667451904296875,0.00045814894838258624,-0.0009162978967651725,-0.00015271631127689034
1779964910207776500,29.683776611328124,-0.00015271631127689034,-0.002138028386980295,0.0003054326225537807
1779964910224107300,29.700107177734374,-0.0007635815418325365,-0.002138028386980295,0.001832595793530345
1779964910240435700,29.716435791015623,0.00015271631127689034,-0.002138028386980295,0.0012217304902151227
1779964910256767700,29.732767822265625,-0.00015271631127689034,-0.001679879380390048,0.00045814894838258624
1779964910273097500,29.749097412109375,0.00045814894838258624,0.00045814894838258624,0.002138028386980295
1779964910289424100,29.765424072265624,-0.00045814894838258624,0.0022907445672899485,-0.0003054326225537807
1779964910305760800,29.7817607421875,0,0.0012217304902151227,0.0003054326225537807
1779964910322088400,29.79808837890625,-0.0003054326225537807,0.0007635815418325365,0.0003054326225537807
1779964910338418400,29.81441845703125,-0.00045814894838258624,0.0003054326225537807,0.001527163083665073
1779964910354740500,29.830740478515626,-0.0003054326225537807,-0.0003054326225537807,0.00045814894838258624
1779964910371084000,29.847083984375,0,0.0003054326225537807,0.00045814894838258624
1779964910387410200,29.86341015625,0,-0.0022907445672899485,-0.00045814894838258624
1779964910403721000,29.879720947265625,0.0003054326225537807,-0.001832595793530345,0.00015271631127689034
1779964910420053500,29.896053466796875,-0.0003054326225537807,-0.0024434609804302454,0.0003054326225537807
1779964910436384500,29.912384521484373,-0.0003054326225537807,-0.003054326167330146,0.00045814894838258624
1779964910452711000,29.9287109375,0.00045814894838258624,-0.0013744467869400978,-0.00015271631127689034
1779964910469050000,29.945050048828126,-0.00015271631127689034,-0.0027488935738801956,0.0003054326225537807
1779964910485375700,29.961375732421875,0.0006108652451075613,-0.0009162978967651725,-0.0012217304902151227
1779964910501720600,29.977720458984376,-0.00045814894838258624,-0.0009162978967651725,-0.0007635815418325365
1779964910518049800,29.9940498046875,-0.00015271631127689034,-0.0009162978967651725,-0.0009162978967651725
1779964910534378800,30.010378662109375,-0.0003054326225537807,-0.0009162978967651725,0.0007635815418325365
1779964910550692400,30.0266923828125,-0.0003054326225537807,-0.001527163083665073,0.0012217304902151227
1779964910567025400,30.043025390625,-0.00015271631127689034,0.00015271631127689034,0.001527163083665073
1779964910583356200,30.059356201171877,0.0003054326225537807,0.00045814894838258624,-0.00045814894838258624
1779964910599686100,30.07568603515625,0.0003054326225537807,0.0012217304902151227,0.0003054326225537807
1779964910616003000,30.092003173828125,-0.00045814894838258624,0.00015271631127689034,-0.0006108652451075613
1779964910632333000,30.1083330078125,0.00015271631127689034,0.0003054326225537807,-0.0013744467869400978
1779964910648693800,30.12469384765625,0.00045814894838258624,-0.00045814894838258624,0
1779964910665019600,30.14101953125,0.0006108652451075613,0.0013744467869400978,0.0010690141934901476
1779964910681350100,30.15735009765625,0.0006108652451075613,0.0003054326225537807,0.00015271631127689034
1779964910697707800,30.173707763671874,-0.0003054326225537807,-0.0009162978967651725,-0.00045814894838258624
1779964910714010600,30.1900107421875,0,-0.0003054326225537807,0
1779964910730323500,30.206323486328124,-0.00045814894838258624,0.00015271631127689034,0.0010690141934901476
1779964910746671000,30.222671142578125,0.0006108652451075613,0.00045814894838258624,-0.0010690141934901476
1779964910762998500,30.23899853515625,0.0003054326225537807,-0.00045814894838258624,0
1779964910779331600,30.25533154296875,-0.0003054326225537807,-0.0012217304902151227,0.0009162978967651725
1779964910795644000,30.271643798828126,0.00045814894838258624,-0.0009162978967651725,0.0013744467869400978
1779964910811985000,30.28798486328125,0.0006108652451075613,0.0003054326225537807,0.0003054326225537807
1779964910828319700,30.30431982421875,0.0007635815418325365,0.001679879380390048,0.00015271631127689034
1779964910844659500,30.320659423828126,-0.00045814894838258624,0.00015271631127689034,-0.00045814894838258624
1779964910860955100,30.336955078125,-0.00015271631127689034,-0.00015271631127689034,0.0009162978967651725
1779964910877290500,30.35329052734375,0.0003054326225537807,0.0010690141934901476,0.001679879380390048
1779964910893621800,30.369621826171876,-0.0009162978967651725,0.0003054326225537807,0.00015271631127689034
1779964910909958400,30.38595849609375,0.00045814894838258624,0.0006108652451075613,0
1779964910926288000,30.402287841796873,-0.00045814894838258624,0.0019853119738399982,0
1779964910942618400,30.418618408203123,-0.00015271631127689034,0.0022907445672899485,0
1779964910958938400,30.4349384765625,-0.00015271631127689034,0.0022907445672899485,-0.001832595793530345
1779964910975278600,30.451278564453126,-0.00045814894838258624,0.001679879380390048,-0.0009162978967651725
1779964910991607800,30.46760791015625,-0.00045814894838258624,0,-0.0012217304902151227
1779964911007955000,30.483954833984374,-0.0006108652451075613,0.0003054326225537807,0.0007635815418325365
1779964911024282600,30.50028271484375,-0.00045814894838258624,-0.0007635815418325365,0.0006108652451075613
1779964911040578000,30.516578125,-0.00045814894838258624,0,0.0006108652451075613
1779964911056913200,30.5329130859375,-0.0003054326225537807,-0.0009162978967651725,0.0006108652451075613
1779964911073258000,30.549258056640625,-0.0003054326225537807,-0.0012217304902151227,0.0012217304902151227
1779964911089587500,30.56558740234375,0.0006108652451075613,-0.0007635815418325365,0.0009162978967651725
1779964911105921800,30.581921875,0.0003054326225537807,-0.0012217304902151227,0
1779964911122249200,30.598249267578126,0.00015271631127689034,-0.001527163083665073,-0.00015271631127689034
1779964911138595300,30.61459521484375,-0.0003054326225537807,-0.0029016099870204926,-0.0003054326225537807
1779964911154923300,30.63092333984375,-0.0006108652451075613,-0.0019853119738399982,0.0009162978967651725
1779964911171254500,30.647254638671875,0.00015271631127689034,-0.001527163083665073,0.0003054326225537807
1779964911187583000,30.6635830078125,-0.00045814894838258624,0.0012217304902151227,0.0003054326225537807
1779964911203913500,30.67991357421875,0.0003054326225537807,0.0009162978967651725,0.0010690141934901476
1779964911220244200,30.696244140625,0.0003054326225537807,0.00015271631127689034,-0.0003054326225537807
1779964911236570000,30.712570068359376,0.00015271631127689034,0.001527163083665073,-0.0007635815418325365
1779964911252904400,30.728904541015623,0.0003054326225537807,-0.0003054326225537807,-0.0009162978967651725
1779964911269231600,30.745231689453124,-0.00015271631127689034,0.00015271631127689034,-0.0012217304902151227
1779964911285564400,30.761564453125,-0.0003054326225537807,0.0012217304902151227,0.00045814894838258624
1779964911301894400,30.777894287109376,0,-0.001679879380390048,-0.0009162978967651725
1779964911318224100,30.79422412109375,-0.0006108652451075613,-0.0009162978967651725,0.00015271631127689034
1779964911334553000,30.810552978515624,-0.0003054326225537807,0.00015271631127689034,-0.001527163083665073
1779964911350884600,30.826884521484374,-0.0006108652451075613,0.0010690141934901476,0.0009162978967651725
1779964911367214800,30.84321484375,0.00045814894838258624,0.00045814894838258624,0.00045814894838258624
1779964911383541200,30.859541259765624,0.0006108652451075613,0.00045814894838258624,0.00015271631127689034
1779964911399860200,30.875860107421875,0.0003054326225537807,-0.0013744467869400978,-0.0007635815418325365
1779964911416178400,30.892178466796874,0.0006108652451075613,-0.00015271631127689034,0.0003054326225537807
1779964911432518400,30.908518310546874,-0.00045814894838258624,0.0006108652451075613,0.0010690141934901476
1779964911448855000,30.92485498046875,0.0003054326225537807,0.0006108652451075613,-0.00045814894838258624
1779964911465182200,30.94118212890625,0.0006108652451075613,0.00045814894838258624,-0.0007635815418325365
1779964911481512000,30.957511962890624,-0.00015271631127689034,0.001527163083665073,-0.001527163083665073
1779964911497859800,30.97385986328125,0.0003054326225537807,-0.0003054326225537807,-0.001527163083665073
1779964911514184700,30.990184814453126,-0.0009162978967651725,0.0003054326225537807,0.0010690141934901476
1779964911530497800,31.006497802734376,0.0006108652451075613,0.0013744467869400978,0.00045814894838258624
1779964911546832100,31.02283203125,0.00015271631127689034,-0.0003054326225537807,0.0006108652451075613
1779964911563152600,31.039152587890626,-0.0003054326225537807,0.0013744467869400978,-0.0013744467869400978
1779964911579492400,31.055492431640626,0.0009162978967651725,0.001527163083665073,-0.0010690141934901476
1779964911595812600,31.0718125,0.0006108652451075613,0.002138028386980295,-0.0010690141934901476
1779964911612149000,31.08814892578125,0.00015271631127689034,-0.0010690141934901476,-0.00045814894838258624
1779964911628482800,31.10448291015625,-0.0003054326225537807,-0.001527163083665073,0.0006108652451075613
1779964911644830200,31.120830322265626,-0.00015271631127689034,0.0012217304902151227,-0.00015271631127689034
1779964911661145600,31.1371455078125,0.00045814894838258624,0.0003054326225537807,-0.00015271631127689034
1779964911677493000,31.153492919921874,-0.0003054326225537807,0.0003054326225537807,-0.00045814894838258624
1779964911693827000,31.1698271484375,0.0003054326225537807,0,-0.0003054326225537807
1779964911710151000,31.18615087890625,-0.0003054326225537807,0.001679879380390048,0.0013744467869400978
1779964911726472700,31.20247265625,-0.00045814894838258624,0,0.0007635815418325365
1779964911742810000,31.21881005859375,-0.0003054326225537807,0.0022907445672899485,0.0010690141934901476
1779964911759162400,31.235162353515626,0.00045814894838258624,0.0025961773935705423,0.0007635815418325365
1779964911775466800,31.251466796875,0.0003054326225537807,0.001832595793530345,-0.0007635815418325365
1779964911791790300,31.267790283203126,-0.0003054326225537807,0.0029016099870204926,-0.0019853119738399982
1779964911808123100,31.284123046875,0.0003054326225537807,0.0027488935738801956,-0.0007635815418325365
1779964911824480000,31.30047998046875,0.0006108652451075613,0.0013744467869400978,-0.0010690141934901476
1779964911840780500,31.316780517578124,0.0003054326225537807,0.0019853119738399982,-0.001527163083665073
1779964911857117000,31.333116943359375,0.0007635815418325365,0.0003054326225537807,-0.00015271631127689034
1779964911873431800,31.349431884765625,-0.00045814894838258624,-0.0012217304902151227,-0.0007635815418325365
1779964911889761000,31.365760986328127,-0.00015271631127689034,-0.0006108652451075613,0
1779964911906097000,31.382096923828126,0.00015271631127689034,-0.0013744467869400978,0.00015271631127689034
1779964911922423800,31.398423828125,0.00045814894838258624,0.0006108652451075613,-0.0012217304902151227
1779964911938754600,31.414754638671877,0.0003054326225537807,-0.0009162978967651725,-0.0006108652451075613
1779964911955085300,31.431085205078126,-0.0003054326225537807,-0.001832595793530345,0.0010690141934901476
1779964911971413500,31.44741357421875,0.0003054326225537807,-0.0007635815418325365,-0.0006108652451075613
1779964911987761400,31.463761474609374,-0.00045814894838258624,0.0006108652451075613,-0.0006108652451075613
1779964912004090000,31.480090087890623,-0.00015271631127689034,0.0010690141934901476,0
1779964912020402200,31.496402099609377,-0.00045814894838258624,-0.00015271631127689034,-0.0007635815418325365
1779964912036735200,31.5127353515625,-0.00015271631127689034,0.00045814894838258624,-0.0009162978967651725
1779964912053066500,31.52906640625,-0.0003054326225537807,0.0003054326225537807,-0.00045814894838258624
1779964912069392400,31.545392333984374,-0.0003054326225537807,-0.0006108652451075613,-0.0010690141934901476
1779964912085729800,31.561729736328125,-0.0006108652451075613,-0.0007635815418325365,0.00015271631127689034
1779964912102057200,31.57805712890625,-0.00015271631127689034,0.00045814894838258624,-0.0007635815418325365
1779964912118401500,31.594401611328124,-0.00045814894838258624,0.0006108652451075613,-0.0010690141934901476
1779964912134718700,31.61071875,-0.00015271631127689034,-0.00015271631127689034,0
1779964912151054800,31.627054931640625,-0.00015271631127689034,0.0007635815418325365,-0.0009162978967651725
1779964912167396400,31.643396240234374,-0.00045814894838258624,-0.00045814894838258624,-0.0009162978967651725
1779964912183721200,31.65972119140625,0.00045814894838258624,0.00045814894838258624,0.00015271631127689034
1779964912200035000,31.67603515625,0,0,-0.0009162978967651725
1779964912216364300,31.6923642578125,-0.0006108652451075613,-0.00045814894838258624,-0.0009162978967651725
1779964912232708400,31.708708251953126,0.00015271631127689034,-0.0012217304902151227,-0.001679879380390048
1779964912249041400,31.72504150390625,-0.00045814894838258624,0.0006108652451075613,-0.0022907445672899485
1779964912265354500,31.7413544921875,0.0003054326225537807,0.001527163083665073,-0.0009162978967651725
1779964912281701400,31.757701416015625,0,0.0024434609804302454,-0.0009162978967651725
1779964912298048500,31.774048583984374,0.0003054326225537807,0.0009162978967651725,0.00015271631127689034
1779964912314361300,31.790361328125,0.0006108652451075613,0.001527163083665073,-0.0019853119738399982
1779964912330674400,31.80667431640625,-0.00015271631127689034,0.002138028386980295,-0.0029016099870204926
1779964912347021800,31.823021728515624,-0.00045814894838258624,0.0013744467869400978,-0.0007635815418325365
1779964912363373600,31.83937353515625,-0.00045814894838258624,0.001527163083665073,-0.001832595793530345
1779964912379664400,31.855664306640627,-0.00015271631127689034,0.0007635815418325365,-0.002138028386980295
1779964912395998000,31.871998046875,0.0003054326225537807,0.001679879380390048,-0.0025961773935705423
1779964912412328400,31.888328369140623,0.0010690141934901476,0.0006108652451075613,-0.003054326167330146
1779964912428658000,31.904657958984377,0.00045814894838258624,0.0003054326225537807,-0.003512475173920393
1779964912444988400,31.920988525390626,0.00015271631127689034,0.0012217304902151227,-0.0027488935738801956
1779964912461318100,31.937318115234376,0.00045814894838258624,-0.00045814894838258624,-0.0009162978967651725
1779964912477665800,31.953665771484374,0,0.0007635815418325365,-0.001832595793530345
1779964912493990100,31.969990234375,0.0009162978967651725,0.0027488935738801956,0
1779964912510305800,31.986305908203125,0.0007635815418325365,0.0024434609804302454,-0.00045814894838258624
1779964912526638600,32.002638671875,-0.00015271631127689034,0.0025961773935705423,-0.0019853119738399982
1779964912542969000,32.01896899414062,-0.00045814894838258624,0.003817907767370343,-0.001679879380390048
1779964912559282200,32.0352822265625,0.0006108652451075613,0.003359758760780096,-0.0007635815418325365
1779964912575620600,32.05162060546875,-0.0003054326225537807,0.0027488935738801956,-0.0019853119738399982
1779964912591958300,32.06795825195312,-0.00045814894838258624,0.004428773187100887,-0.0010690141934901476
1779964912608305400,32.084305419921876,-0.00045814894838258624,0.004123340360820293,-0.001832595793530345
1779964912624616400,32.100616455078125,-0.00045814894838258624,0.003359758760780096,-0.00366519158706069
1779964912640979000,32.11697900390625,0.00015271631127689034,0.0025961773935705423,-0.003054326167330146
1779964912657293800,32.1332939453125,-0.00045814894838258624,0.003359758760780096,-0.003817907767370343
1779964912673623300,32.14962329101562,-0.00015271631127689034,0.0024434609804302454,-0.0019853119738399982
1779964912689939000,32.16593896484375,-0.00015271631127689034,0.0019853119738399982,-0.001527163083665073
1779964912706279700,32.18227978515625,-0.00045814894838258624,0.0003054326225537807,-0.001832595793530345
1779964912722615600,32.19861547851563,0.0006108652451075613,-0.0012217304902151227,-0.0010690141934901476
1779964912738942200,32.21494213867187,0.0003054326225537807,-0.0013744467869400978,-0.0010690141934901476
1779964912755272700,32.231272705078126,-0.00045814894838258624,0.00045814894838258624,-0.001679879380390048
1779964912771605800,32.247605712890625,-0.0003054326225537807,0,-0.0012217304902151227
1779964912787922000,32.263921875,0.0003054326225537807,-0.00015271631127689034,-0.0024434609804302454
1779964912804264400,32.28026440429687,-0.0003054326225537807,0.0010690141934901476,-0.0009162978967651725
1779964912820594000,32.29659399414062,-0.0003054326225537807,0.0006108652451075613,-0.0012217304902151227
1779964912836943000,32.312943115234376,0.0006108652451075613,0.001832595793530345,-0.001832595793530345
1779964912853254700,32.32925463867188,-0.00015271631127689034,0.003054326167330146,-0.001527163083665073
1779964912869552600,32.345552734375,-0.00045814894838258624,0.0039706239476799965,-0.001527163083665073
1779964912885912800,32.36191284179687,0.0006108652451075613,0.0022907445672899485,-0.0009162978967651725
1779964912902234000,32.378234130859376,0.0006108652451075613,0.001527163083665073,-0.001527163083665073
1779964912918564600,32.39456469726562,-0.00015271631127689034,0.001679879380390048,-0.0024434609804302454
1779964912934889000,32.41088891601562,0.0006108652451075613,0.0024434609804302454,-0.001527163083665073
1779964912951221800,32.4272216796875,-0.0007635815418325365,0.0022907445672899485,-0.0027488935738801956
1779964912967555600,32.4435556640625,0.0003054326225537807,0.00045814894838258624,-0.0009162978967651725
1779964912983891500,32.459891357421874,-0.00015271631127689034,-0.0007635815418325365,-0.0022907445672899485
1779964913000212000,32.4762119140625,-0.00045814894838258624,0.0007635815418325365,-0.0003054326225537807
1779964913016542200,32.49254223632813,-0.00045814894838258624,-0.00045814894838258624,-0.001832595793530345
1779964913032872700,32.50887280273437,0.00015271631127689034,0.0003054326225537807,-0.0012217304902151227
1779964913049202200,32.5252021484375,0.0006108652451075613,0.0007635815418325365,-0.002138028386980295
1779964913065533000,32.54153295898438,0,0.0009162978967651725,-0.0006108652451075613
1779964913081857500,32.557857421875,0.0003054326225537807,0.0010690141934901476,-0.0022907445672899485
1779964913098215700,32.57421557617187,0.0006108652451075613,0.0003054326225537807,-0.0009162978967651725
1779964913114536700,32.59053662109375,0.0003054326225537807,0.00045814894838258624,-0.001832595793530345
1779964913130865000,32.60686499023438,0.00045814894838258624,0.001832595793530345,-0.0009162978967651725
1779964913147197200,32.623197265625,0.0007635815418325365,0.0025961773935705423,-0.0029016099870204926
1779964913163527400,32.63952734375,0.0003054326225537807,0.0029016099870204926,-0.0007635815418325365
1779964913179857000,32.65585693359375,-0.0007635815418325365,0.0032070425804704428,-0.0006108652451075613
1779964913196157700,32.67215771484375,-0.0007635815418325365,0.0013744467869400978,-0.0019853119738399982
1779964913212512000,32.68851196289062,0.00015271631127689034,0.001679879380390048,-0.0007635815418325365
1779964913228852000,32.70485205078125,0.0009162978967651725,-0.00015271631127689034,-0.001527163083665073
1779964913245176800,32.7211767578125,0.0006108652451075613,-0.0010690141934901476,-0.00045814894838258624
1779964913261508000,32.73750805664063,0.0003054326225537807,-0.0013744467869400978,-0.0006108652451075613
1779964913277838000,32.75383813476562,0.0003054326225537807,-0.0003054326225537807,-0.0024434609804302454
1779964913294168300,32.770168212890624,-0.0003054326225537807,0.0022907445672899485,-0.0009162978967651725
1779964913310521600,32.786521484375,-0.00015271631127689034,0.0003054326225537807,-0.0013744467869400978
1779964913326826200,32.802826171875,-0.0003054326225537807,0.001679879380390048,-0.003054326167330146
1779964913343137500,32.819137451171876,-0.00045814894838258624,0.0022907445672899485,0
1779964913359475700,32.835475830078124,-0.0003054326225537807,0.002138028386980295,-0.0007635815418325365
1779964913375804200,32.85180419921875,0.00045814894838258624,0.0029016099870204926,0.0010690141934901476
1779964913392131800,32.8681318359375,0.0006108652451075613,0.0027488935738801956,-0.0003054326225537807
1779964913408468000,32.88446801757812,0.0003054326225537807,0.0022907445672899485,-0.001832595793530345
1779964913424795100,32.90079516601563,0.00045814894838258624,0.001527163083665073,-0.002138028386980295
1779964913441124900,32.917124755859376,0.0003054326225537807,0.0013744467869400978,-0.0019853119738399982
1779964913457442300,32.9334423828125,-0.00015271631127689034,0.0022907445672899485,-0.001527163083665073
1779964913473782800,32.94978271484375,-0.00045814894838258624,0.0006108652451075613,-0.0009162978967651725
1779964913490115000,32.966114990234374,-0.00045814894838258624,-0.00045814894838258624,-0.001527163083665073
1779964913506444800,32.98244482421875,-0.0006108652451075613,-0.0013744467869400978,-0.0025961773935705423
1779964913522776000,32.99877612304687,0.00015271631127689034,-0.0009162978967651725,-0.0012217304902151227
1779964913539105500,33.01510546875,0.00015271631127689034,-0.001527163083665073,0.0003054326225537807
1779964913555433200,33.03143310546875,0.00015271631127689034,-0.0010690141934901476,0.0006108652451075613
1779964913571767000,33.04776708984375,0.00045814894838258624,-0.0006108652451075613,0.0013744467869400978
1779964913588113700,33.06411376953125,-0.0006108652451075613,-0.0010690141934901476,0.0010690141934901476
1779964913604439300,33.08043920898437,0.00015271631127689034,-0.0007635815418325365,0.0009162978967651725
1779964913620750600,33.09675048828125,0.0006108652451075613,0.0009162978967651725,-0.0006108652451075613
1779964913637099300,33.113099365234376,0.0006108652451075613,-0.0006108652451075613,0
1779964913653423600,33.12942358398438,0.0006108652451075613,0.0010690141934901476,0.0012217304902151227
1779964913669767700,33.145767578125,-0.00015271631127689034,0.00015271631127689034,0.0009162978967651725
1779964913686090200,33.16209033203125,-0.0003054326225537807,-0.0010690141934901476,0.0024434609804302454
1779964913702418200,33.17841821289063,-0.0003054326225537807,0.0012217304902151227,0.00045814894838258624
1779964913718748000,33.194747802734376,0.00045814894838258624,-0.0012217304902151227,0.0006108652451075613
1779964913735080200,33.211080078125,-0.00045814894838258624,-0.0009162978967651725,-0.0012217304902151227
1779964913751415600,33.22741552734375,0.00015271631127689034,-0.002138028386980295,-0.0010690141934901476
1779964913767738600,33.243738525390626,0.00015271631127689034,-0.001679879380390048,-0.00045814894838258624
1779964913784071700,33.26007177734375,0.0003054326225537807,-0.0013744467869400978,0.0007635815418325365
1779964913800400600,33.27640063476562,-0.00045814894838258624,-0.0024434609804302454,0.0003054326225537807
1779964913816711000,33.2927109375,-0.0003054326225537807,-0.001679879380390048,0.0013744467869400978
1779964913833063400,33.3090634765625,0.00045814894838258624,-0.0022907445672899485,0.0013744467869400978
1779964913849389000,33.32538916015625,0.00045814894838258624,-0.003359758760780096,0.001679879380390048
1779964913865694500,33.341694580078126,0.00045814894838258624,-0.001679879380390048,0.0007635815418325365
1779964913882038300,33.358038330078124,-0.00045814894838258624,-0.001832595793530345,-0.00015271631127689034
1779964913898368000,33.37436791992187,0.00045814894838258624,-0.0009162978967651725,0.0009162978967651725
1779964913914695400,33.3906953125,-0.0003054326225537807,-0.0009162978967651725,0.0009162978967651725
1779964913931031300,33.40703125,-0.0003054326225537807,-0.0010690141934901476,0.00015271631127689034
1779964913947359000,33.42335888671875,0.00015271631127689034,-0.0013744467869400978,0.0007635815418325365
1779964913963688400,33.4396884765625,0.00045814894838258624,-0.0003054326225537807,0.001527163083665073
1779964913980019000,33.45601904296875,-0.0006108652451075613,-0.001527163083665073,0.001527163083665073
1779964913996345900,33.47234594726562,0,-0.0009162978967651725,-0.00045814894838258624
1779964914012682200,33.48868212890625,-0.0006108652451075613,-0.00045814894838258624,0.0013744467869400978
1779964914029009000,33.5050087890625,0.00015271631127689034,-0.001679879380390048,0.00045814894838258624
1779964914045339400,33.52133935546875,-0.00015271631127689034,-0.0006108652451075613,0.0007635815418325365
1779964914061669000,33.537669189453126,0.0009162978967651725,-0.0006108652451075613,0.0012217304902151227
1779964914078016800,33.554016845703124,0.00045814894838258624,0.0009162978967651725,0.0007635815418325365
1779964914094341400,33.57034130859375,-0.0003054326225537807,0.0009162978967651725,-0.00015271631127689034
1779964914110656800,33.58665673828125,-0.0007635815418325365,-0.0009162978967651725,-0.001527163083665073
1779964914127003100,33.60300317382813,0.00015271631127689034,0.00015271631127689034,0.001527163083665073
1779964914143334400,33.61933447265625,0.00045814894838258624,-0.001679879380390048,0.0012217304902151227
1779964914159662300,33.63566235351563,-0.0003054326225537807,-0.0012217304902151227,0
1779964914175996000,33.65199584960938,0.00015271631127689034,0,0.0006108652451075613
1779964914192328000,33.66832788085937,0,-0.0009162978967651725,-0.0009162978967651725
1779964914208655400,33.6846552734375,-0.00045814894838258624,0,0.00045814894838258624
1779964914224985300,33.7009853515625,0.0006108652451075613,0.0003054326225537807,0.0013744467869400978
1779964914241297700,33.71729760742188,-0.00015271631127689034,0.0012217304902151227,0.0006108652451075613
1779964914257645000,33.73364501953125,0.00045814894838258624,0.00045814894838258624,0.0013744467869400978
1779964914273974000,33.74997412109375,0,0.0003054326225537807,-0.00015271631127689034
1779964914290305000,33.766304931640626,0.00015271631127689034,-0.00045814894838258624,0.0006108652451075613
1779964914306634800,33.782634765625,0.00045814894838258624,-0.0013744467869400978,0.0012217304902151227
1779964914322964700,33.79896484375,0.0003054326225537807,-0.0013744467869400978,0.0009162978967651725
1779964914339293000,33.81529296875,-0.00045814894838258624,-0.001527163083665073,0.0006108652451075613
1779964914355608300,33.8316083984375,-0.0003054326225537807,0.00045814894838258624,0.0013744467869400978
1779964914371932000,33.84793188476562,-0.0003054326225537807,0.0007635815418325365,0.00045814894838258624
1779964914388268300,33.864268310546876,-0.00015271631127689034,-0.00015271631127689034,-0.00015271631127689034
1779964914404601600,33.8806015625,-0.0006108652451075613,-0.001679879380390048,0.00045814894838258624
1779964914420931800,33.89693188476563,0.00015271631127689034,-0.002138028386980295,0.0006108652451075613
1779964914437248800,33.91324877929687,-0.0003054326225537807,-0.0003054326225537807,0.001527163083665073
1779964914453598200,33.92959814453125,0.00045814894838258624,-0.0013744467869400978,0.002138028386980295
1779964914469923300,33.94592333984375,0.00045814894838258624,0,0.0010690141934901476
1779964914486249700,33.962249755859375,-0.0003054326225537807,-0.0010690141934901476,0.001527163083665073
1779964914502584800,33.978584716796874,-0.0006108652451075613,-0.001527163083665073,0.00045814894838258624
1779964914518912000,33.994912109375,0,-0.0013744467869400978,0.0006108652451075613
1779964914535253500,34.01125341796875,0.00045814894838258624,-0.001527163083665073,0.0006108652451075613
1779964914551574300,34.02757421875,0.00045814894838258624,-0.00015271631127689034,0.00045814894838258624
1779964914567920400,34.04392041015625,0.00045814894838258624,-0.00015271631127689034,0.0007635815418325365
1779964914584246000,34.06024609375,0.0006108652451075613,0,0.0010690141934901476
1779964914600545800,34.0765458984375,0.0003054326225537807,-0.0009162978967651725,-0.00015271631127689034
1779964914616892200,34.09289208984375,0.0006108652451075613,-0.0007635815418325365,-0.00015271631127689034
1779964914633232000,34.10923193359375,0.0003054326225537807,-0.0003054326225537807,0.0003054326225537807
1779964914649570300,34.1255703125,-0.0003054326225537807,-0.0006108652451075613,0.001679879380390048
1779964914665898200,34.141898193359374,-0.00015271631127689034,-0.0009162978967651725,-0.00015271631127689034
1779964914682224400,34.158224365234375,-0.0003054326225537807,0.0003054326225537807,0.00015271631127689034
1779964914698555600,34.1745556640625,-0.0003054326225537807,-0.0010690141934901476,0.0007635815418325365
1779964914714887400,34.190887451171875,-0.0006108652451075613,-0.0012217304902151227,0.0007635815418325365
1779964914731203800,34.207203857421874,0.00015271631127689034,-0.0013744467869400978,0.0007635815418325365
1779964914747543300,34.223543212890625,0.0006108652451075613,-0.0009162978967651725,0.0003054326225537807
1779964914763878100,34.239878173828124,0.00045814894838258624,0.001832595793530345,0.0009162978967651725
1779964914780217900,34.2562177734375,-0.00015271631127689034,0,-0.00015271631127689034
1779964914796536600,34.27253662109375,-0.0007635815418325365,0.0006108652451075613,0.0006108652451075613
1779964914812866000,34.28886596679688,0.0006108652451075613,-0.00015271631127689034,0.0006108652451075613
1779964914829201400,34.30520141601563,-0.00015271631127689034,0.00015271631127689034,-0.00045814894838258624
1779964914845525800,34.32152587890625,-0.00015271631127689034,0.001527163083665073,0.0003054326225537807
1779964914861845200,34.33784521484375,0.00045814894838258624,-0.0010690141934901476,-0.00015271631127689034
1779964914878175000,34.354175048828125,0.0003054326225537807,-0.001679879380390048,-0.0003054326225537807
1779964914894504400,34.37050439453125,-0.0003054326225537807,0.0003054326225537807,0.0010690141934901476
1779964914910835700,34.38683569335937,0.00045814894838258624,0.0009162978967651725,0.0013744467869400978
1779964914927165700,34.403165771484375,-0.0006108652451075613,0,0.0003054326225537807
1779964914943495000,34.41949487304687,0.00045814894838258624,-0.0003054326225537807,0
1779964914959826000,34.43582592773438,0.00045814894838258624,0.0007635815418325365,0.001679879380390048
1779964914976141800,34.452141845703125,-0.00015271631127689034,-0.0006108652451075613,0.00015271631127689034
1779964914992489000,34.46848901367188,-0.00045814894838258624,0.0010690141934901476,-0.00015271631127689034
1779964915008813000,34.48481298828125,0.00015271631127689034,0.001832595793530345,0.00045814894838258624
1779964915025146400,34.501146484375,0.0006108652451075613,0.001832595793530345,-0.0006108652451075613
1779964915041475600,34.5174755859375,0.00045814894838258624,0.0019853119738399982,0.00045814894838258624
1779964915057824000,34.533823974609376,-0.00015271631127689034,0.0024434609804302454,-0.0007635815418325365
1779964915074149600,34.550149658203125,0.0006108652451075613,0.001527163083665073,-0.00015271631127689034
1779964915090480000,34.56648022460938,-0.00045814894838258624,0.001527163083665073,-0.0012217304902151227
1779964915106809900,34.58280981445313,0.0003054326225537807,0.001527163083665073,0
1779964915123136500,34.599136474609374,0.0006108652451075613,-0.0009162978967651725,-0.001527163083665073
1779964915139474000,34.615473876953125,0.0003054326225537807,-0.0012217304902151227,-0.0009162978967651725
1779964915155800800,34.63180078125,0.0003054326225537807,-0.00015271631127689034,0.0003054326225537807
1779964915172125000,34.648125,0.0006108652451075613,-0.0010690141934901476,-0.0003054326225537807
1779964915188464600,34.664464599609374,-0.0003054326225537807,-0.0013744467869400978,0.0006108652451075613
1779964915204790300,34.68079028320312,-0.00015271631127689034,-0.001832595793530345,0
1779964915221121300,34.69712133789063,-0.00045814894838258624,-0.001527163083665073,-0.0012217304902151227
1779964915237470700,34.713470703125,0.0003054326225537807,-0.001832595793530345,0
1779964915253765600,34.729765625,-0.00045814894838258624,-0.0003054326225537807,-0.0003054326225537807
1779964915270101800,34.746101806640624,-0.00015271631127689034,-0.0007635815418325365,0.0010690141934901476
1779964915286440400,34.7624404296875,-0.0003054326225537807,0.0009162978967651725,0.001832595793530345
1779964915302769000,34.778768798828125,-0.0006108652451075613,0,0.0003054326225537807
1779964915319102500,34.7951025390625,-0.0003054326225537807,-0.0007635815418325365,0
1779964915335425000,34.81142504882813,0.0006108652451075613,0.0010690141934901476,-0.0006108652451075613
1779964915351740700,34.82774072265625,-0.0013744467869400978,0.0012217304902151227,-0.0003054326225537807
1779964915368068900,34.84406884765625,-0.0012217304902151227,0.0012217304902151227,-0.0007635815418325365
1779964915384409000,34.8604091796875,-0.0006108652451075613,0.0010690141934901476,0.00015271631127689034
1779964915400738300,34.87673828125,-0.00045814894838258624,-0.0003054326225537807,0.00015271631127689034
1779964915417069000,34.893069091796875,0.0003054326225537807,-0.0010690141934901476,0.0007635815418325365
1779964915433405000,34.90940502929688,0.0006108652451075613,-0.00015271631127689034,-0.0009162978967651725
1779964915449729300,34.92572924804688,-0.00015271631127689034,0.0003054326225537807,-0.0007635815418325365
1779964915466058800,34.94205883789063,0.00045814894838258624,-0.00045814894838258624,-0.0007635815418325365
1779964915482389200,34.95838916015625,0.0003054326225537807,-0.0009162978967651725,-0.0006108652451075613
1779964915498719000,34.97471899414062,0.00015271631127689034,-0.0019853119738399982,0.00045814894838258624
1779964915515049200,34.99104931640625,-0.00045814894838258624,0.0003054326225537807,0.0003054326225537807
1779964915531369500,35.007369384765624,-0.0010690141934901476,-0.0009162978967651725,-0.0006108652451075613
1779964915547726600,35.0237265625,-0.00045814894838258624,-0.0006108652451075613,-0.0013744467869400978
1779964915564046600,35.04004663085937,-0.00045814894838258624,-0.0009162978967651725,-0.001527163083665073
1779964915580388000,35.05638818359375,0.0006108652451075613,-0.0007635815418325365,0
1779964915596696600,35.07269653320313,0.00015271631127689034,-0.0006108652451075613,0
1779964915613043700,35.089043701171875,-0.0007635815418325365,-0.00045814894838258624,-0.0013744467869400978
1779964915629371400,35.105371337890624,-0.0010690141934901476,0.00045814894838258624,-0.0010690141934901476
1779964915645706500,35.12170654296875,0.0006108652451075613,0.001527163083665073,0
1779964915662034000,35.13803393554687,-0.00045814894838258624,0.0006108652451075613,-0.0006108652451075613
1779964915678329000,35.1543291015625,0.0006108652451075613,0.00045814894838258624,-0.0003054326225537807
1779964915694684000,35.17068383789063,0.0006108652451075613,0.0010690141934901476,-0.0006108652451075613
1779964915711018000,35.18701806640625,0.00015271631127689034,-0.00045814894838258624,0
1779964915727349000,35.20334887695312,-0.00045814894838258624,0.0009162978967651725,-0.0007635815418325365
1779964915743670300,35.219670166015625,0.0006108652451075613,0.0024434609804302454,0.00015271631127689034
1779964915759998500,35.23599853515625,-0.00045814894838258624,0.0010690141934901476,-0.0006108652451075613
1779964915776328000,35.252327880859376,0.00015271631127689034,-0.00045814894838258624,-0.0010690141934901476
1779964915792646700,35.26864672851563,-0.00015271631127689034,-0.0009162978967651725,0.00015271631127689034
1779964915808992500,35.284992431640624,-0.0003054326225537807,-0.0003054326225537807,0.0012217304902151227
1779964915825321200,35.3013212890625,0.00015271631127689034,0.001679879380390048,0.001679879380390048
1779964915841651700,35.317651611328124,0.00015271631127689034,0.0007635815418325365,0.00015271631127689034
1779964915857968000,35.33396801757812,-0.00045814894838258624,0.002138028386980295,-0.0003054326225537807
1779964915874311700,35.35031176757813,-0.00045814894838258624,0.001832595793530345,-0.0006108652451075613
1779964915890642000,35.36664184570313,-0.0003054326225537807,0.0003054326225537807,0
1779964915906972400,35.382972412109375,-0.00045814894838258624,0.001527163083665073,-0.001527163083665073
1779964915923302000,35.399302001953124,-0.0003054326225537807,0.001527163083665073,-0.0019853119738399982
1779964915939631000,35.41563110351562,0.00015271631127689034,0.0025961773935705423,-0.001527163083665073
1779964915955962000,35.43196215820313,0,0.0012217304902151227,-0.002138028386980295
1779964915972292900,35.44829296875,-0.00015271631127689034,0.0007635815418325365,-0.00045814894838258624
1779964915988622300,35.46462231445312,0.00015271631127689034,-0.00045814894838258624,0.00015271631127689034
1779964916004952300,35.480952392578125,0,-0.002138028386980295,-0.0010690141934901476
1779964916021283000,35.49728295898438,0.00045814894838258624,-0.00045814894838258624,-0.001527163083665073
1779964916037631000,35.513630859375,-0.00045814894838258624,-0.00045814894838258624,-0.0019853119738399982
1779964916053956400,35.529956298828125,0.00015271631127689034,0.0007635815418325365,-0.0012217304902151227
1779964916070284500,35.546284423828126,-0.00045814894838258624,0.00015271631127689034,-0.002138028386980295
1779964916086617000,35.5626171875,0.0003054326225537807,0.0007635815418325365,-0.00015271631127689034
1779964916102947000,35.578947021484375,-0.00015271631127689034,0.0013744467869400978,-0.001527163083665073
1779964916119277300,35.59527734375,-0.0003054326225537807,0.001679879380390048,-0.0006108652451075613
1779964916135606000,35.61160595703125,0.0006108652451075613,0.001527163083665073,-0.0019853119738399982
1779964916151936500,35.6279365234375,0,0.0013744467869400978,-0.001679879380390048
1779964916168251100,35.644251220703126,-0.00045814894838258624,0.0013744467869400978,-0.0007635815418325365
1779964916184595200,35.66059521484375,0.0003054326225537807,0.001679879380390048,-0.001679879380390048
1779964916200925700,35.67692578125,-0.00015271631127689034,0.0010690141934901476,-0.003512475173920393
1779964916217258500,35.693258544921875,0.0003054326225537807,0.0032070425804704428,-0.0027488935738801956
1779964916233571800,35.70957177734375,0.0006108652451075613,0.002138028386980295,-0.001527163083665073
1779964916249917200,35.72591723632812,0.0003054326225537807,0.0003054326225537807,-0.0007635815418325365
1779964916266238500,35.742238525390626,-0.00015271631127689034,-0.00045814894838258624,0
1779964916282586000,35.758586181640624,-0.00045814894838258624,0.0010690141934901476,-0.0009162978967651725
1779964916298909000,35.774908935546875,-0.0003054326225537807,0.0010690141934901476,-0.0029016099870204926
1779964916315238100,35.79123803710937,0.0006108652451075613,0.002138028386980295,-0.0010690141934901476
1779964916331550500,35.80755053710938,-0.00015271631127689034,0.0013744467869400978,-0.0007635815418325365
1779964916347884800,35.823884765625,-0.0003054326225537807,0.0022907445672899485,-0.001527163083665073
1779964916364215300,35.84021533203125,0.00045814894838258624,0.001832595793530345,-0.001679879380390048
1779964916380544500,35.85654443359375,-0.00045814894838258624,0.00015271631127689034,-0.001679879380390048
1779964916396876500,35.87287646484375,-0.00015271631127689034,0.0009162978967651725,-0.001527163083665073
1779964916413205200,35.889205322265624,-0.0006108652451075613,0.0012217304902151227,-0.0019853119738399982
1779964916429535500,35.905535400390626,0.00045814894838258624,0.0006108652451075613,-0.0022907445672899485
1779964916445862400,35.9218623046875,0.0006108652451075613,0.0022907445672899485,-0.0024434609804302454
1779964916462196200,35.9381962890625,0.0003054326225537807,0.0025961773935705423,-0.0019853119738399982
1779964916478520800,35.954520751953126,0,0.0025961773935705423,-0.002138028386980295
1779964916494861300,35.970861328125,0.00015271631127689034,0.0009162978967651725,-0.0009162978967651725
1779964916511174700,35.987174560546876,0.0003054326225537807,0.0006108652451075613,-0.001679879380390048
1779964916527517200,36.00351708984375,-0.00045814894838258624,-0.00015271631127689034,-0.0013744467869400978
1779964916543856000,36.019856201171876,-0.00045814894838258624,-0.00045814894838258624,-0.0012217304902151227
1779964916560194600,36.036194580078124,-0.00015271631127689034,-0.001679879380390048,-0.001679879380390048
1779964916576520000,36.05252001953125,0.0006108652451075613,0.001832595793530345,-0.0010690141934901476
1779964916592850700,36.0688505859375,0.0006108652451075613,0.0039706239476799965,-0.001679879380390048
1779964916609166300,36.08516625976562,0.0006108652451075613,0.003512475173920393,-0.0006108652451075613
1779964916625508000,36.101508056640625,0.0003054326225537807,0.00366519158706069,-0.0012217304902151227
1779964916641840000,36.11784008789063,-0.0003054326225537807,0.003054326167330146,-0.0029016099870204926
1779964916658172200,36.13417211914062,-0.00015271631127689034,0.004123340360820293,-0.001679879380390048
1779964916674501000,36.15050122070313,0.00015271631127689034,0.0029016099870204926,-0.0007635815418325365
1779964916690830800,36.16683081054688,0.0006108652451075613,0.0039706239476799965,-0.0012217304902151227
1779964916707162400,36.18316235351563,0.0003054326225537807,0.004734205547720194,-0.0013744467869400978
1779964916723490300,36.199490234375,-0.00045814894838258624,0.003359758760780096,-0.002138028386980295
1779964916739821300,36.2158212890625,0.0003054326225537807,0.003054326167330146,-0.0019853119738399982
1779964916756126000,36.2321259765625,0.00015271631127689034,0.0024434609804302454,-0.0007635815418325365
1779964916772479500,36.2484794921875,-0.00045814894838258624,0.00045814894838258624,-0.0025961773935705423
1779964916788812300,36.264812255859376,-0.0003054326225537807,-0.00015271631127689034,-0.0027488935738801956
1779964916805142000,36.28114208984375,-0.00045814894838258624,-0.0009162978967651725,-0.0019853119738399982
1779964916821451800,36.29745166015625,-0.0009162978967651725,-0.0006108652451075613,-0.0012217304902151227
1779964916837788200,36.3137880859375,-0.0006108652451075613,-0.0010690141934901476,-0.0012217304902151227
1779964916854118000,36.330117919921875,-0.0006108652451075613,0.00045814894838258624,-0.0025961773935705423
1779964916870448600,36.34644873046875,-0.00015271631127689034,0.001527163083665073,-0.0024434609804302454
1779964916886779000,36.36277880859375,0.0003054326225537807,0.0006108652451075613,-0.001832595793530345
1779964916903112400,36.379112548828125,0.0003054326225537807,0.0007635815418325365,-0.0012217304902151227
1779964916919435500,36.395435546875,0.0006108652451075613,0.0019853119738399982,-0.001832595793530345
1779964916935768800,36.41176879882813,-0.00045814894838258624,0.001679879380390048,-0.001679879380390048
1779964916952096300,36.42809619140625,0.0003054326225537807,0.001679879380390048,-0.001832595793530345
1779964916968431000,36.44443115234375,0.0006108652451075613,0.0025961773935705423,-0.0019853119738399982
1779964916984759600,36.46075952148438,0.0003054326225537807,0.001832595793530345,-0.002138028386980295
1779964917001089300,36.47708935546875,0.0006108652451075613,0.0007635815418325365,-0.001832595793530345
1779964917017425400,36.49342529296875,-0.00015271631127689034,0.002138028386980295,-0.0022907445672899485
1779964917033724700,36.509724609375,0.0006108652451075613,0.001832595793530345,-0.0022907445672899485
1779964917050097200,36.52609716796875,-0.00015271631127689034,0,-0.0025961773935705423
1779964917066423300,36.54242333984375,-0.00045814894838258624,-0.0007635815418325365,-0.0012217304902151227
1779964917082753800,36.55875390625,-0.00015271631127689034,-0.0006108652451075613,-0.0003054326225537807
1779964917099083300,36.575083251953124,0.00015271631127689034,0.0007635815418325365,-0.001527163083665073
1779964917115397600,36.59139770507812,-0.00045814894838258624,-0.0003054326225537807,-0.001679879380390048
1779964917131743700,36.60774365234375,-0.00045814894838258624,-0.001527163083665073,-0.0010690141934901476
1779964917148074000,36.624073974609374,0.0003054326225537807,-0.00045814894838258624,-0.0006108652451075613
1779964917172574500,36.64857446289062,0.00045814894838258624,-0.0007635815418325365,0.00015271631127689034
1779964917188899300,36.6648994140625,-0.00015271631127689034,-0.001527163083665073,-0.00045814894838258624
1779964917205215700,36.6812158203125,-0.0003054326225537807,-0.001527163083665073,-0.0010690141934901476
1779964917221557500,36.6975576171875,0.0003054326225537807,-0.0006108652451075613,0.0009162978967651725
1779964917237891800,36.713891845703124,-0.00045814894838258624,-0.0006108652451075613,0.0003054326225537807
1779964917254219800,36.7302197265625,-0.00045814894838258624,-0.0009162978967651725,0
1779964917270546000,36.7465458984375,-0.00015271631127689034,-0.00045814894838258624,-0.00045814894838258624
1779964917286880300,36.76288037109375,-0.00045814894838258624,-0.0006108652451075613,0
1779964917303215400,36.77921533203125,0.0003054326225537807,0.00045814894838258624,0.00015271631127689034
1779964917319523600,36.795523681640624,-0.00015271631127689034,-0.0007635815418325365,0.0010690141934901476
1779964917335845000,36.81184521484375,0.00015271631127689034,-0.0013744467869400978,0.0013744467869400978
1779964917352185300,36.828185302734376,0.0003054326225537807,-0.001832595793530345,0.0007635815418325365
1779964917368518400,36.844518310546874,0.00015271631127689034,-0.0010690141934901476,0.0009162978967651725
1779964917384847000,36.86084716796875,0.00045814894838258624,0.001832595793530345,0.001679879380390048
1779964917401177300,36.87717724609375,0.00045814894838258624,0.001832595793530345,0.0009162978967651725
1779964917417508600,36.89350854492187,0.00045814894838258624,0.0010690141934901476,-0.00045814894838258624
1779964917433838600,36.90983862304687,0.00015271631127689034,0.0019853119738399982,0.0024434609804302454
1779964917450164500,36.92616455078125,-0.00045814894838258624,0.0007635815418325365,0.0006108652451075613
1779964917466497800,36.94249780273437,0.00045814894838258624,0.0010690141934901476,0.001527163083665073
1779964917482828000,36.958828125,-0.00045814894838258624,-0.00015271631127689034,-0.00015271631127689034
1779964917499162600,36.97516259765625,-0.0003054326225537807,0.00045814894838258624,0.00015271631127689034
1779964917515501600,36.99150146484375,-0.00045814894838258624,-0.0006108652451075613,-0.0003054326225537807
1779964917531827500,37.00782739257812,-0.0006108652451075613,-0.001679879380390048,0.0003054326225537807
1779964917548170800,37.024170654296874,0.0003054326225537807,-0.0013744467869400978,-0.0006108652451075613
1779964917564493300,37.040493408203126,0.0003054326225537807,-0.0029016099870204926,-0.0003054326225537807
1779964917580822300,37.056822265625,-0.0006108652451075613,-0.003054326167330146,-0.0003054326225537807
1779964917597152500,37.073152587890625,-0.0006108652451075613,-0.0009162978967651725,0.0010690141934901476
1779964917613480400,37.08948046875,0.0006108652451075613,-0.0024434609804302454,0.00015271631127689034
1779964917629805600,37.1058056640625,-0.0006108652451075613,-0.0029016099870204926,0.0013744467869400978
1779964917646126000,37.1221259765625,0.00015271631127689034,-0.0003054326225537807,0.0003054326225537807
1779964917662468900,37.13846875,-0.00045814894838258624,0.0013744467869400978,-0.00015271631127689034
1779964917678807800,37.15480786132812,-0.0003054326225537807,0.00045814894838258624,-0.00045814894838258624
1779964917695134000,37.171134033203124,-0.0003054326225537807,0.0012217304902151227,0.00045814894838258624
1779964917711462700,37.18746264648438,0.00045814894838258624,0.0009162978967651725,0.0010690141934901476
1779964917727776800,37.20377685546875,-0.00015271631127689034,0.00015271631127689034,0.00045814894838258624
1779964917744123400,37.220123291015625,-0.0003054326225537807,-0.0006108652451075613,0.0012217304902151227
1779964917760450600,37.23645043945312,0.0003054326225537807,-0.00045814894838258624,0.0009162978967651725
1779964917776788200,37.252788330078126,-0.0006108652451075613,-0.0007635815418325365,0.0022907445672899485
1779964917793091600,37.26909155273437,-0.0003054326225537807,-0.001527163083665073,0.0009162978967651725
1779964917809429500,37.28542944335938,0.0003054326225537807,-0.001832595793530345,0.0007635815418325365
1779964917825748000,37.301748046875,-0.0012217304902151227,-0.003054326167330146,-0.0003054326225537807
1779964917842090500,37.318090576171876,0.00045814894838258624,-0.0019853119738399982,-0.0006108652451075613
1779964917858422800,37.3344228515625,0.0006108652451075613,-0.002138028386980295,0.00015271631127689034
1779964917874747400,37.35074731445312,-0.0006108652451075613,-0.001527163083665073,0.00015271631127689034
1779964917891077400,37.367077392578125,0.00045814894838258624,-0.0019853119738399982,0.00045814894838258624
1779964917907415000,37.3834150390625,0.00045814894838258624,-0.001527163083665073,0.00045814894838258624
1779964917923740700,37.39974072265625,0.00015271631127689034,0.00015271631127689034,0.0003054326225537807
1779964917940071400,37.41607153320312,-0.0006108652451075613,-0.001679879380390048,0.0003054326225537807
1779964917956402400,37.43240234375,0.0006108652451075613,-0.00045814894838258624,0.0012217304902151227
1779964917972709000,37.448709228515625,0.00045814894838258624,0.0007635815418325365,0.00045814894838258624
1779964917989062100,37.46506225585937,-0.0006108652451075613,0.00045814894838258624,0.0003054326225537807
1779964918005405200,37.4814052734375,0.00045814894838258624,0.001832595793530345,0.001527163083665073
1779964918021736400,37.497736328125,-0.00015271631127689034,0.0006108652451075613,0.0006108652451075613
1779964918038065400,37.5140654296875,0.0006108652451075613,0.0022907445672899485,-0.0006108652451075613
1779964918054389500,37.530389404296876,-0.00045814894838258624,0.00045814894838258624,0
1779964918070729500,37.5467294921875,-0.0003054326225537807,-0.0006108652451075613,-0.0012217304902151227
1779964918087060500,37.563060546875,-0.0003054326225537807,-0.0006108652451075613,0.00045814894838258624
1779964918103381800,37.5793818359375,0,-0.00015271631127689034,-0.0007635815418325365
1779964918119714600,37.59571459960937,-0.00045814894838258624,0.00015271631127689034,0.001527163083665073
1779964918136046600,37.612046630859375,0,-0.0027488935738801956,0.002138028386980295
1779964918152378400,37.62837841796875,0.0003054326225537807,-0.0025961773935705423,0.0007635815418325365
1779964918168705800,37.644705810546874,-0.0007635815418325365,0.00015271631127689034,0.00045814894838258624
1779964918185034200,37.6610341796875,0.0006108652451075613,0.0010690141934901476,-0.00015271631127689034
1779964918201367300,37.6773671875,0.00045814894838258624,0.0003054326225537807,-0.0006108652451075613
1779964918217697500,37.69369750976563,-0.00015271631127689034,0.0012217304902151227,-0.0003054326225537807
1779964918234027000,37.71002709960938,-0.0003054326225537807,0.001832595793530345,0.0013744467869400978
1779964918250354400,37.7263544921875,0.00045814894838258624,0.002138028386980295,0.0010690141934901476
1779964918266684200,37.74268408203125,-0.0003054326225537807,0.0010690141934901476,0.0007635815418325365
1779964918283021300,37.759021240234375,0.0003054326225537807,0.0007635815418325365,-0.00045814894838258624
1779964918299347000,37.775346923828124,0.0003054326225537807,0.0012217304902151227,0.00015271631127689034
1779964918315660300,37.791660400390626,0.0003054326225537807,0.0003054326225537807,-0.0012217304902151227
1779964918331997400,37.80799755859375,0.00015271631127689034,0.0012217304902151227,-0.00015271631127689034
1779964918348321300,37.8243212890625,-0.00045814894838258624,0.0003054326225537807,-0.0010690141934901476
1779964918364653600,37.84065356445313,0.0003054326225537807,-0.0010690141934901476,0.0003054326225537807
1779964918380984300,37.856984375,0.00045814894838258624,-0.00045814894838258624,0.0006108652451075613
1779964918397314600,37.873314453125,0.00015271631127689034,-0.0009162978967651725,0.0010690141934901476
1779964918413645300,37.88964526367187,-0.0006108652451075613,-0.0019853119738399982,0.0009162978967651725
1779964918429974300,37.90597436523438,-0.00045814894838258624,-0.002138028386980295,-0.0013744467869400978
1779964918446304500,37.92230444335937,-0.00045814894838258624,-0.0009162978967651725,0.0013744467869400978
1779964918462618600,37.93861865234375,0.0003054326225537807,0.00015271631127689034,0.00015271631127689034
1779964918478969300,37.95496923828125,0.00015271631127689034,-0.00045814894838258624,-0.0012217304902151227
1779964918495308300,37.97130834960937,-0.00015271631127689034,0.00015271631127689034,-0.00015271631127689034
1779964918511639300,37.98763940429688,-0.00045814894838258624,0.0010690141934901476,0.00045814894838258624
1779964918527971000,38.00397119140625,-0.0003054326225537807,0,0.0006108652451075613
1779964918544299500,38.020299560546874,0.0006108652451075613,0.00045814894838258624,-0.00045814894838258624
1779964918560602400,38.03660229492188,-0.0003054326225537807,0.0012217304902151227,0.0003054326225537807
1779964918576957400,38.05295751953125,0.0006108652451075613,0.0006108652451075613,-0.0009162978967651725
1779964918593289200,38.06928930664063,-0.00015271631127689034,-0.0006108652451075613,0.0006108652451075613
1779964918609620500,38.085620361328125,-0.0007635815418325365,-0.00045814894838258624,-0.00045814894838258624
1779964918625948400,38.101948486328126,-0.00045814894838258624,-0.0007635815418325365,-0.0006108652451075613
1779964918642279700,38.11827978515625,-0.0006108652451075613,-0.0006108652451075613,-0.0012217304902151227
1779964918658601200,38.13460131835937,-0.0006108652451075613,-0.00015271631127689034,0.0003054326225537807
1779964918674944800,38.15094482421875,-0.00045814894838258624,-0.0009162978967651725,0
1779964918691268000,38.16726806640625,0.0003054326225537807,-0.001832595793530345,0.0007635815418325365
1779964918707601000,38.18360083007813,0.00045814894838258624,-0.0006108652451075613,0.0010690141934901476
1779964918723913500,38.19991357421875,-0.00015271631127689034,-0.0003054326225537807,0.001679879380390048
1779964918740245000,38.216244873046875,0.00045814894838258624,-0.0003054326225537807,0.0019853119738399982
1779964918756598000,38.23259790039062,-0.00045814894838258624,-0.0012217304902151227,0.0010690141934901476
1779964918772921600,38.24892163085938,0.00045814894838258624,-0.001832595793530345,0.0022907445672899485
1779964918789248500,38.26524853515625,0.00015271631127689034,-0.0010690141934901476,0.0013744467869400978
1779964918805568800,38.28156884765625,0.00015271631127689034,0.0003054326225537807,0.0009162978967651725
1779964918821896000,38.29789599609375,0.00015271631127689034,-0.0006108652451075613,0.00045814894838258624
1779964918838227200,38.31422729492188,0.0006108652451075613,-0.00015271631127689034,0
1779964918854557400,38.33055737304687,0.00045814894838258624,-0.0009162978967651725,0.0009162978967651725
1779964918870888700,38.346888671875,0.00045814894838258624,0,-0.00015271631127689034
1779964918887217400,38.363217529296875,0.00045814894838258624,0.0006108652451075613,0.0007635815418325365
1779964918903548000,38.3795478515625,0.00045814894838258624,0.00015271631127689034,0.0006108652451075613
1779964918919878100,38.39587817382812,-0.0003054326225537807,-0.0012217304902151227,0.001527163083665073
1779964918936192800,38.41219287109375,0.00045814894838258624,0.00015271631127689034,0.0009162978967651725
1779964918952525300,38.428525390625,-0.00015271631127689034,0.0007635815418325365,0.00015271631127689034
1779964918968874800,38.444874755859374,-0.00045814894838258624,0.0003054326225537807,0.0006108652451075613
1779964918985212200,38.461212158203125,-0.0006108652451075613,-0.0006108652451075613,0
1779964919001528000,38.47752807617187,0.00015271631127689034,-0.0003054326225537807,0.0012217304902151227
1779964919017873200,38.493873046875,-0.0009162978967651725,0.001679879380390048,0.0007635815418325365
1779964919034202400,38.51020239257812,-0.00015271631127689034,0.00045814894838258624,-0.0009162978967651725
1779964919050532400,38.526532470703124,0.00015271631127689034,0.00015271631127689034,-0.0012217304902151227
1779964919066869000,38.54286889648437,0.00015271631127689034,0.001527163083665073,0
1779964919083185700,38.559185546875,-0.0006108652451075613,-0.00015271631127689034,0.0006108652451075613
1779964919099521500,38.575521484375,0.00045814894838258624,0.0007635815418325365,0.0006108652451075613
1779964919115825700,38.59182568359375,0.00015271631127689034,0.0019853119738399982,0.0007635815418325365
1779964919132183600,38.60818359375,-0.00045814894838258624,0.0010690141934901476,0
1779964919148517400,38.62451733398437,0.0006108652451075613,0.0019853119738399982,0.00045814894838258624
1779964919164843300,38.64084326171875,-0.0003054326225537807,0.001832595793530345,0
1779964919181155600,38.657155517578126,0.00045814894838258624,0.0024434609804302454,0.0009162978967651725
1779964919197487900,38.67348779296875,-0.0006108652451075613,0.002138028386980295,0.00045814894838258624
1779964919213832200,38.68983227539063,-0.0003054326225537807,0.0009162978967651725,-0.0006108652451075613
1779964919230163500,38.70616357421875,0.0003054326225537807,0.0009162978967651725,-0.00045814894838258624
1779964919246493700,38.72249365234375,0.0003054326225537807,0.001527163083665073,-0.0010690141934901476
1779964919262818800,38.73881884765625,0.0003054326225537807,-0.0007635815418325365,0.00015271631127689034
1779964919279158300,38.755158203125,-0.0006108652451075613,-0.001679879380390048,0.0010690141934901476
1779964919295454200,38.7714541015625,0.00015271631127689034,-0.0007635815418325365,-0.001527163083665073
1779964919311797500,38.78779760742187,0.0006108652451075613,-0.0024434609804302454,-0.0006108652451075613
1779964919328133600,38.804133544921875,-0.00015271631127689034,-0.0009162978967651725,0.0007635815418325365
1779964919344461000,38.8204609375,0.00045814894838258624,-0.0012217304902151227,-0.0012217304902151227
1779964919360790800,38.836790771484374,-0.00045814894838258624,0,-0.0006108652451075613
1779964919377121300,38.85312133789063,-0.00015271631127689034,-0.0003054326225537807,0
1779964919393438700,38.86943872070312,0.0009162978967651725,0.0003054326225537807,-0.00015271631127689034
1779964919409781800,38.88578173828125,-0.0003054326225537807,0.0007635815418325365,0.00015271631127689034
1779964919426111500,38.902111572265625,-0.00015271631127689034,-0.0003054326225537807,-0.0006108652451075613
1779964919442441500,38.91844140625,0.0006108652451075613,-0.00045814894838258624,-0.0010690141934901476
1779964919458774800,38.93477490234375,0.00045814894838258624,0.0007635815418325365,0.0006108652451075613
1779964919475115300,38.951115234375,-0.00045814894838258624,0.0003054326225537807,0.0003054326225537807
1779964919491429000,38.96742919921875,-0.00045814894838258624,0.0006108652451075613,0.00015271631127689034
1779964919507776000,38.98377587890625,0.00015271631127689034,-0.0010690141934901476,0.00015271631127689034
1779964919524106200,39.000106201171874,-0.00015271631127689034,0.0012217304902151227,-0.00015271631127689034
1779964919540436000,39.01643603515625,-0.00045814894838258624,-0.0006108652451075613,-0.0006108652451075613
1779964919556749300,39.032749267578126,0.0007635815418325365,-0.00015271631127689034,-0.0010690141934901476
1779964919573081300,39.04908129882813,0.0006108652451075613,-0.0003054326225537807,-0.0012217304902151227
1779964919589424400,39.06542431640625,0.00045814894838258624,0.00015271631127689034,0
1779964919605758000,39.08175805664062,-0.0003054326225537807,-0.0007635815418325365,-0.0019853119738399982
1779964919622081500,39.09808154296875,-0.00015271631127689034,-0.00045814894838258624,-0.0007635815418325365
1779964919638401000,39.114401123046875,0.00015271631127689034,-0.00045814894838258624,-0.001527163083665073
1779964919654727200,39.13072705078125,0.0007635815418325365,0.0009162978967651725,-0.002138028386980295
1779964919671080700,39.147080810546875,-0.0006108652451075613,0.001679879380390048,-0.00015271631127689034
1779964919687400700,39.16340063476562,0.00015271631127689034,0.001832595793530345,-0.0003054326225537807
1779964919703721000,39.17972094726562,0.0006108652451075613,0.0022907445672899485,-0.0012217304902151227
1779964919720063500,39.1960634765625,-0.0003054326225537807,0.0012217304902151227,-0.0013744467869400978
1779964919736380700,39.21238061523437,-0.0009162978967651725,-0.00045814894838258624,-0.00427605677396059
1779964919752724000,39.228723876953126,0.0003054326225537807,0.001679879380390048,-0.0029016099870204926
1779964919769061400,39.24506127929688,-0.0003054326225537807,0.0013744467869400978,-0.0012217304902151227
1779964919785383400,39.26138354492188,-0.0007635815418325365,0.0009162978967651725,-0.0003054326225537807
1779964919801688300,39.27768823242187,-0.00015271631127689034,-0.0006108652451075613,-0.002138028386980295
1779964919818020000,39.29402001953125,0.0007635815418325365,0.0010690141934901476,-0.0010690141934901476
1779964919834364400,39.310364501953124,0.0006108652451075613,0.0009162978967651725,-0.002138028386980295
1779964919850693400,39.326693359375,0.0006108652451075613,0.0012217304902151227,-0.001832595793530345
1779964919867025400,39.343025390625,-0.0007635815418325365,0.00045814894838258624,-0.0022907445672899485
1779964919883354400,39.35935424804688,-0.00015271631127689034,0.0019853119738399982,-0.0013744467869400978
1779964919899685400,39.375685302734375,-0.00045814894838258624,0.003512475173920393,-0.002138028386980295
1779964919916003800,39.39200390625,-0.00045814894838258624,0.005192354787141085,-0.0013744467869400978
1779964919932334300,39.40833422851563,-0.00045814894838258624,0.005955935921519995,-0.0032070425804704428
1779964919948678700,39.4246787109375,-0.0003054326225537807,0.005497787147760391,-0.0027488935738801956
1779964919965019100,39.44101904296875,-0.0003054326225537807,0.0064140851609408855,-0.001679879380390048
1779964919981350400,39.457350341796875,-0.0003054326225537807,0.004581489134579897,-0.0032070425804704428
1779964919997679600,39.4736796875,0.0006108652451075613,0.004581489134579897,-0.0027488935738801956
1779964920014014200,39.49001416015625,0.0003054326225537807,0.003054326167330146,-0.00427605677396059
1779964920030334700,39.50633471679687,0.0006108652451075613,0.0032070425804704428,-0.0032070425804704428
1779964920046668800,39.522668701171874,-0.00015271631127689034,0.0003054326225537807,-0.003512475173920393
1779964920062999800,39.53899975585937,-0.0003054326225537807,-0.001679879380390048,-0.004123340360820293
1779964920079329800,39.55532983398437,-0.00015271631127689034,-0.0009162978967651725,-0.0027488935738801956
1779964920095659000,39.57165893554688,-0.0003054326225537807,-0.00045814894838258624,-0.0029016099870204926
1779964920111985400,39.5879853515625,0.0003054326225537807,-0.001527163083665073,-0.003359758760780096
1779964920128326100,39.604326171875,0.0007635815418325365,0.0010690141934901476,-0.001679879380390048
1779964920144650500,39.620650390625,-0.00045814894838258624,-0.0013744467869400978,-0.002138028386980295
1779964920160980200,39.636980224609374,0,0.0007635815418325365,-0.0027488935738801956
1779964920177313500,39.6533134765625,0,0.0009162978967651725,-0.003054326167330146
1779964920193624300,39.66962426757812,0.0006108652451075613,0.0032070425804704428,-0.0025961773935705423
1779964920209967600,39.685967529296875,0.0006108652451075613,0.0024434609804302454,-0.003054326167330146
1779964920226303200,39.70230322265625,0,0.0029016099870204926,-0.0010690141934901476
1779964920242632400,39.718632568359375,0.0003054326225537807,0.001832595793530345,-0.0022907445672899485
1779964920258961000,39.7349609375,-0.0003054326225537807,0.003054326167330146,-0.002138028386980295
1779964920275291000,39.75129077148438,0.0003054326225537807,0.002138028386980295,-0.001527163083665073
1779964920291602400,39.7676025390625,-0.00045814894838258624,0.0019853119738399982,-0.0019853119738399982
1779964920307938800,39.78393872070313,-0.00015271631127689034,0.0009162978967651725,-0.0024434609804302454
1779964920324267800,39.800267822265624,-0.00045814894838258624,0.0009162978967651725,-0.0010690141934901476
1779964920340598000,39.816597900390626,0.00045814894838258624,-0.0009162978967651725,-0.0024434609804302454
1779964920356928000,39.83292797851563,-0.00015271631127689034,0.00015271631127689034,-0.002138028386980295
1779964920373259300,39.84925927734375,0.0003054326225537807,0.00045814894838258624,-0.001527163083665073
1779964920389597200,39.86559716796875,-0.0003054326225537807,0.0006108652451075613,-0.001832595793530345
1779964920405918500,39.88191845703125,0.0003054326225537807,0.0019853119738399982,-0.001679879380390048
1779964920422247200,39.8982470703125,0.0007635815418325365,0.002138028386980295,-0.0019853119738399982
1779964920438579500,39.914579345703125,0.0006108652451075613,0.001832595793530345,-0.001832595793530345
1779964920454925800,39.93092578125,-0.00045814894838258624,0.0024434609804302454,-0.0009162978967651725
1779964920471252200,39.94725219726563,-0.0003054326225537807,0.00366519158706069,-0.0019853119738399982
1779964920487580400,39.96358032226563,0.0006108652451075613,0.0027488935738801956,-0.0024434609804302454
1779964920503914200,39.97991430664062,0.00045814894838258624,0.003054326167330146,-0.0013744467869400978
1779964920520251600,39.996251708984374,-0.00015271631127689034,0.0029016099870204926,-0.0032070425804704428
1779964920536556800,40.01255688476562,-0.00015271631127689034,0.003054326167330146,-0.0025961773935705423
1779964920552897000,40.02889697265625,0.0003054326225537807,0.001832595793530345,-0.0013744467869400978
1779964920569238000,40.04523803710938,-0.00015271631127689034,-0.0006108652451075613,-0.0010690141934901476
1779964920585567000,40.06156689453125,-0.0003054326225537807,-0.001679879380390048,-0.0009162978967651725
1779964920601889800,40.07788989257813,0.0006108652451075613,0.00015271631127689034,-0.0007635815418325365
1779964920618234600,40.09423461914062,0.00045814894838258624,0.00366519158706069,-0.0022907445672899485
1779964920634558200,40.11055810546875,0.00045814894838258624,0.0019853119738399982,-0.003512475173920393
1779964920650880800,40.126880859375,0.0013744467869400978,0.00366519158706069,-0.001832595793530345
1779964920667213000,40.143213134765624,0.0006108652451075613,0.003054326167330146,-0.002138028386980295
1779964920683542800,40.15954272460937,-0.00015271631127689034,0.003512475173920393,0.00045814894838258624
1779964920699874600,40.17587451171875,-0.00045814894838258624,0.003817907767370343,-0.0010690141934901476
1779964920716188700,40.19218872070312,-0.0003054326225537807,0.003359758760780096,-0.001832595793530345
1779964920732522500,40.2085224609375,0.0006108652451075613,0.003817907767370343,-0.0027488935738801956
1779964920748859600,40.224859619140624,0.0003054326225537807,0.003054326167330146,-0.001527163083665073
1779964920765201000,40.241200927734376,0.0006108652451075613,0.0027488935738801956,-0.003512475173920393
1779964920781507600,40.25750756835937,0,0.003512475173920393,-0.0025961773935705423
1779964920797841200,40.27384106445312,0.00045814894838258624,0.0013744467869400978,-0.0029016099870204926
1779964920814173200,40.290173095703125,0.00045814894838258624,0.0006108652451075613,0.00015271631127689034
1779964920830500600,40.30650048828125,-0.0007635815418325365,0.00015271631127689034,-0.001679879380390048
1779964920846828800,40.322828857421875,-0.00045814894838258624,-0.0007635815418325365,-0.001832595793530345
1779964920863164400,40.339164306640626,-0.0006108652451075613,-0.001527163083665073,-0.002138028386980295
1779964920879491800,40.355491943359375,0.0003054326225537807,0.0003054326225537807,-0.0032070425804704428
1779964920895810300,40.371810302734374,0,0.0019853119738399982,-0.0003054326225537807
1779964920912148700,40.38814868164062,0.00045814894838258624,0.0009162978967651725,-0.001832595793530345
1779964920928487000,40.40448681640625,-0.0003054326225537807,0.0006108652451075613,-0.0022907445672899485
1779964920944826400,40.42082641601562,-0.00045814894838258624,0.0012217304902151227,-0.001679879380390048
1779964920961157000,40.4371572265625,0.0006108652451075613,0.001832595793530345,-0.0010690141934901476
1779964920977469000,40.45346899414063,0.00045814894838258624,0.001527163083665073,-0.001527163083665073
1779964920993819000,40.46981884765625,0.0003054326225537807,0.0007635815418325365,-0.001527163083665073
1779964921010147300,40.48614721679687,0.00045814894838258624,0.001679879380390048,-0.0010690141934901476
1779964921026477600,40.5024775390625,-0.0003054326225537807,0.0012217304902151227,-0.0012217304902151227
1779964921042806500,40.518806640625,-0.00015271631127689034,0.001679879380390048,-0.0009162978967651725
1779964921059135000,40.535135009765625,-0.00045814894838258624,0,-0.0006108652451075613
1779964921075467300,40.55146728515625,0.0007635815418325365,-0.0006108652451075613,-0.001679879380390048
1779964921091799600,40.567799560546874,-0.0007635815418325365,0.0006108652451075613,-0.001679879380390048
1779964921108125000,40.584125,-0.00015271631127689034,-0.0010690141934901476,-0.002138028386980295
1779964921124457000,40.60045703125,0.0003054326225537807,-0.0010690141934901476,0
1779964921140787500,40.616787353515626,0.0003054326225537807,-0.001527163083665073,-0.0012217304902151227
1779964921157118700,40.63311865234375,-0.00045814894838258624,-0.0010690141934901476,-0.00015271631127689034
1779964921173447000,40.64944702148438,0.0007635815418325365,-0.00015271631127689034,-0.0009162978967651725
1779964921189761500,40.665761474609376,0.00015271631127689034,-0.0010690141934901476,0.0019853119738399982
1779964921206108200,40.68210815429688,-0.00015271631127689034,-0.0012217304902151227,0.0003054326225537807
1779964921222438700,40.69843872070312,0.0003054326225537807,-0.00015271631127689034,-0.0006108652451075613
1779964921238768000,40.71476806640625,-0.00045814894838258624,0.00045814894838258624,-0.0009162978967651725
1779964921255096300,40.731096435546874,0.0006108652451075613,0.001679879380390048,-0.0003054326225537807
1779964921271411200,40.7474111328125,-0.0006108652451075613,0.0012217304902151227,-0.00015271631127689034
1779964921287732500,40.763732421875,-0.001527163083665073,0.0010690141934901476,0.00015271631127689034
1779964921304075000,40.780074951171876,0.00015271631127689034,0.0010690141934901476,0.00045814894838258624
1779964921320403700,40.79640380859375,-0.00045814894838258624,-0.0013744467869400978,-0.0012217304902151227
1779964921336735200,40.8127353515625,-0.00015271631127689034,-0.003054326167330146,0.0009162978967651725
1779964921353066000,40.82906591796875,0.00015271631127689034,-0.0029016099870204926,0.0009162978967651725
1779964921369395500,40.8453955078125,0.00045814894838258624,-0.002138028386980295,0.00045814894838258624
1779964921385725400,40.86172534179688,0.0013744467869400978,0.0007635815418325365,-0.00015271631127689034
1779964921402055700,40.8780556640625,-0.00045814894838258624,-0.0006108652451075613,-0.00045814894838258624
1779964921418390000,40.89439013671875,-0.00015271631127689034,0.00015271631127689034,0.0012217304902151227
1779964921434751200,40.910751220703126,0.00045814894838258624,0.00045814894838258624,0.0013744467869400978
1779964921451050800,40.92705078125,-0.00045814894838258624,0.00045814894838258624,0.0010690141934901476
1779964921467386400,40.943386474609376,0.00045814894838258624,0.001832595793530345,0.0006108652451075613
1779964921483716900,40.959716796875,0.00045814894838258624,-0.0003054326225537807,0.001527163083665073
1779964921500058000,40.97605810546875,-0.00015271631127689034,0,0
1779964921516359700,40.99235961914062,0.00045814894838258624,-0.0003054326225537807,0.0007635815418325365
1779964921532710000,41.0087099609375,0.0003054326225537807,-0.00045814894838258624,-0.0007635815418325365
1779964921549024300,41.02502416992188,0,-0.001527163083665073,-0.0006108652451075613
1779964921565369900,41.041369873046875,-0.00045814894838258624,-0.001679879380390048,-0.0013744467869400978
1779964921581696800,41.05769677734375,-0.00015271631127689034,-0.0019853119738399982,-0.00045814894838258624
1779964921598035200,41.07403515625,0.00045814894838258624,-0.002138028386980295,0.0012217304902151227
1779964921614337000,41.0903369140625,0.00045814894838258624,-0.0029016099870204926,0.00045814894838258624
1779964921630695200,41.10669506835937,-0.0003054326225537807,-0.001832595793530345,-0.0006108652451075613
1779964921647011800,41.12301171875,0.0006108652451075613,-0.0006108652451075613,0.0007635815418325365
1779964921663356200,41.13935620117188,0.00045814894838258624,0.00045814894838258624,0.0010690141934901476
1779964921679675400,41.15567529296875,0.00045814894838258624,-0.00015271631127689034,-0.001679879380390048
1779964921696014600,41.1720146484375,0.00045814894838258624,0.0010690141934901476,-0.0006108652451075613
1779964921712338200,41.18833813476562,0.00045814894838258624,0.0012217304902151227,-0.0009162978967651725
1779964921728675000,41.20467504882812,0.00015271631127689034,-0.0006108652451075613,-0.0003054326225537807
1779964921744982300,41.22098217773438,0.0006108652451075613,-0.0006108652451075613,-0.00045814894838258624
1779964921761332700,41.23733276367187,0.0006108652451075613,-0.0012217304902151227,-0.0013744467869400978
1779964921777648000,41.253648193359375,0.0006108652451075613,-0.0013744467869400978,0.0007635815418325365
1779964921793978400,41.269978271484376,-0.0006108652451075613,-0.0009162978967651725,0.0010690141934901476
1779964921810309600,41.2863095703125,0.0006108652451075613,-0.001527163083665073,-0.0006108652451075613
1779964921826637600,41.302637451171876,-0.00045814894838258624,-0.002138028386980295,-0.0010690141934901476
1779964921842966500,41.31896655273437,0.0006108652451075613,-0.0025961773935705423,-0.0012217304902151227
1779964921859302400,41.335302490234376,0,-0.0019853119738399982,0
1779964921875630000,41.351630126953125,-0.00045814894838258624,-0.0010690141934901476,-0.0010690141934901476
1779964921891956200,41.367956298828126,0.0003054326225537807,-0.001527163083665073,0.00015271631127689034
1779964921908294000,41.3842939453125,0.00015271631127689034,-0.0009162978967651725,0.0009162978967651725
1779964921924632800,41.4006328125,0.0003054326225537807,-0.0019853119738399982,0.0006108652451075613
1779964921940964000,41.41696411132813,-0.0003054326225537807,-0.001832595793530345,-0.0009162978967651725
1779964921957293300,41.433293212890625,0.0003054326225537807,-0.0006108652451075613,0.0007635815418325365
1779964921973623600,41.44962353515625,-0.0009162978967651725,-0.0007635815418325365,-0.0003054326225537807
1779964921989953000,41.465953125,0.0003054326225537807,0.00015271631127689034,0.0003054326225537807
1779964922006284500,41.482284423828126,0.0006108652451075613,-0.0007635815418325365,-0.0013744467869400978
1779964922022611500,41.498611572265624,-0.00015271631127689034,0.00045814894838258624,0.00015271631127689034
1779964922038944800,41.51494482421875,0.0003054326225537807,-0.00015271631127689034,-0.00015271631127689034
1779964922055273700,41.53127368164063,0.0006108652451075613,0.00045814894838258624,-0.00045814894838258624
1779964922071587000,41.54758715820312,0,-0.00045814894838258624,0
1779964922087931600,41.563931640625,-0.00045814894838258624,0.0007635815418325365,-0.0006108652451075613
1779964922104264400,41.58026440429688,0.0006108652451075613,0.00045814894838258624,0.0003054326225537807
1779964922120574500,41.59657446289062,0.0003054326225537807,-0.0029016099870204926,0.00015271631127689034
1779964922136910800,41.61291088867188,0.00045814894838258624,-0.001679879380390048,0.00045814894838258624
1779964922153238000,41.629238037109374,0.0006108652451075613,-0.00015271631127689034,0.0010690141934901476
1779964922169568300,41.645568359375,-0.00045814894838258624,0.0009162978967651725,0
1779964922185918700,41.66191870117188,-0.0003054326225537807,-0.0007635815418325365,-0.0006108652451075613
1779964922202246000,41.678245849609375,0.00045814894838258624,0.0003054326225537807,0.0003054326225537807
1779964922218545400,41.69454541015625,0.0003054326225537807,-0.0006108652451075613,0.00015271631127689034
1779964922234905300,41.7109052734375,0.00015271631127689034,0.0003054326225537807,0.00015271631127689034
1779964922251231200,41.727231201171875,-0.00045814894838258624,0.00045814894838258624,-0.00045814894838258624
1779964922267551700,41.7435517578125,0.0003054326225537807,0.0022907445672899485,0.00015271631127689034
1779964922283883300,41.75988330078125,0.0003054326225537807,0.0025961773935705423,-0.0007635815418325365
1779964922300212000,41.7762119140625,-0.00045814894838258624,0.001679879380390048,0.00015271631127689034
1779964922316542500,41.79254248046875,-0.0003054326225537807,0.0022907445672899485,-0.0003054326225537807
1779964922332873200,41.80887329101562,-0.00015271631127689034,0,-0.0003054326225537807
1779964922349202200,41.8252021484375,0.0006108652451075613,-0.00015271631127689034,-0.0013744467869400978
1779964922365532200,41.8415322265625,0.0006108652451075613,0.00045814894838258624,-0.00015271631127689034
1779964922381862400,41.8578623046875,0.00015271631127689034,-0.0007635815418325365,0.0009162978967651725
1779964922398197000,41.87419702148438,0.00015271631127689034,-0.001832595793530345,0.0006108652451075613
1779964922414531000,41.89053100585937,-0.0006108652451075613,-0.0024434609804302454,0.0013744467869400978
1779964922430868200,41.9068681640625,-0.0006108652451075613,-0.001527163083665073,0.00045814894838258624
1779964922447196400,41.923196533203125,0.00015271631127689034,-0.001527163083665073,0.0007635815418325365
1779964922463527400,41.93952734375,0.0003054326225537807,-0.0007635815418325365,-0.00015271631127689034
1779964922479845400,41.95584545898438,-0.00045814894838258624,-0.001832595793530345,0.0010690141934901476
1779964922496163800,41.97216381835938,-0.0003054326225537807,-0.001679879380390048,0.0010690141934901476
1779964922512512000,41.98851196289063,-0.0003054326225537807,-0.0006108652451075613,-0.0009162978967651725
1779964922528845800,42.004845703125,-0.00015271631127689034,0.00045814894838258624,-0.00015271631127689034
1779964922545187300,42.021187255859374,0.0003054326225537807,0.0006108652451075613,0.0003054326225537807
1779964922561526000,42.037526123046874,0.0006108652451075613,0.0003054326225537807,-0.00015271631127689034
1779964922577832700,42.05383276367188,-0.00045814894838258624,-0.0003054326225537807,0.0010690141934901476
1779964922594174200,42.07017431640625,-0.00015271631127689034,0.0007635815418325365,-0.0006108652451075613
1779964922610498800,42.086498779296875,-0.0003054326225537807,0.00045814894838258624,0.0013744467869400978
1779964922626827800,42.10282788085937,0,0.00015271631127689034,0.00015271631127689034
1779964922643162400,42.11916235351563,0.0006108652451075613,-0.0013744467869400978,0.0012217304902151227
1779964922659485400,42.1354853515625,-0.00045814894838258624,-0.001679879380390048,0.0010690141934901476
1779964922675816200,42.15181616210938,-0.0003054326225537807,-0.0009162978967651725,0.0009162978967651725
1779964922692144400,42.16814428710938,-0.00015271631127689034,-0.0007635815418325365,-0.0007635815418325365
1779964922708467200,42.18446728515625,0.0006108652451075613,-0.00045814894838258624,-0.0006108652451075613
1779964922724809200,42.20080932617188,-0.0003054326225537807,-0.001527163083665073,0.0009162978967651725
1779964922741139500,42.21713940429687,0.001679879380390048,-0.001679879380390048,0.0013744467869400978
1779964922757450800,42.23345068359375,-0.00045814894838258624,0.00015271631127689034,0
1779964922773785600,42.24978564453125,0.0006108652451075613,-0.0003054326225537807,-0.0009162978967651725
1779964922790115300,42.266115234375,-0.00015271631127689034,0.0007635815418325365,0.0013744467869400978
1779964922806445800,42.28244580078125,-0.00015271631127689034,0.001527163083665073,0
1779964922822775800,42.29877587890625,0.0003054326225537807,0.0012217304902151227,-0.00015271631127689034
1779964922839106000,42.31510595703125,-0.00045814894838258624,0.001679879380390048,-0.00015271631127689034
1779964922855437000,42.33143701171875,0.0003054326225537807,0.0006108652451075613,0.0003054326225537807
1779964922871763000,42.347762939453126,-0.0003054326225537807,0.0009162978967651725,-0.0006108652451075613
1779964922888084000,42.364083984375,0.0003054326225537807,0.0007635815418325365,-0.0006108652451075613
1779964922904439800,42.38043969726562,0.0007635815418325365,-0.0009162978967651725,-0.0003054326225537807
1779964922920769500,42.39676953125,0.0003054326225537807,-0.001527163083665073,0.00015271631127689034
1779964922937084200,42.41308422851562,-0.0006108652451075613,-0.00045814894838258624,0.0003054326225537807
1779964922953430500,42.42943041992187,-0.0003054326225537807,-0.0003054326225537807,-0.00045814894838258624
1779964922969760800,42.4457607421875,0.00045814894838258624,-0.0003054326225537807,-0.0007635815418325365
1779964922986090000,42.46209008789062,-0.00045814894838258624,-0.001832595793530345,0
1779964923002420500,42.47842041015625,0.0003054326225537807,0.0003054326225537807,-0.0006108652451075613
1779964923018762000,42.49476196289063,0.0003054326225537807,0.0003054326225537807,-0.0007635815418325365
1779964923035062000,42.51106201171875,-0.00015271631127689034,0.0024434609804302454,-0.001832595793530345
1779964923051410000,42.52740991210938,0.00015271631127689034,0.0006108652451075613,-0.0006108652451075613
1779964923067741400,42.54374145507813,0.0003054326225537807,0.0022907445672899485,0
1779964923084072000,42.56007202148437,-0.00015271631127689034,0.0025961773935705423,0
1779964923100386600,42.57638647460937,0.0006108652451075613,0.0024434609804302454,-0.0010690141934901476
1779964923116731600,42.592731689453124,-0.00015271631127689034,0.003359758760780096,-0.003054326167330146
1779964923133054500,42.609054443359376,0.00045814894838258624,0.0022907445672899485,-0.0007635815418325365
1779964923149397000,42.62539697265625,-0.0003054326225537807,0.0010690141934901476,-0.0013744467869400978
1779964923165721600,42.6417216796875,-0.00045814894838258624,0.0013744467869400978,-0.001527163083665073
1779964923182053000,42.65805322265625,-0.00015271631127689034,-0.0010690141934901476,-0.0019853119738399982
1779964923198369800,42.67436987304688,0.00045814894838258624,-0.0006108652451075613,-0.00015271631127689034
1779964923214712300,42.69071240234375,0.0006108652451075613,0,-0.0007635815418325365
1779964923231047700,42.70704760742188,0.00015271631127689034,-0.00045814894838258624,-0.0006108652451075613
1779964923247351600,42.7233515625,0.00015271631127689034,-0.0025961773935705423,-0.00015271631127689034
1779964923263689000,42.73968896484375,0.0006108652451075613,-0.0006108652451075613,-0.0003054326225537807
1779964923280019200,42.756019287109375,-0.00015271631127689034,0.00015271631127689034,-0.0007635815418325365
1779964923296328700,42.77232861328125,-0.00045814894838258624,0.001679879380390048,0
1779964923312680700,42.7886806640625,-0.00015271631127689034,0.00045814894838258624,-0.00015271631127689034
1779964923329011000,42.80501098632813,-0.0006108652451075613,0.0012217304902151227,-0.0012217304902151227
1779964923345348400,42.82134838867187,0.00015271631127689034,0.0006108652451075613,-0.0006108652451075613
1779964923361669600,42.837669677734375,-0.0006108652451075613,0,-0.0007635815418325365
1779964923378004500,42.85400439453125,0.0006108652451075613,0.001832595793530345,-0.00045814894838258624
1779964923394339600,42.87033959960937,-0.0006108652451075613,0.0003054326225537807,0.00015271631127689034
1779964923410677800,42.886677734375,0.0003054326225537807,0.0025961773935705423,-0.0003054326225537807
1779964923427003600,42.90300366210938,0.0003054326225537807,-0.00015271631127689034,-0.0012217304902151227
1779964923443336000,42.9193359375,0.00015271631127689034,-0.00015271631127689034,-0.0009162978967651725
1779964923459663000,42.9356630859375,-0.00045814894838258624,0.00015271631127689034,-0.0013744467869400978
1779964923475960300,42.95196020507812,-0.0006108652451075613,0.00045814894838258624,-0.00015271631127689034
1779964923492322600,42.96832250976563,-0.00045814894838258624,0.0007635815418325365,-0.0013744467869400978
1779964923508659700,42.98465966796875,-0.0006108652451075613,-0.0003054326225537807,0
1779964923524971300,43.00097119140625,-0.0006108652451075613,0,-0.00045814894838258624
1779964923541314300,43.017314208984374,-0.0003054326225537807,0.00015271631127689034,-0.0007635815418325365
1779964923557618400,43.033618408203125,-0.00045814894838258624,-0.0010690141934901476,0
1779964923573977300,43.049977294921874,-0.0006108652451075613,-0.0003054326225537807,-0.0006108652451075613
1779964923590302700,43.066302734375,-0.00045814894838258624,0.00015271631127689034,0
1779964923606635500,43.082635498046876,-0.00015271631127689034,0.001679879380390048,-0.0022907445672899485
1779964923622964700,43.09896484375,-0.00045814894838258624,0.0022907445672899485,-0.001679879380390048
1779964923639297000,43.11529711914063,-0.00015271631127689034,0.001527163083665073,-0.001832595793530345
1779964923655622000,43.13162182617187,-0.0003054326225537807,0.002138028386980295,-0.0006108652451075613
1779964923671955700,43.147955810546875,0.00015271631127689034,0.001832595793530345,-0.0019853119738399982
1779964923688287700,43.16428784179688,0.0013744467869400978,0.00366519158706069,-0.0007635815418325365
1779964923704617700,43.18061767578125,0.0003054326225537807,0.0010690141934901476,-0.001679879380390048
1779964923720946000,43.19694580078125,0.0003054326225537807,-0.0009162978967651725,-0.001832595793530345
1779964923737272600,43.2132724609375,-0.00015271631127689034,0.0007635815418325365,-0.001679879380390048
1779964923753592800,43.2295927734375,0.00015271631127689034,0.001527163083665073,-0.00045814894838258624
1779964923769923800,43.245923828125,0.00045814894838258624,-0.0009162978967651725,-0.0003054326225537807
1779964923786253000,43.26225317382813,0.0003054326225537807,0.00015271631127689034,-0.0010690141934901476
1779964923802583300,43.27858325195312,-0.00045814894838258624,0.001679879380390048,0.00015271631127689034
1779964923818913000,43.2949130859375,-0.0003054326225537807,0.002138028386980295,-0.0006108652451075613
1779964923835244300,43.31124438476562,-0.0006108652451075613,0.002138028386980295,-0.0013744467869400978
1779964923851573200,43.3275732421875,0.0006108652451075613,0.003512475173920393,-0.001832595793530345
1779964923867900400,43.343900390625,-0.00015271631127689034,0.004886921960860491,-0.0003054326225537807
1779964923884237300,43.3602373046875,0.0003054326225537807,0.003054326167330146,-0.0029016099870204926
1779964923900563500,43.3765634765625,0.0003054326225537807,0.0022907445672899485,-0.0032070425804704428
1779964923916895500,43.3928955078125,-0.0006108652451075613,0.001527163083665073,-0.0024434609804302454
1779964923933224000,43.40922387695313,0.0003054326225537807,0.001527163083665073,-0.0012217304902151227
1779964923949554200,43.42555419921875,0.0006108652451075613,0.002138028386980295,-0.0013744467869400978
1779964923965882400,43.44188232421875,-0.0006108652451075613,-0.00015271631127689034,-0.00045814894838258624
1779964923982231300,43.45823120117188,-0.0006108652451075613,-0.0009162978967651725,-0.001527163083665073
1779964923998554000,43.47455419921875,-0.00045814894838258624,-0.0007635815418325365,-0.001832595793530345
1779964924014886100,43.49088623046875,0.00045814894838258624,0.001679879380390048,-0.0013744467869400978
1779964924031204900,43.507204833984375,-0.0003054326225537807,-0.00045814894838258624,-0.001679879380390048
1779964924047551200,43.52355126953125,-0.0006108652451075613,0.0007635815418325365,-0.0022907445672899485
1779964924063879200,43.539879150390625,-0.00015271631127689034,0.00045814894838258624,-0.0019853119738399982
1779964924080207600,43.55620751953125,-0.0006108652451075613,0.0012217304902151227,-0.0012217304902151227
1779964924096523800,43.572523681640625,-0.00015271631127689034,0.002138028386980295,-0.002138028386980295
1779964924112868900,43.58886889648438,-0.0003054326225537807,0.003512475173920393,-0.0022907445672899485
1779964924129216300,43.60521630859375,0.0006108652451075613,0.002138028386980295,-0.003054326167330146
1779964924145529300,43.621529296875,-0.00045814894838258624,0.003359758760780096,-0.0022907445672899485
1779964924161844000,43.637843994140624,0.0006108652451075613,0.002138028386980295,-0.0006108652451075613
1779964924178192400,43.6541923828125,-0.0003054326225537807,0.003359758760780096,-0.002138028386980295
1779964924194519000,43.67051904296875,0.0003054326225537807,0.0012217304902151227,-0.0032070425804704428
1779964924210849800,43.686849853515625,-0.0003054326225537807,0.001679879380390048,-0.0025961773935705423
1779964924227164700,43.70316455078125,0.00045814894838258624,0.0012217304902151227,-0.0022907445672899485
1779964924243479600,43.7194794921875,0.00015271631127689034,-0.0006108652451075613,-0.002138028386980295
1779964924259825400,43.73582543945312,0.0006108652451075613,0.0007635815418325365,-0.0022907445672899485
1779964924276138000,43.75213793945313,-0.00045814894838258624,0.0012217304902151227,-0.0025961773935705423
1779964924292493000,43.7684931640625,0.00015271631127689034,0.0013744467869400978,-0.001679879380390048
1779964924308822800,43.78482275390625,0.0003054326225537807,0.00045814894838258624,-0.0024434609804302454
1779964924325146600,43.801146728515626,0.0003054326225537807,0.0012217304902151227,-0.0012217304902151227
1779964924341477400,43.81747729492187,-0.00015271631127689034,0.001832595793530345,-0.001832595793530345
1779964924357811500,43.8338115234375,-0.00015271631127689034,0.0022907445672899485,-0.0024434609804302454
1779964924374151200,43.85015112304688,-0.00045814894838258624,0.0022907445672899485,-0.0010690141934901476
1779964924390464500,43.86646459960937,0.0003054326225537807,0.0019853119738399982,-0.001832595793530345
1779964924406797600,43.88279760742188,-0.0007635815418325365,0.0029016099870204926,-0.001527163083665073
1779964924423140000,43.89914013671875,0.0003054326225537807,0.0022907445672899485,-0.001527163083665073
1779964924439454000,43.91545385742187,0.00045814894838258624,0.0019853119738399982,-0.0019853119738399982
1779964924455800800,43.93180078125,0.0006108652451075613,0.0029016099870204926,-0.0022907445672899485
1779964924472127700,43.94812768554687,-0.00045814894838258624,0.001679879380390048,-0.0022907445672899485
1779964924488467000,43.964467041015624,-0.00045814894838258624,0.0019853119738399982,-0.0019853119738399982
1779964924504788000,43.9807880859375,-0.00045814894838258624,0.001527163083665073,-0.0019853119738399982
1779964924521124000,43.9971240234375,-0.00045814894838258624,0.0010690141934901476,-0.0007635815418325365
1779964924537452300,44.013452392578124,0.0006108652451075613,-0.0006108652451075613,0
1779964924553783300,44.029783203125,0.0006108652451075613,0.001527163083665073,-0.0024434609804302454
1779964924570112800,44.04611279296875,-0.00015271631127689034,0.003359758760780096,-0.0012217304902151227
1779964924586440400,44.0624404296875,-0.00045814894838258624,0.003054326167330146,-0.003054326167330146
1779964924602768600,44.0787685546875,-0.00045814894838258624,0.0019853119738399982,-0.001527163083665073
1779964924619108400,44.0951083984375,0.0003054326225537807,0.001832595793530345,-0.0012217304902151227
1779964924635431000,44.111430908203126,0.0003054326225537807,0.004581489134579897,-0.00045814894838258624
1779964924651758300,44.12775830078125,0.0006108652451075613,0.0039706239476799965,-0.001527163083665073
1779964924668094200,44.14409423828125,0.00015271631127689034,0.003359758760780096,-0.0012217304902151227
1779964924684427800,44.160427734375,-0.0006108652451075613,0.003054326167330146,-0.001527163083665073
1779964924700753400,44.17675341796875,0.0006108652451075613,0.0022907445672899485,-0.002138028386980295
1779964924717082000,44.19308203125,-0.00045814894838258624,0.001832595793530345,-0.0032070425804704428
1779964924733396700,44.20939672851563,-0.00015271631127689034,0.0019853119738399982,-0.0022907445672899485
1779964924749731000,44.22573095703125,0.0003054326225537807,0,-0.0012217304902151227
1779964924766059800,44.24205981445313,-0.00045814894838258624,0.00045814894838258624,-0.0022907445672899485
1779964924782390500,44.258390625,0.00015271631127689034,-0.00045814894838258624,-0.001679879380390048
1779964924798712000,44.27471215820312,-0.00015271631127689034,-0.00045814894838258624,-0.001527163083665073
1779964924815051500,44.291051513671874,0.00015271631127689034,-0.0019853119738399982,-0.001832595793530345
1779964924831381000,44.307381103515624,-0.0006108652451075613,-0.0010690141934901476,-0.00015271631127689034
1779964924847714000,44.32371411132812,-0.0003054326225537807,0.0010690141934901476,-0.0010690141934901476
1779964924864054500,44.34005444335938,0.0006108652451075613,0.001679879380390048,-0.00045814894838258624
1779964924880369400,44.35636938476563,0.0006108652451075613,0.0019853119738399982,-0.0010690141934901476
1779964924896698000,44.372697998046874,0.0006108652451075613,0.0013744467869400978,0
1779964924913045000,44.389044921875,0.0012217304902151227,0.0019853119738399982,-0.001679879380390048
1779964924929375000,44.405375,-0.0003054326225537807,0.0025961773935705423,-0.0009162978967651725
1779964924945706500,44.42170654296875,0.00015271631127689034,0.00045814894838258624,-0.001527163083665073
1779964924962035000,44.43803491210937,-0.0003054326225537807,0.00015271631127689034,-0.0009162978967651725
1779964924978356000,44.45435595703125,0.00045814894838258624,0.0007635815418325365,-0.001527163083665073
1779964924994695700,44.47069580078125,0.0006108652451075613,0,-0.0009162978967651725
1779964925011032000,44.487031982421875,0.0003054326225537807,0,0.00045814894838258624
1779964925027355100,44.50335522460937,0,-0.00045814894838258624,-0.0003054326225537807
1779964925043663600,44.51966357421875,0.0006108652451075613,-0.0013744467869400978,-0.00045814894838258624
1779964925060019700,44.53601977539063,0.0003054326225537807,-0.00015271631127689034,-0.0007635815418325365
1779964925076326400,44.552326416015624,0.00015271631127689034,-0.0022907445672899485,0.0007635815418325365
1779964925092678400,44.568678466796875,0,-0.0025961773935705423,0.0012217304902151227
1779964925109006300,44.58500634765625,0.0006108652451075613,-0.005650503560900688,-0.0009162978967651725
1779964925125336600,44.60133666992188,-0.0003054326225537807,-0.010995574295520782,-0.001832595793530345
1779964925141648100,44.61764819335937,0,-0.009010262787342072,-0.0022907445672899485
1779964925157998600,44.63399853515625,-0.0006108652451075613,-0.011453723534941673,0.005497787147760391
1779964925174325000,44.650324951171875,-0.0007635815418325365,-0.018325956538319588,0.01114829070866108
1779964925190659600,44.66665966796875,-0.0007635815418325365,-0.029168816283345222,0.011301007121801376
1779964925206988000,44.682988037109375,-0.001527163083665073,-0.03649919852614403,0.012675453908741474
1779964925223299000,44.699299072265624,-0.002138028386980295,-0.034666601568460464,0.015271631069481373
1779964925239634000,44.71563403320312,-0.003512475173920393,-0.029932396486401558,0.010842857882380486
1779964925255963600,44.73196362304687,-0.004581489134579897,-0.017562376335263252,0.0032070425804704428
1779964925272293000,44.74829321289062,-0.003512475173920393,-0.00855211354792118,-0.005650503560900688
1779964925288625000,44.764625,-0.003054326167330146,-0.009010262787342072,-0.010842857882380486
1779964925304951800,44.78095190429688,-0.0010690141934901476,-0.006872233934700489,-0.006872233934700489
1779964925321274000,44.79727416992188,-0.0029016099870204926,-0.0019853119738399982,-0.0029016099870204926
1779964925337604900,44.81360498046875,-0.0025961773935705423,0.001527163083665073,-0.003054326167330146
1779964925353960400,44.82996044921875,-0.0029016099870204926,-0.0032070425804704428,-0.0012217304902151227
1779964925370279200,44.846279052734374,-0.0039706239476799965,-0.014355333521962166,0.0039706239476799965
1779964925386618600,44.86261865234375,-0.005345070734620094,-0.020311269909143448,0.008704829961061478
1779964925402950000,44.878949951171876,-0.0065668015740811825,-0.031001411378383636,0.01191187184303999
1779964925419264000,44.89526391601562,-0.007788531947880983,-0.0507018156349659,0.020922135561704636
1779964925435588900,44.9115888671875,-0.009010262787342072,-0.06414084881544113,0.027947084978222847
1779964925451943000,44.92794287109375,-0.00733038317412138,-0.051312681287527084,0.02382374368607998
1779964925468270000,44.94427001953125,-0.005803219974040985,-0.024129176512360573,0.021991148591041565
1779964925484597800,44.96059765625,-0.005345070734620094,0.00015271631127689034,0.02626720629632473
1779964925500929500,44.976929443359374,-0.0074830991216003895,0.001527163083665073,0.031612277030944824
1779964925517263000,44.99326318359375,-0.010995574295520782,-0.01114829070866108,0.04703662544488907
1779964925533584100,45.00958422851563,-0.012675453908741474,-0.030237829312682152,0.06169738993048668
1779964925549923300,45.02592333984375,-0.013133603148162365,-0.011759156361222267,0.07360926270484924
1779964925566249700,45.04224975585937,-0.01237002108246088,0.021991148591041565,0.09422596544027328
1779964925582580000,45.058580078125,-0.013439035043120384,0.036193765699863434,0.11148291081190109
1779964925598911500,45.074911376953125,-0.010995574295520782,0.06658431142568588,0.09315694868564606
1779964925615238100,45.09123803710938,-0.013897184282541275,0.10415252298116684,0.05803219974040985
1779964925631570700,45.10757080078125,-0.017409659922122955,0.12370020896196365,0.0656680166721344
1779964925647893000,45.12389306640625,-0.026572637259960175,0.08857546001672745,0.04138612002134323
1779964925664231400,45.1402314453125,-0.031154127791523933,0.010995574295520782,0.029016099870204926
1779964925680561400,45.1565615234375,-0.039248090237379074,-0.07391469180583954,0.02168571576476097
1779964925696891400,45.172891357421875,-0.044745877385139465,-0.16019940376281738,0.008246680721640587
1779964925713199600,45.18919970703125,-0.052839845418930054,-0.22937989234924316,-0.021991148591041565
1779964925729537300,45.20553735351562,-0.059864792972803116,-0.3065016269683838,-0.04932736977934837
1779964925745867500,45.221867431640625,-0.06536258012056351,-0.39064833521842957,-0.06276640295982361
1779964925762197800,45.23819775390625,-0.0682641938328743,-0.4934264123439789,-0.0555887371301651
1779964925778528300,45.2545283203125,-0.06963863968849182,-0.613461434841156,-0.013439035043120384
1779964925794858800,45.270858642578126,-0.07040221989154816,-0.7481572031974792,0.02519819140434265
1779964925811188500,45.2871884765625,-0.07330382615327835,-0.8458956480026245,0.04963280260562897
1779964925827526700,45.303526611328124,-0.06963863968849182,-0.9254608750343323,0.03985895588994026
1779964925843858400,45.3198583984375,-0.07422012835741043,-0.9651671051979065,0.012064588256180286
1779964925860191000,45.33619091796875,-0.06918048858642578,-1.0186177492141724,-0.01572977937757969
1779964925876506400,45.35250634765625,-0.07040221989154816,-1.08718740940094,-0.03084869496524334
1779964925892852500,45.3688525390625,-0.07925976812839508,-1.1563678979873657,-0.03130684420466423
1779964925909174300,45.38517431640625,-0.09025534242391586,-1.2139419317245483,-0.03588833287358284
1779964925925513500,45.40151342773437,-0.09560041129589081,-1.2528846263885498,-0.046731192618608475
1779964925941849600,45.417849609375,-0.10247264802455902,-1.2918273210525513,-0.0555887371301651
1779964925958166500,45.43416650390625,-0.10186178237199783,-1.324813961982727,-0.0705549344420433
1779964925974491000,45.45049096679688,-0.09957103431224823,-1.3416128158569336,-0.0884227454662323
1779964925990832400,45.46683227539062,-0.09957103431224823,-1.335504174232483,-0.11652254313230515
1779964926007164200,45.4831640625,-0.09911288321018219,-1.3335188627243042,-0.1408044397830963
1779964926023493600,45.49949365234375,-0.0959058403968811,-1.3252722024917603,-0.1437060534954071
1779964926039823600,45.51582373046875,-0.0959058403968811,-1.345583438873291,-0.12736541032791138
1779964926056144000,45.53214379882812,-0.10919216275215149,-1.3823879957199097,-0.0981965884566307
1779964926072463600,45.54846362304688,-0.14049901068210602,-1.4289665222167969,-0.06368270516395569
1779964926088818400,45.564818359375,-0.11621711403131485,-1.367727279663086,-0.05696318298578262
1779964926105136400,45.58113647460937,-0.17852537333965302,-1.3959797620773315,-0.03634648025035858
1779964926121477600,45.5974775390625,-0.1518000066280365,-1.3420709371566772,-0.010995574295520782
1779964926137792500,45.61379248046875,-0.22861631214618683,-1.4527902603149414,-0.011301007121801376
1779964926154134800,45.630134765625,-0.19593502581119537,-1.4129313230514526,-0.028099801391363144
1779964926170459000,45.646458984375,-0.3484986126422882,-1.5341880321502686,-0.05650503560900688
1779964926186800400,45.66280029296875,-0.38117989897727966,-1.6293302774429321,-0.09025534242391586
1779964926203125200,45.67912524414062,-0.4801400899887085,-2.020895004272461,-0.1540907621383667
1779964926219438300,45.69543823242188,-0.6592763066291809,-2.4631614685058594,-0.20525072515010834
1779964926235771600,45.71177172851562,-0.6557638645172119,-2.7568347454071045,-0.23426681756973267
1779964926252098600,45.7280986328125,-0.6085745096206665,-2.894432306289673,-0.20555615425109863
1779964926268431400,45.74443139648437,-0.5418374538421631,-3.260340452194214,-0.21349740028381348
1779964926284766500,45.76076635742187,-0.5212207436561584,-3.612046241760254,-0.22861631214618683
1779964926301092400,45.77709228515625,-0.5287038683891296,-3.852879762649536,-0.2330450862646103
1779964926317427500,45.79342749023437,-0.5488623976707458,-4.0885210037231445,-0.19303341209888458
1779964926333762300,45.80976220703125,-0.5577199459075928,-4.243528366088867,-0.17989981174468994
1779964926350100500,45.8261005859375,-0.5458080768585205,-4.409683704376221,-0.16798794269561768
1779964926366426000,45.84242602539062,-0.4973970353603363,-4.711756229400635,-0.168751522898674
1779964926382758100,45.858758056640625,-0.4366159439086914,-5.013370990753174,-0.18188512325286865
1779964926399075300,45.87507543945313,-0.5720753073692322,-5.218010902404785,-0.16264286637306213
1779964926415416600,45.89141650390625,-0.6550002694129944,-5.1352386474609375,-0.16523905098438263
1779964926431746800,45.90774682617187,-0.31902438402175903,-4.604855060577393,-0.04398229718208313
1779964926448086300,45.924086181640625,-0.09086620807647705,-3.765373468399048,0.09972374886274338
1779964926472578600,45.94857861328125,-0.8462010622024536,-5.956699848175049,-0.5755877494812012
1779964926488881200,45.96488110351562,-0.3228422701358795,-5.0904927253723145,-0.10430523753166199
1779964926505235200,45.981235107421874,0.1563815027475357,-3.226895570755005,0.48517972230911255
1779964926521563100,45.997563232421875,-0.023976460099220276,-2.1453588008880615,0.8176431059837341
1779964926537864000,46.01386401367188,-0.42470407485961914,-2.4433083534240723,0.33108896017074585
1779964926554229200,46.03022924804687,-0.4050036668777466,-1.5086843967437744,0.6366742849349976
1779964926570548000,46.0465478515625,-0.44089198112487793,-0.8917105197906494,0.8686503767967224
1779964926586883000,46.06288305664062,-0.5293147563934326,-0.5148066878318787,0.9019425511360168
1779964926603214800,46.07921484375,-0.5682573914527893,0.00045814894838258624,1.0126618146896362
1779964926619545600,46.09554565429688,-0.4447098970413208,0.2122756689786911,1.0491610765457153
1779964926635881500,46.11188159179687,-0.39477166533470154,0.5117523670196533,1.1997393369674683
1779964926652200000,46.12819995117187,-0.4034765064716339,0.6278167366981506,1.320385217666626
1779964926668533800,46.14453369140625,-0.5555819272994995,-0.03940080851316452,0.9929614663124084
1779964926684868000,46.1608681640625,-0.5957463383674622,-0.44806966185569763,0.8086328506469727
1779964926701191200,46.177191162109374,-0.4616613984107971,-0.4024074673652649,0.7767151594161987
1779964926717512200,46.19351220703125,-0.30741792917251587,-0.3376557528972626,0.6916521787643433
1779964926733840400,46.20984033203125,-0.2194533348083496,-0.35750889778137207,0.47907108068466187
1779964926750170400,46.22617041015625,-0.12247848510742188,-0.3000875413417816,0.2955060601234436
1779964926766502000,46.242501953125,-0.032681290060281754,-0.22388210892677307,0.10674870014190674
1779964926782831400,46.25883129882813,0.20876319706439972,-0.03527746722102165,0.11316278576850891
1779964926799161300,46.27516137695312,0.33689218759536743,-0.09483683109283447,-0.025045474991202354
1779964926815508700,46.2915087890625,0.36880987882614136,-0.21441370248794556,-0.19517144560813904
1779964926831833300,46.30783325195313,0.23365595936775208,-0.3139847218990326,-0.2496911734342575
1779964926848173000,46.324173095703124,0.14935655891895294,-0.28206703066825867,-0.31581732630729675
1779964926864490200,46.340490234375,0.347276896238327,0.07819075137376785,-0.3191770911216736
1779964926880825600,46.35682568359375,0.8093964457511902,0.47769662737846375,-0.28649580478668213
1779964926897154600,46.37315454101562,1.202946424484253,1.0412198305130005,-0.365755558013916
1779964926913469400,46.38946948242187,0.8046622276306152,1.5205962657928467,-0.30054569244384766
1779964926929812000,46.40581201171875,0.5624541640281677,1.3643674850463867,-0.04092797264456749
1779964926946149400,46.4221494140625,0.36392298340797424,0.7186829447746277,0.03405573591589928
1779964926962476000,46.43847607421875,0.35353827476501465,0.6380487680435181,0.06414084881544113
1779964926978806800,46.454806884765624,0.42378777265548706,0.6259841322898865,0.09972374886274338
1779964926995136500,46.471136474609374,0.3550654351711273,0.4763221740722656,0.18066339194774628
1779964927011465000,46.48746484375,0.06154467165470123,0.6018549799919128,0.3381139039993286
1779964927027790800,46.503790771484375,-0.10506882518529892,0.45723262429237366,0.3956879675388336
1779964927044133000,46.520133056640624,-0.31230485439300537,0.14477506279945374,0.2617557644844055
1779964927060457000,46.53645703125,-0.47540587186813354,-0.5256495475769043,0.19914206862449646
1779964927076787500,46.552787353515626,-1.102611780166626,-1.1383473873138428,-0.0708603709936142
1779964927093091600,46.56909155273438,-1.3698652982711792,-2.6421449184417725,-0.21410827338695526
1779964927109446400,46.5854462890625,-0.7765624523162842,-2.481487274169922,0.005345070734620094
1779964927125779000,46.60177905273437,-0.15393804013729095,-1.5790866613388062,0.25305092334747314
1779964927142108200,46.61810815429688,-0.11423180252313614,-0.22647829353809357,-0.10125091671943665
1779964927158436000,46.63443603515625,-0.18524488806724548,1.7661641836166382,-0.41004329919815063
1779964927174762500,46.65076245117187,-0.2541199326515198,2.1755964756011963,-0.10323622822761536
1779964927191104000,46.66710400390625,0.05604688450694084,1.7744108438491821,0.024129176512360573
1779964927207412200,46.683412109375,0.0377209298312664,1.64414381980896,-0.11881329119205475
1779964927223745000,46.6997451171875,-0.035582900047302246,1.354135513305664,-0.0328340083360672
1779964927240076500,46.71607666015625,-0.02122756652534008,0.8683449625968933,-0.010079276748001575
1779964927256403500,46.73240356445312,0.07223481684923172,0.4761694669723511,0.01725694350898266
1779964927272735500,46.748735595703124,0.25106561183929443,0.623235285282135,-0.11927144229412079
1779964927289065000,46.76506494140625,0.5100724697113037,0.6430884003639221,-0.3269656300544739
1779964927305412900,46.78141284179687,0.6618725061416626,0.9506590366363525,-0.503963828086853
1779964927321749200,46.797749267578126,0.5755877494812012,0.5071708559989929,-0.29733866453170776
1779964927338070500,46.81407055664062,0.546571671962738,-0.16462817788124084,-0.1365283876657486
1779964927354395100,46.83039501953125,0.5525276064872742,-0.09728029370307922,-0.17272214591503143
1779964927370740200,46.846740234375,0.5238169431686401,0.16951510310173035,-0.1414152979850769
1779964927387053300,46.86305322265625,0.5302310585975647,0.06948592513799667,-0.021074850112199783
1779964927403386400,46.879386474609376,0.5099197626113892,-0.25763240456581116,-0.014202617108821869
1779964927419720700,46.895720703125,0.5803219676017761,-0.46547931432724,-0.05054909735918045
1779964927436045000,46.91204516601562,0.6776022911071777,-0.4938845634460449,-0.12828169763088226
1779964927452377000,46.928377197265625,0.5943718552589417,-0.19364428520202637,-0.17073683440685272
1779964927468701200,46.944701171875,0.3805690407752991,-0.3084869384765625,-0.16462817788124084
1779964927485035800,46.96103588867187,-0.07895433157682419,-0.15271630883216858,-0.09987647086381912
1779964927501359000,46.97735913085938,-0.37568211555480957,0.1647808998823166,0.016340645030140877
1779964927517702700,46.99370263671875,-0.702800452709198,-0.47219884395599365,0.25366178154945374
1779964927534013000,47.01001293945313,-0.8726209998130798,-0.5523748993873596,0.23396138846874237
1779964927550360800,47.02636083984375,-0.8242099285125732,-0.21441370248794556,0.8959866166114807
1779964927566680800,47.042680908203124,-1.089020013809204,-0.3355177342891693,1.8484781980514526
1779964927583021000,47.05902099609375,-1.25761878490448,-0.5354233980178833,1.8884899616241455
1779964927599368000,47.075367919921874,0.23273965716362,-5.004360675811768,3.922060251235962
1779964927615681500,47.091681640625,0.39553526043891907,-2.4332289695739746,3.0392072200775146
1779964927632003800,47.10800390625,-0.3364340364933014,0.926224410533905,2.8229610919952393
1779964927648347100,47.12434716796875,-0.14492778480052948,2.7032313346862793,2.580142021179199
1779964927664672500,47.14067260742188,0.542142927646637,2.4419338703155518,2.6532931327819824
1779964927681002200,47.157002197265626,0.39187005162239075,1.098183035850525,2.9211575984954834
1779964927697315300,47.1733154296875,0.29504790902137756,1.7701348066329956,3.6048684120178223
1779964927713648000,47.189648193359375,0.1313360333442688,2.1946861743927,3.137251138687134
1779964927729979400,47.2059794921875,-0.25931230187416077,2.177887201309204,1.6278032064437866
1779964927746308900,47.22230883789062,-2.4300220012664795,4.472602844238281,-1.7910568714141846
1779964927762639000,47.23863916015625,-3.195894241333008,4.992448806762695,-2.59877347946167
1779964927778967600,47.25496752929688,-2.752558708190918,2.7789788246154785,-1.1887437105178833
1779964927795315200,47.271315185546875,-2.344348192214966,3.1189253330230713,0.7289149761199951
1779964927811644400,47.28764453125,-2.602285861968994,4.831333160400391,1.0005972385406494
1779964927827969300,47.30396923828125,-3.1644346714019775,5.31422233581543,0.6311765313148499
1779964927844290000,47.3202900390625,-3.87196946144104,4.384485244750977,0.0988074541091919
1779964927860618000,47.33661791992188,-4.712214469909668,3.3348660469055176,-0.5296201705932617
1779964927876953000,47.352953125,-5.332548141479492,2.4781274795532227,-0.8594874143600464
1779964927893294000,47.36929418945312,-5.7606120109558105,1.8167132139205933,-0.6627888083457947
1779964927917785300,47.39378540039063,-4.585612773895264,1.4133894443511963,-0.06261368840932846
1779964927934121700,47.410121826171874,-3.1308372020721436,2.3179280757904053,0.30344730615615845
1779964927950449200,47.42644921875,-2.166738986968994,3.210555076599121,0.42378777265548706
1779964927966779600,47.442779541015625,-1.6067283153533936,2.786614418029785,-0.07177666574716568
1779964927983105300,47.459105224609374,-0.6902777552604675,2.944981336593628,-0.9529497623443604
1779964927999427600,47.475427490234374,0.3390302062034607,3.573409080505371,-1.9431623220443726
1779964928015771000,47.49177099609375,1.0071641206741333,3.4342844486236572,-2.577240467071533
1779964928032060400,47.50806030273438,1.4938709735870361,2.297158718109131,-2.6229026317596436
1779964928048437000,47.52443701171875,1.5667166709899902,1.0807733535766602,-2.057241439819336
1779964928064743400,47.54074340820313,0.9103419184684753,-0.03756821155548096,-1.377806544303894
1779964928081086700,47.55708666992187,-0.13271047174930573,-0.5215262174606323,-1.0771081447601318
1779964928097422000,47.57342211914062,-1.0265589952468872,-0.19028452038764954,-1.0222829580307007
1779964928113753900,47.58975390625,-1.2079859972000122,0.7388415336608887,-0.9738719463348389
1779964928130081000,47.6060810546875,-1.0320568084716797,1.3058772087097168,-0.8159632682800293
1779964928146411500,47.62241162109375,-0.7855727076530457,1.7336355447769165,-0.5352706909179688
1779964928162740000,47.63873999023438,-0.5629123449325562,2.8261680603027344,-0.1537853181362152
1779964928179068700,47.65506860351562,-0.22388210892677307,4.1583123207092285,0.30741792917251587
1779964928195387400,47.671387451171874,0.31902438402175903,5.072930335998535,0.811687171459198
1779964928211719000,47.687718994140624,0.7469354867935181,5.489998817443848,1.0990992784500122
1779964928228045800,47.7040458984375,0.9692904353141785,4.963432788848877,1.4033101797103882
1779964928244378400,47.72037841796875,0.945772111415863,3.3594534397125244,1.7084373235702515
1779964928260705000,47.736705078125,0.7266241908073425,1.6528486013412476,2.0091357231140137
1779964928277042400,47.75304248046875,0.3425426781177521,0.8263479471206665,2.1836905479431152
1779964928293379300,47.76937939453125,0.11102475970983505,1.0346530675888062,1.9240728616714478
1779964928309700000,47.7857001953125,0.4317290186882019,1.2055425643920898,1.3434454202651978
1779964928326008600,47.802008544921875,0.9384417533874512,0.8695666790008545,1.2075278759002686
1779964928342373000,47.818373046875,0.9341656565666199,0.3530801236629486,0.9008735418319702
1779964928358700500,47.83470043945312,0.5398521423339844,0.47907108068466187,0.8239045143127441
1779964928375017500,47.851017578125,0.1563815027475357,0.6863071322441101,1.1059715747833252
1779964928391363000,47.86736303710938,-0.06536258012056351,0.498924195766449,1.4272866249084473
1779964928407694000,47.883694091796876,-0.29107728600502014,0.33826664090156555,1.514182209968567
1779964928424021800,47.900021728515625,-0.6525567770004272,0.5216789245605469,1.2185235023498535
1779964928440353500,47.916353515625,-0.8323038816452026,0.7860308289527893,0.9062185883522034
1779964928456684000,47.93268408203125,-0.5826127529144287,0.7214318513870239,0.7953465580940247
1779964928473017600,47.949017578125,-0.34544429183006287,0.5015203952789307,0.8452847599983215
1779964928489338400,47.96533837890625,-0.1950187236070633,0.3197879493236542,0.9221010804176331
1779964928505674500,47.98167456054688,-0.05268712714314461,0.35521814227104187,0.8542950749397278
1779964928522004000,47.99800390625,0.03680463135242462,0.6333145499229431,0.6876815557479858
1779964928538331600,48.01433154296875,0.07742717117071152,0.6934847831726074,0.585667073726654
1779964928554666800,48.030666748046876,0.07162395119667053,0.5048801302909851,0.521984338760376
1779964928570991600,48.04699169921875,0.03039054572582245,0.5283984541893005,0.42439863085746765
1779964928587327700,48.06332763671875,0.010079276748001575,0.513737678527832,0.37827831506729126
1779964928603651300,48.0796513671875,-0.011301007121801376,0.3926336467266083,0.4060726761817932
1779964928619972600,48.09597265625,0.0529925599694252,0.36010506749153137,0.502436637878418
1779964928636298200,48.11229833984375,0.18341228365898132,0.3804163336753845,0.5528330206871033
1779964928652647000,48.12864697265625,0.1817324161529541,0.3825543522834778,0.5196936130523682
1779964928668973000,48.14497314453125,0.058948494493961334,0.41828998923301697,0.4521929919719696
1779964928685282800,48.16128271484375,-0.0328340083360672,0.4651738703250885,0.44196099042892456
1779964928701621500,48.17762158203125,-0.07696902006864548,0.3572034537792206,0.42348232865333557
1779964928717952000,48.193951904296874,-0.07727445662021637,0.26832255721092224,0.5007568001747131
1779964928734282500,48.21028247070313,-0.05772676691412926,0.12950342893600464,0.5203045010566711
1779964928750612700,48.22661279296875,-0.02871066704392433,0.1963931769132614,0.3995058834552765
1779964928766942700,48.24294262695312,-0.08414668589830399,0.24648413062095642,0.22403483092784882
1779964928783289600,48.25928955078125,-0.28848111629486084,0.2750420868396759,0.08567385375499725
