time,seconds_elapsed,qz,qy,qx,qw,roll,pitch,yaw
1779989358706757600,0.183757568359375,0.15897098183631897,0.016824016347527504,0.16774171590805054,0.9727835655212402,-0.021837884560227394,-0.33810698986053467,-0.3277010917663574
1779989358723089000,0.2000888671875,0.15296579897403717,0.01515665091574192,0.15830710530281067,0.9753515720367432,-0.019867468625307083,-0.31882086396217346,-0.31432288885116577
1779989358739422200,0.216422119140625,0.147492453455925,0.015022612176835537,0.14453618228435516,0.9783300757408142,-0.013824865221977234,-0.2913437783718109,-0.3012934625148773
1779989358755755800,0.232755859375,0.14659729599952698,0.010808497667312622,0.13014832139015198,0.9805375337600708,-0.01755974441766739,-0.26136520504951477,-0.2991236448287964
1779989358772087000,0.249087158203125,0.159104123711586,-0.0018160304753109813,0.1192738488316536,0.9800287485122681,-0.04270350933074951,-0.23537300527095795,-0.32693418860435486
1779989358788421400,0.26542138671875,0.18174323439598083,-0.021254008635878563,0.1147480458021164,0.9763966798782349,-0.08533632755279541,-0.2180781215429306,-0.37740883231163025
1779989358804752000,0.281751953125,0.20092903077602386,-0.04489978030323982,0.11715368926525116,0.971538245677948,-0.13780996203422546,-0.21116097271442413,-0.42250749468803406
1779989358821086500,0.29808642578125,0.21640823781490326,-0.06939150393009186,0.12741924822330475,0.9654618501663208,-0.19494427740573883,-0.21771901845932007,-0.46238309144973755
1779989358837417700,0.314417724609375,0.23180921375751495,-0.09692846983671188,0.14407362043857574,0.9571374654769897,-0.2623476982116699,-0.23296014964580536,-0.5061016082763672
1779989358853752600,0.330752685546875,0.24995611608028412,-0.12870930135250092,0.16089347004890442,0.9460809230804443,-0.3402610719203949,-0.24246177077293396,-0.5584511160850525
1779989358870084600,0.347084716796875,0.27177971601486206,-0.16347599029541016,0.17635761201381683,0.9318312406539917,-0.4252667725086212,-0.24217234551906586,-0.6201087832450867
1779989358886414300,0.363414306640625,0.2984916567802429,-0.20632325112819672,0.1931384652853012,0.9116091132164001,-0.5292485356330872,-0.2310112565755844,-0.6957218050956726
1779989358902753300,0.379753173828125,0.3294289708137512,-0.2564148008823395,0.21420329809188843,0.8830884099006653,-0.6528695821762085,-0.21094083786010742,-0.785754382610321
1779989358919082800,0.396082763671875,0.3655606806278229,-0.30853578448295593,0.24012476205825806,0.8446958661079407,-0.7872000932693481,-0.18107560276985168,-0.8922357559204102
1779989358935416800,0.412416748046875,0.40669187903404236,-0.36091315746307373,0.26865479350090027,0.7950899600982666,-0.9266451001167297,-0.1340496838092804,-1.0126628875732422
1779989358951748400,0.428748291015625,0.448976993560791,-0.41043388843536377,0.2944408059120178,0.7370673418045044,-1.057844877243042,-0.065541572868824,-1.1325416564941406
1779989358968069400,0.4450693359375,0.4924848675727844,-0.45295464992523193,0.3097436726093292,0.6755366325378418,-1.1615324020385742,0.02766374871134758,-1.2417309284210205
1779989358984415700,0.461415771484375,0.5370506048202515,-0.48464614152908325,0.30593934655189514,0.6189473867416382,-1.216914176940918,0.1423182189464569,-1.3301138877868652
1779989359000731400,0.4777314453125,0.5757846832275391,-0.5052191615104675,0.2884801924228668,0.5744604468345642,-1.2305787801742554,0.2530458867549896,-1.3937623500823975
1779989359017082600,0.49408251953125,0.6058788895606995,-0.516133725643158,0.27257952094078064,0.5405712127685547,-1.2264176607131958,0.33707883954048157,-1.4462623596191406
1779989359033413000,0.5104130859375,0.6314403414726257,-0.5195095539093018,0.26457685232162476,0.5112651586532593,-1.2163749933242798,0.39579376578330994,-1.5029377937316895
1779989359049747200,0.526747314453125,0.6555548310279846,-0.5204513669013977,0.2695969045162201,0.47612592577934265,-1.2177231311798096,0.4396741986274719,-1.5761774778366089
1779989359066077200,0.5430771484375,0.6809676289558411,-0.51609206199646,0.2832743525505066,0.4355315566062927,-1.2188090085983276,0.47364625334739685,-1.6697570085525513
1779989359082412000,0.559412109375,0.7038784623146057,-0.5069925785064697,0.30149710178375244,0.39574378728866577,-1.2179062366485596,0.4950675666332245,-1.7683321237564087
1779989359098744800,0.575744873046875,0.7145842909812927,-0.49731457233428955,0.331122487783432,0.36387568712234497,-1.2407832145690918,0.48903194069862366,-1.8467700481414795
1779989359115076900,0.592076904296875,0.7190356254577637,-0.48959219455718994,0.3585847318172455,0.3386802673339844,-1.2693620920181274,0.4793216288089752,-1.9051650762557983
1779989359131410700,0.60841064453125,0.7222196459770203,-0.48344287276268005,0.37684112787246704,0.32042571902275085,-1.2876242399215698,0.4743998944759369,-1.9474843740463257
1779989359147744000,0.624743896484375,0.7248688340187073,-0.4782910645008087,0.38734135031700134,0.30946648120880127,-1.2953152656555176,0.47086602449417114,-1.9755477905273438
1779989359164074500,0.641074462890625,0.7266989946365356,-0.47485002875328064,0.393007755279541,0.30326732993125916,-1.2982776165008545,0.4687519967556,-1.99241304397583
1779989359180411100,0.6574111328125,0.7299910187721252,-0.4707135558128357,0.3940214216709137,0.30048131942749023,-1.2912395000457764,0.4672594368457794,-2.005847692489624
1779989359196739300,0.6737392578125,0.7346346974372864,-0.46474170684814453,0.39290034770965576,0.2999274730682373,-1.2766915559768677,0.46357375383377075,-2.019627094268799
1779989359213075200,0.6900751953125,0.739588737487793,-0.4579254984855652,0.3920905590057373,0.2992953062057495,-1.261271357536316,0.45855334401130676,-2.034991979598999
1779989359229396700,0.706396728515625,0.7455317974090576,-0.4493909478187561,0.3897937834262848,0.3004845082759857,-1.2401304244995117,0.4509452283382416,-2.050666093826294
1779989359245738000,0.722738037109375,0.7511181235313416,-0.44006410241127014,0.387717068195343,0.30305230617523193,-1.2186492681503296,0.44015881419181824,-2.064857244491577
1779989359262078500,0.739078369140625,0.758443295955658,-0.43029600381851196,0.37912192940711975,0.30963796377182007,-1.184565544128418,0.4311646819114685,-2.0737979412078857
1779989359278390300,0.755390380859375,0.7615351676940918,-0.42480701208114624,0.3740069568157196,0.31578823924064636,-1.1657031774520874,0.4233280420303345,-2.0739593505859375
1779989359294738700,0.77173876953125,0.7690911889076233,-0.41817906498908997,0.3600200414657593,0.32250702381134033,-1.1274892091751099,0.4235701560974121,-2.077274799346924
1779989359311071000,0.788071044921875,0.7723941802978516,-0.4191441833972931,0.34272101521492004,0.3320661187171936,-1.0974693298339844,0.43330979347229004,-2.0620076656341553
1779989359327405800,0.80440576171875,0.7751219272613525,-0.419048547744751,0.3279699683189392,0.34061741828918457,-1.0708386898040771,0.440291166305542,-2.0495731830596924
1779989359343737300,0.8207373046875,0.7848976254463196,-0.41312021017074585,0.3006204664707184,0.35056352615356445,-1.0103658437728882,0.45308464765548706,-2.0478992462158203
1779989359360069000,0.837069091796875,0.7874300479888916,-0.4142819046974182,0.2785428464412689,0.36157745122909546,-0.9740322232246399,0.4678926169872284,-2.029585838317871
1779989359376414700,0.853414794921875,0.7944215536117554,-0.405842661857605,0.2518250346183777,0.37519362568855286,-0.913574755191803,0.4733315408229828,-2.0231683254241943
1779989359392735700,0.86973583984375,0.8026028275489807,-0.39465442299842834,0.22747811675071716,0.3851369023323059,-0.8523857593536377,0.47606030106544495,-2.0273473262786865
1779989359409068500,0.886068603515625,0.8045544624328613,-0.3944995403289795,0.21681860089302063,0.38736554980278015,-0.8332278728485107,0.4856877028942108,-2.0257911682128906
1779989359425398500,0.9023984375,0.8082156181335449,-0.40022012591362,0.1942005157470703,0.38587257266044617,-0.8005231022834778,0.5202015042304993,-2.0264670848846436
1779989359441736200,0.918736083984375,0.809777021408081,-0.41087743639945984,0.1705288589000702,0.38257139921188354,-0.7739832401275635,0.5644596219062805,-2.02361798286438
1779989359458067500,0.9350673828125,0.8075571060180664,-0.42423367500305176,0.15236136317253113,0.3803466558456421,-0.764039933681488,0.6056365966796875,-2.011526346206665
1779989359474400800,0.95140087890625,0.8038191795349121,-0.44233235716819763,0.14493797719478607,0.3704184889793396,-0.7801061272621155,0.648178219795227,-2.003477096557617
1779989359490733300,0.9677333984375,0.7973362803459167,-0.4671536982059479,0.15807749330997467,0.34789931774139404,-0.8436157703399658,0.6879659295082092,-1.9999679327011108
1779989359507068400,0.984068359375,0.7917223572731018,-0.48556095361709595,0.17175647616386414,0.3284904360771179,-0.8994864821434021,0.7155308723449707,-1.9979091882705688
1779989359523396000,1.00039599609375,0.7804092764854431,-0.5094833374023438,0.19490641355514526,0.3056134581565857,-0.9890488386154175,0.7424280643463135,-1.9813103675842285
1779989359539731700,1.016731689453125,0.7679885029792786,-0.5347699522972107,0.21244290471076965,0.2812165915966034,-1.0767067670822144,0.7780746817588806,-1.959402084350586
1779989359556065800,1.033065673828125,0.7568565607070923,-0.5590324997901917,0.2221400886774063,0.25554755330085754,-1.152787446975708,0.8222517371177673,-1.9380404949188232
1779989359572396500,1.049396484375,0.7469393014907837,-0.5758048892021179,0.2323908805847168,0.23774977028369904,-1.2176469564437866,0.8475796580314636,-1.9158432483673096
1779989359588712700,1.065712646484375,0.7410061359405518,-0.5877557396888733,0.2371356189250946,0.22185540199279785,-1.2600480318069458,0.8723490238189697,-1.9045426845550537
1779989359605066200,1.082066162109375,0.7410264611244202,-0.5971494913101196,0.23569627106189728,0.19682373106479645,-1.2787034511566162,0.914448082447052,-1.9209707975387573
1779989359621391000,1.09839111328125,0.7442668080329895,-0.6030061841011047,0.2339935302734375,0.1664256453514099,-1.2817550897598267,0.9609044790267944,-1.9600569009780884
1779989359637729500,1.1147294921875,0.7474530935287476,-0.6069174408912659,0.23402775824069977,0.13489297032356262,-1.2798964977264404,1.0049724578857422,-2.0078279972076416
1779989359654062600,1.1310625,0.7480954527854919,-0.6136091351509094,0.23302386701107025,0.09765738993883133,-1.2836161851882935,1.0604254007339478,-2.0561447143554688
1779989359670395100,1.14739501953125,0.7532308101654053,-0.6163869500160217,0.22131790220737457,0.06106451153755188,-1.2360169887542725,1.1233015060424805,-2.138528347015381
1779989359686726000,1.163725830078125,0.762001633644104,-0.6140840649604797,0.20177608728408813,0.039252739399671555,-1.1379307508468628,1.168145775794983,-2.2387843132019043
1779989359703059700,1.180059814453125,0.7623034715652466,-0.6166888475418091,0.19488383829593658,0.024669980630278587,-1.1079894304275513,1.196028232574463,-2.2792282104492188
1779989359719391700,1.196391845703125,0.7602062225341797,-0.6204244494438171,0.1921161413192749,0.015858599916100502,-1.1060131788253784,1.2145360708236694,-2.2895355224609375
1779989359735721000,1.212720947265625,0.7600611448287964,-0.6220694184303284,0.18770796060562134,0.010123067535459995,-1.0895209312438965,1.2280083894729614,-2.3076443672180176
1779989359752060400,1.229060302734375,0.7584884762763977,-0.627277135848999,0.1764725297689438,0.008729653432965279,-1.074865698814392,1.2484157085418701,-2.307649612426758
1779989359768391700,1.2453916015625,0.7552420496940613,-0.6349251866340637,0.16246531903743744,0.009196549654006958,-1.0692791938781738,1.2732412815093994,-2.291931390762329
1779989359784718600,1.261718505859375,0.7547293305397034,-0.6379086971282959,0.15313656628131866,0.0023242279421538115,-1.0342419147491455,1.2949130535125732,-2.3230957984924316
1779989359801059300,1.278059326171875,-0.7566928267478943,0.635195255279541,-0.1540302336215973,0.014753340743482113,-0.9741449356079102,1.3086665868759155,-2.4087941646575928
1779989359817387000,1.294386962890625,-0.7636364698410034,0.6250327825546265,-0.15839609503746033,0.03322754055261612,-0.8716325163841248,1.3059086799621582,-2.544210195541382
1779989359833725400,1.310725341796875,-0.7747623324394226,0.609539806842804,-0.16075699031352997,0.0485980324447155,-0.7464778423309326,1.2874380350112915,-2.695310354232788
1779989359850054400,1.327054443359375,-0.7903915047645569,0.5898765921592712,-0.1564817726612091,0.05329524353146553,-0.6260940432548523,1.2505134344100952,-2.8171558380126953
1779989359866397200,1.343397216796875,-0.8008572459220886,0.5736376047134399,-0.1610058695077896,0.06037142500281334,-0.5766192078590393,1.2175192832946777,-2.884352445602417
1779989359882720800,1.359720703125,-0.8007873892784119,0.5685415863990784,-0.1732601374387741,0.07403481006622314,-0.5824389457702637,1.2117046117782593,-2.9164938926696777
1779989359899046000,1.3760458984375,-0.7960240840911865,0.5707117915153503,-0.18034596741199493,0.09005046635866165,-0.5764777064323425,1.2258132696151733,-2.9557526111602783
1779989359915387100,1.39238720703125,-0.7922487854957581,0.5710569024085999,-0.1863017976284027,0.10736637562513351,-0.5549435615539551,1.2371159791946411,-3.0109829902648926
1779989359931707400,1.408707275390625,-0.784348726272583,0.5744665861129761,-0.19005969166755676,0.13661137223243713,-0.4852900803089142,1.263295292854309,-3.1281654834747314
1779989359948059100,1.42505908203125,-0.7754433751106262,0.5795365571975708,-0.1803942322731018,0.17402012646198273,-0.28835782408714294,1.2927006483078003,2.9182848930358887
1779989359964387300,1.44138720703125,-0.7691345810890198,0.5791906118392944,-0.18028543889522552,0.20116549730300903,-0.16621476411819458,1.299728274345398,2.7564024925231934
1779989359980718800,1.45771875,-0.7650713324546814,0.5748516917228699,-0.19419829547405243,0.2156350463628769,-0.18460607528686523,1.2992490530014038,2.732544183731079
1779989359997052000,1.474052001953125,-0.7614505290985107,0.5695132613182068,-0.21496890485286713,0.2227918952703476,-0.27702444791793823,1.2982887029647827,2.783097505569458
1779989360013383000,1.4903828125,-0.7579666376113892,0.5647755861282349,-0.23533393442630768,0.22612641751766205,-0.3832888603210449,1.296413540840149,2.8535523414611816
1779989360029720000,1.506719970703125,-0.757611095905304,0.56643146276474,-0.24013559520244598,0.2179810255765915,-0.4484744369983673,1.2977709770202637,2.923856019973755
1779989360046057200,1.52305712890625,-0.7654261589050293,0.5737619996070862,-0.21792185306549072,0.19346851110458374,-0.42494234442710876,1.2966879606246948,2.9704477787017822
1779989360062381000,1.539381103515625,-0.7749068140983582,0.5779480338096619,-0.1914823353290558,0.16979411244392395,-0.370631605386734,1.2896459102630615,2.9903085231781006
1779989360078715600,1.555715576171875,-0.7805889844894409,0.5724959373474121,-0.18851709365844727,0.16550084948539734,-0.36605915427207947,1.2736215591430664,2.995849132537842
1779989360095056000,1.572055908203125,-0.780733048915863,0.5640716552734375,-0.2037305384874344,0.1754222810268402,-0.4047265946865082,1.260543942451477,2.9967076778411865
1779989360111379500,1.58837939453125,-0.7811798453330994,0.5603066682815552,-0.2107202708721161,0.1772328019142151,-0.4319840669631958,1.2535358667373657,3.010544776916504
1779989360127712300,1.604712158203125,-0.781605064868927,0.5649089813232422,-0.20374760031700134,0.1686955988407135,-0.4302186965942383,1.2590978145599365,3.032108783721924
1779989360144056300,1.621056396484375,-0.7804286479949951,0.5728139877319336,-0.19428057968616486,0.15833643078804016,-0.42633360624313354,1.2717037200927734,3.0581188201904297
1779989360160376000,1.6373759765625,-0.7793353796005249,0.5791828632354736,-0.1867518275976181,0.1493566781282425,-0.4272417724132538,1.281835913658142,3.083758592605591
1779989360176712200,1.653712158203125,-0.778718888759613,0.583017110824585,-0.18206539750099182,0.14331857860088348,-0.43001142144203186,1.2877159118652344,3.102504014968872
1779989360193051400,1.670051513671875,-0.7783557772636414,0.585867166519165,-0.17840079963207245,0.13818514347076416,-0.43398937582969666,1.2917945384979248,3.119527816772461
1779989360209361000,1.68636083984375,-0.7781047821044922,0.5883998870849609,-0.17517097294330597,0.13286782801151276,-0.44112008810043335,1.2950518131256104,3.1392822265625
1779989360225712600,1.702712646484375,-0.7781668901443481,0.5904772281646729,-0.1720329076051712,0.1272699534893036,-0.4494173526763916,1.2970649003982544,-3.122767925262451
1779989360242046700,1.719046630859375,-0.7781481146812439,0.5928164720535278,-0.16842439770698547,0.12119168043136597,-0.4577319920063019,1.29948890209198,-3.100238800048828
1779989360258377200,1.735377197265625,-0.7773070335388184,0.5963326096534729,-0.16422218084335327,0.11494505405426025,-0.4663441777229309,1.3047581911087036,-3.0762507915496826
1779989360274714400,1.75171435546875,-0.7755860090255737,0.601014256477356,-0.15931908786296844,0.1089298278093338,-0.47345882654190063,1.3131238222122192,-3.053037166595459
1779989360291046100,1.768046142578125,-0.7732380628585815,0.6063193082809448,-0.15397660434246063,0.10378310084342957,-0.47681689262390137,1.3236671686172485,-3.034200668334961
1779989360307374000,1.7843740234375,-0.7704761028289795,0.6119533181190491,-0.14810824394226074,0.09971852600574493,-0.4736550748348236,1.335859775543213,-3.022707462310791
1779989360323708000,1.8007080078125,-0.7680456042289734,0.6172879338264465,-0.14111045002937317,0.0956525206565857,-0.4621310234069824,1.3476487398147583,-3.0180044174194336
1779989360340040200,1.817040283203125,-0.7665518522262573,0.6214396953582764,-0.1335626095533371,0.09149855375289917,-0.44288963079452515,1.356720209121704,-3.020202398300171
1779989360356379000,1.83337890625,-0.7664862871170044,0.6231105327606201,-0.12751469016075134,0.0892861858010292,-0.41533902287483215,1.360561490058899,-3.035792350769043
1779989360372706800,1.849706787109375,-0.7673438191413879,0.6228730082511902,-0.12310977280139923,0.08975919336080551,-0.37881144881248474,1.3607245683670044,-3.066659688949585
1779989360389042000,1.8660419921875,-0.7687044143676758,0.6220642328262329,-0.11794804781675339,0.09065201878547668,-0.3329157829284668,1.3594601154327393,-3.1064352989196777
1779989360405368300,1.882368408203125,-0.7703925967216492,0.6213905215263367,-0.11083543300628662,0.08991407603025436,-0.2827489376068115,1.357604742050171,3.1378395557403564
1779989360421711400,1.89871142578125,-0.7729164361953735,0.6198220252990723,-0.10303568094968796,0.08834348618984222,-0.23223230242729187,1.3528627157211304,3.100710868835449
1779989360438037000,1.915037109375,-0.7765345573425293,0.6163864731788635,-0.09709616750478745,0.08737433701753616,-0.19229905307292938,1.3434066772460938,3.0705554485321045
1779989360454374100,1.9313740234375,-0.7810952663421631,0.6112490892410278,-0.09327646344900131,0.08697351813316345,-0.1658346801996231,1.3298505544662476,3.049943447113037
1779989360470698200,1.9476982421875,-0.7857921123504639,0.605349600315094,-0.09106128662824631,0.08826328068971634,-0.14370277523994446,1.3148834705352783,3.028900146484375
1779989360487041800,1.964041748046875,-0.7895622849464417,0.6001654863357544,-0.08930055052042007,0.091751329600811,-0.11660987883806229,1.3021193742752075,2.9991044998168945
1779989360503366400,1.980366455078125,-0.7911527156829834,0.5974721312522888,-0.08821342885494232,0.09655414521694183,-0.08924321085214615,1.295770287513733,2.9662740230560303
1779989360519684600,1.9966845703125,-0.7896652817726135,0.5989634394645691,-0.08674366772174835,0.10073228925466537,-0.06097431853413582,1.2995474338531494,2.934173822402954
1779989360536036600,2.01303662109375,-0.7845504879951477,0.6049075722694397,-0.08636566251516342,0.10539733618497849,-0.03159848228096962,1.314622163772583,2.8988983631134033
1779989360552348200,2.02934814453125,-0.7752786874771118,0.6154345273971558,-0.08824294805526733,0.11133912950754166,0.0009613540605641901,1.341895341873169,2.8555564880371094
1779989360568702000,2.045701904296875,-0.7615866661071777,0.6305789947509766,-0.09164437651634216,0.11814119666814804,0.04999716579914093,1.3814902305603027,2.792466163635254
1779989360585024000,2.06202392578125,-0.7440045475959778,0.6488321423530579,-0.09679391235113144,0.1269056648015976,0.1471790373325348,1.4295085668563843,2.6759192943573
1779989360601366300,2.0783662109375,-0.72330641746521,0.6684041023254395,-0.10297662764787674,0.13949811458587646,0.4144965410232544,1.4775103330612183,2.3821048736572266
1779989360617697800,2.09469775390625,-0.7007824182510376,0.6881531476974487,-0.10639172792434692,0.15501680970191956,1.1306538581848145,1.4997360706329346,1.6388792991638184
1779989360634036700,2.11103662109375,-0.6772843599319458,0.7088966369628906,-0.10262074321508408,0.1679895967245102,1.8284422159194946,1.4680633544921875,0.9275608658790588
1779989360650366200,2.1273662109375,-0.6536611318588257,0.7315171360969543,-0.08952635526657104,0.17203177511692047,2.140580892562866,1.4101953506469727,0.6277550458908081
1779989360666697000,2.143697021484375,-0.6318789124488831,0.7538242340087891,-0.07074598968029022,0.1657501608133316,2.310703754425049,1.3517429828643799,0.49280911684036255
1779989360683032600,2.160032470703125,-0.612714409828186,0.7734900116920471,-0.05385909229516983,0.152949258685112,2.441157341003418,1.30290949344635,0.4042394757270813
1779989360699364400,2.1763642578125,-0.5959466695785522,0.7894828915596008,-0.043755240738391876,0.140177920460701,2.5473833084106445,1.2638030052185059,0.3302280902862549
1779989360715697400,2.192697509765625,-0.5813530683517456,0.801863431930542,-0.04119138419628143,0.13170777261257172,2.6277267932891846,1.232080101966858,0.2651601731777191
1779989360732031200,2.20903125,-0.5651823878288269,0.8138642311096191,-0.044668957591056824,0.12727411091327667,2.696845293045044,1.1980587244033813,0.19666264951229095
1779989360748360000,2.22535986328125,-0.5437636375427246,0.8279186487197876,-0.053284335881471634,0.12661972641944885,2.758610248565674,1.1527352333068848,0.12215954810380936
1779989360764697000,2.241697021484375,-0.5189553499221802,0.8425144553184509,-0.06464383751153946,0.12913614511489868,2.8034677505493164,1.09987473487854,0.0553613156080246
1779989360781026600,2.258026611328125,-0.4927479326725006,0.8558360934257507,-0.07963027060031891,0.13565821945667267,2.830186128616333,1.045206069946289,-0.005202708765864372
1779989360797364500,2.274364501953125,-0.4662081003189087,0.8672028183937073,-0.09877050668001175,0.1444084197282791,2.8478775024414062,0.9919978976249695,-0.06706696003675461
1779989360813677000,2.290677001953125,-0.4411125183105469,0.8768194913864136,-0.11702236533164978,0.1513708531856537,2.8620214462280273,0.9424143433570862,-0.12222882360219955
1779989360830012000,2.307011962890625,-0.4187184274196625,0.8844976425170898,-0.1330856829881668,0.15692971646785736,2.8714754581451416,0.898640513420105,-0.1678229719400406
1779989360846363000,2.32336279296875,-0.3991592228412628,0.8899422883987427,-0.14793139696121216,0.1636793315410614,2.8723390102386475,0.8615976572036743,-0.20510098338127136
1779989360862679300,2.33967919921875,-0.38191673159599304,0.8937591314315796,-0.16101980209350586,0.17148472368717194,2.866173505783081,0.829965353012085,-0.23453380167484283
1779989360879023600,2.356023681640625,-0.3665618896484375,0.8961661458015442,-0.17344766855239868,0.18009647727012634,2.8560447692871094,0.8030465841293335,-0.2604407072067261
1779989360895343000,2.372343017578125,-0.3543332517147064,0.896908700466156,-0.1852763146162033,0.18887938559055328,2.8443877696990967,0.7832679748535156,-0.2839237153530121
1779989360911676400,2.388676513671875,-0.346783310174942,0.8960318565368652,-0.19647079706192017,0.19562052190303802,2.8375372886657715,0.7730550765991211,-0.30715131759643555
1779989360928023300,2.405023193359375,-0.3448992073535919,0.8940403461456299,-0.20606674253940582,0.19817373156547546,2.840576410293579,0.7731338739395142,-0.32976099848747253
1779989360944357400,2.421357421875,-0.3487154543399811,0.8912790417671204,-0.21329271793365479,0.19627921283245087,2.8539206981658936,0.7828962206840515,-0.3503667414188385
1779989360960690200,2.437690185546875,-0.3560275733470917,0.8873136043548584,-0.21914537250995636,0.19466443359851837,2.866349458694458,0.7996839284896851,-0.3673352897167206
1779989360977021400,2.454021484375,-0.36599600315093994,0.8811337351799011,-0.22513091564178467,0.19739936292171478,2.8687095642089844,0.8239932060241699,-0.3804458975791931
1779989360993355500,2.47035546875,-0.37832361459732056,0.8728237152099609,-0.23099319636821747,0.20418694615364075,2.8610126972198486,0.8552747964859009,-0.38889163732528687
1779989361009691400,2.48669140625,-0.39200109243392944,0.8642463088035583,-0.2350546419620514,0.210149347782135,2.8536996841430664,0.8888765573501587,-0.3932713270187378
1779989361026021600,2.503021728515625,-0.40429529547691345,0.8594771027565002,-0.23572762310504913,0.20561356842517853,2.8716702461242676,0.9139186143875122,-0.40204644203186035
1779989361042352600,2.5193525390625,-0.4136383831501007,0.8567966818809509,-0.23498943448066711,0.19895444810390472,2.8935821056365967,0.9311591386795044,-0.410281777381897
1779989361058684200,2.53568408203125,-0.42606255412101746,0.8498497605323792,-0.23820602893829346,0.1987062692642212,2.9046144485473633,0.9593948721885681,-0.422854483127594
1779989361075024400,2.5520244140625,-0.44238558411598206,0.8400806188583374,-0.24348457157611847,0.1981789618730545,2.9233593940734863,0.9968892335891724,-0.4450964331626892
1779989361091348500,2.568348388671875,-0.4578567147254944,0.8285588026046753,-0.2503851056098938,0.20289161801338196,2.930243730545044,1.0359059572219849,-0.4661961495876312
1779989361107690200,2.584690185546875,-0.4746951162815094,0.8165230751037598,-0.2554248869419098,0.206670343875885,2.9395925998687744,1.077499508857727,-0.4853467345237732
1779989361124019000,2.60101904296875,-0.49280229210853577,0.804628849029541,-0.257548987865448,0.2082950919866562,2.953535795211792,1.1205462217330933,-0.5013738870620728
1779989361140338700,2.617338623046875,-0.5110311508178711,0.7936305403709412,-0.25552618503570557,0.20905515551567078,2.962482452392578,1.1629520654678345,-0.5050755739212036
1779989361156682800,2.633682861328125,-0.5281768441200256,0.7849510908126831,-0.2477404922246933,0.20857982337474823,2.9584848880767822,1.2013663053512573,-0.48579537868499756
1779989361173008100,2.650008056640625,-0.5430647134780884,0.779018223285675,-0.2342265397310257,0.2082049548625946,2.9284987449645996,1.2334879636764526,-0.43277156352996826
1779989361189350100,2.66635009765625,-0.555950939655304,0.7733875513076782,-0.21841441094875336,0.21233324706554413,2.8561971187591553,1.2619482278823853,-0.34131595492362976
1779989361205673700,2.682673828125,-0.5654374957084656,0.7664413452148438,-0.2070232331752777,0.22358311712741852,2.746692180633545,1.2845948934555054,-0.23050004243850708
1779989361222015500,2.699015380859375,-0.5716974139213562,0.7580603361129761,-0.20267339050769806,0.2396463304758072,2.6246252059936523,1.3012887239456177,-0.12527017295360565
1779989361238336000,2.7153359375,-0.5785308480262756,0.7469761371612549,-0.20601515471935272,0.25472840666770935,2.5255463123321533,1.3221778869628906,-0.05302022397518158
1779989361254681000,2.73168115234375,-0.5884131193161011,0.7339538931846619,-0.21286511421203613,0.2641404867172241,2.4566683769226074,1.3521353006362915,-0.007463052403181791
1779989361271014700,2.7480146484375,-0.6015554666519165,0.7205874919891357,-0.21728767454624176,0.2677142024040222,2.3892877101898193,1.3877222537994385,0.049127817153930664
1779989361287345700,2.764345703125,-0.6151451468467712,0.7087961435317993,-0.21798846125602722,0.26774150133132935,2.301616668701172,1.4206831455230713,0.1367073804140091
1779989361303679500,2.780679443359375,-0.626580536365509,0.6981272101402283,-0.21860603988170624,0.26875030994415283,2.177760601043701,1.447159767150879,0.2587744891643524
1779989361320012300,2.79701220703125,-0.6359304785728455,0.6878811717033386,-0.22041739523410797,0.2717134952545166,2.006614923477173,1.4675028324127197,0.42313799262046814
1779989361336351700,2.813351806640625,-0.6443358063697815,0.677830159664154,-0.22316034138202667,0.27491289377212524,1.7849332094192505,1.4835882186889648,0.6361217498779297
1779989361352678100,2.82967822265625,-0.6521104574203491,0.6686180830001831,-0.22514790296554565,0.2775071859359741,1.5125467777252197,1.4931362867355347,0.90172278881073
1779989361369009400,2.846009521484375,-0.6577888131141663,0.6614089608192444,-0.22611863911151886,0.2805751860141754,1.270458698272705,1.4935939311981201,1.1376982927322388
1779989361385344000,2.862343994140625,-0.6609417796134949,0.6562936305999756,-0.22662605345249176,0.284737229347229,1.120678424835205,1.488329291343689,1.2803130149841309
1779989361401678600,2.8786787109375,-0.6634221076965332,0.6527878642082214,-0.225105881690979,0.2882125675678253,1.0319989919662476,1.4802613258361816,1.3658864498138428
1779989361418012400,2.895012451171875,-0.6665387749671936,0.6506884098052979,-0.22135420143604279,0.28867465257644653,0.9701391458511353,1.4729491472244263,1.4326097965240479
1779989361434339300,2.91133935546875,-0.6700853109359741,0.6492329239845276,-0.21716876327991486,0.2869148850440979,0.9153183102607727,1.4678021669387817,1.4963520765304565
1779989361450670000,2.927670166015625,-0.6734674572944641,0.6492735743522644,-0.2112675905227661,0.28328704833984375,0.8889128565788269,1.463301658630371,1.5370941162109375
1779989361467007700,2.9440078125,-0.6765865087509155,0.6498754620552063,-0.20473167300224304,0.2792447507381439,0.8767390251159668,1.4587950706481934,1.5651482343673706
1779989361483327500,2.960327392578125,-0.6798412799835205,0.6499236226081848,-0.19822844862937927,0.2758995592594147,0.8606288433074951,1.4530175924301147,1.5959664583206177
1779989361499674400,2.97667431640625,-0.6830889582633972,0.6495280265808105,-0.19110757112503052,0.27382612228393555,0.8496813178062439,1.4444692134857178,1.620544195175171
1779989361516006700,2.993006591796875,-0.6857529878616333,0.6479381918907166,-0.18510165810585022,0.2750571668148041,0.8406156301498413,1.432687759399414,1.6365044116973877
1779989361532341000,3.009341064453125,-0.6881629228591919,0.643768310546875,-0.1820296198129654,0.28081902861595154,0.8140052556991577,1.4174779653549194,1.6586918830871582
1779989361548673300,3.02567333984375,-0.6918641924858093,0.637111246585846,-0.18066374957561493,0.28770458698272705,0.759143590927124,1.4005584716796875,1.7047772407531738
1779989361565006800,3.0420068359375,-0.6981363296508789,0.6300864815711975,-0.17631478607654572,0.29070574045181274,0.6960328221321106,1.3822834491729736,1.769337773323059
1779989361581339000,3.0583388671875,-0.7061039209365845,0.6236805319786072,-0.16951915621757507,0.2893151044845581,0.6358955502510071,1.3647890090942383,1.8411921262741089
1779989361597672700,3.074672607421875,-0.713661789894104,0.6160452961921692,-0.1662684679031372,0.28901538252830505,0.5690655708312988,1.3485476970672607,1.9127615690231323
1779989361614004500,3.09100439453125,-0.721331775188446,0.6067071557044983,-0.1656634360551834,0.2900735139846802,0.49573981761932373,1.3309876918792725,1.9847071170806885
1779989361630337800,3.107337890625,-0.7280204892158508,0.5980952978134155,-0.16729481518268585,0.2903115749359131,0.4258143901824951,1.3170808553695679,2.051222085952759
1779989361646668500,3.12366845703125,-0.7313146591186523,0.592657208442688,-0.17178046703338623,0.2905646860599518,0.3723844289779663,1.311866283416748,2.0972657203674316
1779989361663006700,3.1400068359375,-0.7299754023551941,0.5928034782409668,-0.17590859532356262,0.29116347432136536,0.35935693979263306,1.3167372941970825,2.103369951248169
1779989361679332900,3.156332763671875,-0.7218548059463501,0.6006960272789001,-0.17966310679912567,0.29293543100357056,0.40857261419296265,1.3356918096542358,2.0466253757476807
1779989361695661600,3.17266162109375,-0.7056583762168884,0.616363525390625,-0.1845993846654892,0.2967582941055298,0.5492235422134399,1.3677012920379639,1.8939965963363647
1779989361711999000,3.1889990234375,-0.6829792857170105,0.6375986933708191,-0.19027869403362274,0.30133256316185,0.8264928460121155,1.4009321928024292,1.6023507118225098
1779989361728338200,3.205338134765625,-0.6559353470802307,0.662731409072876,-0.19370384514331818,0.3049834966659546,1.2702420949935913,1.412967562675476,1.1482497453689575
1779989361744664000,3.2216640625,-0.6260883212089539,0.6910064816474915,-0.19115692377090454,0.3065657913684845,1.7218849658966064,1.383259892463684,0.69709712266922
1779989361760990700,3.23799072265625,-0.5977164506912231,0.7196896076202393,-0.18296729028224945,0.3021670877933502,2.0148544311523438,1.3290194272994995,0.42105990648269653
1779989361777315300,3.2543154296875,-0.5768023729324341,0.7469195127487183,-0.16796262562274933,0.2849540114402771,2.209494113922119,1.2777667045593262,0.2727624177932739
1779989361793666800,3.270666748046875,-0.5648353099822998,0.7693819999694824,-0.14836890995502472,0.2588421106338501,2.350165843963623,1.2405314445495605,0.19897541403770447
1779989361809997600,3.28699755859375,-0.5560082197189331,0.7852787375450134,-0.13460755348205566,0.23679742217063904,2.45217227935791,1.213918924331665,0.14915327727794647
1779989361826336000,3.3033359375,-0.5461215376853943,0.796415388584137,-0.13048747181892395,0.2246042788028717,2.5233519077301025,1.1903400421142578,0.1010972410440445
1779989361842648300,3.3196484375,-0.5346984267234802,0.8043864965438843,-0.13332903385162354,0.22199872136116028,2.5645666122436523,1.1665678024291992,0.058278653770685196
1779989361858985500,3.3359853515625,-0.5203800201416016,0.8109194040298462,-0.1421366035938263,0.2267410308122635,2.587930917739868,1.1395103931427002,0.013062150217592716
1779989361875333400,3.35233349609375,-0.49898451566696167,0.821233868598938,-0.15166983008384705,0.23148612678050995,2.6163322925567627,1.0968735218048096,-0.03966332972049713
1779989361891664000,3.368663818359375,-0.47357508540153503,0.833900511264801,-0.16044048964977264,0.23365679383277893,2.648369312286377,1.0447620153427124,-0.09229191392660141
1779989361907995600,3.38499560546875,-0.44858863949775696,0.8456790447235107,-0.17069588601589203,0.23336279392242432,2.682465076446533,0.994326651096344,-0.14607906341552734
1779989361924326100,3.401326171875,-0.42519134283065796,0.855617344379425,-0.18228860199451447,0.23216858506202698,2.713265895843506,0.9479914903640747,-0.1975858062505722
1779989361940660500,3.417660400390625,-0.4040648341178894,0.8638808131217957,-0.19326773285865784,0.2304113358259201,2.73850679397583,0.9062389731407166,-0.24187766015529633
1779989361956992800,3.43399267578125,-0.3844946622848511,0.8706843256950378,-0.20374251902103424,0.22926385700702667,2.7569563388824463,0.8678929209709167,-0.2797476053237915
1779989361973330200,3.450330078125,-0.36600539088249207,0.8757859468460083,-0.21438516676425934,0.23038673400878906,2.766279697418213,0.8328737616539001,-0.3125554025173187
1779989361989650700,3.466650634765625,-0.3481282591819763,0.8794974088668823,-0.22487479448318481,0.23392823338508606,2.7668979167938232,0.8002998232841492,-0.34062227606773376
1779989362005993000,3.482992919921875,-0.33257514238357544,0.8820134997367859,-0.2346372902393341,0.23746846616268158,2.765716075897217,0.7727535963058472,-0.36557090282440186
1779989362022328300,3.499328369140625,-0.320291668176651,0.8835221529006958,-0.24338775873184204,0.23992560803890228,2.765953540802002,0.7515328526496887,-0.3879328966140747
1779989362038646300,3.515646240234375,-0.31234312057495117,0.8840187788009644,-0.2508772015571594,0.24085921049118042,2.769139051437378,0.7383743524551392,-0.407497763633728
1779989362054992600,3.53199267578125,-0.30980730056762695,0.8837043642997742,-0.2567445933818817,0.23909901082515717,2.778576612472534,0.7346546053886414,-0.42449072003364563
1779989362071324000,3.548323974609375,-0.31191858649253845,0.8827046155929565,-0.261292040348053,0.23508715629577637,2.7936646938323975,0.7389562129974365,-0.4396841526031494
1779989362087646700,3.564646728515625,-0.31756341457366943,0.8806245923042297,-0.26465511322021484,0.2315416932106018,2.807713270187378,0.7503101825714111,-0.4513635039329529
1779989362103990300,3.580990234375,-0.32622650265693665,0.8766884803771973,-0.26766103506088257,0.2309785634279251,2.8151679039001465,0.7693187594413757,-0.4595068097114563
1779989362120325400,3.597325439453125,-0.33774319291114807,0.8709022402763367,-0.27080270648002625,0.23264746367931366,2.8183515071868896,0.7956029772758484,-0.4661266803741455
1779989362136654800,3.61365478515625,-0.35138198733329773,0.863063633441925,-0.27495455741882324,0.23675262928009033,2.817338466644287,0.8282104730606079,-0.4732966125011444
1779989362152990000,3.629989990234375,-0.3690744638442993,0.8525601029396057,-0.2795600891113281,0.24242828786373138,2.814436435699463,0.8708284497261047,-0.48045581579208374
1779989362169307600,3.6463076171875,-0.38945332169532776,0.8446085453033447,-0.2800847887992859,0.23772895336151123,2.83709454536438,0.912506639957428,-0.4900796413421631
1779989362185655800,3.66265576171875,-0.40661680698394775,0.8416101932525635,-0.27547237277030945,0.2246554046869278,2.8768036365509033,0.9410865306854248,-0.4973795711994171
1779989362201987800,3.67898779296875,-0.41976913809776306,0.8367161750793457,-0.27028390765190125,0.2250482141971588,2.8741486072540283,0.9686275124549866,-0.4835841655731201
1779989362218321700,3.69532177734375,-0.4338327944278717,0.8290935158729553,-0.2690846920013428,0.22800570726394653,2.870171070098877,1.0011311769485474,-0.4785359501838684
1779989362234653700,3.71165380859375,-0.4492086172103882,0.8186178803443909,-0.27244871854782104,0.23205243051052094,2.8717966079711914,1.0390149354934692,-0.48763832449913025
1779989362250985700,3.72798583984375,-0.46810680627822876,0.8079415559768677,-0.27313971519470215,0.23130348324775696,2.8876214027404785,1.081709384918213,-0.4989538788795471
1779989362267318500,3.744318603515625,-0.48795533180236816,0.7970061898231506,-0.27154454588890076,0.23009651899337769,2.9027132987976074,1.1261659860610962,-0.5055164098739624
1779989362283653400,3.7606533203125,-0.5078908205032349,0.7860707640647888,-0.2662862539291382,0.23071959614753723,2.902036190032959,1.1715421676635742,-0.493886798620224
1779989362299984600,3.776984619140625,-0.527721107006073,0.7768728733062744,-0.25481104850769043,0.2303266078233719,2.8835268020629883,1.2148696184158325,-0.4539793133735657
1779989362316323000,3.793322998046875,-0.5461875796318054,0.7691944241523743,-0.23870140314102173,0.23030604422092438,2.8367178440093994,1.2538694143295288,-0.3801320195198059
1779989362332651300,3.8096513671875,-0.5642033219337463,0.7600148916244507,-0.2233259528875351,0.23276090621948242,2.761751413345337,1.2926604747772217,-0.2835485339164734
1779989362348984600,3.825984619140625,-0.579817533493042,0.749098002910614,-0.2123345285654068,0.23995423316955566,2.6518115997314453,1.3276339769363403,-0.16631296277046204
1779989362365316600,3.842316650390625,-0.5883987545967102,0.7388163805007935,-0.2078590840101242,0.25442495942115784,2.5062036514282227,1.347651720046997,-0.03494979441165924
1779989362381651700,3.858651611328125,-0.5914199948310852,0.7278938889503479,-0.21283647418022156,0.2740321159362793,2.3665378093719482,1.3588820695877075,0.0679992288351059
1779989362397975300,3.874975341796875,-0.5943986177444458,0.7148945927619934,-0.22380897402763367,0.2924477159976959,2.248215675354004,1.374366283416748,0.14220866560935974
1779989362414315300,3.891315185546875,-0.6018722057342529,0.7021061182022095,-0.23163145780563354,0.3019004166126251,2.1417877674102783,1.3974642753601074,0.22305507957935333
1779989362430648000,3.90764794921875,-0.6133051514625549,0.6907371878623962,-0.2337469607591629,0.30348190665245056,2.0176641941070557,1.4232946634292603,0.34235987067222595
1779989362446982000,3.92398193359375,-0.6253038048744202,0.681573212146759,-0.23140260577201843,0.3015062212944031,1.859968900680542,1.4435828924179077,0.5072465538978577
1779989362463314400,3.940314453125,-0.6347082853317261,0.6744076609611511,-0.22894291579723358,0.29984134435653687,1.6973594427108765,1.455818772315979,0.6764633059501648
1779989362479635700,3.9566357421875,-0.6410140991210938,0.6679170727729797,-0.22935247421264648,0.30064117908477783,1.5469242334365845,1.4629859924316406,0.8252115845680237
1779989362495980300,3.972980224609375,-0.6457436084747314,0.6626133322715759,-0.2303837686777115,0.301466703414917,1.4177114963531494,1.4674323797225952,0.951683759689331
1779989362512316700,3.989316650390625,-0.6502627730369568,0.659077525138855,-0.22972071170806885,0.3000061511993408,1.3111155033111572,1.4705787897109985,1.0615907907485962
1779989362528640000,4.005639892578125,-0.6547635793685913,0.6563495993614197,-0.2281464785337448,0.2973872721195221,1.2124780416488647,1.4728113412857056,1.166674256324768
1779989362544979500,4.0219794921875,-0.6593011021614075,0.6533383131027222,-0.22651322185993195,0.29523366689682007,1.1059134006500244,1.4732075929641724,1.2790172100067139
1779989362561311000,4.03831103515625,-0.6621719002723694,0.6512665152549744,-0.22437576949596405,0.29501837491989136,1.0410573482513428,1.469666600227356,1.3473870754241943
1779989362577644000,4.05464404296875,-0.6637285351753235,0.650409996509552,-0.22204214334487915,0.2951756715774536,1.0156996250152588,1.4656215906143188,1.3759766817092896
1779989362593977900,4.070977783203125,-0.6656487584114075,0.6507935523986816,-0.21758362650871277,0.2933206558227539,1.006913185119629,1.4615939855575562,1.3942793607711792
1779989362610311000,4.087310791015625,-0.669498860836029,0.6521936655044556,-0.2087092399597168,0.2878458499908447,0.9961296319961548,1.4561736583709717,1.4267020225524902
1779989362626641400,4.103641357421875,-0.675756573677063,0.6527989506721497,-0.19688530266284943,0.28007641434669495,0.9568589329719543,1.448673129081726,1.4953805208206177
1779989362642975000,4.11997509765625,-0.6826566457748413,0.6505205631256104,-0.18689914047718048,0.2754480838775635,0.8888373970985413,1.4374791383743286,1.5851119756698608
1779989362659305700,4.1363056640625,-0.6884284615516663,0.6443119645118713,-0.18258702754974365,0.2785506248474121,0.8067751526832581,1.4212905168533325,1.6685924530029297
1779989362675642000,4.15264208984375,-0.6940379738807678,0.6348615288734436,-0.1820286363363266,0.28657951951026917,0.7167331576347351,1.400693655014038,1.7468311786651611
1779989362691974000,4.168973876953125,-0.7011761665344238,0.6245870590209961,-0.17997129261493683,0.29300767183303833,0.6326054334640503,1.3773998022079468,1.8236204385757446
1779989362708307700,4.1853076171875,-0.7095361351966858,0.6141934990882874,-0.17698299884796143,0.29665133357048035,0.5544474720954895,1.353990077972412,1.8999279737472534
1779989362724640800,4.201640869140625,-0.7176869511604309,0.6044516563415527,-0.17612963914871216,0.2975601255893707,0.4762789309024811,1.3354450464248657,1.9772579669952393
1779989362740974000,4.21797412109375,-0.7232250571250916,0.5968701839447021,-0.1796533316373825,0.29734861850738525,0.40318968892097473,1.325981855392456,2.044922113418579
1779989362757312300,4.234312255859375,-0.7247209548950195,0.5953799486160278,-0.18351778388023376,0.2943187654018402,0.3610484302043915,1.3293536901474,2.0859479904174805
1779989362773639200,4.25063916015625,-0.7222868800163269,0.6021190285682678,-0.18330027163028717,0.28662776947021484,0.3692266345024109,1.3461960554122925,2.0904390811920166
1779989362789972700,4.26697265625,-0.7156494855880737,0.6149193048477173,-0.1801183670759201,0.2779881954193115,0.4394143223762512,1.3718479871749878,2.039013624191284
1779989362806308600,4.28330859375,-0.7027387022972107,0.6308750510215759,-0.18015512824058533,0.2751350700855255,0.5940837860107422,1.4021600484848022,1.8895319700241089
1779989362822636500,4.299636474609375,-0.6831095814704895,0.6486517786979675,-0.1855355054140091,0.2796228229999542,0.8837016820907593,1.4289766550064087,1.5858255624771118
1779989362838976500,4.3159765625,-0.6566789150238037,0.6691477298736572,-0.1939433068037033,0.28879109025001526,1.3523284196853638,1.4354054927825928,1.0909050703048706
1779989362855301400,4.33230126953125,-0.6243364214897156,0.6938555836677551,-0.20070922374725342,0.2974630296230316,1.8325122594833374,1.4021074771881104,0.5864222049713135
1779989362871637000,4.348636962890625,-0.5924977660179138,0.7214409112930298,-0.1994449943304062,0.2978106737136841,2.128122568130493,1.3409345149993896,0.2898925542831421
1779989362887958800,4.364958740234375,-0.5696704983711243,0.7494622468948364,-0.18511228263378143,0.28198477625846863,2.3070688247680664,1.2809603214263916,0.15388934314250946
1779989362904300500,4.381300537109375,-0.5588266253471375,0.7722958922386169,-0.16402679681777954,0.2537069320678711,2.4397857189178467,1.2418662309646606,0.09363225102424622
1779989362920624000,4.3976240234375,-0.5523794293403625,0.7872652411460876,-0.15129314363002777,0.22847513854503632,2.547877311706543,1.219338059425354,0.04124203324317932
1779989362936969000,4.413968994140625,-0.5445260405540466,0.7968837022781372,-0.14989188313484192,0.21447639167308807,2.625814437866211,1.2002907991409302,-0.014684412628412247
1779989362953296000,4.4302958984375,-0.5336660146713257,0.8035395741462708,-0.15652957558631897,0.21218691766262054,2.669158458709717,1.1785968542099,-0.06566747277975082
1779989362969624800,4.446624755859375,-0.5185961723327637,0.8101013898849487,-0.1681097149848938,0.2157144993543625,2.6984975337982178,1.1499862670898438,-0.11933920532464981
1779989362985966000,4.462966064453125,-0.4979114532470703,0.8193444609642029,-0.1804848164319992,0.21950915455818176,2.725968360900879,1.1087857484817505,-0.17399241030216217
1779989363002300400,4.479300537109375,-0.4733467698097229,0.8307965397834778,-0.19187785685062408,0.2211402803659439,2.753206729888916,1.0579949617385864,-0.2250215858221054
1779989363018629600,4.495629638671875,-0.4477600157260895,0.8414323925971985,-0.20563744008541107,0.2218465954065323,2.7802605628967285,1.0061155557632446,-0.27903038263320923
1779989363034966500,4.511966552734375,-0.4236578643321991,0.8500581383705139,-0.22100257873535156,0.22152473032474518,2.8059847354888916,0.9582431316375732,-0.33315905928611755
1779989363051297500,4.528297607421875,-0.40134498476982117,0.8564720153808594,-0.23643217980861664,0.2224363535642624,2.822524309158325,0.915165901184082,-0.38055214285850525
1779989363067631900,4.5446318359375,-0.3800627589225769,0.8614319562911987,-0.25069940090179443,0.22502711415290833,2.8289437294006348,0.8751267194747925,-0.41921159625053406
1779989363094171600,4.571171630859375,-0.34987515211105347,0.866738498210907,-0.27054503560066223,0.2305586338043213,2.8280935287475586,0.8201578259468079,-0.46791890263557434
1779989363110491000,4.587490966796875,-0.3307625353336334,0.8692338466644287,-0.28242623805999756,0.23508340120315552,2.8221275806427,0.7863895297050476,-0.49485576152801514
1779989363126838000,4.603838134765625,-0.31461602449417114,0.8707512617111206,-0.2930263876914978,0.23863060772418976,2.8174731731414795,0.7583916187286377,-0.519119918346405
1779989363143170600,4.620170654296875,-0.30241844058036804,0.8717958927154541,-0.3017156720161438,0.2397552877664566,2.8179125785827637,0.7368659377098083,-0.5404695868492126
1779989363159506400,4.63650634765625,-0.29482969641685486,0.8721911311149597,-0.3085770010948181,0.23903626203536987,2.8227224349975586,0.7232411503791809,-0.5586068630218506
1779989363175837700,4.652837646484375,-0.2914467751979828,0.8722742199897766,-0.31367117166519165,0.2362348586320877,2.8326916694641113,0.7163591980934143,-0.573979377746582
1779989363192170500,4.66917041015625,-0.2914152443408966,0.8720923066139221,-0.31719550490379333,0.23220528662204742,2.845768690109253,0.7149649262428284,-0.5864881873130798
1779989363208503300,4.68550341796875,-0.2933790683746338,0.8708491921424866,-0.32038193941116333,0.2300131916999817,2.8552093505859375,0.7186405658721924,-0.5968472957611084
1779989363224834800,4.701834716796875,-0.29845771193504333,0.8678262233734131,-0.32377949357032776,0.23014652729034424,2.8611772060394287,0.7302451133728027,-0.6063988208770752
1779989363241169400,4.71816943359375,-0.3073086142539978,0.8623844981193542,-0.32797402143478394,0.2329968512058258,2.86387300491333,0.7516843676567078,-0.6166507005691528
1779989363257502000,4.734501953125,-0.3197360038757324,0.8542274832725525,-0.33333995938301086,0.2386394739151001,2.863579273223877,0.782917857170105,-0.6287309527397156
1779989363273834800,4.750834716796875,-0.33325451612472534,0.8466415405273438,-0.3379714787006378,0.2406548112630844,2.872986316680908,0.8138890266418457,-0.6432770490646362
1779989363290168600,4.76716845703125,-0.3480626046657562,0.8426491022109985,-0.3375135362148285,0.23426415026187897,2.899714946746826,0.8401210308074951,-0.6534845232963562
1779989363306500400,4.783500244140625,-0.3608591556549072,0.8375659584999084,-0.33555853366851807,0.2359330654144287,2.902642250061035,0.867671549320221,-0.6509937047958374
1779989363322833400,4.79983349609375,-0.3708326518535614,0.8293522000312805,-0.3371307849884033,0.24698378145694733,2.8827805519104004,0.8972803354263306,-0.6470692753791809
1779989363339165200,4.816165283203125,-0.3820226788520813,0.8187920451164246,-0.3411341607570648,0.25935646891593933,2.8629796504974365,0.9315488934516907,-0.6487932801246643
1779989363355501300,4.832501220703125,-0.4007180333137512,0.8083727955818176,-0.3417465090751648,0.2629980146884918,2.8686375617980957,0.974847674369812,-0.6546035408973694
1779989363371832600,4.84883251953125,-0.42201659083366394,0.7987978458404541,-0.3387197256088257,0.2628551721572876,2.882441997528076,1.0203293561935425,-0.656535267829895
1779989363388165600,4.86516552734375,-0.44244879484176636,0.7901545166969299,-0.3320399224758148,0.26390212774276733,2.8847579956054688,1.064317226409912,-0.6438581347465515
1779989363404496600,4.88149658203125,-0.46145495772361755,0.7830076217651367,-0.3213334083557129,0.2659008502960205,2.8714072704315186,1.105149269104004,-0.6116102337837219
1779989363420831000,4.8978310546875,-0.478931188583374,0.7765679955482483,-0.3083626329898834,0.2692202627658844,2.841179132461548,1.1429952383041382,-0.5619339346885681
1779989363437164000,4.9141640625,-0.49532651901245117,0.7696030735969543,-0.29505401849746704,0.2744191884994507,2.793663501739502,1.1793195009231567,-0.4981137216091156
1779989363453485000,4.930485107421875,-0.5108566284179688,0.7608439326286316,-0.2841157615184784,0.28181588649749756,2.7320878505706787,1.2153778076171875,-0.4279041290283203
1779989363469828600,4.94682861328125,-0.5234563946723938,0.7506003975868225,-0.27737247943878174,0.292672336101532,2.6536266803741455,1.247431755065918,-0.35345470905303955
1779989363486162700,4.96316259765625,-0.5319362878799438,0.7379559278488159,-0.2783047556877136,0.30823928117752075,2.564610242843628,1.2753078937530518,-0.28840386867523193
1779989363502494200,4.979494140625,-0.5381008982658386,0.7224997878074646,-0.28621816635131836,0.3263750374317169,2.4748213291168213,1.303106427192688,-0.23792336881160736
1779989363518815700,4.995815673828125,-0.5451784133911133,0.7051929235458374,-0.2965836524963379,0.3428144156932831,2.387636184692383,1.3346987962722778,-0.1914423108100891
1779989363535160000,5.01216015625,-0.5549656748771667,0.6888869404792786,-0.3041573464870453,0.3534632921218872,2.3024821281433105,1.3686310052871704,-0.13357028365135193
1779989363551494400,5.028494384765625,-0.5661185383796692,0.6752230525016785,-0.30771303176879883,0.35902148485183716,2.209120750427246,1.4000828266143799,-0.05331044644117355
1779989363567827500,5.044827392578125,-0.5767408013343811,0.6637793183326721,-0.3086448609828949,0.3626367449760437,2.0903573036193848,1.425818920135498,0.059221070259809494
1779989363584175400,5.06117529296875,-0.5853180289268494,0.6530314087867737,-0.30987223982810974,0.36733096837997437,1.9375079870224,1.4451228380203247,0.20322750508785248
1779989363600491500,5.077491455078125,-0.5914697647094727,0.6422654986381531,-0.31295233964920044,0.3737906813621521,1.7585519552230835,1.4586539268493652,0.3671923577785492
1779989363616805400,5.093805419921875,-0.5962700247764587,0.6332810521125793,-0.3158569931983948,0.37901389598846436,1.5864773988723755,1.4672263860702515,0.5263281464576721
1779989363633159200,5.1101591796875,-0.6002638936042786,0.6271653771400452,-0.3171304166316986,0.3818051517009735,1.4473387002944946,1.4716954231262207,0.6589773893356323
1779989363649490200,5.126490234375,-0.6040560603141785,0.6230549216270447,-0.31688636541366577,0.3827555477619171,1.3334221839904785,1.4738065004348755,0.7717994451522827
1779989363665824800,5.14282470703125,-0.6072380542755127,0.6198850274085999,-0.31604743003845215,0.3835604786872864,1.2378178834915161,1.4736207723617554,0.8674575686454773
1779989363682157600,5.159157470703125,-0.6090738773345947,0.6175511479377747,-0.3154993951320648,0.3848632872104645,1.1736096143722534,1.4719312191009521,0.9303871393203735
1779989363698477300,5.175477294921875,-0.6089126467704773,0.6163848042488098,-0.31601282954216003,0.3865632116794586,1.1556910276412964,1.4704233407974243,0.9446527361869812
1779989363714822100,5.191822265625,-0.6073827743530273,0.6161278486251831,-0.3177204132080078,0.3879772424697876,1.1714599132537842,1.4706294536590576,0.9237880110740662
1779989363731155200,5.2081552734375,-0.6073135137557983,0.6162399053573608,-0.31837475299835205,0.38737088441848755,1.1762707233428955,1.4723682403564453,0.9189493656158447
1779989363747484200,5.224484130859375,-0.6091477274894714,0.6168941855430603,-0.3164210617542267,0.3850433826446533,1.163525938987732,1.473095178604126,0.938707172870636
1779989363763820300,5.2408203125,-0.6102144718170166,0.6182047724723816,-0.31278282403945923,0.384223997592926,1.166073203086853,1.4690897464752197,0.9433097839355469
1779989363780159500,5.257159423828125,-0.609096884727478,0.6190301179885864,-0.30996933579444885,0.38693904876708984,1.182995319366455,1.4609880447387695,0.9263060688972473
1779989363796488200,5.27348828125,-0.607945442199707,0.6194206476211548,-0.30753135681152344,0.3900575339794159,1.19212806224823,1.4528954029083252,0.9158012866973877
1779989363812820500,5.289820556640625,-0.6085963249206543,0.6192431449890137,-0.30400344729423523,0.39208459854125977,1.1753463745117188,1.4452416896820068,0.9347634315490723
1779989363829154300,5.306154296875,-0.6099833250045776,0.6166743636131287,-0.3016371428966522,0.39578813314437866,1.1247659921646118,1.437212586402893,0.9828705787658691
1779989363845487000,5.322487060546875,-0.6115093231201172,0.6090620160102844,-0.302491158246994,0.4044736921787262,1.0218130350112915,1.4264047145843506,1.069798469543457
1779989363861818400,5.338818359375,-0.6179561614990234,0.5993301272392273,-0.29923808574676514,0.4115705192089081,0.8779616355895996,1.4095919132232666,1.2065953016281128
1779989363878152700,5.355152587890625,-0.6286265254020691,0.5891842842102051,-0.291635662317276,0.415498822927475,0.7364369630813599,1.386700987815857,1.3530006408691406
1779989363894484500,5.371484375,-0.6400160193443298,0.5763875842094421,-0.28570491075515747,0.4201542139053345,0.6029790043830872,1.360048770904541,1.4870216846466064
1779989363910818000,5.387818115234375,-0.6497867107391357,0.5611401200294495,-0.2831754684448242,0.4274466633796692,0.4891357123851776,1.3307527303695679,1.5910807847976685
1779989363927151900,5.40415185546875,-0.6573029160499573,0.5478220582008362,-0.2820546627044678,0.4339228868484497,0.4101071357727051,1.3052529096603394,1.6593300104141235
1779989363943481600,5.420481689453125,-0.6619646549224854,0.5386275053024292,-0.28149527311325073,0.43868398666381836,0.36517778038978577,1.2872868776321411,1.6957918405532837
1779989363959818800,5.43681884765625,-0.6628169417381287,0.532626211643219,-0.2836986780166626,0.44328102469444275,0.34010931849479675,1.2784967422485352,1.7087373733520508
1779989363976147500,5.4531474609375,-0.6607667207717896,0.5287781953811646,-0.2886987328529358,0.4476986229419708,0.32364416122436523,1.277506947517395,1.70931875705719
1779989363992484400,5.469484375,-0.6553556323051453,0.5283580422401428,-0.29482805728912354,0.45213186740875244,0.3286716639995575,1.2839014530181885,1.687072515487671
1779989364008816000,5.485816162109375,-0.6438690423965454,0.5333614945411682,-0.30367311835289,0.456881582736969,0.37232857942581177,1.3028446435928345,1.6220711469650269
1779989364025147400,5.5021474609375,-0.6256768107414246,0.5428556799888611,-0.31709572672843933,0.46182960271835327,0.4631004333496094,1.3344192504882812,1.5026013851165771
1779989364041481700,5.518481689453125,-0.6026015281677246,0.5553085803985596,-0.33443617820739746,0.4654635488986969,0.6198757290840149,1.3734755516052246,1.3126499652862549
1779989364057815000,5.53481494140625,-0.5769391655921936,0.5706594586372375,-0.3534548282623291,0.4653588533401489,0.8950090408325195,1.412126064300537,1.0071253776550293
1779989364074148600,5.551148681640625,-0.5507506132125854,0.5903651118278503,-0.37110215425491333,0.4587221145629883,1.3666584491729736,1.434701681137085,0.5174318552017212
1779989364090479000,5.56747900390625,-0.5275821685791016,0.6134822964668274,-0.38499709963798523,0.44393011927604675,1.9120233058929443,1.4233417510986328,-0.026946695521473885
1779989364106802200,5.58380224609375,-0.5103025436401367,0.6381028294563293,-0.3926011919975281,0.4222327768802643,2.296663522720337,1.3849984407424927,-0.3892643451690674
1779989364123145000,5.60014501953125,-0.49672138690948486,0.6609207987785339,-0.39677149057388306,0.3987780511379242,2.5272789001464844,1.338040828704834,-0.5898743867874146
1779989364139480800,5.616480712890625,-0.4832351803779602,0.6802683472633362,-0.4000837802886963,0.37901434302330017,2.658081531524658,1.289636254310608,-0.6965693235397339
1779989364155812600,5.6328125,-0.46837615966796875,0.6929853558540344,-0.40759193897247314,0.3664204478263855,2.7350165843963623,1.24643874168396,-0.7691566348075867
1779989364172145200,5.649145263671875,-0.4512902498245239,0.6935202479362488,-0.42432311177253723,0.36785444617271423,2.7653043270111084,1.2172075510025024,-0.8343483209609985
1779989364188468000,5.665468017578125,-0.4313465654850006,0.6857916712760925,-0.4473259449005127,0.3788527250289917,2.7676937580108643,1.1959640979766846,-0.8996590971946716
1779989364204809700,5.681809814453125,-0.4070569574832916,0.6857201457023621,-0.47190234065055847,0.37603282928466797,2.813042163848877,1.1509604454040527,-0.9912500381469727
1779989364221143600,5.6981435546875,-0.3792954087257385,0.6936525106430054,-0.4954417645931244,0.35988718271255493,2.8756961822509766,1.0817999839782715,-1.0801377296447754
1779989364237476900,5.714476806640625,-0.3496764898300171,0.7004075050354004,-0.5183852314949036,0.3441403806209564,2.915034294128418,1.00961434841156,-1.1487350463867188
1779989364253809700,5.7308095703125,-0.3192287087440491,0.7036829590797424,-0.5419498682022095,0.330474853515625,2.9383203983306885,0.9398560523986816,-1.209059238433838
1779989364270142700,5.747142822265625,-0.28837648034095764,0.7042432427406311,-0.5667144060134888,0.3157772719860077,2.957779884338379,0.8696224093437195,-1.2696553468704224
1779989364286462500,5.76346240234375,-0.2542610764503479,0.701755940914154,-0.5922547578811646,0.30351972579956055,2.961726427078247,0.7986006736755371,-1.325888991355896
1779989364302808600,5.77980859375,-0.218609020113945,0.696073591709137,-0.6170985102653503,0.29475629329681396,2.9515695571899414,0.7316835522651672,-1.377677083015442
1779989364319141400,5.796141357421875,-0.18785183131694794,0.6900069117546082,-0.6370069980621338,0.2877923548221588,2.937814235687256,0.6762716770172119,-1.4190856218338013
1779989364335480800,5.812480712890625,-0.15935997664928436,0.6842725872993469,-0.6532334685325623,0.28224363923072815,2.919868230819702,0.6271423697471619,-1.45222806930542
1779989364351794200,5.828794189453125,-0.13358613848686218,0.6780738830566406,-0.6672518253326416,0.2777508795261383,2.9013888835906982,0.5845475196838379,-1.4821155071258545
1779989364368138800,5.845138671875,-0.1134999617934227,0.6705542206764221,-0.6796230673789978,0.27493152022361755,2.886720895767212,0.5537909865379333,-1.5114336013793945
1779989364384471800,5.861471923828125,-0.09922987967729568,0.6613553166389465,-0.6911227703094482,0.27406585216522217,2.8765032291412354,0.5352762937545776,-1.5417203903198242
1779989364400805600,5.8778056640625,-0.09055766463279724,0.6502962708473206,-0.7018212676048279,0.27633509039878845,2.8689820766448975,0.5301401615142822,-1.572543740272522
1779989364417131300,5.89413134765625,-0.08546166867017746,0.6372836828231812,-0.7120378613471985,0.28207796812057495,2.8613357543945312,0.53591388463974,-1.604069709777832
1779989364433459200,5.910459228515625,-0.08274844288825989,0.6224349737167358,-0.7216943502426147,0.29134973883628845,2.8520543575286865,0.5510029196739197,-1.6358423233032227
1779989364449804500,5.926804443359375,-0.07974632829427719,0.6051641702651978,-0.7314391732215881,0.30399611592292786,2.838129758834839,0.5718975067138672,-1.6693358421325684
1779989364466137900,5.943137939453125,-0.07688245177268982,0.5867239832878113,-0.7412401437759399,0.3168710172176361,2.8251090049743652,0.5943527221679688,-1.7048050165176392
1779989364482470400,5.959470458984375,-0.07560554891824722,0.5682858824729919,-0.7515979409217834,0.326244592666626,2.8214848041534424,0.614243745803833,-1.7444897890090942
1779989364498802000,5.975802001953125,-0.07301860302686691,0.5492730140686035,-0.7623036503791809,0.3344556987285614,2.8188018798828125,0.6312173008918762,-1.7866073846817017
1779989364515123700,5.992123779296875,-0.06840097159147263,0.5307969450950623,-0.772151529788971,0.3425755202770233,2.812634229660034,0.6455708146095276,-1.8261983394622803
1779989364531469300,6.00846923828125,-0.05975421890616417,0.5138489007949829,-0.7821123600006104,0.34740352630615234,2.8042795658111572,0.6495479345321655,-1.8644943237304688
1779989364547799300,6.02479931640625,-0.051894981414079666,0.4980773329734802,-0.7913934588432312,0.350602924823761,2.7989258766174316,0.651808500289917,-1.9013056755065918
1779989364564139000,6.041138916015625,-0.04962300509214401,0.4837625026702881,-0.7970976829528809,0.35797587037086487,2.794503688812256,0.6670804619789124,-1.9292961359024048
1779989364580456000,6.0574560546875,-0.04720223695039749,0.47413215041160583,-0.7994287610054016,0.36590224504470825,2.7845256328582764,0.6812773942947388,-1.9431960582733154
1779989364627424300,6.10442431640625,-0.06974917650222778,0.458386093378067,-0.7991549372673035,0.3825813829898834,2.8111605644226074,0.7415444850921631,-1.9705901145935059
1779989364643757800,6.1207578125,-0.09588930010795593,0.4610089361667633,-0.7926456332206726,0.38728421926498413,2.8493545055389404,0.7787214517593384,-1.967398762702942
1779989364660089600,6.137089599609375,-0.11762894690036774,0.4626900255680084,-0.7853375673294067,0.39411458373069763,2.8760550022125244,0.8152214884757996,-1.961561679840088
1779989364676418300,6.153418212890625,-0.13800913095474243,0.4608737826347351,-0.7783806324005127,0.4033266305923462,2.899902582168579,0.8557957410812378,-1.9617654085159302
1779989364692758300,6.16975830078125,-0.15536974370479584,0.4557512402534485,-0.7724089026451111,0.41416850686073303,2.9194159507751465,0.8969619870185852,-1.9682201147079468
1779989364709088500,6.186088623046875,-0.16858449578285217,0.45097339153289795,-0.7667703628540039,0.42457669973373413,2.9312121868133545,0.9325803518295288,-1.9720977544784546
1779989364725421800,6.202421875,-0.17876631021499634,0.44536033272743225,-0.7616618871688843,0.4353940188884735,2.937119245529175,0.9657519459724426,-1.9759018421173096
1779989364741748700,6.218748779296875,-0.18687258660793304,0.43878668546676636,-0.7562923431396484,0.44784700870513916,2.9359350204467773,0.9998704195022583,-1.9775415658950806
1779989364758087700,6.235087646484375,-0.1950930505990982,0.433135449886322,-0.7494691610336304,0.4611165225505829,2.9301693439483643,1.0356395244598389,-1.9727911949157715
1779989364774420700,6.251420654296875,-0.20332857966423035,0.4294922947883606,-0.7410596609115601,0.4743674695491791,2.918278217315674,1.071094274520874,-1.9582054615020752
1779989364790754300,6.26775439453125,-0.20832878351211548,0.4275607466697693,-0.7315882444381714,0.4884359538555145,2.888352870941162,1.1035553216934204,-1.9274094104766846
1779989364807087000,6.284087158203125,-0.20806263387203217,0.4260040521621704,-0.7220374345779419,0.5038773417472839,2.8340237140655518,1.1311627626419067,-1.8793678283691406
1779989364823417900,6.30041796875,-0.20088499784469604,0.42214661836624146,-0.71441650390625,0.5206214189529419,2.7573277950286865,1.1517733335494995,-1.8229037523269653
1779989364839753000,6.3167529296875,-0.1836320012807846,0.41023290157318115,-0.7122247219085693,0.5391884446144104,2.666041135787964,1.1648027896881104,-1.7798700332641602
1779989364856084200,6.333084228515625,-0.1575566530227661,0.38778260350227356,-0.7147952318191528,0.5602396726608276,2.5661745071411133,1.1760879755020142,-1.7578548192977905
1779989364872418000,6.34941796875,-0.13226743042469025,0.3600851893424988,-0.7177359461784363,0.5811188817024231,2.4733095169067383,1.1928783655166626,-1.7486472129821777
1779989364888751900,6.365751953125,-0.11700539290904999,0.3368600904941559,-0.7181721329689026,0.597548246383667,2.4047789573669434,1.2142672538757324,-1.7404307126998901
1779989364905082400,6.382082275390625,-0.11302318423986435,0.3183559775352478,-0.7158512473106384,0.6110910773277283,2.356884002685547,1.2433408498764038,-1.7282527685165405
1779989364921416000,6.398416015625,-0.11280331760644913,0.2977209687232971,-0.7125101089477539,0.6252736449241638,2.3093433380126953,1.2806267738342285,-1.7138503789901733
1779989364937749800,6.414749755859375,-0.1120905876159668,0.27260538935661316,-0.7089406847953796,0.6407223343849182,2.250332832336426,1.3235142230987549,-1.6949968338012695
1779989364954084900,6.4310849609375,-0.1108938530087471,0.2501717209815979,-0.7037652134895325,0.6556152701377869,2.163262367248535,1.3620113134384155,-1.6440304517745972
1779989364970413000,6.4474130859375,-0.10988146811723709,0.23417235910892487,-0.6972689628601074,0.668509840965271,2.0449562072753906,1.3901329040527344,-1.551404595375061
1779989364986742500,6.463742431640625,-0.10841624438762665,0.22247803211212158,-0.6912232041358948,0.6789402961730957,1.915032148361206,1.4083776473999023,-1.4411067962646484
1779989365003083800,6.480083740234375,-0.10739514231681824,0.2149200737476349,-0.6864876747131348,0.6863020062446594,1.8031352758407593,1.4185868501663208,-1.3419122695922852
1779989365019414500,6.49641455078125,-0.1050739660859108,0.2096501588821411,-0.6841287612915039,0.690633237361908,1.733730673789978,1.4224826097488403,-1.283626914024353
1779989365035747000,6.5127470703125,-0.09823034703731537,0.2040846198797226,-0.6834644079208374,0.6939573287963867,1.688046932220459,1.4202207326889038,-1.2559404373168945
1779989365052068600,6.529068603515625,-0.08834037184715271,0.19871509075164795,-0.683195948600769,0.6971023082733154,1.650508165359497,1.4133062362670898,-1.240421175956726
1779989365068412700,6.54541259765625,-0.07978896796703339,0.19477519392967224,-0.6824467182159424,0.6999735236167908,1.6155959367752075,1.4061174392700195,-1.2234761714935303
1779989365084745500,6.561745361328125,-0.07631725817918777,0.19318722188472748,-0.6803641319274902,0.702822208404541,1.5733802318572998,1.4022940397262573,-1.1885157823562622
1779989365101077500,6.578077392578125,-0.0780264288187027,0.19303138554096222,-0.6769031882286072,0.706011950969696,1.5164450407028198,1.4028286933898926,-1.129343032836914
1779989365117411000,6.5944111328125,-0.08282427489757538,0.19484032690525055,-0.6719440221786499,0.7096961736679077,1.4440531730651855,1.4034318923950195,-1.047402024269104
1779989365133745000,6.610744873046875,-0.08646977692842484,0.19643260538578033,-0.6665483117103577,0.713898241519928,1.3663297891616821,1.4012787342071533,-0.9620565176010132
1779989365150083000,6.6270830078125,-0.08651737868785858,0.1959238201379776,-0.6614429354667664,0.7187641263008118,1.2900396585464478,1.395899772644043,-0.8863396048545837
1779989365166412300,6.643412353515625,-0.0839233547449112,0.19416244328022003,-0.6560988426208496,0.7244254350662231,1.2147178649902344,1.387120246887207,-0.8171679377555847
1779989365182743800,6.659743896484375,-0.08140870928764343,0.19293946027755737,-0.6497615575790405,0.7307235598564148,1.139064908027649,1.3755818605422974,-0.7467105984687805
1779989365199075300,6.676075439453125,-0.08117538690567017,0.19227123260498047,-0.6419658660888672,0.7377820014953613,1.0547618865966797,1.362947702407837,-0.6634604334831238
1779989365215410400,6.692410400390625,-0.08402307331562042,0.19085215032100677,-0.6332014203071594,0.7453667521476746,0.9578467011451721,1.3512966632843018,-0.5642252564430237
1779989365231742700,6.70874267578125,-0.08739031851291656,0.1858140230178833,-0.624161422252655,0.7538293600082397,0.8449892997741699,1.340063452720642,-0.4535399079322815
1779989365248073500,6.725073486328125,-0.08847896009683609,0.17739619314670563,-0.615190863609314,0.7630481123924255,0.7319967150688171,1.3261874914169312,-0.35085970163345337
1779989365264409000,6.7414091796875,-0.08502776175737381,0.16896368563175201,-0.6071977019309998,0.7717075943946838,0.6539449691772461,1.3088637590408325,-0.2896326780319214
1779989365280729300,6.757729248046875,-0.0766976922750473,0.1593799889087677,-0.6019472479820251,0.7787009477615356,0.6068961024284363,1.293949007987976,-0.2681905925273895
1779989365297054000,6.774053955078125,-0.06603007018566132,0.1510106921195984,-0.6004257202148438,0.7825118899345398,0.5923312306404114,1.2856590747833252,-0.2809871733188629
1779989365313407200,6.7904072265625,-0.05335728079080582,0.1453639715909958,-0.6062313914299011,0.7800678610801697,0.6291663646697998,1.291739583015442,-0.34441304206848145
1779989365329739000,6.806739013671875,-0.03970084711909294,0.1407124251127243,-0.6196503639221191,0.7711403369903564,0.7170858979225159,1.3125823736190796,-0.45908665657043457
1779989365346072800,6.82307275390625,-0.02699873596429825,0.1362999975681305,-0.6387165188789368,0.7567923665046692,0.8633148670196533,1.3427566289901733,-0.6303396224975586
1779989365362404400,6.839404296875,-0.01580900512635708,0.13056515157222748,-0.6619960069656372,0.737878143787384,1.0907392501831055,1.3759268522262573,-0.882371723651886
1779989365378727400,6.8557275390625,-0.006500616203993559,0.12244091928005219,-0.6877414584159851,0.7155261635780334,1.4272149801254272,1.4019893407821655,-1.2439563274383545
1779989365395070500,6.872070556640625,0.00017514493083581328,0.11353852599859238,-0.7142062783241272,0.6906651258468628,1.855452060699463,1.4063856601715088,-1.6944148540496826
1779989365411409000,6.888408935546875,0.0032152580097317696,0.10737274587154388,-0.7384030818939209,0.6657489538192749,2.2261054515838623,1.3833948373794556,-2.0780200958251953
1779989365427734300,6.904734375,0.003407273441553116,0.10435190796852112,-0.7593364119529724,0.6422673463821411,2.4694764614105225,1.3452982902526855,-2.325683355331421
1779989365444070400,6.9210703125,0.003326698439195752,0.10172367095947266,-0.7778322100639343,0.6201760768890381,2.624094009399414,1.3020670413970947,-2.483558416366577
1779989365460409000,6.9374091796875,0.0029936989303678274,0.1017514243721962,-0.7950102090835571,0.5979938507080078,2.7237186431884766,1.2539193630218506,-2.5821645259857178
1779989365476736500,6.953736572265625,0.003282381920143962,0.10245439410209656,-0.8113600015640259,0.575488805770874,2.791555881500244,1.203174352645874,-2.6487812995910645
1779989365493068300,6.970068359375,0.007919786497950554,0.09878197312355042,-0.826050341129303,0.5548155903816223,2.8325014114379883,1.155623197555542,-2.7010891437530518
1779989365509393700,6.9863935546875,0.018596157431602478,0.08740846812725067,-0.8382591605186462,0.5378991365432739,2.852275848388672,1.1164472103118896,-2.752352714538574
1779989365525734400,7.002734375,0.0245311688631773,0.07303614914417267,-0.8516656160354614,0.5183913707733154,2.892185688018799,1.074619174003601,-2.8214080333709717
1779989365542075400,7.019075439453125,0.0222602728754282,0.05948762223124504,-0.8686939477920532,0.4912603795528412,2.9556655883789062,1.017622709274292,-2.9009313583374023
1779989365558407700,7.03540771484375,0.022184263914823532,0.04337199777364731,-0.8862336277961731,0.4606700539588928,3.0044777393341064,0.9520362615585327,-2.9730191230773926
1779989365574731800,7.051731689453125,0.025725219398736954,0.023625215515494347,-0.9021086096763611,0.43009325861930847,3.035842180252075,0.8863451480865479,-3.038994789123535
1779989365591069000,7.06806884765625,0.03327945992350578,0.00040376963443122804,-0.915831983089447,0.4001801908016205,3.0513875484466553,0.822675883769989,-3.101339817047119
1779989365607400000,7.08439990234375,0.04055957868695259,-0.02263174206018448,-0.9267461895942688,0.3728061318397522,3.060652494430542,0.7654051184654236,3.1253583431243896
1779989365623733200,7.100733154296875,0.049746233969926834,-0.045831553637981415,-0.9348012208938599,0.3486710488796234,3.0605828762054443,0.7160847783088684,3.0739405155181885
1779989365640066800,7.11706689453125,0.06085098162293434,-0.0681212767958641,-0.9405640363693237,0.3271026015281677,3.0520524978637695,0.6733551621437073,3.028351068496704
1779989365656403700,7.13340380859375,0.07332626730203629,-0.08855446428060532,-0.9443876147270203,0.3080802857875824,3.0369834899902344,0.6371177434921265,2.989128351211548
1779989365672732400,7.149732421875,0.08575756102800369,-0.10726998746395111,-0.9462193250656128,0.2929297387599945,3.0199778079986572,0.6098566651344299,2.9541428089141846
1779989365689066000,7.16606591796875,0.0970064029097557,-0.12415271252393723,-0.9466155171394348,0.28123804926872253,3.0041606426239014,0.5902103185653687,2.9226090908050537
1779989365705395700,7.182395751953125,0.10526096075773239,-0.13840597867965698,-0.9458664655685425,0.27404478192329407,2.993741750717163,0.5794419646263123,2.8951497077941895
1779989365721733400,7.1987333984375,0.11284477263689041,-0.1502785086631775,-0.9440076947212219,0.27116790413856506,2.98393177986145,0.5774455666542053,2.8727753162384033
1779989365738065700,7.215065673828125,0.12052310258150101,-0.1603105664253235,-0.9412499666213989,0.27170413732528687,2.9734275341033936,0.582514226436615,2.8547182083129883
1779989365754396200,7.231396240234375,0.1284288913011551,-0.1692880392074585,-0.9379724860191345,0.2739619016647339,2.9621646404266357,0.5912755131721497,2.839251756668091
1779989365770730800,7.247730712890625,0.13636311888694763,-0.17766860127449036,-0.9344349503517151,0.2768941819667816,2.950667142868042,0.6015657782554626,2.825195789337158
1779989365787061500,7.2640615234375,0.14497362077236176,-0.18548651039600372,-0.9306827783584595,0.2800126373767853,2.9373157024383545,0.6125884652137756,2.8129496574401855
1779989365803394800,7.280394775390625,0.15310806035995483,-0.19340874254703522,-0.9267994165420532,0.28318536281585693,2.925211191177368,0.6238163709640503,2.8001420497894287
1779989365819729000,7.29672900390625,0.15955452620983124,-0.20331887900829315,-0.9213703274726868,0.29031112790107727,2.919853448867798,0.6433124542236328,2.781373977661133
1779989365836062500,7.3130625,0.16423502564430237,-0.2137276828289032,-0.9152569770812988,0.29941967129707336,2.9201202392578125,0.6665714979171753,2.7597320079803467
1779989365852394200,7.329394287109375,0.16990523040294647,-0.22427649796009064,-0.9089568853378296,0.30761948227882385,2.918429374694824,0.6885746121406555,2.7380852699279785
1779989365868728000,7.34572802734375,0.17988157272338867,-0.23511481285095215,-0.9005297422409058,0.3184494078159332,2.9080607891082764,0.7183350324630737,2.718848466873169
1779989365885062700,7.362062744140625,0.1899043172597885,-0.24453870952129364,-0.8914530873298645,0.3308301568031311,2.8972299098968506,0.7514746785163879,2.702937364578247
1779989365901394000,7.378393798828125,0.19822867214679718,-0.25220009684562683,-0.882205605506897,0.3446938991546631,2.8898160457611084,0.7869006395339966,2.689667224884033
1779989365917713400,7.39471337890625,0.19994759559631348,-0.2554146349430084,-0.8734497427940369,0.3631390929222107,2.897028923034668,0.8278912305831909,2.6804935932159424
1779989365934061300,7.411061279296875,0.19711865484714508,-0.2532469928264618,-0.865116536617279,0.3854653835296631,2.9124157428741455,0.8738165497779846,2.6794371604919434
1779989365950399700,7.427399658203125,0.19352573156356812,-0.24510438740253448,-0.8577389717102051,0.4083572030067444,2.9223670959472656,0.9196603298187256,2.6938135623931885
1779989365966723800,7.443723876953125,0.19253858923912048,-0.2328660637140274,-0.8514557480812073,0.42863231897354126,2.915839433670044,0.9607024788856506,2.725661516189575
1779989365983059200,7.46005908203125,0.1958724409341812,-0.21995359659194946,-0.8451945781707764,0.4459826946258545,2.8902783393859863,0.9973753690719604,2.7697808742523193
1779989365999378700,7.476378662109375,0.20252077281475067,-0.20876285433769226,-0.8381035923957825,0.4615037739276886,2.851670503616333,1.031623363494873,2.81852388381958
1779989366015723500,7.4927236328125,0.21303783357143402,-0.20186543464660645,-0.83018559217453,0.4739800989627838,2.8022258281707764,1.061305284500122,2.8649353981018066
1779989366032055600,7.5090556640625,0.22777767479419708,-0.20157504081726074,-0.8204323649406433,0.4841235876083374,2.7458856105804443,1.0890990495681763,2.9013962745666504
1779989366048376600,7.52537646484375,0.24399584531784058,-0.20631709694862366,-0.808298647403717,0.4945227801799774,2.6892940998077393,1.1200568675994873,2.9283130168914795
1779989366064723200,7.54172314453125,0.258605420589447,-0.21290400624275208,-0.7939267158508301,0.5074204206466675,2.635801076889038,1.157558798789978,2.9521613121032715
1779989366081057300,7.558057373046875,0.2680808901786804,-0.21867327392101288,-0.778490424156189,0.5237054228782654,2.5923376083374023,1.2016717195510864,2.9754204750061035
1779989366097387300,7.57438720703125,0.27196210622787476,-0.22308380901813507,-0.7629889845848083,0.5423265695571899,2.561110496520996,1.2497923374176025,2.9970850944519043
1779989366113721600,7.5907216796875,0.2710554003715515,-0.2262418568134308,-0.748030960559845,0.561954915523529,2.5424437522888184,1.2992881536483765,3.0151114463806152
1779989366130059000,7.60705908203125,0.2656298875808716,-0.22708678245544434,-0.7348706126213074,0.5812379121780396,2.5375659465789795,1.3463226556777954,3.0291762351989746
1779989366146391800,7.623391845703125,0.261640340089798,-0.22607171535491943,-0.7245651483535767,0.5961889624595642,2.517571449279785,1.382125735282898,3.0581424236297607
1779989366162719500,7.639719482421875,0.2628159523010254,-0.2226862907409668,-0.7184447050094604,0.6042977571487427,2.451751947402954,1.3994730710983276,3.1278820037841797
1779989366179058400,7.656058349609375,0.26857975125312805,-0.22202640771865845,-0.714985728263855,0.6061062216758728,2.3819706439971924,1.4031376838684082,-3.0931284427642822
1779989366195386400,7.672386474609375,0.275215744972229,-0.22232051193714142,-0.7127817273139954,0.6056171655654907,2.322232246398926,1.4015849828720093,-3.0439419746398926
1779989366211700700,7.68870068359375,0.27992403507232666,-0.22232496738433838,-0.7123314142227173,0.6039851903915405,2.288463830947876,1.3970465660095215,-3.0174763202667236
1779989366228059400,7.705059326171875,0.28092044591903687,-0.2217971831560135,-0.7137983441352844,0.6019814610481262,2.290256977081299,1.3916796445846558,-3.02016282081604
1779989366244381000,7.721380859375,0.27788540720939636,-0.21993999183177948,-0.7173882126808167,0.5998002290725708,2.322384834289551,1.3851410150527954,-3.0450854301452637
1779989366260721700,7.7377216796875,0.2719900906085968,-0.21637916564941406,-0.7228381037712097,0.5972492694854736,2.37040376663208,1.3762478828430176,-3.0790789127349854
1779989366277034800,7.75403466796875,0.2654440104961395,-0.21165013313293457,-0.727931022644043,0.5957013368606567,2.409271478652954,1.3685681819915771,-3.1011672019958496
1779989366309721300,7.786721435546875,0.24503421783447266,-0.1958387941122055,-0.733315110206604,0.6032034158706665,2.4614784717559814,1.373758316040039,-3.0987329483032227
1779989366326056200,7.80305615234375,0.2333877831697464,-0.18597348034381866,-0.7332350611686707,0.610991358757019,2.4691855907440186,1.3851029872894287,-3.07399320602417
1779989366342381800,7.8193818359375,0.230386883020401,-0.17973965406417847,-0.730558454990387,0.6171708106994629,2.426102876663208,1.3949456214904785,-3.0169143676757812
1779989366358716400,7.83571630859375,0.23873846232891083,-0.1790160983800888,-0.7239782214164734,0.6219426989555359,2.3110876083374023,1.4034004211425781,-2.9130024909973145
1779989366375040300,7.852040283203125,0.2490825206041336,-0.17986904084682465,-0.7138945460319519,0.6292533278465271,2.1470108032226562,1.4160162210464478,-2.7652602195739746
1779989366391380700,7.868380615234375,0.2552163004875183,-0.1774008423089981,-0.7028191089630127,0.6398742198944092,1.9392428398132324,1.4291353225708008,-2.562638998031616
1779989366407710000,7.8847099609375,0.25904807448387146,-0.17474941909313202,-0.6913338899612427,0.6514708995819092,1.7000430822372437,1.4388279914855957,-2.3249831199645996
1779989366424053200,7.90105322265625,0.2611129581928253,-0.17300930619239807,-0.6812024116516113,0.6617032289505005,1.4759398698806763,1.4430980682373047,-2.101274013519287
1779989366440379100,7.917379150390625,0.2615116238594055,-0.1735880821943283,-0.6734384298324585,0.6692978739738464,1.3044921159744263,1.4462366104125977,-1.9312180280685425
1779989366456712400,7.93371240234375,0.26172250509262085,-0.17694926261901855,-0.6678029894828796,0.673965573310852,1.1822484731674194,1.4505213499069214,-1.8142114877700806
1779989366473050000,7.950050048828125,0.2624850869178772,-0.18053759634494781,-0.6648454070091248,0.675639271736145,1.120640516281128,1.4538381099700928,-1.759027361869812
1779989366489380000,7.966380126953125,0.2615208625793457,-0.18155522644519806,-0.667690634727478,0.6729292869567871,1.1861799955368042,1.4574048519134521,-1.8245785236358643
1779989366505709300,7.982709228515625,0.25755786895751953,-0.1797472983598709,-0.6774894595146179,0.6651036739349365,1.4137709140777588,1.4593130350112915,-2.0435309410095215
1779989366522052900,7.999052978515625,0.2532559037208557,-0.1774248331785202,-0.6921738386154175,0.6521329283714294,1.746572494506836,1.449449062347412,-2.3666563034057617
1779989366538378000,8.0153779296875,0.24893897771835327,-0.17571349442005157,-0.7101819515228271,0.6346620321273804,2.0657644271850586,1.4218968152999878,-2.677474021911621
1779989366554710500,8.03171044921875,0.24492575228214264,-0.17425327003002167,-0.7301733493804932,0.6135911345481873,2.2942466735839844,1.3776957988739014,-2.89900279045105
1779989366571043800,8.0480439453125,0.24148643016815186,-0.17299295961856842,-0.7513753175735474,0.5892306566238403,2.44205641746521,1.321222186088562,-3.0417587757110596
1779989366587379200,8.064379150390625,0.2360963523387909,-0.17184579372406006,-0.7731857299804688,0.5629487633705139,2.548670768737793,1.2586357593536377,-3.1413228511810303
1779989366603713500,8.080713623046876,0.22690436244010925,-0.169569730758667,-0.7939413189888,0.5379757285118103,2.6319172382354736,1.1976763010025024,3.072629451751709
1779989366620046000,8.097046142578124,0.21053636074066162,-0.16324755549430847,-0.8117839694023132,0.5196455121040344,2.7074196338653564,1.149156093597412,3.0283782482147217
1779989366636380000,8.1133798828125,0.18870903551578522,-0.15400931239128113,-0.8261811137199402,0.5080302357673645,2.7815215587615967,1.1142398118972778,2.9987964630126953
1779989366652708900,8.129708984375,0.17126721143722534,-0.14881490170955658,-0.8366296291351318,0.49857065081596375,2.839988946914673,1.0869499444961548,2.9726247787475586
1779989366669044000,8.1460439453125,0.16302496194839478,-0.15057779848575592,-0.8438902497291565,0.48846542835235596,2.8754193782806396,1.0623836517333984,2.94543194770813
1779989366685372000,8.162371826171874,0.16178961098194122,-0.15726305544376373,-0.8506432175636292,0.47486698627471924,2.893338918685913,1.032867670059204,2.9174294471740723
1779989366701710300,8.17871044921875,0.16292229294776917,-0.16426973044872284,-0.8598332405090332,0.4551467001438141,2.901055335998535,0.9903663396835327,2.8943963050842285
1779989366718043100,8.195043212890624,0.14749018847942352,-0.16264362633228302,-0.8700045347213745,0.4414588212966919,2.9447247982025146,0.9546629786491394,2.8740339279174805
1779989366734373600,8.21137353515625,0.1509038805961609,-0.1736726462841034,-0.8807130455970764,0.41401752829551697,2.9447128772735596,0.8973501920700073,2.8472158908843994
1779989366750706700,8.227706787109375,0.1562078595161438,-0.1873626559972763,-0.8902212977409363,0.3847081959247589,2.939915895462036,0.838267982006073,2.8168115615844727
1779989366767040300,8.244040283203125,0.1576877385377884,-0.1999056041240692,-0.8969741463661194,0.3613995611667633,2.943384885787964,0.7914561629295349,2.78605580329895
1779989366783372300,8.260372314453125,0.15810422599315643,-0.21229347586631775,-0.9016416668891907,0.3420189619064331,2.948659896850586,0.753075897693634,2.755598545074463
1779989366799704800,8.276704833984375,0.1609402894973755,-0.22438772022724152,-0.9049633741378784,0.32371222972869873,2.946420669555664,0.7183210253715515,2.728968381881714
1779989366816026600,8.293026611328125,0.1662120223045349,-0.23496228456497192,-0.9075542688369751,0.30579674243927,2.9360299110412598,0.6856308579444885,2.7085182666778564
1779989366838569700,8.31556982421875,0.17397485673427582,-0.24592798948287964,-0.909923255443573,0.28511741757392883,2.9183526039123535,0.6490633487701416,2.6890411376953125
1779989366854817000,8.331817138671875,0.17955197393894196,-0.2536344826221466,-0.9107264280319214,0.2720440924167633,2.905994176864624,0.6268500685691833,2.6750409603118896
1779989366871163100,8.3481630859375,0.1829923391342163,-0.26058873534202576,-0.9107452630996704,0.2629649043083191,2.899475336074829,0.6118215322494507,2.6610350608825684
1779989366887484200,8.364484130859376,0.182602658867836,-0.26623934507369995,-0.9104074835777283,0.25871041417121887,2.902667999267578,0.6044332385063171,2.6473898887634277
1779989366903828000,8.380827880859375,0.18150866031646729,-0.27094313502311707,-0.9092521071434021,0.2586601972579956,2.9086034297943115,0.6049631237983704,2.635383367538452
1779989366920163800,8.397163818359376,0.18273046612739563,-0.27549779415130615,-0.9065182209014893,0.26255545020103455,2.9111106395721436,0.6146911978721619,2.624965190887451
1779989366944648700,8.421648681640624,0.18944135308265686,-0.2826114594936371,-0.8988942503929138,0.27610141038894653,2.908079147338867,0.6478188037872314,2.6110806465148926
1779989366960995800,8.437995849609376,0.19512082636356354,-0.2861675024032593,-0.8919143676757812,0.2907317876815796,2.9054055213928223,0.681926965713501,2.6047980785369873
1779989366977314300,8.454314208984375,0.19577951729297638,-0.28712135553359985,-0.8861644864082336,0.3065032660961151,2.9131696224212646,0.7150426506996155,2.600584030151367
1779989366993660400,8.470660400390624,0.18815535306930542,-0.2840869426727295,-0.8835716247558594,0.3212374746799469,2.9370014667510986,0.7403923273086548,2.5990641117095947
1779989367009980700,8.486980712890626,0.18628545105457306,-0.28001853823661804,-0.8799771666526794,0.3354514539241791,2.945723295211792,0.7680110931396484,2.604790210723877
1779989367026326000,8.503325927734375,0.18712078034877777,-0.27836841344833374,-0.8743249177932739,0.3507886826992035,2.9510416984558105,0.8003267049789429,2.605926513671875
1779989367042659800,8.519659912109375,0.19154679775238037,-0.2808900773525238,-0.8667609095573425,0.364878386259079,2.951488733291626,0.8332664370536804,2.599147081375122
1779989367058991400,8.535991455078126,0.19270499050617218,-0.2814611494541168,-0.857845664024353,0.3843764364719391,2.9622626304626465,0.8756332993507385,2.5916454792022705
1779989367075324700,8.55232470703125,0.19077971577644348,-0.27815932035446167,-0.8484475612640381,0.40788137912750244,2.9801409244537354,0.9244111180305481,2.5885531902313232
1779989367091658200,8.568658203125,0.18928402662277222,-0.27162379026412964,-0.838455319404602,0.43287959694862366,2.994088888168335,0.9768319129943848,2.593494415283203
1779989367107978200,8.584978271484376,0.18805208802223206,-0.2604745030403137,-0.8287559747695923,0.45820650458335876,2.999253749847412,1.0302900075912476,2.6132280826568604
1779989367124327000,8.601326904296876,0.1845354288816452,-0.2446262091398239,-0.8202639818191528,0.4829820692539215,2.999786615371704,1.081428050994873,2.647162675857544
1779989367140655900,8.61765576171875,0.18109366297721863,-0.22534896433353424,-0.8129682540893555,0.5054758191108704,2.985503673553467,1.1278438568115234,2.6996207237243652
1779989367156992300,8.6339921875,0.1800088882446289,-0.20463012158870697,-0.8062834143638611,0.5250051617622375,2.9476404190063477,1.1687862873077393,2.7730188369750977
1779989367173315000,8.650315185546875,0.1857074350118637,-0.18769443035125732,-0.799807071685791,0.5390660762786865,2.8772315979003906,1.199920415878296,2.8619906902313232
1779989367189654500,8.666654541015625,0.20228107273578644,-0.1830659955739975,-0.7930935621261597,0.5445842146873474,2.783947229385376,1.2164515256881714,2.9382827281951904
1779989367205974500,8.682974609375,0.223337322473526,-0.18883016705513,-0.7846330404281616,0.5466394424438477,2.697359561920166,1.2290425300598145,2.9853367805480957
1779989367222323500,8.699323486328124,0.23844271898269653,-0.19547522068023682,-0.7744771242141724,0.5523764491081238,2.6344292163848877,1.2494945526123047,3.0166265964508057
1779989367238655500,8.715655517578124,0.2457391619682312,-0.20023253560066223,-0.7640543580055237,0.5619077086448669,2.595714569091797,1.276705265045166,3.0385658740997314
1779989367254987000,8.731987060546874,0.2478954792022705,-0.2030872106552124,-0.754466712474823,0.5727857351303101,2.572239637374878,1.3053836822509766,3.0558512210845947
1779989367271306800,8.748306640625,0.2474612295627594,-0.20451579988002777,-0.7459441423416138,0.5835268497467041,2.555384874343872,1.3326475620269775,3.0723814964294434
1779989367287652600,8.764652587890625,0.24664267897605896,-0.20551219582557678,-0.7380875945091248,0.5934298038482666,2.537213087081909,1.3577083349227905,3.0912508964538574
1779989367303987000,8.780987060546876,0.24845528602600098,-0.208029106259346,-0.7298697233200073,0.6019004583358765,2.5053939819335938,1.3807193040847778,3.1173620223999023
1779989367320320300,8.7973203125,0.2558678984642029,-0.21220211684703827,-0.7219840884208679,0.6068286299705505,2.440479278564453,1.3964067697525024,-3.117828845977783
1779989367336653000,8.813653076171875,0.26679179072380066,-0.21921676397323608,-0.7153274416923523,0.6075136661529541,2.3739333152770996,1.403946876525879,-3.078110933303833
1779989367352985300,8.8299853515625,0.27573060989379883,-0.2251559942960739,-0.7104203104972839,0.6071083545684814,2.3230576515197754,1.407945156097412,-3.0496504306793213
1779989367369319000,8.84631884765625,0.28125014901161194,-0.22848542034626007,-0.7062849402427673,0.608156681060791,2.278291940689087,1.4130696058273315,-3.018174648284912
1779989367385651700,8.862651611328126,0.28368985652923584,-0.2292243093252182,-0.7045415639877319,0.6087672114372253,2.2521822452545166,1.4148229360580444,-2.9968507289886475
1779989367401983000,8.87898291015625,0.28355973958969116,-0.2290581315755844,-0.7043587565422058,0.6091018915176392,2.24980092048645,1.415435791015625,-2.993999481201172
1779989367418317600,8.895317626953124,0.28049030900001526,-0.2264706939458847,-0.7049951553344727,0.6107521057128906,2.2533440589904785,1.4170235395431519,-2.988888740539551
1779989367434649000,8.911649169921875,0.27598047256469727,-0.2217249572277069,-0.7054004073143005,0.6140709519386292,2.2448511123657227,1.4204238653182983,-2.966248035430908
1779989367450983400,8.9279833984375,0.27065446972846985,-0.21484287083148956,-0.7053390741348267,0.6189390420913696,2.216660737991333,1.425203800201416,-2.919455051422119
1779989367467315200,8.944315185546875,0.2667994499206543,-0.20728778839111328,-0.7049559950828552,0.6236079335212708,2.1672356128692627,1.4281327724456787,-2.8527495861053467
1779989367483650600,8.960650634765624,0.26751986145973206,-0.201378732919693,-0.7038142681121826,0.6265183687210083,2.094935417175293,1.4268025159835815,-2.772677421569824
1779989367499982600,8.976982666015624,0.27338680624961853,-0.1980145126581192,-0.7013323903083801,0.6278398036956787,2.0027501583099365,1.4217818975448608,-2.6843864917755127
1779989367516315100,8.993315185546875,0.2803618907928467,-0.19555649161338806,-0.6983775496482849,0.6288273930549622,1.9133796691894531,1.415534496307373,-2.60198712348938
1779989367532648200,9.009648193359375,0.284824401140213,-0.1916872262954712,-0.6950753331184387,0.6316655874252319,1.8237230777740479,1.411283254623413,-2.513345718383789
1779989367548981000,9.02598095703125,0.2883828282356262,-0.1866232007741928,-0.6910439133644104,0.6359760165214539,1.723085880279541,1.4069828987121582,-2.4105639457702637
1779989367565313500,9.0423134765625,0.2925754189491272,-0.18360541760921478,-0.6860209703445435,0.6403624415397644,1.6228995323181152,1.4035142660140991,-2.312251567840576
1779989367581646000,9.05864599609375,0.2962377071380615,-0.18247942626476288,-0.6800318956375122,0.6453689932823181,1.5199600458145142,1.402416706085205,-2.2131714820861816
1779989367597980400,9.07498046875,0.2971528470516205,-0.18101376295089722,-0.6742915511131287,0.6513563990592957,1.4195891618728638,1.403183102607727,-2.1119465827941895
1779989367614315800,9.091315673828126,0.2975448668003082,-0.1803731918334961,-0.6695612072944641,0.6562166810035706,1.3382148742675781,1.403825283050537,-2.0301778316497803
1779989367630644500,9.10764453125,0.299371600151062,-0.1820441037416458,-0.6664859056472778,0.6580526232719421,1.2939373254776,1.4042503833770752,-1.991166353225708
1779989367646979000,9.12397900390625,0.29983699321746826,-0.1830492466688156,-0.6676058173179626,0.6564247012138367,1.3165266513824463,1.4046885967254639,-2.015963315963745
1779989367663313700,9.140313720703125,0.2990942895412445,-0.1838286817073822,-0.6736559867858887,0.6503362655639648,1.4206628799438477,1.4042913913726807,-2.1201670169830322
1779989367679643000,9.156642822265624,0.2992415428161621,-0.18595640361309052,-0.6839249134063721,0.6388438940048218,1.5979621410369873,1.3981540203094482,-2.3010950088500977
1779989367695978000,9.17297802734375,0.29963162541389465,-0.19010528922080994,-0.6981828212738037,0.6217891573905945,1.8245598077774048,1.3816661834716797,-2.535114288330078
1779989367712310800,9.189310791015625,0.2992810010910034,-0.1955871433019638,-0.7157398462295532,0.5999109745025635,2.0516486167907715,1.3504937887191772,-2.7711868286132812
1779989367728642300,9.205642333984375,0.2966238260269165,-0.20100022852420807,-0.7356187701225281,0.5748724341392517,2.242046594619751,1.3055076599121094,-2.9678571224212646
1779989367744975000,9.22197509765625,0.2889131009578705,-0.20366190373897552,-0.7564305067062378,0.5503307580947876,2.3889095783233643,1.254054069519043,-3.109856128692627
1779989367761308200,9.23830810546875,0.2745286524295807,-0.20060618221759796,-0.7766162753105164,0.5303379893302917,2.5013017654418945,1.2051209211349487,3.084505558013916
1779989367777644000,9.25464404296875,0.2570842504501343,-0.19388478994369507,-0.7947750091552734,0.5144404768943787,2.588127851486206,1.161543369293213,3.031599998474121
1779989367793975600,9.2709755859375,0.23986448347568512,-0.1869630515575409,-0.8096095323562622,0.5020382404327393,2.656656503677368,1.1257749795913696,2.9973177909851074
1779989367810323500,9.287323486328125,0.22529681026935577,-0.18196052312850952,-0.8211613893508911,0.49175772070884705,2.710002899169922,1.0965018272399902,2.9716203212738037
1779989367826641400,9.303641357421874,0.21481570601463318,-0.18028172850608826,-0.8307199478149414,0.4808920919895172,2.7506091594696045,1.068393349647522,2.9474058151245117
1779989367842972700,9.31997265625,0.20833685994148254,-0.18241780996322632,-0.8396205306053162,0.4672869145870209,2.7815608978271484,1.0366352796554565,2.9205613136291504
1779989367859308800,9.336308837890625,0.20515188574790955,-0.1880674958229065,-0.8490009903907776,0.4491555094718933,2.8047704696655273,0.9969732165336609,2.8901734352111816
1779989367875640800,9.352640869140625,0.20599757134914398,-0.19704832136631012,-0.8576356172561646,0.428016722202301,2.816973924636841,0.9533295631408691,2.858628988265991
1779989367891971600,9.3689716796875,0.2085607349872589,-0.20922274887561798,-0.8646888136863708,0.4062531888484955,2.825444459915161,0.9105424284934998,2.822556257247925
1779989367908293000,9.385293212890625,0.2074882537126541,-0.22242261469364166,-0.8716844916343689,0.3842433989048004,2.8424179553985596,0.8666711449623108,2.781160354614258
1779989367924632300,9.40163232421875,0.2036873996257782,-0.23549848794937134,-0.8784726858139038,0.3624054789543152,2.862983226776123,0.8222262263298035,2.739856243133545
1779989367940966100,9.417966064453125,0.20112287998199463,-0.24798597395420074,-0.8839524984359741,0.3415854871273041,2.8765220642089844,0.7805101871490479,2.7041406631469727
1779989367957304800,9.434304931640625,0.20199309289455414,-0.26016148924827576,-0.8880322575569153,0.3208012282848358,2.878615379333496,0.7407821416854858,2.674233913421631
1779989367973638100,9.45063818359375,0.20553137362003326,-0.2717072665691376,-0.8910785913467407,0.29985150694847107,2.871924877166748,0.7024259567260742,2.6489932537078857
1779989367989970700,9.466970703125,0.2101781964302063,-0.282271146774292,-0.8933990597724915,0.2792603075504303,2.860867500305176,0.6657336354255676,2.627159833908081
1779989368006302700,9.483302734375,0.21381407976150513,-0.29161402583122253,-0.8949217796325684,0.2614569365978241,2.851740598678589,0.6343689560890198,2.6073315143585205
1779989368022635800,9.4996357421875,0.21454176306724548,-0.3002767264842987,-0.8953773379325867,0.24920932948589325,2.8508288860321045,0.6127466559410095,2.587005615234375
1779989368038969000,9.515968994140625,0.2135171741247177,-0.30823850631713867,-0.8946560025215149,0.24287869036197662,2.855867624282837,0.6019055843353271,2.567232847213745
1779989368055302000,9.532302001953125,0.2115463763475418,-0.3154042959213257,-0.8926918506622314,0.2426302284002304,2.8654680252075195,0.6024141907691956,2.5486133098602295
1779989368071635500,9.548635498046876,0.2096719741821289,-0.3216150403022766,-0.8898947834968567,0.24635103344917297,2.8764395713806152,0.6105526089668274,2.5319902896881104
1779989368087955500,9.56495556640625,0.20761270821094513,-0.3270474672317505,-0.8869147300720215,0.25163307785987854,2.888394594192505,0.6213736534118652,2.5167272090911865
1779989368104291600,9.58129150390625,0.20594750344753265,-0.33166447281837463,-0.8839384913444519,0.25736579298973083,2.8993847370147705,0.6330444812774658,2.503358840942383
1779989368120634600,9.597634521484375,0.20504356920719147,-0.33628422021865845,-0.8800411820411682,0.26532575488090515,2.9104251861572266,0.6496415734291077,2.4897446632385254
1779989368136968200,9.61396826171875,0.20630556344985962,-0.34180909395217896,-0.874182403087616,0.27642324566841125,2.919945240020752,0.6742644309997559,2.4741082191467285
1779989368153300500,9.630300537109376,0.2097143679857254,-0.3487023711204529,-0.8659974336624146,0.2906458079814911,2.9288363456726074,0.7071276903152466,2.454777479171753
1779989368169645300,9.646645263671875,0.2126435488462448,-0.35473862290382385,-0.8569445610046387,0.3075535297393799,2.941305160522461,0.7450089454650879,2.4351155757904053
1779989368185966600,9.662966552734375,0.21375609934329987,-0.35640406608581543,-0.8491774201393127,0.3258562982082367,2.9559485912323,0.7835330367088318,2.4237148761749268
1779989368202298400,9.67929833984375,0.21433454751968384,-0.35593876242637634,-0.8441728353500366,0.3387337625026703,2.965529203414917,0.810279130935669,2.4192135334014893
1779989368218633700,9.6956337890625,0.22535264492034912,-0.3582177758216858,-0.8371991515159607,0.346401184797287,2.9478988647460938,0.8352499008178711,2.419147253036499
1779989368234964200,9.711964111328125,0.23837292194366455,-0.3605453073978424,-0.8282483220100403,0.3566373586654663,2.9270637035369873,0.867411196231842,2.4201014041900635
1779989368251286500,9.72828662109375,0.24550621211528778,-0.3591580092906952,-0.8193727731704712,0.37331029772758484,2.9218590259552,0.9077351689338684,2.4228975772857666
1779989368267630600,9.744630615234374,0.24938736855983734,-0.35442790389060974,-0.8109380602836609,0.3931492865085602,2.923083543777466,0.9517275094985962,2.4304540157318115
1779989368283955500,9.76095556640625,0.2506343424320221,-0.3463338315486908,-0.8031395673751831,0.4149723947048187,2.9276366233825684,0.9975925087928772,2.4441938400268555
1779989368300299000,9.777299072265626,0.24873612821102142,-0.3344133198261261,-0.7961544394493103,0.4386754333972931,2.9356231689453125,1.0448875427246094,2.465156316757202
1779989368316629200,9.793629150390625,0.24332530796527863,-0.3195328414440155,-0.7903125882148743,0.4627067446708679,2.947957992553711,1.0905189514160156,2.4908480644226074
1779989368332963000,9.809963134765624,0.23873277008533478,-0.3031347095966339,-0.785525918006897,0.4838029444217682,2.948411464691162,1.130947232246399,2.5278284549713135
1779989368375836400,9.85283642578125,0.2554296553134918,-0.2633048892021179,-0.7723297476768494,0.518587589263916,2.7905325889587402,1.2098215818405151,2.7284798622131348
1779989368392168400,9.86916845703125,0.2741040885448456,-0.2602750360965729,-0.7657315135002136,0.52036452293396,2.691490888595581,1.2214711904525757,2.804093360900879
1779989368408500000,9.8855,0.2994784414768219,-0.2650769054889679,-0.7564283609390259,0.5175548195838928,2.5814242362976074,1.227813959121704,2.8674886226654053
1779989368424837400,9.90183740234375,0.3235092759132385,-0.27248501777648926,-0.7437170147895813,0.5176666975021362,2.478192090988159,1.2415858507156372,2.9221928119659424
1779989368441168400,9.91816845703125,0.3383950889110565,-0.27837613224983215,-0.7297061681747437,0.5249042510986328,2.3996083736419678,1.267824411392212,2.9697611331939697
1779989368457501000,9.9345009765625,0.3439306616783142,-0.2810421288013458,-0.7161129713058472,0.538432240486145,2.339231252670288,1.3034473657608032,3.019594430923462
1779989368473833000,9.9508330078125,0.343950092792511,-0.28087323904037476,-0.7031590938568115,0.5553160905838013,2.2774901390075684,1.3429888486862183,3.0840203762054443
1779989368490166500,9.96716650390625,0.34326910972595215,-0.2811129689216614,-0.6901630759239197,0.5716789960861206,2.1989705562591553,1.38129460811615,-3.1179566383361816
1779989368506499600,9.98349951171875,0.3475715219974518,-0.284767746925354,-0.6771258115768433,0.5827539563179016,2.0892343521118164,1.4103105068206787,-3.019573450088501
1779989368522832600,9.99983251953125,0.35562852025032043,-0.28925368189811707,-0.6659699082374573,0.5885105729103088,1.9582719802856445,1.4264100790023804,-2.9079415798187256
1779989368539163600,10.01616357421875,0.3639533817768097,-0.2935543656349182,-0.6567947268486023,0.591594934463501,1.8331047296524048,1.4349942207336426,-2.802637815475464
1779989368555501600,10.03250146484375,0.3698507249355316,-0.2950548827648163,-0.6492071747779846,0.5955528616905212,1.7024649381637573,1.4405267238616943,-2.683671712875366
1779989368571831600,10.04883154296875,0.3740063011646271,-0.2943556606769562,-0.6422696709632874,0.6008026003837585,1.5574705600738525,1.443717360496521,-2.5441246032714844
1779989368588164000,10.0651640625,0.3772457540035248,-0.29231348633766174,-0.6361715793609619,0.6062377095222473,1.4153499603271484,1.443355679512024,-2.4039433002471924
1779989368604499000,10.0814990234375,0.38023510575294495,-0.2897910475730896,-0.6305834054946899,0.6113976836204529,1.285094976425171,1.439950704574585,-2.2745585441589355
1779989368620830500,10.09783056640625,0.38171830773353577,-0.28777533769607544,-0.6267473101615906,0.6153570413589478,1.1970956325531006,1.4368679523468018,-2.18581223487854
1779989368637162500,10.11416259765625,0.3824191391468048,-0.2878789007663727,-0.6242424845695496,0.6174160838127136,1.1478673219680786,1.4366471767425537,-2.1378872394561768
1779989368653496000,10.13049609375,0.3845759630203247,-0.2904279828071594,-0.6223849058151245,0.6167576313018799,1.1317039728164673,1.4373146295547485,-2.1292877197265625
1779989368669820200,10.146820068359375,0.3859601318836212,-0.29280218482017517,-0.6221715211868286,0.6149831414222717,1.1460025310516357,1.4385628700256348,-2.149611473083496
1779989368686171400,10.16317138671875,0.38478338718414307,-0.2942103445529938,-0.6227787733078003,0.6144336462020874,1.1607460975646973,1.4420762062072754,-2.1646032333374023
1779989368702495200,10.1794951171875,0.3813505172729492,-0.29424232244491577,-0.6235677003860474,0.6157569289207458,1.1611286401748657,1.4470336437225342,-2.1593213081359863
1779989368718828300,10.195828369140624,0.37743863463401794,-0.29378318786621094,-0.6248488426208496,0.6170862317085266,1.1678311824798584,1.4519113302230835,-2.1588168144226074
1779989368735162400,10.212162353515625,0.3756624758243561,-0.2941734194755554,-0.6259581446647644,0.6168598532676697,1.1876540184020996,1.454771876335144,-2.1763179302215576
1779989368751492400,10.228492431640625,0.3756120204925537,-0.2934476137161255,-0.6257120370864868,0.6174857020378113,1.1768642663955688,1.4539514780044556,-2.164304733276367
1779989368767828000,10.244827880859376,0.3732321858406067,-0.288703590631485,-0.6247146129608154,0.6221573352813721,1.1129984855651855,1.4511299133300781,-2.0890846252441406
1779989368784160300,10.26116015625,0.36849111318588257,-0.28088676929473877,-0.622736930847168,0.6304884552955627,1.004469394683838,1.446340799331665,-1.960617184638977
1779989368800495400,10.277495361328125,0.3666776120662689,-0.27299603819847107,-0.6171942353248596,0.640384316444397,0.8575859069824219,1.4342061281204224,-1.7986812591552734
1779989368816823000,10.293822998046876,0.370509535074234,-0.26613757014274597,-0.6084542870521545,0.6493666172027588,0.7286621332168579,1.4120913743972778,-1.6657747030258179
1779989368833159400,10.310159423828125,0.3766065239906311,-0.2590494751930237,-0.5992963314056396,0.6571946144104004,0.6448020339012146,1.3852092027664185,-1.581511378288269
1779989368849502200,10.326502197265626,0.38181573152542114,-0.24911673367023468,-0.5906242728233337,0.6658233404159546,0.5898600220680237,1.3546732664108276,-1.5206016302108765
1779989368865822500,10.342822509765625,0.38680505752563477,-0.23901823163032532,-0.5814066529273987,0.6746988296508789,0.5454802513122559,1.3230016231536865,-1.4699338674545288
1779989368882160600,10.35916064453125,0.39361023902893066,-0.2310703843832016,-0.5704812407493591,0.6828094720840454,0.5036888718605042,1.2904633283615112,-1.4284745454788208
1779989368898492000,10.375491943359375,0.4003036916255951,-0.22582033276557922,-0.5593264102935791,0.689866840839386,0.46385255455970764,1.261391282081604,-1.3931034803390503
1779989368914822400,10.391822509765625,0.40475335717201233,-0.2223653644323349,-0.5503042340278625,0.6956247091293335,0.43171942234039307,1.2394853830337524,-1.364342451095581
1779989368931162000,10.408162109375,0.41192826628685,-0.22305360436439514,-0.5441921949386597,0.6960007548332214,0.42056775093078613,1.2264032363891602,-1.3669747114181519
1779989368947490800,10.42449072265625,0.42342063784599304,-0.22922903299331665,-0.540490448474884,0.6899558901786804,0.42713436484336853,1.2224830389022827,-1.4025026559829712
1779989368963823000,10.440822998046874,0.43416088819503784,-0.23800769448280334,-0.5411619544029236,0.6797061562538147,0.45257294178009033,1.2295236587524414,-1.4591283798217773
1779989368980154400,10.457154296875,0.44161826372146606,-0.24854165315628052,-0.5479580760002136,0.6655392050743103,0.5066810250282288,1.2497198581695557,-1.5409095287322998
1779989368996488400,10.473488525390625,0.4463101327419281,-0.2636859714984894,-0.5589646697044373,0.6471750736236572,0.5887947678565979,1.282984972000122,-1.6528615951538086
1779989369012821000,10.489821044921875,0.4485860764980316,-0.28659677505493164,-0.5709810853004456,0.6249908208847046,0.6978024244308472,1.3287205696105957,-1.8001420497894287
1779989369029155600,10.506155517578126,0.445269376039505,-0.31421390175819397,-0.5821457505226135,0.6034163236618042,0.8401519656181335,1.3827544450759888,-1.9796440601348877
1779989369045484000,10.522484130859375,0.43302813172340393,-0.33658450841903687,-0.5932300686836243,0.5893010497093201,1.034563660621643,1.4341859817504883,-2.1884639263153076
1779989369061824500,10.538824462890625,0.41755470633506775,-0.35025158524513245,-0.6053661704063416,0.5800895094871521,1.3553142547607422,1.4690821170806885,-2.5048110485076904
1779989369078152000,10.55515185546875,0.4083958864212036,-0.35979604721069336,-0.6175600290298462,0.5677846074104309,1.7931245565414429,1.472375512123108,-2.943164587020874
1779989369094487000,10.571487060546875,0.40883326530456543,-0.3739449381828308,-0.6252530217170715,0.5496174693107605,2.1216821670532227,1.45293390750885,2.9860522747039795
1779989369110817800,10.58781787109375,0.4139496386051178,-0.3920600116252899,-0.6279518008232117,0.5297273993492126,2.314131736755371,1.428357720375061,2.7526721954345703
1779989369127153400,10.6041533203125,0.4232434630393982,-0.41352951526641846,-0.6256638169288635,0.508333683013916,2.4232797622680664,1.4041059017181396,2.5884861946105957
1779989369143484400,10.620484375,0.4387195110321045,-0.4376745820045471,-0.6185855865478516,0.48303014039993286,2.4618608951568604,1.3787921667099,2.4772777557373047
1779989369159819000,10.636819091796875,0.4607815444469452,-0.46392810344696045,-0.6067975163459778,0.45193785429000854,2.4439799785614014,1.3513059616088867,2.403347969055176
1779989369176154400,10.653154296875,0.48908111453056335,-0.4937180280685425,-0.5887362360954285,0.41283392906188965,2.3920083045959473,1.3213001489639282,2.339299201965332
1779989369192484400,10.669484375,0.5078326463699341,-0.5251540541648865,-0.5747911334037781,0.3686928153038025,2.3947887420654297,1.2772489786148071,2.2270941734313965
1779989369208817200,10.685817138671876,0.5058624744415283,-0.54923015832901,-0.5730366110801697,0.3377552032470703,2.465200424194336,1.2308183908462524,2.10064697265625
1779989369225147600,10.702147705078126,0.4980238378047943,-0.5681303143501282,-0.5724644064903259,0.3185666799545288,2.536363124847412,1.1961060762405396,1.9975471496582031
1779989369241472500,10.718472412109374,0.49258658289909363,-0.5835176110267639,-0.5688704252243042,0.30537232756614685,2.585357189178467,1.173991322517395,1.9207662343978882
1779989369257803800,10.7348037109375,0.4864535331726074,-0.5984252095222473,-0.564445436000824,0.2943662106990814,2.633425235748291,1.1543183326721191,1.847387433052063
1779989369274148900,10.75114892578125,0.47872409224510193,-0.6183663606643677,-0.5564813017845154,0.2806686758995056,2.6912763118743896,1.1300359964370728,1.7539359331130981
1779989369290482700,10.767482666015624,0.4744950234889984,-0.6427674293518066,-0.5418397784233093,0.26098692417144775,2.7336668968200684,1.1035367250442505,1.6540815830230713
1779989369306814200,10.783814208984374,0.47422727942466736,-0.6685344576835632,-0.5209112167358398,0.23837293684482574,2.7596850395202637,1.080974817276001,1.554811716079712
1779989369323148300,10.800148193359375,0.4748995006084442,-0.6939206719398499,-0.49589866399765015,0.21686214208602905,2.78387713432312,1.0637208223342896,1.4529221057891846
1779989369339480800,10.816480712890625,0.47387468814849854,-0.7194272875785828,-0.4681333005428314,0.19677019119262695,2.8146557807922363,1.0472791194915771,1.3436402082443237
1779989369355812600,10.8328125,0.46996811032295227,-0.7442532777786255,-0.4402703046798706,0.1771416813135147,2.847362756729126,1.0265758037567139,1.235053300857544
1779989369372146400,10.849146484375,0.46384137868881226,-0.7680772542953491,-0.41254061460494995,0.15722188353538513,2.8765945434570312,1.0014487504959106,1.1313984394073486
1779989369388480800,10.865480712890625,0.4571388065814972,-0.7909428477287292,-0.3830457627773285,0.13678286969661713,2.9006307125091553,0.9754056930541992,1.030263900756836
1779989369404813600,10.8818134765625,0.45077964663505554,-0.811862587928772,-0.35224947333335876,0.11660660803318024,2.918940305709839,0.9511629939079285,0.9337496757507324
1779989369421147400,10.8981474609375,0.44345664978027344,-0.8313928246498108,-0.32093000411987305,0.0955832451581955,2.931128740310669,0.9251722693443298,0.8420295119285583
1779989369437478000,10.914477783203125,0.433771014213562,-0.8501381874084473,-0.28933650255203247,0.07343078404664993,2.938589096069336,0.8947025537490845,0.7537452578544617
1779989369453812200,10.930812255859376,0.4221726357936859,-0.8674125671386719,-0.2582201063632965,0.05184812471270561,2.9435243606567383,0.8620402812957764,0.6699910759925842
1779989369470148600,10.947148681640625,0.4101701080799103,-0.8828045725822449,-0.22687500715255737,0.030732152983546257,2.9448843002319336,0.8303162455558777,0.5900303721427917
1779989369486476300,10.963476318359374,0.3990987241268158,-0.8958319425582886,-0.19519546627998352,0.010200148448348045,2.942387104034424,0.8024096488952637,0.5138149261474609
1779989369502811100,10.97981103515625,-0.38955914974212646,0.9062444567680359,0.16396811604499817,0.008898423053324223,2.937835216522217,0.7798228859901428,0.44196590781211853
1779989369519127800,10.9961279296875,-0.3813004195690155,0.9142791628837585,0.1344398409128189,0.025092624127864838,2.9349584579467773,0.7621567845344543,0.37503573298454285
1779989369535473400,11.012473388671875,-0.3740616738796234,0.9205166101455688,0.10618598759174347,0.038102515041828156,2.9359827041625977,0.7485376596450806,0.3106957972049713
1779989369551811600,11.0288115234375,-0.36772704124450684,0.9253413081169128,0.0782753974199295,0.048921480774879456,2.9400179386138916,0.738105058670044,0.2469688355922699
1779989369568130300,11.04513037109375,-0.36404916644096375,0.9283073544502258,0.05011606216430664,0.05658760666847229,2.9496877193450928,0.7345147728919983,0.1818898618221283
1779989369584476200,11.06147607421875,-0.3637842535972595,0.9290826916694641,0.020629452541470528,0.06356913596391678,2.960533857345581,0.7387287020683289,0.11465785652399063
1779989369600809000,11.07780908203125,-0.3674919307231903,0.9274400472640991,-0.009310434572398663,0.06868807226419449,2.975785255432129,0.7517696022987366,0.04548553004860878
1779989369617133600,11.094133544921876,-0.3744007349014282,0.9236465692520142,-0.039305731654167175,0.07180674374103546,2.997096061706543,0.7715857625007629,-0.026286588981747627
1779989369633475300,11.110475341796874,-0.3829348385334015,0.9182382822036743,-0.06837703287601471,0.07432300597429276,3.021251678466797,0.7943593859672546,-0.09812653064727783
1779989369649807400,11.126807373046875,-0.3922322690486908,0.9113015532493591,-0.09690750390291214,0.0793246179819107,3.0410726070404053,0.8186995983123779,-0.16824182868003845
1779989369666144000,11.14314404296875,-0.40073490142822266,0.9031780362129211,-0.12528309226036072,0.08936003595590591,3.049816608428955,0.8424264788627625,-0.23452676832675934
1779989369682472000,11.159471923828125,-0.40394988656044006,0.8967508673667908,-0.15207333862781525,0.09765232354402542,3.061894178390503,0.8544127941131592,-0.29967132210731506
1779989369698806300,11.17580615234375,-0.40040895342826843,0.8913582563400269,-0.18088163435459137,0.11151260137557983,3.0593581199645996,0.8543691039085388,-0.3629676103591919
1779989369715140000,11.19214013671875,-0.395081102848053,0.8864824771881104,-0.20371030271053314,0.1286935955286026,3.0393004417419434,0.8524534702301025,-0.4052705466747284
1779989369731472100,11.20847216796875,-0.3921925723552704,0.8834747076034546,-0.21382111310958862,0.14120134711265564,3.0169119834899902,0.8531690239906311,-0.41818875074386597
1779989369747805700,11.2248056640625,-0.38897112011909485,0.8813220858573914,-0.2194972038269043,0.15425251424312592,2.9871931076049805,0.8531166315078735,-0.41789764165878296
1779989369764116500,11.241116455078124,-0.3831079304218292,0.8796599507331848,-0.2237623780965805,0.17133885622024536,2.94354248046875,0.8491024971008301,-0.40842103958129883
1779989369780477200,11.257477294921875,-0.37964075803756714,0.8771321177482605,-0.22896401584148407,0.1846286952495575,2.912548065185547,0.8488742113113403,-0.4068107306957245
1779989369796802800,11.273802734375,-0.3931378126144409,0.8701837062835693,-0.23260235786437988,0.18471400439739227,2.922595262527466,0.8790512681007385,-0.4190976619720459
1779989369813136100,11.29013623046875,-0.4147926867008209,0.863806426525116,-0.22958414256572723,0.17051860690116882,2.969116687774658,0.9188393354415894,-0.43406403064727783
1779989369829449000,11.306448974609374,-0.4349350333213806,0.8581991195678711,-0.2244151085615158,0.1548023670911789,3.0193428993225098,0.9544600248336792,-0.44826412200927734
1779989369845804000,11.322803955078125,-0.4487179219722748,0.8531392216682434,-0.22195273637771606,0.14677435159683228,3.0493831634521484,0.9805285334587097,-0.4597962200641632
1779989369862138600,11.339138671875,-0.45948079228401184,0.8476218581199646,-0.22145245969295502,0.14619649946689606,3.0589184761047363,1.0041073560714722,-0.4656980633735657
1779989369878469600,11.3554697265625,-0.4719972312450409,0.8412854671478271,-0.21895483136177063,0.14668448269367218,3.063312292098999,1.032149076461792,-0.4647989273071289
1779989369894802000,11.371802001953125,-0.48645809292793274,0.8344435095787048,-0.21373748779296875,0.14621570706367493,3.067201614379883,1.0640889406204224,-0.45770063996315
1779989369911140600,11.388140625,-0.5024436116218567,0.827095091342926,-0.2063443511724472,0.1445208489894867,3.0717523097991943,1.0990574359893799,-0.44619497656822205
1779989369927467300,11.40446728515625,-0.5191614627838135,0.8195921778678894,-0.1964862197637558,0.14189128577709198,3.0737826824188232,1.1355369091033936,-0.42733100056648254
1779989369943800000,11.420800048828125,-0.5358849167823792,0.8120529651641846,-0.18451929092407227,0.13910405337810516,3.0689537525177,1.1723594665527344,-0.39861688017845154
1779989369960132900,11.4371328125,-0.5516358017921448,0.8046087622642517,-0.17133556306362152,0.13764777779579163,3.0499818325042725,1.2078922986984253,-0.35638827085494995
1779989369976466000,11.4534658203125,-0.5656746625900269,0.797742486000061,-0.15728691220283508,0.13740521669387817,3.014188289642334,1.239893913269043,-0.29833126068115234
1779989369992799200,11.46979931640625,-0.5777295827865601,0.7913914322853088,-0.14393825829029083,0.13859988749027252,2.963064670562744,1.2673760652542114,-0.2284877747297287
1779989370009140500,11.486140380859375,-0.5879890322685242,0.7849920392036438,-0.13297602534294128,0.14273729920387268,2.893906593322754,1.2909386157989502,-0.1486695110797882
1779989370025462500,11.502462646484375,-0.5964664816856384,0.7784456610679626,-0.12610815465450287,0.1494886577129364,2.815988540649414,1.310590147972107,-0.07004619389772415
1779989370041802200,11.51880224609375,-0.603049099445343,0.7717974781990051,-0.1252366006374359,0.15803861618041992,2.7464048862457275,1.327080488204956,-0.01120773795992136
1779989370058140200,11.53514013671875,-0.6077634692192078,0.7650996446609497,-0.13074854016304016,0.16778217256069183,2.696303606033325,1.3417078256607056,0.017053216695785522
1779989370074464000,11.551464111328125,-0.6108831763267517,0.7590975761413574,-0.13962386548519135,0.17634563148021698,2.672048330307007,1.3544299602508545,0.016196234151721
1779989370090797300,11.56779736328125,-0.6134106516838074,0.7543378472328186,-0.14803878962993622,0.18106994032859802,2.675232172012329,1.3657349348068237,-0.005903278477489948
1779989370107132200,11.584132080078126,-0.6168628334999084,0.7503580451011658,-0.15481813251972198,0.18020647764205933,2.7133498191833496,1.3783245086669922,-0.05236823484301567
1779989370123463000,11.600462890625,-0.6215841174125671,0.7464568614959717,-0.16072922945022583,0.17493310570716858,2.7877261638641357,1.392826795578003,-0.12734675407409668
1779989370139796700,11.616796630859374,-0.62743079662323,0.7419396638870239,-0.16629308462142944,0.167936772108078,2.8878445625305176,1.4086620807647705,-0.2250417023897171
1779989370156131000,11.633131103515625,-0.6355003118515015,0.7364171147346497,-0.16818085312843323,0.15982618927955627,2.9895107746124268,1.4274678230285645,-0.31728050112724304
1779989370172462800,11.649462890625,-0.644207239151001,0.7307834625244141,-0.16714441776275635,0.15170802175998688,3.09017014503479,1.446347951889038,-0.40431106090545654
1779989370188795000,11.665794921875,-0.6502731442451477,0.7268581986427307,-0.16575011610984802,0.1461130678653717,-3.1132941246032715,1.4589279890060425,-0.4737038016319275
1779989370205129500,11.68212939453125,-0.6531322002410889,0.7255396842956543,-0.1637701541185379,0.14209149777889252,-3.069004774093628,1.4638558626174927,-0.5092216730117798
1779989370221449200,11.69844921875,-0.6549801230430603,0.725540816783905,-0.16050715744495392,0.13721953332424164,-3.035221576690674,1.4656676054000854,-0.5311910510063171
1779989370237781500,11.714781494140626,-0.6569026708602905,0.7259545922279358,-0.15550436079502106,0.13148115575313568,-3.011415719985962,1.4673556089401245,-0.5394299030303955
1779989370254128400,11.73112841796875,-0.6590860486030579,0.7261698246002197,-0.14930376410484314,0.12645761668682098,-3.0098512172698975,1.4705346822738647,-0.524742603302002
1779989370270460400,11.74746044921875,-0.6614388823509216,0.7259021401405334,-0.14306104183197021,0.12287542968988419,-3.0275211334228516,1.4752320051193237,-0.49285319447517395
1779989370286791400,11.76379150390625,-0.6642829775810242,0.7249712944030762,-0.1367635279893875,0.12016928941011429,-3.0575599670410156,1.4817925691604614,-0.4497869610786438
1779989370303127800,11.7801279296875,-0.6682206392288208,0.722909152507782,-0.130159392952919,0.11807665228843689,-3.10073184967041,1.4915693998336792,-0.39402779936790466
1779989370319458800,11.796458740234375,-0.6729971170425415,0.7193169593811035,-0.12470244616270065,0.11877427995204926,3.0957627296447754,1.5047444105148315,-0.3004130423069
1779989370335779600,11.812779541015624,-0.6786060333251953,0.7139644026756287,-0.12106055021286011,0.12285381555557251,2.9175243377685547,1.520723819732666,-0.12272197008132935
1779989370352127200,11.829127197265626,-0.6857467293739319,0.7065107822418213,-0.11856087297201157,0.12859772145748138,2.515641212463379,1.538182258605957,0.27456796169281006
1779989370368445400,11.845445556640625,-0.6942206621170044,0.6974708437919617,-0.116734579205513,0.1340342015028,1.5782315731048584,1.545902967453003,1.2068095207214355
1779989370384790500,11.86179052734375,-0.7027832269668579,0.6882070302963257,-0.11575692892074585,0.13808469474315643,0.8119358420372009,1.5330919027328491,1.9686589241027832
1779989370401122800,11.878122802734374,-0.7103187441825867,0.6794995069503784,-0.11634157598018646,0.1420994997024536,0.512322723865509,1.5139851570129395,2.261561155319214
1779989370417456000,11.8944560546875,-0.7170056104660034,0.6715763807296753,-0.11745195090770721,0.14523518085479736,0.3619181215763092,1.4954707622528076,2.4057414531707764
1779989370433787100,11.910787109375,-0.724270224571228,0.6638304591178894,-0.1177806630730629,0.14453203976154327,0.22992341220378876,1.4772899150848389,2.5381298065185547
1779989370450124000,11.9271240234375,-0.7303832173347473,0.6573150157928467,-0.11897878348827362,0.14255329966545105,0.1258137822151184,1.4621648788452148,2.6432201862335205
1779989370466448400,11.943448486328125,-0.7319580316543579,0.6545261740684509,-0.12106949090957642,0.14551754295825958,0.11587350815534592,1.4559013843536377,2.645805835723877
1779989370482788900,11.959788818359375,-0.7293638586997986,0.6551156640052795,-0.12514251470565796,0.15228711068630219,0.15273186564445496,1.458939790725708,2.593329429626465
1779989370499124500,11.97612451171875,-0.7239026427268982,0.6579975485801697,-0.13134926557540894,0.1604735255241394,0.20799081027507782,1.4688551425933838,2.5173685550689697
1779989370515454500,11.992454345703125,-0.7152275443077087,0.6637690663337708,-0.1394214928150177,0.16858772933483124,0.29589295387268066,1.4871225357055664,2.406198263168335
1779989370531785500,12.008785400390625,-0.703187882900238,0.6726849675178528,-0.14940062165260315,0.1752176284790039,0.47068846225738525,1.5142745971679688,2.207505941390991
1779989370548125200,12.025125244140625,-0.6871360540390015,0.6854022741317749,-0.16031000018119812,0.17991262674331665,1.2396007776260376,1.542967677116394,1.4160345792770386
1779989370564463000,12.041463134765625,-0.6660752892494202,0.7033240795135498,-0.16904768347740173,0.181939035654068,2.5575015544891357,1.5150458812713623,0.08227937668561935
1779989370580784600,12.05778466796875,-0.642253577709198,0.7255749106407166,-0.17166389524936676,0.1777159869670868,2.8190054893493652,1.45258367061615,-0.17757143080234528
1779989370597116200,12.0741162109375,-0.620597779750824,0.7487697601318359,-0.16539716720581055,0.16384807229042053,2.9177210330963135,1.3892722129821777,-0.24804289638996124
1779989370613456000,12.090455810546874,-0.604262113571167,0.7695188522338867,-0.1516396701335907,0.14040526747703552,3.0000033378601074,1.3360106945037842,-0.27734375
1779989370629786000,12.1067861328125,-0.5926163196563721,0.7844248414039612,-0.1399223804473877,0.11792103201150894,3.070697069168091,1.296904444694519,-0.29930686950683594
1779989370646120700,12.12312060546875,-0.5827682018280029,0.7928548455238342,-0.14132851362228394,0.10857570916414261,3.1165428161621094,1.2689553499221802,-0.33436286449432373
1779989370662438100,12.139438232421876,-0.5693002939224243,0.8010824918746948,-0.15045307576656342,0.10736782848834991,3.1394176483154297,1.2358276844024658,-0.36975306272506714
1779989370678785000,12.155784912109375,-0.5470245480537415,0.8133793473243713,-0.1628236174583435,0.11254572123289108,3.128441572189331,1.1850745677947998,-0.38628631830215454
1779989370695119000,12.172119140625,-0.5172992944717407,0.8281971216201782,-0.1767088770866394,0.12355160713195801,3.0913729667663574,1.1209568977355957,-0.38890451192855835
1779989370711448800,12.18844873046875,-0.4883439540863037,0.8414478302001953,-0.18953737616539001,0.1325194537639618,3.0640761852264404,1.0594096183776855,-0.3977053165435791
1779989370727771000,12.20477099609375,-0.46251073479652405,0.8533331155776978,-0.1996079683303833,0.1343994289636612,3.0583343505859375,1.0028470754623413,-0.4139116704463959
1779989370744117000,12.221116943359375,-0.43752801418304443,0.8650018572807312,-0.2079879194498062,0.1306983083486557,3.06607723236084,0.9463594555854797,-0.4332614839076996
1779989370760448800,12.23744873046875,-0.41201141476631165,0.8758402466773987,-0.21712985634803772,0.12651076912879944,3.073776960372925,0.8893316388130188,-0.4536985456943512
1779989370776782600,12.253782470703126,-0.3854530453681946,0.8854400515556335,-0.22756712138652802,0.12504050135612488,3.0732061862945557,0.832329273223877,-0.47289615869522095
1779989370793117000,12.270116943359374,-0.3601094186306,0.8935821056365967,-0.2366494983434677,0.1258144974708557,3.0649967193603516,0.7797793745994568,-0.48629021644592285
1779989370809450200,12.2864501953125,-0.33702337741851807,0.9004155397415161,-0.24360264837741852,0.1277686357498169,3.0528078079223633,0.7330935597419739,-0.4943356513977051
1779989370825769200,12.302769287109374,-0.317109078168869,0.9057409763336182,-0.24897629022598267,0.13071338832378387,3.038806676864624,0.6938821077346802,-0.49932968616485596
1779989370842113000,12.319113037109375,-0.3004467487335205,0.9094007015228271,-0.25388002395629883,0.13515585660934448,3.0230259895324707,0.6624870300292969,-0.5036641359329224
1779989370858447000,12.335447021484375,-0.2895869016647339,0.9110066294670105,-0.2581898868083954,0.13980071246623993,3.0097556114196777,0.6432779431343079,-0.5083529949188232
1779989370874780000,12.35177978515625,-0.28650060296058655,0.9104706048965454,-0.26138630509376526,0.1436593383550644,3.0017781257629395,0.6395094394683838,-0.5127785801887512
1779989370891115500,12.368115478515625,-0.29083165526390076,0.9082708358764648,-0.26304206252098083,0.14584265649318695,3.0005486011505127,0.6498076915740967,-0.5162115097045898
1779989370907445800,12.38444580078125,-0.30096712708473206,0.9049372673034668,-0.2625105082988739,0.14695458114147186,3.0032999515533447,0.6711243987083435,-0.5163779258728027
1779989370923779600,12.400779541015625,-0.31496143341064453,0.9004376530647278,-0.2604847848415375,0.1488589644432068,3.00512433052063,0.7007057070732117,-0.5132623910903931
1779989370940099000,12.41709912109375,-0.3303125500679016,0.8951272964477539,-0.25792500376701355,0.15203773975372314,3.004075050354004,0.7339020371437073,-0.5081606507301331
1779989370956440300,12.4334404296875,-0.3470265865325928,0.8887876272201538,-0.2551063001155853,0.15668368339538574,2.999661684036255,0.7709373235702515,-0.5013542771339417
1779989370972781600,12.449781494140625,-0.36618882417678833,0.8825933337211609,-0.2507026493549347,0.15518735349178314,3.01023006439209,0.8098785281181335,-0.4971531629562378
1779989370989113300,12.46611328125,-0.38251543045043945,0.8781172037124634,-0.2449345588684082,0.15033043920993805,3.026374340057373,0.8411782383918762,-0.49245485663414
1779989371005441300,12.482441162109374,-0.4005335569381714,0.872593104839325,-0.23848223686218262,0.14587745070457458,3.0421035289764404,0.8766248226165771,-0.4869127869606018
1779989371021776000,12.49877587890625,-0.4202048182487488,0.8649948835372925,-0.2330137938261032,0.14462555944919586,3.0519630908966064,0.9179360866546631,-0.4819568991661072
1779989371038113800,12.51511376953125,-0.4375857710838318,0.8558067679405212,-0.23141780495643616,0.1501980721950531,3.0464982986450195,0.9587860703468323,-0.4787250757217407
1779989371054428200,12.53142822265625,-0.4568197429180145,0.8452918529510498,-0.23031041026115417,0.15412554144859314,3.0481646060943604,1.0033670663833618,-0.4807409942150116
1779989371070766000,12.54776611328125,-0.47697439789772034,0.8338756561279297,-0.2285953015089035,0.15776881575584412,3.0508687496185303,1.0503655672073364,-0.48253026604652405
1779989371087110100,12.564110107421875,-0.4976760745048523,0.8218153715133667,-0.22470417618751526,0.16262266039848328,3.0453062057495117,1.0997185707092285,-0.47475767135620117
1779989371103441400,12.58044140625,-0.5172526240348816,0.8106417655944824,-0.21774283051490784,0.16702640056610107,3.0307300090789795,1.146553635597229,-0.4532076120376587
1779989371119774700,12.596774658203126,-0.5353143811225891,0.8012279272079468,-0.20711712539196014,0.16904158890247345,3.0094685554504395,1.1885805130004883,-0.41656622290611267
1779989371136097300,12.61309716796875,-0.550605058670044,0.7933335900306702,-0.19434374570846558,0.17229735851287842,2.96584153175354,1.2243837118148804,-0.35690873861312866
1779989371152439600,12.629439453125,-0.5619311332702637,0.7851232290267944,-0.18654343485832214,0.18170426785945892,2.896418333053589,1.2537544965744019,-0.28853076696395874
1779989371168774000,12.64577392578125,-0.5706183314323425,0.7745574116706848,-0.18832889199256897,0.19745351374149323,2.81758713722229,1.2810827493667603,-0.23458153009414673
1779989371185107500,12.662107421875,-0.5796589255332947,0.7618523836135864,-0.1954544633626938,0.2130117416381836,2.7499592304229736,1.3112138509750366,-0.19949424266815186
1779989371201439700,12.678439697265626,-0.5909385085105896,0.7486609816551208,-0.20211955904960632,0.22236502170562744,2.707064628601074,1.345436930656433,-0.17920181155204773
1779989371217760000,12.694760009765625,-0.6040130853652954,0.7361071705818176,-0.20681732892990112,0.22481335699558258,2.6945981979370117,1.3819812536239624,-0.17618899047374725
1779989371234106600,12.711106689453125,-0.6174737811088562,0.7245590090751648,-0.2093275636434555,0.22343307733535767,2.69868540763855,1.4178977012634277,-0.18097038567066193
1779989371250439200,12.727439208984375,-0.6298204064369202,0.7148436903953552,-0.20912110805511475,0.22043852508068085,2.700052499771118,1.4494205713272095,-0.17687684297561646
1779989371266778000,12.743778076171875,-0.6393700242042542,0.7078456878662109,-0.20583246648311615,0.21861743927001953,2.6517975330352783,1.472245216369629,-0.1206299439072609
1779989371283103500,12.760103515625,-0.6446183919906616,0.7031993269920349,-0.20335324108600616,0.22051186859607697,2.551969051361084,1.4844452142715454,-0.019755344837903976
1779989371299420000,12.776419921875,-0.6472691297531128,0.6987510919570923,-0.20427517592906952,0.22596752643585205,2.433434247970581,1.4917714595794678,0.08940526843070984
1779989371315757600,12.792757568359375,-0.6497675180435181,0.6933087110519409,-0.2071230262517929,0.23286324739456177,2.29111385345459,1.4992499351501465,0.21732309460639954
1779989371332101400,12.809101318359374,-0.6524284482002258,0.6877404451370239,-0.21025092899799347,0.2390497326850891,2.1339592933654785,1.5063450336456299,0.36067211627960205
1779989371348439600,12.825439453125,-0.6549237370491028,0.6835336685180664,-0.2117035835981369,0.24297793209552765,1.9842572212219238,1.5108439922332764,0.5023872256278992
1779989371364768300,12.841768310546875,-0.6572001576423645,0.6806726455688477,-0.21151818335056305,0.2450161874294281,1.8531544208526611,1.5129449367523193,0.6307443380355835
1779989371381104400,12.8581044921875,-0.6594038605690002,0.6790420413017273,-0.20974470674991608,0.24514414370059967,1.7496715784072876,1.5135387182235718,0.736690104007721
1779989371397435100,12.87443505859375,-0.6616790294647217,0.6783382892608643,-0.20692022144794464,0.2433563768863678,1.6754716634750366,1.514134407043457,0.8177904486656189
1779989371413767400,12.890767333984375,-0.6648651361465454,0.6784096956253052,-0.20192281901836395,0.23862478137016296,1.6074209213256836,1.5154635906219482,0.9003477692604065
1779989371430101000,12.90710107421875,-0.6690524220466614,0.6796532869338989,-0.19284582138061523,0.23076131939888,1.5390992164611816,1.5151132345199585,0.9938396215438843
1779989371446433000,12.92343310546875,-0.6730532050132751,0.6806722283363342,-0.18294286727905273,0.22409090399742126,1.4618088006973267,1.5116088390350342,1.0956326723098755
1779989371462747100,12.9397470703125,-0.6774789094924927,0.6790795922279358,-0.1757066696882248,0.22136040031909943,1.3210957050323486,1.506182312965393,1.2510014772415161
1779989371479101000,12.956100830078125,-0.6831874251365662,0.6740893721580505,-0.17122158408164978,0.22257961332798004,1.1130796670913696,1.4970184564590454,1.463740587234497
1779989371495432700,12.9724326171875,-0.689303457736969,0.6671430468559265,-0.1682678759098053,0.22686323523521423,0.925774335861206,1.4821741580963135,1.648910641670227
1779989371511766300,12.988766357421875,-0.6952406167984009,0.6606789827346802,-0.16407419741153717,0.23070217669010162,0.808962881565094,1.464598298072815,1.7659945487976074
1779989371528099600,13.005099609375,-0.7016311883926392,0.6549810767173767,-0.15763117372989655,0.23209035396575928,0.7313631176948547,1.4464555978775024,1.8507455587387085
1779989371544431000,13.02143115234375,-0.708372950553894,0.6494973301887512,-0.15016169846057892,0.23197537660598755,0.6726884841918945,1.4281294345855713,1.9202483892440796
1779989371560765000,13.037764892578124,-0.7149115204811096,0.6436007618904114,-0.1443481296300888,0.23204147815704346,0.6177880764007568,1.4107800722122192,1.9832442998886108
1779989371577095400,13.054095458984374,-0.721229076385498,0.6378688812255859,-0.14019551873207092,0.2308618128299713,0.5608343482017517,1.3963958024978638,2.047714948654175
1779989371593430300,13.07043017578125,-0.7266507744789124,0.6339371204376221,-0.13604043424129486,0.22714616358280182,0.5157995820045471,1.3867101669311523,2.1040899753570557
1779989371609767200,13.08676708984375,-0.7281407713890076,0.6337484121322632,-0.1324533373117447,0.22501146793365479,0.5189003348350525,1.3835638761520386,2.109318733215332
1779989371626096400,13.103096435546876,-0.7248234152793884,0.6370590329170227,-0.13163499534130096,0.22684606909751892,0.5686876773834229,1.3874131441116333,2.058133602142334
1779989371642429700,13.1194296875,-0.7166925072669983,0.6447434425354004,-0.1329706907272339,0.23016636073589325,0.672902524471283,1.399568796157837,1.9473657608032227
1779989371658759700,13.135759765625,-0.7034265398979187,0.6574697494506836,-0.13578541576862335,0.2334248274564743,0.8659582138061523,1.4180355072021484,1.7457916736602783
1779989371675100700,13.1521005859375,-0.6856173872947693,0.6745179295539856,-0.1404859870672226,0.2349855601787567,1.184531807899475,1.4361348152160645,1.4183706045150757
1779989371691428600,13.1684287109375,-0.6653029918670654,0.6944511532783508,-0.14580504596233368,0.23205727338790894,1.6256378889083862,1.4419522285461426,0.9738545417785645
1779989371707762400,13.184762451171874,-0.6439735293388367,0.7164769172668457,-0.14992687106132507,0.22244302928447723,2.0889394283294678,1.425649881362915,0.518319308757782
1779989371724081700,13.20108154296875,-0.6243157386779785,0.7385770082473755,-0.14982278645038605,0.20563837885856628,2.432065010070801,1.3907150030136108,0.19926811754703522
1779989371740425700,13.21742578125,-0.6072158813476562,0.7594727277755737,-0.14403273165225983,0.18369723856449127,2.6513919830322266,1.3478246927261353,0.019491640850901604
1779989371756761900,13.233761962890625,-0.5929219126701355,0.777610182762146,-0.13447219133377075,0.1602599322795868,2.7910377979278564,1.3063035011291504,-0.07309184223413467
1779989371773093400,13.25009326171875,-0.5809779763221741,0.7917700409889221,-0.12523850798606873,0.14099711179733276,2.8754072189331055,1.270735263824463,-0.11694519221782684
1779989371789405700,13.26640576171875,-0.5696024298667908,0.8028026819229126,-0.11874614655971527,0.13023163378238678,2.9129154682159424,1.2390830516815186,-0.1302533894777298
1779989371805760800,13.2827607421875,-0.5569988489151001,0.8116633296012878,-0.11867591738700867,0.12988799810409546,2.9179413318634033,1.2083160877227783,-0.13565436005592346
1779989371822092300,13.29909228515625,-0.5414833426475525,0.818632960319519,-0.12763899564743042,0.14263319969177246,2.8913865089416504,1.1757099628448486,-0.14210858941078186
1779989371838425300,13.31542529296875,-0.521777868270874,0.8272882103919983,-0.13644300401210785,0.1572435200214386,2.8592615127563477,1.1342822313308716,-0.1463722586631775
1779989371854758400,13.33175830078125,-0.5001367926597595,0.8393418788909912,-0.13985466957092285,0.16065244376659393,2.859663963317871,1.085437297821045,-0.15945559740066528
1779989371871091700,13.348091796875,-0.478799432516098,0.8520141839981079,-0.1417912095785141,0.15722030401229858,2.8792622089385986,1.0361968278884888,-0.17969541251659393
1779989371887422700,13.364422607421876,-0.4579668343067169,0.8630815744400024,-0.14736264944076538,0.15375582873821259,2.901702642440796,0.9896634221076965,-0.2083302140235901
1779989371903757800,13.3807578125,-0.43645966053009033,0.8727243542671204,-0.15735873579978943,0.15196527540683746,2.9219374656677246,0.943545401096344,-0.24437959492206573
1779989371920087600,13.397087646484374,-0.4135875403881073,0.8815842866897583,-0.1691741943359375,0.15210038423538208,2.9349114894866943,0.8957651257514954,-0.27961429953575134
1779989371936451300,13.413451416015626,-0.3912386894226074,0.8893423676490784,-0.1806686371564865,0.15284430980682373,2.9426162242889404,0.8497549891471863,-0.3105815649032593
1779989371952756000,13.429755859375,-0.37083950638771057,0.8955727815628052,-0.19152669608592987,0.15409399569034576,2.946383476257324,0.8085024356842041,-0.3376410901546478
1779989371969089000,13.446089111328124,-0.35267946124076843,0.9004551768302917,-0.20132461190223694,0.1557752937078476,2.9469478130340576,0.7724149227142334,-0.3605693578720093
1779989371985421000,13.462421142578124,-0.33678433299064636,0.9045003652572632,-0.20933745801448822,0.1569496989250183,2.946666717529297,0.7409023642539978,-0.3789610266685486
1779989372001757000,13.4787568359375,-0.3227096199989319,0.907886803150177,-0.21567904949188232,0.1583753079175949,2.944119453430176,0.7132355570793152,-0.3927018344402313
1779989372018089500,13.49508935546875,-0.3117481470108032,0.9100222587585449,-0.22139737010002136,0.16017396748065948,2.940859079360962,0.6923134922981262,-0.4046902358531952
1779989372034407200,13.5114072265625,-0.30563607811927795,0.9106882810592651,-0.22585143148899078,0.16193988919258118,2.9381978511810303,0.6813306212425232,-0.4138738214969635
1779989372050742800,13.52774267578125,-0.30497318506240845,0.9099103808403015,-0.22909682989120483,0.1630004346370697,2.9382317066192627,0.6811441779136658,-0.42102062702178955
1779989372067088600,13.544088623046875,-0.309700071811676,0.9079092741012573,-0.2308676838874817,0.1627473384141922,2.942312717437744,0.6912559866905212,-0.42605060338974
1779989372083420200,13.560420166015625,-0.31904932856559753,0.9047285318374634,-0.23117570579051971,0.1619614213705063,2.9483895301818848,0.7104687094688416,-0.4284674823284149
1779989372099753000,13.5767529296875,-0.331973135471344,0.8997223377227783,-0.23125123977661133,0.16375741362571716,2.9495763778686523,0.7383999824523926,-0.42866504192352295
1779989372116082000,13.59308203125,-0.3471709191799164,0.8925513625144958,-0.23218610882759094,0.17004165053367615,2.9413161277770996,0.7735764980316162,-0.42719200253486633
1779989372132418600,13.60941845703125,-0.36439049243927,0.8849108219146729,-0.2328597903251648,0.17299965023994446,2.94197678565979,0.8117250204086304,-0.42861121892929077
1779989372148752100,13.625752197265625,-0.38442909717559814,0.8778622150421143,-0.23147740960121155,0.1673029512166977,2.964928150177002,0.8517060875892639,-0.4353266656398773
1779989372165084000,13.642083984375,-0.4042527675628662,0.8721261620521545,-0.2252342700958252,0.15888740122318268,2.990133762359619,0.8893978595733643,-0.43319085240364075
1779989372181416400,13.65841650390625,-0.4213077425956726,0.86618971824646,-0.21933984756469727,0.15525886416435242,3.0015146732330322,0.9239258170127869,-0.4261910319328308
1779989372197738800,13.67473876953125,-0.43409574031829834,0.858928918838501,-0.2205815315246582,0.15857450664043427,3.0012893676757812,0.953889787197113,-0.43016886711120605
1779989372214082000,13.69108203125,-0.44913235306739807,0.8503075838088989,-0.22225816547870636,0.16080565750598907,3.00692081451416,0.9886455535888672,-0.4386712312698364
1779989372230417200,13.707417236328125,-0.46676957607269287,0.8414177298545837,-0.22030682861804962,0.16002257168293,3.0182032585144043,1.0274908542633057,-0.4424721598625183
1779989372246748700,13.723748779296875,-0.48502272367477417,0.8322579860687256,-0.21543729305267334,0.16026994585990906,3.0213146209716797,1.0683026313781738,-0.43539655208587646
1779989372263081700,13.740081787109375,-0.5029110312461853,0.8235722184181213,-0.20723825693130493,0.16081582009792328,3.014707326889038,1.108479380607605,-0.414429634809494
1779989372279393300,13.756393310546875,-0.519243597984314,0.8167698383331299,-0.1943167895078659,0.1597314029932022,2.998267412185669,1.1439647674560547,-0.3747727572917938
1779989372295749600,13.77274951171875,-0.5335245132446289,0.8109357953071594,-0.1775539666414261,0.16189278662204742,2.9506778717041016,1.1752796173095703,-0.30370447039604187
1779989372312082700,13.789082763671875,-0.5457075834274292,0.803216278553009,-0.16434092819690704,0.1733175814151764,2.8614702224731445,1.20435631275177,-0.21043150126934052
1779989372328408800,13.805408935546875,-0.5538992285728455,0.7937127947807312,-0.16193333268165588,0.19233644008636475,2.7584171295166016,1.2272474765777588,-0.13096515834331512
1779989372344750600,13.82175048828125,-0.5618007183074951,0.7831264734268188,-0.16595415771007538,0.20869162678718567,2.6791679859161377,1.2506473064422607,-0.08092503249645233
1779989372361079800,13.838079833984375,-0.5728794932365417,0.7706658840179443,-0.17165838181972504,0.22003759443759918,2.618022918701172,1.2818334102630615,-0.043783415108919144
1779989372377412400,13.854412353515626,-0.5864704847335815,0.7574235200881958,-0.17763350903987885,0.2254071682691574,2.5777201652526855,1.319105863571167,-0.018866535276174545
1779989372393724000,13.870723876953125,-0.6000698208808899,0.745154857635498,-0.18303866684436798,0.22617995738983154,2.5572609901428223,1.3563261032104492,-0.006280881818383932
1779989372410079500,13.88707958984375,-0.6126742959022522,0.7338505983352661,-0.18756145238876343,0.22564204037189484,2.539363384246826,1.3909225463867188,0.006740916986018419
1779989372426413800,13.903413818359375,-0.6248286366462708,0.7236604690551758,-0.18961632251739502,0.2234959602355957,2.5140721797943115,1.4229086637496948,0.0329730398952961
1779989372442726700,13.9197265625,-0.6368787288665771,0.7143378853797913,-0.18899548053741455,0.21997202932834625,2.4672651290893555,1.452750563621521,0.08652614057064056
1779989372459078400,13.936078369140626,-0.6473183035850525,0.7050766944885254,-0.18873906135559082,0.21959850192070007,2.3576624393463135,1.478153109550476,0.19746537506580353
1779989372475411500,13.952411376953124,-0.6541677713394165,0.695894181728363,-0.19223731756210327,0.2254786640405655,2.168835163116455,1.4953322410583496,0.37263214588165283
1779989372491744800,13.968744873046875,-0.6588588356971741,0.6872493028640747,-0.1972137838602066,0.23388071358203888,1.9197252988815308,1.5052028894424438,0.6020046472549438
1779989372508076500,13.98507666015625,-0.6620147824287415,0.6805912256240845,-0.20113982260227203,0.24098721146583557,1.6889114379882812,1.5086123943328857,0.8164401650428772
1779989372524411400,14.001411376953126,-0.6646122932434082,0.6766199469566345,-0.20229876041412354,0.2440311759710312,1.5297099351882935,1.5093737840652466,0.9693859815597534
1779989372540743400,14.017743408203126,-0.6671355962753296,0.6749719381332397,-0.20014172792434692,0.24348801374435425,1.4304105043411255,1.5084935426712036,1.0727046728134155
1779989372557086500,14.03408642578125,-0.6686716079711914,0.6749597787857056,-0.19678811728954315,0.24203763902187347,1.3932057619094849,1.5061805248260498,1.117040991783142
1779989372573412400,14.050412353515625,-0.6694763898849487,0.6763924360275269,-0.19228504598140717,0.23941834270954132,1.4060968160629272,1.5034140348434448,1.1147091388702393
1779989372589742800,14.066742919921875,-0.6701548099517822,0.679131269454956,-0.18531890213489532,0.23522381484508514,1.4466300010681152,1.4990733861923218,1.0906933546066284
1779989372606073900,14.083073974609375,-0.6710963845252991,0.6823959946632385,-0.17623598873615265,0.2300136387348175,1.4863076210021973,1.4930633306503296,1.0720988512039185
1779989372622408400,14.099408447265626,-0.6724966764450073,0.6843796372413635,-0.16776207089424133,0.22633762657642365,1.4882776737213135,1.486246943473816,1.0879794359207153
1779989372638741800,14.11574169921875,-0.6732887625694275,0.6837305426597595,-0.16415879130363464,0.22857539355754852,1.4497836828231812,1.47847580909729,1.1283838748931885
1779989372655069000,14.13206884765625,-0.6738446950912476,0.6813946962356567,-0.16357313096523285,0.2342616617679596,1.3916685581207275,1.470217227935791,1.1788619756698608
1779989372671411700,14.14841162109375,-0.6753312945365906,0.6790229678153992,-0.16138048470020294,0.2383524775505066,1.3317233324050903,1.4617637395858765,1.2358745336532593
1779989372687740400,14.164740478515625,-0.678128719329834,0.6763433218002319,-0.15713739395141602,0.2408507764339447,1.2636834383010864,1.4523119926452637,1.3063322305679321
1779989372704072400,14.181072509765626,-0.6815714836120605,0.6722629070281982,-0.15439000725746155,0.24430862069129944,1.1812427043914795,1.4428660869598389,1.387552261352539
1779989372720406800,14.19740673828125,-0.6863391995429993,0.6667150855064392,-0.15273985266685486,0.2471841424703598,1.0785374641418457,1.4342727661132812,1.4882771968841553
1779989372736737800,14.21373779296875,-0.692719578742981,0.6603783369064331,-0.15039940178394318,0.24783076345920563,0.9640734195709229,1.4254871606826782,1.6050633192062378
1779989372753071600,14.230071533203125,-0.6987448930740356,0.6541069746017456,-0.1495935618877411,0.24803510308265686,0.8592121005058289,1.417785882949829,1.7106436491012573
1779989372769393200,14.24639306640625,-0.7026181817054749,0.6484790444374084,-0.15224957466125488,0.25024548172950745,0.776533305644989,1.4123008251190186,1.7859984636306763
1779989372785738800,14.26273876953125,-0.7037072777748108,0.6451780796051025,-0.1564788669347763,0.25309237837791443,0.7313278913497925,1.4108778238296509,1.820685863494873
1779989372802073000,14.279072998046875,-0.7012028694152832,0.646248996257782,-0.16015048325061798,0.25500720739364624,0.7468336224555969,1.4156073331832886,1.7970064878463745
1779989372818401000,14.295401123046876,-0.6945732235908508,0.6513323187828064,-0.16414478421211243,0.25766393542289734,0.8339931964874268,1.4249578714370728,1.7001869678497314
1779989372834736600,14.311736572265625,-0.6833488345146179,0.6604509949684143,-0.16895461082458496,0.26132991909980774,1.0179320573806763,1.4361032247543335,1.503893494606018
1779989372851069700,14.328069580078125,-0.6677197813987732,0.6737861037254333,-0.173747718334198,0.2645267844200134,1.3217512369155884,1.4420409202575684,1.1882994174957275
1779989372867401700,14.344401611328125,-0.648303747177124,0.6917622685432434,-0.17661041021347046,0.26452988386154175,1.7118536233901978,1.4319881200790405,0.7937005758285522
1779989372883735300,14.3607353515625,-0.6259467601776123,0.7136762142181396,-0.17636573314666748,0.26029253005981445,2.0632479190826416,1.3988873958587646,0.4481530487537384
1779989372900081000,14.377080810546875,-0.6015725135803223,0.7374818325042725,-0.17267173528671265,0.25380241870880127,2.2950894832611084,1.3464806079864502,0.22984012961387634
1779989372916415000,14.3934150390625,-0.5778727531433105,0.7614717483520508,-0.1644287258386612,0.24328434467315674,2.440418004989624,1.2872644662857056,0.1101754754781723
1779989372932734000,14.40973388671875,-0.5589228868484497,0.7822653651237488,-0.15309259295463562,0.22853633761405945,2.538614273071289,1.2358454465866089,0.0485411062836647
1779989372949067800,14.42606787109375,-0.548572838306427,0.7963449358940125,-0.14122584462165833,0.21203261613845825,2.6063780784606934,1.204318881034851,0.021495018154382706
1779989372965398300,14.442398193359375,-0.5434472560882568,0.8053766489028931,-0.1313244104385376,0.19694538414478302,2.6573824882507324,1.1865652799606323,0.006743182428181171
1779989372981737700,14.45873779296875,-0.5365228652954102,0.8134490251541138,-0.12533703446388245,0.18637189269065857,2.6977362632751465,1.1670269966125488,-0.009990335442125797
1779989372998066000,14.47506591796875,-0.5251106023788452,0.8223116397857666,-0.12535670399665833,0.1798563003540039,2.7374744415283203,1.1401629447937012,-0.0413958914577961
1779989373014399000,14.49139892578125,-0.5083709359169006,0.8327411413192749,-0.1299053132534027,0.17670822143554688,2.7735297679901123,1.103065013885498,-0.0814637690782547
1779989373030727700,14.507727783203125,-0.48636436462402344,0.8439786434173584,-0.13866516947746277,0.17866630852222443,2.7960422039031982,1.0562413930892944,-0.1227654367685318
1779989373047065600,14.524065673828124,-0.46091100573539734,0.8545506000518799,-0.15154589712619781,0.18530559539794922,2.8053548336029053,1.0045267343521118,-0.1651306450366974
1779989373063398400,14.5403984375,-0.43479079008102417,0.8642385601997375,-0.16560609638690948,0.19137220084667206,2.8134825229644775,0.9525752067565918,-0.2082574963569641
1779989373079732000,14.55673193359375,-0.4102340340614319,0.8732452988624573,-0.17859888076782227,0.19301113486289978,2.828648567199707,0.9033631086349487,-0.25070977210998535
1779989373096065300,14.573065185546875,-0.38718751072883606,0.8814111948013306,-0.1909586638212204,0.19166354835033417,2.8472330570220947,0.8567870855331421,-0.2915070652961731
1779989373112398000,14.589398193359376,-0.36465540528297424,0.8885947465896606,-0.20271237194538116,0.19061395525932312,2.860570192337036,0.8115301728248596,-0.32719701528549194
1779989373128730600,14.605730712890624,-0.3420983552932739,0.8946228623390198,-0.21402965486049652,0.19185934960842133,2.8645753860473633,0.7673428654670715,-0.35722532868385315
1779989373145062700,14.622062744140624,-0.3206767439842224,0.8995402455329895,-0.22426219284534454,0.19416570663452148,2.8631911277770996,0.7261707782745361,-0.3822927176952362
1779989373161396200,14.638396240234375,-0.30116239190101624,0.9036243557929993,-0.23297902941703796,0.19617605209350586,2.8604094982147217,0.6888957619667053,-0.4032067060470581
1779989373177730000,14.65472998046875,-0.2850263714790344,0.9066943526268005,-0.24083511531352997,0.19663125276565552,2.860762357711792,0.6580497622489929,-0.4228019416332245
1779989373194049800,14.6710498046875,-0.2730662524700165,0.9085758924484253,-0.2480505108833313,0.19594824314117432,2.863969087600708,0.6352924704551697,-0.4412277042865753
1779989373210394600,14.68739453125,-0.2661895751953125,0.9089111089706421,-0.2545410990715027,0.19553129374980927,2.8673758506774902,0.6229417324066162,-0.45732811093330383
1779989373226725000,14.70372509765625,-0.2645782232284546,0.907629132270813,-0.26093241572380066,0.1952487677335739,2.872252941131592,0.6213966012001038,-0.4729212522506714
1779989373243064300,14.720064208984375,-0.2679651081562042,0.9049108028411865,-0.2673203647136688,0.1946045458316803,2.880079507827759,0.62983638048172,-0.4888555407524109
1779989373259396000,14.73639599609375,-0.27568602561950684,0.9003528952598572,-0.2738174498081207,0.19592320919036865,2.8856379985809326,0.6481640338897705,-0.5040684342384338
1779989373275728000,14.752727783203126,-0.2874922454357147,0.8936287760734558,-0.28028392791748047,0.2005411982536316,2.8857951164245605,0.6767205595970154,-0.5174131393432617
1779989373292062200,14.769062255859374,-0.3021177053451538,0.8850025534629822,-0.2870030403137207,0.20766471326351166,2.88205885887146,0.7127947807312012,-0.5300976037979126
1779989373308393700,14.785393798828125,-0.3157603442668915,0.8767319321632385,-0.2938423156738281,0.2128220498561859,2.8832614421844482,0.746054470539093,-0.5452043414115906
1779989373324726000,14.80172607421875,-0.33088356256484985,0.8691864609718323,-0.2998930513858795,0.2123563438653946,2.8993613719940186,0.7789989113807678,-0.5646412372589111
1779989373341062000,14.818061767578126,-0.3488942086696625,0.8640279173851013,-0.2984551191329956,0.20652666687965393,2.9236807823181152,0.81275874376297,-0.5711050033569336
1779989373357380900,14.834380859375,-0.36440446972846985,0.8590576648712158,-0.29501891136169434,0.20540983974933624,2.9325406551361084,0.8439720869064331,-0.5674756169319153
1779989373373726200,14.850726318359374,-0.3759019076824188,0.8518000245094299,-0.2963751554489136,0.21282920241355896,2.922208786010742,0.8734377026557922,-0.5669507384300232
1779989373390054400,14.867054443359375,-0.394032746553421,0.8420745134353638,-0.2992800176143646,0.21466301381587982,2.9342222213745117,0.9142394661903381,-0.5806925296783447
1779989373406417700,14.883417724609375,-0.4187169075012207,0.8312963843345642,-0.29890206456184387,0.21042807400226593,2.965913772583008,0.9648271799087524,-0.5981624722480774
1779989373422724000,14.89972412109375,-0.44403988122940063,0.820317268371582,-0.2951814830303192,0.20682351291179657,2.9942800998687744,1.0171407461166382,-0.6085978150367737
1779989373439060200,14.916060302734374,-0.4671632945537567,0.8105623126029968,-0.2882675528526306,0.2040812075138092,3.014209032058716,1.0654150247573853,-0.6082127690315247
1779989373455377700,14.932377685546875,-0.4878329038619995,0.8026648163795471,-0.27803272008895874,0.2011125683784485,3.025707960128784,1.108351230621338,-0.5951388478279114
1779989373471723500,14.9487236328125,-0.5049779415130615,0.7960888743400574,-0.26520344614982605,0.2022544890642166,3.0096256732940674,1.1464104652404785,-0.5578834414482117
1779989373488057900,14.965057861328125,-0.5182793736457825,0.7901294827461243,-0.2526063621044159,0.2080189734697342,2.9656598567962646,1.1786985397338867,-0.5010671615600586
1779989373504389600,14.9813896484375,-0.5273928046226501,0.7836929559707642,-0.2447967231273651,0.21853335201740265,2.9040119647979736,1.2043890953063965,-0.44181016087532043
1779989373520720100,14.99772021484375,-0.5329040884971619,0.7755578756332397,-0.244187131524086,0.2342989295721054,2.831740617752075,1.2256367206573486,-0.39130786061286926
1779989373537054500,15.014054443359376,-0.5379922389984131,0.764374852180481,-0.24917972087860107,0.25338661670684814,2.754730701446533,1.2492033243179321,-0.34969988465309143
1779989373553388000,15.030387939453124,-0.5442094206809998,0.7509835958480835,-0.25666573643684387,0.2719970643520355,2.6800506114959717,1.2765100002288818,-0.31352221965789795
1779989373569719600,15.046719482421874,-0.5512454509735107,0.737386167049408,-0.2646546959877014,0.28696343302726746,2.6178488731384277,1.304887056350708,-0.2851840853691101
1779989373586061000,15.06306103515625,-0.5601226091384888,0.7247748374938965,-0.2710023820400238,0.29584112763404846,2.5763890743255615,1.3347612619400024,-0.2657504379749298
1779989373602387200,15.07938720703125,-0.5714545845985413,0.7130252718925476,-0.2741836607456207,0.2997632324695587,2.542620897293091,1.3669910430908203,-0.2414611130952835
1779989373618720500,15.095720458984376,-0.5849896669387817,0.7016058564186096,-0.2739788889884949,0.30078548192977905,2.495513916015625,1.4013727903366089,-0.19418837130069733
1779989373635060500,15.112060546875,-0.5970069766044617,0.6905440092086792,-0.2733830213546753,0.3033040165901184,2.410892963409424,1.4317995309829712,-0.11150379478931427
1779989373651383800,15.1283837890625,-0.6043479442596436,0.6812213659286499,-0.2735457718372345,0.3096349239349365,2.276798963546753,1.4506251811981201,0.01304666418582201
1779989373667719700,15.1447197265625,-0.6071285605430603,0.6735334396362305,-0.2763007879257202,0.31844252347946167,2.1413414478302,1.4595147371292114,0.13071927428245544
1779989373684056800,15.161056884765625,-0.610437273979187,0.6669145226478577,-0.2778643071651459,0.32462725043296814,2.0092835426330566,1.4670541286468506,0.2508505880832672
1779989373700385000,15.177385009765626,-0.6160452365875244,0.6610548496246338,-0.2769610583782196,0.3267834782600403,1.8638800382614136,1.475807785987854,0.39449793100357056
1779989373716715800,15.1937158203125,-0.6230367422103882,0.6570857167243958,-0.2732977569103241,0.32461056113243103,1.7196849584579468,1.483680009841919,0.5479908585548401
1779989373733056300,15.21005615234375,-0.6298703551292419,0.6548358798027039,-0.2683546543121338,0.32006099820137024,1.5911157131195068,1.4895724058151245,0.6914758682250977
1779989373749384000,15.226384033203125,-0.6344180107116699,0.6533611416816711,-0.26494619250297546,0.3169173002243042,1.4959458112716675,1.492549180984497,0.7968899607658386
1779989373765717500,15.242717529296876,-0.6372604966163635,0.6525803804397583,-0.26249051094055176,0.3148597180843353,1.4345240592956543,1.4936116933822632,0.8653334379196167
1779989373782049000,15.259049072265626,-0.6393466591835022,0.6528859734535217,-0.25966569781303406,0.31232935190200806,1.4057209491729736,1.4938796758651733,0.9024395942687988
1779989373798382800,15.2753828125,-0.6402332782745361,0.6542394757270813,-0.2565845847129822,0.31022003293037415,1.41351318359375,1.4923815727233887,0.9026470184326172
1779989373814715600,15.291715576171875,-0.640184760093689,0.6563223600387573,-0.253459095954895,0.30848512053489685,1.4470829963684082,1.4896796941757202,0.8765364289283752
1779989373831055000,15.30805517578125,-0.6406981348991394,0.6585917472839355,-0.2492065131664276,0.30603745579719543,1.4719727039337158,1.4865106344223022,0.8619112372398376
1779989373847380000,15.3243798828125,-0.6424515247344971,0.6601532101631165,-0.24342569708824158,0.3036409914493561,1.459106206893921,1.4820079803466797,0.8872689604759216
1779989373863715300,15.34071533203125,-0.6447157263755798,0.6601491570472717,-0.23774313926696777,0.3033529222011566,1.4087340831756592,1.4754421710968018,0.9466726183891296
1779989373880052000,15.357052001953125,-0.6479254961013794,0.6588947176933289,-0.23199783265590668,0.3036896586418152,1.333599328994751,1.4681849479675293,1.0299432277679443
1779989373896388000,15.37338818359375,-0.6527566909790039,0.6565665602684021,-0.2252487987279892,0.303466796875,1.2356818914413452,1.4599922895431519,1.1383416652679443
1779989373912699600,15.38969970703125,-0.6588046550750732,0.65288907289505,-0.21772779524326324,0.3038206994533539,1.1237452030181885,1.4486808776855469,1.2609525918960571
1779989373929053700,15.4060537109375,-0.664928138256073,0.6479694843292236,-0.21059392392635345,0.3060331344604492,1.0200490951538086,1.4336025714874268,1.3717595338821411
1779989373945361000,15.42236083984375,-0.6712461709976196,0.64229416847229,-0.2033664733171463,0.30907759070396423,0.931509792804718,1.415637731552124,1.4661563634872437
1779989373961717500,15.438717529296875,-0.6776779890060425,0.6360172033309937,-0.19693882763385773,0.31216952204704285,0.8541578650474548,1.3972946405410767,1.5479986667633057
1779989373978045400,15.45504541015625,-0.683586597442627,0.6296888589859009,-0.19244691729545593,0.3149057924747467,0.7875186204910278,1.3812990188598633,1.6167491674423218
1779989373994378500,15.47137841796875,-0.6888880133628845,0.6235975027084351,-0.18998660147190094,0.3169615864753723,0.7272563576698303,1.368533968925476,1.6771421432495117
1779989374010698200,15.4876982421875,-0.6939322352409363,0.6172188520431519,-0.1889655590057373,0.31904709339141846,0.6683149933815002,1.356818437576294,1.7339873313903809
1779989374027045000,15.504045166015626,-0.6979029178619385,0.6111224293708801,-0.18839889764785767,0.3224388062953949,0.6241683959960938,1.34449303150177,1.773290991783142
1779989374043377000,15.520376953125,-0.6981818675994873,0.6070787906646729,-0.18973630666732788,0.3286300301551819,0.6122363209724426,1.335343837738037,1.7732869386672974
1779989374059712800,15.536712646484375,-0.6938047409057617,0.6065188646316528,-0.19191649556159973,0.3375469446182251,0.644164502620697,1.3301032781600952,1.7240703105926514
1779989374076045600,15.553045654296875,-0.6847080588340759,0.6101660132408142,-0.19494840502738953,0.3476599454879761,0.7198807001113892,1.3298922777175903,1.6280829906463623
1779989374092374500,15.56937451171875,-0.6721322536468506,0.6173940300941467,-0.19958344101905823,0.35669243335723877,0.8282778859138489,1.3349660634994507,1.4987918138504028
1779989374108696300,15.5856962890625,-0.6575912833213806,0.6268770098686218,-0.20600682497024536,0.3635384738445282,0.9608807563781738,1.3433284759521484,1.3459935188293457
1779989374125045000,15.602044921875,-0.6422500014305115,0.6381716728210449,-0.21444304287433624,0.36642345786094666,1.1180814504623413,1.3553704023361206,1.171737790107727
1779989374141373000,15.618373046875,-0.627662718296051,0.6513024568557739,-0.22374287247657776,0.3630203604698181,1.308794379234314,1.3706777095794678,0.9725363254547119
1779989374157711000,15.634711181640625,-0.6150201559066772,0.6659755706787109,-0.2313338965177536,0.3531450629234314,1.5389361381530762,1.3837922811508179,0.7465468645095825
1779989374174043100,15.651043212890626,-0.6040247678756714,0.6803785562515259,-0.23780255019664764,0.34013089537620544,1.789015293121338,1.3899897336959839,0.5069316029548645
1779989374190374100,15.6673740234375,-0.5934931039810181,0.6923077702522278,-0.2446327954530716,0.3295918107032776,2.0114338397979736,1.3862395286560059,0.29013165831565857
1779989374206705700,15.68370556640625,-0.5833303928375244,0.7004199028015137,-0.2524589002132416,0.3246569037437439,2.166569232940674,1.3759503364562988,0.13005638122558594
1779989374223044000,15.700044189453125,-0.5729601383209229,0.7052786946296692,-0.26179662346839905,0.3252096474170685,2.264183521270752,1.3629168272018433,0.01640278473496437
1779989374239371000,15.71637109375,-0.5615675449371338,0.7076823711395264,-0.27277514338493347,0.330788791179657,2.3197598457336426,1.3480064868927002,-0.06592581421136856
1779989374255690500,15.7326904296875,-0.5489339232444763,0.7077771425247192,-0.28568559885025024,0.3407445251941681,2.3455071449279785,1.3324824571609497,-0.1287568062543869
1779989374272043500,15.74904345703125,-0.5354633331298828,0.7056122422218323,-0.2998534142971039,0.3542293608188629,2.347235918045044,1.3175044059753418,-0.17571574449539185
1779989374288372000,15.7653720703125,-0.5221516489982605,0.7014738321304321,-0.3145553171634674,0.36925208568573,2.335934638977051,1.304879069328308,-0.2135472148656845
1779989374304702200,15.7817021484375,-0.50957190990448,0.6961272954940796,-0.32923898100852966,0.38385558128356934,2.3226895332336426,1.2950204610824585,-0.24929462373256683
1779989374321042000,15.7980419921875,-0.4986957907676697,0.6925877928733826,-0.3415616750717163,0.3936498761177063,2.326202630996704,1.2859066724777222,-0.29049214720726013
1779989374337371400,15.814371337890625,-0.4906347393989563,0.69500333070755,-0.34957268834114075,0.3924880921840668,2.3753819465637207,1.274388313293457,-0.3522452414035797
1779989374353703700,15.83070361328125,-0.4838245213031769,0.7011165618896484,-0.3564912676811218,0.3837491273880005,2.4584128856658936,1.259839415550232,-0.43359676003456116
1779989374370038000,15.8470380859375,-0.4755672812461853,0.7049672603607178,-0.3673272132873535,0.3767330050468445,2.538231372833252,1.2446601390838623,-0.5214043259620667
1779989374386371800,15.863371826171875,-0.46499139070510864,0.7041193246841431,-0.383562833070755,0.37533801794052124,2.6002132892608643,1.2307829856872559,-0.610142707824707
1779989374402702800,15.879702880859375,-0.45323172211647034,0.6988285779953003,-0.40297237038612366,0.3792530298233032,2.6413938999176025,1.220058798789978,-0.6927582025527954
1779989374419037400,15.896037353515625,-0.4433518648147583,0.6908758282661438,-0.4220021963119507,0.3847646713256836,2.6726486682891846,1.214930772781372,-0.767584502696991
1779989374435368700,15.91236865234375,-0.43693020939826965,0.6835423111915588,-0.43883901834487915,0.3863707184791565,2.7164289951324463,1.212311863899231,-0.8444253206253052
1779989374451702300,15.928702392578124,-0.4326059818267822,0.677864134311676,-0.4550838768482208,0.38242781162261963,2.7834184169769287,1.2070473432540894,-0.9341877698898315
1779989374468037000,15.945037109375,-0.42859718203544617,0.6714072227478027,-0.47272956371307373,0.3768867254257202,2.8598740100860596,1.1994991302490234,-1.0336177349090576
1779989374484365600,15.961365478515624,-0.42467886209487915,0.6614230275154114,-0.4923292398452759,0.3738709092140198,2.932297945022583,1.194195032119751,-1.1371729373931885
1779989374500701200,15.977701171875,-0.4211784303188324,0.6470843553543091,-0.5138276815414429,0.3739944100379944,3.0024452209472656,1.1928199529647827,-1.2476781606674194
1779989374517033500,15.994033447265625,-0.4178479313850403,0.6293215155601501,-0.5373383164405823,0.3750001788139343,3.0795979499816895,1.1914998292922974,-1.371401071548462
1779989374533364700,16.01036474609375,-0.41342106461524963,0.6096123456954956,-0.5623445510864258,0.3757983446121216,-3.1235289573669434,1.1855595111846924,-1.502342939376831
1779989374549698800,16.02669873046875,-0.4069599211215973,0.5891184210777283,-0.5869228839874268,0.3779480457305908,-3.0572261810302734,1.1761897802352905,-1.623336911201477
1779989374566033700,16.04303369140625,-0.39921316504478455,0.5679470300674438,-0.6099600791931152,0.38211750984191895,-3.0063517093658447,1.16710364818573,-1.7314718961715698
1779989374582365700,16.05936572265625,-0.39065030217170715,0.5453521013259888,-0.6315581202507019,0.388738751411438,-2.9665143489837646,1.1607595682144165,-1.8319990634918213
1779989374598698800,16.07569873046875,-0.3801860809326172,0.5214528441429138,-0.6516754627227783,0.3985782563686371,-2.941267251968384,1.1579575538635254,-1.92310631275177
1779989374615033900,16.092033935546876,-0.36774811148643494,0.4975574016571045,-0.6695833206176758,0.4109213054180145,-2.9314687252044678,1.1586012840270996,-2.0012176036834717
1779989374631363800,16.10836376953125,-0.3543999493122101,0.4755673408508301,-0.6842003464698792,0.42438945174217224,-2.9353253841400146,1.162546157836914,-2.0625624656677246
1779989374647696100,16.124696044921876,-0.34184566140174866,0.4566691815853119,-0.6949843764305115,0.43771180510520935,-2.947321891784668,1.1696819067001343,-2.1077585220336914
1779989374664031700,16.14103173828125,-0.33063191175460815,0.44112324714660645,-0.7020495533943176,0.450798362493515,-2.9659862518310547,1.180153250694275,-2.1373672485351562
1779989374680364000,16.157364013671874,-0.32016873359680176,0.4286687672138214,-0.7057217359542847,0.4644266664981842,-2.9948830604553223,1.1944254636764526,-2.1497461795806885
1779989374696694800,16.17369482421875,-0.3095755875110626,0.4194523096084595,-0.7063702940940857,0.47881513833999634,-3.0399715900421143,1.211504340171814,-2.1402924060821533
1779989374713030700,16.19003076171875,-0.2975703775882721,0.4131927490234375,-0.7049408555030823,0.49374285340309143,-3.1072616577148438,1.2286205291748047,-2.1054799556732178
1779989374729362700,16.20636279296875,-0.2826743721961975,0.4085405766963959,-0.7032881379127502,0.5085033178329468,3.086282968521118,1.2413344383239746,-2.0495309829711914
1779989374745695200,16.2226953125,-0.26296401023864746,0.40472713112831116,-0.7042348384857178,0.5206719040870667,2.9830503463745117,1.2413076162338257,-1.984910488128662
1779989374762030000,16.239030029296874,-0.23960359394550323,0.4018247723579407,-0.7090080380439758,0.5276690721511841,2.8902556896209717,1.2249844074249268,-1.9333109855651855
1779989374778360300,16.2553603515625,-0.21672318875789642,0.397201806306839,-0.7163674831390381,0.5311115384101868,2.826589822769165,1.2029606103897095,-1.9119220972061157
1779989374794695200,16.271695068359374,-0.1985693722963333,0.389290988445282,-0.7255001068115234,0.5316694974899292,2.8016774654388428,1.1838217973709106,-1.9268808364868164
1779989374811009300,16.28800927734375,-0.19020305573940277,0.37703612446784973,-0.7353505492210388,0.5300247669219971,2.8247363567352295,1.1756359338760376,-1.9818955659866333
1779989374827358200,16.304358154296875,-0.19345729053020477,0.3598549962043762,-0.7433763742446899,0.5295944809913635,2.8902175426483154,1.1852926015853882,-2.0701656341552734
1779989374843693800,16.32069384765625,-0.205131396651268,0.34720665216445923,-0.7462922930717468,0.5295436978340149,2.9699337482452393,1.2022019624710083,-2.1528100967407227
1779989374860024300,16.3370244140625,-0.2231312096118927,0.3480272889137268,-0.7452415227890015,0.5231678485870361,3.0523722171783447,1.2084969282150269,-2.2061736583709717
1779989374876348000,16.353347900390624,-0.2354615330696106,0.3563002347946167,-0.7447871565818787,0.5127379894256592,3.1013193130493164,1.1986563205718994,-2.221653461456299
1779989374892691500,16.36969140625,-0.23438645899295807,0.35499829053878784,-0.7494844794273376,0.5072596073150635,3.1181228160858154,1.1857472658157349,-2.241076946258545
1779989374909023000,16.38602294921875,-0.2190345823764801,0.34053847193717957,-0.7587340474128723,0.5102745890617371,3.102065324783325,1.177119255065918,-2.2714555263519287
1779989374925353700,16.402353759765624,-0.19730056822299957,0.32427629828453064,-0.7655172348022461,0.5195196866989136,3.0506646633148193,1.1767479181289673,-2.279526472091675
1779989374941695500,16.418695556640625,-0.18473917245864868,0.31971654295921326,-0.7656238079071045,0.526757001876831,2.9993929862976074,1.1803091764450073,-2.2551071643829346
1779989374958024400,16.4350244140625,-0.17293372750282288,0.32107293605804443,-0.763568103313446,0.5328881740570068,2.9347896575927734,1.1806187629699707,-2.206671953201294
1779989374974355500,16.45135546875,-0.1518828123807907,0.31862857937812805,-0.7627757787704468,0.5418307781219482,2.841228723526001,1.176791787147522,-2.1489601135253906
1779989374990688500,16.4676884765625,-0.12280932813882828,0.300319105386734,-0.761945903301239,0.5605040192604065,2.728929042816162,1.1887708902359009,-2.1095993518829346
1779989375007025000,16.48402490234375,-0.10179460793733597,0.27225378155708313,-0.7582581639289856,0.5835754871368408,2.640288829803467,1.2238919734954834,-2.0965733528137207
1779989375023342800,16.5003427734375,-0.09273096174001694,0.2501412332057953,-0.755402147769928,0.5984964370727539,2.6026225090026855,1.2551716566085815,-2.106555938720703
1779989375039690000,16.51668994140625,-0.08488231897354126,0.22948285937309265,-0.75546795129776,0.6077836155891418,2.5933825969696045,1.2774449586868286,-2.1401073932647705
1779989375056021500,16.533021484375,-0.07479753345251083,0.20597518980503082,-0.7553302645683289,0.6176210045814514,2.582202434539795,1.301012396812439,-2.1787590980529785
1779989375072352800,16.549352783203126,-0.06801411509513855,0.1847127079963684,-0.7533116340637207,0.6275163888931274,2.574711799621582,1.327532410621643,-2.21266770362854
1779989375088691200,16.565691162109374,-0.06636263430118561,0.1670900285243988,-0.7498040199279785,0.6367660164833069,2.5805232524871826,1.356265902519226,-2.246918201446533
1779989375105011000,16.582010986328125,-0.0651530846953392,0.15271635353565216,-0.7442386150360107,0.6469480395317078,2.564112901687622,1.3854222297668457,-2.253422975540161
1779989375121356500,16.5983564453125,-0.05994759872555733,0.13804233074188232,-0.7376732230186462,0.6581708788871765,2.506028890609741,1.4130297899246216,-2.224224090576172
1779989375137683700,16.61468359375,-0.05322730168700218,0.12466049194335938,-0.7310594916343689,0.6687142848968506,2.414771795272827,1.436610221862793,-2.1619608402252197
1779989375154011100,16.63101123046875,-0.04783978313207626,0.11491274833679199,-0.7251796126365662,0.6772156357765198,2.3071224689483643,1.4541172981262207,-2.0760498046875
1779989375170353000,16.647352783203125,-0.04616589844226837,0.10913319885730743,-0.721211850643158,0.6825043559074402,2.232158660888672,1.4662206172943115,-2.011786699295044
1779989375186666200,16.663666259765623,-0.04653986915946007,0.10655871778726578,-0.7189196944236755,0.6852983832359314,2.190020799636841,1.4734691381454468,-1.9728235006332397
1779989375203019800,16.680019775390626,-0.04737357422709465,0.10509099066257477,-0.7177046537399292,0.6867399215698242,2.171342134475708,1.4781343936920166,-1.9550718069076538
1779989375219348500,16.696348388671876,-0.048066914081573486,0.10434684157371521,-0.7170224189758301,0.6875173449516296,2.1617517471313477,1.4808990955352783,-1.9455674886703491
1779989375243852500,16.7208525390625,-0.047531671822071075,0.1034131869673729,-0.7168383002281189,0.6878876090049744,2.155841827392578,1.4817637205123901,-1.9417532682418823
1779989375260179700,16.7371796875,-0.04722835123538971,0.10335732251405716,-0.7172819972038269,0.6874541640281677,2.1660499572753906,1.4808745384216309,-1.9524685144424438
1779989375276520700,16.753520751953126,-0.047901738435029984,0.1033441573381424,-0.7175047993659973,0.6871770620346069,2.178603172302246,1.4813957214355469,-1.964084267616272
1779989375292846800,16.769846923828126,-0.04926779493689537,0.10246339440345764,-0.7170148491859436,0.6877234578132629,2.181722640991211,1.4848885536193848,-1.966529130935669
1779989375309200400,16.786200439453125,-0.04904656857252121,0.0990549847483635,-0.715910792350769,0.6893869638442993,2.1634583473205566,1.4907221794128418,-1.9534574747085571
1779989375325513500,16.802513427734375,-0.04802605137228966,0.09500792622566223,-0.7144955992698669,0.6914933323860168,2.1274712085723877,1.4968012571334839,-1.9247047901153564
1779989375341864700,16.81886474609375,-0.04573765769600868,0.09084112197160721,-0.712497353553772,0.6942647695541382,2.051736354827881,1.501983642578125,-1.858168601989746
1779989375358182100,16.83518212890625,-0.041371289640665054,0.08683370053768158,-0.71055006980896,0.6970416307449341,1.9504534006118774,1.5037139654159546,-1.7687925100326538
1779989375374515200,16.85151513671875,-0.03720341622829437,0.08428722620010376,-0.7077907919883728,0.7003883719444275,1.8128011226654053,1.5033804178237915,-1.6406773328781128
1779989375390848300,16.86784814453125,-0.03545529022812843,0.08512863516807556,-0.7031226754188538,0.7050635814666748,1.6171663999557495,1.5004812479019165,-1.4463218450546265
1779989375407178200,16.88417822265625,-0.03599338233470917,0.08924047648906708,-0.696578323841095,0.7109987735748291,1.3950566053390503,1.492761492729187,-1.2175815105438232
1779989375423517700,16.900517578125,-0.036879487335681915,0.0939236432313919,-0.688409149646759,0.7182695865631104,1.1812772750854492,1.479709267616272,-0.9958360195159912
1779989375439845600,16.916845703125,-0.037539344280958176,0.09767727553844452,-0.6796874403953552,0.7259992957115173,1.0104564428329468,1.4634010791778564,-0.8186613321304321
1779989375456181800,16.933181640625,-0.039167165756225586,0.10037662088871002,-0.6716307997703552,0.7330092787742615,0.8830395936965942,1.4481316804885864,-0.6849995851516724
1779989375472512500,16.949512451171874,-0.041126251220703125,0.1010943204164505,-0.6643255352973938,0.7394323945045471,0.7747570276260376,1.4347715377807617,-0.5728177428245544
1779989375488846300,16.965846435546876,-0.04214600473642349,0.0986529067158699,-0.6576835513114929,0.7456163167953491,0.6711657047271729,1.4228427410125732,-0.4711666703224182
1779989375505177300,16.98217724609375,-0.03973500430583954,0.09339307248592377,-0.6518855690956116,0.7514945864677429,0.5886957049369812,1.410618543624878,-0.39953672885894775
1779989375521514000,16.998513916015625,-0.03191796690225601,0.08605921268463135,-0.6491486430168152,0.7551035284996033,0.5562142729759216,1.4023267030715942,-0.38857924938201904
1779989375537845000,17.014844970703123,-0.022620856761932373,0.07979810237884521,-0.6497989892959595,0.755567193031311,0.5683383941650391,1.4005542993545532,-0.42284148931503296
1779989375554178000,17.031177978515625,-0.014975474216043949,0.07798849791288376,-0.654239296913147,0.7521066665649414,0.6380548477172852,1.4059971570968628,-0.5060405135154724
1779989375570506500,17.047506591796875,-0.008257372304797173,0.07830329239368439,-0.6628385782241821,0.7446109056472778,0.7697358131408691,1.418378233909607,-0.646886944770813
1779989375586847200,17.06384716796875,-0.0009684000397101045,0.07683765143156052,-0.6742104887962341,0.7345306873321533,0.9542533159255981,1.4336152076721191,-0.843903660774231
1779989375603175700,17.08017578125,0.0066820187494158745,0.07367037236690521,-0.6872397661209106,0.7226544618606567,1.2031447887420654,1.446532964706421,-1.1081900596618652
1779989375619511300,17.09651123046875,0.014278717339038849,0.0707012414932251,-0.7019256353378296,0.708588719367981,1.5325297117233276,1.4501756429672241,-1.452569603919983
1779989375635843000,17.112843017578125,0.021966125816106796,0.06852557510137558,-0.7178134918212891,0.6925067901611328,1.8764901161193848,1.437814474105835,-1.8104873895645142
1779989375652175000,17.129175048828124,0.029881708323955536,0.06674054265022278,-0.7340538501739502,0.675142765045166,2.1444714069366455,1.4105852842330933,-2.0921714305877686
1779989375676678400,17.153678466796876,0.04321113973855972,0.06326992809772491,-0.7581353187561035,0.647580623626709,2.389230251312256,1.3532942533493042,-2.3606934547424316
1779989375693008100,17.170008056640626,0.0545930378139019,0.060679804533720016,-0.7728939056396484,0.6292635202407837,2.469630002975464,1.3096027374267578,-2.4609479904174805
1779989375709341200,17.186341064453124,0.06611517816781998,0.05937688797712326,-0.7866191267967224,0.6110103130340576,2.5163064002990723,1.2643557786941528,-2.5259487628936768
1779989375725671400,17.20267138671875,0.0764191672205925,0.05966174602508545,-0.7991797924041748,0.59322190284729,2.545682430267334,1.2198951244354248,-2.569751024246216
1779989375742008600,17.219008544921873,0.08648531883955002,0.05922781303524971,-0.8103623986244202,0.5764766335487366,2.5647740364074707,1.1785829067230225,-2.6040778160095215
1779989375758340600,17.235340576171875,0.09605985134840012,0.057286337018013,-0.8207892179489136,0.560174822807312,2.581674575805664,1.139836311340332,-2.6378140449523926
1779989375774673400,17.25167333984375,0.10281450301408768,0.05382329225540161,-0.8320120573043823,0.5424834489822388,2.6100502014160156,1.1009501218795776,-2.6813061237335205
1779989375791006500,17.26800634765625,0.1040152907371521,0.05111874267458916,-0.8448365330696106,0.5223207473754883,2.654578685760498,1.0591039657592773,-2.731921911239624
1779989375807346000,17.284345947265624,0.10466915369033813,0.04742185398936272,-0.8589482307434082,0.4990026354789734,2.699676513671875,1.0108951330184937,-2.7839407920837402
1779989375823672600,17.300672607421873,0.10942333936691284,0.038461070507764816,-0.8729748725891113,0.47377434372901917,2.734172821044922,0.9592637419700623,-2.839458465576172
1779989375839999200,17.316999267578126,0.11367809772491455,0.025691790506243706,-0.8854126334190369,0.44995740056037903,2.766045331954956,0.9123677015304565,-2.8976333141326904
1779989375856342000,17.333342041015626,0.10651002079248428,0.012093504890799522,-0.8967946767807007,0.42926543951034546,2.8220713138580322,0.8746978044509888,-2.964232921600342
1779989375872670500,17.34967041015625,0.1104014590382576,-0.007362827192991972,-0.9070276021957397,0.40627342462539673,2.849226951599121,0.8310330510139465,-3.0280895233154297
1779989375889005000,17.366005126953127,0.11897338926792145,-0.029001399874687195,-0.9159858226776123,0.38206568360328674,2.8611414432525635,0.7850128412246704,-3.0881567001342773
1779989375905334800,17.382334716796876,0.12639643251895905,-0.05037260428071022,-0.9234122633934021,0.35888221859931946,2.8707404136657715,0.7416782975196838,3.1384644508361816
1779989375921672200,17.398672119140624,0.13102547824382782,-0.07066411525011063,-0.9293367862701416,0.3378937244415283,2.8820531368255615,0.7030556201934814,3.0854642391204834
1779989375938002200,17.415002197265625,0.13529564440250397,-0.09056302160024643,-0.9335364103317261,0.3193795680999756,2.8905344009399414,0.6697760820388794,3.035949230194092
1779989375954335200,17.431335205078124,0.1401333510875702,-0.10953927785158157,-0.9359145164489746,0.3040196895599365,2.8945114612579346,0.6432175040245056,2.9912688732147217
1779989375970668500,17.44766845703125,0.1454419642686844,-0.1272961050271988,-0.9365412592887878,0.2924598157405853,2.895047426223755,0.624670147895813,2.95137882232666
1779989375987002000,17.464002197265625,0.15174368023872375,-0.14413656294345856,-0.9355451464653015,0.28452396392822266,2.8919904232025146,0.6139659881591797,2.9153592586517334
1779989376003332600,17.48033251953125,0.15652066469192505,-0.15966582298278809,-0.9334602952003479,0.2804640233516693,2.89160418510437,0.6108769774436951,2.8819713592529297
1779989376019670000,17.496669921875,0.15750616788864136,-0.17294374108314514,-0.9306483268737793,0.2813822031021118,2.8991928100585938,0.6165394186973572,2.8516478538513184
1779989376035996700,17.51299658203125,0.15614622831344604,-0.1840541809797287,-0.9270726442337036,0.28684282302856445,2.911914587020874,0.6302255392074585,2.824788808822632
1779989376052338200,17.529338134765624,0.1560828536748886,-0.19416308403015137,-0.9221013188362122,0.2960878908634186,2.9223852157592773,0.6518487930297852,2.800875425338745
1779989376068662000,17.545662109375,0.15840069949626923,-0.20384320616722107,-0.9154482483863831,0.30872607231140137,2.928652286529541,0.6813257336616516,2.779134750366211
1779989376085003000,17.5620029296875,0.16195987164974213,-0.21233657002449036,-0.9080352783203125,0.3227294087409973,2.932220458984375,0.7140229940414429,2.7605056762695312
1779989376101332700,17.578332763671874,0.1631493866443634,-0.2179631143808365,-0.9013484716415405,0.33681660890579224,2.939784049987793,0.7454456686973572,2.746199131011963
1779989376117649700,17.594649658203124,0.15776190161705017,-0.21911244094371796,-0.8962313532829285,0.3519521951675415,2.960603713989258,0.7753924131393433,2.7361135482788086
1779989376133998000,17.610998046875,0.15198691189289093,-0.21862982213497162,-0.8924733996391296,0.3641323447227478,2.9802629947662354,0.7986496090888977,2.729315996170044
1779989376150319000,17.627319091796874,0.1519937962293625,-0.2198386937379837,-0.8859702348709106,0.37897956371307373,2.9887237548828125,0.8306316137313843,2.7226665019989014
1779989376166663400,17.643663330078127,0.15174156427383423,-0.22230187058448792,-0.8772917985916138,0.3973858058452606,3.0021469593048096,0.8705934882164001,2.7101800441741943
1779989376182997000,17.6599970703125,0.15111857652664185,-0.22502362728118896,-0.8681798577308655,0.415681928396225,3.018488645553589,0.9104564785957336,2.6946940422058105
1779989376199330000,17.676330078125,0.14934399724006653,-0.22539018094539642,-0.8592333197593689,0.43429678678512573,3.0366973876953125,0.9503961801528931,2.6825287342071533
1779989376215664000,17.6926640625,0.14666704833507538,-0.22279272973537445,-0.8499249219894409,0.4544003903865814,3.055708408355713,0.9931772947311401,2.6754233837127686
1779989376231996000,17.708995849609376,0.14278560876846313,-0.21661564707756042,-0.8409014344215393,0.47494712471961975,3.074037790298462,1.0364989042282104,2.675889015197754
1779989376248330200,17.725330322265624,0.1384461224079132,-0.2064429670572281,-0.8339464664459229,0.4926939904689789,3.0839316844940186,1.0736000537872314,2.69057035446167
1779989376264662300,17.741662353515625,0.13835932314395905,-0.19221191108226776,-0.8283858299255371,0.5076300501823425,3.0653750896453857,1.1066759824752808,2.732692241668701
1779989376280995600,17.75799560546875,0.14211738109588623,-0.17641416192054749,-0.8222686648368835,0.5220680236816406,3.022692918777466,1.1401675939559937,2.795186996459961
1779989376297328600,17.77432861328125,0.14986154437065125,-0.16292373836040497,-0.8153459429740906,0.5349843502044678,2.9605276584625244,1.1712218523025513,2.8674139976501465
1779989376313659600,17.79065966796875,0.16607730090618134,-0.15771164000034332,-0.8073020577430725,0.5438830256462097,2.8746471405029297,1.1958858966827393,2.9381418228149414
1779989376329995800,17.806995849609375,0.18568679690361023,-0.16246603429317474,-0.7971405982971191,0.5510826110839844,2.794790029525757,1.2194674015045166,2.9829747676849365
1779989376346334000,17.823333984375,0.20105351507663727,-0.17156338691711426,-0.7847699522972107,0.5606064796447754,2.7405989170074463,1.2496718168258667,3.002209424972534
1779989376362659800,17.839659912109376,0.20839838683605194,-0.1783873289823532,-0.7719631791114807,0.5734289884567261,2.711625337600708,1.285873532295227,3.0116801261901855
1779989376378991000,17.8559912109375,0.20627211034297943,-0.1820058822631836,-0.760576069355011,0.5880898833274841,2.7215077877044678,1.3238345384597778,3.0010430812835693
1779989376395329000,17.8723291015625,0.197561576962471,-0.1817852258682251,-0.750881552696228,0.6034075021743774,2.7619125843048096,1.3606609106063843,2.9750561714172363
1779989376411659800,17.88865966796875,0.1889628916978836,-0.1781332641839981,-0.7425669431686401,0.6173782348632812,2.7916500568389893,1.3928568363189697,2.9642333984375
1779989376427975200,17.90497509765625,0.18637517094612122,-0.1733488142490387,-0.7361595034599304,0.6271234154701233,2.764702081680298,1.4153437614440918,3.002511501312256
1779989376444326000,17.921325927734376,0.19011661410331726,-0.1716218888759613,-0.7321815490722656,0.6311195492744446,2.701228618621826,1.4253723621368408,3.063230037689209
1779989376460653300,17.9376533203125,0.19559910893440247,-0.17246012389659882,-0.7290394902229309,0.6328506469726562,2.6415693759918213,1.4307700395584106,3.1137144565582275
1779989376476981000,17.95398095703125,0.19837863743305206,-0.172392338514328,-0.7252614498138428,0.6363353729248047,2.591426134109497,1.4396833181381226,-3.12314510345459
1779989376493324300,17.97032421875,0.19737105071544647,-0.17067475616931915,-0.7219835519790649,0.6408233642578125,2.560035467147827,1.4498950242996216,-3.0875792503356934
1779989376509645000,17.98664501953125,0.19390618801116943,-0.1682789921760559,-0.7199912071228027,0.644744336605072,2.5539300441741943,1.458319902420044,-3.0727474689483643
1779989376525989600,18.00298974609375,0.18970979750156403,-0.1658865511417389,-0.7185935378074646,0.6481629610061646,2.5608901977539062,1.465600609779358,-3.0699546337127686
1779989376542325200,18.0193251953125,0.18495163321495056,-0.16248804330825806,-0.7179362773895264,0.6511206030845642,2.568728446960449,1.4710661172866821,-3.065795421600342
1779989376558654500,18.035654541015624,0.18074648082256317,-0.15902303159236908,-0.7179686427116394,0.6531183123588562,2.575446367263794,1.47403883934021,-3.061279058456421
1779989376574989000,18.051989013671875,0.17731259763240814,-0.15568464994430542,-0.7186227440834045,0.6541436314582825,2.5799827575683594,1.4745789766311646,-3.0559375286102295
1779989376591320600,18.068320556640625,0.17580048739910126,-0.15154586732387543,-0.7195111513137817,0.6545470952987671,2.5503928661346436,1.4726914167404175,-3.018139600753784
1779989376607655400,18.084655517578124,0.17696861922740936,-0.14744636416435242,-0.71993088722229,0.6547069549560547,2.4847946166992188,1.4695032835006714,-2.9483141899108887
1779989376623986000,18.10098583984375,0.17823125422000885,-0.14343169331550598,-0.7191914916038513,0.6560675501823425,2.4079983234405518,1.4688153266906738,-2.8675224781036377
1779989376640321800,18.11732177734375,0.17818458378314972,-0.13817210495471954,-0.7173954248428345,0.6591681241989136,2.313631057739258,1.470841884613037,-2.765418529510498
1779989376656647000,18.13364697265625,0.17714470624923706,-0.13245968520641327,-0.7142411470413208,0.6640284657478333,2.193413019180298,1.4757022857666016,-2.6353423595428467
1779989376672992000,18.149991943359375,0.17698802053928375,-0.12757444381713867,-0.7092829942703247,0.670311689376831,2.0213186740875244,1.4817683696746826,-2.4558727741241455
1779989376689329700,18.16632958984375,0.17725948989391327,-0.1223825141787529,-0.7027251124382019,0.6780701875686646,1.7793564796447754,1.4856919050216675,-2.2067432403564453
1779989376705654000,18.182654052734375,0.1775546669960022,-0.1171710416674614,-0.694229006767273,0.6875982880592346,1.4700303077697754,1.4848614931106567,-1.8903067111968994
1779989376721983500,18.1989833984375,0.1795385181903839,-0.11392392963171005,-0.6837059855461121,0.6980926990509033,1.1456834077835083,1.475763201713562,-1.5642191171646118
1779989376738306300,18.215306396484376,0.1835821568965912,-0.11310867965221405,-0.6716841459274292,0.7087625861167908,0.8747580051422119,1.4581193923950195,-1.2981644868850708
1779989376754651600,18.231651611328125,0.18853069841861725,-0.11458655446767807,-0.6592695713043213,0.7188113331794739,0.676368236541748,1.4364348649978638,-1.1093850135803223
1779989376770984700,18.247984619140624,0.19184540212154388,-0.11861023306846619,-0.6485872268676758,0.7269536256790161,0.5295864343643188,1.418962001800537,-0.9735420942306519
1779989376787316200,18.264316162109374,0.19283144176006317,-0.12245894223451614,-0.642398476600647,0.7315354347229004,0.44272351264953613,1.4100139141082764,-0.8938725590705872
1779989376803651300,18.2806513671875,0.19232971966266632,-0.12384987622499466,-0.6416792869567871,0.7320643663406372,0.42215695977211,1.4102565050125122,-0.8745960593223572
1779989376819983600,18.296983642578127,0.19231325387954712,-0.12469413876533508,-0.6454198360443115,0.7286291122436523,0.4556578993797302,1.4190199375152588,-0.9091441631317139
1779989376836319500,18.313319580078126,0.19404153525829315,-0.12676501274108887,-0.6526945233345032,0.7212963700294495,0.5462689399719238,1.4348071813583374,-1.0050209760665894
1779989376852647200,18.329647216796875,0.1975557953119278,-0.1315104067325592,-0.6630628705024719,0.7099468111991882,0.7182437777519226,1.4561913013458252,-1.1887059211730957
1779989376868983300,18.3459833984375,0.20366846024990082,-0.1393948793411255,-0.675809383392334,0.6945286393165588,1.0420860052108765,1.4760891199111938,-1.5327012538909912
1779989376885314300,18.362314208984376,0.2124212384223938,-0.14950130879878998,-0.6909154653549194,0.6746572852134705,1.5645837783813477,1.4788600206375122,-2.082737922668457
1779989376901650200,18.378650146484375,0.22007030248641968,-0.15798941254615784,-0.7095053195953369,0.6505464315414429,2.0592782497406006,1.4496427774429321,-2.601536989212036
1779989376917981400,18.3949814453125,0.21900485455989838,-0.15887361764907837,-0.7316771745681763,0.6256553530693054,2.354149103164673,1.398208498954773,-2.897193670272827
1779989376934314500,18.411314453125,0.20343489944934845,-0.14860692620277405,-0.7548290491104126,0.6056098341941833,2.5362565517425537,1.345497727394104,-3.042689323425293
1779989376950659600,18.42765966796875,0.17659913003444672,-0.1318628191947937,-0.7749519348144531,0.592346727848053,2.679450750350952,1.3041280508041382,-3.123220682144165
1779989376966976800,18.443976806640624,0.15071222186088562,-0.1212199479341507,-0.7894102931022644,0.5826002955436707,2.8042783737182617,1.2742793560028076,3.0875792503356934
1779989376983314400,18.460314453125,0.13517042994499207,-0.12007473409175873,-0.798924446105957,0.5736121535301208,2.8908281326293945,1.2500699758529663,3.0246260166168213
1779989376999641000,18.47664111328125,0.12955859303474426,-0.125522643327713,-0.8070951104164124,0.5621887445449829,2.9409377574920654,1.2226439714431763,2.973893880844116
1779989377015985000,18.49298486328125,0.1310577541589737,-0.13713304698467255,-0.8165948987007141,0.5451523661613464,2.969512939453125,1.184423565864563,2.924757480621338
1779989377032317000,18.50931689453125,0.13748770952224731,-0.15392155945301056,-0.8282562494277954,0.5209575891494751,2.9823031425476074,1.1320793628692627,2.875447988510132
1779989377048650000,18.52564990234375,0.14372839033603668,-0.17267145216464996,-0.83987957239151,0.4940940737724304,2.992217779159546,1.0750093460083008,2.825202465057373
1779989377064977700,18.541977783203127,0.14585275948047638,-0.18977446854114532,-0.8513829708099365,0.466754674911499,3.0059685707092285,1.0162363052368164,2.7785685062408447
1779989377081289200,18.558289306640624,0.1469462513923645,-0.2061598151922226,-0.8620768189430237,0.43900853395462036,3.015641450881958,0.9570688605308533,2.7375235557556152
1779989377097644800,18.574644775390624,0.14963816106319427,-0.22355231642723083,-0.8715280294418335,0.4099654257297516,3.017005443572998,0.8970609307289124,2.6994237899780273
1779989377113975800,18.590975830078126,0.1529146283864975,-0.2398320436477661,-0.8793894648551941,0.3818008303642273,3.012634038925171,0.8403112888336182,2.666769027709961
1779989377130310400,18.607310302734376,0.15594950318336487,-0.2540096640586853,-0.8856601715087891,0.3560405373573303,3.0057802200317383,0.7893380522727966,2.639622688293457
1779989377146642200,18.62364208984375,0.15996597707271576,-0.2651466429233551,-0.8906846642494202,0.33284980058670044,2.993558168411255,0.7447081804275513,2.62083101272583
1779989377162976500,18.6399765625,0.1645256131887436,-0.27336883544921875,-0.8944527506828308,0.313297301530838,2.9789061546325684,0.7081261873245239,2.6086206436157227
1779989377179309000,18.65630908203125,0.1693543791770935,-0.27984532713890076,-0.8966124057769775,0.2984826862812042,2.9647281169891357,0.6815952062606812,2.5993919372558594
1779989377195642400,18.672642333984374,0.17436565458774567,-0.2849728763103485,-0.8967742919921875,0.29014289379119873,2.952691078186035,0.6684423685073853,2.5919928550720215
1779989377211975700,18.6889755859375,0.17812193930149078,-0.288124680519104,-0.8956791162490845,0.28812429308891296,2.9455127716064453,0.6671842932701111,2.587277412414551
1779989377228306400,18.705306396484374,0.18028393387794495,-0.2888891100883484,-0.8939744830131531,0.29129084944725037,2.9429686069488525,0.6751024127006531,2.5863900184631348
1779989377244641300,18.721641357421873,0.1829352080821991,-0.2886367440223694,-0.8910198211669922,0.29884305596351624,2.9408950805664062,0.6920979022979736,2.5876224040985107
1779989377260974800,18.737974853515624,0.18630997836589813,-0.2885701060295105,-0.8865349292755127,0.30995452404022217,2.9392971992492676,0.716962456703186,2.588235378265381
1779989377277304600,18.7543046875,0.1880474090576172,-0.28917500376701355,-0.8822977542877197,0.32026028633117676,2.9418394565582275,0.7394573092460632,2.5857884883880615
1779989377293640700,18.770640625,0.18815894424915314,-0.2913733422756195,-0.8786137104034424,0.3282313048839569,2.9487571716308594,0.7565628886222839,2.5779993534088135
1779989377309970700,18.786970703125,0.18843451142311096,-0.2928011417388916,-0.8741936087608337,0.3384457230567932,2.9562008380889893,0.778316855430603,2.571408987045288
1779989377326310100,18.80331005859375,0.19217295944690704,-0.2949663996696472,-0.8674238920211792,0.35162511467933655,2.9581384658813477,0.8086926937103271,2.5647132396698
1779989377342638600,18.819638671875,0.20007330179214478,-0.2995785176753998,-0.8600314855575562,0.3613436222076416,2.9502224922180176,0.8351678252220154,2.5563275814056396
1779989377358952700,18.83595263671875,0.20606112480163574,-0.3024047315120697,-0.8527712821960449,0.37265458703041077,2.946319103240967,0.8636301159858704,2.550245523452759
1779989377375304700,18.8523046875,0.20696920156478882,-0.3025219738483429,-0.8441774249076843,0.39116331934928894,2.958296775817871,0.903742790222168,2.5425376892089844
1779989377391644200,18.86864404296875,0.20138514041900635,-0.2971208691596985,-0.8357163667678833,0.4156216084957123,2.986549139022827,0.9516170024871826,2.5384206771850586
1779989377407971800,18.884971923828125,0.19420291483402252,-0.28640809655189514,-0.829486608505249,0.4384147822856903,3.0108139514923096,0.9946365356445312,2.547720193862915
1779989377424303600,18.9013037109375,0.19381368160247803,-0.2749912440776825,-0.8240516185760498,0.4558016061782837,3.007446050643921,1.0309784412384033,2.5735034942626953
1779989377440636400,18.917636474609374,0.19855760037899017,-0.26482638716697693,-0.8191072940826416,0.46851372718811035,2.982961654663086,1.060689926147461,2.6093320846557617
1779989377456953900,18.933953857421876,0.2074023336172104,-0.25677770376205444,-0.8138592839241028,0.47820770740509033,2.942753314971924,1.0862796306610107,2.6506423950195312
1779989377473292500,18.95029248046875,0.21864256262779236,-0.250492662191391,-0.8073976039886475,0.4873991310596466,2.8931870460510254,1.112000584602356,2.6947762966156006
1779989377489623300,18.966623291015626,0.23012305796146393,-0.2456437349319458,-0.7994048595428467,0.4976488947868347,2.841414451599121,1.1401652097702026,2.738636016845703
1779989377505964300,18.98296435546875,0.24154147505760193,-0.24237927794456482,-0.7896480560302734,0.5092797875404358,2.7879562377929688,1.1716493368148804,2.78197979927063
1779989377522306300,18.999306396484375,0.2530794143676758,-0.24066483974456787,-0.7783241271972656,0.5217690467834473,2.7302896976470947,1.2055211067199707,2.826993227005005
1779989377538633500,19.015633544921876,0.26332953572273254,-0.24107104539871216,-0.7657012939453125,0.5350176095962524,2.6754682064056396,1.2415602207183838,2.8678510189056396
1779989377554968000,19.031968017578127,0.2709050178527832,-0.24343043565750122,-0.7527580857276917,0.5483680963516235,2.631523370742798,1.2781023979187012,2.898765802383423
1779989377571285800,19.04828564453125,0.27594664692878723,-0.2471802532672882,-0.740394115447998,0.560867190361023,2.60046648979187,1.3129549026489258,2.91823410987854
1779989377587631400,19.06463134765625,0.2791309356689453,-0.2515202462673187,-0.7290204167366028,0.5721476078033447,2.5801353454589844,1.3450562953948975,2.9285800457000732
1779989377603970600,19.080970458984375,0.2809906601905823,-0.2551746368408203,-0.7190276384353638,0.5821764469146729,2.564286947250366,1.3735260963439941,2.9371910095214844
1779989377620297500,19.09729736328125,0.28374019265174866,-0.25850483775138855,-0.7102056741714478,0.5901480317115784,2.539341449737549,1.3970807790756226,2.9536967277526855
1779989377636631300,19.11363134765625,0.2893930673599243,-0.26192647218704224,-0.702329695224762,0.595297634601593,2.4886350631713867,1.4143667221069336,2.9910340309143066
1779989377652967000,19.129966796875,0.29574891924858093,-0.26498380303382874,-0.6956067681312561,0.5987048149108887,2.425351619720459,1.4268914461135864,3.0401947498321533
1779989377669290000,19.1462900390625,0.3004535436630249,-0.2650175392627716,-0.6906818151473999,0.6020398736000061,2.3489394187927246,1.4356893301010132,3.1095480918884277
1779989377685633000,19.162633056640626,0.3036886751651764,-0.263665109872818,-0.6868237257003784,0.605414867401123,2.2709505558013916,1.4424179792404175,-3.0983667373657227
1779989377701964500,19.178964599609376,0.30543088912963867,-0.26237183809280396,-0.6843889951705933,0.6078526377677917,2.215132474899292,1.4465248584747314,-3.0431292057037354
1779989377718296800,19.195296875,0.30455222725868225,-0.26133236289024353,-0.6834622025489807,0.60978102684021,2.198631525039673,1.4499197006225586,-3.023568868637085
1779989377734627300,19.21162744140625,0.3014301359653473,-0.25995686650276184,-0.6835364699363708,0.6118335723876953,2.2082576751708984,1.453586459159851,-3.026150703430176
1779989377750963000,19.227962890625,0.2980886697769165,-0.2583940923213959,-0.6838893294334412,0.6137353181838989,2.221559762954712,1.4567409753799438,-3.031809091567993
1779989377767296300,19.244296142578126,0.29610106348991394,-0.2577977478504181,-0.6837049126625061,0.6151522397994995,2.2289645671844482,1.459686040878296,-3.035160779953003
1779989377783629800,19.2606298828125,0.29529160261154175,-0.2577732503414154,-0.6829858422279358,0.6163491606712341,2.226379871368408,1.4625961780548096,-3.0312247276306152
1779989377799963600,19.276963623046875,0.29457226395606995,-0.2569379508495331,-0.682332456111908,0.6177641153335571,2.212672472000122,1.4650547504425049,-3.0150704383850098
1779989377816293400,19.29329345703125,0.2937585115432739,-0.2543713450431824,-0.6826171278953552,0.6188982129096985,2.1893389225006104,1.4648082256317139,-2.9865448474884033
1779989377832628200,19.309628173828123,0.2942914366722107,-0.2515273690223694,-0.6831017136573792,0.6192725896835327,2.154442548751831,1.462087869644165,-2.94815993309021
1779989377848965400,19.32596533203125,0.29557523131370544,-0.24881726503372192,-0.6826542019844055,0.6202488541603088,2.102782964706421,1.4604623317718506,-2.8943464756011963
1779989377865293300,19.342293212890624,0.2978881299495697,-0.24601054191589355,-0.680959165096283,0.6221222877502441,2.023559331893921,1.4598065614700317,-2.8143808841705322
1779989377881627600,19.358627685546875,0.30090945959091187,-0.24235107004642487,-0.6786114573478699,0.6246646642684937,1.9202864170074463,1.4581373929977417,-2.71016788482666
1779989377897959700,19.374959716796877,0.30467039346694946,-0.2377428561449051,-0.6755233407020569,0.6279511451721191,1.7944034337997437,1.4546077251434326,-2.5830681324005127
1779989377914294000,19.3912939453125,0.3085229694843292,-0.23268632590770721,-0.6707509160041809,0.6330591440200806,1.6385974884033203,1.4509598016738892,-2.4255053997039795
1779989377930630100,19.407630126953126,0.3119221031665802,-0.22719229757785797,-0.6644816398620605,0.6399627923965454,1.460567831993103,1.4459730386734009,-2.244389772415161
1779989377946955800,19.423955810546875,0.3144737482070923,-0.22188282012939453,-0.6572403907775879,0.6480041742324829,1.2803326845169067,1.4391087293624878,-2.0601089000701904
1779989377963292400,19.44029248046875,0.31571123003959656,-0.21712754666805267,-0.6497336030006409,0.6565275192260742,1.1146824359893799,1.4309340715408325,-1.8892982006072998
1779989377979623400,19.45662353515625,0.3150753676891327,-0.21330948173999786,-0.6423697471618652,0.6652726531028748,0.9654160737991333,1.4231438636779785,-1.7334438562393188
1779989377995958300,19.472958251953123,0.3120400011539459,-0.210612490773201,-0.6350710391998291,0.6745060086250305,0.8202528953552246,1.4167448282241821,-1.579714059829712
1779989378012276500,19.4892763671875,0.3092650771141052,-0.20936505496501923,-0.6296493411064148,0.6812218427658081,0.7175006866455078,1.4116337299346924,-1.4709813594818115
1779989378028624000,19.505623779296876,0.30855774879455566,-0.20938734710216522,-0.6280039548873901,0.6830520629882812,0.6878167986869812,1.4102181196212769,-1.44029700756073
1779989378044958000,19.5219580078125,0.31094926595687866,-0.21038591861724854,-0.6293384432792664,0.6804274320602417,0.7219342589378357,1.4111084938049316,-1.4795602560043335
1779989378061290000,19.5382900390625,0.31569600105285645,-0.21332363784313202,-0.6333906054496765,0.6735321283340454,0.8124856948852539,1.4151314496994019,-1.5817310810089111
1779989378077623800,19.554623779296875,0.3204595446586609,-0.21828268468379974,-0.6408283114433289,0.6625688076019287,0.9691988825798035,1.422926902770996,-1.7531001567840576
1779989378093952500,19.570952392578125,0.32447630167007446,-0.22622790932655334,-0.6512131690979004,0.6476554274559021,1.2059797048568726,1.4316494464874268,-2.008005380630493
1779989378110291500,19.58729150390625,0.32777807116508484,-0.23795829713344574,-0.6640382409095764,0.6284828186035156,1.5351448059082031,1.4340753555297852,-2.3603010177612305
1779989378126620200,19.6036201171875,0.3293469250202179,-0.2520436942577362,-0.6796349883079529,0.6050626635551453,1.9132421016693115,1.4187493324279785,-2.763188123703003
1779989378142956000,19.6199560546875,0.3263537883758545,-0.2638322114944458,-0.6982236504554749,0.5799738168716431,2.2226626873016357,1.3813471794128418,-3.087798595428467
1779989378159287800,19.636287841796875,0.31456705927848816,-0.2694166898727417,-0.7196084856987,0.557338297367096,2.4412841796875,1.3320279121398926,2.984039068222046
1779989378175620900,19.652620849609374,0.29354655742645264,-0.2675739824771881,-0.7429934144020081,0.5386979579925537,2.6024792194366455,1.2785146236419678,2.8553872108459473
1779989378191953200,19.668953125,0.26938602328300476,-0.26081469655036926,-0.7645523548126221,0.5242771506309509,2.7156553268432617,1.229120135307312,2.786971092224121
1779989378208284400,19.685284423828126,0.25241079926490784,-0.25663208961486816,-0.780166506767273,0.511633574962616,2.7819385528564453,1.188665509223938,2.7505013942718506
1779989378224620000,19.7016201171875,0.24890631437301636,-0.2629197835922241,-0.7871468663215637,0.4993181526660919,2.8115854263305664,1.1603885889053345,2.7142884731292725
1779989378240953300,19.717953369140623,0.25102168321609497,-0.27536702156066895,-0.7889187932014465,0.4886391758918762,2.8316597938537598,1.1414532661437988,2.6698625087738037
1779989378257288700,19.734288818359374,0.24774767458438873,-0.28537335991859436,-0.7930153012275696,0.4778178632259369,2.8631949424743652,1.118017554283142,2.6255760192871094
1779989378273620000,19.750619873046876,0.24658949673175812,-0.30158811807632446,-0.7987744808197021,0.45847296714782715,2.8906619548797607,1.0783309936523438,2.5701980590820312
1779989378289945000,19.766945068359377,0.24396832287311554,-0.3204925060272217,-0.8048742413520813,0.4358229339122772,2.9190826416015625,1.031256914138794,2.5101699829101562
1779989378306282500,19.783282470703124,0.24243247509002686,-0.34298887848854065,-0.8095828890800476,0.4100741147994995,2.940660238265991,0.9796121120452881,2.4475040435791016
1779989378322627000,19.799626953125,0.2433350533246994,-0.36565539240837097,-0.8130735158920288,0.38209375739097595,2.946885585784912,0.9261197447776794,2.393792152404785
1779989378338939100,19.815939208984375,0.24332913756370544,-0.3854798674583435,-0.8159706592559814,0.3555110692977905,2.9484012126922607,0.8753536939620972,2.3495357036590576
1779989378355283000,19.832282958984376,0.2414301037788391,-0.4040241837501526,-0.8183203935623169,0.3298904299736023,2.9508299827575684,0.8256656527519226,2.3081247806549072
1779989378371617300,19.8486171875,0.23963238298892975,-0.4214652478694916,-0.8200034499168396,0.30420035123825073,2.9489214420318604,0.7766362428665161,2.271078586578369
1779989378387949300,19.86494921875,0.23640196025371552,-0.4361156225204468,-0.8216078877449036,0.28085193037986755,2.9476256370544434,0.7311115264892578,2.2400569915771484
1779989378404284000,19.881283935546875,0.2317199558019638,-0.44784387946128845,-0.8230103254318237,0.2615258991718292,2.9492828845977783,0.6919316649436951,2.2144129276275635
1779989378420610000,19.897610107421876,0.226139634847641,-0.45706793665885925,-0.8236691951751709,0.24803021550178528,2.95556902885437,0.6627817749977112,2.192542314529419
1779989378436955000,19.913954833984373,0.22130292654037476,-0.463741660118103,-0.8232958912849426,0.24114874005317688,2.964362621307373,0.6464146971702576,2.1751394271850586
1779989378453279700,19.93027978515625,0.21917828917503357,-0.4695603847503662,-0.8212323188781738,0.2388545721769333,2.9714677333831787,0.6411844491958618,2.159388780593872
1779989378469601500,19.9466015625,0.219878688454628,-0.4741894602775574,-0.8178779482841492,0.24056889116764069,2.976125955581665,0.6460539102554321,2.146256685256958
1779989378485949200,19.96294921875,0.2223278135061264,-0.4770109951496124,-0.8138545155525208,0.24631613492965698,2.9802796840667725,0.6598984599113464,2.136650800704956
1779989378502281200,19.97928125,0.22784079611301422,-0.4778580069541931,-0.8090851902961731,0.25518929958343506,2.9800779819488525,0.6824431419372559,2.132077217102051
1779989378518613200,19.99561328125,0.23635169863700867,-0.4777792990207672,-0.8031861782073975,0.26600173115730286,2.975104570388794,0.7117312550544739,2.130342721939087
1779989378534947600,20.011947509765626,0.2480613738298416,-0.47794586420059204,-0.7956051826477051,0.2775711715221405,2.9644663333892822,0.74611896276474,2.1291556358337402
1779989378551275000,20.02827490234375,0.2624586820602417,-0.4780988097190857,-0.7856141924858093,0.2921425700187683,2.9515364170074463,0.7894769906997681,2.1275787353515625
1779989378567610000,20.044610107421875,0.27245569229125977,-0.4762531518936157,-0.7753875255584717,0.31260988116264343,2.953685998916626,0.839491069316864,2.124037504196167
1779989378583950000,20.0609501953125,0.2700672447681427,-0.47041141986846924,-0.7691389918327332,0.3379380702972412,2.98701810836792,0.8850207328796387,2.1171295642852783
1779989378600279300,20.077279296875,0.2645406126976013,-0.4605157673358917,-0.7662208080291748,0.3617311120033264,3.021460771560669,0.9239395260810852,2.119119644165039
1779989378616609500,20.093609619140626,0.2697317898273468,-0.4505350887775421,-0.7615904211997986,0.37979334592819214,3.020928382873535,0.9641088843345642,2.136385202407837
1779989378632945200,20.109945068359377,0.27678173780441284,-0.4460381865501404,-0.7540895938873291,0.3947034478187561,3.0201261043548584,1.0013394355773926,2.1398327350616455
1779989378649264000,20.12626416015625,0.27949732542037964,-0.4413604140281677,-0.7467661499977112,0.4116099178791046,3.0348503589630127,1.0381590127944946,2.135024070739746
1779989378665611000,20.142611083984374,0.27900248765945435,-0.4339351952075958,-0.7405595183372498,0.43061524629592896,3.058319330215454,1.0757158994674683,2.131227731704712
1779989378681942800,20.15894287109375,0.27870526909828186,-0.4236997663974762,-0.7334871888160706,0.452546626329422,3.083353281021118,1.1198819875717163,2.130458354949951
1779989378698276600,20.175276611328126,0.27696582674980164,-0.4100729525089264,-0.7272036671638489,0.4757152795791626,3.1094560623168945,1.165628433227539,2.1358675956726074
1779989378714607900,20.19160791015625,0.2726333439350128,-0.39222612977027893,-0.7231903076171875,0.4988241493701935,3.1330320835113525,1.20926833152771,2.153597831726074
1779989378730942700,20.207942626953123,0.2697623670101166,-0.3718021810054779,-0.720724880695343,0.5191791653633118,3.1327617168426514,1.2499446868896484,2.1954338550567627
1779989378747274800,20.224274658203125,0.27525895833969116,-0.35347142815589905,-0.7171615362167358,0.533825695514679,3.079108953475952,1.2879712581634521,2.272645950317383
1779989378763608800,20.24060888671875,0.28693363070487976,-0.3437148630619049,-0.7131197452545166,0.5394343733787537,2.9911246299743652,1.3116511106491089,2.359189510345459
1779989378779941000,20.256941162109374,0.30168774724006653,-0.3424091041088104,-0.7080109715461731,0.5389443635940552,2.9011621475219727,1.324238657951355,2.4284465312957764
1779989378796274400,20.2732744140625,0.3175573945045471,-0.3460322320461273,-0.7003492712974548,0.5375219583511353,2.822631597518921,1.3364933729171753,2.476377487182617
1779989378812607500,20.289607421875,0.3311792314052582,-0.3510422110557556,-0.6900690197944641,0.5393462777137756,2.7660131454467773,1.3553826808929443,2.503953456878662
1779989378828940000,20.30593994140625,0.3406609296798706,-0.3553667664527893,-0.678413987159729,0.5453613996505737,2.734544515609741,1.381201982498169,2.514385223388672
1779989378845261800,20.32226171875,0.34705689549446106,-0.357852578163147,-0.6675320863723755,0.5530768632888794,2.711920976638794,1.4080344438552856,2.5238330364227295
1779989378861607000,20.33860693359375,0.35207027196884155,-0.35834944248199463,-0.658623218536377,0.5602211356163025,2.6775941848754883,1.4312388896942139,2.5501444339752197
1779989378877939200,20.354939208984376,0.35898157954216003,-0.3591625988483429,-0.650423526763916,0.5648749470710754,2.609992265701294,1.4497380256652832,2.605760335922241
1779989378894272500,20.3712724609375,0.3663676679134369,-0.35946694016456604,-0.6443579196929932,0.5668871998786926,2.5128862857818604,1.4607462882995605,2.690567970275879
1779989378910604800,20.387604736328125,0.37242060899734497,-0.3613118529319763,-0.6402489542961121,0.5664255619049072,2.4459099769592285,1.4651700258255005,2.7446236610412598
1779989378926939000,20.40393896484375,0.3763670325279236,-0.36336421966552734,-0.6361424326896667,0.5671306252479553,2.404155731201172,1.4714409112930298,2.7766175270080566
1779989378943259600,20.420259765625,0.3769327402114868,-0.3634428381919861,-0.6322852373123169,0.5710048079490662,2.3733272552490234,1.4820295572280884,2.806682825088501
1779989378959611100,20.436611083984374,0.3745623528957367,-0.36295148730278015,-0.6299883127212524,0.5753989815711975,2.3829352855682373,1.4918477535247803,2.8020787239074707
1779989378975937000,20.45293701171875,0.37071147561073303,-0.36231547594070435,-0.6290304064750671,0.5793282985687256,2.4289660453796387,1.499496340751648,2.7636590003967285
1779989378992270600,20.4692705078125,0.36647430062294006,-0.36140841245651245,-0.6292495727539062,0.5823450088500977,2.4930260181427,1.5040678977966309,2.7081997394561768
1779989379008601000,20.48560107421875,0.3629360496997833,-0.3610355854034424,-0.6302289962768555,0.5837312936782837,2.5629961490631104,1.504973292350769,2.6446948051452637
1779989379024933000,20.50193310546875,0.36061546206474304,-0.3610321879386902,-0.6310693621635437,0.5842633843421936,2.6146581172943115,1.5045883655548096,2.5968518257141113
1779989379041272300,20.518272216796873,0.3595128655433655,-0.36012300848960876,-0.6314058899879456,0.585139811038971,2.6206040382385254,1.5053503513336182,2.5942301750183105
1779989379057602300,20.534602294921875,0.3585526645183563,-0.3581881821155548,-0.6325179934501648,0.585715115070343,2.6019999980926514,1.5045928955078125,2.617574453353882
1779989379073934800,20.550934814453125,0.3595695197582245,-0.35653993487358093,-0.6340959072113037,0.584389865398407,2.5493886470794678,1.5003575086593628,2.6711385250091553
1779989379090266400,20.567266357421875,0.3642451763153076,-0.3553960919380188,-0.6351457834243774,0.5810412764549255,2.445164918899536,1.4932461977005005,2.769404172897339
1779989379106599700,20.583599609375,0.3706117570400238,-0.3536902964115143,-0.6357243657112122,0.5774120092391968,2.3209164142608643,1.484901785850525,2.885775327682495
1779989379122934300,20.599934326171876,0.3752470314502716,-0.34880098700523376,-0.635932981967926,0.5771628022193909,2.1806399822235107,1.4796247482299805,3.026331901550293
1779989379139264000,20.616263916015626,0.3798951804637909,-0.3410343825817108,-0.6333462595939636,0.5815907120704651,1.9620025157928467,1.4792354106903076,-3.0330898761749268
1779989379155602400,20.6326025390625,0.38565993309020996,-0.3308091163635254,-0.627350926399231,0.5901378393173218,1.6350009441375732,1.4770246744155884,-2.6988139152526855
1779989379171932400,20.648932373046875,0.391834557056427,-0.3194338083267212,-0.6185109615325928,0.6015579700469971,1.2730019092559814,1.465589165687561,-2.3286142349243164
1779989379188268300,20.665268310546875,0.4003622233867645,-0.308954656124115,-0.6065964698791504,0.6134312152862549,0.9695369601249695,1.4410747289657593,-2.022789716720581
1779989379204597000,20.681596923828124,0.41060206294059753,-0.29958099126815796,-0.5926844477653503,0.6248059272766113,0.7610970735549927,1.4071675539016724,-1.817221999168396
1779989379220930600,20.6979306640625,0.4204941689968109,-0.2917174994945526,-0.5787099003791809,0.6349648833274841,0.6282649636268616,1.3717314004898071,-1.6896125078201294
1779989379237264000,20.714263916015625,0.4292830228805542,-0.2859494090080261,-0.5658602118492126,0.6432349681854248,0.5416219830513,1.3399302959442139,-1.6099785566329956
1779989379253598200,20.73059814453125,0.43688860535621643,-0.2800998389720917,-0.5563075542449951,0.6489948034286499,0.5002692341804504,1.3124988079071045,-1.5735348463058472
1779989379269917200,20.746917236328127,0.44604840874671936,-0.2770993411540985,-0.5489603877067566,0.6503071784973145,0.48785969614982605,1.2912663221359253,-1.573091983795166
1779989379286263000,20.763262939453124,0.45384037494659424,-0.27472344040870667,-0.5454773902893066,0.6488531827926636,0.4996008276939392,1.2772736549377441,-1.595108151435852
1779989379302592300,20.77959228515625,0.4583572745323181,-0.2715011239051819,-0.5480708479881287,0.6448365449905396,0.5438878536224365,1.2721010446548462,-1.6420356035232544
1779989379318935300,20.795935302734375,0.45965561270713806,-0.2702903151512146,-0.555207371711731,0.6382826566696167,0.6084662079811096,1.27730393409729,-1.706286072731018
1779989379335262500,20.812262451171875,0.45840880274772644,-0.272771954536438,-0.5648629665374756,0.6295925378799438,0.685987651348114,1.2918610572814941,-1.7845923900604248
1779989379351595000,20.828594970703126,0.45583516359329224,-0.2777079939842224,-0.5754032135009766,0.6196803450584412,0.7766584157943726,1.3104864358901978,-1.877669095993042
1779989379367928600,20.844928466796876,0.4514637589454651,-0.2842808663845062,-0.586292564868927,0.6096113324165344,0.8806741833686829,1.3315049409866333,-1.9837461709976196
1779989379384262400,20.861262451171875,0.4455050230026245,-0.2938155233860016,-0.5973988175392151,0.5985919833183289,1.009260892868042,1.3558549880981445,-2.116600275039673
1779989379400594700,20.8775947265625,0.43708905577659607,-0.307110071182251,-0.6087650656700134,0.5865507125854492,1.1831997632980347,1.3840421438217163,-2.2969374656677246
1779989379416927000,20.893927001953124,0.4269315004348755,-0.3238627016544342,-0.6188985705375671,0.5742883086204529,1.417634129524231,1.4118008613586426,-2.5409107208251953
1779989379433259300,20.91025927734375,0.4181627631187439,-0.3442471921443939,-0.625614583492279,0.5614625215530396,1.714682936668396,1.4322731494903564,-2.8565099239349365
1779989379449581800,20.926581787109374,0.4137989580631256,-0.36837655305862427,-0.6276981234550476,0.5468676686286926,2.042133331298828,1.4395780563354492,3.066071033477783
1779989379465923300,20.94292333984375,0.41407981514930725,-0.3946128487586975,-0.6260985136032104,0.5299237370491028,2.331455707550049,1.4319140911102295,2.730884313583374
1779989379482253300,20.95925341796875,0.4169870913028717,-0.4206085503101349,-0.6229161620140076,0.5110633969306946,2.537771701812744,1.4123650789260864,2.4730403423309326
1779989379498591500,20.975591552734375,0.4191238582134247,-0.44410496950149536,-0.6205867528915405,0.4919126033782959,2.673454523086548,1.3851594924926758,2.28994083404541
1779989379514923800,20.991923828125,0.41965076327323914,-0.4640046954154968,-0.6200805902481079,0.47338446974754333,2.7555313110351562,1.3536345958709717,2.1683037281036377
1779989379531261200,21.00826123046875,0.4196043014526367,-0.48040902614593506,-0.6211807131767273,0.45527341961860657,2.796525478363037,1.320251703262329,2.093932867050171
1779989379547592400,21.024592529296875,0.422024667263031,-0.49655887484550476,-0.6206106543540955,0.4360813796520233,2.8098766803741455,1.2884116172790527,2.0421226024627686
1779989379563924500,21.040924560546873,0.4273737072944641,-0.5138778686523438,-0.6176018714904785,0.414546936750412,2.8049519062042236,1.2573796510696411,1.9994943141937256
1779989379580258300,21.05725830078125,0.4334770143032074,-0.531950831413269,-0.6139680743217468,0.3900887668132782,2.790188789367676,1.223161220550537,1.9614228010177612
1779989379596588300,21.07358837890625,0.4351511001586914,-0.5487232804298401,-0.6133930087089539,0.36509621143341064,2.782444953918457,1.182221531867981,1.9244554042816162
1779989379612924200,21.089924072265624,0.4326212704181671,-0.5641350746154785,-0.614666223526001,0.3417249023914337,2.7845442295074463,1.1389802694320679,1.88651704788208
1779989379629248500,21.10624853515625,0.42854008078575134,-0.5793958306312561,-0.6142334342002869,0.321513831615448,2.7949306964874268,1.1007730960845947,1.8432120084762573
1779989379645590300,21.12259033203125,0.42266780138015747,-0.5944790244102478,-0.6121311783790588,0.3053557872772217,2.8152570724487305,1.068272590637207,1.7941961288452148
1779989379661921800,21.138921875,0.4150035083293915,-0.6089271903038025,-0.6095824837684631,0.2922140657901764,2.8413522243499756,1.038553237915039,1.7443621158599854
1779989379678256400,21.15525634765625,0.40820425748825073,-0.6238613724708557,-0.605627715587616,0.2781751751899719,2.8613522052764893,1.0089387893676758,1.6965713500976562
1779989379694588400,21.17158837890625,0.4037950038909912,-0.6390706300735474,-0.5995625257492065,0.26279884576797485,2.8715455532073975,0.9813269376754761,1.6519243717193604
1779989379710922000,21.187921875,0.40162691473960876,-0.653608500957489,-0.5914415121078491,0.2483721822500229,2.8765060901641846,0.9593328237533569,1.6095026731491089
1779989379727253500,21.20425341796875,0.40072497725486755,-0.6666908860206604,-0.5821884870529175,0.23664194345474243,2.8811492919921875,0.9439132213592529,1.5691732168197632
1779989379743587800,21.220587890625,0.4018004536628723,-0.6780430674552917,-0.5718684792518616,0.22755305469036102,2.884207248687744,0.9359062910079956,1.5319294929504395
1779989379759920400,21.23692041015625,0.40551403164863586,-0.6873540282249451,-0.5608108639717102,0.22044067084789276,2.8830342292785645,0.9351943135261536,1.4998224973678589
1779989379776253000,21.2532529296875,0.4119105041027069,-0.6948248147964478,-0.5488079190254211,0.21530954539775848,2.878586769104004,0.9420040845870972,1.4715476036071777
1779989379792584400,21.26958447265625,0.42144206166267395,-0.7001257538795471,-0.5356789231300354,0.21274110674858093,2.871208429336548,0.9580066800117493,1.4472638368606567
1779989379808920000,21.285920166015625,0.43454405665397644,-0.702752411365509,-0.521521270275116,0.21289952099323273,2.8596365451812744,0.9841774106025696,1.4287341833114624
1779989379825252000,21.302252197265624,0.4516409635543823,-0.7030724883079529,-0.5053513646125793,0.21524322032928467,2.842808961868286,1.0209780931472778,1.4146102666854858
1779989379841572900,21.31857275390625,0.47254806756973267,-0.7019647359848022,-0.48570433259010315,0.21916909515857697,2.8220138549804688,1.0681835412979126,1.4006251096725464
1779989379857918000,21.33491796875,0.4970352053642273,-0.6996458768844604,-0.46205049753189087,0.2235194742679596,2.795197010040283,1.124499797821045,1.3868939876556396
1779989379874250500,21.35125048828125,0.5214171409606934,-0.696245551109314,-0.4377376139163971,0.22749093174934387,2.7644853591918945,1.1816450357437134,1.3771281242370605
1779989379890584300,21.367584228515625,0.5375956296920776,-0.6960391998291016,-0.4176228642463684,0.228279709815979,2.7499117851257324,1.2198415994644165,1.3563427925109863
1779989379906916400,21.383916259765623,0.5481226444244385,-0.6997972130775452,-0.40066763758659363,0.22206047177314758,2.737687826156616,1.2378829717636108,1.3296200037002563
1779989379923248000,21.400248046875,0.5563791394233704,-0.7059954404830933,-0.3874891698360443,0.2046094536781311,2.6950557231903076,1.2350666522979736,1.3236790895462036
1779989379939592000,21.416592041015626,0.5598328113555908,-0.7159473896026611,-0.3772973120212555,0.17791427671909332,2.6455512046813965,1.2107338905334473,1.316988468170166
1779989379955916800,21.432916748046875,0.5610578060150146,-0.7241888642311096,-0.3694664537906647,0.15575392544269562,2.6107120513916016,1.1882450580596924,1.3067688941955566
1779989379972251100,21.449251220703125,0.5595731139183044,-0.7294926643371582,-0.3663610816001892,0.14317171275615692,2.597930908203125,1.171446681022644,1.2965117692947388
1779989379988580000,21.465580078125,0.5608472228050232,-0.7296263575553894,-0.36820274591445923,0.1323729157447815,2.562002420425415,1.157739281654358,1.3196557760238647
1779989380004896300,21.481896240234374,0.5614933371543884,-0.7275038361549377,-0.373797208070755,0.12545588612556458,2.529578447341919,1.1451383829116821,1.3510687351226807
1779989380021248300,21.498248291015624,0.556465744972229,-0.7267299294471741,-0.3817308843135834,0.12841786444187164,2.540987253189087,1.13573157787323,1.357409954071045
1779989380037580000,21.514580078125,0.551099956035614,-0.7267873883247375,-0.38846132159233093,0.13102185726165771,2.555752754211426,1.126373052597046,1.3580639362335205
1779989380053913000,21.5309130859375,0.5498416423797607,-0.7268760204315186,-0.3893253207206726,0.13323438167572021,2.5641534328460693,1.1268795728683472,1.3544342517852783
1779989380070234000,21.547234130859376,0.5506518483161926,-0.7249387502670288,-0.38733455538749695,0.14566519856452942,2.591390609741211,1.1462363004684448,1.3417924642562866
1779989380086579000,21.563578857421874,0.554197371006012,-0.7226660251617432,-0.3807610869407654,0.16012568771839142,2.623609781265259,1.175645351409912,1.3193618059158325
1779989380102913300,21.579913330078124,0.5633269548416138,-0.7205321192741394,-0.36695870757102966,0.1698167622089386,2.6399710178375244,1.212289571762085,1.2936382293701172
1779989380119245800,21.596245849609375,0.5749472379684448,-0.71797776222229,-0.3495924174785614,0.17812567949295044,2.653541326522827,1.253689169883728,1.2630904912948608
1779989380135579400,21.612579345703125,0.5858168601989746,-0.715344250202179,-0.33173954486846924,0.18721726536750793,2.6810405254364014,1.2954686880111694,1.2195675373077393
1779989380151912700,21.62891259765625,0.5941289067268372,-0.7143188118934631,-0.31506407260894775,0.19363385438919067,2.7218575477600098,1.32858145236969,1.161327838897705
1779989380168233700,21.645233642578123,0.6019003987312317,-0.7150470614433289,-0.29936614632606506,0.19184249639511108,2.738677978515625,1.3496038913726807,1.1169298887252808
1779989380184576500,21.661576416015624,0.6105355024337769,-0.7161021828651428,-0.2857324481010437,0.18111082911491394,2.6990573406219482,1.3602173328399658,1.119268536567688
1779989380200909000,21.677908935546874,0.6189944744110107,-0.7193673253059387,-0.26861467957496643,0.16493283212184906,2.653252124786377,1.3663599491119385,1.1148855686187744
1779989380217245200,21.6942451171875,0.6273534893989563,-0.7204340100288391,-0.2527586817741394,0.15334807336330414,2.615983009338379,1.3779031038284302,1.1109334230422974
1779989380233564400,21.710564453125,0.6348956823348999,-0.7168787717819214,-0.24454356729984283,0.15228547155857086,2.5828325748443604,1.3960306644439697,1.1298401355743408
1779989380249909800,21.72690966796875,0.6401848196983337,-0.7118427157402039,-0.24238824844360352,0.15713514387607574,2.557090997695923,1.413135290145874,1.1591486930847168
1779989380266242300,21.7432421875,0.6433229446411133,-0.709290623664856,-0.23980818688869476,0.15979503095149994,2.547534465789795,1.4240097999572754,1.168576717376709
1779989380282574800,21.759574951171874,0.6465060710906982,-0.7083265781402588,-0.23412320017814636,0.15965533256530762,2.546516180038452,1.4338163137435913,1.1607871055603027
1779989380298907400,21.775907470703125,0.6516104936599731,-0.7068593502044678,-0.22563408315181732,0.15761667490005493,2.527951240539551,1.446792483329773,1.163589358329773
1779989380315243800,21.792243896484376,0.658306896686554,-0.7051548957824707,-0.21455936133861542,0.15281644463539124,2.4830727577209473,1.461133360862732,1.1849055290222168
1779989380331575600,21.808575439453126,0.6648337244987488,-0.7042337656021118,-0.20152096450328827,0.1464255452156067,2.440481185913086,1.474971890449524,1.1988736391067505
1779989380356073200,21.8330732421875,0.6713063716888428,-0.7043641209602356,-0.18422506749629974,0.138853058218956,2.4311282634735107,1.4913865327835083,1.1718093156814575
1779989380372406000,21.849406005859375,0.673651397228241,-0.704555869102478,-0.17619451880455017,0.13693198561668396,2.461043119430542,1.500119924545288,1.127362608909607
1779989380388741000,21.8657412109375,0.675640344619751,-0.7043502926826477,-0.16954366862773895,0.13658641278743744,2.5057294368743896,1.5089750289916992,1.072465181350708
1779989380405071600,21.882071533203124,0.6776875257492065,-0.7037169933319092,-0.16372570395469666,0.13680613040924072,2.553603410720825,1.5178335905075073,1.0164247751235962
1779989380421407000,21.898406982421875,0.6795129776000977,-0.7030749917030334,-0.15885312855243683,0.1367972046136856,2.5998644828796387,1.5251517295837402,0.9630629420280457
1779989380437740000,21.914739990234374,0.6806814670562744,-0.7027185559272766,-0.15565703809261322,0.13649286329746246,2.6339356899261475,1.5294924974441528,0.9239073991775513
1779989380454071300,21.9310712890625,0.6810542941093445,-0.7030984163284302,-0.1532987803220749,0.13534092903137207,2.663578987121582,1.5305837392807007,0.8891844153404236
1779989380470405400,21.9474052734375,0.681026041507721,-0.7037846446037292,-0.1517592817544937,0.133640855550766,2.6724743843078613,1.529655933380127,0.8756148815155029
1779989380486737200,21.963737060546876,0.6811720132827759,-0.7043601274490356,-0.15057657659053802,0.13117991387844086,2.645613670349121,1.528039813041687,0.8972194194793701
1779989380503064800,21.98006494140625,0.68193119764328,-0.7043306231498718,-0.14978811144828796,0.12826478481292725,2.574090003967285,1.5268638134002686,0.9634072780609131
1779989380519404800,21.99640478515625,0.68355792760849,-0.7035039067268372,-0.14885978400707245,0.12518654763698578,2.4660143852233887,1.52701735496521,1.0657048225402832
1779989380535734800,22.01273486328125,0.6864117980003357,-0.7014322876930237,-0.14790873229503632,0.12228897213935852,2.293353796005249,1.5287925004959106,1.2328054904937744
1779989380552076300,22.029076171875,0.6905959248542786,-0.6980130076408386,-0.14649909734725952,0.1199711263179779,2.0330209732055664,1.531836748123169,1.4877543449401855
1779989380568386300,22.04538623046875,0.6959925889968872,-0.6933725476264954,-0.14496764540672302,0.11753011494874954,1.6623293161392212,1.5318183898925781,1.8527346849441528
1779989380584736300,22.061736328125,0.701794445514679,-0.6881755590438843,-0.1434219479560852,0.11545157432556152,1.301814317703247,1.5267959833145142,2.2080461978912354
1779989380601068500,22.078068603515625,0.7079818248748779,-0.6824613213539124,-0.14164699614048004,0.11377391219139099,1.0111048221588135,1.5173460245132446,2.493835687637329
1779989380617401300,22.0944013671875,0.7148743271827698,-0.675674319267273,-0.14020612835884094,0.11296569555997849,0.7873955965042114,1.5032761096954346,2.714385747909546
1779989380633734400,22.110734375,0.7220433950424194,-0.6683940291404724,-0.1388019323348999,0.11241380870342255,0.6358628273010254,1.486218810081482,2.8632218837738037
1779989380650046700,22.127046630859375,0.7295273542404175,-0.6612589955329895,-0.13526883721351624,0.11058404296636581,0.5219234228134155,1.468088984489441,2.969600200653076
1779989380666393000,22.14339306640625,0.7376253008842468,-0.6538028717041016,-0.12961123883724213,0.10794366151094437,0.42205438017845154,1.4482817649841309,3.0577330589294434
1779989380682734000,22.159734130859373,0.7459609508514404,-0.6455460786819458,-0.12487657368183136,0.105916827917099,0.3509794771671295,1.4261530637741089,3.119337797164917
1779989380699062500,22.1760625,0.7546587586402893,-0.6366915106773376,-0.1214560717344284,0.10179665684700012,0.3242354393005371,1.4014625549316406,3.1355600357055664
1779989380715405600,22.192405517578123,0.7630016803741455,-0.6292542815208435,-0.11493322253227234,0.09304744750261307,0.31048503518104553,1.3788384199142456,3.1276824474334717
1779989380731733800,22.208733642578125,0.7688820362091064,-0.6250370144844055,-0.10725652426481247,0.08151832967996597,0.31166496872901917,1.3637686967849731,3.099144697189331
1779989380748066300,22.22506640625,0.7699810862541199,-0.6255701184272766,-0.1032775416970253,0.07158913463354111,0.3406619727611542,1.361326813697815,3.0502374172210693
1779989380764400000,22.241400146484374,0.7663352489471436,-0.6312169432640076,-0.1010088324546814,0.0639757439494133,0.38501882553100586,1.3723386526107788,2.991591691970825
1779989380780733000,22.25773291015625,0.7592889070510864,-0.641150176525116,-0.09666164219379425,0.055347148329019547,0.4445382058620453,1.3935691118240356,2.913295030593872
1779989380797066800,22.274066650390626,0.7491132616996765,-0.6549238562583923,-0.08858903497457504,0.04534374922513962,0.5255247950553894,1.424092173576355,2.806274890899658
1779989380813398500,22.2903984375,0.7353301644325256,-0.6722972393035889,-0.07801811397075653,0.0349174439907074,0.6798171401023865,1.462755799293518,2.6218955516815186
1779989380829736400,22.306736328125,0.7179905772209167,-0.6924336552619934,-0.0663950964808464,0.024836568161845207,1.0840411186218262,1.501786231994629,2.1867377758026123
1779989380846065200,22.323065185546874,0.6978890299797058,-0.7139370441436768,-0.054744597524404526,0.015746459364891052,2.0110721588134766,1.5111511945724487,1.230299472808838
1779989380862397000,22.33939697265625,0.6761804223060608,-0.7352398037910461,-0.046204473823308945,0.00823000818490982,2.6087117195129395,1.471458911895752,0.6099787354469299
1779989380878730800,22.355730712890626,0.6537483930587769,-0.7554606199264526,-0.04341195151209831,0.002812701277434826,2.794602870941162,1.4157639741897583,0.4125710725784302
1779989380895064800,22.37206494140625,-0.6316037774085999,0.7739138007164001,0.04619456082582474,0.00028876017313450575,2.8585329055786133,1.358677625656128,0.348358690738678
1779989380911393000,22.38839306640625,-0.609555184841156,0.7909175157546997,0.05377698689699173,0.000251334480708465,2.8902623653411865,1.302367091178894,0.32773271203041077
1779989380927733000,22.40473291015625,0.5871912240982056,-0.807104229927063,-0.06154888495802879,0.001008645398542285,2.9177920818328857,1.2468076944351196,0.313474178314209
1779989380944061400,22.4210615234375,0.5656850934028625,-0.822069525718689,-0.0648237019777298,0.0004389276436995715,2.942547559738159,1.19474458694458,0.29303115606307983
1779989380960395300,22.437395263671874,-0.5466758012771606,0.8350878953933716,0.06125650182366371,0.004619981162250042,2.9579997062683105,1.1493022441864014,0.2655242383480072
1779989380976727300,22.453727294921876,-0.5304129719734192,0.846075713634491,0.05024419724941254,0.017128171399235725,2.955369710922241,1.1102681159973145,0.23433007299900055
1779989380993062400,22.4700625,-0.5126293897628784,0.8573673367500305,0.03718465194106102,0.027380237355828285,2.9636070728302,1.0695557594299316,0.19229847192764282
1779989381009394400,22.48639453125,-0.48712483048439026,0.8724797964096069,0.024182893335819244,0.030061833560466766,2.997421979904175,1.0132561922073364,0.13552279770374298
1779989381025728300,22.502728271484376,-0.45794323086738586,0.888267993927002,0.008671549148857594,0.03453769162297249,3.022305727005005,0.9492064714431763,0.08086368441581726
1779989381042061800,22.519061767578126,-0.4287257492542267,0.9023532271385193,-0.00930729415267706,0.04320121556520462,3.03072452545166,0.8859690427780151,0.03201298415660858
1779989381058391600,22.5353916015625,-0.40081337094306946,0.9140321016311646,-0.03025825507938862,0.05457563325762749,3.029815196990967,0.8271652460098267,-0.01708405837416649
1779989381074725400,22.551725341796875,-0.37482839822769165,0.9234025478363037,-0.05124063789844513,0.0648532584309578,3.0275957584381104,0.7738320827484131,-0.06437800824642181
1779989381091061000,22.56806103515625,-0.3516582250595093,0.9305170774459839,-0.07125366479158401,0.07346691936254501,3.025373697280884,0.7273833751678467,-0.10857199877500534
1779989381107392500,22.584392578125,-0.33257558941841125,0.9352728724479675,-0.08985908329486847,0.08113934099674225,3.0219955444335938,0.6901852488517761,-0.14853079617023468
1779989381123725300,22.600725341796874,-0.3184055685997009,0.9379722476005554,-0.10626326501369476,0.08679983764886856,3.0205230712890625,0.6633481979370117,-0.1838780641555786
1779989381140056600,22.617056640625,-0.307960569858551,0.9392510056495667,-0.12019705027341843,0.09230674803256989,3.016981363296509,0.6443695425987244,-0.2129136174917221
1779989381156415700,22.633415771484376,-0.30098387598991394,0.9394456744194031,-0.13213886320590973,0.09690091013908386,3.0141396522521973,0.6324526071548462,-0.23772498965263367
1779989381172724200,22.64972412109375,-0.2968674600124359,0.939008891582489,-0.1425713747739792,0.09902310371398926,3.016256332397461,0.6258150935173035,-0.2607634663581848
1779989381189059600,22.6660595703125,-0.29612430930137634,0.9376344680786133,-0.15158036351203918,0.10087306797504425,3.01863694190979,0.6259821057319641,-0.28071483969688416
1779989381205388300,22.68238818359375,-0.29791292548179626,0.9349106550216675,-0.16080036759376526,0.1064581647515297,3.013214111328125,0.6326462626457214,-0.2985862195491791
1779989381221720600,22.698720458984376,-0.303008109331131,0.9303627610206604,-0.17133723199367523,0.11513002961874008,3.0027308464050293,0.647591233253479,-0.3175727427005768
1779989381238047200,22.715047119140625,-0.31264862418174744,0.9239383935928345,-0.18273639678955078,0.12327224016189575,2.9959752559661865,0.6723021268844604,-0.3395601809024811
1779989381254389200,22.73138916015625,-0.32686254382133484,0.9161712527275085,-0.19324947893619537,0.12824122607707977,2.998373031616211,0.7055981159210205,-0.36295661330223083
1779989381270720800,22.747720703125,-0.34472474455833435,0.9079874157905579,-0.20069260895252228,0.12824246287345886,3.0127344131469727,0.7443394064903259,-0.3847050368785858
1779989381287053800,22.7640537109375,-0.3616923391819,0.9020994305610657,-0.2026972472667694,0.11962112039327621,3.044410228729248,0.7768809199333191,-0.4022519588470459
1779989381303375400,22.780375244140625,-0.3741638660430908,0.8973987698554993,-0.20337888598442078,0.11538604646921158,3.0625789165496826,0.8016181588172913,-0.4122374951839447
1779989381319731200,22.796731201171873,-0.38890111446380615,0.8891409039497375,-0.20716388523578644,0.12356237322092056,3.053964138031006,0.8371996879577637,-0.4188135862350464
1779989381336042800,22.813042724609375,-0.406832218170166,0.8786439299583435,-0.21402902901172638,0.12908892333507538,3.0588765144348145,0.8791215419769287,-0.4389595687389374
1779989381352386000,22.829385986328123,-0.4246939718723297,0.8677976131439209,-0.22106865048408508,0.13300821185112,3.070383310317993,0.9205005168914795,-0.46356847882270813
1779989381368720400,22.845720458984374,-0.4456525444984436,0.8566104173660278,-0.22362491488456726,0.13268111646175385,3.092310667037964,0.9663956761360168,-0.4848563075065613
1779989381385062000,22.862061767578126,-0.46897366642951965,0.8449569940567017,-0.22159737348556519,0.13040761649608612,3.11777925491333,1.0165952444076538,-0.4996979534626007
1779989381401371400,22.878371337890623,-0.4932362139225006,0.8337345123291016,-0.21459487080574036,0.12471510469913483,-3.133852481842041,1.0674691200256348,-0.5084174275398254
1779989381417719300,22.89471923828125,-0.5157777070999146,0.8242796659469604,-0.20280398428440094,0.1157887652516365,-3.1000895500183105,1.113512396812439,-0.508327841758728
1779989381434058500,22.91105859375,-0.5354407429695129,0.8164536356925964,-0.1861235648393631,0.10984006524085999,-3.0920462608337402,1.1560355424880981,-0.48059630393981934
1779989381450383400,22.92738330078125,-0.5517454147338867,0.8090841770172119,-0.16887594759464264,0.11153758317232132,-3.125577449798584,1.1957454681396484,-0.42244789004325867
1779989381466705400,22.943705322265625,-0.5628557205200195,0.8027762770652771,-0.1559303104877472,0.12012331187725067,3.0902886390686035,1.226035237312317,-0.34760764241218567
1779989381483057700,22.9600576171875,-0.5672493577003479,0.7974306344985962,-0.15240880846977234,0.1382177621126175,2.993337869644165,1.2431896924972534,-0.2714022099971771
1779989381499381500,22.976381591796876,-0.5697079300880432,0.7901527881622314,-0.158217653632164,0.16142721474170685,2.8961682319641113,1.257730484008789,-0.21630772948265076
1779989381515716900,22.992716796875,-0.5757985711097717,0.7790718078613281,-0.1677221953868866,0.18268108367919922,2.8150553703308105,1.281539797782898,-0.17962194979190826
1779989381532056300,23.009056396484375,-0.5845848917961121,0.7662952542304993,-0.17644843459129333,0.19979479908943176,2.742178201675415,1.3109763860702515,-0.14385190606117249
1779989381548382700,23.0253828125,-0.594494104385376,0.7539547681808472,-0.18323616683483124,0.21107704937458038,2.6842527389526367,1.3413708209991455,-0.11163634061813354
1779989381564694500,23.041694580078126,-0.6047940850257874,0.7435997724533081,-0.18697960674762726,0.21522609889507294,2.6509547233581543,1.3701362609863281,-0.08912736177444458
1779989381581056300,23.05805615234375,-0.6160472631454468,0.735595166683197,-0.18563011288642883,0.21195974946022034,2.638725996017456,1.397461175918579,-0.06930159032344818
1779989381597381000,23.074381103515623,-0.6260119080543518,0.7287388443946838,-0.18298740684986115,0.20872104167938232,2.614677667617798,1.4208897352218628,-0.036006953567266464
1779989381613718800,23.09071875,-0.6317952871322632,0.7218195796012878,-0.18540219962596893,0.21316058933734894,2.5561487674713135,1.4374706745147705,0.012742280960083008
1779989381630054700,23.1070546875,-0.6345502734184265,0.7148714065551758,-0.1924215853214264,0.22198835015296936,2.490919828414917,1.4496797323226929,0.05475428327918053
1779989381646386400,23.123386474609376,-0.6376500725746155,0.708779513835907,-0.19797775149345398,0.22768153250217438,2.4398083686828613,1.4617319107055664,0.08939070254564285
1779989381662712800,23.139712890625,-0.6420621871948242,0.7047677040100098,-0.19884277880191803,0.22698074579238892,2.41357159614563,1.4735605716705322,0.11557656526565552
1779989381679048400,23.15604833984375,-0.6474841833114624,0.7015706300735474,-0.19718001782894135,0.22289696335792542,2.395885467529297,1.4860763549804688,0.14196932315826416
1779989381695379000,23.17237890625,-0.6516491770744324,0.6997699737548828,-0.19413363933563232,0.21906061470508575,2.3669211864471436,1.4941376447677612,0.18122811615467072
1779989381711717000,23.188717041015625,-0.6541935205459595,0.6992791891098022,-0.19061623513698578,0.21611325442790985,2.334986448287964,1.497530460357666,0.2227606177330017
1779989381728049200,23.205049072265624,-0.6559122800827026,0.7001614570617676,-0.18547901511192322,0.21248668432235718,2.308140277862549,1.4974669218063354,0.26254400610923767
1779989381744379400,23.22137939453125,-0.6574908494949341,0.7008684277534485,-0.18048256635665894,0.2095600813627243,2.2714366912841797,1.4969286918640137,0.31091946363449097
1779989381760709000,23.237709228515627,-0.6599960923194885,0.7002589702606201,-0.17545421421527863,0.2079867720603943,2.187232494354248,1.4975768327713013,0.4048435688018799
1779989381777048600,23.254048583984375,-0.6634286642074585,0.6987676024436951,-0.16911785304546356,0.2073296159505844,2.0475330352783203,1.4971754550933838,0.5548148155212402
1779989381793378600,23.270378662109376,-0.6680037975311279,0.6958520412445068,-0.16265343129634857,0.20761720836162567,1.860225796699524,1.4959841966629028,0.7511748671531677
1779989381809713200,23.286713134765623,-0.673462450504303,0.6909235715866089,-0.15778551995754242,0.21018284559249878,1.6290411949157715,1.492671251296997,0.9856996536254883
1779989381826047200,23.303047119140626,-0.678818941116333,0.6844720244407654,-0.15517111122608185,0.21592772006988525,1.3978047370910645,1.4844748973846436,1.2122496366500854
1779989381842372600,23.31937255859375,-0.6840737462043762,0.6772111058235168,-0.15418650209903717,0.22283342480659485,1.200971007347107,1.4731923341751099,1.4002492427825928
1779989381858713600,23.335713623046875,-0.6895777583122253,0.6701985597610474,-0.15276478230953217,0.22798968851566315,1.0456411838531494,1.4608831405639648,1.5499098300933838
1779989381875045600,23.352045654296877,-0.6952691674232483,0.664271891117096,-0.1503092497587204,0.22967572510242462,0.9259161353111267,1.4502266645431519,1.6705983877182007
1779989381891375400,23.368375244140626,-0.7005701661109924,0.65948885679245,-0.1489390879869461,0.2282392531633377,0.8222889304161072,1.4444105625152588,1.7782526016235352
1779989381907709400,23.38470947265625,-0.7042688131332397,0.6558902263641357,-0.15037661790847778,0.22627489268779755,0.7331726551055908,1.443422794342041,1.8681249618530273
1779989381924045000,23.401045166015624,-0.7048254013061523,0.654514729976654,-0.15402734279632568,0.22606930136680603,0.6885228157043457,1.446449875831604,1.9077619314193726
1779989381940373200,23.417373291015625,-0.7013630270957947,0.6567174792289734,-0.1580234169960022,0.22768546640872955,0.7241300940513611,1.453716516494751,1.8640154600143433
1779989381956707000,23.43370703125,-0.6935385465621948,0.6624391078948975,-0.16294722259044647,0.23157507181167603,0.8621838092803955,1.4641919136047363,1.7131422758102417
1779989381973041000,23.450041015625,-0.6809792518615723,0.6720815300941467,-0.16881662607192993,0.23680078983306885,1.1494042873382568,1.4737942218780518,1.4096834659576416
1779989381989374700,23.466374755859373,-0.6642696857452393,0.6863036751747131,-0.17335742712020874,0.24016723036766052,1.5922449827194214,1.471266269683838,0.9551073908805847
1779989382005707300,23.482707275390624,-0.643949031829834,0.7049363255500793,-0.17600972950458527,0.23961418867111206,2.0362980365753174,1.4460961818695068,0.5075075030326843
1779989382022041900,23.499041748046874,-0.6213459968566895,0.7253075242042542,-0.17870348691940308,0.23648102581501007,2.335277557373047,1.4023942947387695,0.208192378282547
1779989382038372400,23.515372314453124,-0.5984936952590942,0.7460290193557739,-0.17964617908000946,0.2301596850156784,2.515869617462158,1.3498108386993408,0.034021079540252686
1779989382054706400,23.53170654296875,-0.5778406262397766,0.7670024037361145,-0.17463907599449158,0.21750614047050476,2.6350157260894775,1.2956314086914062,-0.06087322533130646
1779989382071040300,23.548040283203125,-0.5628916025161743,0.7848964929580688,-0.16489315032958984,0.19975219666957855,2.7216200828552246,1.2516347169876099,-0.10847771167755127
1779989382087370800,23.564370849609375,-0.5527428388595581,0.7985162138938904,-0.15547184646129608,0.180764302611351,2.7951650619506836,1.219582438468933,-0.14133015275001526
1779989382103703800,23.580703857421874,-0.5424685478210449,0.8093630075454712,-0.1517522782087326,0.16622494161128998,2.8563995361328125,1.1905089616775513,-0.1768469661474228
1779989382120039200,23.5970390625,-0.5295281410217285,0.818716287612915,-0.15495005249977112,0.1590408831834793,2.898637533187866,1.1588753461837769,-0.21466520428657532
1779989382136359000,23.61335888671875,-0.5137516856193542,0.8274890184402466,-0.16292624175548553,0.1574050337076187,2.9247488975524902,1.1233121156692505,-0.25203678011894226
1779989382152704300,23.629704345703125,-0.4933398962020874,0.8367358446121216,-0.17519010603427887,0.1606159210205078,2.9367053508758545,1.0798074007034302,-0.2897193133831024
1779989382169038000,23.6460380859375,-0.46844181418418884,0.8463456630706787,-0.19046415388584137,0.16728641092777252,2.9371824264526367,1.0287437438964844,-0.32692158222198486
1779989382185369000,23.662369140625,-0.4415474236011505,0.8559675812721252,-0.20592592656612396,0.17306062579154968,2.9365503787994385,0.9740633368492126,-0.36331963539123535
1779989382201704700,23.67870458984375,-0.4147859215736389,0.8652834892272949,-0.22065597772598267,0.17478042840957642,2.943457841873169,0.9189210534095764,-0.40110155940055847
1779989382218037000,23.695037109375,-0.3888757526874542,0.8738333582878113,-0.23508824408054352,0.17298707365989685,2.956374406814575,0.8647909760475159,-0.43994155526161194
1779989382234357800,23.711357666015626,-0.3635975122451782,0.8809079527854919,-0.24988055229187012,0.1713409423828125,2.9659030437469482,0.812809407711029,-0.47703424096107483
1779989382250702600,23.72770263671875,-0.3405793011188507,0.886199414730072,-0.26425105333328247,0.16978740692138672,2.9729650020599365,0.7661628127098083,-0.5114905834197998
1779989382267032300,23.7440322265625,-0.3192792534828186,0.8901958465576172,-0.27665236592292786,0.17051580548286438,2.9712655544281006,0.7245376110076904,-0.5379416346549988
1779989382283366700,23.76036669921875,-0.29959961771965027,0.8933736085891724,-0.28698548674583435,0.1725197732448578,2.9643704891204834,0.6871417164802551,-0.558103084564209
1779989382299700200,23.7767001953125,-0.28422921895980835,0.8956848978996277,-0.29482394456863403,0.17332394421100616,2.9600298404693604,0.6577776670455933,-0.5738651156425476
1779989382316035300,23.793035400390625,-0.27528831362724304,0.8962168097496033,-0.30145299434661865,0.1736024171113968,2.9594109058380127,0.6411306858062744,-0.5883103609085083
1779989382332367000,23.8093671875,-0.27285778522491455,0.8951696753501892,-0.3066715896129608,0.17370234429836273,2.961913585662842,0.637324333190918,-0.6006878614425659
1779989382348700400,23.825700439453126,-0.27570587396621704,0.8932205438613892,-0.30987492203712463,0.17355351150035858,2.966719627380371,0.6436161994934082,-0.6094197034835815
1779989382365034200,23.8420341796875,-0.28308355808258057,0.8901492953300476,-0.3115258812904358,0.1744983047246933,2.9708542823791504,0.6594657897949219,-0.6147400140762329
1779989382381366000,23.858365966796875,-0.2941034734249115,0.8852176070213318,-0.3128317594528198,0.17896707355976105,2.9692068099975586,0.684988796710968,-0.6177962422370911
1779989382397698800,23.87469873046875,-0.30773210525512695,0.8780772686004639,-0.3145825266838074,0.1879338026046753,2.95927095413208,0.719045102596283,-0.6193434000015259
1779989382414033700,23.89103369140625,-0.3244496285915375,0.8688620924949646,-0.31629738211631775,0.19941721856594086,2.9451441764831543,0.7614259123802185,-0.6194091439247131
1779989382430360800,23.90736083984375,-0.3433855175971985,0.8612133264541626,-0.3160758316516876,0.20123134553432465,2.9542129039764404,0.8018805980682373,-0.6238769888877869
1779989382446701300,23.923701416015625,-0.3618561327457428,0.8563352823257446,-0.3124242424964905,0.195297971367836,2.979283332824707,0.835708737373352,-0.6274722814559937
1779989382463031600,23.940031494140626,-0.37938427925109863,0.8521748781204224,-0.3044235408306122,0.19285231828689575,2.9895787239074707,0.869522750377655,-0.6155033707618713
1779989382479364600,23.956364501953125,-0.3937934935092926,0.8467156887054443,-0.29957103729248047,0.19559307396411896,2.9874701499938965,0.9011645913124084,-0.6054452061653137
1779989382495697700,23.97269775390625,-0.4064379632472992,0.8396458625793457,-0.29855597019195557,0.20166192948818207,2.9798972606658936,0.9322157502174377,-0.6017851233482361
1779989382512032300,23.9890322265625,-0.42259010672569275,0.8324944376945496,-0.2948687970638275,0.2035268396139145,2.9828426837921143,0.9677914977073669,-0.5972601175308228
1779989382528363300,24.00536328125,-0.4431989789009094,0.8252096772193909,-0.286424845457077,0.20140652358531952,2.9934170246124268,1.0100148916244507,-0.5861473083496094
1779989382544695000,24.021695068359374,-0.4671114385128021,0.8172686696052551,-0.27383580803871155,0.19721269607543945,3.005502223968506,1.0582911968231201,-0.5669488906860352
1779989382561023000,24.03802294921875,-0.491037517786026,0.8101382255554199,-0.25721585750579834,0.1907833069562912,3.015256643295288,1.10566246509552,-0.536845862865448
1779989382577362000,24.05436181640625,-0.5122499465942383,0.8046566247940063,-0.23735441267490387,0.18382246792316437,3.0131189823150635,1.147239327430725,-0.49061083793640137
1779989382593694500,24.070694580078126,-0.5294973254203796,0.7992087602615356,-0.21866583824157715,0.18188796937465668,2.9843196868896484,1.1834195852279663,-0.42832139134407043
1779989382610028800,24.08702880859375,-0.5419370532035828,0.7923517227172852,-0.2076517939567566,0.1880522519350052,2.931398868560791,1.2136785984039307,-0.366411954164505
1779989382626364700,24.10336474609375,-0.5500181317329407,0.784754753112793,-0.20516696572303772,0.19886358082294464,2.8745107650756836,1.2371642589569092,-0.3207751512527466
1779989382642694400,24.1196943359375,-0.5568701028823853,0.7764590978622437,-0.20721836388111115,0.20992326736450195,2.8260653018951416,1.2589658498764038,-0.2908931076526642
1779989382659028500,24.136028564453124,-0.565260648727417,0.7670261263847351,-0.21083973348140717,0.2183990478515625,2.792463541030884,1.284278392791748,-0.2742328941822052
1779989382675360300,24.1523603515625,-0.575806200504303,0.7565666437149048,-0.21440045535564423,0.22380037605762482,2.771893262863159,1.3141131401062012,-0.2657887041568756
1779989382691693600,24.168693603515624,-0.5872560143470764,0.7458543181419373,-0.21827951073646545,0.22624273598194122,2.769571542739868,1.3457473516464233,-0.2716854512691498
1779989382708025900,24.18502587890625,-0.5982220768928528,0.7351202964782715,-0.2228127419948578,0.22821705043315887,2.775949478149414,1.3767380714416504,-0.28673070669174194
1779989382724359400,24.201359375,-0.6076629161834717,0.7256748080253601,-0.22513140738010406,0.2312094271183014,2.7603769302368164,1.403486728668213,-0.27830013632774353
1779989382740690700,24.217690673828123,-0.6136290431022644,0.7188760638237,-0.2243468463420868,0.23737157881259918,2.684908151626587,1.4206790924072266,-0.2104293704032898
1779989382757022500,24.2340224609375,-0.6155083179473877,0.7152146697044373,-0.2228766679763794,0.2448338121175766,2.5868499279022217,1.4262866973876953,-0.121226467192173
1779989382773361400,24.250361328125,-0.6154171824455261,0.7130653858184814,-0.22255118191242218,0.25153619050979614,2.5102694034576416,1.4266210794448853,-0.05422939732670784
1779989382789693000,24.26669287109375,-0.6170938611030579,0.7107070088386536,-0.22130797803401947,0.2551736831665039,2.449941396713257,1.429895043373108,0.0025775337126106024
1779989382806025000,24.28302490234375,-0.6212977766990662,0.7070552110671997,-0.22042599320411682,0.2558799982070923,2.405282497406006,1.439468264579773,0.04773521423339844
1779989382822356700,24.299356689453123,-0.6267138123512268,0.7031863331794739,-0.22018906474113464,0.2535266876220703,2.3883004188537598,1.4527515172958374,0.0689115822315216
1779989382838691300,24.31569140625,-0.6320672631263733,0.700502872467041,-0.2191445231437683,0.2485206574201584,2.398606061935425,1.465427041053772,0.0679459422826767
1779989382855023900,24.33202392578125,-0.6375867128372192,0.6987751126289368,-0.21660570800304413,0.24140939116477966,2.4262828826904297,1.4773895740509033,0.05493718758225441
1779989382871354600,24.348354736328126,-0.6422207355499268,0.6977262496948242,-0.21387436985969543,0.23449619114398956,2.4629640579223633,1.4870340824127197,0.032816529273986816
1779989382887690200,24.364690185546873,-0.64519864320755,0.6974830627441406,-0.211407870054245,0.22922241687774658,2.496108293533325,1.4926621913909912,0.011289150454103947
1779989382904023000,24.38102294921875,-0.6471281051635742,0.6978247165679932,-0.20835386216640472,0.2255098521709442,2.5032382011413574,1.4950898885726929,0.014260675758123398
1779989382920355300,24.397355224609374,-0.6489676833152771,0.6981108784675598,-0.20408348739147186,0.2232314497232437,2.462878704071045,1.4961934089660645,0.06436467170715332
1779989382936687000,24.41368701171875,-0.6507899165153503,0.6977460980415344,-0.19935199618339539,0.22334226965904236,2.365510940551758,1.4962093830108643,0.16858848929405212
1779989382953022200,24.430022216796875,-0.6528187394142151,0.696527898311615,-0.19502533972263336,0.22503750026226044,2.2380971908569336,1.4957977533340454,0.29990044236183167
1779989382969354000,24.44635400390625,-0.6559815406799316,0.6941813230514526,-0.19057311117649078,0.2268974632024765,2.081479549407959,1.4962317943572998,0.4603624641895294
1779989382985686300,24.462686279296875,-0.6608595848083496,0.6893706917762756,-0.18641747534275055,0.23082749545574188,1.8418176174163818,1.4961470365524292,0.7003596425056458
1779989383002021600,24.479021728515626,-0.6683662533760071,0.6820053458213806,-0.18152031302452087,0.23495911061763763,1.5215293169021606,1.492781400680542,1.0217424631118774
1779989383018353200,24.495353271484376,-0.6774865388870239,0.6732209920883179,-0.17651402950286865,0.23796702921390533,1.2037556171417236,1.4836525917053223,1.3423564434051514
1779989383034669600,24.511669677734375,-0.6867268681526184,0.6637474298477173,-0.17306596040725708,0.24061144888401031,0.9456282258033752,1.4698545932769775,1.6014765501022339
1779989383051020000,24.52802001953125,-0.6955565214157104,0.6543776392936707,-0.17070803046226501,0.24259011447429657,0.7534675598144531,1.453574776649475,1.793927550315857
1779989383067351600,24.5443515625,-0.7020143270492554,0.646822452545166,-0.16978289186954498,0.24488866329193115,0.6388005614280701,1.4388905763626099,1.9062763452529907
1779989383083685600,24.560685546875,-0.7043022513389587,0.6426342725753784,-0.1713411659002304,0.2482375204563141,0.5928815603256226,1.4312855005264282,1.9447544813156128
1779989383100019000,24.57701904296875,-0.7037362456321716,0.6420301198959351,-0.17282496392726898,0.2503681182861328,0.5939717292785645,1.430534839630127,1.9382784366607666
1779989383116355600,24.59335546875,-0.7001845240592957,0.6447513699531555,-0.17394264042377472,0.25254949927330017,0.6495134830474854,1.4346625804901123,1.877921223640442
1779989383132663600,24.60966357421875,-0.6932510137557983,0.6509928107261658,-0.1750854104757309,0.25486570596694946,0.7741228938102722,1.44303297996521,1.7483437061309814
1779989383149018400,24.626018310546876,-0.6829925775527954,0.660912811756134,-0.17635895311832428,0.2561503052711487,0.9894712567329407,1.4536471366882324,1.529397964477539
1779989383165353500,24.642353515625,-0.669618546962738,0.6740889549255371,-0.17832833528518677,0.2557620704174042,1.3159945011138916,1.4610522985458374,1.2006583213806152
1779989383181680600,24.6586806640625,-0.6533823609352112,0.6905642747879028,-0.18093322217464447,0.2519439458847046,1.7415529489517212,1.4573785066604614,0.7768394351005554
1779989383198004700,24.675004638671876,-0.6349692344665527,0.7091960906982422,-0.18501511216163635,0.24418134987354279,2.1595520973205566,1.4364562034606934,0.36389970779418945
1779989383214349300,24.691349365234377,-0.6149305701255798,0.7290683388710022,-0.18948055803775787,0.23327435553073883,2.4704718589782715,1.3976914882659912,0.061618246138095856
1779989383230683400,24.707683349609376,-0.5939784646034241,0.7495743036270142,-0.1921459287405014,0.22001822292804718,2.666682481765747,1.3467804193496704,-0.12040522694587708
1779989383247015000,24.724014892578126,-0.5751058459281921,0.7683809995651245,-0.19229598343372345,0.20461224019527435,2.79069447517395,1.2960463762283325,-0.22362226247787476
1779989383263348000,24.740347900390624,-0.5608335733413696,0.7846871018409729,-0.18800625205039978,0.18543338775634766,2.882357120513916,1.252861499786377,-0.28222185373306274
1779989383279683000,24.75668310546875,-0.5525437593460083,0.7961001396179199,-0.1823723316192627,0.16631406545639038,2.9544243812561035,1.2238707542419434,-0.3188427984714508
1779989383296007200,24.773007080078123,-0.5505364537239075,0.7983771562576294,-0.18628574907779694,0.1574842929840088,3.0077457427978516,1.2160816192626953,-0.365228533744812
1779989383312346400,24.789346435546875,-0.5509278774261475,0.7957245707511902,-0.198965921998024,0.1539919674396515,3.0669517517089844,1.216964840888977,-0.4380277991294861
1779989383328680400,24.805680419921874,-0.5430023670196533,0.7990180253982544,-0.21364693343639374,0.145167276263237,-3.141486644744873,1.1937777996063232,-0.5226212739944458
1779989383345014300,24.82201416015625,-0.5229284167289734,0.8072696924209595,-0.23391136527061462,0.14194035530090332,-3.104135513305664,1.144954800605774,-0.5882067680358887
1779989383361346600,24.8383466796875,-0.4962737560272217,0.8168812394142151,-0.2568211853504181,0.14303937554359436,-3.0961477756500244,1.0849167108535767,-0.6366119384765625
1779989383377679400,24.854679443359377,-0.4681292176246643,0.8271151185035706,-0.27599668502807617,0.14339318871498108,-3.100893974304199,1.0227530002593994,-0.666976809501648
1779989383394013200,24.87101318359375,-0.4393722712993622,0.8373303413391113,-0.29192915558815,0.14355289936065674,-3.1134369373321533,0.9607370495796204,-0.6856025457382202
1779989383410346200,24.88734619140625,-0.40965497493743896,0.8466085195541382,-0.3065197169780731,0.14656910300254822,-3.136826992034912,0.9002583026885986,-0.6970518231391907
1779989383426678300,24.90367822265625,-0.3805907964706421,0.8546505570411682,-0.3193736970424652,0.15074372291564941,3.1196889877319336,0.843284547328949,-0.7054170966148376
1779989383443009000,24.920009033203126,-0.3547557592391968,0.8616791367530823,-0.32924768328666687,0.15249094367027283,3.1000208854675293,0.7920374870300293,-0.7125781774520874
1779989383459326700,24.93632666015625,-0.33276602625846863,0.8673442602157593,-0.33696794509887695,0.15307959914207458,3.0852298736572266,0.7483236193656921,-0.7189800143241882
1779989383475678200,24.95267822265625,-0.3146006464958191,0.8715654611587524,-0.3429414927959442,0.15424440801143646,3.0713424682617188,0.7131028175354004,-0.7235667705535889
1779989383492010500,24.969010498046874,-0.3011821210384369,0.8738340735435486,-0.3479302227497101,0.15699715912342072,3.057559013366699,0.6888042688369751,-0.7276891469955444
1779989383508344300,24.98534423828125,-0.2937014698982239,0.8735998868942261,-0.35263192653656006,0.16190536320209503,3.0441744327545166,0.6781342029571533,-0.7329224348068237
1779989383524677600,25.001677734375,-0.29253628849983215,0.871738612651825,-0.3557673990726471,0.16710446774959564,3.03438138961792,0.6801774501800537,-0.7369934320449829
1779989383541009700,25.018009765625,-0.2980169653892517,0.8685954809188843,-0.3567996919155121,0.17152823507785797,3.0303194522857666,0.6946476697921753,-0.739208996295929
1779989383557342000,25.034342041015623,-0.30862993001937866,0.8639431595802307,-0.35628244280815125,0.1772361844778061,3.0264902114868164,0.7202461957931519,-0.7389028072357178
1779989383573675000,25.050675048828126,-0.32215046882629395,0.8577770590782166,-0.3551225960254669,0.1852719783782959,3.0191903114318848,0.753581702709198,-0.7365542650222778
1779989383590007600,25.067007568359376,-0.33909064531326294,0.8499308824539185,-0.35332226753234863,0.19441844522953033,3.0114808082580566,0.7948976159095764,-0.733263373374939
1779989383606343200,25.08334326171875,-0.3617912530899048,0.8412818908691406,-0.3490072190761566,0.19886155426502228,3.017728567123413,0.8443584442138672,-0.7307921648025513
1779989383622672600,25.099672607421876,-0.3847894072532654,0.8347488045692444,-0.34231141209602356,0.19481925666332245,3.0434722900390625,0.887954592704773,-0.7316268682479858
1779989383639008800,25.1160087890625,-0.40709468722343445,0.830176830291748,-0.3324381113052368,0.18591763079166412,3.078246831893921,0.926517903804779,-0.7301256060600281
1779989383655341000,25.132341064453126,-0.4309063255786896,0.8223288059234619,-0.32393428683280945,0.1821039468050003,3.1054580211639404,0.9731686115264893,-0.7313965559005737
1779989383671675000,25.1486748046875,-0.4507039189338684,0.811819314956665,-0.3223033845424652,0.1842173933982849,3.125286102294922,1.0169885158538818,-0.7467697262763977
1779989383688007000,25.1650068359375,-0.4710884094238281,0.800458550453186,-0.32138797640800476,0.18453070521354675,-3.126460075378418,1.060880184173584,-0.772481381893158
1779989383704339200,25.181339111328125,-0.4939994812011719,0.789090633392334,-0.3166162967681885,0.181809201836586,-3.083587884902954,1.1078670024871826,-0.7990370988845825
1779989383720673000,25.197673095703124,-0.5190156698226929,0.7771454453468323,-0.3079899549484253,0.17835333943367004,-3.0351366996765137,1.1594001054763794,-0.8243799805641174
1779989383737002200,25.214002197265625,-0.5442806482315063,0.7661803364753723,-0.29426106810569763,0.17359967529773712,-2.986463785171509,1.2116622924804688,-0.8409593105316162
1779989383753342000,25.230342041015625,-0.5682601928710938,0.7579718232154846,-0.27303817868232727,0.1673598736524582,-2.953965663909912,1.262466311454773,-0.8288482427597046
1779989383769672700,25.246672607421875,-0.5879641771316528,0.753459095954895,-0.24490849673748016,0.16314876079559326,-2.978034257888794,1.3090012073516846,-0.7541650533676147
1779989383786005000,25.2630048828125,-0.5989727973937988,0.7513312697410583,-0.21975168585777283,0.16864830255508423,-3.0980474948883057,1.3430399894714355,-0.6037015914916992
1779989383802338000,25.279338134765624,-0.5982339978218079,0.7497676610946655,-0.21218499541282654,0.18692825734615326,3.0188939571380615,1.3531101942062378,-0.4530107378959656
1779989383818671400,25.29567138671875,-0.5929707884788513,0.7468420267105103,-0.21614287793636322,0.2095111459493637,2.8770530223846436,1.3525546789169312,-0.35068479180336
1779989383834990300,25.311990234375,-0.5902599692344666,0.7414500117301941,-0.2221982777118683,0.2290697544813156,2.7694549560546875,1.3563499450683594,-0.28130149841308594
1779989383851324000,25.328323974609376,-0.5923294425010681,0.7351740598678589,-0.22531487047672272,0.24062064290046692,2.6972970962524414,1.3672767877578735,-0.23081082105636597
1779989383867673300,25.34467333984375,-0.6010622382164001,0.7287065386772156,-0.22258104383945465,0.24118183553218842,2.661322593688965,1.3881199359893799,-0.1908598244190216
1779989383884002800,25.3610029296875,-0.613544762134552,0.7217787504196167,-0.21721816062927246,0.23540282249450684,2.6483287811279297,1.415428876876831,-0.16034775972366333
1779989383900337000,25.3773369140625,-0.6252735257148743,0.7134538292884827,-0.21384404599666595,0.2329966276884079,2.605564594268799,1.44309663772583,-0.10827653855085373
1779989383916669700,25.393669677734376,-0.6332034468650818,0.7049849629402161,-0.21304453909397125,0.23803727328777313,2.4814205169677734,1.4632538557052612,0.009928246028721333
1779989383933000400,25.41000048828125,-0.6351277232170105,0.6978210210800171,-0.21567592024803162,0.25128185749053955,2.2881226539611816,1.4687895774841309,0.17955191433429718
1779989383949335600,25.42633544921875,-0.6352428793907166,0.691308856010437,-0.21987506747245789,0.26497843861579895,2.1137173175811768,1.4689911603927612,0.3270452916622162
1779989383965668900,25.4426689453125,-0.6372382640838623,0.6856027841567993,-0.22215646505355835,0.27298876643180847,1.9731621742248535,1.4715299606323242,0.45211055874824524
1779989383982001000,25.4590009765625,-0.6401635408401489,0.6813786625862122,-0.22283455729484558,0.27614954113960266,1.8678587675094604,1.4754589796066284,0.5516778826713562
1779989383998334700,25.475334716796876,-0.6437589526176453,0.6776173114776611,-0.22365935146808624,0.2763799726963043,1.7799180746078491,1.4821600914001465,0.6381409764289856
1779989384014667000,25.4916669921875,-0.6475694179534912,0.6742568612098694,-0.22417913377285004,0.27527308464050293,1.6908743381500244,1.4892534017562866,0.7281848788261414
1779989384030987000,25.507987060546874,-0.6509460806846619,0.6718882322311401,-0.2236814647912979,0.2734997570514679,1.609229326248169,1.4943535327911377,0.8133423328399658
1779989384047334100,25.524334228515624,-0.6532281637191772,0.6706586480140686,-0.2229021042585373,0.27170684933662415,1.556278944015503,1.4974905252456665,0.8702229261398315
1779989384063666400,25.54066650390625,-0.6549891233444214,0.6697986721992493,-0.22203192114830017,0.2702977657318115,1.512699007987976,1.4993826150894165,0.917271077632904
1779989384079997700,25.556997802734376,-0.6575023531913757,0.6690000891685486,-0.21932922303676605,0.2683733105659485,1.4487535953521729,1.4995423555374146,0.9881977438926697
1779989384096320300,25.5733203125,-0.6607843041419983,0.6683354377746582,-0.21393181383609772,0.26631784439086914,1.3672250509262085,1.4959299564361572,1.080909252166748
1779989384112648000,25.58964794921875,-0.6638747453689575,0.6664851903915405,-0.20899003744125366,0.26719099283218384,1.2718936204910278,1.48838210105896,1.1822489500045776
1779989384128986600,25.605986572265625,-0.6672698259353638,0.6625189185142517,-0.20557497441768646,0.27121701836586,1.1542781591415405,1.4776890277862549,1.2987781763076782
1779989384145326600,25.62232666015625,-0.6714709997177124,0.6571426391601562,-0.20241205394268036,0.2762603759765625,1.0333515405654907,1.4643629789352417,1.416637897491455
1779989384161669600,25.638669677734374,-0.6754544973373413,0.6516240835189819,-0.1991189867258072,0.2819555997848511,0.9429084062576294,1.4488214254379272,1.5031400918960571
1779989384177997300,25.654997314453126,-0.678983211517334,0.6463277339935303,-0.19589640200138092,0.28786611557006836,0.8796234130859375,1.432666540145874,1.5619882345199585
1779989384194317600,25.671317626953126,-0.6821207404136658,0.640762448310852,-0.19403964281082153,0.2940807044506073,0.8252966403961182,1.4175536632537842,1.609328031539917
1779989384210658800,25.687658935546875,-0.6849880218505859,0.6349138617515564,-0.19390617311000824,0.3001271188259125,0.7721243500709534,1.4045311212539673,1.6531633138656616
1779989384226995700,25.70399560546875,-0.6870286464691162,0.6300639510154724,-0.1947864145040512,0.30507269501686096,0.7312982082366943,1.395025372505188,1.684844970703125
1779989384243331600,25.72033154296875,-0.68746417760849,0.6270065903663635,-0.19648751616477966,0.30927082896232605,0.7114245295524597,1.389578104019165,1.6955658197402954
1779989384259655700,25.73665576171875,-0.6854361295700073,0.6258193254470825,-0.19998407363891602,0.31390106678009033,0.7151485681533813,1.3887144327163696,1.6794308423995972
1779989384275975700,25.7529755859375,-0.6801882386207581,0.6266945004463196,-0.20556119084358215,0.31991031765937805,0.7509320974349976,1.3920239210128784,1.626064658164978
1779989384292329200,25.7693291015625,-0.6709477305412292,0.6302464008331299,-0.2127189189195633,0.32767269015312195,0.8368738889694214,1.398123860359192,1.5174604654312134
1779989384308661800,25.785661865234374,-0.657096803188324,0.6367726922035217,-0.22178004682064056,0.33698374032974243,0.9885122179985046,1.4051690101623535,1.3377563953399658
1779989384324994600,25.80199462890625,-0.6385418176651001,0.646318793296814,-0.23281268775463104,0.3468928933143616,1.2150262594223022,1.4089118242263794,1.0788946151733398
1779989384341326600,25.81832666015625,-0.6172065138816833,0.659517765045166,-0.24417948722839355,0.3528014123439789,1.5048590898513794,1.4057518243789673,0.7619670629501343
1779989384357660000,25.834659912109377,-0.596584141254425,0.6760592460632324,-0.25441277027130127,0.3497219979763031,1.8226388692855835,1.3950707912445068,0.4325335621833801
1779989384373993700,25.85099365234375,-0.578076958656311,0.6934413313865662,-0.26488134264945984,0.3388274312019348,2.128305673599243,1.3767035007476807,0.1267271190881729
1779989384390324500,25.867324462890625,-0.5606845021247864,0.7090129852294922,-0.27802184224128723,0.32501909136772156,2.391347646713257,1.350304365158081,-0.13656730949878693
1779989384406661600,25.88366162109375,-0.5429973602294922,0.7212311029434204,-0.2947806119918823,0.31318357586860657,2.590456485748291,1.3167128562927246,-0.3453618884086609
1779989384422992600,25.89999267578125,-0.5248184204101562,0.7296494245529175,-0.3136794865131378,0.3062394857406616,2.7189273834228516,1.2799065113067627,-0.49527862668037415
1779989384439313000,25.91631298828125,-0.5060870051383972,0.735258936882019,-0.3330881595611572,0.3038463294506073,2.7944321632385254,1.2425998449325562,-0.6009846925735474
1779989384455659000,25.932658935546876,-0.48885899782180786,0.7373761534690857,-0.35238924622535706,0.30514776706695557,2.8372395038604736,1.2111108303070068,-0.6800575852394104
1779989384471990300,25.948990234375,-0.4734054207801819,0.736534595489502,-0.3717193007469177,0.3085920214653015,2.8648388385772705,1.1857424974441528,-0.7476738095283508
1779989384488323600,25.965323486328124,-0.45693328976631165,0.7377866506576538,-0.3900309205055237,0.30782920122146606,2.8976640701293945,1.1539353132247925,-0.8133943676948547
1779989384504660000,25.981659912109375,-0.43867385387420654,0.741936445236206,-0.4087052643299103,0.30009257793426514,2.9448189735412598,1.1112078428268433,-0.8846027255058289
1779989384520990500,25.997990478515625,-0.41818901896476746,0.7453334331512451,-0.4296080768108368,0.29160407185554504,2.98589825630188,1.0632330179214478,-0.9540838003158569
1779989384537322800,26.01432275390625,-0.39480555057525635,0.7461328506469727,-0.45286789536476135,0.28692367672920227,3.007610559463501,1.0141500234603882,-1.0165261030197144
1779989384553657600,26.03065771484375,-0.3684869408607483,0.7458927631378174,-0.47705379128456116,0.28333935141563416,3.0170273780822754,0.9614803791046143,-1.0729938745498657
1779989384569990000,26.046989990234376,-0.3395996391773224,0.7453507781028748,-0.5014435052871704,0.2787092924118042,3.0202152729034424,0.9039168357849121,-1.1254403591156006
1779989384586327600,26.06332763671875,-0.30848491191864014,0.7436956763267517,-0.5263886451721191,0.2732559144496918,3.0185344219207764,0.8428094387054443,-1.176667332649231
1779989384602655700,26.07965576171875,-0.2770862579345703,0.741107165813446,-0.5511794090270996,0.2649238407611847,3.0186800956726074,0.7792447805404663,-1.2284226417541504
1779989384618989000,26.095989013671876,-0.24647364020347595,0.7373042106628418,-0.5743685960769653,0.2563866674900055,3.015185594558716,0.7181239128112793,-1.2761242389678955
1779989384635321000,26.112321044921874,-0.2166549116373062,0.7319639921188354,-0.5955526828765869,0.25021296739578247,3.003868818283081,0.6626360416412354,-1.318558931350708
1779989384651651600,26.128651611328124,-0.1887712925672531,0.725620687007904,-0.6143410205841064,0.24581532180309296,2.9883289337158203,0.6138044595718384,-1.3564255237579346
1779989384667991000,26.144990966796875,-0.1633988320827484,0.7187721133232117,-0.630791962146759,0.2424229234457016,2.971548318862915,0.5713045597076416,-1.390547752380371
1779989384684321800,26.16132177734375,-0.1418129801750183,0.7117125988006592,-0.6450945734977722,0.23918059468269348,2.9574055671691895,0.5357061624526978,-1.421994686126709
1779989384700653800,26.17765380859375,-0.12525469064712524,0.7041417360305786,-0.6579240560531616,0.23586368560791016,2.9488277435302734,0.5083709955215454,-1.452731966972351
1779989384716982800,26.193982666015625,-0.11427897214889526,0.6959194540977478,-0.6696947813034058,0.23269158601760864,2.946767568588257,0.4901095926761627,-1.4835269451141357
1779989384733323500,26.210323486328125,-0.10880601406097412,0.6874063014984131,-0.6800814867019653,0.23048441112041473,2.9498796463012695,0.48147186636924744,-1.5128828287124634
1779989384749641000,26.226640869140624,-0.10800652205944061,0.6786269545555115,-0.6891892552375793,0.22982215881347656,2.9565391540527344,0.48179906606674194,-1.5406556129455566
1779989384765986300,26.242986328125,-0.11192209273576736,0.6696754097938538,-0.6969462633132935,0.23081190884113312,2.967050075531006,0.4911383092403412,-1.5668513774871826
1779989384782322200,26.259322265625,-0.11929833143949509,0.6606675386428833,-0.7035201191902161,0.23312215507030487,2.9805428981781006,0.5071012377738953,-1.591784119606018
1779989384798648800,26.27564892578125,-0.1283467411994934,0.6514172554016113,-0.7094584703445435,0.2363288551568985,2.9955837726593018,0.5265406966209412,-1.6166261434555054
1779989384814985200,26.291985107421876,-0.13676327466964722,0.6417061686515808,-0.7152674198150635,0.24062751233577728,3.0087225437164307,0.5465579628944397,-1.6418169736862183
1779989384831318500,26.308318603515627,-0.14270901679992676,0.6311506032943726,-0.721555769443512,0.2462528645992279,3.017059326171875,0.5651140213012695,-1.6680657863616943
1779989384847651000,26.324651123046873,-0.14517641067504883,0.6193070411682129,-0.7284824848175049,0.25435417890548706,3.017270088195801,0.5828464031219482,-1.695114254951477
1779989384863984400,26.340984375,-0.14373081922531128,0.6051028966903687,-0.736463189125061,0.26610901951789856,3.007356643676758,0.6015278697013855,-1.724312424659729
1779989384880317400,26.3573173828125,-0.1390393227338791,0.5888816118240356,-0.7447807788848877,0.2814037799835205,2.987985849380493,0.6223222613334656,-1.754042625427246
1779989384896649000,26.37364892578125,-0.13717500865459442,0.5719889402389526,-0.7543858885765076,0.29139938950538635,2.9834511280059814,0.639233410358429,-1.79167640209198
1779989384912981500,26.3899814453125,-0.13794389367103577,0.5539966821670532,-0.7650773525238037,0.2978520691394806,2.9911248683929443,0.654295802116394,-1.8370041847229004
1779989384929303300,26.40630322265625,-0.1363368183374405,0.5370509624481201,-0.7729942798614502,0.30897969007492065,2.9859724044799805,0.6740030646324158,-1.8725613355636597
1779989384945649200,26.422649169921876,-0.13269442319869995,0.5227084755897522,-0.7800903916358948,0.31721770763397217,2.979832410812378,0.6862466931343079,-1.9029946327209473
1779989384961982700,26.438982666015626,-0.12855173647403717,0.5093501210212708,-0.7844088077545166,0.3297571837902069,2.964346408843994,0.7053292393684387,-1.9243830442428589
1779989384978315000,26.45531494140625,-0.12191669642925262,0.4996991455554962,-0.785042405128479,0.34517455101013184,2.934821367263794,0.7258837223052979,-1.9291397333145142
1779989384994648600,26.471648681640627,-0.1194990873336792,0.4925116300582886,-0.783879280090332,0.3587275445461273,2.9131667613983154,0.7479093670845032,-1.9296845197677612
1779989385010981400,26.4879814453125,-0.13157884776592255,0.48802629113197327,-0.7792787551879883,0.3704618215560913,2.918809175491333,0.7835714817047119,-1.9302332401275635
1779989385027323400,26.504323486328126,-0.15092219412326813,0.48907801508903503,-0.7714029550552368,0.37810423970222473,2.9394590854644775,0.8197377920150757,-1.9234215021133423
1779989385043651300,26.5206513671875,-0.1678541600704193,0.49080851674079895,-0.7632336020469666,0.38523566722869873,2.9552769660949707,0.8523330092430115,-1.9138442277908325
1779989385059980300,26.536980224609376,-0.18283656239509583,0.48973509669303894,-0.7560696601867676,0.39381349086761475,2.967980146408081,0.8860567808151245,-1.909488558769226
1779989385076313300,26.553313232421875,-0.19656354188919067,0.4869096577167511,-0.7495018243789673,0.4031485915184021,2.979158878326416,0.9202260971069336,-1.9087079763412476
1779989385092646000,26.56964599609375,-0.2097497433423996,0.4841747581958771,-0.7422500848770142,0.41309162974357605,2.9875051975250244,0.9550552368164062,-1.9057508707046509
1779989385108980000,26.58597998046875,-0.22327210009098053,0.4827995002269745,-0.7334200739860535,0.42326048016548157,2.992891550064087,0.9907673597335815,-1.8967863321304321
1779989385125312500,26.6023125,-0.23754727840423584,0.482577919960022,-0.7229706048965454,0.4335934817790985,2.9958889484405518,1.0279093980789185,-1.8820853233337402
1779989385141645800,26.618645751953125,-0.2510070502758026,0.4833495020866394,-0.711655855178833,0.44375067949295044,2.9933385848999023,1.0638760328292847,-1.8609920740127563
1779989385157979000,26.634978759765627,-0.2615493834018707,0.4843674898147583,-0.7007648944854736,0.45377153158187866,2.981217384338379,1.0959136486053467,-1.8339955806732178
1779989385174310000,26.651309814453125,-0.26829299330711365,0.4839491546154022,-0.6910834908485413,0.4649900197982788,2.9566755294799805,1.1252473592758179,-1.8029593229293823
1779989385190644500,26.66764453125,-0.27049413323402405,0.4815155863761902,-0.6834430694580078,0.4773690700531006,2.919182062149048,1.150586724281311,-1.7694846391677856
1779989385206978000,26.68397802734375,-0.26768574118614197,0.4768469035625458,-0.6785673499107361,0.49041593074798584,2.8704793453216553,1.1702567338943481,-1.7362489700317383
1779989385223312600,26.700312744140625,-0.2609982490539551,0.4690302014350891,-0.6768227815628052,0.5037872195243835,2.818415641784668,1.185750961303711,-1.7108118534088135
1779989385239640600,26.716640625,-0.2527928948402405,0.4579890966415405,-0.6775501370429993,0.5169792771339417,2.771547555923462,1.200200080871582,-1.698032021522522
1779989385255958500,26.73295849609375,-0.2446478307247162,0.44478628039360046,-0.6793114542961121,0.5299514532089233,2.730079412460327,1.2157666683197021,-1.6937496662139893
1779989385272314400,26.749314453125,-0.2374207228422165,0.43046796321868896,-0.6804807782173157,0.5433918237686157,2.6878392696380615,1.2343670129776,-1.6887404918670654
1779989385288638000,26.765637939453125,-0.23217549920082092,0.4152764081954956,-0.6800100207328796,0.5578767657279968,2.6409499645233154,1.2582626342773438,-1.6771472692489624
1779989385304979200,26.781979248046873,-0.22627496719360352,0.3981221914291382,-0.6787577867507935,0.5740960240364075,2.5801868438720703,1.2852734327316284,-1.6554855108261108
1779989385321308400,26.798308349609375,-0.21499380469322205,0.37760260701179504,-0.6790193319320679,0.5917150378227234,2.499884843826294,1.309037446975708,-1.627164363861084
1779989385337641500,26.814641357421873,-0.2016323059797287,0.35811421275138855,-0.6800265312194824,0.607175886631012,2.4166970252990723,1.3260804414749146,-1.5963205099105835
1779989385353975000,26.83097509765625,-0.19564682245254517,0.3454594910144806,-0.6785547733306885,0.6180158257484436,2.3501923084259033,1.3417850732803345,-1.5594687461853027
1779989385370307800,26.847307861328126,-0.19657796621322632,0.3366258144378662,-0.6744846105575562,0.6269854307174683,2.2866203784942627,1.3612747192382812,-1.5089508295059204
1779989385386638000,26.86363818359375,-0.1936747282743454,0.3242139220237732,-0.6715419888496399,0.6375004649162292,2.202620029449463,1.379721760749817,-1.4491634368896484
1779989385402976500,26.8799765625,-0.18598902225494385,0.3105064630508423,-0.6697916388511658,0.6483618021011353,2.101454973220825,1.3918747901916504,-1.381004810333252
1779989385419296000,26.8962958984375,-0.18021391332149506,0.3002524673938751,-0.6686391830444336,0.6559673547744751,2.0239367485046387,1.3998857736587524,-1.3280072212219238
1779989385435642400,26.912642333984376,-0.17761600017547607,0.2925173044204712,-0.6683946847915649,0.6604049801826477,1.9802786111831665,1.4077283143997192,-1.3001611232757568
1779989385451971600,26.9289716796875,-0.17470131814479828,0.28387510776519775,-0.6695804595947266,0.6637442708015442,1.9554649591445923,1.4160270690917969,-1.292942762374878
1779989385468306000,26.945305908203125,-0.17102621495723724,0.27420857548713684,-0.6715880036354065,0.6667303442955017,1.9390050172805786,1.424583077430725,-1.2966760396957397
1779989385484639200,26.96163916015625,-0.16735561192035675,0.2648393511772156,-0.6737703084945679,0.6692427396774292,1.9285517930984497,1.4326751232147217,-1.3058639764785767
1779989385500972500,26.97797265625,-0.16343899071216583,0.2559489905834198,-0.6760176420211792,0.6714001297950745,1.9224181175231934,1.4397120475769043,-1.3189212083816528
1779989385517303000,26.994302978515623,-0.15835800766944885,0.24717003107070923,-0.678581178188324,0.673318088054657,1.9214160442352295,1.4448933601379395,-1.3385591506958008
1779989385533638100,27.01063818359375,-0.15249304473400116,0.23845332860946655,-0.6812564134597778,0.6751115322113037,1.922784447669983,1.4488444328308105,-1.3615360260009766
1779989385549967400,27.02696728515625,-0.14733454585075378,0.23032815754413605,-0.682967483997345,0.6773454546928406,1.9092422723770142,1.4530880451202393,-1.367624282836914
1779989385566309600,27.0433095703125,-0.14360842108726501,0.22301234304904938,-0.6840336322784424,0.6795146465301514,1.8903074264526367,1.458261489868164,-1.3649859428405762
1779989385582636800,27.05963671875,-0.14033085107803345,0.2176082283258438,-0.6846867203712463,0.6812913417816162,1.870981216430664,1.4613487720489502,-1.3584277629852295
1779989385598972000,27.075971923828124,-0.1352279931306839,0.21249055862426758,-0.6851277351379395,0.6834918856620789,1.8407670259475708,1.4614518880844116,-1.3431650400161743
1779989385615302400,27.092302490234374,-0.13063712418079376,0.20906518399715424,-0.6842309236526489,0.6863335371017456,1.7869526147842407,1.4597855806350708,-1.301033616065979
1779989385631636000,27.108635986328125,-0.12860478460788727,0.20919853448867798,-0.681285560131073,0.6895990371704102,1.7096070051193237,1.4561522006988525,-1.2264080047607422
1779989385647971000,27.12497119140625,-0.12584766745567322,0.20917505025863647,-0.6774231791496277,0.6939063668251038,1.615116834640503,1.450597882270813,-1.135893702507019
1779989385664300800,27.14130078125,-0.12622034549713135,0.21070125699043274,-0.6714100241661072,0.6992009282112122,1.4940251111984253,1.4449403285980225,-1.0119465589523315
1779989385680633900,27.1576337890625,-0.12933973968029022,0.2134002298116684,-0.6629700064659119,0.7058345079421997,1.3445900678634644,1.4372538328170776,-0.8538917899131775
1779989385696970200,27.17397021484375,-0.13284264504909515,0.21513395011425018,-0.6529998779296875,0.7139058113098145,1.1829228401184082,1.4258853197097778,-0.6843674778938293
1779989385713299700,27.1902998046875,-0.13828136026859283,0.21730847656726837,-0.6412381529808044,0.7228201627731323,1.0245020389556885,1.4099942445755005,-0.514482319355011
1779989385729621200,27.206621337890624,-0.1434999257326126,0.2183631807565689,-0.6288833022117615,0.7322781085968018,0.8865261077880859,1.390024185180664,-0.3668484389781952
1779989385745967000,27.222967041015625,-0.1457953155040741,0.2162051945924759,-0.617649495601654,0.7419624328613281,0.7755574584007263,1.368405818939209,-0.2551254630088806
1779989385762301200,27.23930126953125,-0.14341235160827637,0.20906540751457214,-0.6088698506355286,0.7516661286354065,0.6844457387924194,1.3480697870254517,-0.17744725942611694
1779989385778632700,27.2556328125,-0.13785524666309357,0.19879327714443207,-0.6020879149436951,0.7608991265296936,0.60853511095047,1.3296535015106201,-0.124241404235363
1779989385794968000,27.271968017578125,-0.13236308097839355,0.18986071646213531,-0.5968713164329529,0.7682301998138428,0.5555357336997986,1.3144792318344116,-0.09193368256092072
1779989385811296800,27.288296875,-0.12577177584171295,0.18540440499782562,-0.5941697359085083,0.7725083231925964,0.5465627908706665,1.3040719032287598,-0.09881971776485443
1779989385827632000,27.304632080078125,-0.1171412467956543,0.1809466928243637,-0.5956146121025085,0.773808479309082,0.5581747889518738,1.302319049835205,-0.1295132040977478
1779989385843967200,27.32096728515625,-0.10648449510335922,0.1758350431919098,-0.6014847755432129,0.7719839811325073,0.5890403389930725,1.3097505569458008,-0.1835833191871643
1779989385860297700,27.337297607421874,-0.09511024504899979,0.17040324211120605,-0.6117135286331177,0.7666312456130981,0.642702043056488,1.3265986442565918,-0.2620995342731476
1779989385876618200,27.3536181640625,-0.08558675646781921,0.16457599401474,-0.6255195736885071,0.7578356862068176,0.717095673084259,1.3524322509765625,-0.3592871427536011
1779989385892965400,27.36996533203125,-0.07868815213441849,0.157614603638649,-0.6425224542617798,0.7457418441772461,0.8214091062545776,1.3867791891098022,-0.4842115640640259
1779989385909283000,27.386282958984374,-0.07334009557962418,0.14795036613941193,-0.6611712574958801,0.7318364381790161,0.9700895547866821,1.4253398180007935,-0.6550061702728271
1779989385925618000,27.402617919921877,-0.06721390038728714,0.13427335023880005,-0.6802469491958618,0.7174379229545593,1.2076033353805542,1.4622995853424072,-0.9212601184844971
1779989385941963300,27.41896337890625,-0.05936238914728165,0.11760114133358002,-0.6997057199478149,0.7021809816360474,1.6538896560668945,1.4883379936218262,-1.4027531147003174
1779989385958294500,27.43529443359375,-0.05008785054087639,0.10071500390768051,-0.7197465300559998,0.6850640177726746,2.2783615589141846,1.4839833974838257,-2.064485788345337
1779989385974629600,27.451629638671875,-0.03938490152359009,0.08591300994157791,-0.7400323152542114,0.6658979654312134,2.669999122619629,1.446938157081604,-2.492227077484131
1779989385990964200,27.467964111328126,-0.02965538762509823,0.0779426246881485,-0.759132444858551,0.6455721259117126,2.815991163253784,1.396059513092041,-2.663093090057373
1779989386007294700,27.484294677734376,-0.02216222696006298,0.07675255089998245,-0.7769583463668823,0.6244627237319946,2.8682918548583984,1.3412293195724487,-2.7273621559143066
1779989386023617800,27.50061767578125,-0.01554043497890234,0.0770002231001854,-0.794034481048584,0.6027758121490479,2.8968260288238525,1.2857294082641602,-2.764516592025757
1779989386039963100,27.516963134765625,-0.006054027006030083,0.07301802933216095,-0.8098310232162476,0.5820701122283936,2.9123880863189697,1.233464241027832,-2.7988927364349365
1779989386056294000,27.5332939453125,0.00805752445012331,0.06284675002098083,-0.8236624598503113,0.5635296106338501,2.914963483810425,1.1871435642242432,-2.8360116481781006
1779989386072626200,27.549626220703125,0.02028835192322731,0.05140849947929382,-0.8380340933799744,0.5428117513656616,2.9258811473846436,1.137778401374817,-2.880814790725708
1779989386088942800,27.56594287109375,0.024447249248623848,0.04176868498325348,-0.8543265461921692,0.5174785256385803,2.960118532180786,1.080405831336975,-2.934866428375244
1779989386105293300,27.582293212890626,0.023524928838014603,0.029994798824191093,-0.8707275390625,0.4902861416339874,3.0065855979919434,1.0205581188201904,-2.9970781803131104
1779989386121627000,27.598626953125,0.021332187578082085,0.014549321494996548,-0.8860467672348022,0.4628763198852539,3.0519745349884033,0.9607812762260437,-3.0620312690734863
1779989386137960400,27.61496044921875,0.02020130679011345,-0.0034005085472017527,-0.8996570706367493,0.4361163079738617,3.0876967906951904,0.9024502038955688,-3.1230311393737793
1779989386154292200,27.631292236328125,0.020322944968938828,-0.022797903046011925,-0.9112975597381592,0.41061416268348694,3.1139273643493652,0.8470194339752197,3.10404109954834
1779989386170626000,27.6476259765625,0.02214633859694004,-0.04389585927128792,-0.9209147095680237,0.38665086030960083,3.13181471824646,0.7953221201896667,3.050441026687622
1779989386186961700,27.663961669921875,0.026891175657510757,-0.0659465566277504,-0.9284514784812927,0.36456260085105896,3.139066457748413,0.7484504580497742,3.000765800476074
1779989386203286300,27.680286376953124,0.03535187244415283,-0.08779051899909973,-0.9338346123695374,0.3449578285217285,3.1344070434570312,0.7082086801528931,2.9567785263061523
1779989386219624000,27.6966240234375,0.046748872846364975,-0.10818935185670853,-0.9372546672821045,0.3281209170818329,3.1202800273895264,0.6753636002540588,2.91922926902771
1779989386235961600,27.712961669921874,0.058866243809461594,-0.12646345794200897,-0.938805341720581,0.31493866443634033,3.1027653217315674,0.6513003706932068,2.8869035243988037
1779989386252271000,27.72927099609375,0.07176121324300766,-0.14311696588993073,-0.9391443729400635,0.3039338290691376,3.082289457321167,0.6328136920928955,2.8585593700408936
1779989386268623600,27.74562353515625,0.08375906199216843,-0.1578299105167389,-0.9384106397628784,0.2957354784011841,3.06303071975708,0.6205491423606873,2.8335354328155518
1779989386284961000,27.7619609375,0.09121312201023102,-0.1692815124988556,-0.9363780617713928,0.2936323583126068,3.053762674331665,0.6196904182434082,2.8120250701904297
1779989386301286700,27.77828662109375,0.09548705071210861,-0.17793267965316772,-0.9333460927009583,0.296795129776001,3.0516834259033203,0.6285910606384277,2.794078826904297
1779989386317622800,27.794622802734374,0.09873200953006744,-0.18484079837799072,-0.9293904304504395,0.3038408160209656,3.0523717403411865,0.6450931429862976,2.778784990310669
1779989386333957000,27.81095703125,0.10203314572572708,-0.19093067944049835,-0.9243844747543335,0.31408295035362244,3.0539534091949463,0.6682703495025635,2.764664649963379
1779989386350289200,27.8272890625,0.10448724031448364,-0.19626644253730774,-0.9184951186180115,0.3269994556903839,3.0585920810699463,0.6967251896858215,2.750718116760254
1779989386366618000,27.8436181640625,0.10119982808828354,-0.19963708519935608,-0.9145774841308594,0.3368259370326996,3.0744292736053467,0.716187059879303,2.736910581588745
1779989386382959000,27.859958984375,0.0941147729754448,-0.2026565819978714,-0.9129927158355713,0.3413461148738861,3.0969109535217285,0.7227358222007751,2.7216269969940186
1779989386399287300,27.876287353515625,0.09219398349523544,-0.205904021859169,-0.9092288613319397,0.34986671805381775,3.1096699237823486,0.739859402179718,2.7085652351379395
1779989386415621600,27.89262158203125,0.09540361911058426,-0.20932747423648834,-0.9036165475845337,0.36132732033729553,3.112260580062866,0.7655641436576843,2.6981239318847656
1779989386431954400,27.908954345703126,0.1080237627029419,-0.21723413467407227,-0.8954853415489197,0.37315699458122253,3.0967302322387695,0.7969762682914734,2.6845014095306396
1779989386448287200,27.925287353515625,0.1228979229927063,-0.22601760923862457,-0.8884709477424622,0.3800414502620697,3.073277473449707,0.8195896148681641,2.6730661392211914
1779989386464620300,27.941620361328123,0.13520613312721252,-0.23143842816352844,-0.8818585276603699,0.3879191279411316,3.0529072284698486,0.8431822657585144,2.6680757999420166
1779989386480954400,27.957954345703126,0.1404789388179779,-0.23329798877239227,-0.8729874491691589,0.40463659167289734,3.052626371383667,0.8820324540138245,2.6613314151763916
1779989386497286400,27.974286376953124,0.1352783888578415,-0.22793042659759521,-0.8638345003128052,0.42841285467147827,3.077254295349121,0.9303409457206726,2.6579344272613525
1779989386513618700,27.99061865234375,0.12409044057130814,-0.2155977338552475,-0.8555702567100525,0.4540030062198639,3.111847162246704,0.979771614074707,2.663748025894165
1779989386529949200,28.00694921875,0.11590143293142319,-0.2020523101091385,-0.8477820754051208,0.47645285725593567,3.133923053741455,1.024958610534668,2.677976131439209
1779989386546288600,28.02328857421875,0.1134125366806984,-0.19129464030265808,-0.8404958844184875,0.49407556653022766,3.1382646560668945,1.0632245540618896,2.695979356765747
1779989386562618600,28.03961865234375,0.11382770538330078,-0.1821940839290619,-0.8334731459617615,0.5090885758399963,3.1322920322418213,1.0975662469863892,2.716857433319092
1779989386578952000,28.055951904296876,0.11558990180492401,-0.17300814390182495,-0.826755702495575,0.5226683020591736,3.117523431777954,1.1295825242996216,2.744274854660034
1779989386595272000,28.07227197265625,0.1185353621840477,-0.16304540634155273,-0.8206919431686401,0.5346310138702393,3.0911061763763428,1.1584625244140625,2.782388925552368
1779989386611618000,28.0886181640625,0.12548993527889252,-0.1546255350112915,-0.8151636719703674,0.5439223051071167,3.0453386306762695,1.1825629472732544,2.8313276767730713
1779989386627931100,28.10493115234375,0.13689269125461578,-0.15019311010837555,-0.8091689944267273,0.5513148903846741,2.985161781311035,1.2035914659500122,2.8820908069610596
1779989386644283100,28.121283203125,0.14992976188659668,-0.14958415925502777,-0.8018946051597595,0.5586686730384827,2.923488140106201,1.2251038551330566,2.926330089569092
1779989386660616700,28.13761669921875,0.1595558077096939,-0.15080836415290833,-0.7935509085655212,0.5675172805786133,2.878715991973877,1.249517560005188,2.9560768604278564
1779989386676950300,28.1539501953125,0.162901371717453,-0.15083682537078857,-0.7847400903701782,0.578700602054596,2.8569343090057373,1.2778674364089966,2.973909854888916
1779989386693282800,28.17028271484375,0.16265052556991577,-0.1504334658384323,-0.7760017514228821,0.590538740158081,2.8505942821502686,1.3071815967559814,2.9821507930755615
1779989386709602800,28.186602783203124,0.16410452127456665,-0.15167339146137238,-0.7671388983726501,0.6013009548187256,2.8399853706359863,1.3350629806518555,2.989624500274658
1779989386725949400,28.202949462890626,0.1712147444486618,-0.15592160820960999,-0.7581359148025513,0.6095933318138123,2.8042283058166504,1.3592212200164795,3.0094144344329834
1779989386742283300,28.219283203125,0.18454118072986603,-0.16367433965206146,-0.7495681047439575,0.6142499446868896,2.7386090755462646,1.3768620491027832,3.044610023498535
1779989386758613800,28.23561376953125,0.1991041749715805,-0.1724139302968979,-0.7419524192810059,0.6165529489517212,2.6649317741394043,1.389232873916626,3.0843565464019775
1779989386774946800,28.25194677734375,0.2088070511817932,-0.1781027913093567,-0.7355103492736816,0.619438111782074,2.6048381328582764,1.4007951021194458,3.1220457553863525
1779989386791280600,28.26828076171875,0.21267275512218475,-0.18099574744701385,-0.7296470403671265,0.6242002844810486,2.5667872428894043,1.4149304628372192,-3.1327366828918457
1779989386807614000,28.284614013671874,0.21371988952159882,-0.18228384852409363,-0.7248835563659668,0.6289994120597839,2.540224313735962,1.4279727935791016,-3.1093385219573975
1779989386823939800,28.30093994140625,0.21596433222293854,-0.18319447338581085,-0.7218877077102661,0.6314090490341187,2.5072858333587646,1.4346015453338623,-3.080925703048706
1779989386840278500,28.317278564453126,0.21876108646392822,-0.18367871642112732,-0.7200314402580261,0.6324243545532227,2.4714789390563965,1.437238097190857,-3.0499160289764404
1779989386856612000,28.333612060546876,0.21900255978107452,-0.18191134929656982,-0.7197427153587341,0.633179783821106,2.448683261871338,1.4375150203704834,-3.0248589515686035
1779989386872945700,28.349945556640623,0.21763384342193604,-0.17854733765125275,-0.720485270023346,0.6337644457817078,2.4335379600524902,1.4361716508865356,-3.0027480125427246
1779989386889266700,28.3662666015625,0.21637611091136932,-0.17448927462100983,-0.7207933068275452,0.6349740028381348,2.4068386554718018,1.4356428384780884,-2.968212127685547
1779989386905598700,28.3825986328125,0.2172526717185974,-0.1716451346874237,-0.7200824618339539,0.6362550854682922,2.3640825748443604,1.435734510421753,-2.9225528240203857
1779989386921932500,28.3989326171875,0.2208166867494583,-0.16992613673210144,-0.7182477712631226,0.6375620365142822,2.2982921600341797,1.4357872009277344,-2.8594822883605957
1779989386938278400,28.4152783203125,0.2254931479692459,-0.16830608248710632,-0.7153992056846619,0.639554500579834,2.212690830230713,1.4363619089126587,-2.7783799171447754
1779989386954611200,28.431611083984375,0.23007942736148834,-0.16618168354034424,-0.7120582461357117,0.6421995759010315,2.1160740852355957,1.4368077516555786,-2.6853888034820557
1779989386970944300,28.4479443359375,0.23546959459781647,-0.16419552266597748,-0.7079598307609558,0.6452804207801819,2.0049455165863037,1.4364668130874634,-2.579296350479126
1779989386987264300,28.46426416015625,0.24200284481048584,-0.16349861025810242,-0.7020888924598694,0.6494413614273071,1.8700546026229858,1.4370207786560059,-2.4530255794525146
1779989387003610400,28.4806103515625,0.2478756606578827,-0.16328367590904236,-0.6946478486061096,0.6552560925483704,1.7109463214874268,1.4387352466583252,-2.302260398864746
1779989387019947500,28.496947509765626,0.24976091086864471,-0.16265280544757843,-0.6860270500183105,0.6637247204780579,1.524904489517212,1.4435482025146484,-2.1179819107055664
1779989387036256500,28.513256591796875,0.2482612133026123,-0.15922336280345917,-0.6777539849281311,0.6735457181930542,1.3251467943191528,1.444653868675232,-1.9109034538269043
1779989387052599600,28.529599609375,0.2488049417734146,-0.15469656884670258,-0.6712154150009155,0.6809074878692627,1.1781630516052246,1.436903715133667,-1.758177638053894
1779989387068929300,28.54592919921875,0.2523309588432312,-0.15148583054542542,-0.6667438745498657,0.6847143769264221,1.1040923595428467,1.4258065223693848,-1.6848047971725464
1779989387085276400,28.5622763671875,0.2561676502227783,-0.14949721097946167,-0.6656994223594666,0.6847430467605591,1.1023120880126953,1.4174062013626099,-1.6859486103057861
1779989387101609000,28.57860888671875,0.25813210010528564,-0.14767344295978546,-0.668860137462616,0.6813124418258667,1.166569709777832,1.4134331941604614,-1.7505075931549072
1779989387117938700,28.594938720703126,0.25877052545547485,-0.1468825787305832,-0.6752749681472778,0.6748830676078796,1.2824312448501587,1.412396788597107,-1.8661677837371826
1779989387134278000,28.61127783203125,0.2589588463306427,-0.1491169035434723,-0.6835771203041077,0.6659030318260193,1.4366816282272339,1.4132959842681885,-2.023986339569092
1779989387150614500,28.627614501953126,0.2598659098148346,-0.15583932399749756,-0.6932721138000488,0.6538789868354797,1.633482575416565,1.4133237600326538,-2.2321035861968994
1779989387166941400,28.64394140625,0.26079896092414856,-0.16595925390720367,-0.7044783234596252,0.6388676166534424,1.8684027194976807,1.4075247049331665,-2.4836020469665527
1779989387183273700,28.660273681640625,0.2590748965740204,-0.17633755505084991,-0.7181361317634583,0.6213420033454895,2.1200456619262695,1.3904719352722168,-2.748619794845581
1779989387199611100,28.676611083984376,0.2518981993198395,-0.1836111694574356,-0.7344766855239868,0.6028087139129639,2.3483176231384277,1.3606505393981934,-2.9779868125915527
1779989387215939800,28.69293994140625,0.2383672446012497,-0.1859067976474762,-0.7524245977401733,0.5852153897285461,2.5304338932037354,1.3223233222961426,3.1384642124176025
1779989387232261400,28.709261474609374,0.2205636203289032,-0.18353386223316193,-0.7700135707855225,0.5698651075363159,2.6657326221466064,1.2819371223449707,3.031618356704712
1779989387248605000,28.72560498046875,0.20148660242557526,-0.177922323346138,-0.7856134176254272,0.5572776198387146,2.763401985168457,1.2447232007980347,2.969074249267578
1779989387264939300,28.741939208984373,0.185402974486351,-0.17275527119636536,-0.7974721193313599,0.5475579500198364,2.8307838439941406,1.2150392532348633,2.9319138526916504
1779989387281270300,28.758270263671875,0.17567728459835052,-0.1728004664182663,-0.8055608868598938,0.5388405919075012,2.8771824836730957,1.191301941871643,2.8987534046173096
1779989387297606000,28.77460595703125,0.17249391973018646,-0.17995180189609528,-0.8117780685424805,0.5280906558036804,2.9106576442718506,1.1667200326919556,2.8580915927886963
1779989387313938400,28.7909384765625,0.1690932810306549,-0.1897219568490982,-0.8208205699920654,0.5115337371826172,2.9451239109039307,1.1288390159606934,2.8119261264801025
1779989387330271500,28.807271484375,0.1672765463590622,-0.20138128101825714,-0.831430971622467,0.4900885820388794,2.9691269397735596,1.0807740688323975,2.769960880279541
1779989387346602800,28.823602783203125,0.16706199944019318,-0.21444101631641388,-0.8416297435760498,0.4666527509689331,2.9835402965545654,1.0297060012817383,2.732168674468994
1779989387362938000,28.839938232421876,0.1674117147922516,-0.22757679224014282,-0.8509959578514099,0.4427054822444916,2.9915709495544434,0.9785327315330505,2.6989598274230957
1779989387379270700,28.856270751953126,0.16790151596069336,-0.24126124382019043,-0.859174370765686,0.41883355379104614,2.996829032897949,0.9284934401512146,2.666666030883789
1779989387395603700,28.872603759765624,0.16838885843753815,-0.255788654088974,-0.8659664392471313,0.39537256956100464,3.000812292098999,0.8802570700645447,2.633552074432373
1779989387411935000,28.88893505859375,0.16574327647686005,-0.2700960040092468,-0.871894121170044,0.3733338415622711,3.0112404823303223,0.8338860273361206,2.5985817909240723
1779989387428269600,28.90526953125,0.16077157855033875,-0.2834865152835846,-0.8770968914031982,0.3528299033641815,3.0248990058898926,0.7896191477775574,2.5650389194488525
1779989387444602600,28.9216025390625,0.1567945033311844,-0.2954736351966858,-0.881332516670227,0.3337121903896332,3.0332837104797363,0.7489635944366455,2.5372331142425537
1779989387460935400,28.937935302734374,0.15390990674495697,-0.3054603636264801,-0.884736955165863,0.316616952419281,3.037057638168335,0.7132198214530945,2.5156826972961426
1779989387477269000,28.95426904296875,0.15169398486614227,-0.3133334517478943,-0.8875952363014221,0.30163875222206116,3.03800368309021,0.6822330951690674,2.499680519104004
1779989387493602000,28.97060205078125,0.14962631464004517,-0.3194703459739685,-0.8898022174835205,0.2894870340824127,3.0387210845947266,0.657038688659668,2.48728346824646
1779989387509934300,28.986934326171873,0.1481381356716156,-0.32485049962997437,-0.8907254338264465,0.2813100516796112,3.0402495861053467,0.640237033367157,2.4757895469665527
1779989387526267100,29.00326708984375,0.1478041112422943,-0.330022394657135,-0.8898772597312927,0.27813228964805603,3.042768955230713,0.6342387795448303,2.4637725353240967
1779989387542599200,29.01959912109375,0.1482079029083252,-0.3344271779060364,-0.8875008225440979,0.2802412807941437,3.0472195148468018,0.6392057538032532,2.4521172046661377
1779989387558934500,29.0359345703125,0.14890176057815552,-0.33694759011268616,-0.8840564489364624,0.2876434624195099,3.0539469718933105,0.6547113060951233,2.443089485168457
1779989387575266800,29.052266845703127,0.15091146528720856,-0.33760055899620056,-0.8797370791435242,0.298855185508728,3.059622049331665,0.6786254048347473,2.437697172164917
1779989387591600000,29.06860009765625,0.15522214770317078,-0.3375827968120575,-0.8744180798530579,0.31198880076408386,3.06144380569458,0.7081345319747925,2.4343597888946533
1779989387607932400,29.084932373046875,0.16150765120983124,-0.3378264009952545,-0.8679870963096619,0.3261704444885254,3.0601534843444824,0.7414345741271973,2.4309275150299072
1779989387624265700,29.101265625,0.1646183282136917,-0.33728834986686707,-0.862341046333313,0.3398606479167938,3.065282106399536,0.7714831829071045,2.4269189834594727
1779989387640599000,29.11759912109375,0.15741752088069916,-0.3370247185230255,-0.8597182035446167,0.35002657771110535,3.0923919677734375,0.7865992784500122,2.414797782897949
1779989387656931800,29.133931884765627,0.15668885409832,-0.34078866243362427,-0.8536322712898254,0.3614189922809601,3.1108992099761963,0.809342086315155,2.395069122314453
1779989387673263900,29.150263916015625,0.16504274308681488,-0.34295448660850525,-0.8452441692352295,0.3751073479652405,3.1089088916778564,0.8440179228782654,2.3853683471679688
1779989387689586400,29.16658642578125,0.17941059172153473,-0.34832847118377686,-0.8356334567070007,0.3849620223045349,3.0921103954315186,0.8762778043746948,2.3748953342437744
1779989387705931000,29.182930908203126,0.19536994397640228,-0.35385429859161377,-0.8270248174667358,0.3907015323638916,3.0662965774536133,0.9018969535827637,2.3694779872894287
1779989387722264300,29.199264404296876,0.20676898956298828,-0.3546122908592224,-0.819175660610199,0.40055951476097107,3.04974627494812,0.9321490526199341,2.37075138092041
1779989387738595600,29.215595703125,0.21094617247581482,-0.3507433831691742,-0.8098776340484619,0.42021313309669495,3.0577034950256348,0.976635217666626,2.368783473968506
1779989387754930700,29.2319306640625,0.20553644001483917,-0.33816125988960266,-0.802353024482727,0.4468012750148773,3.0880961418151855,1.0274697542190552,2.374044179916382
1779989387771263700,29.248263671875,0.19409121572971344,-0.3168873190879822,-0.7976171970367432,0.47509777545928955,3.12359881401062,1.0777654647827148,2.3960115909576416
1779989387787595800,29.264595703125,0.1867908537387848,-0.2940376102924347,-0.7937171459197998,0.49866223335266113,3.134045124053955,1.123085856437683,2.4367778301239014
1779989387803929300,29.280929443359376,0.18696646392345428,-0.2767643332481384,-0.7897168397903442,0.5145798325538635,3.1154651641845703,1.158582329750061,2.4845151901245117
1779989387820261000,29.29726123046875,0.18988658487796783,-0.26318687200546265,-0.7859209775924683,0.5263116359710693,3.0843236446380615,1.186947226524353,2.5339534282684326
1779989387836595200,29.31359521484375,0.19240374863147736,-0.2504369020462036,-0.782267153263092,0.5369546413421631,3.0500264167785645,1.21238112449646,2.5854310989379883
1779989387852928800,29.3299287109375,0.19456252455711365,-0.23695798218250275,-0.7789178490638733,0.5470679998397827,3.0078277587890625,1.2359120845794678,2.6461093425750732
1779989387869256400,29.34625634765625,0.19839471578598022,-0.2234487235546112,-0.7758452296257019,0.5556747913360596,2.948089122772217,1.256122350692749,2.7214767932891846
1779989387885592800,29.3625927734375,0.20644311606884003,-0.2133154571056366,-0.7719027996063232,0.562177836894989,2.869513750076294,1.2729415893554688,2.8040006160736084
1779989387901917400,29.37891748046875,0.21679221093654633,-0.2076043039560318,-0.76577228307724,0.5687656998634338,2.7870922088623047,1.2909719944000244,2.8802995681762695
1779989387918260500,29.395260498046873,0.22431333363056183,-0.20465876162052155,-0.7574013471603394,0.5780498385429382,2.7216334342956543,1.3149394989013672,2.9399359226226807
1779989387934594600,29.411594482421876,0.22607377171516418,-0.2019987851381302,-0.7480185627937317,0.5903857946395874,2.6804795265197754,1.3448045253753662,2.983593702316284
1779989387950926300,29.42792626953125,0.2245870977640152,-0.20002146065235138,-0.7386049628257751,0.6033364534378052,2.6554980278015137,1.3760617971420288,3.0147948265075684
1779989387967260200,29.44426025390625,0.22127778828144073,-0.19929926097393036,-0.7296431660652161,0.6155785322189331,2.648223876953125,1.4063328504562378,3.0289275646209717
1779989387983606000,29.46060595703125,0.21870990097522736,-0.20116178691387177,-0.7213305234909058,0.6256055235862732,2.6581106185913086,1.4330562353134155,3.0207204818725586
1779989387999926000,29.476926025390625,0.21869836747646332,-0.2038199007511139,-0.71397864818573,0.6331374645233154,2.6556551456451416,1.4544849395751953,3.0196726322174072
1779989388016254500,29.49325439453125,0.22238411009311676,-0.20523519814014435,-0.7081642746925354,0.6379085779190063,2.594585418701172,1.4684797525405884,3.0734078884124756
1779989388032594700,29.5095947265625,0.2286754548549652,-0.20589245855808258,-0.7037721872329712,0.640328586101532,2.4841222763061523,1.4754289388656616,-3.1095354557037354
1779989388048926700,29.5259267578125,0.23337775468826294,-0.20541314780712128,-0.6998313069343567,0.6430991291999817,2.367816925048828,1.4813183546066284,-2.9994287490844727
1779989388065258200,29.54225830078125,0.23473668098449707,-0.20386016368865967,-0.6955010890960693,0.6477793455123901,2.2517237663269043,1.4903934001922607,-2.882920265197754
1779989388081591300,29.55859130859375,0.23404207825660706,-0.20189887285232544,-0.6920263171195984,0.6523501873016357,2.1471285820007324,1.498567819595337,-2.7742714881896973
1779989388097921800,29.574921875,0.23292075097560883,-0.19937317073345184,-0.6904523372650146,0.6551899909973145,2.070269823074341,1.5019532442092896,-2.691950559616089
1779989388114258700,29.5912587890625,0.2305421233177185,-0.19595791399478912,-0.6908363699913025,0.6566550731658936,2.043797016143799,1.5020157098770142,-2.6568729877471924
1779989388130590500,29.607590576171877,0.2264576554298401,-0.1915738880634308,-0.6926358342170715,0.6574739217758179,2.059899091720581,1.5007362365722656,-2.660431385040283
1779989388146923300,29.62392333984375,0.2215949296951294,-0.18658845126628876,-0.6951022148132324,0.6579615473747253,2.09277606010437,1.4986025094985962,-2.6787586212158203
1779989388163255300,29.64025537109375,0.21752040088176727,-0.18169736862182617,-0.697012186050415,0.658669114112854,2.1037776470184326,1.4965709447860718,-2.6765427589416504
1779989388179586800,29.6565869140625,0.21516266465187073,-0.17708252370357513,-0.6980475187301636,0.6596032977104187,2.0796964168548584,1.4942529201507568,-2.6422083377838135
1779989388195922700,29.672922607421874,0.2141016274690628,-0.17304524779319763,-0.6986913084983826,0.6603381037712097,2.044649362564087,1.4913212060928345,-2.599686622619629
1779989388212260400,29.68926025390625,0.21464146673679352,-0.16961389780044556,-0.698429524898529,0.6613293886184692,1.9845592975616455,1.4882663488388062,-2.5353775024414062
1779989388228587800,29.705587890625,0.21700851619243622,-0.1664108783006668,-0.6966666579246521,0.6632272005081177,1.8799751996994019,1.484999179840088,-2.429603338241577
1779989388244921600,29.721921630859374,0.22110611200332642,-0.16284266114234924,-0.6935718655586243,0.6659973859786987,1.7375980615615845,1.4796063899993896,-2.288072347640991
1779989388261255000,29.7382548828125,0.2256390005350113,-0.1588943898677826,-0.6891745328903198,0.6699837446212769,1.5750569105148315,1.472542405128479,-2.126485824584961
1779989388277588000,29.754587890625,0.23110245168209076,-0.1556689739227295,-0.6834534406661987,0.67472243309021,1.4086004495620728,1.4633549451828003,-1.9634581804275513
1779989388293921000,29.770921142578125,0.23755934834480286,-0.1538630872964859,-0.6769301295280457,0.6794537305831909,1.2597088813781738,1.452309489250183,-1.8215992450714111
1779989388310252300,29.787252197265627,0.2429400384426117,-0.15324120223522186,-0.6700496673583984,0.6844931244850159,1.1265994310379028,1.4422216415405273,-1.6956926584243774
1779989388326585600,29.803585693359373,0.24395082890987396,-0.15149973332881927,-0.6634382009506226,0.6909310221672058,0.9976644515991211,1.4342867136001587,-1.5658328533172607
1779989388342914000,29.8199140625,0.24144159257411957,-0.14557507634162903,-0.6587145328521729,0.6975737810134888,0.9077267050743103,1.4243762493133545,-1.46365225315094
1779989388359258400,29.83625830078125,0.24166999757289886,-0.14189261198043823,-0.6552563309669495,0.701499342918396,0.8612886667251587,1.4151148796081543,-1.4123207330703735
1779989388375584500,29.85258447265625,0.24595248699188232,-0.14324729144573212,-0.6535763740539551,0.7013028264045715,0.856065034866333,1.4104620218276978,-1.4155176877975464
1779989388391916500,29.86891650390625,0.25005918741226196,-0.1456591635942459,-0.6557589769363403,0.6973048448562622,0.9075337648391724,1.4117240905761719,-1.4765857458114624
1779989388408255500,29.88525537109375,0.2522888779640198,-0.14713798463344574,-0.6621410250663757,0.6901232600212097,1.0235000848770142,1.416763424873352,-1.5979191064834595
1779989388424574000,29.901573974609374,0.25383925437927246,-0.1495371311903,-0.6714206337928772,0.6799991130828857,1.1986708641052246,1.4226585626602173,-1.7788006067276
1779989388440918500,29.91791845703125,0.25638675689697266,-0.15520302951335907,-0.6824278831481934,0.6666858196258545,1.4290252923965454,1.4258522987365723,-2.021249771118164
1779989388457251300,29.934251220703125,0.25839290022850037,-0.1636289656162262,-0.6952250599861145,0.650477409362793,1.7080659866333008,1.4224543571472168,-2.315852165222168
1779989388473584600,29.950584716796875,0.2564176321029663,-0.17232531309127808,-0.7106104493141174,0.632128894329071,2.012624979019165,1.4079469442367554,-2.6307687759399414
1779989388489917400,29.96691748046875,0.24892139434814453,-0.17905503511428833,-0.7280519604682922,0.6131213903427124,2.286492347717285,1.3802963495254517,-2.904275894165039
1779989388506249000,29.9832490234375,0.2362925410270691,-0.182763934135437,-0.7460118532180786,0.5951718688011169,2.497744083404541,1.3439568281173706,-3.1034276485443115
1779989388522582800,29.999582763671874,0.22027067840099335,-0.1838032752275467,-0.7627570033073425,0.5795679688453674,2.6526947021484375,1.3058708906173706,3.045696258544922
1779989388538913800,30.015913818359376,0.20315943658351898,-0.18240992724895477,-0.777095377445221,0.5670763850212097,2.7637689113616943,1.2712194919586182,2.960726261138916
1779989388555249200,30.032249267578123,0.18831025063991547,-0.1816876232624054,-0.7881021499633789,0.5571571588516235,2.844522714614868,1.2425860166549683,2.9018595218658447
1779989388571582700,30.048582763671874,0.1778217852115631,-0.18344882130622864,-0.7951833009719849,0.5499177575111389,2.9021410942077637,1.222083330154419,2.8562638759613037
1779989388587915800,30.064915771484376,0.17170239984989166,-0.18920129537582397,-0.7989749908447266,0.5443896651268005,2.9477603435516357,1.207921028137207,2.8105063438415527
1779989388604247300,30.081247314453126,0.16321387887001038,-0.19816842675209045,-0.8042855262756348,0.5359249114990234,3.0077338218688965,1.1856966018676758,2.748688220977783
1779989388620581400,30.097581298828125,0.15458481013774872,-0.211135134100914,-0.8123931884765625,0.521097719669342,3.0656654834747314,1.1480095386505127,2.6821680068969727
1779989388636915000,30.1139150390625,0.14932948350906372,-0.22603096067905426,-0.8213744163513184,0.5019510388374329,3.1008660793304443,1.1019400358200073,2.629540205001831
1779989388653247700,30.130247802734374,0.14527684450149536,-0.23970536887645721,-0.8301208019256592,0.4820117652416229,3.121087074279785,1.0550062656402588,2.591312885284424
1779989388669567700,30.146567626953125,0.1432344615459442,-0.253153920173645,-0.8379303812980652,0.46181127429008484,3.129906415939331,1.0092864036560059,2.5612499713897705
1779989388685913300,30.162913330078126,0.1424899697303772,-0.26673027873039246,-0.8448401689529419,0.44135770201683044,3.1322641372680664,0.9645036458969116,2.5348501205444336
1779989388702248400,30.17924853515625,0.14169219136238098,-0.28029385209083557,-0.8511834740638733,0.42052987217903137,3.1325716972351074,0.9195468425750732,2.509829044342041
1779989388718565400,30.1955654296875,0.1409410536289215,-0.29284244775772095,-0.8573749661445618,0.3991081416606903,3.129240036010742,0.8740242719650269,2.489096164703369
1779989388734912800,30.211912841796874,0.14163514971733093,-0.304252564907074,-0.86317378282547,0.3772277235984802,3.1194329261779785,0.829230546951294,2.473578929901123
1779989388751244500,30.22824462890625,0.14306889474391937,-0.31390181183815,-0.8683855533599854,0.3562353253364563,3.1063971519470215,0.7873964905738831,2.4624879360198975
1779989388767577600,30.24457763671875,0.1449032425880432,-0.3211658000946045,-0.8728866577148438,0.3375271260738373,3.092104196548462,0.7509338855743408,2.45597767829895
1779989388783912000,30.260911865234377,0.147404283285141,-0.3269329369068146,-0.8763408064842224,0.3215799927711487,3.0775458812713623,0.7208320498466492,2.451589345932007
1779989388800229000,30.27722900390625,0.1508493423461914,-0.33202433586120605,-0.8781722187995911,0.3095448315143585,3.0638961791992188,0.6995044946670532,2.4469985961914062
1779989388816576800,30.29357666015625,0.15440094470977783,-0.3360867500305176,-0.8782606720924377,0.3030913472175598,3.0540220737457275,0.6895248293876648,2.4420957565307617
1779989388832912000,30.309911865234376,0.1574026644229889,-0.3386060297489166,-0.8770698308944702,0.30219027400016785,3.04879093170166,0.6901838183403015,2.438101291656494
1779989388849247700,30.326247802734375,0.15886983275413513,-0.339042603969574,-0.8754627108573914,0.3055740296840668,3.0488250255584717,0.6981016993522644,2.436403751373291
1779989388865579000,30.3425791015625,0.15958482027053833,-0.3377934396266937,-0.8736380934715271,0.31174471974372864,3.0514328479766846,0.7109020352363586,2.4371883869171143
1779989388881896700,30.358896728515624,0.16146345436573029,-0.3361418545246124,-0.8710716366767883,0.31964418292045593,3.0525221824645996,0.7280499339103699,2.4389727115631104
1779989388898243800,30.375243896484374,0.16447924077510834,-0.33508744835853577,-0.8674069046974182,0.329041451215744,3.052945137023926,0.7492031455039978,2.4391677379608154
1779989388914573800,30.39157373046875,0.16808199882507324,-0.33435025811195374,-0.8624180555343628,0.3408716320991516,3.0546627044677734,0.7758796811103821,2.4374372959136963
1779989388930911700,30.407911865234375,0.17047777771949768,-0.33277806639671326,-0.8570945262908936,0.3543799817562103,3.0601587295532227,0.8051531314849854,2.4355907440185547
1779989388947242200,30.4242421875,0.166667178273201,-0.3307294249534607,-0.8547763228416443,0.36358964443206787,3.0763566493988037,0.8209874629974365,2.4316341876983643
1779989388963565000,30.44056494140625,0.16280736029148102,-0.3296506404876709,-0.8535329103469849,0.3691963851451874,3.0904622077941895,0.8294818997383118,2.4269683361053467
1779989388979909000,30.4569091796875,0.16844259202480316,-0.3300531506538391,-0.8493862152099609,0.3758126199245453,3.0840439796447754,0.8474728465080261,2.4263134002685547
1779989388996240400,30.473240478515624,0.1767641305923462,-0.3311578929424286,-0.8424718976020813,0.386432409286499,3.076103925704956,0.8760100603103638,2.4232213497161865
1779989389012570400,30.4895703125,0.1890382617712021,-0.3341897130012512,-0.8339576125144958,0.39635390043258667,3.059760332107544,0.9066349267959595,2.4192075729370117
1779989389028911000,30.5059111328125,0.2004401832818985,-0.33418530225753784,-0.8266715407371521,0.40590405464172363,3.040097236633301,0.9357883334159851,2.4245765209198
1779989389045225000,30.522224853515624,0.20713607966899872,-0.3303970694541931,-0.8193692564964294,0.4201982021331787,3.0319254398345947,0.9710331559181213,2.4329183101654053
1779989389061576700,30.53857666015625,0.20548737049102783,-0.32281240820884705,-0.8113747239112854,0.4418576657772064,3.0500898361206055,1.0154008865356445,2.435206413269043
1779989389077890600,30.554890625,0.19728726148605347,-0.31034326553344727,-0.8042737245559692,0.46680688858032227,3.0848922729492188,1.0620063543319702,2.438368320465088
1779989389094243600,30.57124365234375,0.19122397899627686,-0.2958245277404785,-0.7980448603630066,0.48892292380332947,3.1060891151428223,1.105085015296936,2.4535183906555176
1779989389110573600,30.587573486328125,0.19135509431362152,-0.2844546437263489,-0.7929691076278687,0.5036555528640747,3.1012191772460938,1.137603998184204,2.4785592555999756
1779989389126893600,30.6038935546875,0.19646836817264557,-0.27634376287460327,-0.7883377075195312,0.5133791565895081,3.0759060382843018,1.1630525588989258,2.510469675064087
1779989389143238100,30.620238037109374,0.20267236232757568,-0.26818108558654785,-0.7833101153373718,0.5229036211967468,3.0420687198638916,1.1887327432632446,2.5491700172424316
1779989389159572500,30.636572509765625,0.20767706632614136,-0.2577580511569977,-0.7781557440757751,0.533764660358429,3.0027945041656494,1.2161372900009155,2.598548173904419
1779989389175905300,30.6529052734375,0.21335063874721527,-0.24518705904483795,-0.773860514163971,0.5436033606529236,2.9440534114837646,1.2405668497085571,2.6692662239074707
1779989389192239900,30.669239990234374,0.22169093787670135,-0.23256880044937134,-0.7700483798980713,0.5511718988418579,2.860093355178833,1.2596226930618286,2.760777711868286
1779989389208569300,30.6855693359375,0.23262251913547516,-0.22188574075698853,-0.7651357054710388,0.5578715801239014,2.7589266300201416,1.2762231826782227,2.862438917160034
1779989389224904400,30.701904541015626,0.2444848269224167,-0.2137134075164795,-0.7595424652099609,0.5636035203933716,2.652449131011963,1.2893723249435425,2.963996410369873
1779989389241235000,30.71823486328125,0.2547794580459595,-0.20881173014640808,-0.7537099123001099,0.5686882734298706,2.560896635055542,1.3003579378128052,3.047926187515259
1779989389257573600,30.73457373046875,0.2623068690299988,-0.20762009918689728,-0.7475920915603638,0.5737553834915161,2.4951155185699463,1.3123581409454346,3.1046853065490723
1779989389273902600,30.750902587890625,0.267828106880188,-0.20912083983421326,-0.740690290927887,0.5795814394950867,2.4454901218414307,1.3277010917663574,-3.1388139724731445
1779989389290237000,30.76723681640625,0.27448707818984985,-0.21375173330307007,-0.7320612668991089,0.5857076644897461,2.3934078216552734,1.3462353944778442,-3.1030540466308594
1779989389306568400,30.783568359375,0.2809450626373291,-0.22076615691184998,-0.7220157384872437,0.5924740433692932,2.3420913219451904,1.3684488534927368,-3.071315050125122
1779989389322903000,30.799903076171876,0.28389784693717957,-0.2264411300420761,-0.7122869491577148,0.6006445288658142,2.2955660820007324,1.3929942846298218,-3.0370230674743652
1779989389339231200,30.816231201171874,0.2827664911746979,-0.22908426821231842,-0.7036576867103577,0.6102699637413025,2.2484130859375,1.4183135032653809,-2.9913570880889893
1779989389355560200,30.832560302734375,0.27954941987991333,-0.22848770022392273,-0.6970040798187256,0.619540810585022,2.1905150413513184,1.4394932985305786,-2.927076578140259
1779989389371901200,30.848901123046875,0.2794034481048584,-0.22809062898159027,-0.6914878487586975,0.6259017586708069,2.1099863052368164,1.452961802482605,-2.8453991413116455
1779989389388235000,30.865235107421874,0.28260019421577454,-0.227913498878479,-0.6877905130386353,0.6285991072654724,2.0257744789123535,1.4567676782608032,-2.765688180923462
1779989389404568300,30.881568359375,0.28473275899887085,-0.22664515674114227,-0.6862351894378662,0.6297941207885742,1.9712003469467163,1.4561944007873535,-2.7124392986297607
1779989389420901000,30.897901123046875,0.2828596532344818,-0.22372838854789734,-0.6864989995956421,0.6313914656639099,1.9540069103240967,1.456424593925476,-2.687967300415039
1779989389437234000,30.91423388671875,0.2777513861656189,-0.21956324577331543,-0.6883254051208496,0.633130669593811,1.9698576927185059,1.457314372062683,-2.689743757247925
1779989389453567500,30.9305673828125,0.2729053497314453,-0.2158508449792862,-0.6906989812850952,0.6339290738105774,2.000215768814087,1.4569107294082642,-2.7071738243103027
1779989389469900500,30.946900634765626,0.26986008882522583,-0.21282003819942474,-0.6934104561805725,0.6332970261573792,2.0334908962249756,1.453535556793213,-2.731353759765625
1779989389486232300,30.963232421875,0.2686862349510193,-0.2104867696762085,-0.6966564655303955,0.6310094594955444,2.0698940753936768,1.4466480016708374,-2.762622117996216
1779989389502566400,30.97956640625,0.2688482701778412,-0.20785723626613617,-0.7002531290054321,0.6278229355812073,2.097102642059326,1.4367862939834595,-2.786343812942505
1779989389518899000,30.99589892578125,0.2699550688266754,-0.20475326478481293,-0.7037794589996338,0.6244156956672668,2.110586404800415,1.4254118204116821,-2.797105073928833
1779989389535233000,31.01223291015625,0.2712966799736023,-0.20101481676101685,-0.706551730632782,0.6219130754470825,2.107008218765259,1.4150549173355103,-2.7901968955993652
1779989389551565800,31.02856591796875,0.2724767327308655,-0.1966938078403473,-0.7077415585517883,0.6214257478713989,2.081754207611084,1.4081772565841675,-2.7604095935821533
1779989389567898600,31.044898681640625,0.27390584349632263,-0.19177167117595673,-0.7068343162536621,0.6233654618263245,2.0275070667266846,1.404998540878296,-2.701000928878784
1779989389584231400,31.0612314453125,0.2764695882797241,-0.18651098012924194,-0.7034232020378113,0.6276735663414001,1.935926914215088,1.4042881727218628,-2.6053874492645264
1779989389600564500,31.077564453125,0.280175119638443,-0.18079796433448792,-0.6972063779830933,0.6346002221107483,1.7997541427612305,1.4045015573501587,-2.4661929607391357
1779989389616884700,31.093884765625,0.2842681109905243,-0.1739911437034607,-0.6888424158096313,0.6437506079673767,1.6277308464050293,1.4021074771881104,-2.2901651859283447
1779989389633231000,31.110231201171874,0.28918197751045227,-0.16694219410419464,-0.679111659526825,0.6536906361579895,1.4460985660552979,1.3939942121505737,-2.105569839477539
1779989389649550600,31.126550537109374,0.29549774527549744,-0.16173827648162842,-0.6689268350601196,0.6626150608062744,1.287176489830017,1.3811373710632324,-1.9487217664718628
1779989389665897700,31.142897705078123,0.30312877893447876,-0.1598103940486908,-0.6580774784088135,0.6704532504081726,1.149356484413147,1.367006540298462,-1.819960117340088
1779989389682230300,31.159230224609374,0.30877578258514404,-0.15776178240776062,-0.6471361517906189,0.6789577603340149,1.024825930595398,1.3521053791046143,-1.7014048099517822
1779989389698562300,31.175562255859376,0.3126683533191681,-0.1517874002456665,-0.6375146508216858,0.6875858306884766,0.9319426417350769,1.3319447040557861,-1.6061939001083374
1779989389714886700,31.19188671875,0.31987154483795166,-0.1478872150182724,-0.6288581490516663,0.6930721402168274,0.8733580708503723,1.3104387521743774,-1.5535507202148438
1779989389731228700,31.208228759765625,0.3295332193374634,-0.14651623368263245,-0.6214635372161865,0.6955026388168335,0.8395156264305115,1.290678858757019,-1.5332359075546265
1779989389747562000,31.22456201171875,0.3383031189441681,-0.14467091858386993,-0.6172395944595337,0.695439875125885,0.8344091176986694,1.2743864059448242,-1.5395249128341675
1779989389763895000,31.24089501953125,0.3441692292690277,-0.14216910302639008,-0.6168559193611145,0.6934149265289307,0.8531071543693542,1.2640950679779053,-1.5639313459396362
1779989389780226600,31.2572265625,0.34860819578170776,-0.1410761922597885,-0.6199120879173279,0.6886790990829468,0.8927508592605591,1.2603641748428345,-1.6089019775390625
1779989389796560400,31.273560302734374,0.352655291557312,-0.14303939044475555,-0.6251194477081299,0.6814687848091125,0.9455770254135132,1.2626123428344727,-1.6707888841629028
1779989389812893400,31.2898935546875,0.35672083497047424,-0.14882729947566986,-0.6312171816825867,0.6724327206611633,1.005141258239746,1.2699356079101562,-1.7450218200683594
1779989389829222700,31.30622265625,0.36086466908454895,-0.15885823965072632,-0.6378074288368225,0.66162109375,1.0729780197143555,1.2821367979049683,-1.8339264392852783
1779989389845557200,31.32255712890625,0.364126592874527,-0.1726895272731781,-0.6454007029533386,0.648882269859314,1.159447193145752,1.299184799194336,-1.945777177810669
1779989389861896700,31.338896728515625,0.3654365837574005,-0.18922394514083862,-0.6545804142951965,0.6341726779937744,1.2796729803085327,1.3192662000656128,-2.092519521713257
1779989389878226200,31.35522607421875,0.3637482523918152,-0.2059222012758255,-0.6653422713279724,0.618549108505249,1.4414185285568237,1.337464451789856,-2.2766335010528564
1779989389894560300,31.371560302734373,0.3586684763431549,-0.22015993297100067,-0.6766427159309387,0.6041864156723022,1.6283200979232788,1.349280595779419,-2.4772138595581055
1779989389910888400,31.387888427734374,0.3522980511188507,-0.2325962781906128,-0.6873133778572083,0.5910882949829102,1.8188047409057617,1.3531677722930908,-2.6769845485687256
1779989389927229000,31.40422900390625,0.3480294942855835,-0.24537934362888336,-0.6961380243301392,0.5779760479927063,1.9904603958129883,1.3489856719970703,-2.862196207046509
1779989389943556000,31.42055615234375,0.34819480776786804,-0.2597959339618683,-0.7020412683486938,0.564273476600647,2.1234867572784424,1.338784098625183,-3.0187313556671143
1779989389959892000,31.43689208984375,0.35294535756111145,-0.27582645416259766,-0.7046984434127808,0.5502267479896545,2.21406888961792,1.3260184526443481,3.1401526927948
1779989389976223500,31.453223388671876,0.3621383309364319,-0.29319292306900024,-0.7041224241256714,0.5358222126960754,2.266589403152466,1.3128726482391357,3.044196844100952
1779989389992558000,31.46955810546875,0.3748992681503296,-0.312553733587265,-0.7011480927467346,0.5197615027427673,2.2977070808410645,1.298708438873291,2.959839105606079
1779989390008891400,31.485891357421874,0.38792088627815247,-0.33286479115486145,-0.698046863079071,0.5014469027519226,2.327458620071411,1.2810531854629517,2.8735525608062744
1779989390025221400,31.502221435546875,0.3980127274990082,-0.3522842824459076,-0.6963132619857788,0.4823167324066162,2.364184856414795,1.2600785493850708,2.7852282524108887
1779989390041558500,31.51855859375,0.40432286262512207,-0.3705720603466034,-0.6960788369178772,0.46332889795303345,2.4084177017211914,1.2366431951522827,2.696427822113037
1779989390057887000,31.534886962890624,0.4066324830055237,-0.38868460059165955,-0.6965991854667664,0.44533583521842957,2.4619343280792236,1.2126400470733643,2.60455322265625
1779989390074229800,31.551229736328125,0.4061891436576843,-0.40811362862586975,-0.6955344676971436,0.42975062131881714,2.522416591644287,1.1926629543304443,2.507935047149658
1779989390090553000,31.567552978515625,0.40409472584724426,-0.4285866916179657,-0.6918171048164368,0.41762420535087585,2.5868327617645264,1.1789836883544922,2.4086577892303467
1779989390106890000,31.583889892578124,0.4007638096809387,-0.4485812783241272,-0.6863923668861389,0.4086915850639343,2.6524276733398438,1.1696035861968994,2.3113906383514404
1779989390123222500,31.600222412109375,0.3965859115123749,-0.465939462184906,-0.68049556016922,0.4031699001789093,2.714390277862549,1.1637159585952759,2.224282741546631
1779989390139555800,31.616555908203125,0.3926224708557129,-0.4813760221004486,-0.6740918159484863,0.3996560573577881,2.771178722381592,1.1600120067596436,2.145603895187378
1779989390155888000,31.63288818359375,0.3899300992488861,-0.4965890347957611,-0.6666921377182007,0.3960750997066498,2.8218038082122803,1.156476616859436,2.0709283351898193
1779989390172223200,31.64922314453125,0.38847488164901733,-0.5128992795944214,-0.6580263376235962,0.3911815583705902,2.8681490421295166,1.151344895362854,1.9955298900604248
1779989390188554200,31.66555419921875,0.3874419927597046,-0.5298539400100708,-0.648209273815155,0.38596412539482117,2.913506031036377,1.1455724239349365,1.9185243844985962
1779989390204887600,31.681887451171875,0.3875722587108612,-0.5464761853218079,-0.6374742388725281,0.38049742579460144,2.9529707431793213,1.140189528465271,1.8453519344329834
1779989390221202400,31.698202392578125,0.38897737860679626,-0.561919629573822,-0.6261813044548035,0.37528660893440247,2.9856011867523193,1.136444330215454,1.7785812616348267
1779989390237536500,31.71453662109375,0.39130228757858276,-0.5758336782455444,-0.6144505739212036,0.3711451292037964,3.0145251750946045,1.1355133056640625,1.7167699337005615
1779989390253875200,31.730875244140623,0.3953133523464203,-0.5885874629020691,-0.6016530990600586,0.3678392767906189,3.039578914642334,1.138428807258606,1.6580581665039062
1779989390270223600,31.7472236328125,0.4014357924461365,-0.6002949476242065,-0.5876265168190002,0.3649524748325348,3.060011625289917,1.1453903913497925,1.6020870208740234
1779989390286551300,31.76355126953125,0.4095531702041626,-0.6105167269706726,-0.5727750062942505,0.36258018016815186,3.0758488178253174,1.156579613685608,1.549948811531067
1779989390302887000,31.779886962890625,0.419384628534317,-0.6186866164207458,-0.5578151941299438,0.3608124554157257,3.0864264965057373,1.171844482421875,1.504027009010315
1779989390319219200,31.79621923828125,0.43025273084640503,-0.6243284344673157,-0.5437577366828918,0.35975590348243713,3.091233730316162,1.190293788909912,1.4671603441238403
1779989390335552000,31.812552001953126,0.44244980812072754,-0.6278151869773865,-0.5302920937538147,0.3589939475059509,3.0889172554016113,1.2119331359863281,1.4392797946929932
1779989390351884300,31.82888427734375,0.45671311020851135,-0.6296096444129944,-0.5169271230697632,0.35747912526130676,3.074373722076416,1.2366276979446411,1.4226906299591064
1779989390368218000,31.845218017578127,0.47398826479911804,-0.6304476857185364,-0.5035848617553711,0.35252395272254944,3.0331544876098633,1.2620033025741577,1.4272518157958984
1779989390384551700,31.8615517578125,0.49271634221076965,-0.63203364610672,-0.49133074283599854,0.34111323952674866,2.955709457397461,1.2800334692001343,1.4601722955703735
1779989390400884500,31.877884521484376,0.5112231969833374,-0.6369222402572632,-0.4787576198577881,0.32213684916496277,2.8561851978302,1.285825252532959,1.5035741329193115
1779989390417216000,31.894216064453126,0.5289399027824402,-0.644578754901886,-0.4633418023586273,0.30009225010871887,2.763871431350708,1.286921501159668,1.5312472581863403
1779989390433551400,31.91055126953125,0.5403991937637329,-0.65467369556427,-0.44908174872398376,0.27874138951301575,2.708721876144409,1.2796852588653564,1.5269221067428589
1779989390449884000,31.9268837890625,0.5429210662841797,-0.6655152440071106,-0.4403584897518158,0.26155412197113037,2.6980297565460205,1.2629872560501099,1.4959927797317505
1779989390466216700,31.943216796875,0.5429478883743286,-0.6737335324287415,-0.4342389404773712,0.25045445561408997,2.7018651962280273,1.2504249811172485,1.4648945331573486
1779989390482548200,31.95954833984375,0.5439159870147705,-0.6800644397735596,-0.42657992243766785,0.24433064460754395,2.7138166427612305,1.2476751804351807,1.4306021928787231
1779989390498883300,31.97588330078125,0.5445645451545715,-0.6867072582244873,-0.41580554842948914,0.24287502467632294,2.750009775161743,1.2528849840164185,1.3740274906158447
1779989390515215600,31.992215576171876,0.5426247715950012,-0.693905234336853,-0.4060099422931671,0.24333053827285767,2.803453207015991,1.255322813987732,1.3052388429641724
1779989390531549000,32.008548828125,0.5382483601570129,-0.6984342932701111,-0.40240201354026794,0.2460712194442749,2.851323127746582,1.252920150756836,1.2561687231063843
1779989390547882000,32.02488208007812,0.5347767472267151,-0.7003017663955688,-0.4011668562889099,0.2503125071525574,2.887921094894409,1.2527378797531128,1.224449872970581
1779989390564215600,32.04121557617187,0.5323646068572998,-0.7007057070732117,-0.40047383308410645,0.25538256764411926,2.919069290161133,1.2551950216293335,1.2001879215240479
1779989390580544000,32.0575439453125,0.5297852754592896,-0.6998710036277771,-0.4002656936645508,0.2632408142089844,2.9582464694976807,1.2606706619262695,1.1729739904403687
1779989390596881000,32.073880859375,0.5312978029251099,-0.6988543272018433,-0.3959169089794159,0.2693978250026703,2.9906294345855713,1.272769808769226,1.1425296068191528
1779989390613201200,32.090201171875,0.5420666933059692,-0.6989660263061523,-0.38236314058303833,0.26722413301467896,2.9907257556915283,1.2946956157684326,1.1152898073196411
1779989390629534200,32.1065341796875,0.5605440735816956,-0.7005490064620972,-0.361691415309906,0.25337886810302734,2.9369187355041504,1.3198068141937256,1.1122382879257202
1779989390645880600,32.12288061523437,0.5826519131660461,-0.7035444378852844,-0.3367350399494171,0.22836707532405853,2.824740409851074,1.3406869173049927,1.1447923183441162
1779989390662213400,32.13921337890625,0.5981106162071228,-0.7070420980453491,-0.317282110452652,0.20417481660842896,2.7174975872039795,1.3482599258422852,1.1843106746673584
1779989390678546400,32.15554638671875,0.604528546333313,-0.70976722240448,-0.307304322719574,0.1906304508447647,2.666861057281494,1.3481305837631226,1.1990344524383545
1779989390694878200,32.17187817382813,0.6099097728729248,-0.7111082673072815,-0.2980625033378601,0.18301352858543396,2.6414756774902344,1.353679895401001,1.1986033916473389
1779989390711213000,32.188213134765626,0.6161231398582458,-0.7123202681541443,-0.28745168447494507,0.17425185441970825,2.609666585922241,1.3603222370147705,1.2009119987487793
1779989390727546000,32.204546142578124,0.6222842931747437,-0.7126265168190002,-0.2768596410751343,0.16815036535263062,2.5859599113464355,1.3705655336380005,1.1991883516311646
1779989390743877400,32.22087744140625,0.6283299326896667,-0.7117167711257935,-0.2667872905731201,0.1657872200012207,2.573206663131714,1.3853048086166382,1.1928789615631104
1779989390760211500,32.23721142578125,0.6344090700149536,-0.7108842134475708,-0.2556099593639374,0.16380637884140015,2.5675721168518066,1.4016203880310059,1.1784542798995972
1779989390776535300,32.253535400390625,0.6402511596679688,-0.7107799053192139,-0.24380213022232056,0.15947099030017853,2.557374954223633,1.4151660203933716,1.1643657684326172
1779989390792878000,32.269878173828126,0.6452423930168152,-0.7111949920654297,-0.23287874460220337,0.15372537076473236,2.543123722076416,1.4249624013900757,1.1537747383117676
1779989390809211000,32.2862109375,0.6493034362792969,-0.7121319770812988,-0.22267277538776398,0.14727535843849182,2.53084135055542,1.4318890571594238,1.141406536102295
1779989390825540900,32.302540771484374,0.6532579660415649,-0.7133021950721741,-0.21200457215309143,0.13967111706733704,2.5155036449432373,1.4377506971359253,1.1298458576202393
1779989390841875500,32.31887548828125,0.6573389768600464,-0.7144978642463684,-0.2005520761013031,0.1310618817806244,2.4963150024414062,1.4434627294540405,1.1196388006210327
1779989390858214000,32.3352138671875,0.66110759973526,-0.7153618335723877,-0.1898713856935501,0.12305774539709091,2.4763686656951904,1.4490047693252563,1.112310528755188
1779989390874541800,32.35154174804688,0.6645326018333435,-0.7153831124305725,-0.18142658472061157,0.11708078533411026,2.4526162147521973,1.454748272895813,1.1150575876235962
1779989390890876700,32.367876708984376,0.6681796908378601,-0.7143736481666565,-0.17455101013183594,0.11286325007677078,2.418518543243408,1.4617538452148438,1.1330080032348633
1779989390907209500,32.38420947265625,0.6722370386123657,-0.7126038074493408,-0.16823755204677582,0.10949631035327911,2.3708057403564453,1.4699580669403076,1.1666432619094849
1779989390923542000,32.4005419921875,0.67666095495224,-0.7102108001708984,-0.1623157262802124,0.10669732093811035,2.305168867111206,1.4789074659347534,1.219609260559082
1779989390939877000,32.41687719726563,0.6811062693595886,-0.7076334953308105,-0.1565508395433426,0.10412020981311798,2.2247376441955566,1.4876755475997925,1.2879467010498047
1779989390956209000,32.433208984375,0.6853918433189392,-0.705230176448822,-0.15057767927646637,0.10106845945119858,2.1309282779693604,1.4953504800796509,1.3687093257904053
1779989390972542500,32.44954248046875,0.6895818114280701,-0.7029845714569092,-0.1442670375108719,0.09734833240509033,2.020839214324951,1.5017766952514648,1.464342474937439
1779989390988875800,32.46587573242188,0.6935989260673523,-0.7007432579994202,-0.13833552598953247,0.09350299835205078,1.8935893774032593,1.5065841674804688,1.5775343179702759
1779989391005205000,32.482205078125,0.6974546313285828,-0.6984755992889404,-0.1329854279756546,0.08946438133716583,1.7522801160812378,1.509223461151123,1.7053701877593994
1779989391021544200,32.49854418945313,0.7013078331947327,-0.696182370185852,-0.12773381173610687,0.0847449079155922,1.6030199527740479,1.5095643997192383,1.840354561805725
1779989391037874000,32.5148740234375,0.7050866484642029,-0.6938819885253906,-0.12261362373828888,0.07966569811105728,1.4591944217681885,1.508017659187317,1.9695955514907837
1779989391054204000,32.53120385742187,0.7085116505622864,-0.691765546798706,-0.11797934025526047,0.07451634109020233,1.3396457433700562,1.5049161911010742,2.0751779079437256
1779989391070540300,32.547540283203126,0.7116193771362305,-0.6897101402282715,-0.11411786079406738,0.06982141733169556,1.2419908046722412,1.500895619392395,2.160634756088257
1779989391086877000,32.563876953125,0.7147024273872375,-0.6873257756233215,-0.111331045627594,0.06625017523765564,1.151031255722046,1.4961893558502197,2.2425403594970703
1779989391103206400,32.580206298828124,0.7178406715393066,-0.6845115423202515,-0.10975713282823563,0.06404823809862137,1.0640769004821777,1.4907742738723755,2.32413649559021
1779989391119539200,32.59653930664062,0.7208414077758789,-0.6815676093101501,-0.10930008441209793,0.06250514835119247,0.9944629669189453,1.4843746423721313,2.3909311294555664
1779989391135867100,32.6128671875,0.7236069440841675,-0.6786378622055054,-0.10996244847774506,0.06125357374548912,0.9467994570732117,1.477010726928711,2.4377944469451904
1779989391152210000,32.6292099609375,0.726844847202301,-0.6748614311218262,-0.11209976673126221,0.06076434627175331,0.9018313884735107,1.4674301147460938,2.48517107963562
1779989391168538600,32.64553857421875,0.7312967777252197,-0.6694061160087585,-0.11552342772483826,0.06127658113837242,0.8452345132827759,1.4543417692184448,2.5474750995635986
1779989391184872000,32.661871826171875,0.7371448874473572,-0.6623600125312805,-0.11868667602539062,0.061726756393909454,0.7791213393211365,1.4377537965774536,2.618882417678833
1779989391201204200,32.67820434570312,0.7442322373390198,-0.6538413166999817,-0.1214083656668663,0.06220954284071922,0.7104156017303467,1.4178409576416016,2.6923558712005615
1779989391217538300,32.694538330078124,0.7521958351135254,-0.6441254615783691,-0.1236286610364914,0.06340230256319046,0.6415748000144958,1.3956074714660645,2.766324043273926
1779989391233867800,32.71086767578125,0.7609127759933472,-0.6333228945732117,-0.12463413178920746,0.0661836564540863,0.5655965805053711,1.371997356414795,2.8480300903320312
1779989391250205400,32.727205322265625,0.7701594233512878,-0.6217823624610901,-0.1249188631772995,0.06809192895889282,0.5035417675971985,1.3456213474273682,2.9136199951171875
1779989391266536200,32.7435361328125,0.7791563272476196,-0.6113550662994385,-0.1219925805926323,0.06540930271148682,0.4591951370239258,1.3197025060653687,2.950327157974243
1779989391282870000,32.7598701171875,0.7866449952125549,-0.6033678650856018,-0.11702246963977814,0.05867528170347214,0.43394359946250916,1.297940731048584,2.959115982055664
1779989391299201800,32.776201904296876,0.7910122871398926,-0.5996634364128113,-0.11125414818525314,0.048227809369564056,0.4323684573173523,1.2849147319793701,2.9375855922698975
1779989391315536400,32.79253637695312,0.7916762828826904,-0.6009104251861572,-0.10412944853305817,0.036229122430086136,0.4424035847187042,1.2834458351135254,2.9000906944274902
1779989391331869000,32.80886889648438,0.7887424230575562,-0.6070427894592285,-0.09408321231603622,0.02308584935963154,0.4562472403049469,1.2940325736999512,2.8528428077697754
1779989391348202800,32.82520263671875,0.7820992469787598,-0.6177055239677429,-0.08157725632190704,0.010285410098731518,0.4747186303138733,1.3167052268981934,2.7979369163513184
1779989391364535000,32.84153515625,-0.770995020866394,0.6331161260604858,0.0687723234295845,0.0010572427418082952,0.5169880390167236,1.3517876863479614,2.720982789993286
1779989391380867300,32.85786743164063,-0.7548152804374695,0.6532849669456482,0.05790558084845543,0.01093366276472807,0.62916499376297,1.3971000909805298,2.5791194438934326
1779989391397201700,32.87420166015625,-0.7339522242546082,0.6771214604377747,0.04957292973995209,0.019060080870985985,0.9008121490478516,1.444696068763733,2.284022331237793
1779989391413534500,32.89053442382812,-0.7101393938064575,0.7023035287857056,0.04352579265832901,0.02402997575700283,1.4691250324249268,1.4745820760726929,1.7000752687454224
1779989391429868000,32.90686791992187,-0.685003936290741,0.7270065546035767,0.04130001738667488,0.022923456504940987,2.1629981994628906,1.4622187614440918,1.0046237707138062
1779989391446201000,32.923201171875,-0.6595954298973083,0.7501386404037476,0.044692788273096085,0.015117820352315903,2.5787951946258545,1.4171836376190186,0.6047500371932983
1779989391462533600,32.93953369140625,-0.6353291273117065,0.7705438137054443,0.050718940794467926,0.0068358262069523335,2.770371675491333,1.362595558166504,0.4336291253566742
1779989391478867200,32.9558671875,-0.6142630577087402,0.7872391939163208,0.05395210534334183,0.004966552834957838,2.8482391834259033,1.311645746231079,0.3632298409938812
1779989391495199700,32.97219970703125,-0.5969039797782898,0.8006243109703064,0.050937313586473465,0.010579586960375309,2.877201795578003,1.268696665763855,0.32213088870048523
1779989391511531500,32.988531494140624,-0.584896981716156,0.8097760081291199,0.03901803493499756,0.025218546390533447,2.873246908187866,1.2385226488113403,0.2881339192390442
1779989391527866400,33.00486645507812,-0.5764144062995911,0.815521776676178,0.021531319245696068,0.04698086157441139,2.844254732131958,1.2172012329101562,0.2607751488685608
1779989391544199200,33.02119921875,-0.5655046701431274,0.8218720555305481,0.003949559293687344,0.06866766512393951,2.8189547061920166,1.1917084455490112,0.22941003739833832
1779989391560532500,33.03753247070313,-0.5459951758384705,0.8336678743362427,-0.008863492868840694,0.08251431584358215,2.8248181343078613,1.1476953029632568,0.18450388312339783
1779989391576868400,33.05386840820312,-0.5210295915603638,0.8481844663619995,-0.0209739338606596,0.09312036633491516,2.8414037227630615,1.0924657583236694,0.13391654193401337
1779989391593195000,33.070195068359375,-0.4942953288555145,0.8629593849182129,-0.03223773092031479,0.09966957569122314,2.8638012409210205,1.0343685150146484,0.0840262845158577
1779989391609546200,33.08654614257812,-0.4676046669483185,0.8770747184753418,-0.04383455961942673,0.10081905126571655,2.8961517810821533,0.9774731397628784,0.031115636229515076
1779989391625864700,33.10286474609375,-0.4427218735218048,0.8892426490783691,-0.05752912536263466,0.09967577457427979,2.9300010204315186,0.9253690838813782,-0.023371178656816483
1779989391642197500,33.11919750976563,-0.41975298523902893,0.899551510810852,-0.07246986776590347,0.09676125645637512,2.9634311199188232,0.8775936365127563,-0.07699122279882431
1779989391658530800,33.13553076171875,-0.39828914403915405,0.9082400798797607,-0.08900000900030136,0.0924379825592041,2.99686336517334,0.8329786658287048,-0.13124604523181915
1779989391674850600,33.1518505859375,-0.3777769207954407,0.9154103994369507,-0.10723898559808731,0.08836469054222107,3.0265653133392334,0.7903423309326172,-0.1852109581232071
1779989391691197000,33.168197021484374,-0.35758280754089355,0.9216092824935913,-0.12515811622142792,0.08429858833551407,3.051607847213745,0.7480416893959045,-0.23461735248565674
1779989391707529700,33.18452978515625,-0.3383064866065979,0.9265785813331604,-0.14281100034713745,0.08127652853727341,3.070474624633789,0.7077810764312744,-0.27956414222717285
1779989391723863300,33.20086328125,-0.32181647419929504,0.9299996495246887,-0.15812371671199799,0.08081887662410736,3.0794146060943604,0.6740267276763916,-0.3150378465652466
1779989391740195800,33.21719580078125,-0.30775660276412964,0.9320626258850098,-0.17200015485286713,0.08343405276536942,3.0793333053588867,0.6465022563934326,-0.34410542249679565
1779989391756527400,33.23352734375,-0.29642921686172485,0.9326490759849548,-0.185422882437706,0.08895988762378693,3.0724244117736816,0.626013994216919,-0.37011411786079407
1779989391772852700,33.249852783203124,-0.2888488471508026,0.9314500093460083,-0.19883839786052704,0.09711119532585144,3.060666799545288,0.6147024035453796,-0.39493098855018616
1779989391789195800,33.26619580078125,-0.2859898507595062,0.9286282658576965,-0.21169576048851013,0.10509122163057327,3.0508530139923096,0.613400399684906,-0.4195171892642975
1779989391805529900,33.28252978515625,-0.2871696949005127,0.9248911738395691,-0.2228735387325287,0.11152324080467224,3.045262098312378,0.6198493838310242,-0.4420583248138428
1779989391821860400,33.2988603515625,-0.2916257083415985,0.9206056594848633,-0.23209111392498016,0.11650523543357849,3.0433216094970703,0.6323279738426208,-0.46175020933151245
1779989391838196200,33.3151962890625,-0.29926010966300964,0.9153688549995422,-0.239923894405365,0.12239237129688263,3.040201425552368,0.6517724394798279,-0.47839024662971497
1779989391854527700,33.33152783203125,-0.30967453122138977,0.9088562726974487,-0.24729283154010773,0.13010849058628082,3.0343801975250244,0.678015947341919,-0.49348482489585876
1779989391870861000,33.34786108398438,-0.32308343052864075,0.9014326930046082,-0.25371885299682617,0.13661248981952667,3.032794237136841,0.709953248500824,-0.5083638429641724
1779989391887193300,33.364193359375,-0.33468493819236755,0.8962868452072144,-0.2583492398262024,0.13383430242538452,3.0513477325439453,0.7329962849617004,-0.5266140103340149
1779989391903527400,33.38052734375,-0.3419738709926605,0.8936333656311035,-0.2621554732322693,0.12549017369747162,3.0804343223571777,0.7436712384223938,-0.5468496680259705
1779989391919870500,33.396870361328126,-0.3520282804965973,0.8870335221290588,-0.26691436767578125,0.1341804713010788,3.0717172622680664,0.7700222134590149,-0.5562514066696167
1779989391936184600,33.4131845703125,-0.36852550506591797,0.877641499042511,-0.27066999673843384,0.14377789199352264,3.0647852420806885,0.810597836971283,-0.5653340220451355
1779989391952524800,33.42952490234375,-0.3805484175682068,0.8694654703140259,-0.27503764629364014,0.15351548790931702,3.054928779602051,0.8423242568969727,-0.5738978981971741
1779989391968862700,33.44586279296875,-0.3934684991836548,0.8621599078178406,-0.2769302427768707,0.15865835547447205,3.054858684539795,0.8731247782707214,-0.581102728843689
1779989391985186000,33.46218603515625,-0.412652850151062,0.853050708770752,-0.276905357837677,0.1592031866312027,3.0709333419799805,0.9143991470336914,-0.5929781198501587
1779989392001529000,33.47852905273437,-0.43606722354888916,0.8445541262626648,-0.27047064900398254,0.1530340164899826,3.102154016494751,0.9602712988853455,-0.5993232727050781
1779989392017858300,33.4948583984375,-0.4608343839645386,0.8379855751991272,-0.2562967836856842,0.1404411643743515,-3.140014886856079,1.0053216218948364,-0.5944951176643372
1779989392034192000,33.51119189453125,-0.48216119408607483,0.8322886824607849,-0.2396308332681656,0.13188397884368896,-3.1185078620910645,1.0467499494552612,-0.5739933252334595
1779989392050525000,33.52752490234375,-0.4977688491344452,0.8273304104804993,-0.22476518154144287,0.13126802444458008,-3.1276397705078125,1.081465482711792,-0.5389230251312256
1779989392066858000,33.54385791015625,-0.5094915628433228,0.8226257562637329,-0.21268656849861145,0.13590314984321594,3.126115560531616,1.1107935905456543,-0.4964066743850708
1779989392083189000,33.56018896484375,-0.5198003053665161,0.8174445033073425,-0.20235425233840942,0.14368370175361633,3.0829989910125732,1.1384037733078003,-0.44783642888069153
1779989392099524000,33.576524169921875,-0.5301947593688965,0.8112716674804688,-0.1931091994047165,0.15310320258140564,3.030400514602661,1.1665401458740234,-0.3939550220966339
1779989392115857200,33.59285717773437,-0.5405284762382507,0.8035358786582947,-0.1872730404138565,0.1645841896533966,2.971606492996216,1.1952636241912842,-0.3420942723751068
1779989392132186400,33.60918627929688,-0.5498206615447998,0.7947597503662109,-0.18585437536239624,0.1775170862674713,2.9116737842559814,1.2224408388137817,-0.29796892404556274
1779989392148527000,33.62552709960938,-0.558838427066803,0.7857251167297363,-0.1868116557598114,0.1882474273443222,2.863234519958496,1.2485311031341553,-0.26570191979408264
1779989392164856800,33.64185693359375,-0.5683139562606812,0.7767239212989807,-0.18889391422271729,0.1950346827507019,2.834089756011963,1.274854302406311,-0.24859067797660828
1779989392181188400,33.65818823242188,-0.5787366032600403,0.7675871253013611,-0.19124199450016022,0.19824336469173431,2.8229286670684814,1.3027359247207642,-0.2445507049560547
1779989392197522400,33.6745224609375,-0.5897516012191772,0.7580498456954956,-0.19395753741264343,0.1998351514339447,2.8224215507507324,1.3320757150650024,-0.24935223162174225
1779989392213854500,33.6908544921875,-0.5998086333274841,0.7480540871620178,-0.19776278734207153,0.2038004994392395,2.8113346099853516,1.3605854511260986,-0.24884778261184692
1779989392230188800,33.70718872070312,-0.6074882745742798,0.7380654811859131,-0.20247672498226166,0.21265141665935516,2.764575719833374,1.3853074312210083,-0.22148972749710083
1779989392246520000,33.72352001953125,-0.6125562787055969,0.7299571633338928,-0.20642872154712677,0.22209152579307556,2.6999928951263428,1.403099536895752,-0.1763404756784439
1779989392262855000,33.73985498046875,-0.6166804432868958,0.7236218452453613,-0.20871372520923615,0.2291620820760727,2.636894464492798,1.4166659116744995,-0.12683767080307007
1779989392279188500,33.7561884765625,-0.6209889650344849,0.7184224128723145,-0.2093152105808258,0.2333006113767624,2.581061840057373,1.428772211074829,-0.07778554409742355
1779989392295522600,33.7725224609375,-0.6257300972938538,0.714133083820343,-0.20845012366771698,0.234572634100914,2.5349435806274414,1.4403390884399414,-0.03201432526111603
1779989392311852300,33.788852294921874,-0.630081832408905,0.7110738754272461,-0.2064058631658554,0.2340247631072998,2.4956514835357666,1.4497069120407104,0.011340663768351078
1779989392328187400,33.8051875,-0.6331583261489868,0.7089045643806458,-0.2049368917942047,0.23359321057796478,2.4640932083129883,1.456202745437622,0.04585684463381767
1779989392344519200,33.821519287109375,-0.6360047459602356,0.7078994512557983,-0.20179219543933868,0.23163822293281555,2.436124086380005,1.46065354347229,0.08150225877761841
1779989392360853200,33.83785327148438,-0.6380428075790405,0.7080835103988647,-0.19773119688034058,0.22895771265029907,2.415252447128296,1.4622935056686401,0.1124272421002388
1779989392377173200,33.85417333984375,-0.6386669874191284,0.7093323469161987,-0.19359803199768066,0.22687441110610962,2.3991353511810303,1.4602794647216797,0.1377391815185547
1779989392393506300,33.87050634765625,-0.6383376121520996,0.710904061794281,-0.19020257890224457,0.2257511019706726,2.387035369873047,1.4564579725265503,0.15647312998771667
1779989392409848600,33.8868486328125,-0.6386129260063171,0.7117131352424622,-0.18701976537704468,0.2250814437866211,2.3653323650360107,1.454177737236023,0.1838449388742447
1779989392426191600,33.903191650390625,-0.6399912238121033,0.7112498879432678,-0.18387441337108612,0.22522267699241638,2.3218352794647217,1.4542207717895508,0.23179206252098083
1779989392442514200,33.91951416015625,-0.6422351598739624,0.709642767906189,-0.18065300583839417,0.22650766372680664,2.2516987323760986,1.4554380178451538,0.3048137426376343
1779989392458856700,33.935856689453125,-0.6449055671691895,0.7070508003234863,-0.17727236449718475,0.22967500984668732,2.1486639976501465,1.4557725191116333,0.40817031264305115
1779989392475177200,33.95217724609375,-0.6481326222419739,0.7029623985290527,-0.1743699014186859,0.23529379069805145,2.0091981887817383,1.4548182487487793,0.5435992479324341
1779989392491518000,33.96851806640625,-0.6525941491127014,0.6972341537475586,-0.1719915121793747,0.24166986346244812,1.843207836151123,1.4537007808685303,0.7036481499671936
1779989392507839700,33.98483984375,-0.658633291721344,0.6900911927223206,-0.1703825294971466,0.2468727082014084,1.6609468460083008,1.4537650346755981,0.8805835843086243
1779989392524184300,34.001184326171874,-0.6670829057693481,0.6814296841621399,-0.16877160966396332,0.24933934211730957,1.4463657140731812,1.4549987316131592,1.0939180850982666
1779989392540517600,34.017517578125,-0.6765987873077393,0.6733552813529968,-0.1627187877893448,0.2496587038040161,1.2370349168777466,1.4476828575134277,1.311614751815796
1779989392556850400,34.03385034179688,-0.6832637786865234,0.6662049889564514,-0.1576775759458542,0.25388842821121216,1.099291443824768,1.4325013160705566,1.4502564668655396
1779989392573183500,34.05018359375,-0.686593234539032,0.6599634885787964,-0.15685880184173584,0.2615976929664612,1.0205239057540894,1.4178119897842407,1.518471360206604
1779989392589500200,34.06650024414063,-0.6867903470993042,0.6565460562705994,-0.15730945765972137,0.2692956030368805,0.9995197057723999,1.4065660238265991,1.5270771980285645
1779989392605850400,34.08285034179688,-0.6833608150482178,0.6571913361549377,-0.15809734165668488,0.2759038507938385,1.0391076803207397,1.399924635887146,1.4762881994247437
1779989392622181400,34.099181396484376,-0.6769353151321411,0.661037027835846,-0.16026157140731812,0.2812560200691223,1.1214098930358887,1.3979990482330322,1.382706642150879
1779989392638516200,34.11551611328125,-0.6679086089134216,0.6668650507926941,-0.1656004786491394,0.2859470844268799,1.2359167337417603,1.4003889560699463,1.2532587051391602
1779989392654848800,34.13184887695313,-0.6560924649238586,0.67392897605896,-0.17556095123291016,0.2907591164112091,1.3871915340423584,1.4057536125183105,1.0799643993377686
1779989392671166700,34.148166748046876,-0.6421133875846863,0.6823591589927673,-0.18835078179836273,0.29427945613861084,1.5844446420669556,1.410370945930481,0.8582682013511658
1779989392687516400,34.164516357421874,-0.6263911128044128,0.6937453746795654,-0.20040501654148102,0.2935802936553955,1.8386492729187012,1.4080241918563843,0.5868184566497803
1779989392703845400,34.18084545898437,-0.6092208623886108,0.7095298767089844,-0.20865021646022797,0.28615090250968933,2.124821186065674,1.39128839969635,0.29887107014656067
1779989392720183000,34.19718310546875,-0.5909674763679504,0.7293771505355835,-0.2118154764175415,0.27184680104255676,2.381222724914551,1.357030987739563,0.058100227266550064
1779989392736513500,34.21351342773438,-0.5728199481964111,0.7508718371391296,-0.21007633209228516,0.2528572976589203,2.569356679916382,1.3110976219177246,-0.100630983710289
1779989392752848000,34.229847900390624,-0.5561397671699524,0.7708641886711121,-0.20594675838947296,0.23251420259475708,2.699369192123413,1.2636079788208008,-0.19601857662200928
1779989392769191200,34.246191162109376,-0.5427590012550354,0.7867465019226074,-0.20200635492801666,0.21362589299678802,2.7910094261169434,1.2236138582229614,-0.25540822744369507
1779989392785511000,34.262510986328124,-0.5328731536865234,0.7981825470924377,-0.19918639957904816,0.19818052649497986,2.855271577835083,1.1933528184890747,-0.2939035892486572
1779989392801847000,34.27884692382813,-0.5245617628097534,0.8061825633049011,-0.19877131283283234,0.18813474476337433,2.896400213241577,1.1695544719696045,-0.3206949234008789
1779989392818183200,34.29518310546875,-0.5171600580215454,0.8107539415359497,-0.20332975685596466,0.18406732380390167,2.9232521057128906,1.1516380310058594,-0.34937116503715515
1779989392834522600,34.311522705078126,-0.5077247023582458,0.8145579099655151,-0.21255937218666077,0.18311087787151337,2.9465224742889404,1.1313472986221313,-0.38643524050712585
1779989392850844700,34.3278447265625,-0.4941864311695099,0.8201314806938171,-0.22462601959705353,0.18085125088691711,2.975851058959961,1.1014044284820557,-0.4327458441257477
1779989392867176400,34.344176513671876,-0.47885915637016296,0.82652348279953,-0.2383977323770523,0.17526952922344208,3.014331102371216,1.0657342672348022,-0.4865034818649292
1779989392883516200,34.36051611328125,-0.4617842435836792,0.832561194896698,-0.2546582818031311,0.16954737901687622,3.050525188446045,1.0260920524597168,-0.5423445105552673
1779989392899845400,34.37684545898438,-0.44176846742630005,0.8378774523735046,-0.27325373888015747,0.16773346066474915,3.070067882537842,0.9826368093490601,-0.592216968536377
1779989392916180200,34.39318017578125,-0.41898584365844727,0.8418861031532288,-0.2933947443962097,0.17204153537750244,3.0674169063568115,0.9380878210067749,-0.6330680847167969
1779989392932511500,34.409511474609374,-0.3964131474494934,0.8447743654251099,-0.31309324502944946,0.17659462988376617,3.061333417892456,0.8952100872993469,-0.6713078618049622
1779989392948845800,34.425845703125,-0.37638434767723083,0.8468928337097168,-0.331101655960083,0.1774236410856247,3.063316822052002,0.8556616306304932,-0.7096709609031677
1779989392965176000,34.44217602539062,-0.35846877098083496,0.8486047983169556,-0.34681424498558044,0.17632345855236053,3.0673868656158447,0.8193461298942566,-0.7437111139297485
1779989392981510400,34.45851049804688,-0.3412764370441437,0.8504195213317871,-0.3595186769962311,0.17624814808368683,3.0646042823791504,0.7855092287063599,-0.7680267095565796
1779989392997828000,34.474828125,-0.32600557804107666,0.8525156378746033,-0.36821404099464417,0.17707611620426178,3.056469440460205,0.7563257217407227,-0.781590461730957
1779989393014176000,34.49117602539062,-0.31427067518234253,0.8543896675109863,-0.37357088923454285,0.17803731560707092,3.0479366779327393,0.7342604398727417,-0.7883405089378357
1779989393030508500,34.507508544921876,-0.307092547416687,0.8554497361183167,-0.376716285943985,0.1788434088230133,3.0420992374420166,0.7210196256637573,-0.7921034097671509
1779989393046848000,34.52384790039063,-0.3050054609775543,0.8552498817443848,-0.3785218894481659,0.17955678701400757,3.040229320526123,0.7176871299743652,-0.7952957153320312
1779989393063174700,34.54017456054687,-0.3084805905818939,0.8540068864822388,-0.3786050081253052,0.17936083674430847,3.0442726612091064,0.72442227602005,-0.7976808547973633
1779989393079511300,34.55651123046875,-0.31689560413360596,0.8523157238960266,-0.37608960270881653,0.17802219092845917,3.0533440113067627,0.7397385239601135,-0.796883761882782
1779989393095843000,34.57284301757812,-0.3283604681491852,0.8504087924957275,-0.3709426820278168,0.1771606206893921,3.0617830753326416,0.7613704800605774,-0.7906718254089355
1779989393112173600,34.589173583984376,-0.34092167019844055,0.8476524949073792,-0.3649887442588806,0.17899954319000244,3.064140796661377,0.7875573039054871,-0.7809950113296509
1779989393128510700,34.6055107421875,-0.35171234607696533,0.8444708585739136,-0.3597732186317444,0.1836591213941574,3.058420181274414,0.8127388954162598,-0.7696844339370728
1779989393144842800,34.6218427734375,-0.35861071944236755,0.8427490592002869,-0.35556018352508545,0.18641187250614166,3.053920030593872,0.8286194801330566,-0.759917676448822
1779989393161175600,34.638175537109376,-0.3681853115558624,0.8401697278022766,-0.3527050316333771,0.18480710685253143,3.064815044403076,0.8466135263442993,-0.760314404964447
1779989393177509000,34.65450903320313,-0.3832745850086212,0.8351430296897888,-0.3487218916416168,0.18447187542915344,3.077730894088745,0.8770203590393066,-0.7611466646194458
1779989393193842200,34.67084228515625,-0.3958188593387604,0.8278078436851501,-0.3481779098510742,0.19192110002040863,3.072993040084839,0.9091296792030334,-0.762745201587677
1779989393210175000,34.687175048828124,-0.40335536003112793,0.8211559057235718,-0.34894970059394836,0.20308011770248413,3.0539655685424805,0.9342689514160156,-0.7594383955001831
1779989393226506800,34.7035068359375,-0.41413113474845886,0.8148809671401978,-0.34581926465034485,0.21183381974697113,3.038285732269287,0.9639447927474976,-0.7486141920089722
1779989393242841900,34.719841796875,-0.4343929886817932,0.806797444820404,-0.33840277791023254,0.21415923535823822,3.0447616577148438,1.0082100629806519,-0.7408576607704163
1779989393259174400,34.73617431640625,-0.4616380035877228,0.798755943775177,-0.3255884051322937,0.20705462992191315,3.079864025115967,1.059889316558838,-0.7379443049430847
1779989393275507500,34.75250756835938,-0.4913734197616577,0.7914367914199829,-0.3073698580265045,0.19417446851730347,3.1296236515045166,1.113271951675415,-0.7334319949150085
1779989393291840300,34.76884033203125,-0.5176270604133606,0.7850648164749146,-0.2866973578929901,0.18313997983932495,-3.1182968616485596,1.1623854637145996,-0.7155870199203491
1779989393308173800,34.785173828125,-0.5367140173912048,0.77887362241745,-0.2695334851741791,0.18068158626556396,-3.11965274810791,1.2039530277252197,-0.6813871264457703
1779989393324507000,34.8015068359375,-0.5498362183570862,0.7728539109230042,-0.2578660249710083,0.1840711385011673,3.138686418533325,1.2370370626449585,-0.6420106887817383
1779989393340840000,34.81783984375,-0.5590639710426331,0.7671289443969727,-0.24998368322849274,0.19096781313419342,3.096979856491089,1.263735294342041,-0.5973771810531616
1779989393357172700,34.8341728515625,-0.5658147931098938,0.7616088390350342,-0.24403469264507294,0.20063059031963348,3.0365118980407715,1.2862201929092407,-0.5413896441459656
1779989393373506300,34.85050634765625,-0.5698014497756958,0.7561091780662537,-0.2407495677471161,0.21369384229183197,2.9556121826171875,1.3037618398666382,-0.4744059145450592
1779989393389839600,34.86683959960938,-0.5723996758460999,0.7498173713684082,-0.24001993238925934,0.22917897999286652,2.8616251945495605,1.3187555074691772,-0.40202417969703674
1779989393406161400,34.883161376953126,-0.5764267444610596,0.7423340082168579,-0.24008260667324066,0.2429669201374054,2.7730963230133057,1.3355913162231445,-0.33372998237609863
1779989393422505200,34.89950512695312,-0.5821715593338013,0.7342187762260437,-0.24115587770938873,0.2526717782020569,2.707106828689575,1.354733943939209,-0.28329694271087646
1779989393438822400,34.915822509765626,-0.5909143090248108,0.7252277135848999,-0.24280060827732086,0.25673526525497437,2.6754655838012695,1.3795382976531982,-0.25937238335609436
1779989393455175200,34.93217504882813,-0.6022162437438965,0.7157687544822693,-0.24362044036388397,0.25624164938926697,2.668396234512329,1.409043550491333,-0.2518081068992615
1779989393471505000,34.9485048828125,-0.6133583188056946,0.7070170640945435,-0.2427895963191986,0.25489571690559387,2.6525890827178955,1.4371423721313477,-0.2319144457578659
1779989393487851000,34.96485107421875,-0.6221055388450623,0.7001988887786865,-0.240696519613266,0.25450241565704346,2.6082844734191895,1.4585846662521362,-0.1833508163690567
1779989393504181000,34.98118090820312,-0.6281226277351379,0.6950895190238953,-0.23936715722084045,0.2549821436405182,2.5549702644348145,1.4735121726989746,-0.1284593939781189
1779989393520504600,34.99750463867188,-0.6333622336387634,0.690306544303894,-0.2389552891254425,0.25540074706077576,2.503011703491211,1.4869493246078491,-0.07628285884857178
1779989393536837000,35.013837158203124,-0.6388003826141357,0.6854207515716553,-0.2384253442287445,0.25551101565361023,2.433290958404541,1.5005635023117065,-0.005732355639338493
1779989393553169200,35.030169189453126,-0.642910897731781,0.6816154718399048,-0.2383437603712082,0.2554571330547333,2.3684322834014893,1.5109425783157349,0.059457991272211075
1779989393569493200,35.0464931640625,-0.6445754170417786,0.680229127407074,-0.23801809549331665,0.25526130199432373,2.3346896171569824,1.5147812366485596,0.09402875602245331
1779989393585824000,35.06282397460937,-0.6449058651924133,0.6811717748641968,-0.2362900823354721,0.25351226329803467,2.344419240951538,1.5140124559402466,0.08953729271888733
1779989393602169600,35.07916967773438,-0.6449233293533325,0.6836187243461609,-0.23322267830371857,0.2496930956840515,2.3905346393585205,1.5113153457641602,0.05377056822180748
1779989393618500400,35.095500244140624,-0.6446430087089539,0.6870485544204712,-0.22939299046993256,0.24449655413627625,2.4575512409210205,1.5071252584457397,0.00027868617326021194
1779989393634823200,35.1118232421875,-0.6444823741912842,0.6910042762756348,-0.22422848641872406,0.23848949372768402,2.5106096267700195,1.5019696950912476,-0.036085039377212524
1779989393651169300,35.128169189453125,-0.6449419856071472,0.6945691704750061,-0.21811187267303467,0.23248837888240814,2.5351219177246094,1.4977130889892578,-0.04252903535962105
1779989393667501300,35.14450122070313,-0.646695613861084,0.6967286467552185,-0.21128243207931519,0.2274063527584076,2.514206886291504,1.496437668800354,-0.003872447879984975
1779989393683834400,35.16083447265625,-0.6494977474212646,0.6968622803688049,-0.20488929748535156,0.22484669089317322,2.4338490962982178,1.498093605041504,0.08981903642416
1779989393700168200,35.17716821289063,-0.6526888012886047,0.6944674253463745,-0.20074960589408875,0.22674201428890228,2.2777700424194336,1.5011974573135376,0.24926650524139404
1779989393716501500,35.19350146484375,-0.657200276851654,0.6897978186607361,-0.1966988742351532,0.23146581649780273,2.0162370204925537,1.5033856630325317,0.5098261833190918
1779989393732834600,35.20983447265625,-0.6627138257026672,0.6834797263145447,-0.19224974513053894,0.23813043534755707,1.686387300491333,1.4995625019073486,0.836347222328186
1779989393749168400,35.22616845703125,-0.6686424612998962,0.675658643245697,-0.18947288393974304,0.24597316980361938,1.3810898065567017,1.4902584552764893,1.1339952945709229
1779989393765499000,35.242498779296874,-0.675165057182312,0.6667053699493408,-0.18866091966629028,0.25310730934143066,1.1222344636917114,1.4788424968719482,1.3832764625549316
1779989393781838300,35.25883837890625,-0.6825644969940186,0.6577585339546204,-0.18789821863174438,0.2572037875652313,0.9064551591873169,1.4666485786437988,1.5938843488693237
1779989393798168000,35.27516796875,-0.6909977793693542,0.6493672728538513,-0.18618132174015045,0.25725623965263367,0.7214393615722656,1.45424222946167,1.7811566591262817
1779989393814504400,35.29150439453125,-0.6983222961425781,0.6414057612419128,-0.18574529886245728,0.2577660083770752,0.5823201537132263,1.4408864974975586,1.9198920726776123
1779989393830839300,35.30783935546875,-0.7019622921943665,0.6358463168144226,-0.18697349727153778,0.2607479989528656,0.517139732837677,1.430583119392395,1.9785525798797607
1779989393847167700,35.324167724609374,-0.7009779214859009,0.6355259418487549,-0.18757645785808563,0.2637266516685486,0.5351536273956299,1.4286704063415527,1.9551337957382202
1779989393863500500,35.34050048828125,-0.6956098675727844,0.6405230760574341,-0.18729053437709808,0.2660439610481262,0.633315920829773,1.4347751140594482,1.8540760278701782
1779989393879833900,35.35683374023437,-0.6864896416664124,0.6491416096687317,-0.1877840906381607,0.2684853971004486,0.8081711530685425,1.4449559450149536,1.6750550270080566
1779989393896168400,35.37316845703125,-0.6744582056999207,0.6595543026924133,-0.19103717803955078,0.2712916135787964,1.0535645484924316,1.455295205116272,1.4207974672317505
1779989393912500000,35.3895,-0.6602118611335754,0.671043336391449,-0.19745683670043945,0.273554265499115,1.3721187114715576,1.4620400667190552,1.0893441438674927
1779989393928833300,35.405833251953126,-0.6433872580528259,0.6847586035728455,-0.20581471920013428,0.27349385619163513,1.7731350660324097,1.4585591554641724,0.675780713558197
1779989393945166300,35.422166259765625,-0.6241950392723083,0.7017556428909302,-0.2138088196516037,0.2687106430530548,2.176605463027954,1.4363089799880981,0.26697197556495667
1779989393961498400,35.43849829101563,-0.6038006544113159,0.7217763662338257,-0.2197507619857788,0.257241815328598,2.488487720489502,1.3955076932907104,-0.037718478590250015
1779989393977833000,35.4548330078125,-0.5839754343032837,0.7432069778442383,-0.2226570099592209,0.23883062601089478,2.7057249546051025,1.343964695930481,-0.2334163933992386
1779989393994165500,35.47116552734375,-0.5655872225761414,0.7633680105209351,-0.22256045043468475,0.21873998641967773,2.8402976989746094,1.2901192903518677,-0.3399235010147095
1779989394010499000,35.4874990234375,-0.5503759384155273,0.7796903848648071,-0.22123686969280243,0.20055830478668213,2.924433708190918,1.2437254190444946,-0.39702388644218445
1779989394026829300,35.503829345703124,-0.5381391048431396,0.7910337448120117,-0.22240358591079712,0.1876392811536789,2.9789702892303467,1.2077959775924683,-0.4358411431312561
1779989394043168300,35.520168212890624,-0.5282837152481079,0.7974416613578796,-0.2279655486345291,0.18175485730171204,3.0118789672851562,1.1821386814117432,-0.46977055072784424
1779989394059498200,35.536498291015626,-0.5180725455284119,0.803536057472229,-0.2353784143924713,0.17472128570079803,3.0500826835632324,1.1550897359848022,-0.5102547407150269
1779989394075831800,35.552831787109376,-0.502011239528656,0.8124222159385681,-0.2461743801832199,0.16538813710212708,3.092759609222412,1.113204002380371,-0.5580485463142395
1779989394092164600,35.56916455078125,-0.47955045104026794,0.8222064971923828,-0.2609180510044098,0.16102711856365204,3.1118016242980957,1.0605183839797974,-0.5971080660820007
1779989394108497000,35.58549682617188,-0.4547199010848999,0.8316585421562195,-0.2753075659275055,0.1605602204799652,3.1104063987731934,1.0060983896255493,-0.6221982836723328
1779989394124831200,35.601831298828124,-0.4288325905799866,0.8406333923339844,-0.2883998453617096,0.16206109523773193,3.098289728164673,0.9517958164215088,-0.6386625170707703
1779989394141164300,35.61816430664062,-0.4022581875324249,0.8490296006202698,-0.3013246953487396,0.16291238367557526,3.0867552757263184,0.8966453671455383,-0.6556941270828247
1779989394157497600,35.63449755859375,-0.3760755956172943,0.8564689755439758,-0.3141953945159912,0.16220185160636902,3.079193353652954,0.842215895652771,-0.6752563714981079
1779989394173831200,35.6508310546875,-0.3508599102497101,0.862631618976593,-0.3269857168197632,0.16076195240020752,3.0734686851501465,0.7901508212089539,-0.6962270140647888
1779989394190162400,35.66716235351562,-0.32731735706329346,0.8675134181976318,-0.33842724561691284,0.16047067940235138,3.0642848014831543,0.7430263757705688,-0.7137740850448608
1779989394206495700,35.68349584960937,-0.30585768818855286,0.8714519739151001,-0.34758248925209045,0.1618916392326355,3.0504045486450195,0.701837420463562,-0.7256354689598083
1779989394222816800,35.69981665039062,-0.2877453863620758,0.8749566078186035,-0.3536893129348755,0.1629648357629776,3.037490129470825,0.6672234535217285,-0.7321993708610535
1779989394239163100,35.7161630859375,-0.27243661880493164,0.8780556321144104,-0.3576284646987915,0.16400760412216187,3.025350332260132,0.6381824612617493,-0.7351173162460327
1779989394255496400,35.73249633789062,-0.2601630985736847,0.8805082440376282,-0.3599691390991211,0.16565801203250885,3.0133399963378906,0.6155590415000916,-0.735353410243988
1779989394271829500,35.74882958984375,-0.2519686222076416,0.8821656703948975,-0.3608231842517853,0.167636439204216,3.0030019283294678,0.6010761857032776,-0.7335001826286316
1779989394288162600,35.76516259765625,-0.24833956360816956,0.8827384114265442,-0.3608331084251404,0.1699998378753662,2.9949915409088135,0.5957393050193787,-0.7309998869895935
1779989394304495600,35.78149560546875,-0.25013279914855957,0.882087230682373,-0.36035555601119995,0.17175431549549103,2.9922821521759033,0.600509762763977,-0.7293626666069031
1779989394320828400,35.797828369140625,-0.2565680742263794,0.8803777098655701,-0.35925447940826416,0.17333301901817322,2.9931721687316895,0.6141878366470337,-0.7277396321296692
1779989394337161200,35.8141611328125,-0.2657907009124756,0.8780699372291565,-0.35710933804512024,0.1755605936050415,2.994032859802246,0.6337295770645142,-0.7240691781044006
1779989394353495600,35.83049560546875,-0.2770460247993469,0.8748672604560852,-0.35466232895851135,0.1790735125541687,2.993375062942505,0.6583066582679749,-0.7195782661437988
1779989394369842700,35.8468427734375,-0.29099562764167786,0.8698735237121582,-0.35307577252388,0.18433429300785065,2.9916701316833496,0.6898568272590637,-0.7171989679336548
1779989394386167600,35.86316748046875,-0.30836570262908936,0.8631551265716553,-0.35205793380737305,0.18954965472221375,2.993495464324951,0.7285652160644531,-0.7179926633834839
1779989394402489300,35.8794892578125,-0.3213832974433899,0.8603107333183289,-0.35135534405708313,0.1820102483034134,3.0220677852630615,0.7489628791809082,-0.7284383773803711
1779989394418828300,35.895828369140624,-0.33657506108283997,0.8542894124984741,-0.3538137674331665,0.17810887098312378,3.0486998558044434,0.7769386172294617,-0.7472686767578125
1779989394435161300,35.91216137695312,-0.35150662064552307,0.8469972610473633,-0.3538447320461273,0.18393681943416595,3.050154685974121,0.8119356632232666,-0.7521246075630188
1779989394451493000,35.9284931640625,-0.35599127411842346,0.8382270932197571,-0.3594987094402313,0.20348556339740753,3.01395845413208,0.8377039432525635,-0.7534206509590149
1779989394467827700,35.94482763671875,-0.3603246212005615,0.830357551574707,-0.36394524574279785,0.21958217024803162,2.9839026927948,0.8605914115905762,-0.753667414188385
1779989394484160800,35.96116088867188,-0.3731110990047455,0.8239585757255554,-0.36256393790245056,0.2245613932609558,2.9826390743255615,0.890985906124115,-0.7530336380004883
1779989394500494300,35.97749438476563,-0.39473041892051697,0.8170917630195618,-0.35666048526763916,0.2221311628818512,3.0043652057647705,0.9331729412078857,-0.7539417743682861
1779989394516827600,35.99382763671875,-0.4204433858394623,0.8119996786117554,-0.3443082869052887,0.2129221111536026,3.04070782661438,0.9780713319778442,-0.7483710050582886
1779989394533160200,36.01016015625,-0.444273978471756,0.8090277910232544,-0.32761067152023315,0.2019062489271164,3.0737247467041016,1.0181784629821777,-0.7316306233406067
1779989394549494800,36.02649487304687,-0.4642537236213684,0.8060150742530823,-0.31045401096343994,0.19602662324905396,3.085275888442993,1.0554163455963135,-0.7024866342544556
1779989394565830700,36.04283056640625,-0.48019468784332275,0.8028289675712585,-0.2950587570667267,0.1944712996482849,3.0793161392211914,1.088192105293274,-0.666714608669281
1779989394582158600,36.05915869140625,-0.4935077726840973,0.7993187308311462,-0.2810877561569214,0.19628889858722687,3.0583677291870117,1.118140697479248,-0.6242160797119141
1779989394598492000,36.075491943359374,-0.5045859217643738,0.7949767112731934,-0.26953423023223877,0.20188240706920624,3.0224902629852295,1.1459364891052246,-0.5768739581108093
1779989394614827800,36.09182788085938,-0.5135593414306641,0.7896171808242798,-0.26125216484069824,0.21097107231616974,2.974111318588257,1.1713175773620605,-0.5278107523918152
1779989394631160000,36.10816015625,-0.521342933177948,0.7826474905014038,-0.2571446895599365,0.2225784957408905,2.920590877532959,1.1958444118499756,-0.4840412735939026
1779989394647492600,36.12449267578125,-0.5294322371482849,0.7740478515625,-0.25600379705429077,0.23454932868480682,2.8691296577453613,1.2217602729797363,-0.44742876291275024
1779989394663826000,36.140825927734376,-0.538953959941864,0.7647600769996643,-0.25545501708984375,0.24374879896640778,2.8277018070220947,1.2496514320373535,-0.41748204827308655
1779989394680159500,36.157159423828126,-0.5493775606155396,0.7558075189590454,-0.25509896874427795,0.2487243115901947,2.8040692806243896,1.2776727676391602,-0.39926472306251526
1779989394696491800,36.17349169921875,-0.5602409839630127,0.7470563650131226,-0.2552982270717621,0.25071847438812256,2.7967915534973145,1.3057454824447632,-0.39382123947143555
1779989394712823600,36.18982348632812,-0.5713185667991638,0.7377768158912659,-0.2564752995967865,0.25199395418167114,2.798030376434326,1.3347563743591309,-0.3973928987979889
1779989394729150500,36.206150390625,-0.5823952555656433,0.7280750870704651,-0.2572724521160126,0.25403445959091187,2.791811943054199,1.364357590675354,-0.394227534532547
1779989394745489200,36.2224892578125,-0.5924961566925049,0.7182523012161255,-0.2575441002845764,0.2583272159099579,2.7604143619537354,1.3927114009857178,-0.3687237799167633
1779989394761825300,36.2388251953125,-0.600950300693512,0.7096585035324097,-0.25657594203948975,0.2634623944759369,2.700592279434204,1.4165996313095093,-0.3144740164279938
1779989394778161400,36.255161376953126,-0.6083667278289795,0.7024236917495728,-0.2554168403148651,0.2669331133365631,2.640547752380371,1.4366873502731323,-0.257379949092865
1779989394794492200,36.2714921875,-0.6160131096839905,0.696519672870636,-0.2529939115047455,0.26717472076416016,2.589916229248047,1.455126166343689,-0.2029642015695572
1779989394810825000,36.28782495117188,-0.6227632164955139,0.6930277347564697,-0.24851670861244202,0.2647980749607086,2.5419366359710693,1.4687503576278687,-0.14426234364509583
1779989394827160000,36.30416015625,-0.6279538869857788,0.6910194158554077,-0.24428220093250275,0.26171064376831055,2.5056567192077637,1.4782342910766602,-0.09668703377246857
1779989394843490800,36.32049072265625,-0.6316742897033691,0.689991295337677,-0.24097630381584167,0.2585151195526123,2.4881153106689453,1.4846478700637817,-0.0691889226436615
1779989394859825400,36.33682543945312,-0.634120762348175,0.6902083158493042,-0.2380799502134323,0.25460055470466614,2.49898624420166,1.4880858659744263,-0.06970848143100739
1779989394876159700,36.35315966796875,-0.6350990533828735,0.6919844150543213,-0.23549136519432068,0.24970123171806335,2.5462934970855713,1.4878538846969604,-0.10572294890880585
1779989394892490800,36.36949072265625,-0.6346873044967651,0.6949567198753357,-0.23341237008571625,0.24438877403736115,2.616469144821167,1.4841340780258179,-0.16482794284820557
1779989394908824800,36.38582495117188,-0.6338353753089905,0.6985481381416321,-0.23108236491680145,0.23850412666797638,2.68855619430542,1.4786466360092163,-0.2246588170528412
1779989394925152000,36.402152099609374,-0.631653368473053,0.7024933695793152,-0.22916942834854126,0.23451758921146393,2.731746196746826,1.4702861309051514,-0.2591400146484375
1779989394941495800,36.41849584960938,-0.6284120678901672,0.7064887881278992,-0.2275199294090271,0.23282335698604584,2.741690158843994,1.460070013999939,-0.2642602324485779
1779989394957823700,36.43482373046875,-0.6262600421905518,0.7095268964767456,-0.2248183935880661,0.2320057600736618,2.725968837738037,1.4525326490402222,-0.24341636896133423
1779989394974157300,36.4511572265625,-0.6268153190612793,0.7105152010917664,-0.22043637931346893,0.23168650269508362,2.6819684505462646,1.4512927532196045,-0.19240598380565643
1779989394990488800,36.46748876953125,-0.6296947598457336,0.7087373733520508,-0.2157372534275055,0.23373790085315704,2.5936896800994873,1.4560892581939697,-0.10007412731647491
1779989395006823700,36.48382373046875,-0.6357594728469849,0.7038402557373047,-0.20973894000053406,0.237546905875206,2.431563377380371,1.4667483568191528,0.06551844626665115
1779989395023153400,36.5001533203125,-0.6429731249809265,0.6972848773002625,-0.20377717912197113,0.2425989955663681,2.19950795173645,1.476349115371704,0.29908961057662964
1779989395039493000,36.5164931640625,-0.6486247777938843,0.6898201704025269,-0.2007940709590912,0.25122883915901184,1.9300066232681274,1.478670597076416,0.5601969361305237
1779989395055823000,36.532822998046875,-0.6530734300613403,0.6818444728851318,-0.19988234341144562,0.26197394728660583,1.6716194152832031,1.4739795923233032,0.8037950992584229
1779989395072156200,36.54915625,-0.6578606367111206,0.6735071539878845,-0.19947300851345062,0.27169474959373474,1.444002389907837,1.4662423133850098,1.017305612564087
1779989395088489700,36.56548974609375,-0.6648318767547607,0.6637503504753113,-0.19928571581840515,0.27878180146217346,1.2117851972579956,1.45830237865448,1.2389934062957764
1779989395104822800,36.58182275390625,-0.6743731498718262,0.6509965062141418,-0.1999628245830536,0.2853756546974182,0.952622652053833,1.4454799890518188,1.4869186878204346
1779989395121156000,36.59815600585937,-0.6837685108184814,0.6371920704841614,-0.20030511915683746,0.29381081461906433,0.7507147789001465,1.422927737236023,1.6749893426895142
1779989395137489700,36.61448974609375,-0.6885021328926086,0.6267737150192261,-0.20020648837089539,0.30501943826675415,0.6718060970306396,1.3985590934753418,1.73629891872406
1779989395153821200,36.6308212890625,-0.688284695148468,0.6210229396820068,-0.20042382180690765,0.3168991804122925,0.6708181500434875,1.3802951574325562,1.7182047367095947
1779989395170155500,36.64715551757813,-0.6849804520606995,0.6190077066421509,-0.2008194625377655,0.32757094502449036,0.7059014439582825,1.368369698524475,1.6657094955444336
1779989395186487600,36.66348754882812,-0.6796771287918091,0.620015561580658,-0.20186135172843933,0.3359641432762146,0.759842574596405,1.3628512620925903,1.5970429182052612
1779989395202820600,36.67982055664063,-0.6719438433647156,0.6244395971298218,-0.20440328121185303,0.34173959493637085,0.8390641808509827,1.3649193048477173,1.5050941705703735
1779989395219156200,36.69615625,-0.6616377234458923,0.6310341358184814,-0.21010756492614746,0.3462461233139038,0.9432477951049805,1.3731417655944824,1.385490894317627
1779989395235488800,36.71248876953125,-0.6485559940338135,0.6373195052146912,-0.22206299006938934,0.3519761562347412,1.0646477937698364,1.3861242532730103,1.2372031211853027
1779989395251821800,36.72882177734375,-0.6311654448509216,0.6432995200157166,-0.2406042218208313,0.36042430996894836,1.2310575246810913,1.4002727270126343,1.0292073488235474
1779989395268155000,36.74515478515625,-0.6085878610610962,0.6508663296699524,-0.2640073895454407,0.36918017268180847,1.4871746301651,1.4103199243545532,0.7227320075035095
1779989395284486700,36.761486572265625,-0.5833510756492615,0.6604322791099548,-0.28929030895233154,0.3739544153213501,1.8194565773010254,1.4086964130401611,0.34235507249832153
1779989395300808200,36.77780810546875,-0.5599802732467651,0.6713517904281616,-0.3126702606678009,0.37141111493110657,2.1491382122039795,1.3924925327301025,-0.021752148866653442
1779989395317154800,36.79415478515625,-0.5403335094451904,0.6837777495384216,-0.33177509903907776,0.36112749576568604,2.4246747493743896,1.36336088180542,-0.3132392466068268
1779989395333487900,36.81048779296875,-0.5238655805587769,0.6946713328361511,-0.3477090895175934,0.3494209945201874,2.611915349960327,1.3286373615264893,-0.5096331238746643
1779989395349808000,36.82680810546875,-0.5126374363899231,0.6956153512001038,-0.3650203049182892,0.34652888774871826,2.710085391998291,1.3099695444107056,-0.6329394578933716
1779989395366168000,36.84316796875,-0.5037313103675842,0.6900779604911804,-0.3836313784122467,0.3505341708660126,2.7660112380981445,1.3023325204849243,-0.7271375060081482
1779989395382487000,36.859487060546876,-0.4904246926307678,0.6915141344070435,-0.3998229205608368,0.3484731614589691,2.8271985054016113,1.2762237787246704,-0.8144243359565735
1779989395398821000,36.87582104492188,-0.46590784192085266,0.6990129351615906,-0.41956111788749695,0.3439175486564636,2.87522029876709,1.2224547863006592,-0.8939390778541565
1779989395415154200,36.892154296875,-0.4319794178009033,0.7069038152694702,-0.443489134311676,0.3420499861240387,2.8912570476531982,1.153348445892334,-0.9572849273681641
1779989395431477200,36.90847729492187,-0.39655601978302,0.7122085690498352,-0.46809613704681396,0.34115728735923767,2.893456220626831,1.084885597229004,-1.0128488540649414
1779989395447820500,36.924820556640626,-0.36460164189338684,0.7135546803474426,-0.49189311265945435,0.3405092656612396,2.8934414386749268,1.0261579751968384,-1.066791296005249
1779989395464140500,36.941140625,-0.3375701606273651,0.7147942781448364,-0.513422429561615,0.3339357376098633,2.9078006744384766,0.9710639119148254,-1.1220089197158813
1779989395480487200,36.957487060546875,-0.3123418390750885,0.71537184715271,-0.5353473424911499,0.3226281404495239,2.931605815887451,0.9145979881286621,-1.1812655925750732
1779989395496820500,36.973820556640625,-0.28605496883392334,0.713147759437561,-0.5593938827514648,0.3109203577041626,2.95194149017334,0.8569556474685669,-1.2434790134429932
1779989395513153500,36.990153564453124,-0.25857827067375183,0.7079927325248718,-0.5846935510635376,0.30002838373184204,2.9650042057037354,0.7994781136512756,-1.3058416843414307
1779989395529478700,37.00647875976563,-0.2310129851102829,0.7018585801124573,-0.6089428663253784,0.2884719967842102,2.973170518875122,0.741782009601593,-1.363634467124939
1779989395545806800,37.02280688476562,-0.20300348103046417,0.6950140595436096,-0.6313203573226929,0.27781233191490173,2.973076343536377,0.6853676438331604,-1.414581060409546
1779989395562140000,37.03913989257813,-0.17648187279701233,0.688308596611023,-0.6505602598190308,0.26806125044822693,2.967803955078125,0.6332007050514221,-1.4573578834533691
1779989395578486800,37.05548681640625,-0.15146653354167938,0.6816191077232361,-0.6668642163276672,0.26027971506118774,2.957052230834961,0.5867138504981995,-1.4930249452590942
1779989395594818800,37.07181884765625,-0.12946316599845886,0.6746505498886108,-0.6809906363487244,0.2536488473415375,2.946078062057495,0.5470262765884399,-1.525138020515442
1779989395611153000,37.08815283203125,-0.10983783006668091,0.6668044328689575,-0.6938193440437317,0.2488420605659485,2.9340193271636963,0.5141369700431824,-1.5557498931884766
1779989395627486500,37.10448657226563,-0.09377889335155487,0.6582301259040833,-0.7051488757133484,0.24638137221336365,2.922081708908081,0.4903416037559509,-1.5844662189483643
1779989395643819800,37.12081982421875,-0.08324575424194336,0.6487630009651184,-0.7154142260551453,0.24568139016628265,2.9148433208465576,0.47747886180877686,-1.613025188446045
1779989395660155100,37.13715502929688,-0.07771117985248566,0.638504147529602,-0.7247962951660156,0.24686813354492188,2.9117822647094727,0.47472742199897766,-1.641392469406128
1779989395676483000,37.15348315429687,-0.07693185657262802,0.6277247071266174,-0.733073353767395,0.2502933144569397,2.912249803543091,0.48199835419654846,-1.6687216758728027
1779989395692819500,37.1698193359375,-0.07891326397657394,0.6165981292724609,-0.7401843667030334,0.2563331723213196,2.9128878116607666,0.49699148535728455,-1.6942012310028076
1779989395709162800,37.18616284179687,-0.08308286964893341,0.6048319339752197,-0.7465755343437195,0.26438742876052856,2.914296865463257,0.5181487202644348,-1.7193214893341064
1779989395725483000,37.20248291015625,-0.08903205394744873,0.5914883613586426,-0.753045380115509,0.27411216497421265,2.9173617362976074,0.54469895362854,-1.7470980882644653
1779989395741822200,37.218822265625,-0.09626585245132446,0.5752696394920349,-0.7602781653404236,0.28596290946006775,2.9219048023223877,0.5770814418792725,-1.7806479930877686
1779989395758146300,37.23514624023438,-0.10449276119470596,0.5558387041091919,-0.7680292129516602,0.30042579770088196,2.9274516105651855,0.6158270835876465,-1.8203163146972656
1779989395774491000,37.25149096679687,-0.11239656805992126,0.533237874507904,-0.7768018245697021,0.31559988856315613,2.935713291168213,0.6562944650650024,-1.8681281805038452
1779989395790817800,37.26781787109375,-0.12232691049575806,0.508820116519928,-0.7877764105796814,0.3248792588710785,2.96189022064209,0.6897562742233276,-1.929918885231018
1779989395807150000,37.28415014648437,-0.13386473059654236,0.4831223785877228,-0.8006712794303894,0.3280220329761505,3.0054686069488525,0.7136821150779724,-2.004951238632202
1779989395823483400,37.3004833984375,-0.13395246863365173,0.4600636065006256,-0.8108324408531189,0.33607885241508484,3.017594575881958,0.7318681478500366,-2.0618226528167725
1779989395839821000,37.31682104492187,-0.1228744313120842,0.44317054748535156,-0.8173496127128601,0.34704670310020447,2.9961917400360107,0.7426270842552185,-2.0912156105041504
1779989395856154600,37.333154541015624,-0.10938356816768646,0.430159330368042,-0.8201716542243958,0.3609938323497772,2.9603004455566406,0.756332516670227,-2.103330612182617
1779989395872484400,37.349484375,-0.10170923173427582,0.4243621826171875,-0.8198394775390625,0.3707226812839508,2.9346840381622314,0.7672929167747498,-2.1025424003601074
1779989395888819200,37.36581909179687,-0.10521581023931503,0.4221348464488983,-0.8163083791732788,0.379963755607605,2.9286305904388428,0.7883142232894897,-2.09822940826416
1779989395905148400,37.3821484375,-0.12307686358690262,0.42560920119285583,-0.8089405298233032,0.3864246606826782,2.950514078140259,0.8182552456855774,-2.089869260787964
1779989395921483800,37.39848388671875,-0.14132772386074066,0.4322899878025055,-0.8002875447273254,0.3907580077648163,2.9726946353912354,0.8444811701774597,-2.0750417709350586
1779989395937819000,37.41481884765625,-0.16018550097942352,0.4361186921596527,-0.7915112376213074,0.3970530033111572,2.9961936473846436,0.8761242032051086,-2.066178321838379
1779989395954152000,37.43115185546875,-0.17988818883895874,0.43815699219703674,-0.7821505069732666,0.40484482049942017,3.0213944911956787,0.912339985370636,-2.0612852573394775
1779989395970485000,37.447485107421876,-0.19793346524238586,0.44029513001441956,-0.7726919651031494,0.4122011065483093,3.043771505355835,0.9463847279548645,-2.055614948272705
1779989395986816500,37.46381640625,-0.2138003557920456,0.4416733980178833,-0.7632244825363159,0.42035987973213196,3.0607707500457764,0.9800366163253784,-2.049252510070801
1779989396003152600,37.48015258789062,-0.22852782905101776,0.4432482123374939,-0.7528799772262573,0.4295090436935425,3.072106122970581,1.0147082805633545,-2.038762092590332
1779989396019484400,37.496484375,-0.2433057278394699,0.44581401348114014,-0.7414359450340271,0.43854886293411255,3.0808346271514893,1.049651861190796,-2.0236804485321045
1779989396035801600,37.512801513671874,-0.25819501280784607,0.44968101382255554,-0.729055643081665,0.44676652550697327,3.0874650478363037,1.0835942029953003,-2.0036489963531494
1779989396052149800,37.529149658203124,-0.27219319343566895,0.4540949761867523,-0.7158595323562622,0.45525142550468445,3.0873358249664307,1.1174700260162354,-1.9770987033843994
1779989396068484900,37.54548486328125,-0.2844635844230652,0.45932671427726746,-0.7022099494934082,0.46368157863616943,3.07686448097229,1.1494204998016357,-1.9411375522613525
1779989396084818200,37.561818115234374,-0.294840544462204,0.4650003910064697,-0.6884171962738037,0.4721498489379883,3.054633378982544,1.1791296005249023,-1.8952677249908447
1779989396101150500,37.578150390625,-0.3005583882331848,0.4694841206073761,-0.6759725213050842,0.4819858968257904,3.0119879245758057,1.2049833536148071,-1.838291883468628
1779989396117484800,37.59448486328125,-0.2979266941547394,0.4706234037876129,-0.6676485538482666,0.49396225810050964,2.9435551166534424,1.2226563692092896,-1.7745476961135864
1779989396133817600,37.61081762695313,-0.28633779287338257,0.46719714999198914,-0.6649618148803711,0.5075069069862366,2.858344793319702,1.2300270795822144,-1.7159051895141602
1779989396150151200,37.62715112304687,-0.2697415053844452,0.46010273694992065,-0.6656820178031921,0.5219315886497498,2.768629789352417,1.231829047203064,-1.66653573513031
1779989396166483000,37.64348291015625,-0.25444528460502625,0.4506954550743103,-0.666477620601654,0.5365993976593018,2.6855685710906982,1.236427664756775,-1.6252750158309937
1779989396182815700,37.65981567382813,-0.24568037688732147,0.439701110124588,-0.6657477617263794,0.550530731678009,2.6198275089263916,1.2503060102462769,-1.5935193300247192
1779989396199152000,37.676152099609375,-0.24125126004219055,0.42702561616897583,-0.6648521423339844,0.5633992552757263,2.5689399242401123,1.2703189849853516,-1.5723541975021362
1779989396215484400,37.692484375,-0.2357076108455658,0.41028717160224915,-0.6658555269241333,0.5768386721611023,2.5217156410217285,1.2927664518356323,-1.5629383325576782
1779989396231817200,37.708817138671876,-0.228487029671669,0.3914881646633148,-0.6671799421310425,0.591102123260498,2.465280294418335,1.3157155513763428,-1.549674153327942
1779989396248151000,37.72515112304688,-0.22165273129940033,0.3733123242855072,-0.6681143045425415,0.6042609214782715,2.4066951274871826,1.3375542163848877,-1.5319054126739502
1779989396264483300,37.7414833984375,-0.2198350876569748,0.359120637178421,-0.666778564453125,0.6149075031280518,2.3515713214874268,1.3602118492126465,-1.5030142068862915
1779989396280817400,37.7578173828125,-0.21797263622283936,0.3470364511013031,-0.6652780771255493,0.6240662932395935,2.2928860187530518,1.378899097442627,-1.4668664932250977
1779989396297155300,37.7741552734375,-0.21201731264591217,0.33494099974632263,-0.6651638150215149,0.6327877640724182,2.227149486541748,1.3907849788665771,-1.4295127391815186
1779989396313482800,37.79048266601563,-0.2057061791419983,0.3241230547428131,-0.6654804348945618,0.6401289701461792,2.1672046184539795,1.3993252515792847,-1.3961949348449707
1779989396329817300,37.8068173828125,-0.199141725897789,0.31372493505477905,-0.6667243838310242,0.6460634469985962,2.121631383895874,1.4059524536132812,-1.3767565488815308
1779989396346137600,37.8231376953125,-0.19234098494052887,0.3040793240070343,-0.6690074801445007,0.6503612995147705,2.0960183143615723,1.4104180335998535,-1.3762757778167725
1779989396362483000,37.83948291015625,-0.1859966665506363,0.295587956905365,-0.6714468002319336,0.6535995006561279,2.0808370113372803,1.4136079549789429,-1.3836289644241333
1779989396378817800,37.85581787109375,-0.17969553172588348,0.288052499294281,-0.6733105182647705,0.6568016409873962,2.0601444244384766,1.4156335592269897,-1.3838378190994263
1779989396395150000,37.87215014648437,-0.17369084060192108,0.28137102723121643,-0.6740882396697998,0.6605050563812256,2.0248892307281494,1.4171559810638428,-1.367666244506836
1779989396411484000,37.88848388671875,-0.16845227777957916,0.274830162525177,-0.6740045547485352,0.6646879315376282,1.9779207706451416,1.41963529586792,-1.3383865356445312
1779989396427816400,37.90481640625,-0.16356885433197021,0.2676990032196045,-0.6735698580741882,0.6692429184913635,1.9230868816375732,1.4232728481292725,-1.3015635013580322
1779989396444150500,37.921150634765624,-0.15949560701847076,0.25995609164237976,-0.6724610328674316,0.674373984336853,1.8536720275878906,1.4285790920257568,-1.2498432397842407
1779989396460483300,37.9374833984375,-0.15543004870414734,0.25136762857437134,-0.6705952286720276,0.6804100871086121,1.7613191604614258,1.434306025505066,-1.1763743162155151
1779989396476815600,37.953815673828124,-0.15108928084373474,0.24229110777378082,-0.6680591106414795,0.6871419548988342,1.6470451354980469,1.4389286041259766,-1.0820238590240479
1779989396493146600,37.97014672851562,-0.14667516946792603,0.23343320190906525,-0.6646103262901306,0.6944699287414551,1.512036681175232,1.44094717502594,-0.9666115641593933
1779989396509473500,37.9864736328125,-0.14219406247138977,0.22540372610092163,-0.6604946851730347,0.7019407153129578,1.3722105026245117,1.4392359256744385,-0.8451423645019531
1779989396525805300,38.00280541992188,-0.13788627088069916,0.21837958693504333,-0.6558557748794556,0.7093313932418823,1.239672303199768,1.4340242147445679,-0.7291289567947388
1779989396542149600,38.019149658203126,-0.13471627235412598,0.21289551258087158,-0.6501433849334717,0.7168267369270325,1.1136049032211304,1.4253500699996948,-0.6155737042427063
1779989396558483200,38.03548315429688,-0.13358503580093384,0.2096024602651596,-0.6429045796394348,0.7244967818260193,0.9959410429000854,1.4129244089126587,-0.504143238067627
1779989396574819300,38.0518193359375,-0.13376006484031677,0.2078811079263687,-0.6345980763435364,0.7322425246238708,0.89422607421875,1.3972104787826538,-0.4043633043766022
1779989396591148300,38.06814819335938,-0.13396954536437988,0.20670023560523987,-0.6257006525993347,0.7401527166366577,0.8105243444442749,1.3787260055541992,-0.3216603696346283
1779989396607484000,38.08448388671875,-0.13390083611011505,0.20584891736507416,-0.6166918277740479,0.7479224801063538,0.7455141544342041,1.3587486743927002,-0.25749361515045166
1779989396623800600,38.10080053710937,-0.13298675417900085,0.20444154739379883,-0.60847008228302,0.755170464515686,0.695832371711731,1.339514136314392,-0.21068406105041504
1779989396640136400,38.117136474609374,-0.13136325776576996,0.20111273229122162,-0.6014479994773865,0.7619433403015137,0.6491553783416748,1.3226780891418457,-0.17077317833900452
1779989396656482000,38.13348193359375,-0.12928549945354462,0.19617439806461334,-0.5957193970680237,0.7680619955062866,0.6044832468032837,1.3086031675338745,-0.1359560638666153
1779989396672819700,38.14981982421875,-0.1267799735069275,0.190574049949646,-0.5911154747009277,0.7734280228614807,0.5651094317436218,1.296782374382019,-0.10809065401554108
1779989396689150200,38.16615014648438,-0.12271730601787567,0.1858612447977066,-0.5868321657180786,0.7784754633903503,0.5405639410018921,1.2844620943069458,-0.096005380153656
1779989396705480400,38.18248046875,-0.11424657702445984,0.1776539534330368,-0.5843846797943115,0.7835057973861694,0.5185250639915466,1.2741777896881104,-0.09804252535104752
1779989396721820000,38.19881982421875,-0.10241144895553589,0.16714419424533844,-0.5861432552337646,0.7861367464065552,0.5069922208786011,1.2724111080169678,-0.119072824716568
1779989396738150000,38.21514990234375,-0.08796782791614532,0.15585310757160187,-0.5949707627296448,0.7835695147514343,0.5205656290054321,1.2863671779632568,-0.17044883966445923
1779989396754482200,38.23148217773438,-0.07336627691984177,0.14422686398029327,-0.6110257506370544,0.7748958468437195,0.563869297504425,1.3176348209381104,-0.2524068057537079
1779989396770816800,38.247816650390625,-0.060830164700746536,0.13166208565235138,-0.6321809887886047,0.7611255049705505,0.6396079063415527,1.3623623847961426,-0.3650358319282532
1779989396787148300,38.264148193359375,-0.052455272525548935,0.11725612729787827,-0.6562637090682983,0.7435170412063599,0.7594499588012695,1.416943073272705,-0.5181446075439453
1779989396803483100,38.280483154296874,-0.05038405582308769,0.10341615974903107,-0.6800172328948975,0.7241154313087463,0.9862182140350342,1.4732173681259155,-0.7680200934410095
1779989396819810800,38.29681079101562,-0.050766684114933014,0.09091532975435257,-0.7026857733726501,0.7038394808769226,1.642464280128479,1.5139893293380737,-1.4416776895523071
1779989396836156400,38.31315649414063,-0.0481523759663105,0.08142102509737015,-0.7246890664100647,0.6825523972511292,2.5650794506073,1.4948538541793823,-2.3814449310302734
1779989396852482300,38.329482421875,-0.039112478494644165,0.07185224443674088,-0.7463233470916748,0.6605369448661804,2.855722188949585,1.4408506155014038,-2.698300361633301
1779989396868816600,38.345816650390624,-0.023697879165410995,0.06112879142165184,-0.7678624987602234,0.6372509598731995,2.922787666320801,1.378351092338562,-2.802194118499756
1779989396885147100,38.36214721679688,-0.005341673269867897,0.0490083247423172,-0.787954568862915,0.6137566566467285,2.9347355365753174,1.3161334991455078,-2.8572263717651367
1779989396901486300,38.378486328125,0.0163507591933012,0.03305518254637718,-0.8041238784790039,0.5933167338371277,2.923334836959839,1.2633827924728394,-2.8994288444519043
1779989396917815000,38.39481494140625,0.04234234616160393,0.012900548055768013,-0.8151425123214722,0.5775668621063232,2.8919882774353027,1.2241168022155762,-2.9342617988586426
1779989396934149600,38.41114965820312,0.06667118519544601,-0.007535531651228666,-0.823234498500824,0.5637226104736328,2.864093542098999,1.192124843597412,-2.9709980487823486
1779989396950481700,38.427481689453124,0.06957653164863586,-0.018415605649352074,-0.8367372155189514,0.5428544282913208,2.90553879737854,1.1457401514053345,-3.032928943634033
1779989396966815200,38.443815185546875,0.06508488953113556,-0.02783322148025036,-0.8528531193733215,0.5173307061195374,2.9633090496063232,1.0887266397476196,-3.0987303256988525
1779989396983149600,38.46014965820312,0.06573376059532166,-0.04021230340003967,-0.8679508566856384,0.49063587188720703,2.9962308406829834,1.0293852090835571,3.1313045024871826
1779989396999483000,38.47648291015625,0.06841184198856354,-0.055511727929115295,-0.8814602494239807,0.4639679193496704,3.018855571746826,0.9711475372314453,3.0806338787078857
1779989397015815000,38.49281494140625,0.07061149924993515,-0.07260626554489136,-0.8930231928825378,0.43846559524536133,3.0388307571411133,0.9163311123847961,3.0300540924072266
1779989397032149500,38.5091494140625,0.07278771698474884,-0.09098715335130692,-0.902581512928009,0.4144512116909027,3.055143117904663,0.8654661178588867,2.980609655380249
1779989397048483300,38.5254833984375,0.07462912052869797,-0.11151935905218124,-0.9101397395133972,0.39196890592575073,3.070668935775757,0.8185240626335144,2.9285223484039307
1779989397064816400,38.54181640625,0.07752711325883865,-0.1335822492837906,-0.9158700704574585,0.3705770671367645,3.081378221511841,0.774716317653656,2.8765013217926025
1779989397081149200,38.558149169921876,0.08154864609241486,-0.15494689345359802,-0.9204471111297607,0.34945452213287354,3.0853145122528076,0.732297956943512,2.8296265602111816
1779989397097482800,38.574482666015626,0.0876549556851387,-0.1747518926858902,-0.9240847826004028,0.32839885354042053,3.080254554748535,0.6913430690765381,2.789886474609375
1779989397113815300,38.59081518554687,0.09456218034029007,-0.19205111265182495,-0.9265224933624268,0.3094034194946289,3.0703983306884766,0.6556315422058105,2.7570395469665527
1779989397130151000,38.60715087890625,0.10237724334001541,-0.20738625526428223,-0.927526593208313,0.2936057150363922,3.0573232173919678,0.6274933218955994,2.729004383087158
1779989397146482200,38.623482177734374,0.1119779422879219,-0.2213098108768463,-0.9272570013999939,0.28049492835998535,3.0397984981536865,0.6061960458755493,2.7048749923706055
1779989397162815200,38.63981518554687,0.12094001471996307,-0.23366573452949524,-0.9257832765579224,0.27147603034973145,3.0242507457733154,0.5933903455734253,2.683035373687744
1779989397179149600,38.65614965820313,0.1288544088602066,-0.24415335059165955,-0.9234102368354797,0.26664426922798157,3.011638641357422,0.5888012647628784,2.664069175720215
1779989397195469800,38.6724697265625,0.13409046828746796,-0.25229838490486145,-0.9204620718955994,0.26667365431785583,3.005798816680908,0.5926820039749146,2.648054599761963
1779989397211816400,38.68881640625,0.13809315860271454,-0.25806576013565063,-0.916957676410675,0.2711477279663086,3.003425359725952,0.6047254204750061,2.6360714435577393
1779989397228150000,38.70514990234375,0.14337913691997528,-0.26278647780418396,-0.9127068519592285,0.2781219184398651,2.9988794326782227,0.6224700808525085,2.626896619796753
1779989397244482800,38.72148291015625,0.14959396421909332,-0.2670013904571533,-0.9076051712036133,0.2873755991458893,2.993229866027832,0.6454159021377563,2.6190638542175293
1779989397260806100,38.73780615234375,0.15567134320735931,-0.27050793170928955,-0.9016584753990173,0.2993393838405609,2.9889962673187256,0.6738824248313904,2.612203598022461
1779989397277137200,38.75413720703125,0.16047458350658417,-0.27255895733833313,-0.8950614929199219,0.3143637478351593,2.9884371757507324,0.7078835964202881,2.607093334197998
1779989397293483000,38.77048291015625,0.15264564752578735,-0.2702733874320984,-0.8930377960205078,0.3257838189601898,3.0120675563812256,0.7266728281974792,2.6031360626220703
1779989397309816600,38.78681665039063,0.13446678221225739,-0.26696911454200745,-0.8962109684944153,0.3277990520000458,3.053698778152466,0.7199554443359375,2.595659017562866
1779989397326151400,38.8031513671875,0.13904820382595062,-0.26999884843826294,-0.8925026059150696,0.3334747552871704,3.0496556758880615,0.7346667051315308,2.58945894241333
1779989397342482700,38.819482666015624,0.1490907222032547,-0.27428749203681946,-0.8868709802627563,0.34058505296707153,3.0347352027893066,0.7558363080024719,2.584160089492798
1779989397358815500,38.8358154296875,0.16298167407512665,-0.280178427696228,-0.8793833255767822,0.34874340891838074,3.0126614570617676,0.7819807529449463,2.5779218673706055
1779989397375149800,38.85214990234375,0.179348886013031,-0.28455063700675964,-0.8726755976676941,0.3539807200431824,2.9801409244537354,0.8036414384841919,2.5799293518066406
1779989397391481900,38.86848193359375,0.18835192918777466,-0.28846290707588196,-0.8639156818389893,0.36737242341041565,2.9710755348205566,0.8381733894348145,2.5731780529022217
1779989397407816400,38.88481640625,0.18479810655117035,-0.28633299469947815,-0.8551827073097229,0.39054548740386963,2.9951648712158203,0.8848232626914978,2.5648789405822754
1779989397424136200,38.90113623046875,0.17257316410541534,-0.2759367525577545,-0.8492565155029297,0.4157413840293884,3.0349278450012207,0.9296000003814697,2.566805601119995
1779989397440481500,38.9174814453125,0.16563424468040466,-0.265275776386261,-0.8424720168113708,0.4386741816997528,3.0590598583221436,0.9737841486930847,2.575204372406006
1779989397456816400,38.93381640625,0.16568417847156525,-0.25706222653388977,-0.8358724117279053,0.4558345675468445,3.061267614364624,1.0107327699661255,2.589337110519409
1779989397473155300,38.9501552734375,0.16964523494243622,-0.25052309036254883,-0.8292098641395569,0.46996790170669556,3.050241470336914,1.0439640283584595,2.607356071472168
1779989397489471500,38.96647143554687,0.17471915483474731,-0.24367499351501465,-0.8215581774711609,0.4849100708961487,3.033700466156006,1.0799050331115723,2.6296284198760986
1779989397505816300,38.98281640625,0.1790831834077835,-0.2351873219013214,-0.8131245374679565,0.5014424920082092,3.0144031047821045,1.1190968751907349,2.6582086086273193
1779989397522136800,38.99913671875,0.18399128317832947,-0.22537831962108612,-0.804800271987915,0.5173474550247192,2.9843251705169678,1.1571418046951294,2.698333501815796
1779989397538483700,39.015483642578126,0.19270260632038116,-0.21663551032543182,-0.7966650128364563,0.5303390622138977,2.9320077896118164,1.1903462409973145,2.752762794494629
1779989397554815500,39.0318154296875,0.2077728658914566,-0.21285052597522736,-0.7876225113868713,0.5396072268486023,2.8551580905914307,1.2181521654129028,2.8142173290252686
1779989397571150800,39.04815087890625,0.22495593130588531,-0.21436594426631927,-0.7769401669502258,0.5475453734397888,2.7751874923706055,1.2445930242538452,2.8674516677856445
1779989397587484200,39.06448413085938,0.2374919354915619,-0.21768884360790253,-0.7662224173545837,0.5559787750244141,2.7161266803741455,1.2710298299789429,2.9039547443389893
1779989397603803600,39.0808037109375,0.2427549809217453,-0.2196120321750641,-0.7566810250282288,0.565928041934967,2.68455171585083,1.2982101440429688,2.9260199069976807
1779989397620149800,39.09714965820312,0.2436516135931015,-0.22062169015407562,-0.7478911280632019,0.5767311453819275,2.6707282066345215,1.3259471654891968,2.938225746154785
1779989397636481800,39.113481689453124,0.24505876004695892,-0.2224784940481186,-0.7390764355659485,0.5866989493370056,2.6554415225982666,1.3525161743164062,2.9496731758117676
1779989397652812500,39.1298125,0.24820546805858612,-0.22502128779888153,-0.730408787727356,0.5951996445655823,2.6288883686065674,1.3764864206314087,2.9685235023498535
1779989397669144000,39.14614404296875,0.25217849016189575,-0.22703616321086884,-0.7227310538291931,0.6020967364311218,2.589040756225586,1.3963068723678589,2.999992847442627
1779989397685480400,39.16248046875,0.25483638048171997,-0.2286730706691742,-0.7157576084136963,0.6086527705192566,2.5519661903381348,1.4147156476974487,3.031137228012085
1779989397701819600,39.17881958007813,0.25568142533302307,-0.22905756533145905,-0.7092207670211792,0.6157642602920532,2.513345241546631,1.433262586593628,3.0684003829956055
1779989397718150100,39.19515014648437,0.25487396121025085,-0.22761374711990356,-0.704649806022644,0.6218519806861877,2.4746787548065186,1.4474408626556396,3.11080002784729
1779989397734483700,39.21148364257812,0.2556498050689697,-0.22664010524749756,-0.701576828956604,0.6253538131713867,2.4293129444122314,1.4553934335708618,-3.1265480518341064
1779989397750816800,39.22781665039062,0.2586115002632141,-0.22680506110191345,-0.6992371082305908,0.6266952753067017,2.37743878364563,1.4587193727493286,-3.079319953918457
1779989397767149000,39.244149169921876,0.26116445660591125,-0.2261444330215454,-0.6982953548431396,0.6269254088401794,2.333054304122925,1.458309292793274,-3.0377984046936035
1779989397783482000,39.260482177734374,0.26139768958091736,-0.22376388311386108,-0.6989457011222839,0.6269576549530029,2.3091111183166504,1.455854058265686,-3.010666608810425
1779989397799817000,39.27681689453125,0.25960785150527954,-0.22005407512187958,-0.7000697255134583,0.6277598738670349,2.294402599334717,1.45417058467865,-2.987703323364258
1779989397816151600,39.29315161132813,0.2566014230251312,-0.21476753056049347,-0.7006086111068726,0.6302208304405212,2.2649455070495605,1.4549351930618286,-2.945753574371338
1779989397832483600,39.30948364257812,0.25312167406082153,-0.20870809257030487,-0.7002179026603699,0.6340861320495605,2.2169735431671143,1.4580780267715454,-2.883402109146118
1779989397848817700,39.325817626953125,0.25022876262664795,-0.20309533178806305,-0.699004590511322,0.6383811235427856,2.1539275646209717,1.4621450901031494,-2.807544708251953
1779989397865146600,39.34214672851562,0.25064659118652344,-0.19938087463378906,-0.6967845559120178,0.6418060064315796,2.066803455352783,1.4644381999969482,-2.7154507637023926
1779989397881487400,39.3584873046875,0.2542135715484619,-0.19615128636360168,-0.6940453052520752,0.644361138343811,1.954001545906067,1.4626723527908325,-2.603184938430786
1779989397897817300,39.3748173828125,0.2584728002548218,-0.191800057888031,-0.6908755898475647,0.6473758816719055,1.8243176937103271,1.458154320716858,-2.473447561264038
1779989397914148900,39.39114892578125,0.26291730999946594,-0.1863943338394165,-0.6868313550949097,0.6514555811882019,1.6799119710922241,1.4515019655227661,-2.327735424041748
1779989397930484200,39.40748413085937,0.2674463987350464,-0.1812637597322464,-0.681784451007843,0.6563428640365601,1.5343059301376343,1.4436312913894653,-2.1813933849334717
1779989397946815700,39.42381567382812,0.2708711326122284,-0.17700818181037903,-0.676167905330658,0.6618866324424744,1.3987866640090942,1.4364259243011475,-2.044790506362915
1779989397963149000,39.440149169921874,0.27270084619522095,-0.17307962477207184,-0.67067950963974,0.6677325367927551,1.2788593769073486,1.4297322034835815,-1.9218804836273193
1779989397979484400,39.456484375,0.2706616222858429,-0.1684878021478653,-0.6659257411956787,0.6744606494903564,1.1708494424819946,1.425670862197876,-1.8040653467178345
1779989397995817000,39.47281689453125,0.26718685030937195,-0.16394361853599548,-0.6626272797584534,0.6801902651786804,1.0916287899017334,1.4225552082061768,-1.7129645347595215
1779989398012150500,39.48915063476562,0.2652144432067871,-0.1606883704662323,-0.6610114574432373,0.6833040714263916,1.0538580417633057,1.4195055961608887,-1.667484998703003
1779989398028484400,39.505484375,0.2647603452205658,-0.15818502008914948,-0.6619815826416016,0.6831251382827759,1.0703046321868896,1.4169877767562866,-1.679593801498413
1779989398044817400,39.5218173828125,0.26591598987579346,-0.1565738022327423,-0.6661909818649292,0.6789426207542419,1.1503698825836182,1.4149588346481323,-1.7590311765670776
1779989398061150700,39.53815063476563,0.26810574531555176,-0.1566682606935501,-0.673196017742157,0.6711047887802124,1.2835077047348022,1.4130092859268188,-1.895614504814148
1779989398077485300,39.5544853515625,0.2701779901981354,-0.15890811383724213,-0.6824846267700195,0.6602778434753418,1.4584852457046509,1.410161018371582,-2.077083110809326
1779989398093805300,39.570805419921875,0.27096420526504517,-0.16376696527004242,-0.693790078163147,0.6468493938446045,1.6699620485305786,1.4051097631454468,-2.297107696533203
1779989398110150700,39.58715063476563,0.26794376969337463,-0.16975504159927368,-0.7077646255493164,0.6312357783317566,1.9169176816940308,1.3945131301879883,-2.5487887859344482
1779989398126483000,39.60348291015625,0.259418249130249,-0.17382477223873138,-0.7249640822410583,0.6139334440231323,2.171900749206543,1.3722078800201416,-2.7977983951568604
1779989398142819000,39.61981909179688,0.2469671070575714,-0.17433568835258484,-0.7438589334487915,0.5960605144500732,2.3801939487457275,1.3373730182647705,-2.9894676208496094
1779989398159149000,39.63614916992187,0.2309066653251648,-0.16998852789402008,-0.7623893618583679,0.5801279544830322,2.5288455486297607,1.2981799840927124,-3.1092162132263184
1779989398175484400,39.652484375,0.21106594800949097,-0.1609303057193756,-0.7786203026771545,0.5685975551605225,2.6378540992736816,1.264235258102417,3.106513738632202
1779989398191826200,39.668826171875,0.1930917352437973,-0.1522400826215744,-0.7910923957824707,0.5600994825363159,2.7163310050964355,1.237513542175293,3.066415786743164
1779989398208151300,39.6851513671875,0.18258391320705414,-0.14867164194583893,-0.7999556064605713,0.5519338846206665,2.7654073238372803,1.2149021625518799,3.037184000015259
1779989398224484400,39.701484375,0.1788676381111145,-0.15168099105358124,-0.8065078258514404,0.5427194833755493,2.7986340522766113,1.1935341358184814,3.0040335655212402
1779989398240817700,39.71781762695313,0.1759595423936844,-0.1575803905725479,-0.8143405914306641,0.5301473140716553,2.83384108543396,1.1652740240097046,2.9630038738250732
1779989398257138000,39.73413793945313,0.17411938309669495,-0.16416965425014496,-0.8248263001441956,0.5122424364089966,2.8619651794433594,1.124825358390808,2.925604820251465
1779989398273484500,39.75048461914062,0.17612123489379883,-0.17365308105945587,-0.8342995047569275,0.49271729588508606,2.8766491413116455,1.0828886032104492,2.8911001682281494
1779989398289816300,39.76681640625,0.18084639310836792,-0.1857375055551529,-0.842018723487854,0.473075807094574,2.8829989433288574,1.042877435684204,2.8564863204956055
1779989398306154000,39.783154052734375,0.1838391125202179,-0.19844652712345123,-0.849207878112793,0.4535064101219177,2.8930513858795166,1.003221035003662,2.8192543983459473
1779989398322471400,39.79947143554688,0.1825316846370697,-0.2111368030309677,-0.856374204158783,0.4344269931316376,2.9132630825042725,0.9634099006652832,2.777884006500244
1779989398338818000,39.81581811523437,0.179253488779068,-0.22447524964809418,-0.8633711934089661,0.41481253504753113,2.936124801635742,0.9218984246253967,2.7351725101470947
1779989398355143200,39.83214306640625,0.17606215178966522,-0.2382880300283432,-0.8697420358657837,0.39467674493789673,2.95516300201416,0.879532516002655,2.6946780681610107
1779989398371484700,39.84848461914063,0.17407837510108948,-0.25169920921325684,-0.8753769397735596,0.37424540519714355,2.966874361038208,0.8373060822486877,2.659534454345703
1779989398387815400,39.8648154296875,0.1727745682001114,-0.2639020085334778,-0.8801656365394592,0.3547014594078064,2.973409414291382,0.7974586486816406,2.6299796104431152
1779989398404149800,39.88114965820313,0.17049144208431244,-0.27449625730514526,-0.8842970728874207,0.3370506763458252,2.9800102710723877,0.7610807418823242,2.6043875217437744
1779989398420482300,39.897482421875,0.16682520508766174,-0.2832726836204529,-0.8879798054695129,0.32158640027046204,2.9881227016448975,0.7283490896224976,2.5825843811035156
1779989398436809700,39.913809814453124,0.16270150244235992,-0.29083266854286194,-0.890761137008667,0.30901315808296204,2.9969708919525146,0.7012217044830322,2.563389539718628
1779989398453151700,39.93015185546875,0.15950961410999298,-0.2977667450904846,-0.8921037912368774,0.30007079243659973,3.0047521591186523,0.682045042514801,2.5459163188934326
1779989398469500000,39.9465,0.1569344848394394,-0.30438560247421265,-0.8919490575790405,0.2952081859111786,3.0132009983062744,0.6714968085289001,2.528717279434204
1779989398485805800,39.96280590820312,0.15531611442565918,-0.31020388007164,-0.8902578353881836,0.2951127886772156,3.0219812393188477,0.6710546016693115,2.512772798538208
1779989398502151200,39.979151123046876,0.1547812521457672,-0.3146156668663025,-0.8870539665222168,0.30032479763031006,3.031087875366211,0.68181312084198,2.4991631507873535
1779989398518482200,39.995482177734374,0.1567968875169754,-0.3176701068878174,-0.8821858167648315,0.3102397620677948,3.0370864868164062,0.7036402225494385,2.488708257675171
1779989398534818800,40.01181884765625,0.1628922075033188,-0.3200486898422241,-0.8755843043327332,0.3230898082256317,3.035721778869629,0.7342783212661743,2.4814629554748535
1779989398551147800,40.028147705078126,0.17266717553138733,-0.3219756782054901,-0.867537260055542,0.3374861180782318,3.026653528213501,0.7708605527877808,2.477508783340454
1779989398567487200,40.0444873046875,0.18237414956092834,-0.3220692276954651,-0.8595525622367859,0.35239270329475403,3.0159575939178467,0.8085321187973022,2.478396415710449
1779989398583819000,40.06081909179687,0.18305067718029022,-0.31974294781684875,-0.8540767431259155,0.36716464161872864,3.0247232913970947,0.8393840789794922,2.477346658706665
1779989398600152000,40.07715209960938,0.17502833902835846,-0.31618884205818176,-0.8502167463302612,0.3827807307243347,3.055753231048584,0.8657432794570923,2.4691920280456543
1779989398616484400,40.093484375,0.17110629379749298,-0.3105914294719696,-0.8462308645248413,0.3976794481277466,3.0736188888549805,0.8936207294464111,2.470641851425171
1779989398632819000,40.10981884765625,0.17152638733386993,-0.30664241313934326,-0.8402191996574402,0.41301441192626953,3.0834178924560547,0.9260293245315552,2.4707696437835693
1779989398649153000,40.126153076171875,0.1774073839187622,-0.3079233765602112,-0.8326990008354187,0.4246436059474945,3.0827813148498535,0.9552468657493591,2.4636499881744385
1779989398665482800,40.142482666015624,0.1812104433774948,-0.3074657917022705,-0.8248128890991211,0.43853306770324707,3.088411331176758,0.9878556132316589,2.456603765487671
1779989398681822700,40.15882275390625,0.18153546750545502,-0.30255481600761414,-0.8161366581916809,0.4576311409473419,3.1039607524871826,1.0290857553482056,2.452850103378296
1779989398698152700,40.17515258789062,0.18043233454227448,-0.2936192750930786,-0.8061986565589905,0.4809113144874573,3.12355899810791,1.0787690877914429,2.4538466930389404
1779989398714493200,40.1914931640625,0.17568600177764893,-0.279453843832016,-0.7974694967269897,0.5050569176673889,-3.1367533206939697,1.1283973455429077,2.4644222259521484
1779989398730816000,40.20781591796875,0.1699821650981903,-0.2608657777309418,-0.7906215190887451,0.5272312164306641,-3.125309944152832,1.174160122871399,2.4933536052703857
1779989398747151400,40.2241513671875,0.16966810822486877,-0.24327413737773895,-0.7841301560401917,0.5451334714889526,3.139150857925415,1.215268611907959,2.541628837585449
1779989398763486000,40.24048583984375,0.17544904351234436,-0.23319227993488312,-0.7779382467269897,0.5564630627632141,3.099468231201172,1.2456830739974976,2.589381694793701
1779989398779819500,40.25681958007812,0.18595768511295319,-0.22971078753471375,-0.7724770307540894,0.5620781779289246,3.0446810722351074,1.2656996250152588,2.6346189975738525
1779989398796167000,40.2731669921875,0.19867576658725739,-0.23007896542549133,-0.7664560675621033,0.5658063888549805,2.9854838848114014,1.282584547996521,2.674987554550171
1779989398812486400,40.289486328125,0.21098986268043518,-0.23130975663661957,-0.7597175240516663,0.5699196457862854,2.927114486694336,1.3000214099884033,2.713805675506592
1779989398828820500,40.305820556640626,0.22170259058475494,-0.23253415524959564,-0.7522006034851074,0.5753001570701599,2.8730599880218506,1.3194929361343384,2.750753164291382
1779989398845148200,40.322148193359375,0.22969745099544525,-0.23398180305957794,-0.7432230114936829,0.5831906199455261,2.8320631980895996,1.3439096212387085,2.7785325050354004
1779989398861491000,40.338490966796876,0.23332180082798004,-0.2350899875164032,-0.7329191565513611,0.5942416787147522,2.8150482177734375,1.3743451833724976,2.7895491123199463
1779989398877820200,40.35482006835937,0.2352498322725296,-0.23577478528022766,-0.722530722618103,0.6058194637298584,2.8053293228149414,1.4055527448654175,2.7963335514068604
1779989398894153200,40.3711533203125,0.23783878982067108,-0.2354758083820343,-0.7148262858390808,0.6140092611312866,2.775982618331909,1.4280598163604736,2.8228507041931152
1779989398910486500,40.38748657226562,0.24117954075336456,-0.2336951494216919,-0.7105727195739746,0.6183085441589355,2.7174437046051025,1.4397932291030884,2.8793277740478516
1779989398926818800,40.40381884765625,0.24532528221607208,-0.23262383043766022,-0.7075885534286499,0.6204999089241028,2.6513216495513916,1.4462510347366333,2.940969705581665
1779989398943154400,40.42015454101563,0.24806691706180573,-0.23125022649765015,-0.704649806022644,0.6232614517211914,2.5914359092712402,1.4531972408294678,2.9989466667175293
1779989398959486700,40.43648681640625,0.24900680780410767,-0.22993725538253784,-0.7010135650634766,0.6274586915969849,2.541903257369995,1.4632833003997803,3.049245834350586
1779989398975817200,40.452817138671875,0.24837660789489746,-0.2291954606771469,-0.6970450282096863,0.632381796836853,2.5083539485931396,1.4753738641738892,3.085081100463867
1779989398992155000,40.46915478515625,0.24538223445415497,-0.22803401947021484,-0.6945117115974426,0.6367429494857788,2.5081870555877686,1.4854692220687866,3.0916590690612793
1779989399008486400,40.485486328125,0.24100831151008606,-0.22697517275810242,-0.6931914687156677,0.6402210593223572,2.5450830459594727,1.4932831525802612,3.0630321502685547
1779989399024820700,40.50182080078125,0.236509308218956,-0.22606749832630157,-0.6930524706840515,0.642366886138916,2.604968786239624,1.4975955486297607,3.011306047439575
1779989399041154300,40.518154296875,0.23273636400699615,-0.22453437745571136,-0.6937568187713623,0.6435211300849915,2.6502718925476074,1.498794436454773,2.973956823348999
1779989399057486600,40.53448657226563,0.2299114167690277,-0.22216732800006866,-0.6949496865272522,0.6440709829330444,2.664942979812622,1.4979993104934692,2.9670376777648926
1779989399073820700,40.55082055664062,0.22842475771903992,-0.21896322071552277,-0.6969719529151917,0.6435117125511169,2.6442971229553223,1.4939976930618286,2.9946348667144775
1779989399090158800,40.56715893554688,0.22705917060375214,-0.2139386683702469,-0.699386477470398,0.6430652141571045,2.595320224761963,1.4889897108078003,3.053072929382324
1779989399106486500,40.58348657226563,0.22537590563297272,-0.2065301239490509,-0.7014009356498718,0.6438849568367004,2.5142996311187744,1.4851759672164917,-3.1356117725372314
1779989399122819000,40.599819091796874,0.22590398788452148,-0.1970748007297516,-0.7015513181686401,0.6464941501617432,2.355182647705078,1.4828773736953735,-2.963268995285034
1779989399139154700,40.61615478515625,0.2263718992471695,-0.18909220397472382,-0.7003008723258972,0.6500604748725891,2.204737424850464,1.4822934865951538,-2.801692008972168
1779989399155487500,40.632487548828124,0.22594815492630005,-0.1818087100982666,-0.6971248984336853,0.6556751132011414,2.0320231914520264,1.4851384162902832,-2.6175355911254883
1779989399171821300,40.6488212890625,0.22696369886398315,-0.17633171379566193,-0.6921071410179138,0.6621044278144836,1.8162848949432373,1.4875407218933105,-2.395174980163574
1779989399188154000,40.66515405273437,0.23075886070728302,-0.1706358939409256,-0.6854042410850525,0.6692195534706116,1.5456844568252563,1.4827152490615845,-2.12182879447937
1779989399204488700,40.68148876953125,0.2365860491991043,-0.16528460383415222,-0.6788986921310425,0.6751330494880676,1.3350462913513184,1.4697777032852173,-1.9120749235153198
1779989399220821200,40.6978212890625,0.23922742903232574,-0.15931789577007294,-0.6732271313667297,0.6812880039215088,1.1841027736663818,1.4571528434753418,-1.7564209699630737
1779989399237153300,40.7141533203125,0.2409859299659729,-0.1539546102285385,-0.6686956286430359,0.6863453984260559,1.0871086120605469,1.4451285600662231,-1.6543163061141968
1779989399253478000,40.73047778320313,0.24320319294929504,-0.15196074545383453,-0.6618173122406006,0.6926456093788147,0.9610957503318787,1.4344884157180786,-1.5288366079330444
1779989399269818600,40.74681860351563,0.2410096377134323,-0.14897215366363525,-0.6553619503974915,0.7001588940620422,0.8376922607421875,1.4259109497070312,-1.3979594707489014
1779989399286157600,40.76315747070313,0.23706117272377014,-0.14408916234970093,-0.6514633893966675,0.7061415314674377,0.765457034111023,1.4181134700775146,-1.3128690719604492
1779989399302488300,40.77948828125,0.23366723954677582,-0.13914933800697327,-0.6507604122161865,0.7089062333106995,0.7516683340072632,1.4136985540390015,-1.28690767288208
1779989399318810000,40.79581005859375,0.2321496307849884,-0.1342541128396988,-0.6534415483474731,0.7078816890716553,0.8003564476966858,1.412217378616333,-1.3262001276016235
1779989399335155700,40.81215576171875,0.23139157891273499,-0.1301179975271225,-0.6588813662528992,0.7038484215736389,0.8936196565628052,1.4139295816421509,-1.4122406244277954
1779989399351485700,40.82848559570313,0.2311353087425232,-0.12636031210422516,-0.6677366495132446,0.6962307691574097,1.04892897605896,1.4170889854431152,-1.5615968704223633
1779989399367824600,40.84482470703125,0.23117150366306305,-0.12410707026720047,-0.6781071424484253,0.6865333318710327,1.237565040588379,1.4187705516815186,-1.7469491958618164
1779989399384156000,40.86115600585938,0.23183389008045197,-0.12518522143363953,-0.6892087459564209,0.6749615669250488,1.4476300477981567,1.41848623752594,-1.959571123123169
1779989399400488200,40.87748828125,0.23437978327274323,-0.13110165297985077,-0.7008769512176514,0.6607950329780579,1.678774118423462,1.413965106010437,-2.20322585105896
1779989399416814000,40.89381396484375,0.23384831845760345,-0.13723620772361755,-0.7149325609207153,0.6444785594940186,1.9343996047973633,1.401492714881897,-2.4673640727996826
1779989399433155800,40.91015576171875,0.22553786635398865,-0.13962431252002716,-0.7309491038322449,0.6287695169448853,2.1800920963287354,1.3817194700241089,-2.7048251628875732
1779989399449511200,40.92651123046875,0.20936429500579834,-0.13792891800403595,-0.7468002438545227,0.615980327129364,2.3922505378723145,1.3596116304397583,-2.891310691833496
1779989399465808100,40.94280810546875,0.18988940119743347,-0.1341225951910019,-0.7612033486366272,0.6054112315177917,2.5650548934936523,1.3362464904785156,-3.030639886856079
1779989399482155800,40.95915576171875,0.1705564260482788,-0.1306314468383789,-0.7740039825439453,0.5956205725669861,2.7049460411071777,1.3115577697753906,-3.1378660202026367
1779989399498489900,40.97548974609375,0.15313759446144104,-0.1283629983663559,-0.7846959233283997,0.5867913365364075,2.814615488052368,1.28778874874115,3.0636887550354004
1779989399514821000,40.99182104492188,0.13830432295799255,-0.12820716202259064,-0.7932471036911011,0.5789593458175659,2.902675151824951,1.2662358283996582,2.99684476852417
1779989399531157000,41.00815698242187,0.12798671424388885,-0.131852388381958,-0.800603985786438,0.5703223347663879,2.971064329147339,1.2436256408691406,2.9374938011169434
1779989399547490000,41.02448999023437,0.12688957154750824,-0.141885444521904,-0.8067851066589355,0.559343695640564,3.007861375808716,1.2183988094329834,2.8868019580841064
1779989399563823600,41.04082373046875,0.1274009793996811,-0.153817817568779,-0.8151792883872986,0.5436835885047913,3.034517765045166,1.1825973987579346,2.8405261039733887
1779989399580156400,41.05715649414063,0.12448781728744507,-0.16520099341869354,-0.8248496055603027,0.5261508822441101,3.0658328533172607,1.1411705017089844,2.7948989868164062
1779989399596489000,41.073489013671875,0.12005658447742462,-0.17917212843894958,-0.834335207939148,0.5073150992393494,3.1009926795959473,1.0963882207870483,2.743314743041992
1779989399612822000,41.08982202148437,0.11557281017303467,-0.19592519104480743,-0.8431889414787292,0.4871227443218231,3.1335315704345703,1.0486690998077393,2.6896331310272217
1779989399629158100,41.106158203125,0.11161891371011734,-0.21012373268604279,-0.8524686098098755,0.46549609303474426,-3.1317715644836426,0.9982961416244507,2.6528964042663574
1779989399645487600,41.122487548828126,0.11213456094264984,-0.22194746136665344,-0.8610333800315857,0.44360652565956116,-3.135035753250122,0.9504824280738831,2.633664846420288
1779989399661827000,41.1388271484375,0.11660739034414291,-0.23372356593608856,-0.868421196937561,0.421450674533844,3.132650136947632,0.9051230549812317,2.6201276779174805
1779989399678157000,41.15515698242187,0.11662798374891281,-0.2463422417640686,-0.8756786584854126,0.39862319827079773,3.1295902729034424,0.8565581440925598,2.5986154079437256
1779989399694490600,41.17149072265625,0.11728756129741669,-0.2561972439289093,-0.8824828863143921,0.376603901386261,3.1212148666381836,0.8107302784919739,2.5852432250976562
1779989399710825700,41.18782568359375,0.11829675734043121,-0.2641500234603882,-0.8882644176483154,0.35667508840560913,3.1113247871398926,0.7700062990188599,2.5757603645324707
1779989399727154700,41.20415478515625,0.11567071080207825,-0.27260470390319824,-0.8931891322135925,0.3384082615375519,3.1118671894073486,0.7309669852256775,2.560520648956299
1779989399743491000,41.22049096679687,0.11076657474040985,-0.2811032235622406,-0.8969568014144897,0.3227696716785431,3.1191189289093018,0.6961842775344849,2.542344808578491
1779989399759822300,41.236822265625,0.10688183456659317,-0.2885230779647827,-0.8989070653915405,0.3119245171546936,3.126056671142578,0.6718794703483582,2.525850772857666
1779989399776171300,41.253171142578125,0.10427346080541611,-0.2949504554271698,-0.8989409804344177,0.3066537082195282,3.133270502090454,0.6596472859382629,2.510359287261963
1779989399792493600,41.26949365234375,0.10394994914531708,-0.3009358048439026,-0.8969796299934387,0.3066912293434143,3.1391968727111816,0.6595434546470642,2.495015859603882
1779989399808825300,41.28582543945313,0.10638510435819626,-0.3065948486328125,-0.8930392265319824,0.31170952320098877,-3.1401560306549072,0.6712584495544434,2.479675531387329
1779989399825147400,41.3021474609375,0.11361145228147507,-0.31107643246650696,-0.887370765209198,0.3207755982875824,3.1389124393463135,0.6944689154624939,2.4682159423828125
1779989399841479200,41.31847924804688,0.12577690184116364,-0.3145899474620819,-0.8799104690551758,0.3331228196620941,3.1258511543273926,0.7279931902885437,2.460864305496216
1779989399857824800,41.33482470703125,0.1398945301771164,-0.31678110361099243,-0.8710069060325623,0.3484628200531006,3.1096744537353516,0.7693367600440979,2.45686936378479
1779989399874158000,41.35115795898437,0.14842621982097626,-0.31735602021217346,-0.8623550534248352,0.365511417388916,3.1067638397216797,0.8104670643806458,2.4512763023376465
1779989399890478300,41.36747827148437,0.14573003351688385,-0.31921231746673584,-0.8543129563331604,0.38342610001564026,3.1352484226226807,0.8452988266944885,2.429276466369629
1779989399906824400,41.38382446289062,0.14203351736068726,-0.3194771707057953,-0.8469905853271484,0.4004594087600708,-3.117692470550537,0.8774688243865967,2.408997058868408
1779989399923158300,41.400158203125,0.14172738790512085,-0.3204415440559387,-0.8403367400169373,0.4135998785495758,-3.0981171131134033,0.9042425155639648,2.391866445541382
1779989399939492400,41.41649243164063,0.14384035766124725,-0.3251248300075531,-0.8322882056236267,0.4253236651420593,-3.079454183578491,0.9298259615898132,2.3655953407287598
1779989399955825200,41.4328251953125,0.1434428095817566,-0.3236660659313202,-0.8244052529335022,0.4416113495826721,-3.055032968521118,0.9631403684616089,2.348104238510132
1779989399972159000,41.449158935546876,0.14061222970485687,-0.31431078910827637,-0.8162209391593933,0.46391844749450684,-3.0249807834625244,1.0078976154327393,2.3420794010162354
1779989399988483300,41.4654833984375,0.13833880424499512,-0.300326943397522,-0.8071616291999817,0.4890359938144684,-2.9969418048858643,1.0604102611541748,2.344289541244507
1779989400004826000,41.481826171875,0.1367119997739792,-0.28349146246910095,-0.7990003824234009,0.5123873949050903,-2.9783880710601807,1.1113739013671875,2.358208656311035
1779989400021157600,41.49815771484375,0.1351410150527954,-0.2677018642425537,-0.7937738299369812,0.5291461944580078,-2.972788095474243,1.1491093635559082,2.3816089630126953
1779989400037492700,41.51449267578125,0.138449028134346,-0.25794219970703125,-0.7900288701057434,0.5386576056480408,-2.9877731800079346,1.1745954751968384,2.407919406890869
1779989400053826000,41.53082592773438,0.14286522567272186,-0.25166815519332886,-0.7867599725723267,0.5452167391777039,-3.006333589553833,1.1939198970794678,2.4303970336914062
1779989400070146300,41.547146240234376,0.14555807411670685,-0.24567915499210358,-0.7832013964653015,0.5523134469985962,-3.0174062252044678,1.2129875421524048,2.447455883026123
1779989400086493000,41.56349291992188,0.15115197002887726,-0.24138334393501282,-0.7777512073516846,0.5603482127189636,-3.033534049987793,1.2363559007644653,2.462839126586914
1779989400102826200,41.579826171875,0.16283372044563293,-0.24096326529979706,-0.7698460817337036,0.568118691444397,-3.0651867389678955,1.2636550664901733,2.478973150253296
1779989400119159300,41.5961591796875,0.17727543413639069,-0.24071486294269562,-0.7614713311195374,0.5751445889472961,-3.1165170669555664,1.2915300130844116,2.5103416442871094
1779989400135493400,41.61249340820312,0.1939413696527481,-0.24147436022758484,-0.7515118718147278,0.5825005173683167,3.1002585887908936,1.3218634128570557,2.5519397258758545
1779989400151817200,41.62881713867188,0.21147635579109192,-0.24639441072940826,-0.738209068775177,0.5912824273109436,3.0432474613189697,1.3568153381347656,2.576591730117798
1779989400168159000,41.645158935546874,0.22916322946548462,-0.25562193989753723,-0.7224283814430237,0.6001991033554077,3.0034453868865967,1.3937036991119385,2.5770881175994873
1779989400184493800,41.66149389648437,0.24583928287029266,-0.26846715807914734,-0.7055398225784302,0.6080313324928284,2.996431350708008,1.4291162490844727,2.5403823852539062
1779989400200827000,41.67782690429687,0.26046329736709595,-0.28032854199409485,-0.6899014711380005,0.6145004630088806,3.0061798095703125,1.460469365119934,2.4909653663635254
1779989400217160200,41.69416015625,0.2688154876232147,-0.2849794626235962,-0.67684006690979,0.6232275366783142,3.031726360321045,1.491586685180664,2.4460692405700684
1779989400233492200,41.7104921875,0.26873698830604553,-0.28002139925956726,-0.6689214110374451,0.6339659094810486,3.0552175045013428,1.5188475847244263,2.4306979179382324
1779989400249827800,41.726827880859375,0.2618379592895508,-0.2684563398361206,-0.6681910157203674,0.6425674557685852,3.0099213123321533,1.5333696603775024,2.504385232925415
1779989400266174200,41.74317431640625,0.25378307700157166,-0.2597057819366455,-0.6680664420127869,0.6494877338409424,3.0785775184631348,1.5432194471359253,2.4613687992095947
1779989400282489000,41.759489013671875,0.2529878318309784,-0.2552860677242279,-0.6646032333374023,0.6550793051719666,3.01073956489563,1.5569510459899902,2.537175178527832
1779989400298833400,41.77583349609375,0.25419047474861145,-0.25132811069488525,-0.6616843938827515,0.6590866446495056,1.9422383308410645,1.5653371810913086,-2.67332124710083
1779989400315160800,41.79216088867187,0.25100836157798767,-0.24585790932178497,-0.6622169017791748,0.661828875541687,1.286988615989685,1.5634883642196655,-2.0049917697906494
1779989400331493000,41.8084931640625,0.2446550875902176,-0.24113698303699493,-0.664321780204773,0.6638324856758118,1.3583695888519287,1.5658048391342163,-2.059666872024536
1779989400347830000,41.824830078125,0.23695413768291473,-0.23819024860858917,-0.6672725081443787,0.6647297739982605,-3.0317471027374268,1.5668295621871948,2.346475839614868
1779989400364159700,41.84115966796875,0.23075418174266815,-0.23667599260807037,-0.6695148944854736,0.6651968955993652,-2.5377020835876465,1.5604439973831177,1.8639825582504272
1779989400380495000,41.8574951171875,0.22573639452457428,-0.23623882234096527,-0.6704544425010681,0.6661270260810852,-2.2944278717041016,1.5547384023666382,1.6288599967956543
1779989400396816000,41.87381591796875,0.2233201265335083,-0.23720955848693848,-0.6686700582504272,0.6683862805366516,-1.9229404926300049,1.5511552095413208,1.2595223188400269
1779989400413155300,41.8901552734375,0.2208288162946701,-0.23396988213062286,-0.6690770983695984,0.6699466109275818,-1.832144856452942,1.5521676540374756,1.177296757698059
1779989400429501000,41.9065009765625,0.21904000639915466,-0.2262861579656601,-0.671317994594574,0.6709309816360474,-1.9445217847824097,1.560554027557373,1.3038259744644165
1779989400445826000,41.92282592773437,0.21873252093791962,-0.21838997304439545,-0.6731007695198059,0.6718610525131226,2.5577683448791504,1.5689693689346313,3.0969302654266357
1779989400462164500,41.93916455078125,0.21941813826560974,-0.21088187396526337,-0.6750739812850952,0.6720563173294067,1.6014257669448853,1.5579980611801147,-2.219778060913086
1779989400478495700,41.95549584960938,0.2185285985469818,-0.20305344462394714,-0.6764558553695679,0.6733661890029907,1.4651330709457397,1.5484787225723267,-2.070582866668701
1779989400494829000,41.9718291015625,0.21475228667259216,-0.19285427033901215,-0.6762006282806396,0.677821159362793,1.2045259475708008,1.5397460460662842,-1.7893365621566772
1779989400511162400,41.98816235351563,0.20852890610694885,-0.17948822677135468,-0.6738854646682739,0.6856953501701355,0.9065526723861694,1.526458501815796,-1.4625612497329712
1779989400527495400,42.004495361328125,0.2044358104467392,-0.16607391834259033,-0.6693313717842102,0.694709300994873,0.721124529838562,1.505737066268921,-1.2515792846679688
1779989400543829800,42.02082983398437,0.20475850999355316,-0.1561868041753769,-0.664173424243927,0.7018214464187622,0.6530911326408386,1.4838603734970093,-1.1697551012039185
1779989400560162300,42.037162353515626,0.2071361541748047,-0.148606538772583,-0.6586499214172363,0.7079484462738037,0.6161385178565979,1.4625205993652344,-1.125459909439087
1779989400576494800,42.05349487304687,0.20879103243350983,-0.14251482486724854,-0.6525722146034241,0.7143145799636841,0.5692317485809326,1.4426099061965942,-1.072365403175354
1779989400592827600,42.06982763671875,0.2069978415966034,-0.13685807585716248,-0.6468391418457031,0.7211247682571411,0.5104390978813171,1.4261857271194458,-1.0029618740081787
1779989400609162200,42.086162353515626,0.20726487040519714,-0.12841953337192535,-0.6424979567527771,0.7264613509178162,0.5135058164596558,1.4077268838882446,-0.9944392442703247
1779989400625493000,42.10249291992187,0.2153371274471283,-0.12414281070232391,-0.6381705403327942,0.7286679744720459,0.5457914471626282,1.3888533115386963,-1.0326772928237915
1779989400641833200,42.11883325195313,0.22540713846683502,-0.12405447661876678,-0.6331822276115417,0.7299880385398865,0.5573851466178894,1.3722606897354126,-1.059295415878296
1779989400658149400,42.1351494140625,0.22864732146263123,-0.12214979529380798,-0.6297985315322876,0.7322251796722412,0.552803635597229,1.3614506721496582,-1.0569583177566528
1779989400674497300,42.151497314453124,0.21815314888954163,-0.12385386228561401,-0.6291454434394836,0.7356939315795898,0.4789581000804901,1.3692351579666138,-0.9700149893760681
1779989400690830300,42.16783032226562,0.20518599450588226,-0.13630515336990356,-0.6305006146430969,0.7360630035400391,0.33326467871665955,1.3923020362854004,-0.8230161666870117
1779989400707154700,42.18415478515625,0.19631259143352509,-0.15607085824012756,-0.6318821907043457,0.7333677411079407,0.1249125748872757,1.41624915599823,-0.6301050186157227
1779989400723495400,42.20049536132812,0.1862996369600296,-0.17001116275787354,-0.6356422901153564,0.729621410369873,-0.08367335051298141,1.435804843902588,-0.42690348625183105
1779989400739831000,42.2168310546875,0.1792403906583786,-0.18213024735450745,-0.639600396156311,0.724991500377655,-0.29270660877227783,1.4498915672302246,-0.22504733502864838
1779989400756170200,42.233170166015626,0.17448337376117706,-0.19024112820625305,-0.6465335488319397,0.7178846597671509,-0.4785637855529785,1.4674144983291626,-0.04384523257613182
1779989400772496000,42.249495849609374,0.16839760541915894,-0.19631439447402954,-0.6584413647651672,0.7067941427230835,-0.7846502661705017,1.491816759109497,0.26255741715431213
1779989400788830500,42.26583056640625,0.15808311104774475,-0.20290157198905945,-0.6726677417755127,0.6938003301620483,-1.3884700536727905,1.5007081031799316,0.8719229698181152
1779989400805166300,42.282166259765624,0.1429850459098816,-0.20990243554115295,-0.6874339580535889,0.6803902387619019,-1.928156852722168,1.4756031036376953,1.4231846332550049
1779989400821495800,42.298495849609374,0.1250218152999878,-0.21735255420207977,-0.7003693580627441,0.6682891249656677,-2.1503207683563232,1.4324549436569214,1.660075068473816
1779989400837831000,42.31483081054687,0.10774316638708115,-0.22820335626602173,-0.70954430103302,0.6579221487045288,-2.2165627479553223,1.3851901292800903,1.7347630262374878
1779989400854161000,42.331160888671874,0.0922657921910286,-0.24260035157203674,-0.7143576741218567,0.6498655676841736,-2.2167463302612305,1.3389350175857544,1.735338568687439
1779989400870500000,42.3475,0.08141710609197617,-0.258811891078949,-0.7137512564659119,0.6457142233848572,-2.182258129119873,1.3012884855270386,1.6917986869812012
1779989400886818300,42.363818359375,0.07354620099067688,-0.27177417278289795,-0.7093399167060852,0.6461940407752991,-2.1286280155181885,1.2755084037780762,1.6297423839569092
1779989400903168300,42.380168212890624,0.07065489143133163,-0.28725025057792664,-0.6992748379707336,0.6507764458656311,-2.0502192974090576,1.25559663772583,1.53193199634552
1779989400919495200,42.3964951171875,0.06998365372419357,-0.3036549985408783,-0.6867676377296448,0.6566933393478394,-1.9700573682785034,1.236048698425293,1.427534818649292
1779989400935818800,42.41281884765625,0.0710054412484169,-0.32064035534858704,-0.6741882562637329,0.6615270972251892,-1.906687617301941,1.2154384851455688,1.3362549543380737
1779989400952151600,42.42915161132812,0.08454176038503647,-0.35357362031936646,-0.651577889919281,0.6657963991165161,-1.839056134223938,1.1874544620513916,1.1969345808029175
1779989400968498700,42.44549877929688,0.10286056250333786,-0.3828671872615814,-0.6256862282752991,0.6718252301216125,-1.7656891345977783,1.1667238473892212,1.0492819547653198
1779989400984819700,42.46181982421875,0.10804781317710876,-0.3945387601852417,-0.6042580008506775,0.6837669610977173,-1.672111988067627,1.1471630334854126,0.9280535578727722
1779989401001165000,42.4781650390625,0.10492578893899918,-0.38530102372169495,-0.5878098607063293,0.7035718560218811,-1.5420440435409546,1.1384590864181519,0.8164243698120117
1779989401017499400,42.49449951171875,0.10056084394454956,-0.36626651883125305,-0.5685770511627197,0.7296961545944214,-1.3708772659301758,1.1277295351028442,0.6805176138877869
1779989401033832200,42.51083227539063,0.09339471906423569,-0.34416794776916504,-0.5503334999084473,0.7549562454223633,-1.2098448276519775,1.1089749336242676,0.5629448890686035
1779989401050155800,42.52715576171875,0.06844525784254074,-0.3275495767593384,-0.5410211682319641,0.7715715169906616,-1.1366523504257202,1.075255036354065,0.5506410002708435
1779989401066498000,42.543498046875,0.0322403684258461,-0.3038191795349121,-0.5337816476821899,0.7884995937347412,-1.0663058757781982,1.0379481315612793,0.5685420632362366
1779989401082832600,42.55983251953125,-0.007255809381604195,-0.2813759446144104,-0.5183207392692566,0.8075385689735413,-0.9882605075836182,0.9845889806747437,0.5805073976516724
1779989401099166700,42.57616674804687,-0.044330865144729614,-0.27034303545951843,-0.49586641788482666,0.8240545392036438,-0.9339662790298462,0.9161657691001892,0.594792366027832
1779989401115499800,42.59249975585937,-0.07904042303562164,-0.2670329213142395,-0.46827539801597595,0.8385487794876099,-0.8945026397705078,0.8377370238304138,0.60875403881073
1779989401131832800,42.60883276367188,-0.11308733373880386,-0.2620348334312439,-0.43744152784347534,0.852756679058075,-0.8495296239852905,0.7570728659629822,0.6196563243865967
1779989401148153300,42.6251533203125,-0.1471601277589798,-0.2602933943271637,-0.4053179621696472,0.8638915419578552,-0.8153401613235474,0.6734569668769836,0.6375364661216736
1779989401164500000,42.6415,-0.1804414540529251,-0.2683134973049164,-0.3715851604938507,0.8702719211578369,-0.8033859729766846,0.5822810530662537,0.6621043086051941
1779989401180830700,42.657830810546876,-0.21570099890232086,-0.28127652406692505,-0.33339157700538635,0.8736169934272766,-0.798001229763031,0.4793131649494171,0.6894499659538269
1779989401197165300,42.67416528320312,-0.25353288650512695,-0.29135119915008545,-0.28933414816856384,0.8758546710014343,-0.7810596227645874,0.3672981262207031,0.7161687612533569
1779989401213513500,42.69051342773437,-0.2928895950317383,-0.29818961024284363,-0.24143493175506592,0.8757898211479187,-0.7548421621322632,0.25084152817726135,0.7453543543815613
1779989401229832200,42.706832275390624,-0.333179235458374,-0.3051939010620117,-0.19217421114444733,0.8711585998535156,-0.7282676100730896,0.1318415105342865,0.780892550945282
1779989401246176000,42.72317602539062,-0.37405914068222046,-0.3122861981391907,-0.14259237051010132,0.8615245223045349,-0.7007712125778198,0.01206693984568119,0.8236556649208069
1779989401262505700,42.73950561523438,-0.41199496388435364,-0.32159945368766785,-0.09785526990890503,0.8469110131263733,-0.6795804500579834,-0.09940893948078156,0.8703603148460388
1779989401278833000,42.7558330078125,-0.44551339745521545,-0.3341391682624817,-0.06057184562087059,0.8283717632293701,-0.6684185266494751,-0.19867946207523346,0.9176961779594421
1779989401295167700,42.772167724609375,-0.4760783612728119,-0.34357765316963196,-0.024870064109563828,0.8091262578964233,-0.6499078869819641,-0.2909826636314392,0.9650231003761292
1779989401311501000,42.7885009765625,-0.5020256638526917,-0.3508431911468506,0.008120303973555565,0.7904513478279114,-0.6273719072341919,-0.37374234199523926,1.0091581344604492
1779989401327828500,42.80482836914062,-0.523247241973877,-0.35267746448516846,0.03748416528105736,0.7748716473579407,-0.5957152843475342,-0.44135594367980957,1.050351858139038
1779989401344158000,42.82115795898437,-0.5397640466690063,-0.3439335823059082,0.07015521824359894,0.7651423215866089,-0.5388922691345215,-0.4991089999675751,1.0882014036178589
1779989401360500000,42.8375,-0.5498902201652527,-0.326166033744812,0.10826065391302109,0.7612596154212952,-0.4590660333633423,-0.5510005354881287,1.1192190647125244
1779989401376836000,42.853836181640624,-0.5526553392410278,-0.3028338551521301,0.14952121675014496,0.7619102001190186,-0.3664105236530304,-0.5974898338317871,1.1410852670669556
1779989401393166000,42.870166015625,-0.5505775809288025,-0.27617043256759644,0.19231359660625458,0.7639434337615967,-0.2653349041938782,-0.6409284472465515,1.1604453325271606
1779989401409500400,42.88650048828125,-0.555884838104248,-0.2570728063583374,0.21296298503875732,0.7612833976745605,-0.1964310109615326,-0.6561314463615417,1.1943601369857788
1779989401425835000,42.9028349609375,-0.5685314536094666,-0.23712646961212158,0.21497075259685516,0.7578459978103638,-0.14360646903514862,-0.6378346085548401,1.239760398864746
1779989401442164200,42.919164306640624,-0.5790531635284424,-0.20753543078899384,0.21941810846328735,0.7572861313819885,-0.07352203875780106,-0.60976243019104,1.2824671268463135
1779989401458507300,42.93550732421875,-0.585983157157898,-0.17729385197162628,0.22450082004070282,0.7581490278244019,-0.0068427929654717445,-0.5802016258239746,1.3139667510986328
1779989401474836000,42.9518359375,-0.5900027751922607,-0.15411697328090668,0.22914591431617737,0.7587073445320129,0.04308241233229637,-0.5580915212631226,1.3342630863189697
1779989401491167500,42.96816748046875,-0.5932807922363281,-0.1373290717601776,0.23544880747795105,0.7574447989463806,0.08359070122241974,-0.5464159250259399,1.3523434400558472
1779989401507505200,42.984505126953124,-0.6005666851997375,-0.12243930995464325,0.24228224158287048,0.752082109451294,0.12466384470462799,-0.5369274616241455,1.382035255432129
1779989401523836200,43.00083618164062,-0.6121256947517395,-0.11264382302761078,0.24300894141197205,0.7440162301063538,0.15049836039543152,-0.523032546043396,1.4172486066818237
1779989401540175400,43.01717529296875,-0.6233476400375366,-0.10746611654758453,0.23902858793735504,0.7367184162139893,0.16049714386463165,-0.5077027082443237,1.446191430091858
1779989401556504000,43.03350415039063,-0.6300685405731201,-0.1067381203174591,0.23259542882442474,0.7331575155258179,0.15590332448482513,-0.4956037104129791,1.4593596458435059
1779989401572834300,43.04983422851563,-0.6321555972099304,-0.1083475649356842,0.22656981647014618,0.733011782169342,0.1450115591287613,-0.48831865191459656,1.4594939947128296
1779989401589172200,43.066172119140624,-0.6332122087478638,-0.10975433140993118,0.2210322618484497,0.733581006526947,0.13456515967845917,-0.4816991984844208,1.4572904109954834
1779989401605500000,43.0825,-0.6358213424682617,-0.1114334985613823,0.21600447595119476,0.7325680255889893,0.12567688524723053,-0.47594600915908813,1.4601521492004395
1779989401621838600,43.09883862304687,-0.638796329498291,-0.11506183445453644,0.21246805787086487,0.7304500937461853,0.11648737639188766,-0.47506558895111084,1.465353012084961
1779989401638170000,43.11517016601562,-0.639941394329071,-0.11880766600370407,0.2124108076095581,0.7288631796836853,0.11146817356348038,-0.4799070358276367,1.4683518409729004
1779989401654502100,43.131502197265625,-0.6388259530067444,-0.12077353149652481,0.21523182094097137,0.7286909818649292,0.11223488301038742,-0.487005352973938,1.4674674272537231
1779989401670837500,43.14783740234375,-0.6369161009788513,-0.1220514178276062,0.21617218852043152,0.7298705577850342,0.11041765660047531,-0.49045631289482117,1.4626466035842896
1779989401687169000,43.1641689453125,-0.6343099474906921,-0.12134800851345062,0.21644635498523712,0.7321725487709045,0.11005431413650513,-0.49030691385269165,1.4553678035736084
1779989401703504000,43.18050390625,-0.6311918497085571,-0.1174376979470253,0.21733155846595764,0.7352362275123596,0.11528677493333817,-0.4868355989456177,1.4474633932113647
1779989401719837200,43.196837158203124,-0.6281751394271851,-0.10967434197664261,0.21797896921634674,0.7388184666633606,0.12623780965805054,-0.477863609790802,1.4400582313537598
1779989401736172800,43.2131728515625,-0.6254523396492004,-0.10042861849069595,0.21780280768871307,0.7424860000610352,0.1384570300579071,-0.46571043133735657,1.432988166809082
1779989401752502500,43.22950244140625,-0.6233174800872803,-0.09311965852975845,0.21642522513866425,0.7456300854682922,0.14623863995075226,-0.4542990028858185,1.4264323711395264
1779989401768838700,43.24583862304687,-0.622207522392273,-0.08807961642742157,0.21400775015354156,0.7478639483451843,0.14958928525447845,-0.44416600465774536,1.4217159748077393
1779989401785171000,43.2621708984375,-0.6214279532432556,-0.08462158590555191,0.21177682280540466,0.7495445609092712,0.15102413296699524,-0.4363615810871124,1.4179829359054565
1779989401801504800,43.2785048828125,-0.6201902627944946,-0.08154651522636414,0.21080181002616882,0.7511835694313049,0.15355734527111053,-0.4310780167579651,1.4140174388885498
1779989401817835300,43.29483520507812,-0.6191482543945312,-0.07836529612541199,0.2101745754480362,0.752556324005127,0.156931534409523,-0.42615845799446106,1.4109127521514893
1779989401834173400,43.31117333984375,-0.6182491183280945,-0.07350244373083115,0.2100546956062317,0.7538186311721802,0.16380825638771057,-0.4197935163974762,1.4087938070297241
1779989401850505200,43.32750512695313,-0.6171119213104248,-0.06669657677412033,0.21019910275936127,0.7553415298461914,0.1739942729473114,-0.4113670885562897,1.4064280986785889
1779989401866837200,43.34383715820312,-0.6158345341682434,-0.059289198368787766,0.21100206673145294,0.7567765116691589,0.1860545575618744,-0.403225839138031,1.4042832851409912
1779989401883171800,43.360171875,-0.615673303604126,-0.05328357219696045,0.21230658888816833,0.756989598274231,0.19730842113494873,-0.3974173665046692,1.4054735898971558
1779989401899505700,43.37650561523437,-0.6179640293121338,-0.05160749331116676,0.21368472278118134,0.754848301410675,0.20326106250286102,-0.3967059850692749,1.4130218029022217
1779989401915816700,43.39281665039063,-0.6230261921882629,-0.05716906487941742,0.21445250511169434,0.7500535249710083,0.19863532483577728,-0.40382370352745056,1.4270856380462646
1779989401932174600,43.40917456054687,-0.6306296586990356,-0.06517013907432556,0.20977310836315155,0.7443482875823975,0.18337363004684448,-0.40550729632377625,1.4435595273971558
1779989401948506000,43.42550610351562,-0.6360390186309814,-0.06696850806474686,0.20464879274368286,0.7410051226615906,0.17571428418159485,-0.39898231625556946,1.4542533159255981
1779989401964839700,43.441839599609374,-0.6376830339431763,-0.06152914837002754,0.20139795541763306,0.7409544587135315,0.1798359900712967,-0.3864748477935791,1.456540822982788
