time,seconds_elapsed,z,y,x
1779958160619726600,0.0857265625,-0.40454551577568054,0.2292271852493286,0.6140722632408142
1779958160636048000,0.1020478515625,-0.33719760179519653,0.0835358202457428,0.84574294090271
1779958160652382700,0.1183828125,0.14095716178417206,-0.7625125646591187,1.8793269395828247
1779958160668729900,0.134729736328125,0.24174992740154266,-1.9146044254302979,2.665663242340088
1779958160685058600,0.15105859375,0.04077525436878204,-3.0611984729766846,3.0085113048553467
1779958160701392100,0.16739208984375,-0.42180246114730835,-4.385859966278076,2.928335189819336
1779958160717722400,0.183722412109375,-1.1536190509796143,-5.352401256561279,2.305405378341675
1779958160734055200,0.20005517578125,-1.9958494901657104,-5.8638482093811035,0.963792622089386
1779958160750389000,0.216388916015625,-2.763401746749878,-4.523151874542236,-0.6644686460494995
1779958160766716000,0.2327158203125,0.7029531598091125,-1.582904577255249,-1.65834641456604
1779958160783043300,0.249043212890625,0.41462478041648865,-0.5775730609893799,-1.6927075386047363
1779958160799399200,0.265399169921875,0.7628179788589478,-0.413555771112442,-1.1582005023956299
1779958160815727400,0.281727294921875,0.8831584453582764,-0.05009094998240471,-0.6794348955154419
1779958160832057900,0.298057861328125,1.1809552907943726,0.7545713186264038,-0.7444919943809509
1779958160848392400,0.314392333984375,1.7508925199508667,1.38849675655365,-1.6476563215255737
1779958160864722400,0.330722412109375,2.397646188735962,2.9721648693084717,-2.8377745151519775
1779958160881058600,0.34705859375,2.1852176189422607,3.318983554840088,-3.6946656703948975
1779958160897371100,0.36337109375,1.4118622541427612,1.2933543920516968,-4.090506553649902
1779958160913702700,0.37970263671875,1.0074695348739624,-0.42898011207580566,-3.718794822692871
1779958160930051000,0.396051025390625,1.2247848510742188,-0.5705481171607971,-2.6010642051696777
1779958160946378000,0.4123779296875,1.5729780197143555,-0.42699480056762695,-1.3164145946502686
1779958160962709800,0.428709716796875,2.035708427429199,-0.2919935882091522,-0.11194105446338654
1779958160979053300,0.44505322265625,1.7686076164245605,-0.26740625500679016,0.8199338912963867
1779958160995372300,0.461372314453125,0.380721777677536,-0.5105306506156921,1.226922869682312
1779958161011697000,0.47769677734375,-0.050854530185461044,-0.9231700897216797,1.474017858505249
1779958161028028200,0.494028076171875,0.6768386960029602,-1.0477865934371948,1.7705929279327393
1779958161044357400,0.510357421875,1.2223412990570068,-0.9784533977508545,2.168877124786377
1779958161060696000,0.526696044921875,1.3900238275527954,-1.1438452005386353,2.6367998123168945
1779958161077024000,0.54302392578125,1.2791517972946167,-1.7930421829223633,2.850908041000366
1779958161093344300,0.55934423828125,1.2980886697769165,-2.528829336166382,2.7673723697662354
1779958161109703700,0.57570361328125,1.656819224357605,-2.852435350418091,2.5218043327331543
1779958161126003200,0.592003173828125,2.0283780097961426,-2.222175121307373,2.010204792022705
1779958161142342700,0.6083427734375,2.238821029663086,-1.1183415651321411,1.3437508344650269
1779958161158686200,0.624686279296875,2.5253169536590576,-0.10033461451530457,0.7574729323387146
1779958161175016200,0.64101611328125,2.719572067260742,0.4996877610683441,0.3767511546611786
1779958161191347700,0.65734765625,2.778367757797241,0.30604347586631775,0.19654589891433716
1779958161207676200,0.67367626953125,2.9329166412353516,-0.7168503403663635,0.16325373947620392
1779958161223999000,0.6899990234375,3.0883820056915283,-1.5616769790649414,0.1394299864768982
1779958161240342300,0.70634228515625,3.1421380043029785,-1.8894062042236328,-0.00855211354792118
1779958161256694300,0.7226943359375,3.399617910385132,-1.7860172986984253,-0.33536502718925476
1779958161272989400,0.738989501953125,3.7696495056152344,-0.9932668805122375,-0.7440338730812073
1779958161289375500,0.75537548828125,3.936721086502075,-0.30482175946235657,-1.2728904485702515
1779958161305680100,0.77168017578125,3.8347065448760986,-0.2993239760398865,-1.7380642890930176
1779958161322020900,0.788020751953125,3.389233112335205,-1.2990049123764038,-2.0413589477539062
1779958161338346500,0.804346435546875,3.1560351848602295,-2.536923408508301,-1.9787452220916748
1779958161354678800,0.8206787109375,3.177262783050537,-3.155118942260742,-1.8067866563796997
1779958161371017000,0.837016845703125,3.1841351985931396,-2.5871670246124268,-1.5699236392974854
1779958161387327200,0.8533271484375,3.416416645050049,-0.8683449625968933,-1.4442381858825684
1779958161403658500,0.869658447265625,2.7197248935699463,-0.1111774742603302,-1.5913039445877075
1779958161420011800,0.88601171875,1.5694655179977417,-0.7446447610855103,-1.793500304222107
1779958161436324400,0.902324462890625,0.644768238067627,-1.5419765710830688,-2.2757785320281982
1779958161452671200,0.918671142578125,0.17592918872833252,-1.3180944919586182,-2.7039949893951416
1779958161469003000,0.9350029296875,0.3052799105644226,-0.059864792972803116,-2.7895162105560303
1779958161485303800,0.9513037109375,1.1571314334869385,0.5881105065345764,-2.4723243713378906
1779958161501656800,0.96765673828125,2.079232692718506,0.6472117304801941,-1.8694003820419312
1779958161517991200,0.9839912109375,2.233323335647583,0.9520334601402283,-1.1756101846694946
1779958161534299100,1.000299072265625,1.665218710899353,0.30604347586631775,-0.640644907951355
1779958161550638800,1.016638916015625,1.0041097402572632,-1.0151053667068481,0.24908030033111572
1779958161566965200,1.03296533203125,0.351400226354599,-1.9770653247833252,1.348179578781128
1779958161583305500,1.049305419921875,0.028405234217643738,-2.057546854019165,1.9356791973114014
1779958161599633200,1.065633056640625,0.00809396430850029,-1.7809776067733765,1.9656116962432861
1779958161615966000,1.081966064453125,-0.01542434748262167,-1.5929838418960571,1.8535178899765015
1779958161632296400,1.09829638671875,-0.04703662544488907,-0.6070473194122314,1.7701348066329956
1779958161648629500,1.11462939453125,-0.10125091671943665,0.3251330256462097,1.475545048713684
1779958161664956200,1.1309560546875,-0.32681289315223694,0.6499606370925903,0.8567385077476501
1779958161681294000,1.147294189453125,-0.5726861953735352,0.6921103000640869,0.2018909603357315
1779958161697623800,1.163623779296875,-0.3741549551486969,0.9764680862426758,-0.18524488806724548
1779958161713956900,1.179956787109375,0.1918116807937622,2.0308215618133545,-0.508698046207428
1779958161730291200,1.196291259765625,0.0884227454662323,2.3299927711486816,-0.6088799238204956
1779958161746633700,1.2126337890625,0.4830417037010193,2.229810953140259,-0.6974554061889648
1779958161762954500,1.22895458984375,0.1788308024406433,3.160769462585449,-1.1204795837402344
1779958161779296300,1.245296142578125,0.058184914290905,3.2404873371124268,-1.1870639324188232
1779958161795628000,1.2616279296875,-0.23640485107898712,3.0497448444366455,-0.8168795704841614
1779958161811963000,1.277962890625,-0.3257438838481903,2.2925772666931152,-0.2638937830924988
1779958161828291000,1.294291015625,-0.21930062770843506,1.8620699644088745,0.005497787147760391
1779958161844611800,1.31061181640625,-0.08017606288194656,1.478141188621521,0.19914206862449646
1779958161860981800,1.326981689453125,0.30512720346450806,2.16628098487854,-0.026114489883184433
1779958161877327400,1.343327392578125,0.2785545587539673,4.3646321296691895,-1.4903584718704224
1779958161893617200,1.3596171875,-0.19883663952350616,2.5303566455841064,-1.1983648538589478
1779958161909955300,1.375955322265625,-0.6206390857696533,1.5413657426834106,-0.13240504264831543
1779958161926276400,1.3922763671875,-0.34055736660957336,0.811687171459198,0.038179077208042145
1779958161942620200,1.4086201171875,0.18096883594989777,0.8187121152877808,0.14538592100143433
1779958161958947600,1.424947509765625,0.5522221922874451,0.8191702961921692,0.1189660057425499
1779958161975280400,1.4412802734375,0.5731443166732788,0.5746715068817139,-0.05009094998240471
1779958161991629000,1.457629150390625,0.5342016816139221,0.3735440969467163,-0.42531493306159973
1779958162007928000,1.473927978515625,0.6143777370452881,0.70692378282547,-1.0387763977050781
1779958162024275000,1.49027490234375,0.7718282341957092,0.7929030656814575,-1.4735597372055054
1779958162040609000,1.506609130859375,1.1033753156661987,-0.02076941914856434,-1.7243198156356812
1779958162056938500,1.5229384765625,1.5566374063491821,-0.8701775670051575,-1.976759910583496
1779958162073272600,1.5392724609375,2.0143282413482666,-1.0378600358963013,-2.160325050354004
1779958162089602000,1.55560205078125,2.6865854263305664,-0.2165517359972,-1.7715091705322266
1779958162105936600,1.5719365234375,2.8214337825775146,0.7560984492301941,-1.3603968620300293
1779958162122263800,1.588263916015625,2.116189956665039,1.050840973854065,-1.368032693862915
1779958162138606800,1.60460693359375,1.3761266469955444,0.8518515825271606,-1.2829697132110596
1779958162154908200,1.620908203125,0.7487680912017822,0.9434813857078552,-0.9876163601875305
1779958162171264800,1.6372646484375,0.24037547409534454,1.0366383790969849,-0.7313584089279175
1779958162187595300,1.65359521484375,0.05665775015950203,0.9535606503486633,-0.5134322643280029
1779958162203926300,1.66992626953125,0.35063666105270386,0.9720393419265747,-0.26221391558647156
1779958162220258000,1.686258056640625,0.7467827796936035,1.077413558959961,-0.22663100063800812
1779958162236593400,1.702593505859375,0.9611964821815491,0.732122004032135,-0.39965859055519104
1779958162252935400,1.718935302734375,1.2235630750656128,-0.13607023656368256,-0.6575964093208313
1779958162269264000,1.735263916015625,1.111163854598999,-1.0474811792373657,-0.5232060551643372
1779958162285611000,1.751611083984375,-0.03649919852614403,-2.0367774963378906,-0.3459024429321289
1779958162301927200,1.76792724609375,-0.6275113224983215,-2.3687827587127686,0
1779958162318264000,1.78426416015625,-0.5641340613365173,-2.322356939315796,0.20005837082862854
1779958162334591700,1.800591796875,-0.33826664090156555,-2.2707388401031494,0.031001411378383636
1779958162350927600,1.816927734375,-0.03176499158143997,-2.9292516708374023,-0.42730024456977844
1779958162367261400,1.833261474609375,0.29917123913764954,-4.325842380523682,-0.8509352803230286
1779958162383593000,1.849593017578125,0.5403103232383728,-5.591249465942383,-0.8558222055435181
1779958162399923200,1.865923095703125,0.7293730974197388,-6.0451226234436035,-0.6270532011985779
1779958162416235800,1.88223583984375,0.8903360962867737,-5.5402421951293945,-0.7777841687202454
1779958162432592000,1.898591796875,1.1772900819778442,-4.676173686981201,-1.0235047340393066
1779958162448919000,1.9149189453125,1.5619823932647705,-3.8675405979156494,-0.7835873961448669
1779958162465216800,1.931216796875,1.2064588069915771,-3.098308563232422,0.16859880089759827
1779958162481570800,1.94757080078125,0.1661553531885147,-2.7353017330169678,0.598953366279602
1779958162497902000,1.963902099609375,-0.11530081182718277,-2.278374671936035,0.4717406928539276
1779958162514233900,1.98023388671875,0.2955060601234436,-1.683239221572876,0.06459899991750717
1779958162530616800,1.996616943359375,0.1417207419872284,-1.2507466077804565,-0.030543262138962746
1779958162546898200,2.012898193359375,-0.07360926270484924,-1.151481032371521,-0.11560624837875366
1779958162563230200,2.029230224609375,-0.2096794992685318,-1.244027018547058,-0.35155296325683594
1779958162579560700,2.045560791015625,-0.2791654169559479,-1.632842779159546,-0.42439863085746765
1779958162595893800,2.061893798828125,-0.48579058051109314,-1.9636263847351074,-0.2765692472457886
1779958162612224300,2.078224365234375,-0.5105306506156921,-2.4578163623809814,-0.07757988572120667
1779958162628560400,2.094560302734375,-0.23579397797584534,-2.6613872051239014,-0.07620543986558914
1779958162644891400,2.110891357421875,0.018478672951459885,-2.685210943222046,0.24908030033111572
1779958162661223000,2.127222900390625,0.05009094998240471,-2.601980447769165,0.4616613984107971
1779958162677554400,2.143554443359375,0.055283304303884506,-2.727360486984253,0.6753115057945251
1779958162693888300,2.15988818359375,0.19043724238872528,-2.760958194732666,0.7652614116668701
1779958162710216000,2.1762158203125,0.384845107793808,-2.3121249675750732,0.8825475573539734
1779958162726558500,2.192558349609375,0.46899178624153137,-1.793653130531311,1.0731375217437744
1779958162742950400,2.208950439453125,0.5090034604072571,-1.5460999011993408,0.9837985038757324
1779958162759227100,2.22522705078125,0.4495968222618103,-1.2360857725143433,0.6728680729866028
1779958162775534600,2.24153466796875,0.551916778087616,-0.5441282391548157,0.5102251768112183
1779958162791894300,2.257894287109375,0.9288206100463867,-0.4499022662639618,0.36193767189979553
1779958162808221400,2.274221435546875,0.6256787180900574,-0.6563746929168701,0.24495697021484375
1779958162824556500,2.290556640625,0.29367345571517944,-0.570853590965271,0.2719877362251282
1779958162840878800,2.30687890625,0.2808452844619751,-0.2970332205295563,0.28069257736206055
1779958162857220900,2.323220947265625,0.30253100395202637,-0.007788531947880983,0.20601430535316467
1779958162873552000,2.3395517578125,0.43737950921058655,-0.026419922709465027,0.12095131725072861
1779958162889880000,2.355880126953125,0.6409503817558289,-0.5448917746543884,0.045204028487205505
1779958162906201600,2.37220166015625,0.9468411207199097,-1.0961977243423462,0.11041389405727386
1779958162922548000,2.3885478515625,1.2092077732086182,-1.5105170011520386,0.4337143301963806
1779958162938867700,2.40486767578125,1.4017829895019531,-1.34283447265625,0.4983133375644684
1779958162955214800,2.42121484375,1.1983648538589478,-1.0584768056869507,0.6939429044723511
1779958162971542300,2.437542236328125,1.1081095933914185,-1.429271936416626,0.6392704844474792
1779958162987876000,2.4538759765625,1.1633929014205933,-1.1039862632751465,0.49098294973373413
1779958163004207900,2.470207763671875,1.0697777271270752,0.36483925580978394,0.0887281745672226
1779958163020521700,2.486521728515625,0.7681630253791809,1.0102183818817139,-0.24785856902599335
1779958163036857900,2.50285791015625,0.2603813111782074,0.7402159571647644,-0.1621847152709961
1779958163053190700,2.519190673828125,-0.19578230381011963,-0.03497203439474106,0.06459899991750717
1779958163069520400,2.535520263671875,-0.7420485615730286,-0.6131559610366821,-0.13209961354732513
1779958163085842400,2.551842529296875,-1.1745411157608032,-0.9314168095588684,-0.3827070891857147
1779958163102185700,2.568185791015625,-1.0456485748291016,-0.6724098920822144,-0.1540907621383667
1779958163118517000,2.58451708984375,-0.5329799056053162,-0.31062498688697815,0.1621847152709961
1779958163134853000,2.60085302734375,-0.10491610318422318,-0.2197587788105011,0.10613783448934555
1779958163151180300,2.61718017578125,-0.12950342893600464,-0.23273965716362,0.05100724846124649
1779958163167516000,2.633515869140625,-0.24846944212913513,-0.33796119689941406,-0.03298672288656235
1779958163183850500,2.6498505859375,-0.45784351229667664,-0.19685132801532745,-0.08277224004268646
1779958163200172000,2.666172119140625,-0.6018549799919128,-0.032070424407720566,-0.14019356667995453
1779958163216511500,2.682511474609375,-0.39064833521842957,-0.749531626701355,0.21334469318389893
1779958163232862200,2.6988623046875,-0.3471241891384125,-0.988074541091919,0.3309362530708313
1779958163249180700,2.7151806640625,-0.5867360830307007,-0.9828822016716003,0.29306259751319885
1779958163265518000,2.73151806640625,-0.675006091594696,-0.34773504734039307,0.3949243724346161
1779958163281847800,2.747847900390625,-0.12034045159816742,0.07864890247583389,0.6653849482536316
1779958163298180600,2.7641806640625,0.6546948552131653,-0.3257438838481903,0.8472700715065002
1779958163314516500,2.7805166015625,1.823127269744873,-0.945772111415863,1.314734697341919
1779958163330845200,2.79684521484375,2.981022357940674,-2.08274507522583,1.6203200817108154
1779958163347180500,2.8131806640625,3.490025758743286,-2.2513439655303955,1.7820466756820679
1779958163363512000,2.829511962890625,1.923767328262329,-2.0951151847839355,0.6246097087860107
1779958163379842000,2.845842041015625,0.12828169763088226,-0.32498031854629517,-0.3497203588485718
1779958163396161000,2.8621611328125,0.3549126982688904,1.17240309715271,-0.49693888425827026
1779958163412504000,2.878504150390625,0.8127561807632446,1.0971139669418335,-0.7582364678382874
1779958163428842500,2.894842529296875,0.8408560156822205,0.327729195356369,-0.4853324294090271
1779958163445154300,2.911154296875,0.15974126756191254,-0.014355333521962166,-0.08567385375499725
1779958163461504800,2.9275048828125,-0.2997821271419525,-0.35292738676071167,-0.06643159687519073
1779958163477836500,2.94383642578125,0.014202617108821869,-0.3191770911216736,-0.04856378585100174
1779958163494167300,2.960167236328125,0.08155050873756409,-0.40622538328170776,0.00015271631127689034
1779958163510497800,2.976497802734375,0.10476338863372803,-0.7322747111320496,0.03329215571284294
1779958163526814200,2.992814208984375,0.13057245314121246,-0.9280570149421692,-0.01542434748262167
1779958163543150800,3.00915087890625,0.1992947906255722,-0.8396342992782593,-0.2626720666885376
1779958163559479800,3.025479736328125,0.2148718535900116,-0.8822421431541443,-0.5732970237731934
1779958163575814000,3.04181396484375,0.13607023656368256,-1.1369729042053223,-0.4150829315185547
1779958163592145700,3.058145751953125,0.10797043144702911,-0.5532912015914917,0.21151208877563477
1779958163608477200,3.074477294921875,0.23487769067287445,0.05345070734620094,0.18600846827030182
1779958163624809200,3.090809326171875,0.30054569244384766,-0.27030786871910095,-0.11575896292924881
1779958163641142300,3.107142333984375,0.2646573781967163,-0.8216137290000916,-0.1411098688840866
1779958163657470500,3.123470458984375,0.32986724376678467,-0.846659243106842,0.011759156361222267
1779958163673809400,3.139809326171875,0.4554000496864319,-0.4297437071800232,0.2064724564552307
1779958163690136000,3.156135986328125,0.4282165467739105,-0.3384193480014801,0.3257438838481903
1779958163706474500,3.172474609375,0.26374107599258423,-0.6346889734268188,0.2808452844619751
1779958163722798300,3.18879833984375,0.15775595605373383,-0.8808676600456238,0.24877487123012543
1779958163739133000,3.2051328125,0.2635883390903473,-1.0178542137145996,0.30802878737449646
1779958163755465000,3.22146484375,0.4867068827152252,-0.9146180152893066,0.24816401302814484
1779958163771798300,3.23779833984375,0.5418374538421631,-0.66584312915802,0.12507465481758118
1779958163788116700,3.25411669921875,0.44364088773727417,-0.9607383012771606,0.6481280326843262
1779958163804465700,3.270465576171875,0.42928555607795715,-1.2415835857391357,0.6737843751907349
1779958163820799500,3.286799560546875,-0.01771509274840355,-0.7380779385566711,0.1693623960018158
1779958163837114600,3.303114501953125,-0.02886338345706463,-0.03420845419168472,-0.1033889427781105
1779958163853461200,3.319461181640625,0.013439035043120384,0.08567385375499725,-0.1595885455608368
1779958163869789000,3.335788818359375,-0.018936822190880775,-0.09178250283002853,-0.0529925599694252
1779958163886108000,3.35210791015625,-0.00733038317412138,-0.2785545587539673,0.11209376901388168
1779958163902458000,3.3684580078125,-0.012828170321881771,-0.24923302233219147,0.06444628536701202
1779958163918780700,3.38478076171875,-0.008857546374201775,-0.144622340798378,-0.007177666760981083
1779958163935135200,3.40113525390625,0.001832595793530345,-0.07819075137376785,-0.00809396430850029
1779958163951465200,3.41746533203125,0.003054326167330146,-0.04795292019844055,-0.029474247246980667
1779958163967794700,3.433794677734375,-0.01817324012517929,0.019089538604021072,-0.036041051149368286
1779958163984126200,3.450126220703125,-0.024587325751781464,0.06688974797725677,-0.0403171069920063
1779958164000459000,3.466458984375,-0.006261368747800589,0.11743884533643723,-0.06215553730726242
1779958164016779300,3.482779296875,-0.00015271631127689034,0.19517144560813904,-0.07498370856046677
1779958164033110300,3.4991103515625,-0.010231993161141872,0.2981022298336029,-0.07635815441608429
1779958164049428500,3.515428466796875,-0.026419922709465027,0.39248090982437134,-0.06108652427792549
1779958164065774800,3.53177490234375,-0.02779436856508255,0.41004329919815063,-0.03329215571284294
1779958164082102000,3.54810205078125,-0.014508049935102463,0.3599523603916168,0.0010690141934901476
1779958164098440700,3.564440673828125,0.00733038317412138,0.30634891986846924,0.022449297830462456
1779958164114770000,3.58077001953125,0.023365596309304237,0.2503020465373993,0.032070424407720566
1779958164131102500,3.5971025390625,0.02474004216492176,0.361174076795578,0.04505131021142006
1779958164147433500,3.61343359375,0.02382374368607998,0.36193767189979553,0.06582073122262955
1779958164163768800,3.629768798828125,0.019547687843441963,0.37537670135498047,0.061391957104206085
1779958164180094500,3.646094482421875,0.020616702735424042,0.38179078698158264,0.03527746722102165
1779958164196417500,3.66241748046875,0.01664607785642147,0.3439171314239502,0.03573561832308769
1779958164212780300,3.6787802734375,0.01038470957428217,0.28328874707221985,0.03481931984424591
1779958164229117400,3.695117431640625,0.0013744467869400978,0.23380866646766663,0.027488935738801956
1779958164245439000,3.71143896484375,0.0007635815418325365,0.18677204847335815,0.01038470957428217
1779958164261772000,3.72777197265625,0.0010690141934901476,0.1339322030544281,-0.013897184282541275
1779958164278105000,3.74410498046875,-0.00427605677396059,0.13454307615756989,-0.032070424407720566
1779958164294439400,3.760439453125,0.01114829070866108,0.11927144229412079,-0.03634648025035858
1779958164310766600,3.7767666015625,0.035124752670526505,0.13240504264831543,-0.06536258012056351
1779958164327102500,3.7931025390625,0.04153883829712868,0.15073099732398987,-0.07727445662021637
1779958164343436300,3.809436279296875,0.05910121276974678,0.11331550031900406,-0.06872233748435974
1779958164359763000,3.825762939453125,0.014966198243200779,0.07559457421302795,-0.032528575509786606
1779958164376105000,3.84210498046875,-0.024892758578062057,0.07712173461914062,-0.010842857882380486
1779958164392423400,3.85842333984375,-0.04382958263158798,0.07467827945947647,-0.013286318629980087
1779958164408763600,3.874763671875,-0.047189339995384216,0.039095375686883926,-0.0064140851609408855
1779958164425104000,3.891103759765625,-0.021991148591041565,0.02779436856508255,0.010079276748001575
1779958164441425700,3.90742578125,-0.003054326167330146,0.005650503560900688,0.042760565876960754
1779958164457753600,3.923753662109375,0.01817324012517929,-0.06276640295982361,0.058948494493961334
1779958164474088700,3.940088623046875,0.06291911751031876,-0.07620543986558914,0.07910704612731934
1779958164490408000,3.956407958984375,0.11255192011594772,-0.004581489134579897,0.0633772686123848
1779958164506734800,3.97273486328125,0.054367005825042725,0.06612616032361984,0.04444044828414917
1779958164523049700,3.9890498046875,-0.07101308554410934,0.10720685124397278,0.01878410577774048
1779958164539401000,4.00540087890625,-0.15577064454555511,0.13729196786880493,-0.06123924255371094
1779958164555735000,4.021735107421875,-0.09529497474431992,0.05711590126156807,-0.09529497474431992
1779958164572065300,4.038065185546875,-0.04245513305068016,0.08811730891466141,-0.1134682223200798
1779958164588399900,4.05439990234375,-0.005345070734620094,0.09773843735456467,-0.12538009881973267
1779958164604730600,4.070730712890625,0.014355333521962166,0.10674870014190674,-0.13301590085029602
1779958164621064200,4.087064208984375,0.020922135561704636,0.11194105446338654,-0.15073099732398987
1779958164637395000,4.10339501953125,0.002138028386980295,0.13927727937698364,-0.12202033400535583
1779958164653727500,4.1197275390625,-0.005650503560900688,0.1586722433567047,-0.07956519722938538
1779958164670057200,4.13605712890625,-0.0065668015740811825,0.14004085958003998,-0.05925392732024193
1779958164686385700,4.1523857421875,-0.009468411095440388,0.12522737681865692,-0.04795292019844055
1779958164702709800,4.168709716796875,-0.00733038317412138,0.11698069423437119,-0.0354301854968071
1779958164719069400,4.1850693359375,0.0027488935738801956,0.10995574295520782,-0.04046982154250145
1779958164735384300,4.20138427734375,0.00733038317412138,0.09392052888870239,-0.044135015457868576
1779958164751718700,4.21771875,-0.012980886735022068,0.07269296050071716,-0.04108068719506264
1779958164768049700,4.234049560546875,-0.031612277030944824,0.04902193695306778,-0.04138612002134323
1779958164784383500,4.250383544921875,-0.03191770985722542,0.01970040425658226,-0.054825156927108765
1779958164800715500,4.266715576171875,-0.01878410577774048,0.02977968007326126,-0.07131851464509964
1779958164817047800,4.2830478515625,-0.009926560334861279,0.05360342562198639,-0.08170322328805923
1779958164833396500,4.299396484375,-0.007788531947880983,0.05390885844826698,-0.08002334833145142
1779958164849724700,4.315724609375,-0.004123340360820293,0.039248090237379074,-0.06627888232469559
1779958164866057000,4.332056884765625,0.0013744467869400978,0.01664607785642147,-0.05253441259264946
1779958164882386700,4.34838671875,-0.00015271631127689034,0.0024434609804302454,-0.04596760869026184
1779958164898717200,4.36471728515625,-0.005039638374000788,-0.010079276748001575,-0.03726277872920036
1779958164915057700,4.3810576171875,-0.01237002108246088,-0.015882495790719986,-0.02626720629632473
1779958164931368700,4.39736865234375,-0.015577063895761967,0.001679879380390048,-0.01038470957428217
1779958164947705900,4.413705810546875,-0.004123340360820293,0.02015855349600315,-0.015271631069481373
1779958164964035000,4.43003515625,0.005039638374000788,0.009621127508580685,-0.022907447069883347
1779958164980379000,4.44637890625,0.01191187184303999,0.0074830991216003895,-0.02275473065674305
1779958164996699600,4.46269970703125,0.013439035043120384,0.004428773187100887,-0.021380282938480377
1779958165013029000,4.479029052734375,0.013591751456260681,0.011759156361222267,-0.024434609338641167
1779958165029365500,4.495365478515625,0.009773843921720982,0.01572977937757969,-0.024587325751781464
1779958165045696300,4.5116962890625,0.008704829961061478,0.016493361443281174,-0.01771509274840355
1779958165062022400,4.5280224609375,0.007635815534740686,0.007024950347840786,-0.016493361443281174
1779958165078365000,4.544364990234375,0.005497787147760391,-0.006719517521560192,-0.01878410577774048
1779958165094691600,4.560691650390625,0.007788531947880983,-0.02382374368607998,-0.018936822190880775
1779958165111024400,4.5770244140625,0.006108652334660292,-0.02168571576476097,-0.015882495790719986
1779958165127355600,4.593355712890625,0.0006108652451075613,-0.016493361443281174,-0.01817324012517929
1779958165143689000,4.60968896484375,-0.0032070425804704428,-0.010690141469240189,-0.01725694350898266
1779958165160018400,4.626018310546875,-0.00427605677396059,-0.017867809161543846,-0.018478672951459885
1779958165176332000,4.64233203125,-0.004886921960860491,-0.02779436856508255,-0.02168571576476097
1779958165192684500,4.6586845703125,-0.002138028386980295,-0.03955352306365967,-0.030085112899541855
1779958165209014800,4.675014892578125,-0.004123340360820293,-0.037110064178705215,-0.03176499158143997
1779958165225364500,4.691364501953125,-0.001832595793530345,-0.03481931984424591,-0.029168816283345222
1779958165241674500,4.707674560546875,0.008246680721640587,-0.054367005825042725,-0.03298672288656235
1779958165258023400,4.7240234375,0.013439035043120384,-0.05757404863834381,-0.03191770985722542
1779958165274356000,4.74035595703125,0.01237002108246088,-0.03588833287358284,-0.030237829312682152
1779958165290688800,4.756688720703125,0.008246680721640587,-0.04199698567390442,-0.021074850112199783
1779958165307016200,4.77301611328125,0.0065668015740811825,-0.04535674303770065,-0.009773843921720982
1779958165323355100,4.789355224609375,0.007024950347840786,-0.043218716979026794,-0.004428773187100887
1779958165339708200,4.805708251953125,0.009926560334861279,-0.06108652427792549,-0.0006108652451075613
1779958165356017000,4.822016845703125,0.01771509274840355,-0.07208210229873657,-0.0019853119738399982
1779958165372345900,4.838345947265625,0.020463986322283745,-0.06658431142568588,0.0029016099870204926
1779958165388679700,4.8546796875,0.021074850112199783,-0.036651913076639175,0.005497787147760391
1779958165405021700,4.871021728515625,0.02122756652534008,-0.030695978552103043,0.01466076634824276
1779958165421314600,4.887314453125,0.020616702735424042,-0.06185010448098183,0.02871066704392433
1779958165437662500,4.903662353515625,0.021532999351620674,-0.07528914511203766,0.03084869496524334
1779958165454013200,4.92001318359375,0.017867809161543846,-0.06230825558304787,0.00855211354792118
1779958165470338300,4.93633837890625,0.012675453908741474,-0.051312681287527084,-0.015118914656341076
1779958165486657500,4.952657470703125,0.011301007121801376,-0.05543602257966995,-0.021532999351620674
1779958165503010800,4.9690107421875,0.00809396430850029,-0.06368270516395569,-0.023060163483023643
1779958165519316500,4.98531640625,0.00427605677396059,-0.07880161702632904,-0.027030786499381065
1779958165535656400,5.001656494140625,0.0010690141934901476,-0.08994990587234497,-0.028557950630784035
1779958165551989800,5.01798974609375,-0.0006108652451075613,-0.08674286305904388,-0.04001167416572571
1779958165568309200,5.034309326171875,-0.001679879380390048,-0.0682641938328743,-0.040164388716220856
1779958165584653000,5.050653076171875,-0.0024434609804302454,-0.0455094613134861,-0.043218716979026794
1779958165600986600,5.066986572265625,-0.00733038317412138,-0.050854530185461044,-0.04932736977934837
1779958165617317400,5.0833173828125,-0.008246680721640587,-0.07299839705228806,-0.034666601568460464
1779958165633650400,5.099650390625,-0.007941247895359993,-0.08429940044879913,-0.01710422709584236
1779958165649980700,5.115980712890625,-0.0039706239476799965,-0.06352998316287994,-0.016798794269561768
1779958165666302700,5.132302734375,-0.0065668015740811825,-0.02779436856508255,-0.02321287989616394
1779958165682646300,5.148646240234375,-0.01237002108246088,-0.001679879380390048,-0.024129176512360573
1779958165698995200,5.1649951171875,-0.011301007121801376,-0.004123340360820293,-0.019853120669722557
1779958165715321900,5.18132177734375,-0.005039638374000788,-0.039248090237379074,-0.006261368747800589
1779958165731655000,5.197655029296875,0.0024434609804302454,-0.07162395119667053,0.013133603148162365
1779958165747965000,5.21396484375,0.009773843921720982,-0.07269296050071716,0.013286318629980087
1779958165764320000,5.230320068359375,0.007941247895359993,-0.04138612002134323,0.001527163083665073
1779958165780650200,5.246650146484375,-0.00015271631127689034,0.0019853119738399982,-0.006261368747800589
1779958165796983300,5.2629833984375,-0.001679879380390048,0.008246680721640587,-0.009926560334861279
1779958165813315600,5.279315673828125,-0.00015271631127689034,-0.00045814894838258624,-0.001679879380390048
1779958165829646300,5.295646240234375,-0.0012217304902151227,-0.01542434748262167,0.005497787147760391
1779958165845979000,5.311978759765625,0.0013744467869400978,-0.044745877385139465,0.005650503560900688
1779958165862313000,5.32831298828125,0.0013744467869400978,-0.03375030308961868,0.0024434609804302454
1779958165878636300,5.34463623046875,-0.00015271631127689034,0.005192354787141085,-0.012217304669320583
1779958165894975000,5.36097509765625,-0.0065668015740811825,0.015577063895761967,-0.018936822190880775
1779958165911306200,5.37730615234375,-0.008857546374201775,-0.0007635815418325365,-0.004734205547720194
1779958165927663600,5.39366357421875,-0.004428773187100887,-0.02626720629632473,-0.001527163083665073
1779958165943957200,5.409957275390625,-0.00045814894838258624,-0.023365596309304237,-0.00366519158706069
1779958165960290600,5.42629052734375,0.001527163083665073,-0.005650503560900688,-0.015271631069481373
1779958165976630500,5.442630615234375,0.001527163083665073,-0.0009162978967651725,-0.01572977937757969
1779958165992950000,5.458949951171875,-0.0039706239476799965,0.0007635815418325365,-0.01160643994808197
1779958166009280300,5.4752802734375,-0.008246680721640587,-0.007635815534740686,-0.008246680721640587
1779958166025624600,5.49162451171875,-0.006872233934700489,-0.018936822190880775,-0.005345070734620094
1779958166041940500,5.5079404296875,-0.0009162978967651725,-0.029932396486401558,-0.004734205547720194
1779958166058282500,5.524282470703125,0.004428773187100887,-0.018325956538319588,-0.005650503560900688
1779958166074617600,5.54061767578125,0.001527163083665073,0.019089538604021072,-0.007024950347840786
1779958166090948600,5.556948486328125,-0.004123340360820293,0.03145955875515938,-0.007177666760981083
1779958166107279400,5.573279296875,-0.006719517521560192,0.020922135561704636,0.0012217304902151227
1779958166123612400,5.5896123046875,-0.004428773187100887,0.00045814894838258624,0.009621127508580685
1779958166139943700,5.605943603515625,-0.001832595793530345,-0.01542434748262167,0.010231993161141872
1779958166156274400,5.6222744140625,-0.004428773187100887,-0.0027488935738801956,0.009162978269159794
1779958166172607700,5.638607666015625,-0.006719517521560192,0.020311269909143448,0.005497787147760391
1779958166188951800,5.654951904296875,-0.006261368747800589,0.019089538604021072,-0.003054326167330146
1779958166205275000,5.67127490234375,-0.00427605677396059,0.014508049935102463,0.00015271631127689034
1779958166221616600,5.68761669921875,0.0009162978967651725,0.012980886735022068,0.002138028386980295
1779958166237923600,5.703923583984375,0.00366519158706069,0.018325956538319588,-0.0019853119738399982
1779958166254281000,5.720281005859375,0.0009162978967651725,0.025656340643763542,-0.005650503560900688
1779958166278767400,5.744767333984375,-0.001527163083665073,0.02733621932566166,-0.01160643994808197
1779958166295096800,5.761096923828125,0.0009162978967651725,0.022449297830462456,-0.010537425056099892
1779958166311430400,5.777430419921875,0.004734205547720194,0.007177666760981083,-0.01114829070866108
1779958166327763500,5.793763427734375,0.00045814894838258624,0.02535090781748295,-0.01038470957428217
1779958166344089600,5.810089599609375,-0.003512475173920393,0.030237829312682152,-0.010690141469240189
1779958166360430300,5.826430419921875,-0.001679879380390048,0.021074850112199783,-0.004581489134579897
1779958166376775400,5.842775390625,-0.00015271631127689034,0.020463986322283745,0.0007635815418325365
1779958166393108200,5.859108154296875,0.0013744467869400978,0.024892758578062057,0.0032070425804704428
1779958166409434000,5.87543408203125,0.001679879380390048,0.01924225501716137,0.008246680721640587
1779958166425769000,5.89176904296875,0.0012217304902151227,0.01878410577774048,0.008246680721640587
1779958166442099700,5.908099609375,0.00045814894838258624,0.01878410577774048,0.005955935921519995
1779958166458402300,5.92440234375,0.0013744467869400978,0.014202617108821869,0.0013744467869400978
1779958166474747600,5.94074755859375,0.0013744467869400978,0.015577063895761967,0.0032070425804704428
1779958166491084500,5.95708447265625,0.0007635815418325365,0.021074850112199783,0.00931569468230009
1779958166507413800,5.973413818359375,0.001679879380390048,0.02687807008624077,0.01114829070866108
1779958166523748000,5.989748046875,0.00733038317412138,0.023976460099220276,0.005192354787141085
1779958166540059600,6.0060595703125,0.010079276748001575,0.023518312722444534,0.0010690141934901476
1779958166556393000,6.02239306640625,0.0065668015740811825,0.03390302136540413,-0.001679879380390048
1779958166572743000,6.038742919921875,0.005039638374000788,0.013286318629980087,0.001679879380390048
1779958166589073700,6.05507373046875,0.005192354787141085,-0.012217304669320583,0.00855211354792118
1779958166605407000,6.071406982421875,0.0039706239476799965,-0.011759156361222267,0.009162978269159794
1779958166621740800,6.08774072265625,0.0024434609804302454,0.00366519158706069,0.0039706239476799965
1779958166638070300,6.1040703125,0.0027488935738801956,0.01160643994808197,0.0029016099870204926
1779958166654403000,6.120403076171875,0.0032070425804704428,0.016035212203860283,0.00855211354792118
1779958166670739700,6.13673974609375,0.00427605677396059,0.0019853119738399982,0.011453723534941673
1779958166687083300,6.153083251953125,0.005803219974040985,-0.005650503560900688,0.00733038317412138
1779958166703417900,6.16941796875,0.0029016099870204926,0.0019853119738399982,0.005345070734620094
1779958166719743700,6.18574365234375,-0.0019853119738399982,0.00855211354792118,0.0027488935738801956
1779958166736077800,6.202077880859375,-0.004428773187100887,0.00855211354792118,0.005192354787141085
1779958166752405200,6.2184052734375,-0.003054326167330146,0.005192354787141085,0.005039638374000788
1779958166768747000,6.2347470703125,0.0024434609804302454,-0.007635815534740686,0.002138028386980295
1779958166785054700,6.2510546875,0.004734205547720194,-0.001527163083665073,-0.001679879380390048
1779958166801407500,6.267407470703125,0.0007635815418325365,0.011453723534941673,-0.0013744467869400978
1779958166817739000,6.283739013671875,-0.00366519158706069,0.01572977937757969,0.00366519158706069
1779958166834070800,6.30007080078125,-0.0027488935738801956,-0.00427605677396059,0.011759156361222267
1779958166850401000,6.316401123046875,0.0025961773935705423,-0.02886338345706463,0.022143865004181862
1779958166866732300,6.332732177734375,0.006872233934700489,-0.03222314268350601,0.018325956538319588
1779958166883068000,6.34906787109375,0.0029016099870204926,-0.005955935921519995,0.012522737495601177
1779958166899396600,6.365396728515625,-0.0013744467869400978,0.019547687843441963,0.012828170321881771
1779958166915729400,6.3817294921875,-0.00015271631127689034,0.01863138936460018,0.00855211354792118
1779958166932058600,6.39805859375,0.003054326167330146,-0.00015271631127689034,0.011759156361222267
1779958166948398000,6.414398193359375,0.005803219974040985,-0.013591751456260681,0.012064588256180286
1779958166964722200,6.43072216796875,0.005955935921519995,-0.015271631069481373,0.01237002108246088
1779958166981044500,6.44704443359375,0.003817907767370343,-0.013897184282541275,0.01160643994808197
1779958166997372700,6.46337255859375,-0.001832595793530345,-0.00733038317412138,0.011759156361222267
1779958167013708000,6.4797080078125,-0.004428773187100887,0.004734205547720194,0.005803219974040985
1779958167030028000,6.496028076171875,-0.00366519158706069,-0.0012217304902151227,0.0064140851609408855
1779958167046388500,6.512388427734375,-0.001527163083665073,-0.014049900695681572,0.009162978269159794
1779958167062692600,6.528692626953125,-0.0009162978967651725,-0.009926560334861279,0.013744467869400978
1779958167079025400,6.545025390625,-0.0013744467869400978,-0.006261368747800589,0.010079276748001575
1779958167095369200,6.561369140625,-0.0009162978967651725,-0.010231993161141872,0.00855211354792118
1779958167111701800,6.57770166015625,-0.002138028386980295,-0.010842857882380486,0.00427605677396059
1779958167128032500,6.594032470703125,-0.0012217304902151227,-0.003512475173920393,0.001679879380390048
1779958167144366300,6.610366455078125,-0.0012217304902151227,0.0003054326225537807,0.006108652334660292
1779958167160695000,6.626695068359375,-0.0024434609804302454,-0.010231993161141872,0.0065668015740811825
1779958167177033200,6.643033203125,-0.00427605677396059,-0.01710422709584236,0.009162978269159794
1779958167193362200,6.659362060546875,-0.005039638374000788,-0.013439035043120384,0.005192354787141085
1779958167209694000,6.67569384765625,-0.003817907767370343,-0.0032070425804704428,-0.0029016099870204926
1779958167226025700,6.692025634765625,-0.002138028386980295,0.0065668015740811825,-0.001679879380390048
1779958167242355200,6.708355224609375,-0.0006108652451075613,0.013286318629980087,0.008704829961061478
1779958167258692400,6.7246923828125,0.00366519158706069,0.0009162978967651725,0.011453723534941673
1779958167275039700,6.741039794921875,0.006872233934700489,-0.006719517521560192,0.013286318629980087
1779958167291366700,6.75736669921875,0.005192354787141085,0.001527163083665073,0.012980886735022068
1779958167307700000,6.773699951171875,0.003054326167330146,0.00809396430850029,0.0074830991216003895
1779958167324028200,6.790028076171875,0.0013744467869400978,0.004734205547720194,0.003359758760780096
1779958167340368000,6.806367919921875,-0.0006108652451075613,0.01725694350898266,0.00366519158706069
1779958167356696300,6.8226962890625,0,0.012064588256180286,-0.001679879380390048
1779958167373030000,6.83902978515625,0.0012217304902151227,0.004734205547720194,0.005803219974040985
1779958167389359400,6.855359375,0.004428773187100887,0.0010690141934901476,0.014966198243200779
1779958167405694000,6.87169384765625,0.0027488935738801956,-0.004581489134579897,0.016951510682702065
1779958167422023400,6.8880234375,-0.0010690141934901476,0.012675453908741474,0.018020525574684143
1779958167438355000,6.90435498046875,-0.0013744467869400978,0.02168571576476097,0.021074850112199783
1779958167454685700,6.920685791015625,-0.004428773187100887,0.004734205547720194,0.03833179548382759
1779958167471024600,6.937024658203125,-0.012980886735022068,-0.012980886735022068,0.0633772686123848
1779958167487349800,6.953349853515625,-0.013439035043120384,-0.03344487398862839,0.07971791177988052
1779958167503671600,6.969671630859375,0.006261368747800589,-0.07895433157682419,0.09758572280406952
1779958167520002000,6.986001953125,0.039706241339445114,-0.14706580340862274,0.13240504264831543
1779958167536332000,7.00233203125,0.0734565481543541,-0.20204368233680725,0.1635591685771942
1779958167552668200,7.018668212890625,0.04734205827116966,-0.22220222651958466,0.17241671681404114
1779958167568998700,7.03499853515625,0.029168816283345222,-0.17150041460990906,0.14156801998615265
1779958167585331500,7.05133154296875,0.008704829961061478,-0.11194105446338654,0.09666942805051804
1779958167601664800,7.067664794921875,-0.038637228310108185,-0.08261952549219131,0.09117163717746735
1779958167617998800,7.083998779296875,-0.048716504126787186,0.01542434748262167,0.05513058975338936
1779958167634327800,7.100327880859375,-0.01542434748262167,0.11499538272619247,0.012522737495601177
1779958167650660000,7.11666015625,0.027488935738801956,0.11041389405727386,-0.016951510682702065
1779958167667000600,7.13300048828125,0.04566217586398125,0.07147123664617538,-0.011301007121801376
1779958167683332600,7.14933251953125,0.03985895588994026,0.09896016865968704,-0.006719517521560192
1779958167699668700,7.165668701171875,0.028099801391363144,0.18219055235385895,-0.016493361443281174
1779958167716001000,7.1820009765625,0.03130684420466423,0.22663100063800812,-0.009468411095440388
1779958167732325000,7.1983251953125,0.03145955875515938,0.27550023794174194,0.004886921960860491
1779958167748675600,7.214675537109375,0.03481931984424591,0.2678644061088562,0.01710422709584236
1779958167764994300,7.230994384765625,0.02580905705690384,0.2330450862646103,0.039248090237379074
1779958167781332000,7.24733203125,0.019853120669722557,0.22586742043495178,0.053297992795705795
1779958167797663500,7.26366357421875,0.010079276748001575,0.2776382565498352,0.059864792972803116
1779958167813993700,7.27999365234375,0.01924225501716137,0.3188716471195221,0.05604688450694084
1779958167830325000,7.296324951171875,0.033597588539123535,0.33826664090156555,0.03848451003432274
1779958167846642000,7.312641845703125,0.04138612002134323,0.34345898032188416,0.021838432177901268
1779958167862991400,7.328991455078125,0.038026362657547,0.39354994893074036,-0.003817907767370343
1779958167879321000,7.345321044921875,0.03634648025035858,0.46334129571914673,-0.029932396486401558
1779958167895654400,7.361654296875,0.04382958263158798,0.47479501366615295,-0.03894266113638878
1779958167911960600,7.377960693359375,0.03451388701796532,0.44089198112487793,-0.030237829312682152
1779958167928318200,7.394318115234375,0.039095375686883926,0.36483925580978394,-0.003054326167330146
1779958167944651500,7.410651611328125,0.025503624230623245,0.3101668357849121,0.005497787147760391
1779958167960982800,7.426982666015625,0.007941247895359993,0.3136793076992035,-0.0009162978967651725
1779958167977312000,7.44331201171875,0.00931569468230009,0.3309362530708313,-0.03405573591589928
1779958167993631500,7.459631591796875,0,0.3425426781177521,-0.05146539583802223
1779958168009970700,7.475970703125,0.006872233934700489,0.3013092875480652,-0.04688390716910362
1779958168026279700,7.49227978515625,0.026114489883184433,0.23854288458824158,-0.03985895588994026
1779958168042610700,7.508610595703125,0.030237829312682152,0.20402899384498596,-0.042760565876960754
1779958168058961200,7.524961181640625,0.01572977937757969,0.15485434234142303,-0.040164388716220856
1779958168075281200,7.54128125,0.005497787147760391,0.09605856239795685,-0.01725694350898266
1779958168091626800,7.557626708984375,0.02474004216492176,-0.006719517521560192,-0.0025961773935705423
1779958168107959800,7.573959716796875,0.01237002108246088,-0.019547687843441963,-0.010537425056099892
1779958168124291300,7.590291259765625,0.011759156361222267,-0.021074850112199783,-0.00931569468230009
1779958168140622000,7.6066220703125,0.004123340360820293,-0.044135015457868576,-0.010690141469240189
1779958168156953000,7.622953125,-0.0019853119738399982,-0.07467827945947647,-0.00855211354792118
1779958168173315000,7.639315185546875,-0.009162978269159794,-0.08475755155086517,-0.005955935921519995
1779958168189632500,7.655632568359375,-0.013591751456260681,-0.09941831976175308,0.009621127508580685
1779958168205962500,7.67196240234375,-0.01237002108246088,-0.10873401165008545,0.015882495790719986
1779958168222286600,7.68828662109375,-0.01038470957428217,-0.08704829961061478,0.001679879380390048
1779958168238636000,7.704635986328125,-0.008857546374201775,-0.07162395119667053,-0.007941247895359993
1779958168254945500,7.720945556640625,-0.01114829070866108,-0.0455094613134861,-0.017867809161543846
1779958168271280000,7.737280029296875,-0.009621127508580685,-0.046731192618608475,-0.019394971430301666
1779958168287611400,7.753611328125,-0.009926560334861279,-0.05314527451992035,-0.022449297830462456
1779958168303942400,7.7699423828125,-0.019089538604021072,-0.08674286305904388,-0.023365596309304237
1779958168320276000,7.78627587890625,-0.025961773470044136,-0.11453723162412643,-0.02474004216492176
1779958168336608000,7.80260791015625,-0.023060163483023643,-0.0910189226269722,-0.03039054572582245
1779958168352955400,7.818955322265625,-0.02122756652534008,-0.04596760869026184,-0.025045474991202354
1779958168369274000,7.835274169921875,-0.015882495790719986,-0.04734205827116966,-0.02535090781748295
1779958168385618400,7.851618408203125,-0.005497787147760391,-0.09957103431224823,-0.029016099870204926
1779958168401948400,7.867948486328125,-0.00045814894838258624,-0.14004085958003998,-0.02168571576476097
1779958168418281000,7.884281005859375,-0.007635815534740686,-0.14477506279945374,-0.009773843921720982
1779958168434614000,7.900614013671875,-0.023060163483023643,-0.17348572611808777,0.014508049935102463
1779958168450947300,7.916947265625,-0.025961773470044136,-0.1996002197265625,0.029932396486401558
1779958168467274200,7.933274169921875,-0.009773843921720982,-0.1921171247959137,0.030695978552103043
1779958168483596800,7.9495966796875,0.0074830991216003895,-0.15561792254447937,0.014355333521962166
1779958168499927300,7.96592724609375,0.005803219974040985,-0.10033461451530457,0.010231993161141872
1779958168516261600,7.98226171875,-0.0027488935738801956,-0.09208793938159943,0.00931569468230009
1779958168532593400,7.998593505859375,-0.010995574295520782,-0.1062905490398407,0.013133603148162365
1779958168548924200,8.014924072265625,-0.015118914656341076,-0.1215621829032898,0.016951510682702065
1779958168565257000,8.031257080078126,-0.009621127508580685,-0.13820825517177582,0.027183502912521362
1779958168581590800,8.0475908203125,-0.005650503560900688,-0.05955936014652252,0.004886921960860491
1779958168597909500,8.063909423828125,0.0032070425804704428,-0.04214970022439957,0.028557950630784035
1779958168614250500,8.08025048828125,0.005192354787141085,-0.11163562536239624,0.012675453908741474
1779958168630631700,8.096631591796875,0.009773843921720982,-0.03481931984424591,-0.01160643994808197
1779958168646917400,8.11291748046875,0.012675453908741474,0.014966198243200779,-0.03237585723400116
1779958168663267300,8.129267333984375,0.017562376335263252,0.04245513305068016,-0.03756821155548096
1779958168679594000,8.145593994140626,0.025656340643763542,0.060933809727430344,-0.03695734590291977
1779958168695926000,8.161926025390626,0.03298672288656235,0.10155634582042694,-0.04306599870324135
1779958168712260400,8.17826025390625,0.03344487398862839,0.14340060949325562,-0.04077525436878204
1779958168728575000,8.194574951171875,0.031612277030944824,0.16004669666290283,-0.02871066704392433
1779958168744902400,8.21090234375,0.027183502912521362,0.15913039445877075,-0.008399397134780884
1779958168761260500,8.227260498046874,0.01970040425658226,0.16325373947620392,0.009773843921720982
1779958168777589200,8.24358935546875,0.015271631069481373,0.18051068484783173,0.005803219974040985
1779958168793918500,8.25991845703125,0.014202617108821869,0.19532416760921478,-0.00809396430850029
1779958168810251500,8.27625146484375,0.015271631069481373,0.19364428520202637,-0.013897184282541275
1779958168826583800,8.292583740234376,0.01542434748262167,0.18219055235385895,-0.009621127508580685
1779958168842915800,8.308915771484376,0.007941247895359993,0.17791450023651123,-0.009621127508580685
1779958168859247400,8.325247314453126,-0.0010690141934901476,0.17088955640792847,-0.013133603148162365
1779958168875563500,8.3415634765625,0.0007635815418325365,0.14813482761383057,-0.012217304669320583
1779958168891911000,8.357910888671874,0.007177666760981083,0.152105450630188,-0.014966198243200779
1779958168908221000,8.374220947265625,0.01191187184303999,0.18646661937236786,-0.02321287989616394
1779958168924581400,8.390581298828126,0.010842857882380486,0.18280142545700073,-0.028099801391363144
1779958168940911400,8.406911376953126,0.005955935921519995,0.13759739696979523,-0.02015855349600315
1779958168957238300,8.42323828125,0.006719517521560192,0.08231408894062042,-0.008704829961061478
1779958168973560300,8.439560302734375,0.0012217304902151227,0.07895433157682419,-0.0027488935738801956
1779958168989890000,8.45589013671875,0.021074850112199783,0.05971207842230797,0.009010262787342072
1779958169006226700,8.472226806640625,0.00855211354792118,0.09315694868564606,0.010995574295520782
1779958169022556200,8.48855615234375,0.023060163483023643,0.10445795953273773,0.016951510682702065
1779958169038890500,8.504890380859376,0.028099801391363144,0.12996158003807068,0.01191187184303999
1779958169055219200,8.52121923828125,0.02229658141732216,0.16523905098438263,0.005192354787141085
1779958169071545300,8.53754541015625,0.023365596309304237,0.15515977144241333,-0.003054326167330146
1779958169087883800,8.5538837890625,0.044287730008363724,0.126143679022789,-0.00733038317412138
1779958169104215000,8.570215087890626,0.023365596309304237,0.14065171778202057,-0.00366519158706069
1779958169120548900,8.586548828125,0.014202617108821869,0.1258382350206375,0.01114829070866108
1779958169136877300,8.602877197265625,0.03527746722102165,0.09758572280406952,0.018020525574684143
1779958169153227500,8.6192275390625,0.030085112899541855,0.1339322030544281,-0.0019853119738399982
1779958169169562600,8.635562744140625,0.014202617108821869,0.25931230187416077,-0.02886338345706463
1779958169185888800,8.651888671875,0.01191187184303999,0.266642689704895,-0.039706241339445114
1779958169202235000,8.66823486328125,0.001832595793530345,0.1992947906255722,-0.023060163483023643
1779958169218552600,8.684552490234376,0,0.13775011897087097,-0.019547687843441963
1779958169234886400,8.700886474609375,0.004886921960860491,0.08888089656829834,-0.026114489883184433
1779958169251237600,8.717237548828125,-0.00015271631127689034,0.046731192618608475,-0.013439035043120384
1779958169267550700,8.73355078125,-0.00733038317412138,-0.013744467869400978,0.006261368747800589
1779958169283883000,8.749883056640625,-0.015882495790719986,-0.05268712714314461,0.01725694350898266
1779958169300220400,8.766220458984375,-0.016798794269561768,-0.05955936014652252,0.012064588256180286
1779958169316544800,8.782544677734375,-0.012980886735022068,-0.03145955875515938,0.006108652334660292
1779958169332877300,8.798877197265625,-0.00931569468230009,-0.009621127508580685,0.01466076634824276
1779958169349206800,8.815206787109375,-0.0024434609804302454,-0.014508049935102463,0.015118914656341076
1779958169365540600,8.83154052734375,0.004886921960860491,-0.029626963660120964,0.013439035043120384
1779958169381879600,8.847879638671875,0.007941247895359993,-0.05467243865132332,0.030237829312682152
1779958169398205700,8.864205810546874,0.01237002108246088,-0.07024950534105301,0.044135015457868576
1779958169414539800,8.880539794921875,0.0074830991216003895,-0.06765332818031311,0.04398229718208313
1779958169430873000,8.896873046875,-0.00366519158706069,-0.06734789162874222,0.042760565876960754
1779958169447203800,8.913203857421875,-0.009926560334861279,-0.08689557760953903,0.039706241339445114
1779958169463520300,8.929520263671876,-0.006261368747800589,-0.09483683109283447,0.031612277030944824
1779958169479856000,8.945856201171875,-0.005803219974040985,-0.08552113175392151,0.02886338345706463
1779958169496187600,8.962187744140625,-0.008399397134780884,-0.0835358202457428,0.02519819140434265
1779958169512519200,8.978519287109375,-0.013591751456260681,-0.07238753139972687,0.02015855349600315
1779958169528835300,8.99483544921875,-0.02122756652534008,-0.07712173461914062,0.01771509274840355
1779958169545186000,9.01118603515625,-0.021074850112199783,-0.098502017557621,0.026114489883184433
1779958169561516800,9.027516845703126,-0.01466076634824276,-0.09483683109283447,0.026572637259960175
1779958169577854000,9.04385400390625,-0.014049900695681572,-0.06780604273080826,0.015271631069481373
1779958169594179300,9.060179443359376,-0.007635815534740686,-0.00427605677396059,-0.011301007121801376
1779958169610510000,9.076510009765625,0.09514226019382477,0.775340735912323,-0.5337435007095337
1779958169626852600,9.0928525390625,0.015577063895761967,1.0265589952468872,-0.29856038093566895
1779958169643206400,9.109206298828125,-0.10735956579446793,0.6026185750961304,0.20861047506332397
1779958169659540000,9.1255400390625,-0.07635815441608429,-0.3026837408542633,0.09346238523721695
1779958169675860500,9.141860595703125,0.02229658141732216,-0.47678032517433167,0.06918048858642578
1779958169692185000,9.15818505859375,0.07483099400997162,-0.32528573274612427,0.07559457421302795
1779958169708501000,9.1745009765625,0.08292495459318161,-0.21533000469207764,0.06688974797725677
1779958169724852500,9.1908525390625,0.018325956538319588,-0.11224649101495743,0.04566217586398125
1779958169741171200,9.207171142578124,-0.03573561832308769,-0.009010262787342072,0.003512475173920393
1779958169757509000,9.223509033203126,-0.045204028487205505,-0.02076941914856434,0.003817907767370343
1779958169773847800,9.239847900390625,-0.022907447069883347,-0.07177666574716568,0.016951510682702065
1779958169790176800,9.2561767578125,-0.005039638374000788,-0.06520986557006836,0.007788531947880983
1779958169806509600,9.272509521484375,-0.00045814894838258624,-0.024434609338641167,-0.011301007121801376
1779958169822837200,9.288837158203124,0.003817907767370343,-0.002138028386980295,-0.020463986322283745
1779958169839191600,9.305191650390626,0.00733038317412138,0.0029016099870204926,-0.03145955875515938
1779958169855506400,9.32150634765625,-0.001679879380390048,0.010079276748001575,-0.031154127791523933
1779958169871838500,9.33783837890625,-0.013133603148162365,0.006872233934700489,-0.01466076634824276
1779958169888155600,9.35415576171875,-0.01618792861700058,-0.002138028386980295,-0.004581489134579897
1779958169904500000,9.3705,-0.007024950347840786,-0.013897184282541275,-0.005345070734620094
1779958169920822500,9.386822509765626,0.003359758760780096,-0.008857546374201775,-0.009926560334861279
1779958169937164500,9.40316455078125,0.0029016099870204926,-0.0013744467869400978,-0.012828170321881771
1779958169953486600,9.419486572265624,-0.00366519158706069,-0.004581489134579897,-0.005497787147760391
1779958169969816000,9.435816162109376,-0.007024950347840786,-0.02825251780450344,-0.0019853119738399982
1779958169986150000,9.45214990234375,-0.01191187184303999,-0.036041051149368286,-0.0006108652451075613
1779958170002482700,9.468482666015625,-0.010537425056099892,-0.03878994286060333,-0.00931569468230009
1779958170018813400,9.4848134765625,-0.004123340360820293,-0.031154127791523933,-0.027641652151942253
1779958170035146000,9.50114599609375,-0.004428773187100887,-0.009010262787342072,-0.03329215571284294
1779958170051465700,9.5174658203125,-0.008857546374201775,-0.003054326167330146,-0.03344487398862839
1779958170067810300,9.533810302734375,-0.010690141469240189,-0.02535090781748295,-0.03573561832308769
1779958170084143400,9.550143310546876,-0.008399397134780884,-0.04001167416572571,-0.03741549700498581
1779958170100473600,9.5664736328125,-0.010537425056099892,-0.01725694350898266,-0.039706241339445114
1779958170116806700,9.582806640625,-0.008399397134780884,0.00931569468230009,-0.03649919852614403
1779958170133138700,9.599138671875,-0.0029016099870204926,0.025045474991202354,-0.03344487398862839
1779958170149472500,9.615472412109375,-0.0032070425804704428,0.015118914656341076,-0.029626963660120964
1779958170165816600,9.631816650390626,-0.00366519158706069,-0.04260785132646561,0.008704829961061478
1779958170182148400,9.6481484375,-0.009773843921720982,-0.0705549344420433,0.03680463135242462
1779958170198452700,9.66445263671875,-0.01038470957428217,-0.07971791177988052,0.041691552847623825
1779958170214782500,9.680782470703125,-0.004886921960860491,-0.05192354694008827,0.027947084978222847
1779958170231120600,9.69712060546875,-0.00733038317412138,-0.03237585723400116,0.010079276748001575
1779958170247463400,9.71346337890625,-0.01817324012517929,-0.003817907767370343,-0.004581489134579897
1779958170263795700,9.729795654296876,-0.02825251780450344,0.007635815534740686,0.0006108652451075613
1779958170280127500,9.74612744140625,-0.025656340643763542,-0.004886921960860491,0.0064140851609408855
1779958170296456700,9.762456787109375,-0.00931569468230009,-0.057879481464624405,0.009010262787342072
1779958170312795100,9.778795166015625,0.007177666760981083,-0.07849618047475815,-0.003359758760780096
1779958170329123000,9.795123046875,0.01664607785642147,-0.04963280260562897,-0.015118914656341076
1779958170345456600,9.81145654296875,0.01878410577774048,-0.024434609338641167,-0.03130684420466423
1779958170361788400,9.827788330078125,0.015271631069481373,-0.016951510682702065,-0.033139441162347794
1779958170378122500,9.84412255859375,0.013591751456260681,-0.024892758578062057,-0.029168816283345222
1779958170394452200,9.8604521484375,0.011759156361222267,-0.01710422709584236,-0.029626963660120964
1779958170410785800,9.876785888671876,0.00045814894838258624,0.015118914656341076,-0.030543262138962746
1779958170427130600,9.893130615234375,-0.009773843921720982,0.019853120669722557,-0.03481931984424591
1779958170443445800,9.90944580078125,-0.013133603148162365,0,-0.025503624230623245
1779958170459782700,9.92578271484375,-0.0074830991216003895,-0.013133603148162365,-0.013133603148162365
1779958170476113700,9.94211376953125,-0.009773843921720982,0.008246680721640587,-0.00733038317412138
1779958170492431000,9.95843115234375,-0.004734205547720194,0.02672535367310047,-0.012980886735022068
1779958170508776000,9.97477587890625,-0.001679879380390048,0.031612277030944824,-0.02321287989616394
1779958170525109000,9.99110888671875,-0.0010690141934901476,0.02932153269648552,-0.018325956538319588
1779958170541442800,10.00744287109375,0,0.020922135561704636,-0.01114829070866108
1779958170557773800,10.02377392578125,-0.00366519158706069,-0.010842857882380486,-0.0003054326225537807
1779958170574105000,10.04010498046875,-0.006872233934700489,-0.008246680721640587,0.006872233934700489
1779958170590436900,10.056436767578125,-0.00733038317412138,-0.0027488935738801956,-0.0025961773935705423
1779958170606771500,10.072771484375,-0.00931569468230009,-0.0019853119738399982,-0.0022907445672899485
1779958170623101700,10.089101806640626,-0.011301007121801376,0.005192354787141085,0.001832595793530345
1779958170639432700,10.1054326171875,-0.007635815534740686,-0.01710422709584236,-0.0019853119738399982
1779958170655783700,10.12178369140625,-0.004428773187100887,-0.024129176512360573,-0.004886921960860491
1779958170672105000,10.13810498046875,-0.0032070425804704428,-0.02229658141732216,-0.009468411095440388
1779958170688448300,10.1544482421875,-0.008857546374201775,-0.010842857882380486,-0.010537425056099892
1779958170704779500,10.170779541015625,-0.01160643994808197,-0.012522737495601177,-0.008246680721640587
1779958170721091800,10.187091796875,-0.006108652334660292,0.0009162978967651725,-0.012522737495601177
1779958170737433600,10.20343359375,-0.003817907767370343,0.012522737495601177,-0.014508049935102463
1779958170753781800,10.21978173828125,-0.0012217304902151227,0.00733038317412138,-0.01664607785642147
1779958170770102500,10.2361025390625,0.0003054326225537807,-0.0027488935738801956,-0.014966198243200779
1779958170786435800,10.252435791015625,0.00015271631127689034,-0.017562376335263252,-0.01618792861700058
1779958170802774500,10.2687744140625,-0.0010690141934901476,-0.02122756652534008,-0.013897184282541275
1779958170819068700,10.285068603515626,0.0003054326225537807,-0.01160643994808197,-0.014355333521962166
1779958170835419000,10.3014189453125,-0.0006108652451075613,-0.0024434609804302454,-0.015577063895761967
1779958170851752000,10.317751953125,-0.0022907445672899485,-0.004581489134579897,-0.012522737495601177
1779958170868083700,10.334083740234375,-0.0025961773935705423,-0.009773843921720982,-0.011453723534941673
1779958170884415700,10.350415771484375,-0.0024434609804302454,-0.00366519158706069,-0.008246680721640587
1779958170900731400,10.3667314453125,-0.003054326167330146,-0.00015271631127689034,-0.008704829961061478
1779958170917083400,10.38308349609375,-0.0039706239476799965,-0.010231993161141872,-0.011453723534941673
1779958170933412900,10.399412841796876,-0.0013744467869400978,-0.024129176512360573,-0.01542434748262167
1779958170949742800,10.415742919921875,0.0003054326225537807,-0.025961773470044136,-0.012980886735022068
1779958170966075600,10.43207568359375,-0.0003054326225537807,-0.010079276748001575,-0.007635815534740686
1779958170982408700,10.44840869140625,-0.0019853119738399982,-0.0003054326225537807,-0.0032070425804704428
1779958170998740000,10.464739990234374,-0.0025961773935705423,-0.018478672951459885,0.005803219974040985
1779958171015075300,10.481075439453125,0.0003054326225537807,-0.010995574295520782,0.01160643994808197
1779958171031401500,10.4974013671875,0.0013744467869400978,-0.0064140851609408855,0.012828170321881771
1779958171047736600,10.513736572265625,0.003054326167330146,-0.009468411095440388,0.02321287989616394
1779958171064066800,10.53006689453125,0.004123340360820293,-0.00809396430850029,0.01878410577774048
1779958171080413200,10.5464130859375,0.0074830991216003895,-0.00045814894838258624,0.005650503560900688
1779958171096733000,10.56273291015625,0.004428773187100887,0.015577063895761967,-0.001679879380390048
1779958171113052400,10.579052490234375,-0.0019853119738399982,0.0074830991216003895,-0.004581489134579897
1779958171129397000,10.59539697265625,-0.0065668015740811825,-0.00427605677396059,0.0019853119738399982
1779958171145729000,10.61172900390625,-0.009773843921720982,-0.018020525574684143,0.0074830991216003895
1779958171162078700,10.62807861328125,-0.007024950347840786,-0.03191770985722542,0.010690141469240189
1779958171178404900,10.64440478515625,-0.002138028386980295,-0.027641652151942253,0.005803219974040985
1779958171194735600,10.660735595703125,-0.0006108652451075613,-0.02015855349600315,0.001527163083665073
1779958171211078400,10.677078369140625,-0.0019853119738399982,-0.03695734590291977,0.0009162978967651725
1779958171227402800,10.69340283203125,-0.0025961773935705423,-0.04886921867728233,0.0012217304902151227
1779958171243735600,10.709735595703124,-0.0006108652451075613,-0.04581489413976669,0.001679879380390048
1779958171260070100,10.726070068359375,-0.003054326167330146,-0.04596760869026184,0.0019853119738399982
1779958171276391700,10.7423916015625,-0.005192354787141085,-0.02871066704392433,-0.0029016099870204926
1779958171292738800,10.75873876953125,-0.0039706239476799965,-0.013286318629980087,-0.014966198243200779
1779958171309065200,10.775065185546875,-0.005039638374000788,0.001679879380390048,-0.016951510682702065
1779958171325397000,10.79139697265625,-0.005803219974040985,0.015882495790719986,-0.018020525574684143
1779958171341727000,10.80772705078125,-0.00366519158706069,0.018936822190880775,-0.01038470957428217
1779958171358062600,10.8240625,0.0007635815418325365,0.009468411095440388,-0.008399397134780884
1779958171374391000,10.84039111328125,0.0024434609804302454,0.005192354787141085,-0.008246680721640587
1779958171390709800,10.856709716796875,-0.001679879380390048,0.01878410577774048,0
1779958171407038000,10.873037841796876,-0.007635815534740686,0.03237585723400116,0.0013744467869400978
1779958171423375000,10.889375,-0.00855211354792118,0.031612277030944824,-0.00015271631127689034
1779958171439705900,10.905705810546875,-0.005803219974040985,0.01466076634824276,0.0019853119738399982
1779958171456040000,10.9220400390625,0.0009162978967651725,-0.004886921960860491,0.0013744467869400978
1779958171472371500,10.938371337890626,0.007788531947880983,-0.004581489134579897,0.0012217304902151227
1779958171488699600,10.95469970703125,0.00855211354792118,0.016798794269561768,0.003512475173920393
1779958171505033500,10.971033447265626,0.007177666760981083,0.017562376335263252,0.011301007121801376
1779958171521371100,10.98737109375,0.007177666760981083,-0.0025961773935705423,0.015271631069481373
1779958171537699800,11.003699951171875,0.007177666760981083,-0.011759156361222267,0.013591751456260681
1779958171554031600,11.020031494140625,0.003817907767370343,-0.017562376335263252,0.010231993161141872
1779958171570351400,11.036351318359374,0.003512475173920393,-0.01924225501716137,0.01191187184303999
1779958171586697200,11.052697265625,0.003512475173920393,-0.020463986322283745,0.008704829961061478
1779958171603028200,11.0690283203125,0.003054326167330146,-0.018936822190880775,0.002138028386980295
1779958171619359200,11.085359130859375,-0.001679879380390048,-0.014355333521962166,-0.004428773187100887
1779958171635698000,11.101697998046875,-0.005955935921519995,-0.014966198243200779,-0.004123340360820293
1779958171652012800,11.1180126953125,-0.00809396430850029,-0.0032070425804704428,-0.004581489134579897
1779958171668378600,11.134378662109375,-0.010079276748001575,0.013286318629980087,-0.003359758760780096
1779958171684678700,11.1506787109375,-0.007635815534740686,0.014202617108821869,0.001527163083665073
1779958171701021200,11.167021240234375,-0.00045814894838258624,-0.008399397134780884,0.013744467869400978
1779958171717350700,11.1833505859375,0.0074830991216003895,-0.00809396430850029,0.02519819140434265
1779958171733685500,11.199685546875,0.012522737495601177,0.0024434609804302454,0.027947084978222847
1779958171750018600,11.2160185546875,0.01160643994808197,0.0012217304902151227,0.038179077208042145
1779958171766350000,11.23235009765625,0.009773843921720982,0.008704829961061478,0.040622539818286896
1779958171782699800,11.24869970703125,0.006719517521560192,0.0065668015740811825,0.029168816283345222
1779958171799030800,11.26503076171875,0.0039706239476799965,0.0022907445672899485,0.018020525574684143
1779958171815364900,11.28136474609375,0.0029016099870204926,0.010690141469240189,0.015577063895761967
1779958171831694600,11.297694580078126,0.0065668015740811825,0.015882495790719986,0.005039638374000788
1779958171848022500,11.3140224609375,0.0065668015740811825,0.016035212203860283,-0.004123340360820293
1779958171864339000,11.3303388671875,0.002138028386980295,0.017867809161543846,-0.004428773187100887
1779958171880652500,11.346652587890626,-0.001679879380390048,0.023060163483023643,-0.0013744467869400978
1779958171897014800,11.363014892578125,-0.0024434609804302454,0.013439035043120384,0.0022907445672899485
1779958171913339400,11.37933935546875,0.00045814894838258624,0.0006108652451075613,0.006872233934700489
1779958171929668900,11.3956689453125,0.003359758760780096,-0.004123340360820293,0.01191187184303999
1779958171946002000,11.412001953125,0.001527163083665073,0.0003054326225537807,0.01237002108246088
1779958171962334700,11.428334716796876,0.0007635815418325365,-0.00855211354792118,0.020616702735424042
1779958171978666200,11.444666259765626,-0.0025961773935705423,-0.007788531947880983,0.023365596309304237
1779958171995001600,11.461001708984375,0.0003054326225537807,-0.012675453908741474,0.020311269909143448
1779958172011337000,11.4773369140625,0.00366519158706069,-0.015882495790719986,0.014355333521962166
1779958172027653000,11.493653076171874,0.0022907445672899485,-0.022907447069883347,0.012980886735022068
1779958172043996200,11.50999609375,-0.0012217304902151227,-0.03084869496524334,0.003359758760780096
1779958172060307200,11.52630712890625,-0.008399397134780884,-0.020922135561704636,-0.0065668015740811825
1779958172076656000,11.54265625,-0.012675453908741474,-0.013439035043120384,-0.011759156361222267
1779958172092994600,11.55899462890625,-0.014202617108821869,-0.00855211354792118,-0.0074830991216003895
1779958172109323000,11.575322998046875,-0.008246680721640587,-0.009773843921720982,-0.0007635815418325365
1779958172125655300,11.5916552734375,0.0022907445672899485,-0.019853120669722557,0.010995574295520782
1779958172141988000,11.607988037109376,0.010995574295520782,-0.017867809161543846,0.014966198243200779
1779958172158322000,11.624322021484375,0.006872233934700489,-0.020463986322283745,0.01038470957428217
1779958172174666800,11.640666748046876,-0.0027488935738801956,-0.013286318629980087,0.013439035043120384
1779958172190992100,11.6569921875,-0.01038470957428217,-0.01237002108246088,0.015118914656341076
1779958172207328500,11.67332861328125,-0.01114829070866108,-0.004581489134579897,0.012217304669320583
1779958172223662600,11.68966259765625,-0.005955935921519995,0.011301007121801376,-0.0003054326225537807
1779958172239974700,11.705974609375,0.0013744467869400978,0.009926560334861279,-0.006872233934700489
1779958172256326000,11.722325927734374,0.004734205547720194,0.0074830991216003895,-0.010079276748001575
1779958172272661200,11.7386611328125,0.004886921960860491,0.0009162978967651725,-0.01237002108246088
1779958172289005800,11.755005859375,0.002138028386980295,-0.00015271631127689034,-0.007635815534740686
1779958172305305600,11.7713056640625,-0.0019853119738399982,-0.002138028386980295,-0.0019853119738399982
1779958172321654000,11.787654052734375,-0.0032070425804704428,-0.014355333521962166,-0.00045814894838258624
1779958172337985300,11.8039853515625,-0.0039706239476799965,-0.016035212203860283,-0.00427605677396059
1779958172354318600,11.820318603515625,-0.001832595793530345,-0.016493361443281174,-0.009773843921720982
1779958172370618600,11.83661865234375,-0.0009162978967651725,-0.013439035043120384,-0.011759156361222267
1779958172386977500,11.8529775390625,0.0010690141934901476,-0.0032070425804704428,-0.015577063895761967
1779958172403304200,11.86930419921875,-0.0010690141934901476,0.0013744467869400978,-0.009010262787342072
1779958172419629000,11.885629150390624,-0.003512475173920393,-0.007941247895359993,-0.003817907767370343
1779958172435967200,11.90196728515625,-0.0010690141934901476,-0.00733038317412138,-0.010537425056099892
1779958172452298000,11.918298095703125,0.0009162978967651725,0.005955935921519995,-0.012980886735022068
1779958172468631000,11.934631103515626,0.00045814894838258624,0.01191187184303999,-0.013133603148162365
1779958172484960500,11.95096044921875,-0.00366519158706069,0.008246680721640587,-0.010079276748001575
1779958172501313500,11.9673134765625,-0.007788531947880983,0.0022907445672899485,-0.006261368747800589
1779958172517622800,11.983622802734375,-0.00809396430850029,-0.0024434609804302454,-0.009162978269159794
1779958172533959700,11.999959716796875,-0.003359758760780096,-0.0029016099870204926,-0.012217304669320583
1779958172550289200,12.0162890625,-0.004123340360820293,0.014813481830060482,-0.02382374368607998
1779958172566620400,12.032620361328124,-0.006261368747800589,0.012064588256180286,-0.02779436856508255
1779958172582958800,12.048958740234376,-0.0029016099870204926,-0.005955935921519995,-0.024892758578062057
1779958172599285200,12.06528515625,0.0022907445672899485,-0.005192354787141085,-0.025961773470044136
1779958172615618300,12.081618408203125,0.0006108652451075613,-0.004581489134579897,-0.03222314268350601
1779958172631952400,12.097952392578126,0.0027488935738801956,-0.022907447069883347,-0.029016099870204926
1779958172648278300,12.1142783203125,0.0024434609804302454,-0.02168571576476097,-0.014355333521962166
1779958172664635400,12.130635498046875,-0.0027488935738801956,-0.02229658141732216,-0.01191187184303999
1779958172680944600,12.146944580078125,-0.010079276748001575,-0.020616702735424042,-0.01160643994808197
1779958172697293800,12.1632939453125,-0.005955935921519995,-0.05253441259264946,-0.007177666760981083
1779958172713626000,12.179626220703126,-0.01817324012517929,-0.020922135561704636,-0.005955935921519995
1779958172729955300,12.195955322265625,0.012522737495601177,-0.10415252298116684,0.019853120669722557
1779958172746292500,12.21229248046875,0.012828170321881771,-0.03695734590291977,0.00045814894838258624
1779958172762618400,12.228618408203126,-0.007788531947880983,0.05803219974040985,-0.08414668589830399
1779958172778951200,12.244951171875,0.022907447069883347,0.027183502912521362,-0.10812314599752426
1779958172795285200,12.26128515625,0.004886921960860491,-0.07498370856046677,-0.05100724846124649
1779958172811612400,12.2776123046875,0.06429356336593628,-0.04337143152952194,-0.07712173461914062
1779958172827953200,12.293953125,0.006872233934700489,0.045204028487205505,-0.10781771689653397
1779958172844274700,12.310274658203125,-0.01160643994808197,0.23747386038303375,-0.25182920694351196
1779958172860607000,12.32660693359375,0.0679587572813034,0.4537201523780823,-0.2739730477333069
1779958172876941300,12.34294140625,0.0377209298312664,0.12232576310634613,-0.10720685124397278
1779958172893265400,12.359265380859375,-0.004886921960860491,-0.1215621829032898,0.013897184282541275
1779958172909595100,12.37559521484375,0.014355333521962166,-0.046273041516542435,-0.018325956538319588
1779958172925927200,12.39192724609375,0.008246680721640587,0.005955935921519995,-0.10919216275215149
1779958172942255400,12.40825537109375,0.044745877385139465,-0.027183502912521362,-0.03726277872920036
1779958172958592500,12.424592529296875,0.027488935738801956,-0.051770828664302826,0.04932736977934837
1779958172974925800,12.44092578125,0.0009162978967651725,-0.14569136500358582,0.036193765699863434
1779958172991271200,12.457271240234375,-0.019547687843441963,-0.2612976133823395,0.05345070734620094
1779958173007585500,12.47358544921875,-0.11331550031900406,-0.7930558323860168,0.4720461070537567
1779958173023920600,12.489920654296874,0.033597588539123535,-0.12492194026708603,0.10674870014190674
1779958173040252700,12.506252685546874,0.03298672288656235,0.12278391420841217,-0.1319468915462494
1779958173056582000,12.522581787109376,0.012064588256180286,0.14416420459747314,-0.0933096632361412
1779958173072919600,12.53891943359375,-0.012675453908741474,0.08933904021978378,-0.03894266113638878
1779958173089249500,12.55524951171875,-0.03695734590291977,0.054367005825042725,-0.01038470957428217
1779958173105578500,12.57157861328125,-0.03420845419168472,-0.014508049935102463,-0.03680463135242462
1779958173121916200,12.587916259765626,-0.09896016865968704,-0.423329621553421,0.07254024595022202
1779958173138244600,12.60424462890625,-0.14874568581581116,-0.4902193546295166,0.14278975129127502
1779958173154578700,12.62057861328125,-0.21135938167572021,-0.290313720703125,0.14019356667995453
1779958173170926000,12.636926025390625,-0.07666359096765518,-0.01924225501716137,0.12293662875890732
1779958173187256300,12.65325634765625,0.0003054326225537807,0.016340645030140877,0.008857546374201775
1779958173203589400,12.66958935546875,-0.01191187184303999,-0.12263119965791702,-0.07009678333997726
1779958173219918800,12.6859189453125,0.07956519722938538,-0.3462078869342804,0.09834930300712585
1779958173236234800,12.70223486328125,0.7031059265136719,-0.7221954464912415,0.266642689704895
1779958173252586200,12.718586181640624,1.136362075805664,-0.6372851729393005,0.06704246252775192
1779958173268900000,12.734900146484375,0.25931230187416077,0.14782938361167908,0.20433442294597626
1779958173285250300,12.751250244140625,-0.12476922571659088,0.4818199574947357,0.3943135142326355
1779958173301579300,12.767579345703124,-0.06765332818031311,0.33567044138908386,0.3182607889175415
1779958173317910800,12.783910888671874,-0.006261368747800589,0.040164388716220856,0.15332718193531036
1779958173334245400,12.800245361328125,-0.02779436856508255,-0.16508632898330688,0.10934487730264664
1779958173350575600,12.81657568359375,-0.01771509274840355,-0.11453723162412643,0.05375614017248154
1779958173366903800,12.83290380859375,-0.01924225501716137,0.03039054572582245,-0.027947084978222847
1779958173383228000,12.849227783203125,0.1134682223200798,0.6453791260719299,-0.42699480056762695
1779958173399544800,12.865544921875,0.3703370690345764,1.4763085842132568,-1.0343475341796875
1779958173415880000,12.8818798828125,-0.04046982154250145,0.5036584138870239,-0.6159048676490784
1779958173432227000,12.89822705078125,-0.23151792585849762,-0.5823072791099548,-0.11423180252313614
1779958173448556800,12.914556884765625,0.13286319375038147,-0.22708915174007416,-0.2739730477333069
1779958173464889300,12.930889404296876,0.2744311988353729,0.15012013912200928,-0.5448917746543884
1779958173481215200,12.94721533203125,0.21120665967464447,0.8961393237113953,-0.9187413454055786
1779958173497558500,12.96355859375,0.025961773470044136,0.697149932384491,-0.6913467645645142
1779958173513884400,12.979884521484376,0.03894266113638878,0.5451972484588623,-0.4625777006149292
1779958173530214700,12.996214599609376,0.8393288254737854,0.46761733293533325,-0.2814561724662781
1779958173546546400,13.01254638671875,1.4372131824493408,0.18020524084568024,-0.182648703455925
1779958173562871000,13.02887109375,0.7779368758201599,-0.3188716471195221,-0.21212296187877655
1779958173579211300,13.045211181640624,0.27840182185173035,-0.2791654169559479,-0.09773843735456467
1779958173595544600,13.061544677734375,0.02535090781748295,-0.6346889734268188,0.02122756652534008
1779958173611878000,13.0778779296875,-0.8689557909965515,-1.3255776166915894,0.22602014243602753
1779958173628207000,13.09420703125,-3.051730155944824,-1.9422460794448853,0.057879481464624405
1779958173644538400,13.110538330078125,-2.8825204372406006,-1.4931073188781738,0.0354301854968071
1779958173660864800,13.12686474609375,-2.0398318767547607,-0.06536258012056351,-0.25793784856796265
1779958173677220000,13.14322021484375,-1.4590516090393066,0.6571382880210876,-0.21319197118282318
1779958173693541400,13.159541259765625,-1.1621711254119873,1.6989690065383911,-0.06398813426494598
1779958173709881600,13.175881591796875,-1.2060006856918335,1.7243198156356812,0.39354994893074036
1779958173726212000,13.192212158203125,-0.6001750826835632,1.40269935131073,0.4265366494655609
1779958173742550800,13.20855078125,-0.0403171069920063,1.2559388875961304,0.12492194026708603
1779958173758876000,13.2248759765625,0.031612277030944824,1.0212140083312988,-0.07788532227277756
1779958173775197400,13.241197509765625,-0.01191187184303999,0.8752171993255615,-0.08888089656829834
1779958173791530500,13.257530517578125,-0.2971859276294708,1.108262300491333,-0.12034045159816742
1779958173807861800,13.27386181640625,-0.7250970602035522,2.065793514251709,-0.42898011207580566
1779958173824194600,13.290194580078126,-1.0018190145492554,2.8402180671691895,-0.806647539138794
1779958173840511700,13.30651171875,-1.440267562866211,3.585015296936035,-0.6650795340538025
1779958173856850200,13.32285009765625,-1.688736915588379,4.092949867248535,-0.6890559792518616
1779958173873192000,13.33919189453125,-1.607797384262085,3.640756845474243,0.04459316283464432
1779958173889521400,13.355521484375,-1.1943942308425903,1.8955148458480835,0.8434522151947021
1779958173905855700,13.371855712890625,-1.3006848096847534,1.3535246849060059,1.3045027256011963
1779958173922187300,13.388187255859375,-1.3464996814727783,1.2342532873153687,1.4256067276000977
1779958173938522600,13.404522705078126,-1.176831841468811,1.9691240787506104,1.7134770154953003
1779958173954856000,13.42085595703125,-0.9917397499084473,2.629163980484009,1.9210184812545776
1779958173971195600,13.437195556640624,-1.0325149297714233,2.716670513153076,2.4908030033111572
1779958173987537200,13.453537109375,-0.7997753024101257,4.4513750076293945,3.461315155029297
1779958174003853300,13.469853271484375,-1.322981357574463,5.9003472328186035,1.7472273111343384
1779958174020175000,13.486175048828125,-1.9048305749893188,6.14912223815918,1.238071084022522
1779958174036516600,13.5025166015625,-2.972928524017334,4.910593032836914,2.31945538520813
1779958174052821000,13.518821044921875,-4.009108543395996,3.1977267265319824,3.06745982170105
1779958174069174000,13.535174072265624,-4.83301305770874,2.4071145057678223,2.9040534496307373
1779958174085509000,13.551509033203125,-5.642409324645996,1.7623462677001953,2.300671339035034
1779958174101843500,13.567843505859376,-6.6288042068481445,1.1116219758987427,1.740660548210144
1779958174118171100,13.584171142578125,-7.295258045196533,0.27779096364974976,1.236391305923462
1779958174134505000,13.6005048828125,-7.746076583862305,-0.29596421122550964,0.6391177773475647
1779958174150837800,13.616837646484376,-7.914675712585449,-0.11713340878486633,0.24358251690864563
1779958174167168000,13.63316796875,-8.0198974609375,0.8706356883049011,-0.04948008432984352
1779958174183515400,13.649515380859375,-7.537008285522461,1.54640531539917,-0.36682456731796265
1779958174208021500,13.674021484375,-6.291148662567139,1.902539849281311,-0.5937610268592834
1779958174224339200,13.690339111328125,-5.811313629150391,1.6421585083007812,-0.46853363513946533
1779958174240649000,13.70664892578125,-5.886908531188965,1.2785409688949585,-0.18585574626922607
1779958174256996000,13.72299609375,-5.915618896484375,1.4414892196655273,0.007024950347840786
1779958174273337000,13.739337158203124,-5.71830940246582,1.9646953344345093,0.26572638750076294
1779958174289655800,13.75565576171875,-5.173264980316162,2.308917999267578,0.6264423131942749
1779958174305994000,13.771993896484375,-4.545448303222656,2.677422285079956,0.998153805732727
1779958174322322200,13.788322265625,-4.033390522003174,3.1413745880126953,1.2429580688476562
1779958174338660400,13.804660400390626,-3.802025318145752,4.2307000160217285,1.4410310983657837
1779958174354984700,13.820984619140624,-3.623194456100464,1.845423936843872,0.2509129047393799
1779958174371320000,13.837320068359375,-3.166114568710327,0.2545780837535858,-0.6061310172080994
1779958174387652600,13.853652587890625,-2.78340744972229,1.3536773920059204,-0.5076290369033813
1779958174403985000,13.86998486328125,-2.4992024898529053,1.0082330703735352,-0.8903360962867737
1779958174420308500,13.88630859375,-2.0535762310028076,0.2768746614456177,-1.3506230115890503
1779958174436645000,13.90264501953125,-1.1423180103302002,0.6527095437049866,-1.611920714378357
1779958174452995300,13.918995361328125,-0.15851953625679016,0.8910996913909912,-2.045787811279297
1779958174469328400,13.935328369140626,0.35521814227104187,0.8092437386512756,-2.1109976768493652
1779958174485638100,13.95163818359375,0.2793181240558624,0.49816060066223145,-1.685835361480713
1779958174501985300,13.9679853515625,0.055283304303884506,-0.05360342562198639,-1.0181596279144287
1779958174518305000,13.984304931640626,0.07269296050071716,-0.8810204267501831,-0.3810271918773651
1779958174534643700,14.000643798828126,0.2561052441596985,-1.6653714179992676,0.015118914656341076
1779958174550975000,14.01697509765625,0.27382034063339233,-2.211332082748413,0.12446379661560059
1779958174567301600,14.033301513671875,-0.022143865004181862,-2.484847068786621,0.18249599635601044
1779958174583641300,14.049641357421875,-0.4156937897205353,-2.333963394165039,0.1693623960018158
1779958174599971300,14.065971435546874,-0.651029646396637,-1.9459112882614136,0.06505715101957321
1779958174616299000,14.082299072265625,-0.5994115471839905,-1.7466164827346802,-0.11942415684461594
1779958174632636200,14.09863623046875,-0.22876903414726257,-1.4906638860702515,-0.3251330256462097
1779958174648967700,14.1149677734375,0.8439103364944458,-0.7985535860061646,-0.5267185568809509
1779958174665297200,14.131297119140624,1.4567608833312988,0.04001167416572571,-0.8029823899269104
1779958174681646800,14.147646728515625,1.0419833660125732,0.40424007177352905,-0.997237503528595
1779958174697974300,14.163974365234376,0.608421802520752,0.4158465266227722,-0.7499898076057434
1779958174714290700,14.180290771484374,0.4043927788734436,0.2125810980796814,-0.40622538328170776
1779958174730625800,14.196625732421875,0.28787025809288025,0.10033461451530457,-0.3168863356113434
1779958174746964500,14.212964599609375,0.25793784856796265,0.056810468435287476,-0.3582724630832672
1779958174763304400,14.229304443359375,0.3098613917827606,0.04566217586398125,-0.328340083360672
1779958174779635700,14.2456357421875,0.35063666105270386,0.005345070734620094,-0.24404066801071167
1779958174795965700,14.261965576171875,0.25045475363731384,0.11759155988693237,-0.12186761945486069
1779958174812322000,14.278322021484374,0.1638645976781845,0.11209376901388168,-0.023060163483023643
1779958174828632600,14.294632568359376,0.13209961354732513,0.01237002108246088,0.01542434748262167
1779958174844948700,14.31094873046875,0.12980885803699493,-0.152105450630188,-0.022143865004181862
1779958174861283000,14.327282958984375,0.18035796284675598,-0.30344730615615845,-0.0555887371301651
1779958174877615600,14.34361572265625,0.23136521875858307,-0.36789360642433167,-0.05345070734620094
1779958174893947400,14.359947509765625,0.27458393573760986,-0.41599923372268677,-0.024587325751781464
1779958174910269200,14.376269287109375,0.31031954288482666,-0.41920626163482666,0.02672535367310047
1779958174926608000,14.39260791015625,0.2739730477333069,-0.36453384160995483,0.022143865004181862
1779958174942962400,14.40896240234375,0.23808473348617554,-0.25473082065582275,-0.027183502912521362
1779958174959269400,14.425269287109375,0.22098049521446228,-0.17058411240577698,-0.08185594528913498
1779958174975607800,14.44160791015625,0.23839016258716583,-0.10613783448934555,-0.042760565876960754
1779958174991938800,14.457938720703124,0.2762638032436371,-0.15225815773010254,0.08170322328805923
1779958175008271000,14.47427099609375,0.2739730477333069,-0.2528982162475586,0.25671613216400146
1779958175024603400,14.490603271484375,0.2561052441596985,-0.45005497336387634,0.48976120352745056
1779958175040937000,14.50693701171875,0.24266621470451355,-0.7782423496246338,0.7341073155403137
1779958175057264600,14.5232646484375,0.3349068760871887,-1.146135926246643,0.8978192210197449
1779958175073602800,14.539602783203126,0.5816964507102966,-1.4895949363708496,1.0319041013717651
1779958175089928700,14.5559287109375,1.0071641206741333,-1.8568776845932007,1.3125966787338257
1779958175106267000,14.572266845703124,1.4750868082046509,-2.4555256366729736,1.7979291677474976
1779958175122584600,14.58858447265625,1.9330830574035645,-3.168405294418335,2.470491886138916
1779958175138916000,14.604916015625,2.4947736263275146,-3.805079698562622,3.1480939388275146
1779958175155260200,14.62126025390625,3.154966354370117,-3.8620429039001465,3.4991888999938965
1779958175171611100,14.637611083984375,3.6955819129943848,-3.520874500274658,3.386789560317993
1779958175187937300,14.653937255859375,3.969860553741455,-3.04546856880188,2.9689579010009766
1779958175204271900,14.67027197265625,4.269032001495361,-2.663067102432251,2.411237955093384
1779958175220576000,14.686575927734374,4.680755138397217,-2.3803892135620117,1.5833626985549927
1779958175236934400,14.702934326171874,4.711756229400635,-2.1485657691955566,0.7305948138237
1779958175253267700,14.719267822265625,4.501465797424316,-1.6479617357254028,0.001527163083665073
1779958175269601300,14.735601318359375,4.1190643310546875,-1.2447906732559204,-0.37430769205093384
1779958175285933800,14.751933837890626,3.6919169425964355,-1.2365440130233765,-0.29474249482154846
1779958175302262500,14.768262451171875,3.2618677616119385,-1.6407840251922607,0.1817324161529541
1779958175318594800,14.7845947265625,3.1593949794769287,-1.9228510856628418,0.41401392221450806
1779958175334909700,14.80090966796875,3.369074583053589,-1.9662225246429443,0.3436116874217987
1779958175351246000,14.81724609375,3.2152891159057617,-1.899485468864441,0.022143865004181862
1779958175367578600,14.83357861328125,2.8238773345947266,-1.9004018306732178,-0.1661553531885147
1779958175383908400,14.849908447265625,2.5807528495788574,-1.5700763463974,-0.15225815773010254
1779958175400239400,14.8662392578125,2.311819553375244,-0.9404270648956299,0.08338310569524765
1779958175416573400,14.882573486328125,1.6013832092285156,-0.9699012637138367,0.4034765064716339
1779958175432912100,14.898912109375,0.7269296646118164,-1.7925840616226196,0.6621779203414917
1779958175449239000,14.915239013671876,0.41493022441864014,-2.8402180671691895,0.6395758986473083
1779958175465583900,14.931583984375,0.3767511546611786,-3.0946433544158936,0.45692721009254456
1779958175481899000,14.94789892578125,0.22281309962272644,-2.263713836669922,0.2744311988353729
1779958175498234000,14.964234130859374,-0.07727445662021637,-0.9862419366836548,0.30925053358078003
1779958175514566100,14.980566162109374,-0.23625212907791138,0.6099489331245422,0.5345070958137512
1779958175530899700,14.996899658203125,0.07208210229873657,1.1238393783569336,0.8342891931533813
1779958175547229700,15.013229736328125,0.04596760869026184,1.2189816236495972,1.049619197845459
1779958175563563800,15.029563720703125,0.08292495459318161,1.0151053667068481,1.2030991315841675
1779958175579896300,15.045896240234375,0.2454151064157486,1.9653061628341675,1.1655309200286865
1779958175596226000,15.06222607421875,0.07070764899253845,2.3238840103149414,1.2863295078277588
1779958175612559000,15.07855908203125,-0.0809396430850029,1.666898488998413,1.527010440826416
1779958175628892700,15.094892578125,0.6600399017333984,0.9042332768440247,1.7418822050094604
1779958175645222700,15.11122265625,1.8031214475631714,1.7901406288146973,0.8077165484428406
1779958175661556700,15.127556640625,1.4912748336791992,1.027169942855835,0.019547687843441963
1779958175677902600,15.143902587890626,1.3100005388259888,1.0141890048980713,0.29764407873153687
1779958175694237200,15.1602373046875,1.3994922637939453,1.5372424125671387,0.870330274105072
1779958175710543600,15.176543701171875,1.4060590267181396,1.4827226400375366,0.5754350423812866
1779958175726881300,15.19288134765625,1.7724255323410034,1.9706512689590454,0.06719517707824707
1779958175743215000,15.209215087890625,1.804801344871521,1.3852896690368652,-0.44257187843322754
1779958175759547400,15.22554736328125,1.9579758644104004,1.5471689701080322,-0.4538728892803192
1779958175775879200,15.241879150390625,1.744783878326416,2.218967914581299,-0.608727216720581
1779958175792212700,15.258212646484376,1.0989465713500977,2.1116085052490234,-0.9149234294891357
1779958175808543000,15.27454296875,0.636521577835083,1.7907514572143555,-0.8713992834091187
1779958175824877000,15.290876953125,0.5526803135871887,1.5748106241226196,-0.6198754906654358
1779958175841208300,15.307208251953124,0.6146831512451172,1.485166072845459,-0.3162754774093628
1779958175857543400,15.32354345703125,0.7484626173973083,1.4558446407318115,-0.030085112899541855
1779958175873870000,15.3398701171875,0.7889324426651001,1.1566733121871948,0.2353358417749405
1779958175890204000,15.356203857421875,0.651029646396637,0.3827070891857147,0.30833423137664795
1779958175906535000,15.372534912109375,0.49785518646240234,0.25824329257011414,-0.01618792861700058
1779958175922871800,15.388871826171876,0.4518875777721405,0.4977024495601654,-0.37888917326927185
1779958175939213000,15.405213134765624,0.41951170563697815,0.7489207983016968,-0.5283984541893005
1779958175955547400,15.42154736328125,0.11407908797264099,0.7394523620605469,-0.25335636734962463
1779958175971860500,15.437860595703125,-0.05360342562198639,0.6097962260246277,0.1365283876657486
1779958175988196900,15.45419677734375,0.08689557760953903,0.5340489149093628,0.20586158335208893
1779958176004529200,15.470529052734374,0.07208210229873657,0.4031710624694824,-0.11850785464048386
1779958176020846300,15.486846435546875,0.02977968007326126,0.2503020465373993,-0.49296826124191284
1779958176037196800,15.50319677734375,0.10690141469240189,-0.011453723534941673,-0.6000223755836487
1779958176053534700,15.51953466796875,0.35292738676071167,-0.25793784856796265,-0.40973785519599915
1779958176069854500,15.5358544921875,0.4922046661376953,-0.5884159207344055,-0.28955012559890747
1779958176086190600,15.552190673828125,0.5951354503631592,-1.041067123413086,-0.4389066696166992
1779958176102522400,15.5685224609375,1.1339186429977417,-1.892460584640503,-1.0366383790969849
1779958176118856200,15.584856201171876,1.7773123979568481,-3.213456630706787,-1.7159204483032227
1779958176135186000,15.60118603515625,2.2658519744873047,-4.230241775512695,-2.0841195583343506
1779958176151519500,15.61751953125,2.4967589378356934,-4.162588596343994,-2.277458429336548
1779958176167851800,15.633851806640624,2.3745858669281006,-3.8870882987976074,-2.4272730350494385
1779958176184198000,15.650197998046876,2.448806047439575,-3.5049920082092285,-2.361604928970337
1779958176200526600,15.666526611328125,2.1908681392669678,-2.987283706665039,-1.8428276777267456
1779958176216853800,15.682853759765624,2.1039726734161377,-2.398562431335449,-1.5738942623138428
1779958176233175000,15.699175048828126,0.3614795207977295,-2.0428860187530518,-1.4555391073226929
1779958176249514000,15.715513916015626,-0.7209737300872803,-2.325258493423462,-1.359480619430542
1779958176265847000,15.731846923828124,-0.0010690141934901476,-2.355801820755005,-1.3655892610549927
1779958176282173200,15.748173095703125,0.5109887719154358,-1.617876648902893,-0.6513350605964661
1779958176298514200,15.76451416015625,0.6389650702476501,-0.9584475755691528,0.18875735998153687
1779958176314836700,15.780836669921875,0.6600399017333984,-0.5557346343994141,0.4761694669723511
1779958176331170000,15.797170166015626,0.7623597979545593,-0.4576907753944397,0.2638937830924988
1779958176347505700,15.813505615234375,1.0997101068496704,-1.613753318786621,-0.23945917189121246
1779958176363837700,15.829837646484375,1.7259997129440308,-1.520138144493103,-0.14676037430763245
1779958176380163000,15.8461630859375,0.9750936627388,-1.404226541519165,-0.5161811113357544
1779958176396499200,15.862499267578125,0.18005253374576569,-1.8947513103485107,-0.3698789179325104
1779958176412850700,15.8788505859375,-0.28557950258255005,-2.1569652557373047,0.03940080851316452
1779958176429174800,15.8951748046875,-0.8074111342430115,-1.8414533138275146,0.712574303150177
1779958176445511000,15.911510986328125,-0.7736608386039734,-1.4384349584579468,0.789237916469574
1779958176461823000,15.927822998046874,-0.2356412708759308,-0.954018771648407,0.8768970370292664
1779958176478163000,15.944162841796874,0.4593706727027893,-0.29306259751319885,0.656069278717041
1779958176494491600,15.96049169921875,1.023352026939392,0.4599815309047699,0.42012256383895874
1779958176510825700,15.97682568359375,1.3448197841644287,1.0485502481460571,0.11698069423437119
1779958176527156500,15.993156494140624,1.5230398178100586,1.2533427476882935,-0.24648413062095642
1779958176543489300,16.0094892578125,1.7705929279327393,0.6423248052597046,-0.39965859055519104
1779958176559821800,16.02582177734375,1.9352210760116577,-0.2669481039047241,-0.0806342139840126
1779958176576150000,16.04214990234375,1.720807433128357,-0.9382890462875366,-0.02229658141732216
1779958176592482000,16.05848193359375,1.4752395153045654,-0.22403483092784882,0.24892759323120117
1779958176608806000,16.074805908203125,0.7215845584869385,-0.5468770861625671,0.0981965884566307
1779958176625139700,16.0911396484375,-0.18906278908252716,-0.7762570381164551,0.015271631069481373
1779958176641479400,16.1074794921875,-0.8953757286071777,-0.9065240025520325,-0.046731192618608475
1779958176657816000,16.123816162109375,-1.069472312927246,-0.9877691268920898,-0.01542434748262167
1779958176674133800,16.1401337890625,-1.1223121881484985,-0.6038402915000916,0.08536841720342636
1779958176690476300,16.156476318359374,-0.3384193480014801,0.375071257352829,0.11881329119205475
1779958176706824200,16.17282421875,0.00855211354792118,0.593913733959198,0.2174680233001709
1779958176723158500,16.189158447265626,0.044135015457868576,-0.062460970133543015,0.03680463135242462
1779958176739486200,16.205486328125,0.0656680166721344,-0.1722639948129654,0.07666359096765518
1779958176755819000,16.221819091796874,0.09743300825357437,-0.19517144560813904,0.08674286305904388
1779958176772150800,16.23815087890625,0.0780380368232727,-0.07696902006864548,0.10308351367712021
1779958176788481300,16.254481201171874,0.14477506279945374,-0.053297992795705795,0.12599095702171326
1779958176804799500,16.270799560546877,0.17088955640792847,0.01114829070866108,0.11881329119205475
1779958176821134000,16.287134033203124,0.15683965384960175,-0.001679879380390048,0.12858712673187256
1779958176837467100,16.303467041015626,0.13973543047904968,-0.05619960278272629,0.1739438772201538
1779958176853797600,16.319797607421876,0.15882496535778046,-0.07406741380691528,0.21288654208183289
1779958176870130000,16.3361298828125,0.2041817009449005,-0.09285151958465576,0.22342395782470703
1779958176886459000,16.352458984375,0.28557950258255005,-0.059864792972803116,0.23411411046981812
1779958176902815700,16.368815673828124,0.22586742043495178,-0.1950187236070633,0.16982053220272064
1779958176919138800,16.385138916015624,0.0907134860754013,-0.24526239931583405,0.11224649101495743
1779958176935473000,16.401472900390626,-0.0377209298312664,-0.1889100819826126,-0.07284568250179291
1779958176951796200,16.417796142578126,-0.032528575509786606,-0.1365283876657486,-0.11759155988693237
1779958176968125400,16.43412548828125,-0.021991148591041565,-0.1293507218360901,-0.024892758578062057
1779958176984441900,16.45044189453125,0.00733038317412138,-0.10461067408323288,0.03787364438176155
1779958177000775000,16.46677490234375,0.011301007121801376,-0.0835358202457428,-0.018325956538319588
1779958177017119200,16.483119140625,0.04734205827116966,-0.08994990587234497,0.0074830991216003895
1779958177033451800,16.49945166015625,0.09682214260101318,-0.043218716979026794,0.060475658625364304
1779958177049781500,16.515781494140626,0.3003929853439331,-0.04444044828414917,0.07941248267889023
1779958177066123000,16.532123046875,0.2977968156337738,-0.010842857882380486,0.06963863968849182
1779958177082444300,16.5484443359375,-0.16783522069454193,0.0861319974064827,0.007941247895359993
1779958177098779000,16.56477880859375,-0.03573561832308769,0.012522737495601177,-0.027030786499381065
1779958177115111000,16.58111083984375,-0.02779436856508255,0.1696678251028061,-0.05451972410082817
1779958177131444700,16.59744482421875,-0.020463986322283745,0.25244006514549255,-0.10567969083786011
1779958177147775700,16.613775634765624,0.003512475173920393,0.19654589891433716,-0.06429356336593628
1779958177164108000,16.63010791015625,0.005803219974040985,0.13377949595451355,0.02733621932566166
1779958177180440800,16.64644091796875,0.005955935921519995,0.011301007121801376,0.018325956538319588
1779958177196786400,16.662786376953125,0.005955935921519995,0.050243668258190155,0.021532999351620674
1779958177213118000,16.679117919921875,0.006719517521560192,-0.00045814894838258624,0.033597588539123535
1779958177229449000,16.695448974609373,0.13286319375038147,0.11667526513338089,-0.013286318629980087
1779958177245752000,16.711751953125,0.1293507218360901,0.09666942805051804,-0.0027488935738801956
1779958177262099500,16.728099365234375,0.09514226019382477,0.14187344908714294,-0.07376197725534439
1779958177278436400,16.744436279296874,-0.00015271631127689034,0.07116580009460449,-0.04841107130050659
1779958177294766000,16.76076611328125,-0.029474247246980667,0.020005837082862854,-0.02886338345706463
1779958177311082800,16.777082763671874,-0.04749477282166481,0.001679879380390048,-0.027488935738801956
1779958177327429600,16.7934296875,-0.09407325088977814,0.14019356667995453,-0.05742133408784866
1779958177343761200,16.80976123046875,-0.08429940044879913,0.2538145184516907,-0.0007635815418325365
1779958177360092000,16.826091796875,-0.1540907621383667,0.08643743395805359,-0.05803219974040985
1779958177376422100,16.842422119140625,-0.39584067463874817,0.31184670329093933,0.024434609338641167
1779958177392761300,16.85876123046875,-0.5926920175552368,0.47510045766830444,0.03680463135242462
1779958177409090600,16.875090576171875,-0.6539312601089478,0.1872301995754242,0.06154467165470123
1779958177425431800,16.891431884765623,-0.6269004344940186,0.05665775015950203,0.09834930300712585
1779958177441767200,16.90776708984375,-0.5691736936569214,0.060322944074869156,0.11270463466644287
1779958177458084600,16.924084716796877,-0.5232060551643372,0.03344487398862839,0.09468411654233932
1779958177474417000,16.9404169921875,-0.4011857509613037,-0.12247848510742188,0.14019356667995453
1779958177490745600,16.95674560546875,-0.2814561724662781,-0.3911064863204956,0.1569923609495163
1779958177507081500,16.97308154296875,-0.08811730891466141,-0.5520694851875305,0.05543602257966995
1779958177523412000,16.989411865234374,0.04902193695306778,-0.4743368625640869,-0.02076941914856434
1779958177539747300,17.005747314453124,0.14446963369846344,-0.3248275816440582,-0.040164388716220856
1779958177556106800,17.022106689453125,0.13439035415649414,-0.3614795207977295,-0.009621127508580685
1779958177572406800,17.03840673828125,0.01114829070866108,-0.3998112976551056,0.1111774742603302
1779958177588742100,17.0547421875,-0.06719517707824707,-0.5073235630989075,0.31001409888267517
1779958177605073400,17.071073486328125,-0.17409659922122955,-0.697760820388794,0.42271876335144043
1779958177621399800,17.08739990234375,-0.3179553747177124,-0.8278751373291016,0.4558582007884979
1779958177637738500,17.103738525390625,-0.5928447246551514,-0.761443555355072,0.5166392922401428
1779958177654070800,17.12007080078125,-1.1519391536712646,-1.1059715747833252,0.485027015209198
1779958177670395400,17.1363955078125,-1.9060522317886353,-1.820225715637207,0.20433442294597626
1779958177686749200,17.152749267578123,-2.0065395832061768,-1.4188872575759888,-0.11927144229412079
1779958177703081000,17.1690810546875,-1.0149526596069336,0.06902777403593063,-0.21303924918174744
1779958177719407400,17.185407470703126,-0.07162395119667053,0.4769330322742462,0.050854530185461044
1779958177735748000,17.201748046875,0.17821992933750153,0.13836097717285156,0.29107728600502014
1779958177752074200,17.21807421875,0.03191770985722542,0.294437050819397,0.27550023794174194
1779958177768411000,17.234410888671874,0.02122756652534008,0.2716823220252991,0.09896016865968704
1779958177784724700,17.250724853515624,0.07971791177988052,0.1469130963087082,-0.0809396430850029
1779958177801059600,17.2670595703125,0.17272214591503143,0.2064724564552307,-0.08536841720342636
1779958177817392000,17.28339208984375,0.23671028017997742,0.09666942805051804,-0.031612277030944824
1779958177833723400,17.299723388671875,0.29504790902137756,0.009621127508580685,-0.025503624230623245
1779958177850055000,17.316054931640625,0.29657506942749023,-0.144622340798378,0.013591751456260681
1779958177866386700,17.33238671875,0.18035796284675598,-0.21120665967464447,0.039248090237379074
1779958177882732300,17.348732177734377,0.02580905705690384,-0.25534167885780334,0.06765332818031311
1779958177899071700,17.36507177734375,-0.11652254313230515,-0.3039054572582245,0.10231992602348328
1779958177915379700,17.381379638671874,-0.04505131021142006,-0.44135013222694397,0.12095131725072861
1779958177931726600,17.3977265625,0.07391469180583954,-0.6265950202941895,0.0705549344420433
1779958177948049700,17.414049560546875,0.10231992602348328,-0.4430300295352936,0.1062905490398407
1779958177964380400,17.43038037109375,0.19013181328773499,-0.15424346923828125,0.10980302840471268
1779958177980709400,17.44670947265625,0.3484986126422882,-0.09697485715150833,0.07681630551815033
1779958177997044200,17.463044189453125,0.5062545537948608,-0.5751296281814575,-0.09437867999076843
1779958178013377000,17.479376953125,0.29764407873153687,-1.3173309564590454,0.22159136831760406
1779958178029707000,17.49570703125,0.2866485118865967,-1.9434677362442017,0.4488332271575928
1779958178046054400,17.512054443359375,0.554818332195282,-1.814269781112671,0.2376265823841095
1779958178062384400,17.52838427734375,0.5864306092262268,-0.6653849482536316,0.20295998454093933
1779958178078705200,17.544705078125,0.5102251768112183,0.3706424832344055,0.19303341209888458
1779958178095036200,17.5610361328125,0.27779096364974976,0.25564709305763245,0.05955936014652252
1779958178111370000,17.577369873046877,-0.030085112899541855,-0.8023715019226074,0.6380487680435181
1779958178127700700,17.59370068359375,0.2278527319431305,-1.5180001258850098,0.8254316449165344
1779958178144033800,17.61003369140625,0.12690725922584534,-0.41462478041648865,-0.08429940044879913
1779958178160354000,17.62635400390625,0.050854530185461044,0.06520986557006836,-0.45814892649650574
1779958178176711400,17.64271142578125,0.029016099870204926,0.032681290060281754,-0.08124507963657379
1779958178193047300,17.65904736328125,0.009773843921720982,0.0074830991216003895,0.09422596544027328
1779958178209373200,17.675373291015624,-0.009468411095440388,-0.057879481464624405,0.03084869496524334
1779958178225706500,17.69170654296875,-0.02321287989616394,-0.02535090781748295,0.001832595793530345
1779958178242030000,17.708030029296875,-0.014049900695681572,-0.010842857882380486,-0.009468411095440388
1779958178258369000,17.724369140625,-0.0039706239476799965,0.016340645030140877,-0.011301007121801376
1779958178274671000,17.740671142578126,0.00015271631127689034,0.01572977937757969,-0.0022907445672899485
1779958178291022000,17.75702197265625,-0.009010262787342072,-0.003359758760780096,0.0013744467869400978
1779958178307354600,17.773354736328123,-0.01466076634824276,-0.0003054326225537807,0.002138028386980295
1779958178323686100,17.78968603515625,-0.005803219974040985,0.016951510682702065,-0.008704829961061478
1779958178340017700,17.806017578125,0.002138028386980295,0.015271631069481373,-0.012064588256180286
1779958178356351000,17.82235107421875,0.0029016099870204926,0.012675453908741474,-0.0039706239476799965
1779958178372732700,17.838732666015623,0.0003054326225537807,0.012675453908741474,-0.004123340360820293
1779958178389030700,17.85503076171875,-0.0024434609804302454,0.031612277030944824,-0.009621127508580685
1779958178405360400,17.8713603515625,-0.005803219974040985,0.04917465150356293,-0.012217304669320583
1779958178421683000,17.887682861328123,-0.0022907445672899485,0.042760565876960754,-0.01114829070866108
1779958178438008300,17.90400830078125,0,0.029626963660120964,-0.00427605677396059
1779958178454342700,17.9203427734375,-0.0012217304902151227,0.03436116874217987,0.005345070734620094
1779958178470662700,17.93666259765625,-0.001527163083665073,0.030237829312682152,0.007024950347840786
1779958178487006700,17.9530068359375,-0.001679879380390048,0.02122756652534008,-0.005039638374000788
1779958178503336700,17.969336669921876,-0.0074830991216003895,0.01618792861700058,-0.012828170321881771
1779958178519673000,17.985673095703124,-0.007788531947880983,0.005803219974040985,-0.01542434748262167
1779958178536008000,18.002008056640626,-0.005039638374000788,-0.009010262787342072,-0.019394971430301666
1779958178552360200,18.018360107421874,-0.005650503560900688,-0.00809396430850029,-0.01924225501716137
1779958178568667000,18.0346669921875,-0.007635815534740686,-0.0029016099870204926,-0.005803219974040985
1779958178584999000,18.0509990234375,-0.005192354787141085,-0.009162978269159794,0.009926560334861279
1779958178601332700,18.067332763671875,-0.00045814894838258624,-0.02932153269648552,0.013897184282541275
1779958178617663500,18.08366357421875,0.00045814894838258624,-0.02825251780450344,0.014049900695681572
1779958178633996500,18.09999658203125,-0.0019853119738399982,-0.02122756652534008,0.013439035043120384
1779958178650306000,18.11630615234375,-0.004123340360820293,-0.016340645030140877,0.01771509274840355
1779958178666655500,18.132655517578126,0.0007635815418325365,-0.03573561832308769,0.020922135561704636
1779958178683008300,18.14900830078125,0.012675453908741474,-0.04993823543190956,0.021532999351620674
1779958178699340800,18.1653408203125,0.0029016099870204926,-0.05543602257966995,0.005497787147760391
1779958178715669000,18.1816689453125,-0.0029016099870204926,-0.04963280260562897,-0.001527163083665073
1779958178732003000,18.198003173828123,-0.005803219974040985,-0.03985895588994026,-0.010537425056099892
1779958178748331300,18.214331298828125,-0.006719517521560192,-0.01863138936460018,-0.009468411095440388
1779958178764649700,18.230649658203124,-0.010690141469240189,0.004428773187100887,-0.01038470957428217
1779958178780985600,18.246985595703126,-0.012675453908741474,0.009926560334861279,-0.019547687843441963
1779958178797317000,18.263317138671876,-0.014355333521962166,0.004123340360820293,-0.016340645030140877
1779958178813645300,18.279645263671874,-0.008704829961061478,-0.015271631069481373,-0.0025961773935705423
1779958178829984000,18.29598388671875,0.0064140851609408855,-0.02474004216492176,0.0007635815418325365
1779958178846309600,18.3123095703125,0.012980886735022068,-0.020922135561704636,-0.0064140851609408855
1779958178862649000,18.328649169921874,0.00855211354792118,0.00366519158706069,-0.013133603148162365
1779958178878989000,18.344989013671874,-0.00015271631127689034,0.01863138936460018,-0.005345070734620094
1779958178895322600,18.361322509765625,-0.005955935921519995,0.009162978269159794,-0.002138028386980295
1779958178911654000,18.37765380859375,-0.005497787147760391,-0.00427605677396059,0.003359758760780096
1779958178927982600,18.393982666015624,-0.0029016099870204926,-0.007177666760981083,0.007941247895359993
1779958178944305000,18.410304931640624,0,-0.01572977937757969,0.012217304669320583
1779958178960627500,18.42662744140625,0.0027488935738801956,-0.01710422709584236,0.0019853119738399982
1779958178976968200,18.44296826171875,-0.0013744467869400978,-0.009468411095440388,-0.014813481830060482
1779958178993301800,18.4593017578125,-0.004428773187100887,0.015882495790719986,-0.011301007121801376
1779958179009635300,18.47563525390625,-0.003512475173920393,0.011453723534941673,0.0007635815418325365
1779958179025967400,18.49196728515625,0.0024434609804302454,-0.012828170321881771,0.013744467869400978
1779958179042298600,18.508298583984374,0.005650503560900688,-0.032681290060281754,0.019394971430301666
1779958179058642400,18.524642333984374,0.002138028386980295,-0.03344487398862839,0.012522737495601177
1779958179074960400,18.54096044921875,-0.005650503560900688,-0.020005837082862854,0.006261368747800589
1779958179091295500,18.55729541015625,-0.0074830991216003895,-0.010079276748001575,0.0010690141934901476
1779958179107626200,18.573626220703126,-0.002138028386980295,-0.015577063895761967,0.0029016099870204926
1779958179123962400,18.58996240234375,0.0039706239476799965,-0.01710422709584236,0.0019853119738399982
1779958179140289000,18.6062890625,0.002138028386980295,-0.02382374368607998,-0.004428773187100887
1779958179156620000,18.6226201171875,-0.002138028386980295,-0.01970040425658226,-0.003512475173920393
1779958179172965400,18.63896533203125,-0.003817907767370343,-0.021380282938480377,-0.005803219974040985
1779958179189300200,18.65530029296875,-0.001527163083665073,-0.022907447069883347,-0.005650503560900688
1779958179205631500,18.671631591796874,0.0010690141934901476,-0.01970040425658226,-0.00855211354792118
1779958179221963500,18.687963623046876,0.0012217304902151227,-0.014355333521962166,-0.008704829961061478
1779958179238294300,18.704294189453126,0.0013744467869400978,-0.010231993161141872,-0.00809396430850029
1779958179254612700,18.72061279296875,-0.0010690141934901476,-0.005803219974040985,-0.005039638374000788
1779958179270946600,18.736946533203124,0.0007635815418325365,-0.004123340360820293,-0.003054326167330146
1779958179287280400,18.7532802734375,0.001679879380390048,-0.010537425056099892,-0.0039706239476799965
1779958179303611000,18.76961083984375,-0.001679879380390048,-0.0006108652451075613,-0.01237002108246088
1779958179319943400,18.785943359375,-0.005345070734620094,0.013897184282541275,-0.011759156361222267
1779958179336272100,18.802272216796876,-0.0032070425804704428,0.005955935921519995,-0.00809396430850029
1779958179352634400,18.81863427734375,0.00366519158706069,-0.008399397134780884,-0.006261368747800589
1779958179368951300,18.834951416015624,0.005192354787141085,-0.004581489134579897,-0.01572977937757969
1779958179385286000,18.851285888671875,0.0010690141934901476,0.007788531947880983,-0.023060163483023643
1779958179401616400,18.867616455078124,-0.0022907445672899485,0.014813481830060482,-0.016798794269561768
1779958179417948400,18.883948486328126,0.001527163083665073,0.006108652334660292,-0.01618792861700058
1779958179434262300,18.90026220703125,0.004581489134579897,0.005192354787141085,-0.020311269909143448
1779958179450582800,18.916582763671876,-0.00015271631127689034,0.02275473065674305,-0.024434609338641167
1779958179466930700,18.9329306640625,-0.005650503560900688,0.030085112899541855,-0.022143865004181862
1779958179483260700,18.9492607421875,-0.00427605677396059,0.017409659922122955,-0.007788531947880983
1779958179499598000,18.96559814453125,0.003359758760780096,0.0010690141934901476,0.0039706239476799965
1779958179515927300,18.98192724609375,0.00855211354792118,0.003054326167330146,0.005497787147760391
1779958179532276000,18.99827587890625,0.004581489134579897,0.012675453908741474,-0.005192354787141085
1779958179548596500,19.014596435546874,-0.001527163083665073,0.01542434748262167,-0.008704829961061478
1779958179564938200,19.030938232421875,-0.00427605677396059,0.021991148591041565,-0.014966198243200779
1779958179581254400,19.04725439453125,-0.005803219974040985,0.02779436856508255,-0.02382374368607998
1779958179597588700,19.063588623046876,-0.0024434609804302454,0.019089538604021072,-0.021991148591041565
1779958179613920000,19.079919921875,0.001832595793530345,0.012980886735022068,-0.020463986322283745
1779958179630252000,19.096251953125,0.0025961773935705423,0.008399397134780884,-0.02168571576476097
1779958179646568000,19.11256787109375,-0.0025961773935705423,0.009010262787342072,-0.02229658141732216
1779958179662907100,19.1289072265625,-0.003512475173920393,0.010231993161141872,-0.022143865004181862
1779958179679248600,19.14524853515625,-0.00015271631127689034,0.010995574295520782,-0.01572977937757969
1779958179695580700,19.16158056640625,0.003054326167330146,0.01970040425658226,-0.01191187184303999
1779958179711913200,19.177913330078123,0.004581489134579897,0.014966198243200779,-0.0064140851609408855
1779958179728243700,19.19424365234375,0.004886921960860491,-0.004886921960860491,0.0024434609804302454
1779958179744577300,19.210577392578124,0.0027488935738801956,-0.024434609338641167,0.01237002108246088
1779958179760909300,19.226909423828126,0.00366519158706069,-0.016035212203860283,0.006108652334660292
1779958179777242600,19.24324267578125,0.0006108652451075613,0,-0.005192354787141085
1779958179793557200,19.25955712890625,-0.0064140851609408855,0.011301007121801376,0.0024434609804302454
1779958179809893400,19.275893310546873,-0.004428773187100887,-0.010537425056099892,0.01160643994808197
1779958179826237700,19.29223779296875,0.0074830991216003895,-0.04352414980530739,0.01466076634824276
1779958179842574000,19.308573974609374,0.014813481830060482,-0.050243668258190155,0.00809396430850029
1779958179858900700,19.324900634765626,0.012064588256180286,-0.023518312722444534,-0.005192354787141085
1779958179875234300,19.341234375,0.0025961773935705423,0.0074830991216003895,-0.01466076634824276
1779958179891566600,19.357566650390623,-0.001679879380390048,0.024892758578062057,-0.012522737495601177
1779958179907918300,19.37391845703125,-0.0006108652451075613,0.02779436856508255,-0.005803219974040985
1779958179924223000,19.390222900390626,0.007941247895359993,0.020005837082862854,-0.00931569468230009
1779958179940559400,19.406559326171877,0.012064588256180286,0.02580905705690384,-0.023060163483023643
1779958179956897000,19.42289697265625,0.007941247895359993,0.04993823543190956,-0.040622539818286896
1779958179973225200,19.43922509765625,-0.0025961773935705423,0.0907134860754013,-0.05360342562198639
1779958179989557200,19.45555712890625,-0.005497787147760391,0.1036943718791008,-0.05726861581206322
1779958180005892000,19.47189208984375,0.0019853119738399982,0.09086620807647705,-0.046273041516542435
1779958180022238500,19.488238525390624,0.010537425056099892,0.07208210229873657,-0.042760565876960754
1779958180038563600,19.5045634765625,0.00809396430850029,0.06902777403593063,-0.04077525436878204
1779958180054902500,19.520902587890625,0.004428773187100887,0.07788532227277756,-0.04108068719506264
1779958180071229000,19.53722900390625,0.006261368747800589,0.07269296050071716,-0.03985895588994026
1779958180087551000,19.553551025390625,0.007941247895359993,0.06658431142568588,-0.029016099870204926
1779958180103895600,19.5698955078125,0.007024950347840786,0.05314527451992035,-0.020463986322283745
1779958180120214300,19.58621435546875,0.005497787147760391,0.03573561832308769,-0.012675453908741474
1779958180136544800,19.602544677734375,0.0025961773935705423,0.014049900695681572,0.0010690141934901476
1779958180152881700,19.618881591796875,0.003512475173920393,-0.0006108652451075613,0.005803219974040985
1779958180169211000,19.6352109375,0.0013744467869400978,-0.006261368747800589,0.005192354787141085
1779958180185543400,19.65154345703125,0.0012217304902151227,-0.009010262787342072,0.00427605677396059
1779958180201879300,19.66787939453125,0.0024434609804302454,-0.028099801391363144,0.00045814894838258624
1779958180218216200,19.68421630859375,0,-0.040164388716220856,0.004734205547720194
1779958180234541000,19.700541015625,-0.0012217304902151227,-0.04199698567390442,0.0074830991216003895
1779958180250872000,19.7168720703125,0.0012217304902151227,-0.055741455405950546,0.014355333521962166
1779958180267197000,19.733197021484376,0.0074830991216003895,-0.06551529467105865,0.026114489883184433
1779958180283536000,19.749535888671875,0.006108652334660292,-0.05955936014652252,0.030543262138962746
1779958180299867600,19.76586767578125,-0.00045814894838258624,-0.062460970133543015,0.027641652151942253
1779958180316200000,19.782199951171876,-0.004886921960860491,-0.06887505948543549,0.029932396486401558
1779958180332549400,19.79854931640625,-0.004123340360820293,-0.06398813426494598,0.029168816283345222
1779958180348878600,19.814878662109376,0.00015271631127689034,-0.06261368840932846,0.023060163483023643
1779958180365206300,19.831206298828125,0.00015271631127689034,-0.06933320313692093,0.019547687843441963
1779958180381545200,19.847545166015625,-0.00366519158706069,-0.06352998316287994,0.019547687843441963
1779958180397874400,19.86387451171875,-0.007788531947880983,-0.06291911751031876,0.016951510682702065
1779958180414185700,19.880185791015624,-0.0027488935738801956,-0.07192938029766083,0.017562376335263252
1779958180430511400,19.896511474609376,0.0025961773935705423,-0.0685696229338646,0.017867809161543846
1779958180446857500,19.912857421875,0.003054326167330146,-0.05513058975338936,0.014813481830060482
1779958180463190000,19.92918994140625,0.0025961773935705423,-0.04489859566092491,0.018325956538319588
1779958180479519700,19.945519775390625,-0.002138028386980295,-0.0328340083360672,0.02535090781748295
1779958180495855000,19.961855224609376,0.004581489134579897,-0.03436116874217987,0.032528575509786606
1779958180512188700,19.978188720703123,0.009773843921720982,-0.03833179548382759,0.03405573591589928
1779958180528526000,19.994526123046874,0.008704829961061478,-0.02825251780450344,0.030237829312682152
1779958180544877300,20.010877197265625,0.004886921960860491,-0.015882495790719986,0.021838432177901268
1779958180561192400,20.0271923828125,0.0022907445672899485,-0.012064588256180286,0.01237002108246088
1779958180577523200,20.043523193359373,0.0013744467869400978,0.001527163083665073,0.00366519158706069
1779958180593850600,20.0598505859375,0.0024434609804302454,0.005039638374000788,0.00427605677396059
1779958180610176500,20.076176513671875,0.004734205547720194,0.0027488935738801956,0.007024950347840786
1779958180626495200,20.0924951171875,0.0029016099870204926,-0.0019853119738399982,0.006872233934700489
1779958180642848300,20.10884814453125,-0.002138028386980295,0.003512475173920393,0.005192354787141085
1779958180659173600,20.125173583984374,-0.004428773187100887,0.016798794269561768,-0.0010690141934901476
1779958180675517200,20.14151708984375,-0.005039638374000788,0.029016099870204926,0.0013744467869400978
1779958180691859500,20.157859375,-0.004734205547720194,0.005192354787141085,0.00427605677396059
1779958180708176600,20.1741767578125,-0.0009162978967651725,-0.004428773187100887,0.010995574295520782
1779958180724504300,20.19050439453125,0.002138028386980295,-0.00931569468230009,0.004734205547720194
1779958180740875500,20.20687548828125,0.00045814894838258624,0.005345070734620094,-0.001527163083665073
1779958180757167400,20.22316748046875,0.00045814894838258624,0.015882495790719986,-0.0027488935738801956
1779958180773498600,20.23949853515625,0.005192354787141085,0.001832595793530345,0.004123340360820293
1779958180789831000,20.255830810546875,0.00855211354792118,-0.016493361443281174,0.009468411095440388
1779958180806162700,20.27216259765625,0.004581489134579897,-0.02932153269648552,0.005497787147760391
1779958180822512000,20.28851220703125,-0.0027488935738801956,-0.012217304669320583,-0.001679879380390048
1779958180838818000,20.304818115234376,-0.005497787147760391,-0.007024950347840786,-0.007177666760981083
1779958180855176700,20.3211767578125,-0.005039638374000788,0.0006108652451075613,-0.00427605677396059
1779958180871508700,20.3375087890625,-0.004886921960860491,0.0032070425804704428,0.0012217304902151227
1779958180887821000,20.353821044921876,-0.004428773187100887,0.012828170321881771,0.0065668015740811825
1779958180904148500,20.3701484375,-0.006108652334660292,0.01191187184303999,0.004581489134579897
1779958180920476700,20.3864765625,-0.004734205547720194,0.009926560334861279,0.005192354787141085
1779958180936819000,20.40281884765625,-0.0019853119738399982,0.0065668015740811825,0.008246680721640587
1779958180953152500,20.419152587890625,0.0009162978967651725,0.0024434609804302454,0.003359758760780096
1779958180969482000,20.43548193359375,0.0012217304902151227,0.007024950347840786,-0.005803219974040985
1779958180985816000,20.451816162109374,-0.005039638374000788,0.029626963660120964,-0.008857546374201775
1779958181002148000,20.468148193359376,-0.00855211354792118,0.03390302136540413,-0.005955935921519995
1779958181018492200,20.4844921875,-0.0064140851609408855,0.027488935738801956,-0.0013744467869400978
1779958181034846000,20.500845947265624,0.0007635815418325365,0.012675453908741474,-0.0022907445672899485
1779958181051150300,20.517150390625,0.001679879380390048,0.010690141469240189,0.0025961773935705423
1779958181067475700,20.533475830078125,0.0012217304902151227,0.018478672951459885,-0.0007635815418325365
1779958181083808800,20.549808837890627,-0.0009162978967651725,0.02519819140434265,-0.010231993161141872
1779958181100139000,20.566138916015625,-0.002138028386980295,0.02825251780450344,-0.01466076634824276
1779958181116468200,20.58246826171875,-0.005192354787141085,0.04092797264456749,-0.017409659922122955
1779958181132809000,20.59880908203125,-0.009010262787342072,0.04489859566092491,-0.018325956538319588
1779958181149138200,20.61513818359375,-0.01160643994808197,0.033597588539123535,-0.014813481830060482
1779958181165465600,20.631465576171873,-0.008399397134780884,0.014813481830060482,-0.006261368747800589
1779958181181818600,20.647818603515624,0.00015271631127689034,-0.001679879380390048,-0.0029016099870204926
1779958181198134800,20.664134765625,0.003817907767370343,-0.0029016099870204926,-0.0027488935738801956
1779958181214466000,20.680466064453125,0.001679879380390048,0.008857546374201775,-0.0009162978967651725
1779958181230803000,20.696802978515624,-0.004886921960860491,0.021074850112199783,-0.0007635815418325365
1779958181247130000,20.713130126953125,-0.008399397134780884,0.01191187184303999,0.002138028386980295
1779958181263457800,20.729457763671874,-0.007024950347840786,-0.001832595793530345,0.01191187184303999
1779958181279792400,20.74579248046875,-0.003359758760780096,-0.011759156361222267,0.009621127508580685
1779958181296125000,20.762125,0.0003054326225537807,-0.01466076634824276,0.00366519158706069
1779958181312471000,20.778470947265625,-0.0010690141934901476,-0.005345070734620094,-0.005955935921519995
1779958181328806400,20.794806396484375,-0.005650503560900688,0.0007635815418325365,-0.00931569468230009
1779958181345136000,20.81113623046875,-0.007941247895359993,0.0027488935738801956,-0.00855211354792118
1779958181361466400,20.82746630859375,-0.006719517521560192,-0.006872233934700489,-0.0025961773935705423
1779958181377779500,20.843779541015625,-0.0039706239476799965,-0.014355333521962166,-0.0010690141934901476
1779958181394135800,20.8601357421875,-0.0012217304902151227,-0.010842857882380486,-0.003359758760780096
1779958181410443000,20.876443115234373,-0.005039638374000788,0.0010690141934901476,-0.0074830991216003895
1779958181426784500,20.892784423828125,-0.00855211354792118,0.010537425056099892,-0.010995574295520782
1779958181443115300,20.909115234375,-0.008857546374201775,0.0074830991216003895,-0.010995574295520782
1779958181459441200,20.925441162109376,-0.005650503560900688,-0.005803219974040985,-0.007024950347840786
1779958181475782100,20.9417822265625,-0.00045814894838258624,-0.010842857882380486,-0.0027488935738801956
1779958181492110000,20.958110107421874,0.003054326167330146,-0.012064588256180286,-0.005497787147760391
1779958181508443100,20.974443115234376,0.0006108652451075613,-0.007635815534740686,-0.00855211354792118
1779958181524787000,20.990786865234377,-0.0029016099870204926,0.0032070425804704428,-0.007635815534740686
1779958181541106400,21.0071064453125,-0.004734205547720194,0.0027488935738801956,-0.006872233934700489
1779958181557452000,21.0234521484375,-0.0025961773935705423,-0.002138028386980295,-0.00427605677396059
1779958181573787100,21.039787109375,-0.0009162978967651725,-0.006108652334660292,-0.004123340360820293
1779958181590097000,21.056096923828125,0.00045814894838258624,-0.005650503560900688,-0.0039706239476799965
1779958181606430200,21.07243017578125,-0.0007635815418325365,-0.002138028386980295,-0.003512475173920393
1779958181622773500,21.0887734375,-0.002138028386980295,-0.0009162978967651725,-0.005192354787141085
1779958181639097000,21.10509716796875,-0.0013744467869400978,-0.003054326167330146,-0.004581489134579897
1779958181655430100,21.12143017578125,0.001832595793530345,-0.0065668015740811825,-0.005345070734620094
1779958181671743000,21.137742919921877,0.005039638374000788,-0.010995574295520782,-0.006261368747800589
1779958181688093000,21.154093017578123,0.006108652334660292,-0.006108652334660292,-0.01038470957428217
1779958181704427800,21.170427734375,0.001527163083665073,0.008399397134780884,-0.012980886735022068
1779958181720766000,21.186765869140626,-0.0012217304902151227,0.014202617108821869,-0.011759156361222267
1779958181737091300,21.20309130859375,-0.0007635815418325365,0.008857546374201775,-0.007635815534740686
1779958181753423000,21.219423095703124,0.0013744467869400978,-0.005192354787141085,-0.004581489134579897
1779958181769755400,21.23575537109375,0.00366519158706069,-0.008857546374201775,-0.005650503560900688
1779958181786086700,21.252086669921876,0.0019853119738399982,0.0012217304902151227,-0.013897184282541275
1779958181802436600,21.2684365234375,0.0013744467869400978,0.01114829070866108,-0.01542434748262167
1779958181818765000,21.28476513671875,0.0013744467869400978,0.012675453908741474,-0.010537425056099892
1779958181835078700,21.30107861328125,0.0013744467869400978,0.009010262787342072,-0.008399397134780884
1779958181851428400,21.317428466796876,0.00045814894838258624,0.005039638374000788,-0.004734205547720194
1779958181867762200,21.33376220703125,-0.0010690141934901476,0.00855211354792118,-0.007788531947880983
1779958181884107300,21.350107177734376,-0.0022907445672899485,0.009010262787342072,-0.007941247895359993
1779958181900409300,21.366409423828124,-0.0003054326225537807,0.004581489134579897,-0.011453723534941673
1779958181916742000,21.382741943359374,-0.0007635815418325365,0.004734205547720194,-0.013439035043120384
1779958181933079300,21.399079345703125,-0.001679879380390048,0.005497787147760391,-0.015118914656341076
1779958181949407000,21.415406982421874,-0.001527163083665073,0.01114829070866108,-0.01466076634824276
1779958181965740800,21.43174072265625,0.0010690141934901476,0.009468411095440388,-0.013897184282541275
1779958181982072800,21.44807275390625,0.003512475173920393,0.002138028386980295,-0.008857546374201775
1779958181998420500,21.46442041015625,0.0007635815418325365,0.005650503560900688,-0.006872233934700489
1779958182014751000,21.4807509765625,-0.003359758760780096,0.01191187184303999,-0.0022907445672899485
1779958182031067000,21.49706689453125,-0.001527163083665073,0.014202617108821869,-0.004886921960860491
1779958182047416300,21.513416259765624,-0.0012217304902151227,0.008399397134780884,-0.005039638374000788
1779958182063746600,21.52974658203125,-0.002138028386980295,0.0032070425804704428,-0.010537425056099892
1779958182080056600,21.546056640625,-0.004428773187100887,0.0065668015740811825,-0.013286318629980087
1779958182096402700,21.562402587890624,-0.00366519158706069,0.007635815534740686,-0.01572977937757969
1779958182112727300,21.578727294921876,0.0006108652451075613,0.00366519158706069,-0.01664607785642147
1779958182129049900,21.5950498046875,0.0007635815418325365,0.002138028386980295,-0.012064588256180286
1779958182145392600,21.611392578125,-0.0007635815418325365,0.003817907767370343,-0.006261368747800589
1779958182161726700,21.627726806640624,0,0.005803219974040985,-0.0022907445672899485
1779958182178058500,21.64405859375,0.00045814894838258624,0.0065668015740811825,-0.006872233934700489
1779958182194390500,21.660390625,0.0009162978967651725,0.011301007121801376,-0.00733038317412138
1779958182210727700,21.676727783203123,0.0007635815418325365,0.016798794269561768,-0.005192354787141085
1779958182227054300,21.693054443359376,0.0029016099870204926,0.020311269909143448,-0.002138028386980295
1779958182243385900,21.7093857421875,0.007635815534740686,0.012522737495601177,-0.003512475173920393
1779958182259717000,21.725717041015624,0.01191187184303999,0.002138028386980295,-0.007788531947880983
1779958182276049400,21.74204931640625,0.012217304669320583,-0.00015271631127689034,-0.00855211354792118
1779958182292398800,21.75839892578125,0.005803219974040985,0.005650503560900688,-0.007941247895359993
1779958182308735700,21.77473583984375,0.0032070425804704428,0.009621127508580685,-0.005650503560900688
1779958182325060900,21.791060791015624,0.005955935921519995,0.008704829961061478,-0.01038470957428217
1779958182341374500,21.80737451171875,0.00733038317412138,0.005955935921519995,-0.01191187184303999
1779958182357711000,21.823711181640626,0.003359758760780096,0.01114829070866108,-0.012217304669320583
1779958182374045200,21.840045166015624,0.002138028386980295,0.013439035043120384,-0.0074830991216003895
1779958182390364700,21.85636474609375,0.003359758760780096,0.00366519158706069,-0.0022907445672899485
1779958182406706400,21.87270654296875,0.005650503560900688,-0.0010690141934901476,0.0010690141934901476
1779958182423039200,21.889039306640626,0.00427605677396059,0.004123340360820293,-0.005192354787141085
1779958182439369200,21.905369140625,-0.004123340360820293,0.01542434748262167,-0.008857546374201775
1779958182455703300,21.921703369140626,-0.008857546374201775,0.030543262138962746,-0.018478672951459885
1779958182472035000,21.93803515625,-0.009468411095440388,0.03039054572582245,-0.02382374368607998
1779958182488382500,21.954382568359375,-0.006108652334660292,0.01970040425658226,-0.02535090781748295
1779958182504703200,21.970703125,-0.0006108652451075613,0.01114829070866108,-0.021380282938480377
1779958182521044200,21.987044189453126,0.0022907445672899485,0.008246680721640587,-0.023518312722444534
1779958182537359600,22.003359619140625,0.00015271631127689034,0.01572977937757969,-0.025961773470044136
1779958182553707300,22.019707275390626,-0.001527163083665073,0.017867809161543846,-0.019853120669722557
1779958182570043000,22.03604296875,-0.0013744467869400978,0.010690141469240189,-0.009162978269159794
1779958182586369500,22.05236962890625,0.0029016099870204926,0.006719517521560192,-0.005955935921519995
1779958182602692000,22.068692138671874,0.007788531947880983,0.008857546374201775,-0.011301007121801376
1779958182619023000,22.085023193359376,0.009468411095440388,0.01466076634824276,-0.011453723534941673
1779958182635355400,22.10135546875,0.008704829961061478,0.02474004216492176,-0.005803219974040985
1779958182651688700,22.117688720703125,0.00855211354792118,0.027641652151942253,-0.00366519158706069
1779958182668000300,22.134000244140626,0.00733038317412138,0.026114489883184433,-0.003054326167330146
1779958182684354600,22.1503544921875,0.005192354787141085,0.026419922709465027,-0.006108652334660292
1779958182700681700,22.166681640625,0.0027488935738801956,0.023365596309304237,-0.001527163083665073
1779958182717016800,22.183016845703126,0.0019853119738399982,0.019394971430301666,0.001679879380390048
1779958182733347800,22.199347900390624,0.006108652334660292,0.00733038317412138,0.001527163083665073
1779958182749677800,22.215677734375,0.013286318629980087,-0.010842857882380486,-0.007177666760981083
1779958182766013200,22.23201318359375,0.01970040425658226,-0.010690141469240189,-0.027183502912521362
1779958182782360600,22.248360595703126,0.016493361443281174,0.01725694350898266,-0.044135015457868576
1779958182798687700,22.264687744140623,0.001527163083665073,0.06673702597618103,-0.042760565876960754
1779958182815024000,22.281024169921874,-0.0024434609804302454,0.07498370856046677,-0.02580905705690384
1779958182831332600,22.29733251953125,0.004886921960860491,0.04856378585100174,-0.004123340360820293
1779958182847688200,22.313688232421875,0.015882495790719986,0.019089538604021072,0.007788531947880983
1779958182864016600,22.3300166015625,0.018020525574684143,0.017409659922122955,0.007941247895359993
1779958182880346400,22.346346435546874,0.014049900695681572,0.022449297830462456,0.0065668015740811825
1779958182896668700,22.362668701171874,0.010231993161141872,0.03191770985722542,0.005039638374000788
1779958182912999000,22.3789990234375,0.007941247895359993,0.03787364438176155,0.0006108652451075613
1779958182929334300,22.395334228515626,0.0074830991216003895,0.03084869496524334,-0.004734205547720194
1779958182945665500,22.41166552734375,0.007788531947880983,0.01924225501716137,0.0007635815418325365
1779958182961997000,22.4279970703125,0.005650503560900688,0.009926560334861279,0.0025961773935705423
1779958182978325200,22.4443251953125,0.005192354787141085,0.006261368747800589,-0.00366519158706069
1779958182994661000,22.4606611328125,0.0010690141934901476,0.014355333521962166,-0.009162978269159794
1779958183010991000,22.4769912109375,0.0012217304902151227,0.015882495790719986,-0.01237002108246088
1779958183027322400,22.493322265625,-0.0006108652451075613,0.0024434609804302454,-0.009926560334861279
1779958183043645700,22.509645751953126,-0.0064140851609408855,-0.0027488935738801956,-0.007788531947880983
1779958183059988000,22.525988037109375,-0.009773843921720982,0.0003054326225537807,-0.004123340360820293
1779958183076325400,22.542325439453126,-0.008399397134780884,0.006261368747800589,-0.00427605677396059
1779958183092650500,22.558650390625,-0.005345070734620094,0.00015271631127689034,-0.004734205547720194
1779958183108985600,22.574985595703126,-0.004734205547720194,0.007177666760981083,-0.005345070734620094
1779958183125317000,22.591317138671876,-0.005039638374000788,0.013744467869400978,-0.005039638374000788
1779958183141666300,22.607666259765626,-0.0019853119738399982,0.009621127508580685,-0.005497787147760391
1779958183157964500,22.623964599609376,0.0025961773935705423,-0.00427605677396059,0.006872233934700489
1779958183174311200,22.640311279296874,0.007024950347840786,-0.014355333521962166,0.013897184282541275
1779958183190646300,22.656646240234377,0.0065668015740811825,-0.013897184282541275,0.014202617108821869
1779958183206984000,22.67298388671875,0.004123340360820293,-0.0064140851609408855,0.013133603148162365
1779958183223310000,22.68931005859375,0.00015271631127689034,-0.001832595793530345,0.006108652334660292
1779958183239641600,22.7056416015625,-0.003512475173920393,-0.001832595793530345,0.005192354787141085
1779958183255984600,22.721984619140624,-0.00366519158706069,-0.015577063895761967,0.0027488935738801956
1779958183272323000,22.738322998046876,-0.0029016099870204926,-0.02229658141732216,-0.003054326167330146
1779958183288644600,22.75464453125,-0.0013744467869400978,-0.013591751456260681,-0.008857546374201775
1779958183304989000,22.770989013671876,-0.003359758760780096,-0.001832595793530345,-0.01038470957428217
1779958183321315000,22.787315185546873,-0.001832595793530345,-0.002138028386980295,-0.005192354787141085
1779958183337648400,22.8036484375,0.002138028386980295,0.00809396430850029,-0.001679879380390048
1779958183353964300,22.81996435546875,0.004886921960860491,0.016035212203860283,-0.00809396430850029
1779958183370312200,22.836312255859376,0.00427605677396059,0.025045474991202354,-0.01114829070866108
1779958183386627000,22.852626953125,0.0029016099870204926,0.02519819140434265,-0.0003054326225537807
1779958183402966500,22.868966552734374,0.00427605677396059,0.017409659922122955,0.010231993161141872
1779958183419293400,22.88529345703125,0.007177666760981083,0.016951510682702065,0.0064140851609408855
1779958183435627800,22.901627685546874,0.004734205547720194,0.02168571576476097,-0.0027488935738801956
1779958183451961000,22.917961181640624,0.001679879380390048,0.022143865004181862,-0.005497787147760391
1779958183468290800,22.934290771484374,-0.0009162978967651725,0.027030786499381065,-0.007177666760981083
1779958183484640000,22.950639892578124,0.0007635815418325365,0.03390302136540413,-0.00855211354792118
1779958183500966000,22.9669658203125,0.004581489134579897,0.03084869496524334,-0.009162978269159794
1779958183517287700,22.98328759765625,0.004886921960860491,0.023518312722444534,0.00015271631127689034
1779958183533643300,22.999643310546876,0.001527163083665073,0.021838432177901268,0.0032070425804704428
1779958183549962000,23.0159619140625,0.0009162978967651725,0.02580905705690384,-0.0064140851609408855
1779958183566282500,23.032282470703127,0.0032070425804704428,0.022602014243602753,-0.018325956538319588
1779958183582627800,23.0486279296875,0,0.028405234217643738,-0.02229658141732216
1779958183598960600,23.064960693359374,-0.006108652334660292,0.03329215571284294,-0.022602014243602753
1779958183615293000,23.08129296875,-0.00733038317412138,0.027030786499381065,-0.018936822190880775
1779958183631625500,23.09762548828125,0.0010690141934901476,0.015882495790719986,-0.014049900695681572
1779958183647955200,23.113955078125,0.006872233934700489,0.009773843921720982,-0.010842857882380486
1779958183664271000,23.13027099609375,0.003512475173920393,0.017867809161543846,-0.012217304669320583
1779958183680609800,23.14660986328125,-0.0003054326225537807,0.030237829312682152,-0.008704829961061478
1779958183696940300,23.162940185546876,-0.0007635815418325365,0.02977968007326126,-0.0006108652451075613
1779958183713272300,23.179272216796875,0.003359758760780096,0.019853120669722557,0.005192354787141085
1779958183729601300,23.195601318359376,0.005650503560900688,0.014202617108821869,0.00366519158706069
1779958183745938200,23.211938232421875,0.006719517521560192,0.010079276748001575,0.0027488935738801956
1779958183762285000,23.22828515625,0.005345070734620094,0.00855211354792118,-0.004886921960860491
1779958183778613000,23.244613037109374,0.003054326167330146,0.013744467869400978,-0.0065668015740811825
1779958183794944500,23.260944580078124,0.0003054326225537807,0.01817324012517929,-0.007635815534740686
1779958183811276500,23.277276611328126,0.0012217304902151227,0.01618792861700058,-0.01160643994808197
1779958183827609600,23.293609619140625,0.0029016099870204926,0.017562376335263252,-0.013286318629980087
1779958183843929900,23.309929931640625,0.0025961773935705423,0.01924225501716137,-0.013744467869400978
1779958183860274000,23.32627392578125,-0.0019853119738399982,0.012064588256180286,-0.01191187184303999
1779958183876589000,23.342589111328124,-0.006872233934700489,0.01114829070866108,-0.012522737495601177
1779958183892925000,23.358925048828127,-0.007635815534740686,0.008399397134780884,-0.010842857882380486
1779958183909255700,23.375255615234376,-0.0024434609804302454,-0.0024434609804302454,-0.004734205547720194
1779958183925589800,23.39158984375,0.005955935921519995,-0.017409659922122955,-0.0022907445672899485
1779958183941920000,23.407919921875,0.0022907445672899485,-0.016951510682702065,-0.001527163083665073
1779958183958241000,23.424240966796877,-0.01038470957428217,0.005039638374000788,-0.001679879380390048
1779958183974603800,23.440603759765626,-0.012675453908741474,0.00931569468230009,-0.003512475173920393
1779958183990931200,23.45693115234375,-0.005955935921519995,-0.020311269909143448,0.0007635815418325365
1779958184007266800,23.473266845703126,0.001527163083665073,-0.03695734590291977,-0.0024434609804302454
1779958184023596800,23.4895966796875,0.00045814894838258624,-0.02580905705690384,-0.008399397134780884
1779958184039921400,23.50592138671875,-0.003054326167330146,-0.016340645030140877,-0.00733038317412138
1779958184056258600,23.522258544921876,-0.0025961773935705423,-0.02977968007326126,-0.0003054326225537807
1779958184072593000,23.538593017578126,0.001832595793530345,-0.043218716979026794,0.009010262787342072
1779958184088908000,23.554907958984376,0.005345070734620094,-0.046731192618608475,0.012675453908741474
1779958184105259000,23.571259033203123,0.0010690141934901476,-0.036651913076639175,0.01466076634824276
1779958184121583400,23.587583251953124,-0.004428773187100887,-0.024434609338641167,0.014049900695681572
1779958184137921500,23.603921630859375,-0.004886921960860491,-0.021074850112199783,0.01038470957428217
1779958184154236000,23.62023583984375,-0.003817907767370343,-0.02367102913558483,0.010690141469240189
1779958184170569200,23.6365693359375,-0.0007635815418325365,-0.023060163483023643,0.00931569468230009
1779958184186903000,23.652903076171874,0.0013744467869400978,-0.024434609338641167,-0.0009162978967651725
1779958184203230500,23.66923046875,-0.001832595793530345,-0.020311269909143448,-0.007024950347840786
1779958184219568400,23.685568359375,-0.006719517521560192,-0.00855211354792118,-0.0025961773935705423
1779958184235897600,23.701897705078125,-0.0074830991216003895,-0.005192354787141085,0.003817907767370343
1779958184252241000,23.718240966796873,-0.0024434609804302454,-0.017409659922122955,0.005955935921519995
1779958184268574200,23.73457421875,-0.0019853119738399982,-0.013744467869400978,0.0039706239476799965
1779958184284907800,23.75090771484375,-0.0022907445672899485,0.00015271631127689034,0.0013744467869400978
1779958184301239300,23.7672392578125,-0.005650503560900688,0.005497787147760391,-0.005955935921519995
1779958184317573000,23.783572998046875,-0.005803219974040985,0.005039638374000788,-0.012217304669320583
1779958184333888000,23.799887939453125,-0.005955935921519995,0.010995574295520782,-0.012217304669320583
1779958184350236400,23.816236328125,-0.006108652334660292,0.004581489134579897,-0.006261368747800589
1779958184366551800,23.8325517578125,-0.005803219974040985,-0.0006108652451075613,-0.0010690141934901476
1779958184382889000,23.848888916015625,-0.001527163083665073,-0.0024434609804302454,0.001679879380390048
1779958184399217400,23.865217529296874,0.003054326167330146,-0.004428773187100887,0.00015271631127689034
1779958184415539000,23.8815390625,0.001679879380390048,0.0025961773935705423,0.0013744467869400978
1779958184431882800,23.8978828125,-0.002138028386980295,0.020463986322283745,0.0039706239476799965
1779958184448214500,23.914214599609377,-0.005497787147760391,0.02687807008624077,0.004428773187100887
1779958184464550400,23.93055029296875,-0.003817907767370343,0.01878410577774048,0.0003054326225537807
1779958184480892000,23.946891845703124,-0.0007635815418325365,0.007941247895359993,-0.0029016099870204926
1779958184497222400,23.963222412109374,-0.0010690141934901476,0.009468411095440388,-0.00931569468230009
1779958184513546000,23.9795458984375,-0.002138028386980295,0.011301007121801376,-0.014355333521962166
1779958184529883100,23.995883056640626,-0.0012217304902151227,0.012675453908741474,-0.01817324012517929
1779958184546226200,24.01222607421875,-0.0022907445672899485,0.00931569468230009,-0.012522737495601177
1779958184562560500,24.028560546875,-0.004734205547720194,0.013439035043120384,-0.00427605677396059
1779958184578867700,24.04486767578125,-0.004428773187100887,0.009010262787342072,0.0003054326225537807
1779958184595219700,24.0612197265625,-0.002138028386980295,0,0.0027488935738801956
1779958184611549400,24.077549560546874,-0.003359758760780096,-0.006872233934700489,0.008246680721640587
1779958184627879400,24.09387939453125,-0.004886921960860491,-0.006261368747800589,0.008399397134780884
1779958184644198000,24.110197998046875,-0.004123340360820293,-0.005345070734620094,0.006108652334660292
1779958184660542000,24.1265419921875,-0.0025961773935705423,-0.01466076634824276,0.00427605677396059
1779958184676863700,24.14286376953125,-0.0010690141934901476,-0.024434609338641167,0.008399397134780884
1779958184693196500,24.159196533203126,-0.001679879380390048,-0.031154127791523933,0.013897184282541275
1779958184709516500,24.1755166015625,-0.001679879380390048,-0.032070424407720566,0.013897184282541275
1779958184725860900,24.19186083984375,-0.0025961773935705423,-0.03420845419168472,0.009468411095440388
1779958184742209500,24.20820947265625,-0.003359758760780096,-0.0328340083360672,0.0065668015740811825
1779958184758535700,24.22453564453125,-0.003359758760780096,-0.03298672288656235,0.007941247895359993
1779958184774872600,24.24087255859375,-0.0032070425804704428,-0.03222314268350601,0.0074830991216003895
1779958184791201000,24.257200927734374,-0.00366519158706069,-0.02932153269648552,0.0039706239476799965
1779958184807534600,24.27353466796875,-0.004886921960860491,-0.02382374368607998,0.005803219974040985
1779958184823867100,24.2898671875,-0.0027488935738801956,-0.019394971430301666,0.005803219974040985
1779958184840202000,24.306201904296874,0.002138028386980295,-0.018020525574684143,0.003359758760780096
1779958184856528100,24.322528076171874,0.0039706239476799965,-0.01771509274840355,0.00366519158706069
1779958184872836000,24.338836181640627,0.003054326167330146,-0.012675453908741474,0.003512475173920393
1779958184889180000,24.355179931640624,0.002138028386980295,-0.012675453908741474,0.005650503560900688
1779958184905513700,24.371513671875,0.002138028386980295,-0.00809396430850029,0.00427605677396059
1779958184921849900,24.387849853515625,0.004581489134579897,-0.00015271631127689034,-0.00015271631127689034
1779958184938177300,24.40417724609375,0.004886921960860491,0.009010262787342072,0.0006108652451075613
1779958184954509000,24.420509033203125,0.00366519158706069,0.021532999351620674,0.0007635815418325365
1779958184970860800,24.43686083984375,0.002138028386980295,0.03222314268350601,0
1779958184987186700,24.453186767578124,0.005039638374000788,0.02626720629632473,-0.0032070425804704428
1779958185003520500,24.4695205078125,0.0064140851609408855,0.02275473065674305,-0.0027488935738801956
1779958185019850500,24.4858505859375,0.006108652334660292,0.022143865004181862,-0.00045814894838258624
1779958185036181000,24.502180908203126,0.0039706239476799965,0.02382374368607998,-0.005345070734620094
1779958185052518000,24.518517822265625,0.001527163083665073,0.025045474991202354,-0.013744467869400978
1779958185068855000,24.53485498046875,0.0013744467869400978,0.02886338345706463,-0.019089538604021072
1779958185085179400,24.551179443359374,0.0010690141934901476,0.03405573591589928,-0.016798794269561768
1779958185101511200,24.56751123046875,-0.0006108652451075613,0.029932396486401558,-0.013744467869400978
1779958185117844700,24.5838447265625,-0.003054326167330146,0.027030786499381065,-0.014508049935102463
1779958185134145500,24.6001455078125,-0.003512475173920393,0.031001411378383636,-0.018020525574684143
1779958185150494500,24.616494384765623,-0.0029016099870204926,0.04138612002134323,-0.02076941914856434
1779958185166827300,24.6328271484375,-0.0012217304902151227,0.043676864355802536,-0.02122756652534008
1779958185183158800,24.64915869140625,0.0007635815418325365,0.04535674303770065,-0.01618792861700058
1779958185199489800,24.66548974609375,0.003054326167330146,0.03955352306365967,-0.008246680721640587
1779958185215821800,24.68182177734375,0.00366519158706069,0.03039054572582245,-0.009162978269159794
1779958185232170800,24.698170654296874,0.005345070734620094,0.027030786499381065,-0.010537425056099892
1779958185248494800,24.714494873046874,0.005039638374000788,0.023976460099220276,-0.009010262787342072
1779958185264829000,24.730828857421876,0.0007635815418325365,0.01725694350898266,-0.006872233934700489
1779958185281171000,24.7471708984375,-0.0022907445672899485,0.014966198243200779,-0.0064140851609408855
1779958185297497600,24.76349755859375,-0.0027488935738801956,0.009926560334861279,-0.007635815534740686
1779958185313798000,24.7797978515625,-0.0006108652451075613,0.007788531947880983,-0.006108652334660292
1779958185330184000,24.796183837890624,0.0029016099870204926,0.007177666760981083,-0.0074830991216003895
1779958185346492700,24.81249267578125,0.0027488935738801956,0.00366519158706069,-0.0064140851609408855
1779958185362808800,24.828808837890627,-0.0003054326225537807,0.005192354787141085,-0.006108652334660292
1779958185379141600,24.8451416015625,-0.0019853119738399982,0.009926560334861279,-0.001679879380390048
1779958185395475500,24.861475341796876,0.0013744467869400978,0.0003054326225537807,0.0065668015740811825
1779958185411820000,24.877820068359377,0.005650503560900688,-0.005039638374000788,0.012828170321881771
1779958185428138800,24.894138671875,0.006261368747800589,-0.006108652334660292,0.010079276748001575
1779958185444471000,24.910470947265626,0.002138028386980295,-0.0007635815418325365,0.003512475173920393
1779958185460819200,24.926819091796876,-0.002138028386980295,0.008246680721640587,0.0022907445672899485
1779958185477146000,24.94314599609375,-0.00015271631127689034,0.00733038317412138,0.004886921960860491
1779958185493476900,24.959476806640627,0.001832595793530345,-0.006872233934700489,0.003512475173920393
1779958185509802200,24.97580224609375,0.0019853119738399982,-0.006261368747800589,0.00015271631127689034
1779958185526150100,24.992150146484374,-0.0013744467869400978,0.0003054326225537807,-0.004123340360820293
1779958185542476300,25.008476318359374,-0.0019853119738399982,0.008857546374201775,-0.006261368747800589
1779958185558796000,25.024796142578126,-0.0012217304902151227,0.008246680721640587,-0.006108652334660292
1779958185575121000,25.041120849609374,-0.0022907445672899485,0.0009162978967651725,0.0003054326225537807
1779958185591474400,25.057474365234373,-0.0019853119738399982,0.0007635815418325365,0.004123340360820293
1779958185607808300,25.073808349609376,-0.00045814894838258624,0.0025961773935705423,0.004581489134579897
1779958185624121300,25.090121337890626,0.001832595793530345,0.0012217304902151227,0.0039706239476799965
1779958185640448500,25.106448486328127,0.00427605677396059,0.005955935921519995,0.003359758760780096
1779958185656796700,25.122796630859376,0.00366519158706069,0.009773843921720982,0.0010690141934901476
1779958185673117200,25.1391171875,0.00366519158706069,0.014049900695681572,0.00045814894838258624
1779958185689448700,25.15544873046875,0.006719517521560192,0.01878410577774048,0.0032070425804704428
1779958185705786600,25.17178662109375,0.008399397134780884,0.015271631069481373,0.003054326167330146
1779958185722132700,25.1881328125,0.0074830991216003895,0.010995574295520782,0.0027488935738801956
1779958185738459600,25.204459716796876,0.0027488935738801956,0.013744467869400978,0.0024434609804302454
1779958185754797300,25.22079736328125,-0.0007635815418325365,0.014813481830060482,0.0024434609804302454
1779958185771124000,25.2371240234375,0.004123340360820293,0.013744467869400978,-0.0003054326225537807
1779958185787458300,25.253458251953123,0.008246680721640587,0.0064140851609408855,0
1779958185803786800,25.269786865234376,0.006872233934700489,0.0074830991216003895,-0.0007635815418325365
1779958185820125700,25.286125732421876,0.0019853119738399982,0.013897184282541275,-0.004581489134579897
1779958185836455000,25.302454833984374,-0.001832595793530345,0.016340645030140877,-0.001527163083665073
1779958185852770800,25.318770751953124,-0.00045814894838258624,0.01466076634824276,-0.0003054326225537807
1779958185869086200,25.335086181640627,0.001832595793530345,0.009468411095440388,0.0007635815418325365
1779958185885442600,25.351442626953126,0.0009162978967651725,0.010231993161141872,0.0012217304902151227
1779958185901769700,25.367769775390624,0.0009162978967651725,0.01191187184303999,-0.001832595793530345
1779958185918100000,25.384099853515625,0.0003054326225537807,0.009621127508580685,-0.004123340360820293
1779958185934433000,25.40043310546875,0.0009162978967651725,0.006719517521560192,-0.001679879380390048
1779958185950777600,25.416777587890625,0.0039706239476799965,0.00733038317412138,0.00045814894838258624
1779958185967114500,25.433114501953124,0.006719517521560192,0.005803219974040985,-0.001527163083665073
1779958185983444700,25.44944482421875,0.004734205547720194,0.007941247895359993,-0.0029016099870204926
1779958185999759600,25.465759521484376,-0.00045814894838258624,0.015271631069481373,-0.001832595793530345
1779958186016107800,25.482107666015626,0.0003054326225537807,0.016340645030140877,-0.0003054326225537807
1779958186032434200,25.49843408203125,0.00427605677396059,0.004734205547720194,0.0003054326225537807
1779958186048776700,25.514776611328124,0.006872233934700489,-0.0022907445672899485,0.001832595793530345
1779958186065104400,25.5311044921875,0.005039638374000788,0.008246680721640587,-0.00045814894838258624
1779958186081434000,25.54743408203125,0.0024434609804302454,0.012522737495601177,0
1779958186097763000,25.56376318359375,0.0024434609804302454,0.005650503560900688,0.001679879380390048
1779958186114087200,25.580087158203124,0.0025961773935705423,-0.0022907445672899485,0.007177666760981083
1779958186130417700,25.596417724609374,0.0019853119738399982,-0.001832595793530345,0.005955935921519995
1779958186146750700,25.612750732421876,0.0010690141934901476,0.0039706239476799965,0.0019853119738399982
1779958186163081200,25.629081298828126,0.003359758760780096,0.008857546374201775,-0.0009162978967651725
1779958186179400400,25.645400390625,0.0065668015740811825,0.0032070425804704428,-0.0003054326225537807
1779958186195749600,25.66174951171875,0.005345070734620094,-0.00015271631127689034,0.002138028386980295
1779958186212103400,25.678103515625,0.003817907767370343,0.00366519158706069,-0.0003054326225537807
1779958186228421400,25.69442138671875,-0.0007635815418325365,0.006108652334660292,-0.0027488935738801956
1779958186244757800,25.7107578125,-0.0006108652451075613,0.005803219974040985,0.0027488935738801956
1779958186261099500,25.727099609375,0.01237002108246088,0.010079276748001575,0.004428773187100887
1779958186277421000,25.743421142578125,0.0039706239476799965,-0.012064588256180286,0.001527163083665073
1779958186293720600,25.759720458984376,0.0009162978967651725,0.0007635815418325365,0.00015271631127689034
1779958186310068500,25.776068359375,-0.004123340360820293,0.01038470957428217,-0.0029016099870204926
1779958186326395600,25.792395751953126,-0.0032070425804704428,0.00809396430850029,0.0012217304902151227
1779958186342732500,25.808732666015626,0.0027488935738801956,-0.00855211354792118,0.005650503560900688
1779958186359065000,25.825065185546876,0.008704829961061478,-0.01572977937757969,0.006872233934700489
1779958186375399400,25.8413994140625,0.006719517521560192,-0.01038470957428217,0.003359758760780096
1779958186391731000,25.85773095703125,-0.00015271631127689034,0.0029016099870204926,0.002138028386980295
1779958186408062200,25.874062255859375,-0.0032070425804704428,0.006872233934700489,0.0027488935738801956
1779958186424394800,25.890394775390625,-0.00045814894838258624,-0.005497787147760391,0.007941247895359993
1779958186440731400,25.9067314453125,0.001832595793530345,-0.01572977937757969,0.010079276748001575
1779958186457072000,25.923072021484376,0.0012217304902151227,-0.010690141469240189,0.005955935921519995
1779958186473400300,25.939400390625,-0.0006108652451075613,-0.0029016099870204926,0.00045814894838258624
1779958186489733400,25.9557333984375,-0.0010690141934901476,0.0022907445672899485,-0.0032070425804704428
1779958186506072800,25.97207275390625,-0.0012217304902151227,0.0006108652451075613,-0.004428773187100887
1779958186522399200,25.988399169921873,-0.0003054326225537807,-0.004581489134579897,0.0003054326225537807
1779958186538727000,26.004726806640626,0.001832595793530345,-0.008857546374201775,0.0019853119738399982
1779958186555071500,26.021071533203123,0.001527163083665073,-0.009773843921720982,-0.0007635815418325365
1779958186571392500,26.037392578125,-0.0010690141934901476,-0.0032070425804704428,-0.003054326167330146
1779958186587733000,26.05373291015625,-0.0019853119738399982,0,-0.00045814894838258624
1779958186604045300,26.07004541015625,-0.00015271631127689034,-0.008857546374201775,0.0027488935738801956
1779958186620378400,26.08637841796875,0.001527163083665073,-0.011301007121801376,0.0012217304902151227
1779958186636712400,26.10271240234375,-0.0007635815418325365,-0.008399397134780884,0.0010690141934901476
1779958186653043700,26.119043701171876,-0.00045814894838258624,0.0032070425804704428,0.00015271631127689034
1779958186669373200,26.135373291015625,0.001832595793530345,0.0012217304902151227,0.0025961773935705423
1779958186685709300,26.151709228515625,0.00366519158706069,-0.006108652334660292,0.003512475173920393
1779958186702049800,26.1680498046875,0.001679879380390048,-0.00366519158706069,0.003054326167330146
1779958186718383000,26.184383056640623,-0.0013744467869400978,0.0024434609804302454,0.003512475173920393
1779958186734719000,26.200718994140626,-0.0006108652451075613,0.0006108652451075613,0.003359758760780096
1779958186751053000,26.217052978515625,0.004123340360820293,-0.005345070734620094,0.0032070425804704428
1779958186767377400,26.23337744140625,0.005650503560900688,-0.009621127508580685,0.0003054326225537807
1779958186783697400,26.249697509765625,0.0007635815418325365,-0.004734205547720194,0.0007635815418325365
1779958186800045000,26.266045166015626,-0.003512475173920393,0.007788531947880983,-0.006261368747800589
1779958186816377900,26.2823779296875,-0.0039706239476799965,0.005497787147760391,-0.004123340360820293
1779958186832707800,26.298707763671874,0.0003054326225537807,-0.004581489134579897,0.0019853119738399982
1779958186849026800,26.31502685546875,0.003512475173920393,-0.009468411095440388,0.0025961773935705423
1779958186865360600,26.331360595703124,0.0025961773935705423,-0.005039638374000788,-0.0019853119738399982
1779958186881692700,26.347692626953126,-0.0003054326225537807,0.007941247895359993,-0.0019853119738399982
1779958186898024200,26.364024169921876,-0.0010690141934901476,0.012522737495601177,-0.0032070425804704428
1779958186914356200,26.380356201171875,-0.0012217304902151227,0.001679879380390048,-0.0006108652451075613
1779958186930689800,26.396689697265625,0.0010690141934901476,-0.004428773187100887,0.001832595793530345
1779958186947038000,26.413037841796875,0.0012217304902151227,-0.0007635815418325365,0.0006108652451075613
1779958186963365400,26.429365478515624,0.001527163083665073,0.001679879380390048,-0.004123340360820293
1779958186979692300,26.4456923828125,0.0012217304902151227,0.001527163083665073,-0.003817907767370343
1779958186996044000,26.4620439453125,0.00045814894838258624,0.0010690141934901476,-0.0013744467869400978
1779958187012361200,26.478361328125,-0.0010690141934901476,-0.005955935921519995,0.0022907445672899485
1779958187028665900,26.494665771484375,0.0007635815418325365,-0.006108652334660292,0.005955935921519995
1779958187045024000,26.51102392578125,0.0024434609804302454,-0.004734205547720194,0.004581489134579897
1779958187061357800,26.52735791015625,0.0010690141934901476,-0.005497787147760391,0.005650503560900688
1779958187077665300,26.543665283203126,-0.0009162978967651725,0,0.001832595793530345
1779958187094010600,26.5600107421875,-0.0022907445672899485,0.001832595793530345,-0.0022907445672899485
1779958187110340000,26.576340087890625,-0.0010690141934901476,-0.00045814894838258624,-0.004428773187100887
1779958187126674000,26.592673828125,0.001832595793530345,-0.005039638374000788,-0.003512475173920393
1779958187143005000,26.6090048828125,0.0029016099870204926,-0.005650503560900688,-0.003817907767370343
1779958187159332600,26.62533251953125,0.0006108652451075613,-0.004428773187100887,-0.0025961773935705423
1779958187175669000,26.6416689453125,-0.0022907445672899485,0.0022907445672899485,-0.001527163083665073
1779958187192019000,26.65801904296875,-0.00015271631127689034,0.0007635815418325365,0.001527163083665073
1779958187208343600,26.674343505859376,0.001832595793530345,-0.00931569468230009,0.0007635815418325365
1779958187224680000,26.690679931640624,0.0009162978967651725,-0.010995574295520782,-0.0027488935738801956
1779958187241005000,26.707005126953124,-0.0006108652451075613,-0.0024434609804302454,-0.0039706239476799965
1779958187257348400,26.723348388671877,0,0.0012217304902151227,-0.007024950347840786
1779958187273675800,26.73967578125,0.001832595793530345,-0.00015271631127689034,-0.005497787147760391
1779958187290006500,26.756006591796876,0.0003054326225537807,-0.0032070425804704428,0.002138028386980295
1779958187306338000,26.772338134765626,-0.00015271631127689034,-0.001832595793530345,0.010231993161141872
1779958187322664200,26.788664306640626,0.001832595793530345,0.0019853119738399982,0.00809396430850029
1779958187338985000,26.80498486328125,0.0032070425804704428,-0.0025961773935705423,0.004734205547720194
1779958187355322600,26.821322509765626,0.004428773187100887,-0.0027488935738801956,0.003512475173920393
1779958187371654100,26.837654052734376,0.005803219974040985,-0.0024434609804302454,0.0027488935738801956
1779958187387985400,26.8539853515625,0.005192354787141085,-0.005955935921519995,0.0013744467869400978
1779958187404314600,26.870314697265623,0.007024950347840786,-0.0009162978967651725,0.001527163083665073
1779958187420654300,26.886654296875,0.008399397134780884,-0.001832595793530345,-0.0009162978967651725
1779958187436998000,26.902997802734376,0.005803219974040985,-0.005345070734620094,0.0003054326225537807
1779958187453328600,26.91932861328125,0.002138028386980295,-0.005497787147760391,0.006872233934700489
1779958187469635800,26.9356357421875,0.0022907445672899485,-0.006719517521560192,0.00931569468230009
1779958187485996500,26.95199658203125,0.003359758760780096,-0.017562376335263252,0.01038470957428217
1779958187502322200,26.968322265625,0.003817907767370343,-0.02687807008624077,0.0074830991216003895
1779958187518658600,26.984658447265623,0.0032070425804704428,-0.029932396486401558,0.010995574295520782
1779958187534986000,27.000986083984376,0.0022907445672899485,-0.02886338345706463,0.01237002108246088
1779958187551319000,27.017319091796875,0.003359758760780096,-0.03573561832308769,0.009468411095440388
1779958187567650300,27.033650390625,0.0010690141934901476,-0.04535674303770065,0.010995574295520782
1779958187583970800,27.049970703125,-0.005803219974040985,-0.05772676691412926,0.028099801391363144
1779958187600301000,27.066301025390626,-0.003054326167330146,-0.06230825558304787,0.033139441162347794
1779958187616633600,27.082633544921876,0.0032070425804704428,-0.08139779418706894,0.029626963660120964
1779958187632968200,27.09896826171875,0.014202617108821869,-0.10980302840471268,0.028099801391363144
1779958187649295600,27.115295654296876,0.01725694350898266,-0.15012013912200928,0.02733621932566166
1779958187665633000,27.131633056640624,0.014049900695681572,-0.16371189057826996,0.043218716979026794
1779958187681974000,27.14797412109375,0.01466076634824276,-0.17348572611808777,0.05451972410082817
1779958187698305800,27.164305908203126,0.019394971430301666,-0.20082195103168488,0.06154467165470123
1779958187714641400,27.180641357421877,0.023518312722444534,-0.22052235901355743,0.08170322328805923
1779958187730971100,27.19697119140625,0.02733621932566166,-0.22098049521446228,0.09468411654233932
1779958187747288800,27.213288818359374,0.036651913076639175,-0.24358251690864563,0.09972374886274338
1779958187763637500,27.229637451171875,0.07513642311096191,-0.289702832698822,0.12492194026708603
1779958187779956700,27.245956787109375,0.09224065393209457,-0.35750889778137207,0.14309518039226532
1779958187796298000,27.262298095703127,0.13729196786880493,-0.6136141419410706,0.1241583600640297
1779958187812636200,27.27863623046875,0.11148291081190109,-0.4812090992927551,0.14095716178417206
1779958187828948000,27.294947998046876,0.1036943718791008,-0.5319108963012695,0.16783522069454193
1779958187845283800,27.311283935546875,0.07238753139972687,-0.6563746929168701,0.1719585657119751
1779958187861615600,27.32761572265625,0.06383541971445084,-0.7351763248443604,0.18524488806724548
1779958187877947000,27.34394677734375,0.0656680166721344,-0.8124507665634155,0.21105393767356873
1779958187894279200,27.360279052734374,0.05711590126156807,-0.8659014701843262,0.2148718535900116
1779958187910617900,27.376617919921873,0.030543262138962746,-0.8723155856132507,0.20784689486026764
1779958187926943700,27.39294384765625,0.007635815534740686,-0.8930850028991699,0.24495697021484375
1779958187943291100,27.409291015625,0.003512475173920393,-0.946382999420166,0.32940909266471863
1779958187959619600,27.42561962890625,-0.020922135561704636,-1.010829210281372,0.4251621961593628
1779958187975952600,27.44195263671875,-0.06520986557006836,-1.0293079614639282,0.48747047781944275
1779958187992284000,27.458283935546874,-0.05910121276974678,-1.0123564004898071,0.5007568001747131
1779958188008612000,27.474612060546875,-0.06001751124858856,-0.9929614663124084,0.50335294008255
1779958188024951300,27.490951416015626,-0.06108652427792549,-0.9912815690040588,0.5138903856277466
1779958188041281300,27.50728125,-0.0403171069920063,-0.9341656565666199,0.48685958981513977
1779958188057612800,27.52361279296875,-0.025045474991202354,-0.8387179970741272,0.4308127164840698
1779958188073928200,27.53992822265625,-0.03787364438176155,-0.7179193496704102,0.36163222789764404
1779958188090262500,27.556262451171875,-0.023518312722444534,-0.5213735103607178,0.27122417092323303
1779958188106597000,27.57259716796875,-0.015271631069481373,-0.26511552929878235,0.18020524084568024
1779958188122926600,27.588926513671876,-0.013286318629980087,-0.07987063378095627,0.17776179313659668
1779958188139259600,27.605259765625,0.0009162978967651725,0.09300423413515091,0.19058994948863983
1779958188155592200,27.62159228515625,0.10506882518529892,0.09254608303308487,0.19135354459285736
1779958188171938000,27.63793798828125,0.13958270847797394,-0.006719517521560192,0.19089539349079132
1779958188188287000,27.654286865234376,0.2025018334388733,0.04214970022439957,0.20295998454093933
1779958188204603600,27.670603759765626,0.26221391558647156,0.1690569519996643,0.18814650177955627
1779958188220954600,27.68695458984375,0.31383201479911804,0.3205515444278717,0.12110403180122375
1779958188237267000,27.703266845703126,0.27809640765190125,0.37537670135498047,0.009926560334861279
1779958188253582000,27.71958203125,0.26481008529663086,0.37048977613449097,-0.06123924255371094
1779958188269925600,27.735925537109374,0.27977627515792847,0.33246341347694397,-0.0708603709936142
1779958188286249200,27.752249267578126,0.2767219543457031,0.2532036304473877,-0.03390302136540413
1779958188302599200,27.76859912109375,0.3494149148464203,0.25473082065582275,0.03894266113638878
1779958188318908200,27.784908203125,0.33689218759536743,0.24877487123012543,0.04612032696604729
1779958188335245300,27.801245361328125,0.270766019821167,0.26083946228027344,0.016340645030140877
1779958188351577000,27.8175771484375,0.28848111629486084,0.3455969989299774,-0.08750644326210022
1779958188367908600,27.83390869140625,0.31184670329093933,0.42271876335144043,-0.2611449062824249
1779958188384240000,27.850240234375,0.26190847158432007,0.3182607889175415,-0.46990808844566345
1779958188400572700,27.86657275390625,0.1915062516927719,0.370947927236557,-0.6291912198066711
1779958188416906500,27.882906494140624,0.16722436249256134,0.4521929919719696,-0.6743952035903931
1779958188433252400,27.89925244140625,0.15760323405265808,0.5166392922401428,-0.6495024561882019
1779958188449565700,27.915565673828127,0.16523905098438263,0.3978259861469269,-0.6068946123123169
1779958188465899500,27.9318994140625,0.20463985204696655,0.21823160350322723,-0.5455026626586914
1779958188482245600,27.94824560546875,0.2321287989616394,-0.02474004216492176,-0.4245513379573822
1779958188498577400,27.964577392578125,0.25366178154945374,-0.2509129047393799,-0.33857205510139465
1779958188523082000,27.98908203125,0.2330450862646103,-0.4934264123439789,-0.3121521472930908
1779958188539407000,28.005406982421874,0.14996741712093353,-0.5685628056526184,-0.299476683139801
1779958188555738000,28.021738037109376,0.012217304669320583,-0.5981897711753845,-0.3854559659957886
1779958188572060400,28.038060302734376,-0.07757988572120667,-0.7029531598091125,-0.5707008838653564
1779958188588390100,28.05439013671875,-0.15241087973117828,-0.8020660877227783,-0.8367326855659485
1779958188604723000,28.070722900390624,-0.17989981174468994,-0.8407033085823059,-1.1256719827651978
1779958188621055700,28.0870556640625,-0.15134187042713165,-1.0520626306533813,-1.3669637441635132
1779958188637388300,28.10338818359375,-0.14477506279945374,-1.3759739398956299,-1.4911220073699951
1779958188653731000,28.11973095703125,-0.19089539349079132,-1.6969836950302124,-1.608102798461914
1779958188670068500,28.136068359375,-0.0884227454662323,-1.525483250617981,-1.7954856157302856
1779958188694549800,28.1605498046875,-0.13836097717285156,-0.626747727394104,-1.493260145187378
1779958188710896600,28.176896728515626,-0.3156646192073822,-0.13973543047904968,-1.0488556623458862
1779958188727211800,28.193211669921876,-0.6056728959083557,-0.37950003147125244,-0.4005748927593231
1779958188743560700,28.209560791015626,-0.8747590184211731,-0.8596401214599609,-0.27611109614372253
1779958188759875300,28.225875244140624,-1.092837929725647,-1.231351613998413,-0.6632469296455383
1779958188776223200,28.24222314453125,-1.204779028892517,-1.5346461534500122,-1.0149526596069336
1779958188792555800,28.2585556640625,-1.2611312866210938,-1.558011770248413,-1.2098186016082764
1779958188808883000,28.274883056640626,-1.213025689125061,-1.1786644458770752,-1.190423607826233
1779958188825205800,28.291205810546874,-1.0960450172424316,-0.6143777370452881,-1.006400465965271
1779958188841538600,28.30753857421875,-0.9251554012298584,-0.48716503381729126,-0.9014843702316284
1779958188857869800,28.323869873046874,-0.7275404930114746,-0.575893223285675,-0.8797986507415771
1779958188874201300,28.340201416015624,-0.5314527750015259,-0.6417139172554016,-0.927446186542511
1779958188890539000,28.3565390625,-0.3433062732219696,-0.9199630618095398,-0.9399688839912415
1779958188906864600,28.37286474609375,-0.16249015927314758,-1.048092007637024,-0.8799513578414917
1779958188923254000,28.38925390625,-0.018478672951459885,-1.0068585872650146,-0.7536550164222717
1779958188939528000,28.40552783203125,0.1362229436635971,-0.8303185701370239,-0.5931501388549805
1779958188955852800,28.421852783203125,0.27977627515792847,-0.660803496837616,-0.3949243724346161
1779958188972207000,28.43820703125,0.39354994893074036,-0.48197266459465027,-0.20586158335208893
1779958188988539000,28.454538818359374,0.45891252160072327,-0.39584067463874817,-0.07406741380691528
1779958189004855600,28.47085546875,0.521984338760376,-0.3761402666568756,-0.030237829312682152
1779958189021204000,28.487203857421875,0.5835290551185608,-0.3908010423183441,-0.017562376335263252
1779958189037535500,28.503535400390625,0.622013509273529,-0.4161519408226013,0.020463986322283745
1779958189053853200,28.519853271484376,0.6264423131942749,-0.49266281723976135,0.12140946835279465
1779958189070185700,28.536185791015626,0.6320928335189819,-0.5561928153038025,0.2719877362251282
1779958189086519600,28.55251953125,0.6223189830780029,-0.4743368625640869,0.48029279708862305
1779958189102837800,28.568837646484376,0.5792529582977295,-0.29993483424186707,0.6956228017807007
1779958189119179500,28.585179443359376,0.48777589201927185,-0.041691552847623825,0.8538368940353394
1779958189135513000,28.60151318359375,0.37659841775894165,0.21807889640331268,0.9118691086769104
1779958189151870700,28.61787060546875,0.24388794600963593,0.5044219493865967,0.8823948502540588
1779958189168190200,28.634190185546874,0.13209961354732513,0.7591527700424194,0.8349000811576843
1779958189184525600,28.650525634765625,0.07941248267889023,0.8733845949172974,0.7948883771896362
1779958189200859400,28.666859375,0.11560624837875366,0.8135197758674622,0.7783950567245483
1779958189217189000,28.683189208984373,0.18814650177955627,0.6464481353759766,0.7652614116668701
1779958189233521000,28.69952099609375,0.25931230187416077,0.5138903856277466,0.7144069075584412
1779958189249849300,28.715849365234376,0.35216382145881653,0.44180828332901,0.670577347278595
1779958189266171000,28.7321708984375,0.39767327904701233,0.47082439064979553,0.6466008424758911
1779958189282504400,28.74850439453125,0.32757648825645447,0.674089789390564,0.7246388792991638
1779958189298834000,28.764833984375,0.19532416760921478,1.0864238739013672,0.9263771176338196
1779958189315168000,28.78116796875,0.03344487398862839,1.764331579208374,1.2050844430923462
1779958189331499800,28.797499755859373,-0.2715296149253845,2.3745858669281006,1.2090550661087036
1779958189347829500,28.81382958984375,-0.42302417755126953,2.4935519695281982,0.9485210180282593
1779958189364150500,28.830150634765626,-0.41981714963912964,2.2876904010772705,0.7496843934059143
1779958189380488700,28.84648876953125,-0.32039880752563477,2.1419990062713623,0.7735081315040588
1779958189396824300,28.86282421875,-0.17516560852527618,2.0367774963378906,0.8465065360069275
1779958189413160700,28.87916064453125,0.020616702735424042,1.8234328031539917,0.8069530129432678
1779958189429478100,28.89547802734375,0.22082778811454773,1.7595973014831543,0.5041165351867676
1779958189445825500,28.911825439453125,0.4378376603126526,2.5466971397399902,0.06352998316287994
1779958189462158300,28.928158447265623,0.7782423496246338,3.3707544803619385,-0.2249511331319809
1779958189478498600,28.94449853515625,1.0343475341796875,3.908010482788086,-0.8944594264030457
1779958189494836500,28.96083642578125,0.9705121517181396,4.083328723907471,-1.1647672653198242
1779958189511165000,28.9771650390625,0.44806966185569763,3.056922435760498,-0.6270532011985779
1779958189527497500,28.99349755859375,0.5103778839111328,1.1267409324645996,-0.3695734739303589
1779958189543813400,29.0098134765625,1.0364855527877808,-0.35155296325683594,-0.06352998316287994
1779958189560146700,29.026146728515624,0.4291328489780426,0.9538660645484924,-0.45173484086990356
1779958189576480800,29.042480712890626,-0.575893223285675,2.680324077606201,-0.4207334518432617
1779958189592812000,29.05881201171875,-0.9059131741523743,3.053868055343628,0.6275113224983215
1779958189609143300,29.075143310546874,-0.7956519722938538,2.4886651039123535,1.5871806144714355
1779958189625475600,29.0914755859375,-0.46929723024368286,2.110692024230957,1.2957979440689087
1779958189641805800,29.107805908203126,-0.19486601650714874,2.189188241958618,0.3865249752998352
1779958189658141700,29.1241416015625,0.07742717117071152,2.3626739978790283,-0.04703662544488907
1779958189674472700,29.14047265625,0.337503045797348,2.2620339393615723,0.24342979490756989
1779958189690804700,29.1568046875,0.256868839263916,1.8442021608352661,0.7021896243095398
1779958189707154000,29.17315380859375,0.09834930300712585,0.9747881889343262,0.7579310536384583
1779958189723482000,29.189482177734376,0.0012217304902151227,0.22586742043495178,0.4815145432949066
1779958189739797200,29.20579736328125,0.06368270516395569,0.33567044138908386,0.16798794269561768
1779958189756131800,29.2221318359375,0.10537425428628922,0.4366159439086914,-0.14614951610565186
1779958189772465400,29.23846533203125,0.19379699230194092,0.3110831379890442,-0.34376442432403564
1779958189788794600,29.254794677734374,0.3332269787788391,0.11820242553949356,-0.34865134954452515
1779958189805129000,29.27112890625,0.5079344511032104,-0.05665775015950203,-0.2165517359972
1779958189821460700,29.287460693359375,0.613461434841156,-0.24572055041790009,-0.00015271631127689034
1779958189837793300,29.303793212890625,0.5929974317550659,-0.3585779070854187,0.11316278576850891
1779958189854124000,29.3201240234375,0.5305364727973938,-0.2541199326515198,-0.07925976812839508
1779958189870467000,29.336467041015624,0.45753806829452515,0.005803219974040985,-0.4398229718208313
1779958189886788000,29.3527880859375,0.4021020531654358,0.14966198801994324,-0.8132143616676331
1779958189903138800,29.369138916015626,0.41859540343284607,0.1771509200334549,-1.2515101432800293
1779958189919481600,29.385481689453126,0.5018258094787598,0.617584764957428,-1.6510159969329834
1779958189935818200,29.401818359375,0.4317290186882019,1.1746938228607178,-1.669342041015625
1779958189952132600,29.418132568359376,0.30604347586631775,1.0563386678695679,-1.3353514671325684
1779958189968461000,29.4344609375,0.33169981837272644,0.4688390791416168,-1.1142182350158691
1779958189984795400,29.45079541015625,0.43478333950042725,0.3959933817386627,-1.2101240158081055
1779958190001116400,29.467116455078123,0.43249258399009705,0.3888157308101654,-1.4999796152114868
1779958190017458000,29.4834580078125,0.4069889783859253,-0.02015855349600315,-1.730886697769165
1779958190033779200,29.499779296875,0.28649580478668213,-0.14233160018920898,-2.163990020751953
1779958190050107100,29.516107177734376,0.03405573591589928,-0.6302602291107178,-2.9854512214660645
1779958190066443300,29.532443359375,-0.14874568581581116,-1.7243198156356812,-4.112192153930664
1779958190082772000,29.54877197265625,-0.299018532037735,-2.5584564208984375,-4.544379234313965
1779958190099117300,29.565117431640626,-0.2606867551803589,-2.5583035945892334,-3.556152105331421
1779958190115436300,29.581436279296874,0.0981965884566307,-1.1117748022079468,-2.858849287033081
1779958190131788300,29.597788330078124,0.35063666105270386,-0.7564038634300232,-2.5089762210845947
1779958190148109800,29.61410986328125,0.5797111392021179,-1.2281445264816284,-2.0619757175445557
1779958190164449000,29.630448974609376,0.654542088508606,-0.9535606503486633,-1.5583171844482422
1779958190180779000,29.646779052734374,0.6091853380203247,-0.5593998432159424,-1.0711522102355957
1779958190197110300,29.6631103515625,0.5923865437507629,-0.2796235680580139,-0.6378960609436035
1779958190213444000,29.679444091796874,0.6047565937042236,-0.08811730891466141,-0.18066339194774628
1779958190229753300,29.69575341796875,0.6383541822433472,0.04505131021142006,0.2854267954826355
1779958190246067500,29.7120673828125,0.46960264444351196,0.1716531366109848,0.7631233930587769
1779958190262426600,29.728426513671874,0.07666359096765518,0.46502116322517395,1.4101824760437012
1779958190278756400,29.74475634765625,-0.1014036312699318,0.4691445231437683,2.0360138416290283
1779958190295089700,29.761089599609374,-0.20036379992961884,0.10919216275215149,2.4692699909210205
1779958190311422000,29.777421875,-0.3032945990562439,-0.6206390857696533,2.727666139602661
1779958190327741400,29.793741455078123,-0.2767219543457031,-1.031293272972107,2.816699743270874
1779958190344085000,29.8100849609375,-0.24388794600963593,-1.0395399332046509,2.716365098953247
1779958190360417500,29.82641748046875,-0.17547103762626648,-0.7776314616203308,2.5749497413635254
1779958190376749600,29.84274951171875,-0.30894508957862854,-0.5036584138870239,2.4718661308288574
1779958190393100800,29.859100830078123,-0.7278459668159485,-0.04001167416572571,2.405892848968506
1779958190409420300,29.875420166015626,-1.0864238739013672,0.4011857509613037,2.3348796367645264
1779958190425760300,29.89176025390625,-1.1895073652267456,0.4970915913581848,1.9872974157333374
1779958190442103000,29.90810302734375,-1.3759739398956299,0.3608686327934265,1.4280502796173096
1779958190458422000,29.924422119140626,-1.4915802478790283,0.016798794269561768,1.1233811378479004
1779958190474751200,29.940751220703124,-1.3151928186416626,-0.9859365224838257,1.2246321439743042
1779958190491095800,29.957095703125,-0.6496551632881165,-2.7849347591400146,1.2406673431396484
1779958190507421400,29.97342138671875,-0.0027488935738801956,-4.365701198577881,0.8805622458457947
1779958190523736000,29.989736083984376,0.20845776796340942,-3.600897789001465,0.8822421431541443
1779958190540067800,30.00606787109375,0.2252565622329712,-0.8767443299293518,1.0659598112106323
1779958190556402700,30.022402587890625,0.1287398487329483,1.5445728302001953,0.836885392665863
1779958190572734200,30.038734130859375,-0.1589776873588562,2.707354784011841,0.1339322030544281
1779958190589065700,30.055065673828125,0.1537853181362152,2.8912250995635986,-0.7559457421302795
1779958190605395000,30.07139501953125,0.5804746747016907,2.0529654026031494,-1.482264518737793
1779958190621749500,30.08774951171875,0.5965099334716797,0.8373435139656067,-1.7040085792541504
1779958190638073600,30.104073486328126,0.13607023656368256,0.03833179548382759,-1.1320860385894775
1779958190654409200,30.1204091796875,-0.4219551682472229,-0.0685696229338646,0.34406983852386475
1779958190670738400,30.136738525390626,-0.7353290319442749,0.055283304303884506,0.20830504596233368
1779958190687073800,30.15307373046875,-0.48838675022125244,1.130406141281128,-1.493565559387207
1779958190703401500,30.1694013671875,-0.31230485439300537,1.8822284936904907,-1.6945401430130005
1779958190719710700,30.185710693359376,0.0757472887635231,1.6895005702972412,-0.6579018831253052
1779958190736068000,30.202068115234376,-0.05115996301174164,0.3530801236629486,0.5781839489936829
1779958190752385000,30.218385009765626,-0.07757988572120667,-0.978606104850769,1.5224288702011108
1779958190768717000,30.234717041015625,0.003054326167330146,-1.746311068534851,1.9269744157791138
1779958190785048600,30.251048583984375,0.346818745136261,-2.04349684715271,1.370781660079956
1779958190801385000,30.267385009765626,0.5803219676017761,-1.1820242404937744,0.12522737681865692
1779958190817715500,30.283715576171875,0.42959097027778625,0.34116822481155396,-0.285121351480484
1779958190834046200,30.300046142578125,0.44394633173942566,0.7113525867462158,0.20463985204696655
1779958190850378500,30.31637841796875,0.632398247718811,0.6491970419883728,0.5658139586448669
1779958190866717000,30.332717041015623,0.7658722996711731,0.93095862865448,0.3917173445224762
1779958190883043300,30.349043212890624,0.8478809595108032,1.049619197845459,-0.0025961773935705423
1779958190899390200,30.36539013671875,0.8973610401153564,0.589790403842926,-0.5623014569282532
1779958190915719200,30.38171923828125,0.9729556441307068,0.06475171446800232,-1.165683627128601
1779958190932053000,30.398052978515626,1.1268936395645142,0.1872301995754242,-1.4805846214294434
1779958190948379600,30.414379638671875,1.2034045457839966,0.9173668622970581,-1.3797918558120728
1779958190964723200,30.43072314453125,1.1592695713043213,2.055103302001953,-1.2315043210983276
1779958190981045200,30.447045166015624,1.0445796251296997,2.6088528633117676,-1.2368494272232056
1779958190997379800,30.4633798828125,0.8678867816925049,2.339155673980713,-1.666898488998413
1779958191013696800,30.47969677734375,0.48487427830696106,1.3458888530731201,-2.5424211025238037
1779958191030029800,30.49602978515625,0.342237263917923,0.1595885455608368,-3.902512550354004
1779958191046363400,30.51236328125,0.21991148591041565,-0.31551191210746765,-4.4066290855407715
1779958191062695400,30.5286953125,0.2616030275821686,-0.9199630618095398,-3.6033413410186768
1779958191079026400,30.5450263671875,0.3452915847301483,-1.4019356966018677,-2.9101619720458984
1779958191095359000,30.56135888671875,0.4999932050704956,-1.187522053718567,-2.6897923946380615
1779958191111687200,30.577687255859374,0.8746063113212585,-1.499216079711914,-2.595871925354004
1779958191128028200,30.594028076171874,0.9923505783081055,-1.7220290899276733,-2.1094703674316406
1779958191144373000,30.610373046875,0.7038694620132446,-0.855516791343689,-1.2789990901947021
1779958191160692200,30.626692138671874,0.42119157314300537,-0.09972374886274338,-0.493731826543808
1779958191177034000,30.643033935546875,0.22647829353809357,-0.03985895588994026,0.1846340149641037
1779958191193366000,30.659365966796877,0.04596760869026184,0.06979135423898697,0.7678576111793518
1779958191209675300,30.67567529296875,-0.25366178154945374,0.5100724697113037,1.2568552494049072
1779958191226026800,30.69202685546875,-0.46303585171699524,0.5351179838180542,1.635591745376587
1779958191242360600,30.708360595703127,-0.5998696684837341,0.26572638750076294,1.958128571510315
1779958191258674700,30.7246748046875,-0.7047857642173767,-0.09285151958465576,2.3050999641418457
1779958191275011800,30.74101171875,-0.7793113589286804,-0.3349068760871887,2.7458393573760986
1779958191291343600,30.757343505859374,-0.816726803779602,-0.36224308609962463,3.146414279937744
1779958191307676200,30.77367626953125,-0.8118399381637573,0.05451972410082817,3.392134666442871
1779958191324007200,30.790007080078126,-0.9857838153839111,1.1562151908874512,3.7256672382354736
1779958191340339700,30.806339599609377,-1.5493069887161255,2.2629501819610596,3.930765151977539
1779958191356671500,30.82267138671875,-2.021658420562744,1.8128952980041504,3.3240232467651367
1779958191373004800,30.8390048828125,-1.8420641422271729,0.684474527835846,2.282803535461426
1779958191389351200,30.85535107421875,-1.2932016849517822,0.2623666226863861,1.584126353263855
1779958191405660400,30.871660400390624,-0.9816604256629944,0.36529740691185,1.3446670770645142
1779958191422020400,30.888020263671876,-1.0885618925094604,0.06200282275676727,1.5477797985076904
1779958191438342000,30.904341796875,-1.0723739862442017,-0.385303258895874,1.7111862897872925
1779958191454680800,30.920680908203124,-0.8269588351249695,-0.7870998978614807,1.310611367225647
1779958191471009000,30.937009033203125,-0.6099489331245422,-1.0077749490737915,0.3985895812511444
1779958191487337700,30.953337646484375,-0.4586070775985718,-0.5728389024734497,-0.3010038435459137
1779958191503657700,30.96965771484375,-0.2102903574705124,0.16569720208644867,-0.5232060551643372
1779958191519990500,30.985990478515625,0.2047925740480423,1.0876455307006836,-0.6029239892959595
1779958191536313000,31.00231298828125,0.7111998796463013,1.887420892715454,-0.7183775305747986
1779958191552656100,31.01865625,1.1945469379425049,1.7498234510421753,-1.0186177492141724
1779958191568987600,31.034987548828123,1.111163854598999,-1.3675745725631714,-1.1186469793319702
1779958191585319400,31.0513193359375,0.47907108068466187,-2.09694766998291,-0.37110063433647156
1779958191601669400,31.06766943359375,-0.43997567892074585,1.2710578441619873,0.1915062516927719
1779958191617997600,31.08399755859375,-0.784503698348999,2.713921546936035,-0.26374107599258423
1779958191634329900,31.100329833984375,-0.38438695669174194,1.5795447826385498,-0.3805690407752991
1779958191650660900,31.116660888671873,0.09728029370307922,1.2148582935333252,0.10094548016786575
1779958191666988800,31.13298876953125,0.38240164518356323,0.6253733038902283,0.4098905920982361
1779958191683323100,31.1493232421875,0.4027129113674164,-0.5169447064399719,0.7889324426651001
1779958191699628800,31.16562890625,0.1892155110836029,-1.0399980545043945,1.36482572555542
1779958191715984400,31.181984375,0.09514226019382477,-0.698066234588623,1.6438384056091309
1779958191732309500,31.1983095703125,0.2513710558414459,0.046731192618608475,1.3599387407302856
1779958191748662000,31.214662109375,0.4141666293144226,0.9517280459403992,0.9813550114631653
1779958191764973800,31.230973876953126,0.34284812211990356,1.133460521697998,0.8071057200431824
1779958191781304600,31.2473046875,0.2669481039047241,0.9068294763565063,0.5126686692237854
1779958191797634000,31.263634033203125,0.375529408454895,0.9613491892814636,0.03634648025035858
1779958191813973500,31.279973388671873,0.5183191895484924,0.9871582388877869,-0.3698789179325104
1779958191830299600,31.296299560546874,0.7057020664215088,0.6061310172080994,-0.5218316316604614
1779958191846632700,31.3126328125,0.8542950749397278,0.2223549485206604,-0.5181664228439331
1779958191862967000,31.328967041015623,0.7973318696022034,0.46868637204170227,-0.46043968200683594
1779958191879311600,31.3453115234375,0.5951354503631592,1.2365440130233765,-0.6122397184371948
1779958191895639800,31.361639892578125,0.4680754840373993,1.6462818384170532,-0.9060658812522888
1779958191911975700,31.3779755859375,0.42699480056762695,1.7018705606460571,-1.1887437105178833
1779958191928304600,31.3943046875,0.5032002329826355,1.4341589212417603,-1.386358618736267
1779958191944636000,31.410635986328124,0.5057964324951172,0.7098253965377808,-1.5485434532165527
1779958191960972800,31.426972900390624,0.4737260043621063,-0.19364428520202637,-2.085494041442871
1779958191977302000,31.443302001953125,0.5438227653503418,-0.6026185750961304,-3.1725287437438965
1779958191993618400,31.459618408203124,0.6430884003639221,-0.5572618246078491,-4.228714466094971
1779958192009953500,31.47595361328125,0.4836525619029999,-0.8332201838493347,-4.107610702514648
1779958192026285300,31.492285400390625,0.4573853611946106,-1.3406964540481567,-3.4457380771636963
1779958192042617000,31.5086171875,0.5574145317077637,-1.092837929725647,-2.877786159515381
1779958192058949000,31.52494921875,0.6270532011985779,-0.9410378932952881,-2.324953079223633
1779958192075267300,31.541267333984376,0.8093964457511902,-1.2602150440216064,-2.031737804412842
1779958192091626800,31.557626708984376,0.6801984310150146,-1.1714868545532227,-1.8730655908584595
1779958192107951600,31.57395166015625,0.43676865100860596,-0.9269880056381226,-1.454470157623291
1779958192124285700,31.59028564453125,0.37858372926712036,-0.8571966290473938,-0.9859365224838257
1779958192140621800,31.606621826171875,0.3689626157283783,-0.6476698517799377,-0.6047565937042236
1779958192156939500,31.622939453125,0.29168814420700073,-0.45142942667007446,-0.17959438264369965
1779958192173282300,31.6392822265625,0.17623461782932281,-0.33399057388305664,0.23197607696056366
1779958192189622000,31.6556220703125,-0.02519819140434265,-0.13637566566467285,0.644768238067627
1779958192205934000,31.67193408203125,-0.166460782289505,0.02886338345706463,1.1166616678237915
1779958192222282200,31.6882822265625,-0.28588494658470154,0.1745547503232956,1.581682801246643
1779958192238607600,31.704607666015626,-0.4040873646736145,0.4789183437824249,2.0062341690063477
1779958192254937000,31.72093701171875,-0.5264131426811218,0.8576548099517822,2.4277312755584717
1779958192271265800,31.737265869140625,-0.5862779021263123,1.1362093687057495,2.8009698390960693
1779958192287598000,31.75359814453125,-0.5606215596199036,1.3093897104263306,3.0251574516296387
1779958192303927300,31.76992724609375,-0.4596760869026184,1.5555683374404907,3.1077768802642822
1779958192320255700,31.786255859375,-0.43646320700645447,2.1033618450164795,3.216205596923828
1779958192336598500,31.8025986328125,-0.7053966522216797,2.7818803787231445,3.5520286560058594
1779958192352925000,31.818925048828124,-1.2460123300552368,2.540130376815796,3.6554176807403564
1779958192369259500,31.835259521484375,-1.547932505607605,1.6056592464447021,3.0865492820739746
1779958192385601000,31.85160107421875,-1.4141530990600586,0.8463537693023682,2.210263252258301
1779958192401938200,31.867938232421874,-1.1261301040649414,0.9271407127380371,1.6319265365600586
1779958192418267400,31.884267333984376,-0.9245445728302002,1.5499178171157837,1.2096658945083618
1779958192434582500,31.90058251953125,-0.5714644193649292,1.943315029144287,0.5571091175079346
1779958192450915600,31.91691552734375,-0.44196099042892456,1.2741122245788574,-0.3859141170978546
1779958192467263700,31.933263671875,-0.25793784856796265,0.18524488806724548,-0.9248499870300293
1779958192483579400,31.949579345703125,-0.1362229436635971,1.129184365272522,-0.7493789196014404
1779958192499912200,31.965912109375,-0.2941316068172455,3.179706335067749,-0.817337691783905
1779958192516246300,31.982246337890626,-0.12049316614866257,3.879910707473755,-0.6265950202941895
1779958192532578000,31.998578125,0.19517144560813904,2.6112961769104004,0.5103778839111328
1779958192548896300,32.01489624023438,-0.08521570265293121,0.7144069075584412,1.0172433853149414
1779958192565228300,32.03122827148437,-0.13561208546161652,0.30115658044815063,0.9271407127380371
1779958192581578000,32.04757788085937,-0.06963863968849182,1.1400272846221924,0.9662361145019531
1779958192597904400,32.063904296875,-0.21639901399612427,2.269669771194458,1.581377387046814
1779958192614238200,32.08023828125,-0.4992296099662781,3.3171510696411133,2.214081048965454
1779958192630570200,32.0965703125,-0.654542088508606,3.5416438579559326,1.1797335147857666
1779958192646904600,32.112904541015624,-0.38209620118141174,3.6807684898376465,-0.030237829312682152
1779958192663248100,32.129248046875,0.43936482071876526,3.869373083114624,-0.5981897711753845
1779958192679592700,32.1455927734375,0.8822421431541443,4.574922561645508,-0.6829473376274109
1779958192695910400,32.161910400390624,0.9410378932952881,4.672813892364502,0.16569720208644867
1779958192712246800,32.17824682617187,0.931569516658783,3.0637946128845215,0.8080220222473145
1779958192728574000,32.194573974609376,0.6188064813613892,1.65834641456604,0.7221954464912415
1779958192744907000,32.210906982421875,0.2977968156337738,1.9827158451080322,0.5587889552116394
1779958192761223000,32.22722290039062,0.0731511116027832,2.931694984436035,0.49464812874794006
1779958192777558800,32.243558837890625,0.08643743395805359,3.020423173904419,0.4967861473560333
1779958192793890300,32.259890380859375,0.024129176512360573,2.4104743003845215,0.3225368559360504
1779958192810222000,32.27622216796875,0.00733038317412138,1.86191725730896,0.038637228310108185
1779958192826555400,32.292555419921875,0.013133603148162365,1.6145168542861938,-0.07238753139972687
1779958192842885400,32.30888549804688,-0.01466076634824276,1.461647868156433,-0.036041051149368286
1779958192859216400,32.32521630859375,-0.1235474944114685,1.5332717895507812,-0.04184427112340927
1779958192875567400,32.3415673828125,-0.23777928948402405,1.6087136268615723,-0.11331550031900406
1779958192891895000,32.35789501953125,-0.24526239931583405,1.422552466392517,-0.3292563557624817
1779958192908228400,32.37422827148438,-0.28008171916007996,1.203251838684082,-0.6097962260246277
1779958192924560400,32.39056030273437,-0.37491855025291443,1.1899654865264893,-0.8148942589759827
1779958192940904000,32.406904052734376,-0.4694499373435974,1.06351637840271,-1.1954632997512817
1779958192957220400,32.423220458984375,-0.685390830039978,0.8717046976089478,-1.794722080230713
1779958192973544000,32.4395439453125,-0.9949467778205872,0.8542950749397278,-2.2598960399627686
1779958192989863400,32.455863525390626,-0.8394815921783447,0.711963415145874,-2.7180449962615967
1779958193006206700,32.47220678710938,0.03222314268350601,0.14752395451068878,-3.216205596923828
1779958193022538800,32.48853881835937,0.9140071272850037,0.009773843921720982,-3.37518310546875
1779958193038870500,32.50487060546875,1.299310326576233,1.123686671257019,-3.0980031490325928
1779958193055201500,32.52120141601562,1.5810719728469849,2.601675033569336,-2.768899440765381
1779958193071547400,32.53754736328125,1.9854648113250732,3.3379204273223877,-2.6222918033599854
1779958193087882000,32.553882080078125,2.241264581680298,2.506990909576416,-2.595871925354004
1779958193104213500,32.570213623046875,1.9677497148513794,0.9364564418792725,-2.143984317779541
1779958193120543700,32.58654370117188,1.7033977508544922,-0.34025195240974426,-1.5433510541915894
1779958193136867300,32.602867431640625,1.6548339128494263,0.11026117950677872,-1.4943290948867798
1779958193153205500,32.61920556640625,1.4482088088989258,1.3231340646743774,-1.5656476020812988
1779958193169529000,32.63552905273438,1.1782063245773315,1.666898488998413,-1.2820534706115723
1779958193185868800,32.65186889648437,0.9938777685165405,1.1756101846694946,-0.6685920357704163
1779958193202192400,32.6681923828125,0.8177958726882935,0.6948592066764832,-0.12996158003807068
1779958193218521300,32.684521240234375,0.6539312601089478,0.6594290137290955,0.16493362188339233
1779958193234856000,32.70085595703125,0.5598580241203308,0.6786713004112244,0.38759398460388184
1779958193251187700,32.717187744140624,0.5115996599197388,0.8633053302764893,0.6101016402244568
1779958193267519500,32.73351953125,0.5186246037483215,1.1215485334396362,0.8772025108337402
1779958193283857000,32.74985693359375,0.5154175758361816,1.410946011543274,1.240820050239563
1779958193300182500,32.7661826171875,0.4499022662639618,1.5574009418487549,1.6830865144729614
1779958193316516400,32.782516357421876,0.29794952273368835,1.5827518701553345,2.2771530151367188
1779958193332834800,32.798834716796875,-0.031612277030944824,1.4886785745620728,3.0213394165039062
1779958193349178000,32.81517822265625,-0.36789360642433167,1.6937766075134277,3.506366491317749
1779958193365528600,32.83152856445312,-0.5294674634933472,3.3684637546539307,3.2169690132141113
1779958193381859000,32.847859130859376,-1.344361662864685,5.838497161865234,1.4280502796173096
1779958193398187800,32.86418774414062,-1.5864170789718628,4.749782562255859,-0.13500121235847473
1779958193414520600,32.8805205078125,-0.7278459668159485,1.9746218919754028,-0.22388210892677307
1779958193430854400,32.8968544921875,-0.30024027824401855,0.34926220774650574,0.05543602257966995
1779958193447158000,32.91315795898438,0.5001459121704102,-1.3142765760421753,-0.28206703066825867
1779958193463501000,32.9295009765625,1.1722503900527954,-1.7580702304840088,-0.37339138984680176
1779958193479834000,32.94583422851562,1.2055425643920898,-1.4711161851882935,-0.3061962127685547
1779958193496168200,32.962168212890624,0.3449861407279968,-1.1276572942733765,0.09651670604944229
1779958193512499200,32.97849926757812,0.053297992795705795,-0.01664607785642147,0.7864890098571777
1779958193528828400,32.99482836914063,0.3202461004257202,1.5540411472320557,1.0458012819290161
1779958193545165800,33.01116577148437,0.09285151958465576,2.2408063411712646,0.6238461136817932
1779958193561512400,33.02751245117187,-0.10842858254909515,2.4808764457702637,0.07910704612731934
1779958193577840600,33.043840576171874,0.028557950630784035,2.378251075744629,0.13377949595451355
1779958193594174200,33.06017431640625,0.15806138515472412,0.9205739498138428,1.4622586965560913
1779958193610489900,33.07648974609375,-0.32039880752563477,0.49235737323760986,2.2704334259033203
1779958193626837500,33.09283740234375,-0.8222246170043945,0.8631525635719299,1.386053204536438
1779958193643169800,33.10916967773438,-0.6959282159805298,1.7133243083953857,0.4407392740249634
1779958193659487000,33.125487060546874,-0.3804163336753845,2.1235203742980957,0.26572638750076294
1779958193675830500,33.14183056640625,-0.22586742043495178,2.179872512817383,0.19425514340400696
1779958193692164900,33.15816479492187,-0.05345070734620094,2.09389328956604,0.0377209298312664
1779958193708499700,33.17449975585937,0.1463022232055664,1.7800613641738892,0.04153883829712868
1779958193724831200,33.19083129882812,0.2788599729537964,1.2104294300079346,0.1788308024406433
1779958193741144800,33.207144775390624,0.44623705744743347,0.8350527882575989,0.15806138515472412
1779958193757477000,33.22347705078125,0.5564982295036316,0.7371616363525391,-0.004734205547720194
1779958193773811200,33.23981127929687,0.578489363193512,0.9903652667999268,-0.2773328125476837
1779958193790143500,33.2561435546875,0.49877145886421204,1.6623170375823975,-0.5398521423339844
1779958193806475300,33.27247534179688,0.3318525552749634,2.1125247478485107,-0.5151121020317078
1779958193822806000,33.28880590820312,0.14935655891895294,1.9040669202804565,-0.6261368989944458
1779958193839140900,33.30514086914062,0.289244681596756,1.1647672653198242,-0.9567676782608032
1779958193855469300,33.32146923828125,0.4488332271575928,1.1342240571975708,-1.1496484279632568
1779958193871807000,33.33780688476563,0.3839288055896759,1.7105754613876343,-0.8443684577941895
1779958193888152000,33.35415209960937,0.2638937830924988,1.6728544235229492,-0.49296826124191284
1779958193904484900,33.37048486328125,0.17791450023651123,0.9915869832038879,-0.603687584400177
1779958193920813000,33.38681298828125,0.2941316068172455,0.7509061098098755,-0.9222537875175476
1779958193937145600,33.4031455078125,0.5308418869972229,1.087492823600769,-0.9610437750816345
1779958193953461800,33.41946166992187,0.7400632500648499,1.4508049488067627,-0.8856018781661987
1779958193969782300,33.4357822265625,0.7721336483955383,1.4618005752563477,-1.2049317359924316
1779958193986128600,33.452128662109374,0.6721044778823853,1.05404794216156,-2.110234022140503
1779958194002460400,33.46846044921875,0.6401867866516113,0.3306308090686798,-3.207500696182251
1779958194018791400,33.48479150390625,0.684779942035675,-0.5462662577629089,-4.315762996673584
1779958194035123500,33.50112353515625,0.8399397134780884,-0.7255551815032959,-5.022533893585205
1779958194051472400,33.51747241210938,0.8058840036392212,-0.34025195240974426,-4.142888069152832
1779958194067806500,33.53380639648437,0.5291619896888733,-0.3202461004257202,-2.680476665496826
1779958194084115000,33.55011499023438,0.5815436840057373,-0.3484986126422882,-1.9520199298858643
1779958194100450000,33.566449951171876,0.5532912015914917,-1.1223121881484985,-1.5755741596221924
1779958194116784400,33.58278442382812,0.44715335965156555,-0.8903360962867737,-1.0790934562683105
1779958194133114400,33.5991142578125,0.5942191481590271,0.042760565876960754,-0.0685696229338646
1779958194149443000,33.61544311523438,0.8313875794410706,0.3527746796607971,0.7095199823379517
1779958194165780000,33.63178002929688,0.7165449261665344,0.1823432743549347,1.061989188194275
1779958194182130700,33.64813061523437,0.5345070958137512,0.22647829353809357,1.2776246070861816
1779958194198455600,33.66445556640625,0.46868637204170227,0.5308418869972229,1.5117387771606445
1779958194214762000,33.68076196289063,0.4014911949634552,0.7310529947280884,1.9822577238082886
1779958194231121000,33.69712084960938,0.07223481684923172,0.6163630485534668,2.6816983222961426
1779958194247438000,33.71343798828125,-0.34162637591362,0.4482223689556122,3.4484870433807373
1779958194263772400,33.7297724609375,-0.8098546266555786,0.3833179473876953,3.9300014972686768
1779958194280114000,33.74611401367188,-1.2985467910766602,0.012828170321881771,3.7417023181915283
1779958194296433000,33.76243286132812,-1.4219415187835693,-0.6265950202941895,2.8991663455963135
1779958194312760300,33.77876025390625,-1.220050573348999,-0.865290641784668,1.8715384006500244
1779958194329087200,33.795087158203124,-1.0276280641555786,-0.579405665397644,1.2431107759475708
1779958194345430000,33.811429931640625,-0.7744244337081909,-0.062460970133543015,1.1936306953430176
1779958194361785300,33.827785400390624,-0.5253441333770752,0.1592831164598465,1.1226176023483276
1779958194378098200,33.84409814453125,-0.6798930168151855,-0.010537425056099892,0.6117815375328064
1779958194394442200,33.86044213867188,-0.8746063113212585,-0.05009094998240471,0.10186178237199783
1779958194410774800,33.87677490234375,-0.9940304756164551,0.2710714638233185,-0.1212567538022995
1779958194427104800,33.89310473632813,-1.1328495740890503,0.17211128771305084,-0.3162754774093628
1779958194443422500,33.90942236328125,-1.2646437883377075,-0.030085112899541855,-0.42898011207580566
1779958194459743700,33.92574365234375,-1.1337659358978271,0.22388210892677307,-0.5407684445381165
1779958194476088800,33.9420888671875,-0.3904955983161926,1.2038626670837402,-0.41263946890830994
1779958194492420900,33.9584208984375,0.6856962442398071,1.4892895221710205,0.09636399149894714
1779958194508752400,33.97475244140625,1.129184365272522,0.9178250432014465,-0.11698069423437119
1779958194525080800,33.991080810546876,0.9349292516708374,-0.4867068827152252,-0.235030397772789
1779958194541436200,34.007436279296876,0.3162754774093628,-3.0546317100524902,1.5253305435180664
1779958194557762000,34.023761962890624,0.1719585657119751,-3.864028215408325,2.8538095951080322
1779958194574107400,34.040107421875,0.14294247329235077,0.2776382565498352,-0.5354233980178833
1779958194590422300,34.05642236328125,0.39354994893074036,5.345834255218506,-1.5894713401794434
1779958194606742800,34.07274267578125,0.5940664410591125,6.005874156951904,-0.9321803450584412
1779958194623083500,34.08908349609375,0.40622538328170776,2.995072364807129,0.1189660057425499
1779958194639429400,34.10542944335938,0.04993823543190956,-0.25992316007614136,0.8316930532455444
1779958194655750400,34.12175048828125,-0.38576140999794006,-2.074345588684082,1.2038626670837402
1779958194672074200,34.13807421875,-0.40362921357154846,-2.202474594116211,1.2221885919570923
1779958194688406000,34.15440600585937,0.1849394589662552,-1.0436632633209229,0.9787588119506836
1779958194704748000,34.170748046875,0.6933320760726929,0.13347405195236206,0.11423180252313614
1779958194729247500,34.19524755859375,0.4098905920982361,0.5981897711753845,-0.39354994893074036
1779958194745559800,34.211559814453125,0.47968193888664246,0.8920159935951233,-0.0682641938328743
1779958194761902000,34.22790209960937,0.5436700582504272,1.6777414083480835,-0.2997821271419525
1779958194778229200,34.24422924804688,0.5407684445381165,1.9591975212097168,-0.8648324608802795
1779958194794565400,34.2605654296875,0.5380195379257202,1.1714868545532227,-1.0256427526474
1779958194810894000,34.27689404296875,0.503963828086853,0.5125159621238708,-0.8370380997657776
1779958194827225000,34.29322509765625,0.33047810196876526,0.8243626356124878,-0.8486445546150208
1779958194843559700,34.3095595703125,0.18509216606616974,1.2131783962249756,-1.416596531867981
1779958194859894800,34.32589477539062,0.35292738676071167,0.7507534027099609,-2.1626157760620117
1779958194876238800,34.34223876953125,0.5224425196647644,-0.35063666105270386,-2.8425087928771973
1779958194892573700,34.35857373046875,0.6217080950737,-1.3842206001281738,-3.6473236083984375
1779958194908899300,34.3748994140625,0.6288857460021973,-1.5665639638900757,-4.722293853759766
1779958194925230000,34.39122998046875,0.49525898694992065,-1.0277807712554932,-5.009552955627441
1779958194941551000,34.407551025390624,0.46303585171699524,-1.5317445993423462,-3.9857430458068848
1779958194957884000,34.4238837890625,0.437226802110672,-1.1232284307479858,-2.9184086322784424
1779958194974215400,34.44021533203125,0.04184427112340927,-0.3332269787788391,-2.1342103481292725
1779958194990553000,34.456552978515624,0.012828170321881771,-0.5396994352340698,-1.8700112104415894
1779958195006878500,34.47287841796875,0.17180584371089935,-0.9995282292366028,-1.6172657012939453
1779958195023210800,34.489210693359375,0.023518312722444534,-0.29825496673583984,-0.9187413454055786
1779958195039544800,34.505544921875,-0.11468994617462158,0.25992316007614136,-0.18341228365898132
1779958195055886800,34.521886962890626,-0.07208210229873657,0.3543018400669098,0.34956762194633484
1779958195072227000,34.53822705078125,-0.10048733651638031,0.5331326723098755,0.7596109509468079
1779958195088547600,34.554547607421874,-0.13209961354732513,0.7110471725463867,1.417970895767212
1779958195104871400,34.57087133789062,-0.13668109476566315,0.7136433124542236,2.2353086471557617
1779958195121203200,34.587203125,-0.0858265683054924,0.5181664228439331,2.8764116764068604
1779958195137535200,34.60353515625,-0.09346238523721695,0.1840231567621231,3.333491563796997
1779958195153865700,34.61986572265625,-0.22540926933288574,-0.27718010544776917,3.5656204223632812
1779958195170199300,34.63619921875,-0.3978259861469269,-0.6995934247970581,3.623958110809326
1779958195186531300,34.65253125,-1.0441213846206665,-0.6588181853294373,3.9017491340637207
1779958195202879700,34.668879638671875,-1.846492886543274,-0.526107668876648,3.847382068634033
1779958195219207700,34.685207763671876,-1.906968593597412,-0.5590944290161133,3.213762044906616
1779958195235522300,34.701522216796874,-1.3390166759490967,-0.4867068827152252,2.627331495285034
1779958195251849700,34.717849609375,-1.094365119934082,-0.8723155856132507,2.085494041442871
1779958195268190500,34.7341904296875,-1.133460521697998,-1.3912456035614014,1.5665639638900757
1779958195284523800,34.75052368164062,-0.7231117486953735,-1.9657644033432007,0.7052439451217651
1779958195300857300,34.766857421875,-0.1918116807937622,-2.171625852584839,-0.5539020895957947
1779958195317189600,34.78318969726563,0.4056145250797272,-1.4643967151641846,-1.1869112253189087
1779958195333519600,34.79951953125,0.8788823485374451,0.16890424489974976,-1.2664763927459717
1779958195349854000,34.81585400390625,1.0044151544570923,2.4688119888305664,-1.4750868082046509
1779958195366201600,34.83220166015625,1.1163562536239624,3.554013967514038,-1.697136402130127
1779958195382528000,34.848528076171874,0.8600982427597046,1.0213667154312134,-1.1843149662017822
1779958195398859000,34.86485888671875,0.2828305959701538,-1.9077321290969849,0.512210488319397
1779958195415190000,34.88118994140625,-0.2223549485206604,1.2805262804031372,1.1033753156661987
1779958195431514400,34.89751440429688,-0.5522221922874451,3.553555965423584,0.07666359096765518
1779958195447840800,34.9138408203125,-0.2506074607372284,1.8570303916931152,-0.23380866646766663
1779958195464175600,34.93017553710938,0.03344487398862839,-1.3843733072280884,0.29306259751319885
1779958195480508000,34.9465078125,-0.014508049935102463,-2.65726375579834,0.9502009153366089
1779958195496840700,34.9628408203125,-0.13148874044418335,-2.5216517448425293,1.3266465663909912
1779958195513178400,34.979178466796874,0.004886921960860491,-1.5711454153060913,1.1546880006790161
1779958195529501200,34.995501220703126,0.33276882767677307,-0.10491610318422318,0.626747727394104
1779958195545849300,35.011849365234376,0.5129740834236145,0.6006332635879517,0.18188512325286865
1779958195562184700,35.02818481445313,0.4879286289215088,0.26832255721092224,-0.01237002108246088
1779958195578511400,35.04451147460937,0.5132794976234436,-0.19746218621730804,-0.13255776464939117
1779958195594845400,35.060845458984375,0.5320636034011841,0.2041817009449005,-0.15347988903522491
1779958195611176000,35.07717602539063,0.5027421116828918,1.016479730606079,-0.33368512988090515
1779958195627509800,35.093509765625,0.5867360830307007,1.5838208198547363,-0.7704538106918335
1779958195643842000,35.109842041015625,0.6855435371398926,1.6259706020355225,-1.0803152322769165
1779958195660158500,35.126158447265624,0.6856962442398071,1.1450668573379517,-1.0306823253631592
1779958195676505000,35.142505126953125,0.5972734689712524,0.9465357065200806,-0.8659014701843262
1779958195692839700,35.15883959960937,0.5826127529144287,1.3758212327957153,-0.997848391532898
1779958195709174300,35.17517431640625,0.4369213581085205,2.0845775604248047,-1.6410894393920898
1779958195725484300,35.191484375,0.18631389737129211,1.8324429988861084,-2.6025912761688232
1779958195741806000,35.20780615234375,0.06734789162874222,0.230448916554451,-3.3980906009674072
1779958195758141200,35.22414111328125,0.029932396486401558,-1.0089967250823975,-3.9857430458068848
1779958195774484000,35.24048388671875,-0.00366519158706069,-0.6618725061416626,-4.245207786560059
1779958195790816500,35.25681640625,0.2515237629413605,-0.8345946669578552,-3.598149061203003
1779958195807148000,35.27314794921875,0.3604104816913605,-1.2483031749725342,-2.524247884750366
1779958195823481000,35.289481201171874,0.2583959996700287,-1.9158260822296143,-2.124131202697754
1779958195839810600,35.305810546875,0.5134322643280029,-2.1710150241851807,-2.2006421089172363
1779958195856143600,35.3221435546875,0.3355177342891693,-1.3747522830963135,-1.6296358108520508
1779958195872473300,35.33847338867187,0.08139779418706894,-0.021380282938480377,-0.46105054020881653
1779958195888808000,35.354807861328126,0.2379320114850998,0.5687155723571777,0.37659841775894165
1779958195905139700,35.3711396484375,0.206777885556221,0.45692721009254456,0.7324274182319641
1779958195921472300,35.38747216796875,0.05803219974040985,0.437226802110672,1.207069754600525
1779958195937804000,35.403803955078125,-0.22892175614833832,0.6623306274414062,1.8625280857086182
1779958195954134500,35.42013452148438,-0.5267185568809509,0.8994990587234497,2.443002939224243
1779958195970476000,35.43647607421875,-0.751669704914093,0.8458956480026245,2.9911017417907715
1779958195986799900,35.4527998046875,-0.8194757103919983,0.6901249885559082,3.399770498275757
1779958196003135700,35.4691357421875,-0.7322747111320496,0.49984049797058105,3.561649799346924
1779958196019482000,35.485482177734376,-0.7629706859588623,0.19456058740615845,3.5866951942443848
1779958196035805400,35.50180541992187,-1.1910345554351807,-0.07147123664617538,3.5853209495544434
1779958196052144600,35.51814453125,-1.7939585447311401,-0.18112154304981232,3.4648277759552
1779958196068471600,35.53447143554688,-2.0665571689605713,0.1281289905309677,3.2085697650909424
1779958196084793900,35.5507939453125,-1.6244434118270874,0.3449861407279968,2.6080892086029053
1779958196101136600,35.56713671875,-1.0664180517196655,0.08933904021978378,2.10809588432312
1779958196117469700,35.5834697265625,-1.1496484279632568,-0.45952337980270386,1.7792977094650269
1779958196133803300,35.59980322265625,-0.8820894360542297,-0.854905903339386,1.1542298793792725
1779958196150134000,35.616134033203124,-0.2955060601234436,-1.2695306539535522,-0.10155634582042694
1779958196166448600,35.63244873046875,-0.04581489413976669,-0.7948883771896362,-0.807563841342926
1779958196182812400,35.6488125,0.197004035115242,0.5099197626113892,-0.5442809462547302
1779958196199128000,35.66512817382812,0.5823072791099548,1.7380642890930176,-0.6716463565826416
1779958196215459000,35.681458984375,0.8678867816925049,2.2409591674804688,-1.0305296182632446
1779958196231781000,35.697781005859376,0.6007859706878662,1.0352638959884644,-0.9051495790481567
1779958196248111000,35.71411108398438,-0.06979135423898697,-1.0708467960357666,0.3663664162158966
1779958196264444200,35.730444091796876,-0.6823364496231079,-0.4966334402561188,1.6733126640319824
1779958196280764700,35.7467646484375,-1.164156436920166,-0.508698046207428,0.8623890280723572
1779958196297108200,35.76310815429687,-0.4401284158229828,-0.7350236177444458,-0.9511171579360962
1779958196313440800,35.77944067382813,0.22663100063800812,0.9100365042686462,-1.3058772087097168
1779958196329757400,35.79575732421875,0.7615962624549866,2.4159719944000244,-0.5760459303855896
1779958196346107400,35.812107421875,0.9109528064727783,2.0323486328125,0.10201449692249298
1779958196362436900,35.828436767578125,0.6910412907600403,0.789237916469574,0.8095491528511047
1779958196378772500,35.8447724609375,0.28817567229270935,-0.4726569950580597,1.410946011543274
1779958196395110400,35.8611103515625,-0.03084869496524334,-1.10139000415802,1.436449646949768
1779958196411432000,35.87743188476563,0.44806966185569763,-0.95462965965271,0.7641924023628235
1779958196427768000,35.89376806640625,0.7715228199958801,0.2142609804868698,-0.2692388594150543
1779958196444095000,35.91009497070313,0.38866302371025085,1.3898711204528809,-0.4106541574001312
1779958196460427800,35.926427734375,0.4245513379573822,1.5505287647247314,-0.27519479393959045
1779958196476762600,35.9427626953125,0.5648976564407349,1.5818355083465576,-0.48090365529060364
1779958196493095200,35.95909521484375,0.697760820388794,1.3232868909835815,-0.8559749126434326
1779958196509423900,35.975423828125,0.8350527882575989,0.7777841687202454,-1.0784826278686523
1779958196525767000,35.991766845703125,0.6229298114776611,0.9095783233642578,-1.2709051370620728
1779958196542113300,36.00811328125,0.49953505396842957,1.6850718259811401,-1.6365079879760742
1779958196558425900,36.02442578125,0.37079519033432007,2.3186917304992676,-2.177123785018921
1779958196574767600,36.040767578125,0.26343563199043274,1.501812219619751,-2.9213104248046875
1779958196591100000,36.05709985351562,0.4170682430267334,0.010537425056099892,-3.664885997772217
1779958196607431400,36.073431396484374,0.6937901973724365,-1.2721269130706787,-4.299117088317871
1779958196623746300,36.089746337890624,0.8080220222473145,-2.0471620559692383,-4.17190408706665
1779958196640104400,36.1061044921875,0.8468119502067566,-1.494939923286438,-3.528204917907715
1779958196656414700,36.12241479492187,0.7580837607383728,-0.38209620118141174,-2.7536277770996094
1779958196672758000,36.138758056640626,0.9286679029464722,-0.4775438904762268,-2.22477126121521
1779958196689091800,36.155091796875,1.352608323097229,-1.5123496055603027,-1.9688186645507812
1779958196705419300,36.171419189453125,1.1220067739486694,-1.4063645601272583,-1.538158655166626
1779958196721741300,36.1877412109375,0.48915034532546997,-0.5296201705932617,-0.6728680729866028
1779958196738072300,36.204072265625,0.29993483424186707,0.021074850112199783,0.23380866646766663
1779958196754405000,36.22040502929688,0.34116822481155396,0.1215621829032898,0.7480044960975647
1779958196770737000,36.23673681640625,0.13530665636062622,0.10277807712554932,1.0190759897232056
1779958196787069200,36.253069091796874,-0.03481931984424591,0.14553864300251007,1.2883148193359375
1779958196803402000,36.26940209960937,-0.13209961354732513,0.20066922903060913,1.5940529108047485
1779958196819720000,36.28571997070313,-0.27122417092323303,0.31551191210746765,2.0005836486816406
1779958196836064500,36.302064453125,-0.41370847821235657,0.380721777677536,2.4807238578796387
1779958196852385500,36.31838549804687,-0.48609602451324463,0.46043968200683594,2.8852691650390625
1779958196868728600,36.334728515625,-0.46593746542930603,0.6611089110374451,3.098308563232422
1779958196885075200,36.3510751953125,-0.4031710624694824,1.010829210281372,3.1784846782684326
1779958196901393200,36.36739306640625,-0.4115704596042633,1.5493069887161255,3.3240232467651367
1779958196917724700,36.383724609375,-0.849255383014679,2.693610191345215,3.8009562492370605
1779958196934056000,36.40005590820312,-1.5027284622192383,3.1665728092193604,3.796680212020874
1779958196950412500,36.41641259765625,-1.529911994934082,2.4468207359313965,2.9833130836486816
1779958196966721000,36.43272094726562,-1.232573390007019,1.7634152173995972,2.115731716156006
1779958196983053300,36.44905322265625,-1.0221302509307861,1.387580394744873,1.549154281616211
1779958196999380700,36.46538061523437,-0.7053966522216797,1.1882855892181396,0.7889324426651001
1779958197015726300,36.48172631835938,-0.3501785099506378,0.48059824109077454,-0.4486805200576782
1779958197032067800,36.49806787109375,-0.13927727937698364,-0.656680166721344,-0.8278751373291016
1779958197048393500,36.5143935546875,0.11560624837875366,-0.30925053358078003,-0.7887797355651855
1779958197064727000,36.53072705078125,0.2165517359972,1.7020232677459717,-0.6743952035903931
1779958197081059000,36.54705908203125,0.055894169956445694,4.501008033752441,-0.7200574278831482
1779958197097390600,36.563390625,-0.5099197626113892,6.481127738952637,-0.031001411378383636
1779958197113723100,36.57972314453125,-0.5447390675544739,4.87088680267334,0.974177360534668
1779958197130048500,36.59604858398438,-0.09926560521125793,2.7591257095336914,0.9518807530403137
1779958197146394000,36.61239404296875,0.4662429094314575,1.109636664390564,0.6614143252372742
1779958197162679300,36.62867919921875,0.7634288668632507,1.5166256427764893,0.6866125464439392
1779958197179054600,36.6450546875,0.5946773290634155,2.7258334159851074,1.0282388925552368
1779958197195388000,36.66138793945313,0.032070424407720566,4.307516098022461,2.4072673320770264
1779958197211693600,36.67769360351563,-0.5907067060470581,4.794223308563232,2.6032023429870605
1779958197228032300,36.6940322265625,-1.021824836730957,5.089881896972656,1.051146388053894
1779958197244365000,36.710364990234375,-0.7339546084403992,6.222579002380371,-0.4424191415309906
1779958197260698400,36.726698486328125,-0.17287486791610718,7.324121475219727,-0.8878926634788513
1779958197277028900,36.74302880859375,0.1791362315416336,7.399258136749268,-0.5419901609420776
1779958197293350400,36.759350341796875,0.3901901841163635,5.946009635925293,0.031612277030944824
1779958197309682200,36.77568212890625,0.42791110277175903,4.235739707946777,0.32360586524009705
1779958197326025700,36.79202563476562,0.04260785132646561,3.5552356243133545,0.40485092997550964
1779958197342358000,36.80835791015625,-0.4671591818332672,4.357149124145508,0.543059229850769
1779958197358688300,36.82468823242188,-0.8151996731758118,5.120883464813232,0.6701191663742065
1779958197375020800,36.841020751953124,-0.8171849846839905,5.041929244995117,0.608727216720581
1779958197391337700,36.857337646484375,-0.5331326723098755,4.5361328125,0.47311514616012573
1779958197407685400,36.87368530273437,-0.1463022232055664,3.97306752204895,0.4599815309047699
1779958197424017000,36.89001684570312,0.050854530185461044,3.645491123199463,0.6765332818031311
1779958197440355300,36.90635522460938,0.07757988572120667,3.0587549209594727,0.8536841869354248
1779958197456682200,36.92268212890625,0.24007004499435425,2.289064884185791,0.7819074988365173
1779958197473016600,36.9390166015625,0.3995058834552765,2.1204659938812256,0.5392413139343262
1779958197489357600,36.95535766601562,0.4954117238521576,2.3463335037231445,0.25274550914764404
1779958197505685800,36.971685791015624,0.5099197626113892,2.59098482131958,-0.11713340878486633
1779958197522027300,36.98802734375,0.37140607833862305,2.5647177696228027,-0.2535090744495392
1779958197538357800,37.00435766601562,0.28420504927635193,1.8413006067276,-0.030237829312682152
1779958197554682600,37.0206826171875,0.2825251817703247,1.3031282424926758,0.027488935738801956
1779958197571018200,37.03701831054688,0.204487144947052,1.2873984575271606,-0.08261952549219131
1779958197587351800,37.05335180664063,0.011759156361222267,1.2953397035598755,-0.1618792861700058
1779958197603678000,37.06967797851563,-0.18051068484783173,1.6004669666290283,-0.20891591906547546
1779958197619996000,37.085995849609375,-0.1134682223200798,1.6795740127563477,-0.34865134954452515
1779958197636348700,37.1023486328125,-0.07437284290790558,1.522887110710144,-0.7429648637771606
1779958197652681500,37.11868139648438,-0.3378084897994995,1.2846496105194092,-1.2290608882904053
1779958197669012700,37.1350126953125,-0.6728680729866028,1.1607966423034668,-1.6988162994384766
1779958197685331700,37.15133178710938,-1.1403326988220215,1.048397421836853,-2.1088595390319824
1779958197701675500,37.167675537109375,-1.30496084690094,0.16814066469669342,-2.2513439655303955
1779958197717996500,37.18399658203125,-1.0803152322769165,-0.32391130924224854,-2.3716843128204346
1779958197734328000,37.200328125,-0.9421069025993347,0.49357911944389343,-2.431701898574829
1779958197750668500,37.21666845703125,-0.8443684577941895,1.3329079151153564,-2.42834210395813
1779958197766989600,37.23298950195313,-0.8364272117614746,1.3571898937225342,-2.483930826187134
1779958197783323000,37.24932299804688,-0.7379252314567566,0.531147301197052,-2.526691436767578
1779958197799634200,37.26563427734375,-0.37369680404663086,-0.5535966157913208,-2.5166120529174805
1779958197815985400,37.2819853515625,0.3862195611000061,-1.0245736837387085,-2.565939426422119
1779958197832317700,37.29831762695313,1.4338533878326416,-0.707840085029602,-2.7795896530151367
1779958197848649200,37.31464916992188,2.107027053833008,0.6061310172080994,-2.9975156784057617
1779958197864979500,37.3309794921875,2.2962424755096436,1.933541178703308,-3.0579915046691895
1779958197881317400,37.3473173828125,1.9468275308609009,2.3817636966705322,-2.7898216247558594
1779958197897645600,37.3636455078125,1.2567025423049927,1.396132469177246,-2.1487185955047607
1779958197913987000,37.379987060546874,1.108262300491333,-0.0354301854968071,-1.1513283252716064
1779958197930316000,37.39631591796875,1.2166908979415894,-0.5757405161857605,-0.683863639831543
1779958197946641700,37.4126416015625,1.1410962343215942,-0.1235474944114685,-0.7735081315040588
1779958197962988800,37.42898876953125,0.9575312733650208,0.6241515874862671,-0.9822713136672974
1779958197979318500,37.445318603515624,0.8432994484901428,0.6070473194122314,-0.9488264322280884
1779958197995647000,37.46164697265625,0.7719809412956238,0.3520110845565796,-0.6939429044723511
1779958198011986700,37.47798657226563,0.7137960195541382,0.4488332271575928,-0.22510384023189545
1779958198028313000,37.49431298828125,0.6356052756309509,0.6556110978126526,0.4101960062980652
1779958198044648400,37.5106484375,0.4830417037010193,0.5653557777404785,1.083064079284668
1779958198060978400,37.526978515625,0.17760907113552094,0.28955012559890747,1.6447546482086182
1779958198077304000,37.54330395507812,-0.20433442294597626,0.12079860270023346,2.096031427383423
1779958198093648600,37.559648681640624,-0.4265366494655609,0.4616613984107971,2.5250115394592285
1779958198109960000,37.5759599609375,-0.6692028641700745,1.289994716644287,2.883589506149292
1779958198126290400,37.59229052734375,-1.0658071041107178,1.6769778728485107,2.8209757804870605
1779958198142642000,37.608641845703126,-1.3547463417053223,1.289994716644287,2.1033618450164795
1779958198158963000,37.624962890625,-1.2994630336761475,0.8762862086296082,1.1572842597961426
1779958198175309600,37.6413095703125,-1.0122036933898926,0.8384125232696533,0.741895854473114
1779958198191630800,37.657630859375,-0.7145596146583557,0.6104071140289307,1.0894781351089478
1779958198207953200,37.673953125,-0.432034432888031,-0.28206703066825867,1.822821855545044
1779958198224285700,37.69028564453125,-0.3052799105644226,-1.619251012802124,2.288759469985962
1779958198240619000,37.70661889648437,-0.5890268087387085,-2.710561752319336,2.071291446685791
1779958198256950300,37.7229501953125,-0.8425359129905701,-2.2847888469696045,1.3202325105667114
1779958198273281500,37.73928149414063,-0.864068865776062,-0.5722280144691467,0.7055493593215942
1779958198289600300,37.75560034179688,-0.7295258045196533,1.2957979440689087,0.3700316250324249
1779958198305946600,37.77194653320313,-0.5786421298980713,1.4358386993408203,0.03634648025035858
1779958198322278400,37.7882783203125,-0.2632829248905182,0.41890084743499756,-0.44104471802711487
1779958198338611700,37.80461181640625,0.49006664752960205,-0.06352998316287994,-0.8144360780715942
1779958198354941000,37.82094091796875,1.073290228843689,0.34406983852386475,-0.9915869832038879
1779958198371268600,37.8372685546875,0.9868528246879578,1.5599970817565918,-0.9834930300712585
1779958198387605800,37.85360571289063,0.4674646258354187,2.7934868335723877,-0.6899722814559937
1779958198403937300,37.86993725585938,-0.04749477282166481,1.6473509073257446,0.5531384944915771
1779958198420268300,37.886268310546875,-0.5728389024734497,-0.6334672570228577,1.263269305229187
1779958198436602600,37.9026025390625,-1.06657075881958,-1.3377948999404907,0.1411098688840866
1779958198452928500,37.91892846679688,-0.3897320330142975,-0.3433062732219696,-1.0992519855499268
1779958198469278500,37.93527856445313,0.18936823308467865,1.8136589527130127,-0.4934264123439789
1779958198485606400,37.9516064453125,0.3271183371543884,2.041053533554077,0.15821409225463867
1779958198501947100,37.96794702148438,0.40912699699401855,1.4752395153045654,0.3425426781177521
1779958198518274300,37.9842744140625,0.43829581141471863,0.8431467413902283,0.26374107599258423
1779958198534610700,38.00061059570312,0.3384193480014801,0.47708576917648315,0.1408044397830963
1779958198550942200,38.01694213867187,0.4460843503475189,0.4996877610683441,0.20662516355514526
1779958198567272700,38.033272705078126,0.6356052756309509,-0.1281289905309677,0.28756481409072876
1779958198583603700,38.049603759765624,0.7154759168624878,-1.3249666690826416,0.3376557528972626
1779958198599918600,38.065918701171874,0.79840087890625,-1.4831807613372803,0.403781920671463
1779958198616252000,38.082251953125,0.6904304623603821,-0.29886582493782043,0.42348232865333557
1779958198632587300,38.098587158203124,0.5242751240730286,1.280220866203308,0.24236078560352325
1779958198648916500,38.11491650390625,0.5032002329826355,1.8738291263580322,-0.24877487123012543
1779958198665249500,38.13124951171875,0.4801400899887085,1.5793920755386353,-0.6255260109901428
1779958198689736400,38.155736328125,0.5780312418937683,0.5832235813140869,-0.9586002826690674
1779958198706079200,38.172079345703125,0.6914994716644287,0.4973970353603363,-1.1012372970581055
1779958198722413300,38.18841333007813,0.6649268269538879,0.7399105429649353,-1.2762502431869507
1779958198738742800,38.20474267578125,0.5099197626113892,1.2353222370147705,-1.737911581993103
1779958198755076400,38.22107641601563,0.4879286289215088,1.4152220487594604,-2.3719897270202637
1779958198771408100,38.237408203125,0.43020185828208923,0.8396342992782593,-3.2152891159057617
1779958198787741000,38.253740966796876,0.3436116874217987,-0.5051855444908142,-3.9481747150421143
1779958198804071700,38.27007177734375,0.1918116807937622,-1.377806544303894,-4.075540065765381
1779958198820404200,38.286404296875,0.030695978552103043,-1.2788463830947876,-3.5854735374450684
1779958198836736000,38.30273608398438,0.11178833991289139,-0.7754934430122375,-2.953686237335205
1779958198853069000,38.31906909179688,0.17409659922122955,-0.48808133602142334,-2.333963394165039
1779958198869398800,38.335398681640626,0.14752395451068878,-0.7745771408081055,-2.0340285301208496
1779958198885729800,38.351729736328124,0.04581489413976669,-0.7806857824325562,-1.6815593242645264
1779958198902067500,38.3680673828125,0.09712757170200348,-0.5978843569755554,-1.1496484279632568
1779958198918396400,38.384396484375,0.22357667982578278,-0.15363261103630066,-0.5844452977180481
1779958198934713000,38.400713134765624,0.24373523890972137,0.11530081182718277,-0.01542434748262167
1779958198951047000,38.417046875,0.10812314599752426,0.2405281960964203,0.5949827432632446
1779958198967395300,38.433395263671876,-0.12751811742782593,0.3880521357059479,1.1998920440673828
1779958198983725300,38.44972534179688,-0.23365595936775208,0.7018841505050659,1.9312504529953003
1779958199000054500,38.466054443359376,-0.15485434234142303,0.9214902520179749,2.696969985961914
1779958199016396800,38.482396728515624,-0.19165897369384766,0.821461021900177,3.299894094467163
1779958199032716000,38.49871606445313,-0.39843684434890747,0.5067127346992493,3.64029860496521
1779958199049067500,38.515067626953126,-0.6210972666740417,-0.04138612002134323,3.718489408493042
1779958199065398500,38.5313984375,-0.8542950749397278,-0.8147414922714233,3.4301609992980957
1779958199081713700,38.547713623046874,-1.080162525177002,-1.2750284671783447,2.8593075275421143
1779958199098059500,38.5640595703125,-1.3628404140472412,-0.9337075352668762,2.6815457344055176
1779958199114395100,38.58039501953125,-1.3391693830490112,-0.8477282524108887,2.6842947006225586
1779958199130711000,38.5967109375,-1.147357702255249,-0.8654433488845825,2.2595906257629395
1779958199147059000,38.61305883789063,-1.0047205686569214,-0.8915578126907349,1.9135353565216064
1779958199163375400,38.629375244140626,-1.2217304706573486,-0.5485569834709167,1.6032158136367798
1779958199179711000,38.6457109375,-0.9062185883522034,-0.42271876335144043,0.422871470451355
1779958199196033800,38.66203369140625,-0.2909245789051056,-0.7218900322914124,-0.5369505286216736
1779958199212374000,38.6783740234375,0.23273965716362,-0.4196644127368927,-0.792750358581543
1779958199228703000,38.694702880859374,0.5190827250480652,0.6227771043777466,-0.7263187766075134
1779958199245036800,38.71103686523438,0.6133087277412415,2.3580925464630127,-1.0569496154785156
1779958199261369000,38.727369140625,0.6575964093208313,3.3534975051879883,-1.2748757600784302
1779958199277701000,38.743701171875,0.508698046207428,2.5615108013153076,-1.0577131509780884
1779958199294047200,38.76004711914062,0.11255192011594772,-0.6096435189247131,0.21410827338695526
1779958199310361000,38.776361083984376,-0.3020728528499603,-2.2064452171325684,1.7854063510894775
1779958199326696400,38.79269653320313,-0.8720101118087769,-0.06994406878948212,1.5318973064422607
1779958199343029200,38.809029296875,-0.7328855991363525,0.789237916469574,-0.9233227968215942
1779958199359356200,38.82535620117188,0.09315694868564606,1.8970420360565186,-0.9094256162643433
1779958199375690000,38.84168994140625,0.4424191415309906,1.5821410417556763,0.16050484776496887
1779958199392028000,38.85802783203125,0.4579962193965912,0.4375322461128235,0.6954700946807861
1779958199408356000,38.87435620117188,0.34284812211990356,-0.6270532011985779,0.892779529094696
1779958199424687900,38.89068798828125,0.25595253705978394,-1.1305588483810425,0.6270532011985779
1779958199441038600,38.90703857421875,0.47479501366615295,-0.9382890462875366,0.05161811411380768
1779958199457365200,38.923365234375,0.5623014569282532,-0.10064005106687546,-0.15500704944133759
1779958199473699600,38.93969946289062,0.5658139586448669,0.096211276948452,-0.007941247895359993
1779958199490028800,38.95602880859375,0.6152940392494202,0.48059824109077454,0.16264286637306213
1779958199506359800,38.97235986328125,0.6113234162330627,1.545336365699768,-0.10949759185314178
1779958199522735000,38.988735107421874,0.6823364496231079,1.7925840616226196,-0.7820602059364319
1779958199539022600,39.005022705078126,0.7141014933586121,1.468672752380371,-1.2064588069915771
1779958199555352800,39.02135278320313,0.6887505650520325,0.8567385077476501,-1.04289972782135
1779958199571693000,39.037693115234376,0.6418666839599609,0.6751587986946106,-0.6798930168151855
1779958199588020000,39.05402001953125,0.5925393104553223,1.4123204946517944,-0.6397286057472229
1779958199604355000,39.07035498046875,0.44547349214553833,2.222175121307373,-1.0071641206741333
1779958199620684800,39.08668481445312,0.25244006514549255,1.88558828830719,-1.638798713684082
1779958199637017600,39.103017578125,0.10476338863372803,0.44058656692504883,-2.607325553894043
1779958199653350100,39.11935009765625,0.076052725315094,-0.8743008971214294,-3.7782015800476074
1779958199669675000,39.135675048828126,0.13469578325748444,-1.7695238590240479,-4.812854766845703
1779958199685997000,39.1519970703125,0.3423899710178375,-1.9236146211624146,-4.289801120758057
1779958199702334000,39.168333984375,0.6159048676490784,-1.2098186016082764,-3.101668357849121
1779958199718656000,39.184656005859374,0.5343543887138367,-0.32849279046058655,-2.4715607166290283
1779958199734997200,39.200997314453126,0.4288274049758911,-0.8211556077003479,-2.3205244541168213
1779958199751329000,39.2173291015625,0.5552765130996704,-1.4463762044906616,-2.2183570861816406
1779958199767661600,39.23366162109375,0.3839288055896759,-0.8930850028991699,-1.5699236392974854
1779958199784007200,39.25000708007813,-0.04260785132646561,0.04352414980530739,-0.35033121705055237
1779958199800306200,39.26630615234375,-0.0630718395113945,0.8471173644065857,0.5009095072746277
1779958199816659700,39.28265966796875,-0.030543262138962746,1.1296426057815552,0.8162686824798584
1779958199832990000,39.298989990234375,-0.0731511116027832,1.1665998697280884,1.105207920074463
1779958199857486600,39.32348657226562,-0.26221391558647156,1.1898127794265747,1.7841846942901611
1779958199873819100,39.339819091796876,-0.37201693654060364,0.8984300494194031,2.3906211853027344
1779958199890149600,39.35614965820312,-0.40301835536956787,0.3572034537792206,3.000875473022461
1779958199906482400,39.372482421875,-0.3481931984424591,-0.14966198801994324,3.45566463470459
1779958199922818000,39.38881811523437,-0.27259862422943115,-0.46593746542930603,3.71574068069458
1779958199939159800,39.405159912109376,-0.21410827338695526,-0.37048977613449097,3.813631772994995
1779958199955497200,39.42149731445313,-0.6139195561408997,0.2952006161212921,3.9235875606536865
1779958199971816700,39.43781665039062,-1.8532124757766724,0.9098837971687317,3.4973561763763428
1779958199988154600,39.454154541015626,-1.979050636291504,1.4214833974838257,2.4894285202026367
1779958200004483300,39.4704833984375,-1.3742940425872803,1.2823588848114014,1.823127269744873
1779958200020824800,39.486824951171876,-1.1966849565505981,-0.3061962127685547,1.6803375482559204
1779958200037152300,39.50315234375,-1.2394455671310425,-1.455691933631897,1.6022995710372925
1779958200053503700,39.51950366210937,-0.8454375267028809,-1.1844676733016968,0.7634288668632507
1779958200069800700,39.53580078125,-0.4112650156021118,-0.826500654220581,-0.4833471179008484
1779958200086148600,39.552148681640624,0.20693060755729675,-1.036027431488037,-0.9706648588180542
1779958200102475800,39.56847583007813,0.7819074988365173,0.044287730008363724,-0.9891435503959656
1779958200118823700,39.58482373046875,1.0836749076843262,2.231032609939575,-0.9850202202796936
1779958200135140400,39.60114038085938,1.106735110282898,2.6789495944976807,-0.5546656250953674
1779958200151491800,39.617491943359376,0.6424775123596191,-0.5844452977180481,0.7076873779296875
1779958200167810600,39.633810546875,-0.10995574295520782,-0.783892810344696,1.3113750219345093
1779958200184123400,39.650123291015625,-0.5071708559989929,1.2690725326538086,-0.18784105777740479
1779958200200459300,39.66645922851563,-0.034666601568460464,2.5279130935668945,-1.5610661506652832
1779958200216777500,39.68277758789063,0.35185837745666504,2.2870795726776123,-0.7200574278831482
1779958200233123000,39.699123046875,0.1999056488275528,0.7918340563774109,0.3517056703567505
1779958200249442000,39.715442138671875,-0.02229658141732216,-0.4395175576210022,0.9101892113685608
1779958200265787400,39.73178735351563,0.08491026610136032,-0.8038986921310425,0.9627236127853394
1779958200282134300,39.74813427734375,0.3865249752998352,-0.3191770911216736,0.5904012322425842
1779958200298457000,39.76445703125,0.2857322096824646,0.45524731278419495,0.28955012559890747
1779958200314784800,39.78078466796875,0.154396191239357,0.6763805150985718,0.40225476026535034
1779958200331116300,39.7971162109375,0.1644754707813263,0.3660610020160675,0.48655417561531067
1779958200347431000,39.813430908203124,0.24633140861988068,0.46547931432724,0.22663100063800812
1779958200363778300,39.8297783203125,0.38957929611206055,0.9277516007423401,-0.19333885610103607
1779958200380103700,39.846103759765626,0.484416127204895,1.0389291048049927,-0.4567744731903076
1779958200396449500,39.86244946289062,0.5299255847930908,0.7591527700424194,-0.4349360466003418
1779958200412770000,39.87877001953125,0.48716503381729126,0.7240280508995056,-0.2611449062824249
1779958200429105000,39.89510498046875,0.30253100395202637,0.9135489463806152,-0.19028452038764954
1779958200445438500,39.9114384765625,0.11514809727668762,1.1415544748306274,-0.27382034063339233
1779958200461768200,39.927768310546874,0.0503963828086853,1.2470813989639282,-0.5158756971359253
1779958200478108700,39.94410864257812,0.08796459436416626,0.9763153791427612,-0.8775079250335693
1779958200494454500,39.96045458984375,0.2295326143503189,0.16508632898330688,-1.5051720142364502
1779958200510760000,39.97676000976563,0.3323107063770294,-0.778853178024292,-2.426203966140747
1779958200527108400,39.9931083984375,0.5090034604072571,-1.0074695348739624,-3.4440581798553467
1779958200543431700,40.009431640625,0.8823948502540588,-0.7371616363525391,-4.6549458503723145
1779958200559751000,40.0257509765625,0.8880453705787659,-0.8575021028518677,-4.710381984710693
1779958200576093400,40.04209350585938,0.5531384944915771,-1.2551753520965576,-3.4721579551696777
1779958200592428300,40.05842822265625,0.3263547718524933,-0.9224064946174622,-2.849838972091675
1779958200608758300,40.07475830078125,0.126143679022789,-0.10170906037092209,-2.6345090866088867
1779958200625087000,40.0910869140625,0.3032945990562439,-0.3352122902870178,-2.1736111640930176
1779958200641460700,40.10746069335938,0.6914994716644287,-0.6592763066291809,-1.9155206680297852
1779958200657769200,40.123769287109376,0.4691445231437683,-0.4787656366825104,-1.6157386302947998
1779958200674070300,40.1400703125,0.1411098688840866,-0.36422839760780334,-1.05404794216156
1779958200690425900,40.15642578125,0.17440202832221985,-0.2525927722454071,-0.5247332453727722
1779958200706751200,40.17275122070313,0.1745547503232956,-0.3355177342891693,-0.07376197725534439
1779958200723084000,40.189083984375,0.02977968007326126,-0.4054618179798126,0.4202753007411957
1779958200739406300,40.20540625,-0.1241583600640297,-0.3413209617137909,0.9135489463806152
1779958200755746800,40.221746826171874,-0.144622340798378,0.037110064178705215,1.4315626621246338
1779958200772095200,40.23809521484375,-0.12049316614866257,0.5870414972305298,2.048536539077759
1779958200788425500,40.25442553710938,-0.09422596544027328,1.0961977243423462,2.671924591064453
1779958200804738000,40.270738037109375,-0.023518312722444534,1.3959797620773315,3.193145275115967
1779958200821075500,40.287075439453126,-0.027641652151942253,1.270447015762329,3.4713945388793945
1779958200837407700,40.30340771484375,-0.21074850857257843,1.131933331489563,3.7472000122070312
1779958200853740500,40.31974047851563,-0.7968736886978149,1.2090550661087036,4.250553131103516
1779958200870054000,40.33605395507813,-1.2880094051361084,0.7997753024101257,4.075845718383789
1779958200886403000,40.352403076171875,-1.3646728992462158,0.42088615894317627,3.3298263549804688
1779958200902738400,40.368738525390626,-1.424843192100525,0.7684684991836548,2.4753787517547607
1779958200919083000,40.3850830078125,-1.3779592514038086,0.979827880859375,1.8771889209747314
1779958200935409400,40.40140942382813,-1.1146763563156128,1.100015640258789,1.4370604753494263
1779958200951746600,40.41774658203125,-0.5007568001747131,1.3655892610549927,0.27748554944992065
1779958200968074000,40.434073974609376,-0.31413745880126953,0.35781431198120117,-0.6481280326843262
1779958200984410400,40.45041040039062,-0.28466320037841797,-0.5621487498283386,-0.849255383014679
1779958201000739300,40.4667392578125,-0.027641652151942253,-0.06673702597618103,-0.8497135639190674
1779958201017056000,40.48305590820313,0.1437060534954071,1.4886785745620728,-0.9912815690040588
1779958201033390800,40.499390869140626,-0.03756821155548096,3.4625368118286133,-1.22279953956604
1779958201049704000,40.515703857421876,0.1267545372247696,3.634495496749878,-0.2877175211906433
1779958201066055200,40.53205517578125,-0.08292495459318161,2.3185391426086426,0.5491678714752197
1779958201082387500,40.54838745117188,-0.3355177342891693,1.226617455482483,0.6143777370452881
1779958201098718000,40.56471801757812,-0.3419318199157715,0.5540547966957092,1.1117748022079468
1779958201115069700,40.58106958007812,-0.5771149396896362,0.36193767189979553,1.8113682270050049
1779958201131380700,40.59738061523438,-0.8413141369819641,0.7768678665161133,0.8914051055908203
1779958201147728400,40.613728271484376,-0.6875288486480713,2.406809091567993,0.608727216720581
1779958201164030700,40.63003076171875,-0.5293147563934326,3.1981849670410156,0.8469646573066711
1779958201180380700,40.64638061523438,-0.25305092334747314,3.545156478881836,0.7287622094154358
1779958201196693200,40.662693359375,0.1111774742603302,4.213137626647949,0.1667662113904953
1779958201213033200,40.679033203125,0.413555771112442,4.401284217834473,0.032528575509786606
1779958201229374000,40.6953740234375,0.712574303150177,3.6801576614379883,0.4628831446170807
1779958201245705000,40.711705078125,0.8431467413902283,2.4405593872070312,0.7269296646118164
1779958201262046200,40.72804614257812,0.6831000447273254,2.227672815322876,0.813825249671936
1779958201278379800,40.7443798828125,0.3194825351238251,2.6946792602539062,0.8103127479553223
1779958201294716700,40.76071655273437,0.08552113175392151,2.541046619415283,0.7499898076057434
1779958201311037000,40.77703686523437,0.029016099870204926,1.7997617721557617,0.7826710939407349
1779958201327367200,40.7933671875,-0.13301590085029602,1.3416128158569336,0.8191702961921692
1779958201343700200,40.8097001953125,-0.2588541507720947,1.5517504215240479,0.6820310354232788
1779958201360028700,40.826028564453125,-0.11362093687057495,2.2209532260894775,0.3397938013076782
1779958201376365300,40.842365234375,0.04612032696604729,2.1507039070129395,0.11438451707363129
1779958201392694500,40.85869458007812,0.1791362315416336,1.8132007122039795,0.07269296050071716
1779958201409029400,40.875029296875,0.24236078560352325,1.6525431871414185,0.08720101416110992
1779958201425365000,40.89136499023437,0.27488934993743896,1.8153388500213623,0.10720685124397278
1779958201441712600,40.90771264648438,0.20357084274291992,2.0477731227874756,0.04245513305068016
1779958201458034700,40.92403466796875,0.09239336848258972,2.066404342651367,-0.01710422709584236
1779958201474369300,40.940369384765624,-0.038637228310108185,2.0761783123016357,-0.07987063378095627
1779958201490700500,40.95670043945312,-0.1638645976781845,2.2519547939300537,-0.08445212244987488
1779958201507017000,40.97301684570313,-0.19196440279483795,2.286163091659546,-0.11331550031900406
1779958201523366100,40.9893662109375,-0.1488984078168869,2.21056866645813,-0.607810914516449
1779958201539680500,41.00568041992187,-0.35781431198120117,2.269211769104004,-1.3205379247665405
1779958201556027100,41.022027099609375,-0.6846272349357605,2.169029712677002,-2.088090181350708
1779958201572361200,41.038361328125,-0.9399688839912415,1.7904460430145264,-2.934596538543701
1779958201588682200,41.05468212890625,-0.9512699246406555,1.2776246070861816,-3.68428111076355
1779958201605017000,41.07101708984375,-0.5916230082511902,0.8988882303237915,-4.201225757598877
1779958201621356300,41.08735620117187,0.13897185027599335,0.6255260109901428,-4.374405860900879
1779958201637690000,41.103690185546874,1.1734721660614014,0.3620903789997101,-4.130517959594727
1779958201654019300,41.12001928710937,2.2237021923065186,0.8571966290473938,-3.6893205642700195
1779958201670340400,41.13634033203125,2.8930578231811523,2.2878429889678955,-3.5308010578155518
1779958201686671600,41.15267163085937,2.88114595413208,3.523012638092041,-3.3794591426849365
1779958201702990600,41.168990478515624,2.3964242935180664,3.115565538406372,-2.8021914958953857
1779958201719335200,41.185335205078125,1.8605427742004395,1.4801265001296997,-2.246915102005005
1779958201735664000,41.2016640625,1.548237919807434,1.3927727937698364,-2.342515468597412
1779958201752003600,41.218003662109375,1.1545352935791016,2.3012821674346924,-2.3877196311950684
1779958201768330800,41.23433081054687,0.7808384895324707,2.0114264488220215,-1.9173532724380493
1779958201784663000,41.2506630859375,0.7484626173973083,0.9943358898162842,-1.4970779418945312
1779958201800995800,41.26699584960937,0.9285151958465576,-0.11682797968387604,-1.1690434217453003
1779958201817327400,41.28332739257812,1.0655016899108887,-0.770301103591919,-0.9486737251281738
1779958201833660400,41.29966040039063,1.135140299797058,-1.2087496519088745,-0.793361246585846
1779958201849990100,41.315990234375,1.2247848510742188,-1.6760615110397339,-0.5151121020317078
1779958201866325200,41.3323251953125,1.2324206829071045,-1.6746870279312134,-0.08445212244987488
1779958201882654000,41.348654052734375,1.141707181930542,-1.0497719049453735,0.43905940651893616
1779958201898987300,41.3649873046875,0.9885326623916626,-0.36819902062416077,0.9908234477043152
1779958201915334100,41.38133422851563,0.8440630435943604,0.17073683440685272,1.50211763381958
1779958201931666400,41.39766650390625,0.7849618196487427,0.822682797908783,1.966986060142517
1779958201947995600,41.41399560546875,0.6336199641227722,1.8425222635269165,2.361452341079712
1779958201964312600,41.4303125,0.33887749910354614,2.992781639099121,2.5395195484161377
1779958201980660200,41.44666015625,0.07864890247583389,3.539353132247925,2.609616279602051
1779958201996991700,41.46299169921875,-0.19058994948863983,3.1115949153900146,2.665815830230713
1779958202013325800,41.47932592773437,-0.5493205785751343,2.442391872406006,2.6004533767700195
1779958202029639700,41.4956396484375,-0.7110471725463867,1.9411770105361938,2.236530303955078
1779958202045983500,41.5119833984375,-0.5007568001747131,1.4184291362762451,1.6435329914093018
1779958202062308000,41.52830810546875,-0.3978259861469269,0.901637077331543,1.3880385160446167
1779958202078638300,41.54463842773438,-0.3225368559360504,0.17806722223758698,1.577559471130371
1779958202094973700,41.5609736328125,-0.1837177276611328,-0.5607742667198181,1.7259997129440308
1779958202111304200,41.57730419921875,-0.19288070499897003,-0.9815077185630798,1.4885258674621582
1779958202127620000,41.5936201171875,-0.3017674386501312,-0.9836457371711731,0.9900598526000977
1779958202143962000,41.609962158203125,-0.4980078935623169,-0.26893341541290283,0.6288857460021973
1779958202160299800,41.6262998046875,-0.7670940160751343,0.979827880859375,0.6976081132888794
1779958202176631600,41.64263159179688,-1.0497719049453735,1.9691240787506104,0.9100365042686462
1779958202192966100,41.658966064453125,-1.5158621072769165,2.2733349800109863,1.0172433853149414
1779958202209294300,41.67529443359375,-1.931708574295044,1.5737415552139282,0.9321803450584412
1779958202225631200,41.69163134765625,-1.2702943086624146,0.010231993161141872,0.5920811295509338
1779958202241959200,41.70795922851563,0.22250767052173615,-0.9104946255683899,-0.039095375686883926
1779958202258306600,41.724306640625,1.6565138101577759,-0.2301434874534607,-0.9396634697914124
1779958202274617600,41.74061767578125,2.0900754928588867,1.507462739944458,-1.4955508708953857
1779958202290958600,41.75695849609375,1.4689781665802002,2.342820882797241,-1.1520918607711792
1779958202307287800,41.77328784179687,0.6682865619659424,2.7731754779815674,-0.41263946890830994
1779958202323619600,41.78961962890625,0.17211128771305084,2.238668441772461,-0.03878994286060333
1779958202339952000,41.8059521484375,-0.10705413669347763,1.207375168800354,0.2733621895313263
1779958202356284400,41.82228442382812,-0.37888917326927185,0.41890084743499756,0.8659014701843262
1779958202372616200,41.8386162109375,-0.7093672752380371,-0.08536841720342636,1.1227703094482422
1779958202388944000,41.85494384765625,-0.7035640478134155,0.7634288668632507,1.1084150075912476
1779958202405282800,41.87128271484375,-0.6075055003166199,1.9068158864974976,0.8422304391860962
1779958202421629200,41.88762915039062,-0.44425174593925476,2.4967589378356934,0.5904012322425842
1779958202437940500,41.9039404296875,-0.058337632566690445,2.4246768951416016,0.447000652551651
1779958202454290000,41.9202900390625,0.22479841113090515,1.7093536853790283,0.19226983189582825
1779958202470620200,41.9366201171875,0.23777928948402405,0.9106473922729492,-0.03039054572582245
1779958202486952200,41.9529521484375,0.20876319706439972,0.6543893814086914,0.01618792861700058
1779958202503286000,41.9692861328125,0.2716823220252991,0.7877107262611389,0.266184538602829
1779958202519615500,41.985615478515626,0.403323769569397,0.57436603307724,0.446389764547348
1779958202535947300,42.001947265625,0.5616905689239502,0.03741549700498581,0.5396994352340698
1779958202552280800,42.01828076171875,0.6808093190193176,-0.30833423137664795,0.4954117238521576
1779958202568613400,42.03461328125,0.7559457421302795,-0.18035796284675598,0.15012013912200928
1779958202584943000,42.050943115234375,0.8126034736633301,0.29794952273368835,-0.3084869384765625
1779958202601277400,42.06727734375,0.8436049222946167,0.8541423082351685,-0.6252205967903137
1779958202617609500,42.083609375,0.6821837425231934,1.2119566202163696,-0.7583891749382019
1779958202633941200,42.099941162109374,0.4473060667514801,1.4202617406845093,-0.9488264322280884
1779958202650255400,42.11625537109375,0.5271766781806946,1.603826642036438,-1.2476922273635864
1779958202666592000,42.13259204101563,0.7301366925239563,1.492343783378601,-1.659262776374817
1779958202682924000,42.14892407226562,1.0697777271270752,1.1690434217453003,-2.157576084136963
1779958202699254000,42.16525390625,1.1731667518615723,1.2764029502868652,-2.542879343032837
1779958202715590700,42.18159057617188,1.1157454252243042,1.3092368841171265,-3.056464195251465
1779958202731915800,42.197915771484375,1.0068585872650146,1.0674870014190674,-3.760333776473999
1779958202748255200,42.21425512695313,0.7846564054489136,0.42271876335144043,-4.139528274536133
1779958202764593700,42.23059375,0.36972618103027344,-0.4889976382255554,-3.6277759075164795
1779958202780915000,42.2469150390625,0.20983220636844635,-0.8881980776786804,-3.0981557369232178
1779958202797247700,42.26324780273438,0.21853704750537872,-0.7341073155403137,-2.6807820796966553
1779958202813575000,42.279574951171874,0.39874228835105896,-0.6768386960029602,-2.377793073654175
1779958202829910800,42.29591088867188,0.6562219858169556,-0.593302845954895,-2.157270669937134
1779958202846243600,42.31224365234375,0.6963863968849182,-0.6275113224983215,-1.6108516454696655
1779958202862576400,42.32857641601562,0.5561928153038025,-0.2226603776216507,-0.8115344643592834
1779958202878907600,42.34490771484375,0.4625777006149292,0.17119498550891876,-0.1592831164598465
1779958202895240200,42.361240234375,0.3072652220726013,0.5212207436561584,0.3747658133506775
1779958202911589000,42.37758911132813,0.11789698898792267,0.880104124546051,0.9237809777259827
1779958202927917000,42.3939169921875,-0.055283304303884506,0.9992228150367737,1.4859297275543213
1779958202944251000,42.4102509765625,-0.2047925740480423,1.035416603088379,2.10168194770813
1779958202960581000,42.4265810546875,-0.3816380500793457,0.960280179977417,2.799595355987549
1779958202976928500,42.44292846679687,-0.4954117238521576,0.6748533844947815,3.416722059249878
1779958202993243600,42.45924365234375,-0.470671683549881,0.3223841190338135,3.7276525497436523
1779958203009595600,42.475595703125,-0.35674530267715454,-0.10277807712554932,3.7317757606506348
1779958203025904000,42.49190405273438,-0.31123584508895874,-0.4999932050704956,3.6894733905792236
1779958203042244400,42.508244384765625,-1.2179125547409058,-0.3937026560306549,3.754225015640259
1779958203058569200,42.5245693359375,-2.280359983444214,-0.4086688458919525,3.2288808822631836
1779958203074909400,42.540909423828126,-2.361146926879883,-0.4683809280395508,2.5300512313842773
1779958203091237400,42.5572373046875,-1.6398677825927734,-0.025961773470044136,2.4274258613586426
1779958203107569200,42.57356909179688,-1.454470157623291,0.3194825351238251,2.342057466506958
1779958203123899600,42.58989965820312,-1.6128369569778442,0.25503623485565186,0.5958990454673767
1779958203140204000,42.6062041015625,-1.102917194366455,-1.2348641157150269,-1.3968961238861084
1779958203156555000,42.62255493164062,-0.36972618103027344,-2.3797783851623535,-1.6123788356781006
1779958203172884000,42.63888403320313,0.5013676285743713,-0.9984592199325562,-0.6336199641227722
1779958203189214000,42.6552138671875,1.3180944919586182,1.6939293146133423,0.18127426505088806
1779958203205544200,42.67154418945312,1.8800904750823975,4.108221530914307,0.06261368840932846
1779958203221883600,42.687883544921874,1.6664403676986694,3.1390838623046875,-0.7577783465385437
1779958203238210800,42.7042109375,0.7000515460968018,-4.524526119232178,0.251218318939209
1779958203254557700,42.7205576171875,-0.7487680912017822,-4.353636741638184,2.2937989234924316
1779958203270877200,42.73687719726563,-1.4034628868103027,0.09040805697441101,0.6502660512924194
1779958203287207700,42.753207763671874,-0.30741792917251587,2.0561723709106445,-2.284025192260742
1779958203303540200,42.76954028320313,0.47021353244781494,3.1509957313537598,-2.0302107334136963
1779958203319860200,42.785860107421875,0.49556443095207214,2.725222587585449,-0.9337075352668762
1779958203336204300,42.802204345703124,0.24908030033111572,1.1050552129745483,0.02428189292550087
1779958203352525000,42.818525146484376,-0.06551529467105865,-0.3677408695220947,0.7118107080459595
1779958203368869600,42.83486962890625,-0.3142901659011841,-1.1808024644851685,1.0925325155258179
1779958203385194000,42.85119409179688,-0.36392298340797424,-0.7654141783714294,1.3799445629119873
1779958203401536800,42.86753686523438,-0.2269364446401596,0.24694228172302246,1.4621059894561768
1779958203417866800,42.88386669921875,-0.1371392458677292,-0.35674530267715454,1.58259916305542
1779958203434210000,42.9002099609375,0.12431107461452484,-2.5271494388580322,1.3278683423995972
1779958203450541300,42.91654125976562,0.5978843569755554,-1.3829989433288574,0.3303253948688507
1779958203466874600,42.93287451171875,0.7567093372344971,1.5534303188323975,-0.8597928285598755
1779958203483196700,42.94919677734375,0.9648616313934326,2.62717866897583,-1.4599679708480835
1779958203499521500,42.965521484375,1.0723739862442017,2.515084981918335,-1.6800321340560913
1779958203515849500,42.981849365234375,0.9793696999549866,1.4436272382736206,-1.538464069366455
1779958203532206000,42.9982060546875,0.7310529947280884,0.41828998923301697,-1.3287845849990845
1779958203548532200,43.0145322265625,0.6444628238677979,0.25671613216400146,-1.4915802478790283
1779958203564850200,43.03085009765625,0.6160575747489929,0.8880453705787659,-2.094046115875244
1779958203581197000,43.04719702148437,0.5073235630989075,1.2286027669906616,-2.850297212600708
1779958203597512400,43.063512451171874,0.5360342264175415,0.6304129362106323,-3.5184311866760254
1779958203613868000,43.079867919921874,0.7588473558425903,-0.41691553592681885,-4.4067816734313965
1779958203630193700,43.09619360351562,0.6762278079986572,-0.8885034918785095,-4.655556678771973
1779958203646508800,43.1125087890625,0.5787948369979858,-0.5752823352813721,-3.618460178375244
1779958203662849800,43.128849853515625,0.48029279708862305,-0.10751228034496307,-2.5358543395996094
1779958203679175400,43.145175537109374,0.2050980031490326,-0.11789698898792267,-2.33365797996521
1779958203695504600,43.16150463867187,0.16462817788124084,-0.6995934247970581,-2.4831671714782715
1779958203711847200,43.17784716796875,0.09392052888870239,-0.9396634697914124,-2.1865921020507812
1779958203728172300,43.19417236328125,-0.20876319706439972,-0.5352706909179688,-1.0538952350616455
1779958203744518100,43.21051806640625,-0.26343563199043274,-0.10293079167604446,0.1137736514210701
1779958203760838000,43.226837890625,-0.23258693516254425,-0.023060163483023643,0.8765916228294373
1779958203777169000,43.2431689453125,-0.30375275015830994,0.21700987219810486,1.4590516090393066
1779958203793501400,43.25950146484375,-0.4398229718208313,0.5393940210342407,1.9810359477996826
1779958203809819000,43.27581884765625,-0.4531092941761017,0.6495024561882019,2.6254987716674805
1779958203826161700,43.29216162109375,-0.3978259861469269,0.40072759985923767,3.2226195335388184
1779958203842499800,43.30849975585937,-0.3831652104854584,-0.07422012835741043,3.592345714569092
1779958203858829000,43.3248291015625,-0.47021353244781494,-0.24938572943210602,3.5527923107147217
1779958203875160300,43.34116040039063,-0.5505422949790955,-0.052839845418930054,3.4906368255615234
1779958203891492600,43.35749267578125,-1.1252137422561646,0.028557950630784035,3.662900686264038
1779958203907823000,43.373822998046876,-1.9289597272872925,0.22708915174007416,3.670841932296753
1779958203924157400,43.39015747070312,-1.8904752731323242,0.45524731278419495,3.4177911281585693
1779958203940504300,43.40650439453125,-1.1212431192398071,-0.006261368747800589,2.743548631668091
1779958203956816600,43.42281665039062,-0.892779529094696,-0.8886561989784241,1.7860172986984253
1779958203973153000,43.43915307617188,-0.6805039048194885,-1.2128729820251465,0.7683157324790955
1779958203989472500,43.45547241210937,-0.23548854887485504,-0.6907358765602112,-0.13408492505550385
1779958204005816000,43.47181616210938,0.03191770985722542,0.01191187184303999,-0.6459900140762329
1779958204022149000,43.488149169921876,0.05650503560900688,0.37751471996307373,-0.6214026808738708
1779958204038479400,43.50447924804688,-0.005039638374000788,0.4056145250797272,-0.7139487266540527
1779958204054830600,43.52083056640625,0.0910189226269722,0.461355984210968,-1.036943793296814
1779958204071156200,43.53715625,0.3367394804954529,1.3326025009155273,-1.147204875946045
1779958204087491600,43.55349169921875,0.3058907687664032,1.834122896194458,-0.9337075352668762
1779958204103822300,43.569822265625,0.0988074541091919,0.6101016402244568,-0.024129176512360573
1779958204120154000,43.58615405273437,-0.3700316250324249,-1.5887078046798706,1.4465289115905762
1779958204136466000,43.6024658203125,-0.8153523802757263,-1.6562083959579468,1.923767328262329
1779958204152808000,43.61880786132812,-0.8831584453582764,0.36621370911598206,-0.6026185750961304
1779958204169135400,43.63513525390625,-0.16737708449363708,3.0831897258758545,-2.0916025638580322
1779958204185469400,43.651469482421874,0.6646214127540588,4.160144805908203,-1.0464121103286743
1779958204201800700,43.66780078125,0.7915286421775818,2.936429262161255,-0.24342979490756989
1779958204218131700,43.68413159179688,0.46150869131088257,0.879187822341919,0.29245173931121826
1779958204234478000,43.70047802734375,0.13271047174930573,-0.7344127297401428,0.7783950567245483
1779958204250798000,43.716798095703126,0.25045475363731384,-1.1447614431381226,0.8706356883049011
1779958204267128800,43.73312890625,0.8187121152877808,-0.6236934065818787,1.0160216093063354
1779958204283460900,43.7494609375,0.9906707406044006,0.1843285858631134,0.44364088773727417
1779958204299800300,43.76580029296875,0.7243334650993347,1.9162843227386475,-0.1774563491344452
1779958204316125400,43.78212548828125,0.6404922008514404,1.7408132553100586,-0.2272418737411499
1779958204332460500,43.79846044921875,0.6336199641227722,1.4037683010101318,-0.3066543638706207
1779958204348783900,43.81478393554688,0.6632469296455383,1.5969544649124146,-0.5012149214744568
1779958204365120800,43.83112084960938,0.6377432942390442,1.4265230894088745,-0.598647952079773
1779958204381454000,43.8474541015625,0.5958990454673767,0.849255383014679,-0.6754642724990845
1779958204397784600,43.86378466796875,0.5595525503158569,0.850782573223114,-0.7704538106918335
1779958204414116600,43.88011669921875,0.44425174593925476,1.1239920854568481,-1.031598687171936
1779958204430466000,43.89646606445312,0.34804046154022217,0.9445503950119019,-1.5328136682510376
1779958204446793700,43.91279370117188,0.41691553592681885,-0.048258353024721146,-2.1702516078948975
1779958204463142400,43.92914233398437,0.5635231733322144,-0.4011857509613037,-3.397479772567749
1779958204479424000,43.945424072265624,0.7092145681381226,-0.4456261992454529,-4.7305402755737305
1779958204495786200,43.9617861328125,0.6007859706878662,-1.3115277290344238,-4.639063358306885
1779958204512125400,43.97812548828125,0.6033821702003479,-1.348484992980957,-3.8142426013946533
1779958204528453000,43.994453125,0.6104071140289307,-0.8985827565193176,-3.232851505279541
1779958204544787500,44.010787353515624,0.31230485439300537,-0.675006091594696,-2.6897923946380615
1779958204561098000,44.02709790039062,0.08048149943351746,-0.4378376603126526,-1.9781343936920166
1779958204577438000,44.04343798828125,0.3517056703567505,-0.570853590965271,-1.3209960460662842
1779958204593768400,44.0597685546875,0.451582133769989,-0.3790418803691864,-0.7738135457038879
1779958204610100200,44.076100341796874,0.28496864438056946,-0.1699732542037964,-0.22250767052173615
1779958204626435300,44.09243530273437,0.15027284622192383,-0.13790282607078552,0.4040873646736145
1779958204642764800,44.10876489257812,0.010079276748001575,0.022602014243602753,0.9104946255683899
1779958204659082500,44.12508251953125,-0.0936150997877121,0.05849034711718559,1.2455542087554932
1779958204675428600,44.1414287109375,-0.21838432550430298,0.2541199326515198,1.5534303188323975
1779958204691762400,44.15776245117188,-0.18219055235385895,0.7585419416427612,2.0445659160614014
1779958204708091600,44.174091552734374,-0.18478673696517944,0.8339837789535522,2.6988027095794678
1779958204724402200,44.19040209960937,-0.2828305959701538,0.5424483418464661,3.2372803688049316
1779958204740757800,44.2067578125,-0.3263547718524933,0.12919799983501434,3.4736852645874023
1779958204757088500,44.22308862304688,-0.4011857509613037,-0.1921171247959137,3.5665366649627686
1779958204773422300,44.23942236328125,-0.9153815507888794,0.33460143208503723,3.9536726474761963
1779958204789740000,44.255739990234375,-1.7266106605529785,1.0374019145965576,4.010635852813721
1779958204806082300,44.27208227539062,-1.8755090236663818,1.0199922323226929,3.160769462585449
1779958204822427400,44.288427490234376,-1.465771198272705,1.0024298429489136,2.0865628719329834
1779958204838741200,44.3047412109375,-1.1271990537643433,1.028544306755066,1.6297885179519653
1779958204855080700,44.321080810546874,-1.0074695348739624,0.8013024926185608,1.683544635772705
1779958204871413200,44.33741333007813,-0.7968736886978149,0.5384777188301086,1.5613715648651123
1779958204887745300,44.35374536132812,-0.5951354503631592,0.6976081132888794,0.7452555894851685
1779958204904077600,44.37007763671875,-0.49128836393356323,0.7391469478607178,-0.13927727937698364
1779958204920408300,44.386408203125,-0.15347988903522491,0.3917173445224762,-0.5523748993873596
1779958204936757800,44.4027578125,0.3675881624221802,0.303600013256073,-0.9288206100463867
1779958204953088000,44.419087890625,0.584139883518219,1.1296426057815552,-1.3726142644882202
1779958204969412600,44.43541259765625,0.5170974135398865,2.1109976768493652,-1.1658363342285156
1779958204985752300,44.45175244140625,0.5647448897361755,2.7458393573760986,-0.4014911949634552
1779958205002088700,44.468088623046874,0.192422553896904,2.520582675933838,0.4265366494655609
1779958205018412300,44.48441235351562,-0.2747366428375244,0.5728389024734497,0.9454666972160339
1779958205034748200,44.500748046875,-0.5896376967430115,0.6928738951683044,-0.30146199464797974
1779958205051080400,44.51708056640625,-0.5940664410591125,3.380681037902832,-0.5656611919403076
1779958205067410400,44.53341040039062,-0.36331209540367126,3.190396547317505,0.45921793580055237
1779958205083739400,44.54973950195313,-0.35033121705055237,0.7235698699951172,1.1311696767807007
1779958205100050000,44.5660498046875,-0.22296582162380219,-0.06398813426494598,1.191950798034668
1779958205116394000,44.58239404296875,0.342695415019989,0.8174903988838196,0.6615670323371887
1779958205132720000,44.59872021484375,0.8147414922714233,1.670716404914856,-0.10812314599752426
1779958205149060400,44.61506030273438,0.8194757103919983,1.9650007486343384,-0.2742784917354584
1779958205165386800,44.63138671875,0.7834346890449524,1.3713924884796143,-0.14492778480052948
1779958205181724200,44.64772412109375,0.6892086863517761,0.821461021900177,-0.01160643994808197
1779958205198052000,44.664052001953124,0.5164865851402283,1.1061242818832397,0.18936823308467865
1779958205214385400,44.680385498046874,0.34162637591362,1.556179165840149,0.1915062516927719
1779958205230718000,44.69671801757813,0.1992947906255722,1.686446189880371,0.036041051149368286
1779958205247049200,44.71304931640625,0.03436116874217987,1.5845844745635986,-0.2525927722454071
1779958205263381000,44.72938110351563,-0.022143865004181862,1.1659890413284302,-0.5960517525672913
1779958205279703300,44.74570336914063,-0.012522737495601177,0.8448266386985779,-0.6902777552604675
1779958205296045800,44.7620458984375,0.018325956538319588,1.4268285036087036,-0.4161519408226013
1779958205312374000,44.7783740234375,0.08460483700037003,2.096794843673706,-0.3162754774093628
1779958205328696300,44.7946962890625,0.1820378452539444,1.8333593606948853,-0.7202101349830627
1779958205345031400,44.81103149414062,0.3888157308101654,1.1256719827651978,-1.2626584768295288
1779958205361374700,44.827374755859374,0.6201809644699097,0.8228355050086975,-1.7382169961929321
1779958205377705500,44.84370556640625,0.7389942407608032,1.094365119934082,-2.2537872791290283
1779958205394036700,44.86003662109375,0.7548767328262329,1.5057828426361084,-2.4362833499908447
1779958205410368500,44.87636840820313,0.6765332818031311,1.6765196323394775,-2.238668441772461
1779958205426705700,44.89270556640625,0.375071257352829,1.7594445943832397,-1.9055941104888916
1779958205443045600,44.909045654296875,-0.009162978269159794,1.3211487531661987,-1.6953037977218628
1779958205459363300,44.92536328125,-0.011301007121801376,0.36789360642433167,-1.977676272392273
1779958205475702000,44.94170190429688,0.06398813426494598,-0.6850853562355042,-2.2594377994537354
1779958205492051700,44.9580517578125,0.3220787048339844,-0.8921687006950378,-1.8313740491867065
1779958205508373200,44.974373291015624,0.49144110083580017,-0.41920626163482666,-1.2536481618881226
1779958205524703500,44.990703369140626,0.7605272531509399,0.2116648107767105,-1.20859694480896
1779958205541042200,45.007042236328125,0.8568912148475647,0.33017265796661377,-1.3115277290344238
1779958205557362200,45.02336206054687,0.7302893996238708,0.3901901841163635,-1.2832751274108887
1779958205573707500,45.03970751953125,0.6185010671615601,0.7066183686256409,-1.0764973163604736
1779958205590025700,45.056025634765625,0.7640396952629089,0.7338019013404846,-0.8813258409500122
1779958205606370800,45.07237084960938,0.9286679029464722,0.3196352422237396,-0.7834346890449524
1779958205622683100,45.08868310546875,1.1391109228134155,-0.3075706362724304,-0.7263187766075134
1779958205639016000,45.10501586914062,1.288162112236023,-0.7258606553077698,-0.547182559967041
1779958205655351800,45.121351806640625,1.3709343671798706,-0.8008443117141724,-0.22968533635139465
1779958205671679200,45.13767919921875,1.4136948585510254,-0.6563746929168701,0.10659598559141159
1779958205688015000,45.15401513671875,1.2935070991516113,-0.3576616048812866,0.41233405470848083
1779958205704332300,45.17033227539063,1.0823005437850952,0.12095131725072861,0.741284966468811
1779958205720673000,45.18667309570313,0.8345946669578552,0.47601673007011414,1.0714576244354248
1779958205737009400,45.203009521484375,0.6317873597145081,0.6875288486480713,1.3836097717285156
1779958205753342500,45.219342529296874,0.35185837745666504,0.9133962392807007,1.7023286819458008
1779958205769680000,45.235679931640625,0.06811147183179855,1.2192870378494263,1.9497292041778564
1779958205786002000,45.252001953125,-0.182648703455925,1.5323554277420044,2.0589213371276855
1779958205802347300,45.26834716796875,-0.2955060601234436,1.7470746040344238,1.9700404405593872
1779958205818687700,45.284687744140626,-0.30894508957862854,2.0315849781036377,1.6756033897399902
1779958205834997800,45.30099780273437,-0.204487144947052,2.048536539077759,0.9868528246879578
1779958205851334000,45.317333984375,-0.02321287989616394,1.4315626621246338,-0.11835514008998871
1779958205867660800,45.33366088867187,-0.00809396430850029,0.812298059463501,-0.37171149253845215
1779958205883995600,45.34999560546875,-0.098502017557621,0.9726501703262329,-0.16554448008537292
1779958205900333000,45.3663330078125,-0.17638733983039856,0.6666067242622375,0.011759156361222267
1779958205916661500,45.38266162109375,-0.1771509200334549,0.698066234588623,0.052381694316864014
1779958205933012700,45.3990126953125,0.06444628536701202,1.236391305923462,0.2762638032436371
1779958205949330000,45.41532983398437,0.6476698517799377,2.043191432952881,0.8327620625495911
1779958205965667000,45.4316669921875,1.476613998413086,2.499049663543701,1.1844676733016968
1779958205982011000,45.44801098632813,1.7605136632919312,2.2427916526794434,0.6963863968849182
1779958205998317800,45.46431787109375,1.182176947593689,2.2380576133728027,0.10506882518529892
1779958206014668500,45.48066845703125,0.6876815557479858,3.0670015811920166,0.047800205647945404
1779958206030998500,45.49699853515625,0.4538728892803192,4.0828704833984375,0.4080579876899719
1779958206047322600,45.51332250976562,0.11530081182718277,4.688238143920898,0.8170322775840759
1779958206063667700,45.529667724609375,-0.03375030308961868,4.506047248840332,1.303586483001709
1779958206079995400,45.545995361328124,0.012522737495601177,3.738342523574829,2.1032090187072754
1779958206096325600,45.56232568359375,0.05009094998240471,3.009580373764038,2.540588617324829
1779958206112625200,45.578625244140625,0.1537853181362152,2.465452194213867,2.048689365386963
1779958206128983300,45.5949833984375,0.09468411654233932,2.140777349472046,1.3309226036071777
1779958206145310200,45.611310302734374,-0.060475658625364304,2.395049810409546,1.0297660827636719
1779958206161642000,45.62764208984375,-0.20112738013267517,2.917492389678955,1.2147055864334106
1779958206177972200,45.64397216796875,-0.3920227587223053,3.5996761322021484,1.35535728931427
1779958206194305300,45.66030517578125,-0.46441030502319336,3.7975964546203613,1.1925616264343262
1779958206210639400,45.67663940429688,-0.4584543704986572,3.3519704341888428,0.8442157506942749
1779958206226971600,45.6929716796875,-0.3211624026298523,3.280040979385376,0.5853615999221802
1779958206243301600,45.709301513671875,-0.14966198801994324,2.981786012649536,0.5852088928222656
1779958206259611000,45.72561083984375,-0.03894266113638878,2.5981626510620117,0.6684392690658569
1779958206275968500,45.741968505859376,-0.07651086896657944,2.660928964614868,0.7550294399261475
1779958206292301300,45.75830126953125,-0.32039880752563477,2.849838972091675,0.5143485069274902
1779958206308644000,45.77464404296875,-0.3384193480014801,2.8408288955688477,0.025045474991202354
1779958206324969200,45.79096923828125,0.0734565481543541,2.573575258255005,-0.28680121898651123
1779958206341291500,45.80729150390625,0.2900082767009735,2.079232692718506,-0.32788193225860596
1779958206357625600,45.82362548828125,0.3430008292198181,1.3802499771118164,-0.26053401827812195
1779958206373960000,45.8399599609375,0.36621370911598206,1.1129964590072632,-0.16310101747512817
1779958206390294500,45.85629443359375,0.36529740691185,1.501812219619751,-0.1336267739534378
1779958206406622700,45.87262280273438,0.3449861407279968,1.589929461479187,-0.39553526043891907
1779958206422955300,45.88895532226562,0.5586362481117249,1.2376129627227783,-0.8072584271430969
1779958206439301400,45.90530126953125,0.782976508140564,1.5639677047729492,-0.9921978712081909
1779958206455629800,45.9216298828125,0.8090910315513611,2.2904391288757324,-0.9738719463348389
1779958206471963400,45.93796337890625,0.6143777370452881,2.6951375007629395,-0.8636107444763184
1779958206488280800,45.95428076171875,0.3865249752998352,2.1846067905426025,-0.6388123035430908
1779958206504630800,45.970630859375,0.2583959996700287,1.2518155574798584,-0.6172793507575989
1779958206520957000,45.98695703125,0.18127426505088806,1.1311696767807007,-0.8713992834091187
1779958206537292500,46.00329248046875,0.2886338233947754,1.1140655279159546,-1.0210613012313843
1779958206553624000,46.0196240234375,0.4625777006149292,0.8584184050559998,-0.9613491892814636
1779958206569934600,46.0359345703125,0.6038402915000916,0.6488916277885437,-0.8863654732704163
1779958206586291200,46.052291259765624,0.7041749358177185,0.5734497308731079,-0.898124635219574
1779958206602604000,46.06860400390625,0.6466008424758911,0.6801984310150146,-1.0757336616516113
1779958206618936800,46.08493676757813,0.49037206172943115,0.6893614530563354,-1.4763085842132568
1779958206635269400,46.101269287109375,0.4453207552433014,0.3917173445224762,-2.252565622329712
1779958206651602000,46.11760180664062,0.4421137273311615,-0.00366519158706069,-3.310584306716919
1779958206667934700,46.13393481445313,0.29367345571517944,-0.2168571650981903,-3.8757872581481934
1779958206684265500,46.15026538085937,0.14004085958003998,-0.009621127508580685,-3.47292160987854
1779958206700602600,46.1666025390625,-0.05619960278272629,0.479834645986557,-2.8011226654052734
1779958206716928500,46.182928466796874,-0.3689626157283783,1.1994339227676392,-2.398715019226074
1779958206733259500,46.19925952148437,-0.5213735103607178,1.046717643737793,-2.4210116863250732
1779958206749578800,46.215578857421875,-0.5934556126594543,0.546571671962738,-2.470797300338745
1779958206765924000,46.23192407226563,-0.5566509366035461,0.0835358202457428,-2.202322006225586
1779958206782257400,46.24825732421875,-0.46593746542930603,-0.27809640765190125,-1.8718438148498535
1779958206798607600,46.26460766601563,-0.24633140861988068,0.00427605677396059,-1.6499470472335815
1779958206814933500,46.28093359375,0.03420845419168472,0.3787364661693573,-1.3994922637939453
1779958206831249000,46.29724877929687,0.3701843321323395,0.3220787048339844,-1.1264355182647705
1779958206847586800,46.3135869140625,0.6747006773948669,0.03039054572582245,-0.8119926452636719
1779958206863917300,46.32991723632812,0.7221954464912415,-0.17012597620487213,-0.2799290120601654
1779958206880248600,46.34624853515625,0.5960517525672913,-0.23548854887485504,0.44654250144958496
1779958206896582000,46.36258178710938,0.5697845816612244,-0.22647829353809357,1.0806206464767456
1779958206912912600,46.37891259765625,0.6328563690185547,-0.16142113506793976,1.5549575090408325
1779958206929249000,46.3952490234375,0.6954700946807861,-0.19898934662342072,1.9646953344345093
1779958206945590000,46.41159008789062,0.8023715019226074,-0.3355177342891693,2.2968533039093018
1779958206961923300,46.42792333984375,0.8926268219947815,-0.4535674452781677,2.556929111480713
1779958206978257200,46.444257080078124,0.8958339095115662,-0.5529857873916626,2.733469247817993
1779958206994589000,46.4605888671875,0.7570147514343262,-0.8323038816452026,2.8154778480529785
1779958207010903600,46.476903564453124,0.27382034063339233,-1.2082914113998413,2.9491047859191895
1779958207027251500,46.49325146484375,-1.3547463417053223,-0.5141957998275757,3.7285687923431396
1779958207043584300,46.50958422851563,-2.7656924724578857,-0.07925976812839508,3.9046506881713867
1779958207059881500,46.525881591796875,-2.744464874267578,-0.20066922903060913,3.388774871826172
1779958207076251600,46.542251708984374,-1.9978348016738892,-0.5248859524726868,2.8649580478668213
1779958207092573200,46.5585732421875,-1.3836097717285156,-1.3063353300094604,2.102139949798584
1779958207108901000,46.57490112304688,-1.1365147829055786,-2.2317962646484375,0.17470745742321014
1779958207125229300,46.59122924804687,0.016035212203860283,-3.0443997383117676,-1.6514742374420166
1779958207141562600,46.60756274414062,1.4401148557662964,-0.6899722814559937,-1.1730140447616577
1779958207157895400,46.6238955078125,2.4767532348632812,2.6787967681884766,-0.6508769392967224
1779958207174223000,46.64022314453125,2.9184086322784424,3.718336820602417,-1.0102183818817139
1779958207190559500,46.6565595703125,1.451874017715454,-1.652695894241333,-1.5022703409194946
1779958207206888000,46.672887939453126,1.0340421199798584,-3.8565449714660645,-0.16951510310173035
1779958207223225000,46.68922509765625,0.12568552792072296,1.903608798980713,1.8414533138275146
1779958207239552800,46.705552734375,-0.9531024694442749,4.846604824066162,0.9902125597000122
1779958207255886600,46.72188647460938,-0.3222314119338989,2.674368143081665,0.15424346923828125
1779958207272221400,46.738221435546876,0.02687807008624077,0.19562959671020508,0.28817567229270935
1779958207288561700,46.754561767578124,0.12721268832683563,-1.182482361793518,0.01725694350898266
1779958207304894200,46.77089428710938,0.2929098904132843,-1.7188221216201782,-0.24434609711170197
1779958207321227500,46.7872275390625,0.24327708780765533,-1.7079792022705078,-0.152105450630188
1779958207337527600,46.80352758789063,0.13454307615756989,-1.228297233581543,0.156686931848526
1779958207353880300,46.81988037109375,0.3199406862258911,-0.5296201705932617,0.42730024456977844
1779958207370209300,46.83620922851563,0.5929974317550659,0.5300782918930054,0.19333885610103607
1779958207386543000,46.85254321289062,0.46853363513946533,1.3953689336776733,-0.08139779418706894
1779958207402874400,46.86887426757813,0.2961169183254242,0.9790642857551575,-0.3197879493236542
1779958207419204000,46.8852041015625,0.37491855025291443,0.9830349087715149,-0.726471483707428
1779958207435535600,46.90153564453125,0.4943426847457886,1.3426817655563354,-0.9408851861953735
1779958207451889400,46.91788940429687,0.7806857824325562,1.5749633312225342,-1.1427761316299438
1779958207468216600,46.93421655273438,0.8787296414375305,1.863139033317566,-1.713935136795044
1779958207484547800,46.9505478515625,0.8364272117614746,2.2206478118896484,-2.7143797874450684
1779958207500856300,46.96685620117187,0.6866125464439392,2.0175352096557617,-3.70489764213562
1779958207517220000,46.98322021484375,0.5972734689712524,0.8008443117141724,-4.543615818023682
1779958207533544700,46.99954467773438,0.5597052574157715,-0.08292495459318161,-4.6663994789123535
1779958207549859000,47.015859130859376,0.40851613879203796,0.11301007121801376,-3.726430654525757
1779958207566208000,47.0322080078125,0.13530665636062622,-0.13698652386665344,-2.4833199977874756
1779958207582540500,47.04854052734375,-0.041233405470848083,0.08475755155086517,-1.8694003820419312
1779958207598855400,47.06485546875,0.43478333950042725,-0.37522396445274353,-2.073887586593628
1779958207615190300,47.08119018554687,0.827722430229187,-0.9240863919258118,-2.169182538986206
1779958207631523000,47.09752319335937,0.5193881988525391,-0.6215553879737854,-1.4665347337722778
1779958207647854000,47.11385400390625,0.29184088110923767,-0.33796119689941406,-0.48716503381729126
1779958207664200700,47.13020068359375,0.1518000066280365,-0.4158465266227722,0.34758231043815613
1779958207680517400,47.14651733398438,-0.004734205547720194,-0.204487144947052,1.0793988704681396
1779958207696829200,47.1628291015625,-0.2681698501110077,0.01160643994808197,1.7666223049163818
1779958207713183700,47.179183837890626,-0.46471574902534485,0.31932979822158813,2.4996604919433594
1779958207729508900,47.1955087890625,-0.5247332453727722,0.6096435189247131,3.257897138595581
1779958207745847300,47.21184741210938,-0.736245334148407,0.5007568001747131,3.919769525527954
1779958207762185200,47.228185302734374,-1.158811330795288,-0.06185010448098183,4.291328430175781
1779958207778523100,47.24452319335938,-1.482569932937622,-1.0997101068496704,4.010788440704346
1779958207794859000,47.26085888671875,-1.704466700553894,-2.046856641769409,3.1751248836517334
1779958207811176000,47.277176025390624,-1.952783465385437,-1.9333884716033936,2.551736831665039
1779958207827520000,47.29352001953125,-2.3803892135620117,-0.7449501752853394,2.5776987075805664
1779958207843838500,47.30983837890625,-2.504242181777954,0.26832255721092224,2.847701072692871
1779958207860169500,47.32616943359375,-2.3072381019592285,0.4665483236312866,2.6974282264709473
1779958207876490800,47.34249072265625,-1.7661641836166382,0.1270599663257599,2.4559836387634277
1779958207892834600,47.35883447265625,-1.3451253175735474,-0.076052725315094,2.001194477081299
1779958207909161500,47.37516137695312,-0.7425066828727722,-0.7067710757255554,0.8074111342430115
1779958207925500400,47.39150048828125,0.04612032696604729,-2.649475336074829,-0.77472984790802
1779958207941848300,47.40784838867187,0.8072584271430969,-4.195880889892578,-1.2060006856918335
1779958207958170400,47.42417041015625,1.4497359991073608,-2.108248710632324,-0.8594874143600464
1779958207974512600,47.4405126953125,0.9118691086769104,2.975524663925171,-0.9167560338973999
1779958207990840000,47.456840087890626,0.6861543655395508,6.286719799041748,-1.0004445314407349
1779958208007172000,47.47317211914063,0.399200439453125,4.898528575897217,-0.8584184050559998
1779958208023505400,47.48950537109375,-0.027947084978222847,-2.9710958003997803,1.0216721296310425
1779958208039822600,47.50582250976562,-0.38606682419776917,-2.847242832183838,1.741729497909546
1779958208056166000,47.522165771484374,-0.8275696635246277,0.9976956844329834,0.051312681287527084
1779958208072499200,47.538499267578125,-0.2742784917354584,2.202169179916382,-1.6771305799484253
1779958208088813600,47.5548134765625,0.28527405858039856,1.5363260507583618,-0.8478809595108032
1779958208105151700,47.57115185546875,0.3972151279449463,1.0004445314407349,0.3488040566444397
1779958208121481200,47.587481201171876,0.2874121069908142,0.498924195766449,0.8837692737579346
1779958208137817600,47.60381762695312,0.1693623960018158,-0.13316862285137177,0.9882272481918335
1779958208154146600,47.620146484375,0.21578814089298248,-0.6647741198539734,1.0134254693984985
1779958208170480400,47.63648046875,0.48197266459465027,-0.6721044778823853,0.8092437386512756
1779958208186811000,47.652810791015625,0.4334088861942291,0.3920227587223053,0.3698789179325104
1779958208203142700,47.669142578125,0.3170390725135803,0.9523389339447021,-0.10277807712554932
1779958208219461600,47.68546166992188,0.4378376603126526,0.7035640478134155,-0.45631635189056396
1779958208235808000,47.70180810546875,0.5502368807792664,0.6233879923820496,-0.5881105065345764
1779958208252129300,47.71812939453125,0.6079636216163635,0.8002334833145142,-0.613461434841156
1779958208268483000,47.734483154296875,0.6340781450271606,0.912327229976654,-0.5132794976234436
1779958208284816000,47.75081591796875,0.5580254197120667,0.889267086982727,-0.4103487432003021
1779958208301129200,47.76712915039062,0.4781547784805298,1.0751228332519531,-0.6311765313148499
1779958208317480200,47.78348022460938,0.23716843128204346,1.1036807298660278,-0.983951210975647
1779958208333796900,47.799796875,0.0936150997877121,0.9014843702316284,-1.4967725276947021
1779958208350125800,47.816125732421874,0.2496911734342575,0.5517640113830566,-2.2957842350006104
1779958208366464000,47.83246411132812,0.3904955983161926,0.12950342893600464,-3.1975741386413574
1779958208382794500,47.84879443359375,0.7052439451217651,-0.2525927722454071,-4.1552581787109375
1779958208399125800,47.86512573242187,1.0853548049926758,-0.50335294008255,-4.583322048187256
1779958208415458600,47.88145849609375,1.1601858139038086,-0.8249735236167908,-4.211915969848633
1779958208431792400,47.89779248046875,1.0143417119979858,-0.7631233930587769,-3.3092098236083984
1779958208448138000,47.91413793945313,0.7423539757728577,0.1644754707813263,-2.605034828186035
1779958208464468700,47.93046875,0.48548516631126404,0.16172657907009125,-2.0786216259002686
1779958208480799200,47.94679931640625,0.5230533480644226,-0.551916778087616,-1.8449658155441284
1779958208497112800,47.96311279296875,0.7111998796463013,-1.070694088935852,-1.6607898473739624
1779958208513439000,47.97943896484375,0.46379944682121277,-0.48640143871307373,-0.9608910083770752
1779958208529770000,47.99577001953125,0.24266621470451355,0.2444988191127777,-0.02428189292550087
1779958208546118000,48.01211791992188,0.1699732542037964,0.479834645986557,0.6885978579521179
1779958208562448400,48.028448486328124,0.028099801391363144,0.5710062980651855,1.19607412815094
1779958208578778400,48.0447783203125,-0.15012013912200928,0.6136141419410706,1.6821701526641846
1779958208595110400,48.0611103515625,-0.3510948121547699,0.6299547553062439,2.2594377994537354
1779958208611443500,48.077443359375,-0.4541783034801483,0.5946773290634155,2.9639182090759277
1779958208627778300,48.0937783203125,-0.45891252160072327,0.5809328556060791,3.7566685676574707
1779958208644106200,48.110106201171874,-0.46532660722732544,0.6953173875808716,4.497189998626709
1779958208660449500,48.126449462890626,-0.7432702779769897,1.0523680448532104,5.013065814971924
1779958208676771600,48.142771484375,-1.5279266834259033,0.5714644193649292,4.629594802856445
1779958208693103900,48.15910375976563,-1.9088011980056763,-0.5810855627059937,3.271641492843628
1779958208709439000,48.17543896484375,-1.8542814254760742,-0.3891211748123169,2.0836613178253174
1779958208725766700,48.1917666015625,-1.4567608833312988,1.1381946802139282,1.8040378093719482
1779958208742103000,48.20810302734375,-0.88361656665802,1.7544050216674805,2.2204952239990234
1779958208758443800,48.22444384765625,-0.7898487448692322,0.7240280508995056,2.26432466506958
1779958208774777300,48.24077734375,-0.6939429044723511,-0.44135013222694397,1.439351201057434
1779958208791108000,48.25710815429687,-0.6180428862571716,-0.8790351152420044,0.21365012228488922
1779958208807432200,48.27343212890625,-0.2054034322500229,-0.9935722947120667,-0.6742424964904785
1779958208823774500,48.2897744140625,0.6837109327316284,-1.145830512046814,-0.827722430229187
1779958208840080600,48.30608056640625,1.2275336980819702,0.4836525619029999,-1.1788171529769897
1779958208856425200,48.32242529296875,0.8993463516235352,3.0022499561309814,-1.6661349534988403
1779958208872754000,48.33875390625,0.2860376536846161,3.7867536544799805,-0.817337691783905
1779958208889086700,48.355086669921874,-0.06918048858642578,2.3209824562072754,1.4674509763717651
1779958208905421300,48.37142138671875,-0.19303341209888458,1.8512271642684937,3.0219504833221436
1779958208921749800,48.387749755859375,-0.36560285091400146,1.2377656698226929,1.4466816186904907
1779958208938085400,48.40408544921875,-0.2840523421764374,1.282511591911316,-1.7217236757278442
1779958208954429400,48.420429443359374,0.14584407210350037,1.2605204582214355,-1.6074918508529663
1779958208970760200,48.43676025390625,0.08307767659425735,0.5561928153038025,-0.6502660512924194
1779958208987106300,48.45310620117188,-0.04963280260562897,0.1388191282749176,0.19013181328773499
1779958209003425500,48.46942553710937,-0.06215553730726242,-0.016493361443281174,0.7507534027099609
1779958209019750700,48.48575073242188,0.2632829248905182,0.26313021779060364,1.004873275756836
1779958209036105000,48.50210498046875,0.5085453391075134,1.531439185142517,1.0468703508377075
1779958209052412700,48.51841259765625,0.2154827117919922,2.4274258613586426,0.840397834777832
1779958209068755200,48.53475512695312,0.13347405195236206,2.1875083446502686,0.23900102078914642
1779958209085072000,48.55107177734375,0.29886582493782043,1.6194037199020386,-0.43218716979026794
1779958209101391400,48.567391357421876,0.5119050741195679,1.9448422193527222,-0.6583600044250488
1779958209117735400,48.5837353515625,0.6444628238677979,2.2255349159240723,-0.7719809412956238
1779958209134067200,48.600067138671875,0.6235406994819641,1.8990273475646973,-0.7043276429176331
1779958209150407400,48.61640747070312,0.5221370458602905,1.335504174232483,-0.4196644127368927
1779958209166731500,48.6327314453125,0.48517972230911255,1.1084150075912476,-0.3530801236629486
1779958209183063800,48.649063720703126,0.3423899710178375,1.1033753156661987,-0.640644907951355
1779958209199394300,48.66539428710937,0.2767219543457031,1.1545352935791016,-1.1157454252243042
1779958209215728400,48.681728271484374,0.39064833521842957,0.7736608386039734,-1.6326900720596313
1779958209232063200,48.69806323242187,0.6982190012931824,0.26771169900894165,-2.305863618850708
1779958209248403200,48.7144033203125,0.9095783233642578,-0.17989981174468994,-3.0779972076416016
1779958209264718800,48.73071875,1.1383473873138428,-0.24816401302814484,-3.70489764213562
1779958209281075500,48.74707543945313,1.2858713865280151,0.5251913666725159,-3.6218199729919434
1779958209297401300,48.7634013671875,1.114981770515442,1.2151637077331543,-2.7210991382598877
1779958209313755400,48.77975537109375,0.8495608568191528,1.1864529848098755,-2.1841487884521484
1779958209330066200,48.796066162109376,0.7677049040794373,0.7353290319442749,-2.024407386779785
1779958209346383600,48.81238354492187,0.6640105247497559,-0.12690725922584534,-1.8159496784210205
1779958209362710500,48.82871044921875,0.47708576917648315,-0.851393461227417,-1.6064229011535645
1779958209379049700,48.8450498046875,0.19165897369384766,-0.6612616181373596,-1.256244421005249
1779958209395376600,48.86137670898437,0.18616119027137756,-0.2528982162475586,-0.7820602059364319
1779958209411716000,48.877716064453125,0.1267545372247696,-0.09483683109283447,-0.4694499373435974
1779958209428042500,48.89404248046875,0.1033889427781105,-0.10980302840471268,-0.28619036078453064
1779958209444390000,48.910389892578124,0.21151208877563477,0.21334469318389893,0.027183502912521362
1779958209460721000,48.92672094726562,0.23686300218105316,0.4005748927593231,0.48945578932762146
1779958209477054200,48.94305419921875,0.24327708780765533,0.665232241153717,0.9408851861953735
1779958209493386200,48.95938623046875,0.22281309962272644,0.6814202070236206,1.267698049545288
1779958209509700000,48.9757001953125,0.15256360173225403,0.698677122592926,1.554804801940918
1779958209526047500,48.992047607421874,0.10567969083786011,0.7432702779769897,1.910786509513855
1779958209542382600,49.00838256835937,0.05696318298578262,0.8063421249389648,2.3678665161132812
1779958209558711600,49.02471166992188,-0.11621711403131485,0.9753990769386292,2.7461447715759277
1779958209575028500,49.04102856445313,-0.45326200127601624,1.4929546117782593,2.9723174571990967
1779958209591364900,49.05736474609375,-0.6588181853294373,2.4613287448883057,2.8399124145507812
1779958209607697200,49.073697265625,-0.6444628238677979,3.629608631134033,2.0279200077056885
1779958209624028000,49.09002783203125,-0.26603180170059204,3.042414426803589,0.3923282027244568
1779958209640359200,49.106359130859374,0.07498370856046677,0.9387471675872803,-0.774118959903717
1779958209656679400,49.122679443359374,-0.21823160350322723,-0.07376197725534439,-0.6183483600616455
1779958209673025500,49.13902563476562,-0.5349652171134949,-0.48380526900291443,0.32162055373191833
1779958209689351200,49.15535107421875,-0.6855435371398926,0.34086281061172485,1.3242031335830688
1779958209705688800,49.17168872070312,-0.3591887652873993,1.8791742324829102,1.9500346183776855
1779958209722027000,49.18802709960938,0.11545353382825851,3.0422616004943848,1.327257513999939
1779958209738354000,49.20435400390625,0.46792277693748474,1.718363881111145,0.04993823543190956
1779958209754698200,49.2206982421875,0.1817324161529541,0.8752171993255615,-0.08857546001672745
1779958209771028700,49.23702880859375,-0.007024950347840786,2.5306620597839355,0.5251913666725159
1779958209787362600,49.25336254882812,-0.15485434234142303,3.394425392150879,1.1259773969650269
1779958209803689000,49.26968896484375,-0.13271047174930573,2.45980167388916,1.5025757551193237
1779958209820023600,49.2860234375,-0.16310101747512817,1.3348932266235352,1.3570371866226196
1779958209836351500,49.3023515625,0.05513058975338936,1.6155858039855957,1.2450960874557495
1779958209852680000,49.318679931640624,0.2765692472457886,2.4911084175109863,1.2316570281982422
1779958209869008100,49.335008056640625,0.04642575979232788,2.7198774814605713,1.3359622955322266
1779958209885336300,49.35133642578125,-0.26404649019241333,2.180788993835449,1.2258538007736206
1779958209901679000,49.36767919921875,-0.43188172578811646,2.2345449924468994,0.7457137703895569
1779958209918001200,49.38400122070313,-0.2681698501110077,2.632523775100708,0.44196099042892456
1779958209934337500,49.400337646484374,-0.17150041460990906,2.718350410461426,0.4541783034801483
1779958209950685000,49.41668481445313,-0.20616702735424042,2.7398834228515625,0.5247332453727722
1779958209967014000,49.433013916015625,-0.24938572943210602,3.0416507720947266,0.645684540271759
1779958209983345400,49.449345458984375,-0.2906191349029541,3.464980363845825,0.626747727394104
1779958209999673600,49.465673583984376,-0.31093040108680725,3.5355353355407715,0.35292738676071167
1779958210015997200,49.4819970703125,-0.18295414745807648,3.2649219036102295,0.04764748737215996
1779958210032336600,49.498336669921876,-0.09422596544027328,2.970179557800293,-0.07284568250179291
1779958210048675600,49.514675537109376,-0.09010262042284012,2.719113826751709,0.007788531947880983
1779958210064989700,49.53098974609375,-0.09346238523721695,2.389552116394043,0.1823432743549347
1779958210081325000,49.54732495117187,-0.04092797264456749,2.107485055923462,0.30543261766433716
1779958210097644000,49.56364404296875,0.055741455405950546,2.031890630722046,0.22708915174007416
1779958210113975300,49.579975341796874,0.13790282607078552,2.00394344329834,0.156686931848526
1779958210130321000,49.59632080078125,0.04764748737215996,1.9170478582382202,0.22861631214618683
1779958210146653000,49.61265283203125,0.021838432177901268,1.71989107131958,0.19532416760921478
1779958210162985500,49.6289853515625,0.08888089656829834,1.7351627349853516,-0.04046982154250145
1779958210179315500,49.6453154296875,0.13515393435955048,1.8936822414398193,-0.24098633229732513
1779958210195646500,49.661646484375,0.0809396430850029,2.012190103530884,-0.3315471112728119
1779958210211993000,49.6779931640625,-0.06414084881544113,2.052201747894287,-0.40225476026535034
1779958210228324000,49.694323974609375,-0.21853704750537872,2.0308215618133545,-0.5135849714279175
1779958210244659500,49.710659423828126,-0.33047810196876526,1.7441730499267578,-0.6215553879737854
1779958210260990000,49.72698999023437,-0.5155702829360962,1.4268285036087036,-0.7704538106918335
1779958210277318400,49.743318359375,-0.5658139586448669,1.30496084690094,-1.1853840351104736
1779958210293658600,49.75965869140625,-0.40301835536956787,1.0932960510253906,-1.8787161111831665
1779958210309970400,49.775970458984375,-0.11911872029304504,0.7812966704368591,-2.6841418743133545
1779958210326305000,49.79230493164062,0.26542094349861145,0.4957171380519867,-3.489414930343628
1779958210342631000,49.808630859375,0.7834346890449524,0.13225232064723969,-4.000556468963623
1779958210358974500,49.824974365234375,1.5511395931243896,0.1293507218360901,-4.107763290405273
1779958210375300900,49.84130078125,2.1956024169921875,0.935998260974884,-3.8544070720672607
1779958210391634700,49.857634765625,2.4610233306884766,2.1839959621429443,-3.174361228942871
1779958210407964000,49.8739638671875,2.0790798664093018,2.6087000370025635,-2.3715314865112305
1779958210424308200,49.89030810546875,1.5968017578125,2.308154344558716,-1.7357735633850098
1779958210440628700,49.90662866210938,1.4558446407318115,1.1551461219787598,-1.5505287647247314
1779958210456978400,49.922978515625,1.344056248664856,0.6151412725448608,-1.793653130531311
1779958210473307400,49.93930737304687,1.0925325155258179,1.0879509449005127,-1.8573358058929443
1779958210489637400,49.955637451171874,0.932485818862915,1.2545645236968994,-1.359480619430542
1779958210505969000,49.971968994140624,0.9013316631317139,1.0810787677764893,-0.808174729347229
1779958210522302700,49.988302734375,0.8620835542678833,0.8596401214599609,-0.4983133375644684
1779958210538634200,50.00463427734375,0.7968736886978149,0.6298020482063293,-0.20876319706439972
1779958210554948600,50.02094848632812,0.6666067242622375,0.4017966091632843,0.20112738013267517
1779958210571286000,50.0372861328125,0.5354233980178833,0.11392636597156525,0.6585127115249634
1779958210587618600,50.05361865234375,0.4622722864151001,-0.10018189996480942,1.1163562536239624
1779958210603949000,50.069948974609375,0.38957929611206055,-0.13561208546161652,1.528690218925476
1779958210620280600,50.086280517578125,0.32910364866256714,-0.09911288321018219,1.8819230794906616
1779958210636613400,50.10261328125,0.206777885556221,0.026114489883184433,2.182926893234253
1779958210652945400,50.1189453125,-0.06811147183179855,0.5529857873916626,2.6309967041015625
1779958210669276400,50.1352763671875,-0.7006624341011047,1.3935363292694092,3.2366695404052734
1779958210685606700,50.151606689453125,-1.201724648475647,1.4037683010101318,3.179248094558716
1779958210701946600,50.16794653320313,-1.3515393733978271,0.39904773235321045,2.517986536026001
1779958210718286300,50.184286376953125,-1.3251193761825562,-0.6661485433578491,1.8681786060333252
1779958210734619400,50.20061938476562,-1.1914926767349243,-0.5700899958610535,1.3552045822143555
1779958210750950100,50.2169501953125,-1.074817419052124,0.5934556126594543,0.902553379535675
1779958210767284000,50.23328393554687,-0.935998260974884,1.1740829944610596,0.6038402915000916
1779958210783616500,50.249616455078126,-0.9837985038757324,1.0847439765930176,0.26542094349861145
1779958210799952600,50.26595263671875,-1.3138184547424316,0.988379955291748,0.043218716979026794
1779958210816279600,50.282279541015626,-1.6252069473266602,1.0682506561279297,-0.11927144229412079
1779958210832616200,50.2986162109375,-0.9923505783081055,0.5632177591323853,0.0029016099870204926
1779958210848926200,50.31492626953125,0.7657195925712585,-1.12506103515625,-0.5850561857223511
1779958210865261600,50.33126147460938,1.8738291263580322,-1.7258470058441162,-1.2953397035598755
1779958210881594000,50.347593994140624,1.7469218969345093,0.3926336467266083,-1.1238393783569336
1779958210897924600,50.36392456054688,0.7108944058418274,1.9230037927627563,0.32971450686454773
1779958210914258700,50.3802587890625,0.2541199326515198,1.922087550163269,1.0974193811416626
1779958210930594000,50.39659399414062,-0.0354301854968071,1.9564486742019653,0.06994406878948212
1779958210946941700,50.41294165039063,-0.029474247246980667,2.02120041847229,-1.2904528379440308
1779958210963273500,50.4292734375,0.06322455406188965,1.8771889209747314,-1.023352026939392
1779958210979595000,50.44559497070313,0.26022860407829285,0.22540926933288574,-0.12400564551353455
1779958210995930600,50.4619306640625,0.16539175808429718,-1.2919800281524658,1.0166324377059937
1779958211012262700,50.4782626953125,0.15286903083324432,-1.3100005388259888,1.4057536125183105
1779958211028593400,50.49459350585938,0.3654501438140869,-0.1765400618314743,0.8634580373764038
1779958211044909000,50.51090893554687,0.47082439064979553,0.6398813724517822,0.31184670329093933
1779958211061246700,50.527246826171876,0.2741257846355438,0.4980078935623169,0.16264286637306213
1779958211077578000,50.543577880859374,0.10430523753166199,-0.5120577812194824,-0.08002334833145142
1779958211093908700,50.55990869140625,0.3423899710178375,-0.630871057510376,-0.5294674634933472
1779958211110242300,50.5762421875,0.47189339995384216,0.048716504126787186,-0.8106181621551514
1779958211126574300,50.59257421875,0.6798930168151855,0.35185837745666504,-0.9097310900688171
1779958211142905000,50.60890502929688,0.9216429591178894,0.3727805018424988,-0.8072584271430969
1779958211159236900,50.62523681640625,0.8654433488845825,0.5720753073692322,-0.6606507897377014
1779958211175566800,50.64156689453125,0.6178901791572571,0.9124799370765686,-0.8617781400680542
1779958211191908600,50.65790869140625,0.5815436840057373,1.0998629331588745,-1.4666874408721924
1779958211208264400,50.67426440429688,0.6192646622657776,1.1415544748306274,-2.076789140701294
1779958211224581400,50.69058129882813,0.5972734689712524,1.047023057937622,-2.5341744422912598
1779958211240920000,50.70692016601563,0.7124215960502625,0.6940956115722656,-3.1051807403564453
1779958211257244000,50.72324389648438,0.7782423496246338,0.36819902062416077,-3.8823540210723877
1779958211273577200,50.7395771484375,0.6557638645172119,0.025961773470044136,-4.061184883117676
1779958211289885200,50.75588525390625,0.6230825781822205,-0.6282749176025391,-3.3562464714050293
1779958211306232300,50.772232421875,0.49877145886421204,-0.6591235995292664,-2.6149613857269287
1779958211322557000,50.788556884765626,0.22098049521446228,-0.9057604670524597,-2.1783454418182373
1779958211338891500,50.8048916015625,0.30283644795417786,-1.3655892610549927,-2.1195497512817383
1779958211355222300,50.82122216796875,0.4430300295352936,-0.7564038634300232,-1.7130188941955566
1779958211371556400,50.83755639648437,0.3969096839427948,-0.03741549700498581,-0.8772025108337402
1779958211387886000,50.85388598632812,0.47907108068466187,0.30634891986846924,-0.24465152621269226
1779958211404218400,50.87021826171875,0.3396410644054413,0.13668109476566315,0.256868839263916
1779958211420580400,50.88658032226562,0.011759156361222267,-0.05375614017248154,0.8074111342430115
1779958211436883200,50.90288330078125,-0.33475416898727417,-0.19349156320095062,1.4776830673217773
1779958211453228000,50.91922802734375,-0.6511823534965515,-0.19608774781227112,2.2823452949523926
1779958211469544700,50.93554467773438,-0.7591527700424194,0.0907134860754013,3.0590603351593018
1779958211485873200,50.951873046875,-0.6195700764656067,0.2819143235683441,3.5862371921539307
1779958211502203400,50.968203369140625,-0.5603161454200745,0.02626720629632473,3.768885850906372
1779958211518541600,50.98454150390625,-0.7363980412483215,-0.45982882380485535,3.6337318420410156
1779958211534874400,51.000874267578126,-1.4868459701538086,-0.793361246585846,3.2626311779022217
1779958211551207000,51.01720703125,-2.0054705142974854,-0.7020368576049805,2.570673704147339
1779958211567540000,51.0335400390625,-2.049147367477417,0.16050484776496887,2.33060359954834
1779958211583869400,51.04986938476563,-1.7426458597183228,0.5396994352340698,2.6725354194641113
1779958211600202200,51.0662021484375,-1.4943290948867798,-0.02321287989616394,2.8596129417419434
1779958211616535300,51.082535400390626,-1.442100167274475,-0.9161451458930969,2.6453518867492676
1779958211632866800,51.09886669921875,-1.3706289529800415,-1.5063936710357666,2.3269383907318115
1779958211649197800,51.11519775390625,-0.36422839760780334,-3.115870952606201,0.8674286603927612
1779958211665531000,51.13153076171875,0.6687447428703308,-2.3693935871124268,-0.6362161636352539
1779958211681866500,51.14786645507812,0.8587238192558289,-0.38499781489372253,-0.8275696635246277
1779958211698203100,51.164203125,1.0074695348739624,0.23075434565544128,-1.1749993562698364
1779958211714514400,51.18051440429687,1.0827586650848389,0.8964447379112244,-1.5386168956756592
1779958211730846500,51.196846435546874,0.9321803450584412,2.5726590156555176,-2.090533494949341
1779958211747194000,51.21319409179687,0.6795876026153564,4.5208611488342285,-2.436588764190674
1779958211763524900,51.22952490234375,-0.11224649101495743,4.148386001586914,-1.7354681491851807
1779958211779856400,51.2458564453125,-0.24098633229732513,-0.4210388660430908,1.2817480564117432
1779958211796187100,51.262187255859374,-0.547182559967041,-3.1975741386413574,4.07859468460083
1779958211812520000,51.27852001953125,-1.1678216457366943,-2.1650590896606445,1.712866187095642
1779958211828877600,51.29487768554687,-0.4193589985370636,0.7221954464912415,-1.4045319557189941
1779958211845187600,51.3111875,0.6082690954208374,2.7447702884674072,-1.1820242404937744
1779958211861512400,51.32751245117188,0.7727445363998413,1.8087719678878784,0.01466076634824276
1779958211877851000,51.343850830078125,0.617584764957428,0.3055853247642517,0.888961672782898
1779958211894180900,51.36018090820313,0.35262197256088257,-0.6536257863044739,1.197906732559204
1779958211910510600,51.376510498046876,0.028405234217643738,-1.4274393320083618,1.2626584768295288
1779958211926848000,51.39284790039063,0.3494149148464203,-1.3009902238845825,1.0021244287490845
1779958211943176200,51.40917626953125,0.5543602108955383,-0.5126686692237854,0.3978259861469269
1779958211959508200,51.42550830078125,0.4492913782596588,0.1950187236070633,0.1765400618314743
1779958211975841300,51.44184130859375,0.4161519408226013,0.19074267148971558,0.18387043476104736
1779958211992188400,51.4581884765625,0.3706424832344055,0.5491678714752197,0.052381694316864014
1779958212008515300,51.47451538085937,0.3448334336280823,1.3240504264831543,-0.36972618103027344
1779958212024852200,51.49085229492187,0.4973970353603363,1.6966781616210938,-0.9526443481445312
1779958212041176600,51.50717651367187,0.7447974681854248,1.3322970867156982,-1.4465289115905762
1779958212057500000,51.5235,0.9367618560791016,0.9048441648483276,-1.7107281684875488
1779958212073832200,51.53983227539062,0.8042041063308716,0.755793035030365,-1.9399553537368774
1779958212090164200,51.556164306640625,0.6189591884613037,1.0268645286560059,-2.5001187324523926
1779958212106496000,51.57249609375,0.5855143666267395,1.4350751638412476,-3.4709362983703613
1779958212122828300,51.58882836914062,0.5096143484115601,1.1815661191940308,-4.125325679779053
1779958212139159600,51.60515966796875,0.48685958981513977,0.422871470451355,-4.302476406097412
1779958212155492600,51.62149267578125,0.42012256383895874,-0.8443684577941895,-3.8713583946228027
1779958212171828000,51.637827880859376,0.33108896017074585,-1.0265589952468872,-3.185204029083252
1779958212188169200,51.65416918945313,0.04932736977934837,-0.26022860407829285,-2.4860687255859375
1779958212204481300,51.670481201171874,0.1563815027475357,-0.4265366494655609,-2.151925563812256
1779958212220837400,51.68683740234375,0.5691736936569214,-1.3031282424926758,-2.1618521213531494
1779958212237165600,51.70316552734375,0.6133087277412415,-1.7472273111343384,-1.9367482662200928
1779958212253498400,51.719498291015626,0.05467243865132332,-1.3385584354400635,-1.1369729042053223
1779958212269813000,51.73581298828125,-0.3901901841163635,-0.16859880089759827,-0.03649919852614403
1779958212286163200,51.7521630859375,-0.6485861539840698,0.5404630303382874,0.8930850028991699
1779958212302493000,51.768492919921876,-0.8865181803703308,0.6678284406661987,1.451874017715454
1779958212318830600,51.78483056640625,-1.0222829580307007,0.8593347072601318,1.8898643255233765
1779958212335158000,51.801157958984376,-1.059393048286438,1.0674870014190674,2.3686299324035645
1779958212351486200,51.817486328125,-1.0155634880065918,1.0479393005371094,2.880840539932251
1779958212367807500,51.833807373046874,-1.025948166847229,0.8284859657287598,3.344028949737549
1779958212384139800,51.85013989257813,-0.940732479095459,0.6508769392967224,3.7678167819976807
1779958212400478200,51.866478271484375,-0.6559165716171265,0.5067127346992493,4.117231845855713
1779958212416808400,51.88280834960938,-0.2921462953090668,0.32100969552993774,4.289190292358398
1779958212433133800,51.8991337890625,-0.2695443034172058,0.24663683772087097,4.063933849334717
1779958212449460200,51.915460205078126,-1.663996934890747,-0.3637702465057373,2.925586462020874
1779958212465812500,51.9318125,-1.9970711469650269,0.35842517018318176,2.391995668411255
1779958212482150400,51.948150390625,-0.9935722947120667,-0.013133603148162365,2.189035654067993
1779958212498473000,51.964472900390625,-0.1670716404914856,-1.986533761024475,1.2870930433273315
1779958212514814000,51.98081396484375,0.4834998548030853,-4.049883842468262,-0.5807801485061646
1779958212531126300,51.99712622070312,0.9966266751289368,-3.3869423866271973,-1.897194743156433
1779958212555625000,52.021625,0.8683449625968933,3.590207815170288,-1.6084082126617432
1779958212571963600,52.03796362304688,0.9094256162643433,5.819407939910889,-1.246165156364441
1779958212588289500,52.05428955078125,0.8604037165641785,-0.2246456891298294,-0.3116939961910248
1779958212604620500,52.07062060546875,0.35873061418533325,-3.3118059635162354,0.006108652334660292
1779958212620960300,52.08696020507813,-0.6520986557006836,1.856572151184082,-0.30314189195632935
1779958212637288000,52.10328784179688,-0.7276932001113892,3.978259801864624,-0.7863363027572632
1779958212653619200,52.119619140625,-0.45723262429237366,1.9869918823242188,-0.2893974184989929
1779958212669952300,52.1359521484375,-0.017562376335263252,0.39584067463874817,0.8002334833145142
1779958212686297000,52.15229711914063,0.13561208546161652,-0.007024950347840786,1.2495248317718506
1779958212702627800,52.1686279296875,0.18310685455799103,-0.35873061418533325,1.2079859972000122
1779958212718979800,52.184979736328124,0.3649919927120209,-0.512210488319397,0.5673410892486572
1779958212735280600,52.20128076171875,0.7721336483955383,-0.5349652171134949,-0.16890424489974976
1779958212751641600,52.2176416015625,0.8949176073074341,-0.5558874011039734,-0.2889392673969269
1779958212767952600,52.23395263671875,0.899040937423706,-0.022143865004181862,-0.0936150997877121
1779958212784292600,52.25029272460937,0.954018771648407,0.6780604124069214,-0.3202461004257202
1779958212800621300,52.266621337890626,0.8425359129905701,1.083369493484497,-0.8187121152877808
1779958212816951600,52.28295166015625,0.7458664774894714,0.9570731520652771,-1.1476631164550781
1779958212833286000,52.299285888671875,0.7012733221054077,1.1519391536712646,-1.3854423761367798
1779958212849612000,52.315612060546876,0.6491970419883728,1.7970128059387207,-1.7119498252868652
1779958212865935000,52.33193505859375,0.6817256212234497,2.1308507919311523,-2.0306687355041504
1779958212882260000,52.348260009765625,0.7163922190666199,2.0219640731811523,-2.5977044105529785
1779958212898599400,52.364599365234376,0.6633996367454529,1.7600555419921875,-3.3087515830993652
1779958212914927600,52.380927734375,0.5384777188301086,1.514182209968567,-3.8741073608398438
1779958212931265300,52.39726538085937,0.27748554944992065,0.6664539575576782,-3.9341249465942383
1779958212947598600,52.4135986328125,0.18341228365898132,-0.6502660512924194,-3.536604404449463
1779958212963941600,52.429941650390624,0.12324206531047821,-0.9301950335502625,-2.6674957275390625
1779958212980272000,52.44627221679688,0.5398521423339844,-0.6956228017807007,-2.268906354904175
1779958212996589300,52.46258935546875,0.9862419366836548,-0.8304712772369385,-2.1423044204711914
1779958213012922600,52.47892260742187,1.2347114086151123,-1.497688889503479,-1.8182404041290283
1779958213029255400,52.49525537109375,1.1284208297729492,-1.8816176652908325,-1.1548407077789307
1779958213045590300,52.51159033203125,0.5870414972305298,-1.3619240522384644,-0.3017674386501312
1779958213061917400,52.52791748046875,0.20799961686134338,-0.5429064631462097,0.6659958362579346
1779958213078248400,52.54424853515625,0.016035212203860283,-0.08628471940755844,1.555110216140747
1779958213094586600,52.560586669921875,-0.17379115521907806,0.1647808998823166,2.1349740028381348
1779958213110915000,52.5769150390625,-0.2970332205295563,0.5346598029136658,2.4494168758392334
1779958213127249000,52.59324877929687,-0.39614611864089966,0.8003861904144287,2.691166877746582
1779958213143580200,52.609580078125,-0.570242702960968,0.8381071090698242,3.0167579650878906
1779958213159953000,52.62595288085937,-0.8121453523635864,0.7102835774421692,3.4208452701568604
1779958213176258000,52.64225805664063,-1.0848966836929321,0.7357872128486633,3.8513526916503906
1779958213192589600,52.65858959960938,-1.3994922637939453,1.0497719049453735,4.287968635559082
1779958213208913200,52.6749130859375,-2.063044548034668,1.1733194589614868,4.543310165405273
1779958213225255400,52.69125537109375,-2.5941920280456543,0.7531968355178833,4.3369903564453125
1779958213241584600,52.70758471679687,-2.6597073078155518,-0.0936150997877121,3.383735418319702
1779958213257917700,52.72391772460937,-2.0945041179656982,-0.2324342280626297,2.3457224369049072
1779958213274250200,52.740250244140626,-1.1817188262939453,0.25473082065582275,1.777923345565796
1779958213290578000,52.756577880859375,-0.9857838153839111,1.0920743942260742,1.1050552129745483
1779958213306913500,52.77291357421875,-0.9065240025520325,1.6679675579071045,0.3341432809829712
1779958213323247900,52.78924780273437,-0.6397286057472229,0.2802344262599945,-0.1999056488275528
1779958213339577600,52.80557763671875,0.36453384160995483,-3.015078067779541,-0.5516113042831421
1779958213355897600,52.82189770507812,1.650099754333496,-4.188397407531738,-0.6111706495285034
1779958213372227600,52.8382275390625,1.8866573572158813,-1.7104226350784302,-0.551916778087616
1779958213388560400,52.85456030273438,1.2567025423049927,2.7368290424346924,-0.6233879923820496
1779958213404893400,52.8708935546875,0.3549126982688904,5.512295246124268,-0.3851505517959595
1779958213421225500,52.8872255859375,-0.35781431198120117,4.723515510559082,-0.10873401165008545
1779958213437556500,52.903556396484376,-1.0332785844802856,2.719113826751709,0.2692388594150543
1779958213453918200,52.91991821289062,-1.3559681177139282,0.9410378932952881,0.5462662577629089
1779958213470233900,52.93623388671875,-1.0589349269866943,0.3995058834552765,0.7066183686256409
1779958213486550500,52.952550537109374,-0.44837507605552673,1.760208249092102,0.9086620807647705
1779958213502896600,52.968896728515624,-0.054367005825042725,2.0169243812561035,0.6684392690658569
1779958213519213600,52.985213623046874,0.265573650598526,0.8503243923187256,0.1788308024406433
1779958213535545000,53.001545166015624,0.6496551632881165,0.32559117674827576,-0.22800545394420624
1779958213551885000,53.01788500976563,0.9732610583305359,0.35582900047302246,-0.5167919993400574
1779958213568211200,53.03421118164062,0.9282097220420837,0.804051399230957,-0.6101016402244568
1779958213584545300,53.050545166015624,0.675006091594696,1.3051135540008545,-0.39538252353668213
1779958213600877000,53.066876953125,0.4245513379573822,1.5028811693191528,-0.07712173461914062
1779958213617209300,53.08320922851563,0.3729332387447357,1.443474531173706,0.16783522069454193
1779958213633541000,53.099541015625,0.24465152621269226,1.5180001258850098,0.1258382350206375
1779958213649875000,53.115875,0.29764407873153687,1.6322319507598877,-0.252287358045578
1779958213666218200,53.13221826171875,0.5378668308258057,1.9158260822296143,-0.8959866166114807
1779958213682547700,53.148547607421875,0.23289237916469574,1.7872389554977417,-0.68325275182724
1779958213698877400,53.16487744140625,0.3269656300544739,2.4544565677642822,-0.5668829679489136
1779958213715243300,53.1812431640625,0.18600846827030182,2.317011833190918,-0.8000807762145996
1779958213731546400,53.19754638671875,0.16371189057826996,1.5454890727996826,-1.479362964630127
1779958213747865600,53.21386547851562,0.38866302371025085,0.9926560521125793,-2.5674667358398438
1779958213764194600,53.23019458007813,0.5670356750488281,0.7980954647064209,-3.350290536880493
1779958213780543200,53.24654321289062,0.5233588218688965,0.9251554012298584,-3.229339122772217
1779958213796874800,53.26287475585937,0.541532039642334,1.5893186330795288,-2.746602773666382
1779958213813226800,53.27922680664062,0.5051855444908142,1.708284616470337,-2.2547035217285156
1779958213829534000,53.29553393554688,0.498924195766449,1.0427470207214355,-2.166433572769165
1779958213845872400,53.311872314453126,0.6241515874862671,0.2825251817703247,-2.113593816757202
1779958213862190300,53.3281904296875,0.8532260060310364,-0.3286454975605011,-1.769982099533081
1779958213878521300,53.34452124023438,0.9665415287017822,-0.9375254511833191,-1.3855950832366943
1779958213894855200,53.360855224609374,0.7232644557952881,-1.1520918607711792,-1.1525499820709229
1779958213911187200,53.377187255859376,0.45814892649650574,-0.5966626405715942,-0.875064492225647
1779958213927518000,53.39351806640625,0.451582133769989,-0.1840231567621231,-0.5688682794570923
1779958213943854600,53.4098544921875,0.5577199459075928,0.06459899991750717,-0.4486805200576782
1779958213960204000,53.4262041015625,0.626747727394104,0.17088955640792847,-0.2971859276294708
1779958213976522000,53.44252197265625,0.5340489149093628,-0.07024950534105301,-0.03222314268350601
1779958213992918300,53.45891821289062,0.4222606122493744,-0.2451096773147583,0.2594650089740753
1779958214009190000,53.47518994140625,0.3828597962856293,-0.11942415684461594,0.5108360648155212
1779958214025505800,53.491505859375,0.40714168548583984,0.0981965884566307,0.6591235995292664
1779958214041851100,53.50785107421875,0.4282165467739105,0.3550654351711273,0.7457137703895569
1779958214058173200,53.52417309570313,0.3649919927120209,0.6299547553062439,0.9419541954994202
1779958214074504200,53.540504150390625,0.28909197449684143,0.9329439401626587,1.2571606636047363
1779958214090842600,53.55684252929687,0.27550023794174194,1.3379476070404053,1.5796974897384644
1779958214107171300,53.57317138671875,0.3055853247642517,1.7266106605529785,1.898416519165039
1779958214123500800,53.589500732421875,0.31413745880126953,1.887115478515625,2.1656699180603027
1779958214139836700,53.60583666992188,0.2756529450416565,1.867262363433838,2.331367254257202
1779958214156179700,53.6221796875,0.20586158335208893,1.7918205261230469,2.403296709060669
1779958214172512000,53.638511962890625,0.13347405195236206,2.082897663116455,2.5167648792266846
1779958214188841500,53.654841552734375,-0.31871894001960754,2.736370801925659,2.370309829711914
1779958214205160400,53.671160400390626,-0.21639901399612427,2.36679744720459,1.0198395252227783
1779958214221507300,53.68750732421875,-0.17058411240577698,1.9263635873794556,-0.42500948905944824
1779958214237841400,53.70384130859375,-0.33658674359321594,1.8507689237594604,-0.9024006724357605
1779958214254172700,53.72017260742187,-0.45875978469848633,2.3988678455352783,-0.3058907687664032
1779958214270504400,53.73650439453125,-0.20433442294597626,2.5082128047943115,0.7060074806213379
1779958214286818600,53.75281860351563,0.019394971430301666,2.213470220565796,1.136362075805664
1779958214303171000,53.769171142578124,0.12721268832683563,2.038151979446411,0.7692320346832275
1779958214319485000,53.78548486328125,0.07483099400997162,1.5861116647720337,0.3972151279449463
1779958214335830500,53.80183056640625,0.13866640627384186,1.0039570331573486,0.04444044828414917
1779958214352151300,53.8181513671875,0.05864306539297104,1.136056661605835,0.006719517521560192
1779958214368479700,53.83447973632813,0.1440114825963974,1.6614007949829102,0.3813326358795166
1779958214384817200,53.85081713867187,0.2145664244890213,1.7676912546157837,0.869719386100769
1779958214401148200,53.86714819335938,0.22937989234924316,1.6811012029647827,0.9239336848258972
1779958214417479000,53.88347900390625,0.2915354371070862,2.31472110748291,0.8626944422721863
1779958214433811200,53.89981127929688,0.17730364203453064,2.5395195484161377,1.1166616678237915
1779958214450126600,53.91612670898437,-0.18188512325286865,2.2626447677612305,1.8461874723434448
1779958214466487800,53.93248779296875,-0.6209444999694824,2.64611554145813,2.138944625854492
1779958214482796300,53.94879638671875,-0.9489791393280029,3.115107297897339,1.5387696027755737
1779958214499138600,53.965138671875,-0.7031059265136719,2.948188304901123,0.722959041595459
1779958214515470600,53.981470703125,-0.3237585723400116,2.8706085681915283,0.37659841775894165
1779958214531803000,53.99780297851562,-0.23335053026676178,3.2058207988739014,0.44394633173942566
1779958214548135400,54.014135498046876,-0.11591167747974396,3.807675838470459,0.5844452977180481
1779958214564467700,54.0304677734375,0.08139779418706894,3.6911532878875732,0.5644394755363464
1779958214580799700,54.0467998046875,0.21899518370628357,3.2875239849090576,0.39248090982437134
1779958214597132500,54.06313256835937,0.27290403842926025,3.0925052165985107,0.3604104816913605
1779958214613461500,54.07946142578125,0.25793784856796265,2.917186975479126,0.47479501366615295
1779958214629785000,54.09578515625,0.18127426505088806,2.6904032230377197,0.5981897711753845
1779958214646129200,54.11212915039062,0.06658431142568588,2.5560128688812256,0.6420193910598755
1779958214662466800,54.128466796875,-0.07147123664617538,2.484389066696167,0.588263213634491
1779958214678789600,54.14478955078125,-0.03237585723400116,2.2032382488250732,0.5662720799446106
1779958214695121000,54.161120849609375,0.15531249344348907,1.7386752367019653,0.46181413531303406
1779958214711454500,54.177454345703126,0.01466076634824276,1.8805487155914307,0.03756821155548096
1779958214727805000,54.19380493164063,-0.0936150997877121,2.283719778060913,-0.3523165285587311
1779958214744116700,54.21011669921875,-0.24602597951889038,2.6233608722686768,-0.5109887719154358
1779958214760465400,54.22646533203125,-0.34208452701568604,2.5308146476745605,-0.5603161454200745
1779958214776797000,54.242796875,-0.42210787534713745,2.052049160003662,-0.46502116322517395
1779958214793130800,54.259130859375,-0.42898011207580566,1.3646728992462158,-0.3933972120285034
1779958214809484000,54.275484130859375,-0.5294674634933472,0.9556986689567566,-0.6070473194122314
1779958214825784600,54.29178466796875,-0.5320636034011841,1.069472312927246,-1.2585351467132568
1779958214842126800,54.308126953125,-0.3914119005203247,1.0227410793304443,-2.2185099124908447
1779958214858440200,54.32444018554688,-0.28588494658470154,0.6542366743087769,-3.079219102859497
1779958214874776000,54.34077612304687,-0.1492038369178772,0.22602014243602753,-3.8684568405151367
1779958214891105800,54.35710571289062,0.20082195103168488,-0.021532999351620674,-4.466646671295166
1779958214907428400,54.373428466796874,0.7231117486953735,-0.04398229718208313,-4.553847789764404
1779958214923775700,54.38977563476563,1.4633276462554932,0.5618433356285095,-4.181525230407715
1779958214940103000,54.40610302734375,1.9872974157333374,1.7507398128509521,-3.5361461639404297
1779958214956441000,54.42244116210937,2.2937989234924316,2.919477701187134,-2.699413537979126
1779958214972765000,54.43876489257813,2.1710150241851807,2.8064677715301514,-1.965153455734253
1779958214989098800,54.4550986328125,1.4943290948867798,0.655458390712738,-1.589624047279358
1779958215005430800,54.4714306640625,1.1731667518615723,0.21853704750537872,-2.141693592071533
1779958215021768000,54.487767822265624,1.0603092908859253,1.386358618736267,-2.5172228813171387
1779958215038093600,54.50409350585937,0.7376197576522827,1.5102115869522095,-2.0526599884033203
1779958215054429000,54.520428955078124,0.6411030888557434,0.8613200187683105,-1.3715451955795288
1779958215070762000,54.53676196289062,0.7200574278831482,0.5174028873443604,-0.7887797355651855
1779958215087092200,54.55309228515625,0.6711881756782532,0.36911532282829285,-0.2984076738357544
1779958215103424300,54.56942431640625,0.5114469528198242,0.2721404731273651,0.23594669997692108
1779958215120360200,54.586360107421875,0.3926336467266083,0.02580905705690384,0.7929030656814575
1779958215136113000,54.60211279296875,0.27718010544776917,-0.2831360399723053,1.3046554327011108
1779958215152433200,54.61843310546875,0.16004669666290283,-0.6873761415481567,1.693318486213684
1779958215168775700,54.634775634765624,0.03039054572582245,-1.0193814039230347,1.980883240699768
1779958215185096000,54.651095947265624,-0.10965031385421753,-1.1924089193344116,2.24706768989563
1779958215201414000,54.66741381835938,-0.3159700334072113,-1.0673342943191528,2.7882943153381348
1779958215217745700,54.68374560546875,-1.2044734954833984,0.5447390675544739,4.241848468780518
1779958215234080300,54.70008032226563,-2.2230913639068604,0.8651378750801086,4.657236576080322
1779958215250412000,54.716412109375,-2.1592559814453125,-1.1519391536712646,3.3182199001312256
1779958215266738200,54.73273828125,-1.6282613277435303,-1.2793045043945312,1.4275920391082764
1779958215283076600,54.74907666015625,-1.2399036884307861,0.5783366560935974,-0.17562375962734222
1779958215299405000,54.76540502929687,-0.9243918061256409,0.7174612283706665,-1.0917688608169556
1779958215315753500,54.78175341796875,-0.3116939961910248,-0.1966986060142517,-0.8735373020172119
1779958215332092000,54.798091796875,0.3271183371543884,0.4841107130050659,-0.3781255781650543
1779958215348415200,54.814415283203125,1.1594222784042358,2.3218986988067627,-0.3367394804954529
1779958215364742000,54.83074194335938,1.8113682270050049,2.610379934310913,-0.5876523852348328
1779958215381069600,54.84706958007813,1.2846496105194092,-2.1459696292877197,0.06688974797725677
1779958215397401000,54.86340112304688,0.43905940651893616,-3.8172969818115234,2.490039348602295
1779958215413732600,54.87973266601563,-0.8475755453109741,0.8759807348251343,2.9830076694488525
1779958215430064400,54.896064453125,-0.8248208165168762,3.3238704204559326,-0.498924195766449
1779958215446398000,54.91239794921875,0.14737124741077423,3.643658399581909,-1.1691961288452148
1779958215462743000,54.92874291992187,0.4967861473560333,1.9407188892364502,-0.780380368232727
1779958215479061000,54.94506103515625,0.3378084897994995,-0.2539672255516052,-0.6206390857696533
1779958215495390000,54.961389892578126,-0.1514945775270462,-1.9126191139221191,-0.11026117950677872
1779958215511729000,54.97772900390625,-0.5795583724975586,-2.7311785221099854,0.40485092997550964
1779958215528056000,54.99405615234375,-0.25763240456581116,-2.2453880310058594,0.7819074988365173
1779958215544389000,55.01038916015625,0.27779096364974976,0.14217889308929443,0.40744712948799133
1779958215560722000,55.02672192382813,0.3274237811565399,2.2455406188964844,-0.19196440279483795
1779958215577053400,55.04305346679688,0.45142942667007446,1.863444447517395,-0.5445863604545593
1779958215593385700,55.0593857421875,0.880104124546051,0.5174028873443604,-0.6866125464439392
1779958215609706500,55.07570654296875,1.04289972782135,0.5942191481590271,-0.7338019013404846
1779958215626066400,55.09206640625,0.9714284539222717,1.4651602506637573,-0.8982773423194885
1779958215642394400,55.10839428710938,0.9996809959411621,1.7592918872833252,-1.2823588848114014
1779958215658726700,55.1247265625,0.963792622089386,1.7186694145202637,-1.8898643255233765
1779958215675065000,55.14106518554688,0.8064948320388794,1.5334244966506958,-2.531883716583252
1779958215691384300,55.15738427734375,0.7145596146583557,0.5233588218688965,-3.391371011734009
1779958215707723500,55.1737236328125,0.7556403279304504,-0.3303253948688507,-4.284303188323975
1779958215724039000,55.190038818359376,0.8193230032920837,-0.05497787147760391,-4.5269694328308105
1779958215740361200,55.206361328125,0.5099197626113892,-0.31520646810531616,-3.4217617511749268
1779958215756706000,55.2227060546875,0.14538592100143433,-0.29107728600502014,-2.27852725982666
1779958215773038300,55.239038330078124,-0.18631389737129211,0.056810468435287476,-1.8399261236190796
1779958215789368800,55.25536889648438,-0.14477506279945374,-0.5141957998275757,-1.69622004032135
1779958215805699000,55.27169897460937,0.010231993161141872,-0.5439754724502563,-1.4283556938171387
1779958215822040800,55.288040771484376,-0.03756821155548096,-0.3078760802745819,-0.6766859889030457
1779958215838377700,55.304377685546875,-0.17379115521907806,-0.08659014850854874,0.20372356474399567
1779958215854694400,55.3206943359375,-0.20891591906547546,0.41431936621665955,0.9897544384002686
1779958215871031800,55.33703173828125,-0.22311852872371674,0.7195992469787598,1.6108516454696655
1779958215887362000,55.35336206054688,-0.23869559168815613,0.7402159571647644,2.126727342605591
1779958215903691500,55.36969140625,-0.2733621895313263,0.622624397277832,2.6500861644744873
1779958215920028200,55.386028076171876,-0.2822197377681732,0.3599523603916168,3.1364874839782715
1779958215936349700,55.402349609375,-0.2762638032436371,-0.033597588539123535,3.5854735374450684
1779958215952686600,55.4186865234375,-0.49464812874794006,-0.5025894045829773,4.047440528869629
1779958215969021200,55.43502124023438,-1.0864238739013672,-1.4245377779006958,4.000709056854248
1779958215985355000,55.45135498046875,-1.5140295028686523,-2.4193317890167236,3.2285754680633545
1779958216001686500,55.4676865234375,-1.8460347652435303,-1.8055649995803833,2.6540567874908447
1779958216018020600,55.4840205078125,-1.3599387407302856,-0.16859880089759827,2.342057466506958
1779958216034351000,55.50035107421875,-0.921795666217804,0.7811439037322998,1.9941695928573608
1779958216050682400,55.516682373046876,-0.5445863604545593,-0.3643811047077179,1.4046846628189087
1779958216067012000,55.53301220703125,-0.5180137157440186,-2.6309967041015625,-0.38240164518356323
1779958216083349800,55.54934985351562,-0.3219259977340698,-2.4278838634490967,-1.4492777585983276
1779958216099677000,55.56567700195313,0.3286454975605011,-1.5538884401321411,-1.4674509763717651
1779958216116010500,55.58201049804688,0.7344127297401428,1.0195341110229492,-1.3040446043014526
1779958216132346600,55.5983466796875,0.8559749126434326,4.079052448272705,-1.5265522003173828
1779958216148670700,55.61467065429687,1.2069170475006104,4.47015905380249,-1.5723671913146973
1779958216165023700,55.63102368164063,0.8103127479553223,-2.975371837615967,-0.18127426505088806
1779958216181350700,55.6473505859375,0.041691552847623825,-4.778951644897461,1.5534303188323975
1779958216197677000,55.663677001953126,-0.8918632864952087,1.549154281616211,1.8200730085372925
1779958216214024700,55.68002465820312,-1.2330315113067627,3.4741432666778564,0.28069257736206055
1779958216230348500,55.6963486328125,-0.4144720733165741,2.699566125869751,0.23518311977386475
1779958216246680300,55.712680419921874,0.055283304303884506,1.9049832820892334,0.6789767146110535
1779958216263017700,55.729017822265625,0.4440990388393402,0.17104226350784302,0.27458393573760986
1779958216279341300,55.74534130859375,0.5558874011039734,-1.3235923051834106,-0.29917123913764954
1779958216295669000,55.7616689453125,0.42959097027778625,-1.8500053882598877,-0.58062744140625
1779958216312020000,55.77802001953125,0.6375905871391296,-2.1960606575012207,-0.3859141170978546
1779958216328333000,55.7943330078125,0.9749409556388855,-1.1122329235076904,-0.01924225501716137
1779958216344675800,55.81067578125,0.8645270466804504,0.8953757286071777,-0.22617286443710327
1779958216360988700,55.82698876953125,0.6426302194595337,2.0567831993103027,-0.7425066828727722
1779958216377323800,55.84332373046875,0.6956228017807007,1.503339409828186,-0.9138544201850891
1779958216393655600,55.859655517578126,0.7951938509941101,0.40912699699401855,-1.0293079614639282
1779958216409986600,55.875986572265624,0.9844093322753906,0.543059229850769,-1.1785117387771606
1779958216426320400,55.8923203125,0.9567676782608032,1.8248071670532227,-1.39323091506958
1779958216442651100,55.90865112304687,0.8874344825744629,2.577087640762329,-1.877036213874817
1779958216458995200,55.9249951171875,0.7802276611328125,2.1233675479888916,-2.556623697280884
1779958216475331300,55.941331298828125,0.5813909769058228,1.1537717580795288,-3.413515090942383
1779958216491647200,55.95764721679687,0.346818745136261,0.7541131377220154,-4.163046836853027
1779958216507967700,55.9739677734375,-0.02275473065674305,0.11468994617462158,-4.040110111236572
1779958216524312000,55.99031201171875,-0.056352317333221436,-0.7478517889976501,-3.3182199001312256
1779958216540644000,56.00664404296875,-0.16722436249256134,-0.4017966091632843,-2.3852760791778564
1779958216556984800,56.02298486328125,0.1843285858631134,-0.1667662113904953,-2.012495517730713
1779958216573308200,56.03930810546875,0.7247915863990784,-0.9237809777259827,-2.0861048698425293
1779958216589627100,56.05562719726562,0.8969029188156128,-1.7427985668182373,-1.9446895122528076
1779958216605973200,56.07197314453125,0.5032002329826355,-1.2735012769699097,-1.1568260192871094
1779958216622319900,56.08831982421875,0.24358251690864563,-0.3729332387447357,-0.17699819803237915
1779958216634552000,56.100552001953126,0.20433442294597626,0.037110064178705215,0.547182559967041
1779958216650899700,56.116899658203124,0.14278975129127502,0.15882496535778046,1.2357803583145142
1779958216667231000,56.13323095703125,-0.012828170321881771,0.31444287300109863,2.0224220752716064
1779958216683563500,56.1495634765625,-0.08994990587234497,0.570242702960968,2.722321033477783
1779958216699877600,56.165877685546874,-0.22250767052173615,0.7382306456565857,3.411529779434204
1779958216716226800,56.18222680664063,-0.6940956115722656,0.8252789378166199,4.0830230712890625
1779958216732539100,56.1985390625,-1.3006848096847534,0.6064364910125732,4.495510101318359
1779958216748876300,56.214876220703125,-1.586722493171692,-0.3039054572582245,4.302934646606445
1779958216765208300,56.23120825195313,-1.8365663290023804,-1.1856894493103027,3.905719757080078
1779958216781541000,56.247541015625,-2.2562308311462402,-1.3231340646743774,3.6746599674224854
1779958216797874000,56.2638740234375,-2.486679792404175,-0.9810495972633362,3.590207815170288
1779958216814198800,56.28019873046875,-2.1569652557373047,-0.5745187401771545,3.1329751014709473
1779958216830539800,56.29653979492188,-1.4028520584106445,0.3222314119338989,2.1587977409362793
1779958216846876200,56.312876220703124,-0.9497427344322205,1.8503108024597168,0.8695666790008545
1779958216863205000,56.329205078125,-0.589179515838623,2.130392551422119,0.02122756652534008
1779958216879531500,56.34553149414062,-0.2822197377681732,0.06994406878948212,-0.5639813542366028
1779958216895861200,56.361861328125,0.18387043476104736,-2.6846001148223877,-0.6197227835655212
1779958216912200400,56.378200439453124,1.2064588069915771,-3.5889859199523926,-0.5025894045829773
1779958216928528600,56.394528564453125,1.4622586965560913,-1.0809260606765747,-0.4156937897205353
1779958216944844800,56.4108447265625,0.825584352016449,2.8292224407196045,-0.4346306324005127
1779958216961208800,56.42720874023438,0.32971450686454773,4.700608253479004,-0.09941831976175308
1779958216977505000,56.44350512695313,-0.1889100819826126,0.11835514008998871,0.5755877494812012
1779958216993858800,56.45985888671875,-0.21288654208183289,-2.1517727375030518,0.3738495409488678
1779958217010188500,56.4761884765625,0.20341812074184418,0.7275404930114746,-1.4520267248153687
1779958217026523100,56.492523193359375,0.9941831827163696,3.9709296226501465,-2.1423044204711914
1779958217042854100,56.50885424804687,1.2863295078277588,4.107915878295898,-1.3213015794754028
1779958217059184600,56.5251845703125,0.6479753255844116,1.5372424125671387,0.14676037430763245
1779958217075515100,56.54151513671875,-0.03451388701796532,-0.8594874143600464,1.2147055864334106
1779958217091860200,56.557860107421874,-0.41752639412879944,-1.4885258674621582,1.1707231998443604
1779958217108199700,56.57419970703125,-0.012675453908741474,-0.44257187843322754,0.4908302128314972
1779958217124532200,56.5905322265625,0.5025894045829773,1.2473868131637573,-0.26374107599258423
1779958217140862000,56.606862060546874,0.2606867551803589,0.9553932547569275,-0.3706424832344055
1779958217157192200,56.623192138671875,0.23319780826568604,-0.07635815441608429,-0.4115704596042633
1779958217173524500,56.6395244140625,0.3952298164367676,-0.3842342495918274,-0.6759223937988281
1779958217189840400,56.65584033203125,0.5977316498756409,0.036041051149368286,-1.000749945640564
1779958217206191900,56.67219189453125,0.7035640478134155,0.6548475623130798,-1.2974777221679688
1779958217222521300,56.68852124023437,0.603687584400177,1.330464482307434,-1.7901406288146973
1779958217238875600,56.704875732421876,0.6400340795516968,1.7046194076538086,-2.4607179164886475
1779958217255184400,56.72118432617187,0.6801984310150146,1.6610952615737915,-2.9665143489837646
1779958217271515100,56.73751513671875,0.6475171446800232,1.0775662660598755,-3.277750253677368
1779958217287847000,56.75384692382813,0.6204863786697388,-0.17638733983039856,-3.467271089553833
1779958217304180000,56.77017993164063,0.6038402915000916,-1.2098186016082764,-3.607311964035034
1779958217320507100,56.786507080078124,0.542142927646637,-1.3374894857406616,-3.413973093032837
1779958217336831700,56.802831787109376,0.23335053026676178,-0.8069530129432678,-2.6190848350524902
1779958217353160000,56.81915991210938,0.5128213763237,-0.2877175211906433,-1.8913915157318115
1779958217369481500,56.8354814453125,1.1362093687057495,-0.8423831462860107,-1.9562959671020508
1779958217385827000,56.8518271484375,1.1788171529769897,-1.4020884037017822,-2.004096269607544
1779958217402145500,56.8681455078125,0.5329799056053162,-0.9388998746871948,-1.3003793954849243
1779958217418490000,56.88448999023438,0.22800545394420624,-0.11133018881082535,-0.1339322030544281
1779958217434822400,56.900822509765625,0.08567385375499725,0.1186605766415596,0.7799221873283386
1779958217451159000,56.91715893554687,-0.13179416954517365,0.13072516024112701,1.3752104043960571
1779958217467497500,56.93349755859375,-0.303600013256073,0.522595226764679,1.7490599155426025
1779958217483819300,56.9498193359375,-0.36880987882614136,0.9043859839439392,2.104278087615967
1779958217500149800,56.96614965820312,-0.35643985867500305,1.141707181930542,2.5415048599243164
1779958217516483600,56.982483642578124,-0.3465133011341095,1.1479685306549072,3.014620065689087
1779958217532814800,56.99881494140625,-0.39156460762023926,0.8497135639190674,3.4846808910369873
1779958217549146600,57.015146728515624,-0.556345522403717,0.6417139172554016,3.9768855571746826
1779958217565483800,57.03148388671875,-1.1485793590545654,0.8208501935005188,4.478558540344238
1779958217581828600,57.04782861328125,-1.9104810953140259,0.7921395301818848,4.371962547302246
1779958217598155800,57.06415576171875,-2.1503984928131104,0.8907942175865173,3.4100024700164795
1779958217614489300,57.0804892578125,-1.832901120185852,1.545030951499939,2.1957550048828125
1779958217630819800,57.09681982421875,-1.1589640378952026,2.227672815322876,1.6052011251449585
1779958217647150300,57.113150390625,-0.6675229668617249,2.1571178436279297,1.7227927446365356
1779958217663489300,57.1294892578125,-0.20097467303276062,1.166752576828003,1.4926491975784302
1779958217679800600,57.14580053710937,-0.05451972410082817,-0.020922135561704636,0.31261029839515686
1779958217696149800,57.16214965820313,-0.0429132841527462,-0.06062837690114975,-0.3735440969467163
1779958217712480500,57.17848046875,-0.01970040425658226,0.8391761183738708,-0.6736316680908203
1779958217728797700,57.194797607421876,-0.001527163083665073,1.8472565412521362,-0.979827880859375
1779958217745144800,57.21114477539062,-0.2116648107767105,2.1087067127227783,-0.9853256344795227
1779958217761447400,57.227447509765625,-0.09269879758358002,1.9787452220916748,-0.4173736870288849
1779958217777814500,57.243814453125,-0.11041389405727386,1.8600846529006958,0.5422956347465515
1779958217794141400,57.26014135742187,-0.39553526043891907,1.7368426322937012,0.8869763612747192
1779958217810469000,57.27646923828125,-0.49067750573158264,1.3093897104263306,1.094059705734253
1779958217826809000,57.29280908203125,-0.6035348773002625,1.3475687503814697,1.6502524614334106
1779958217843139000,57.30913916015625,-0.6696610450744629,0.6020076870918274,1.956906795501709
1779958217859440600,57.325440673828126,-0.6728680729866028,1.2377656698226929,1.2389874458312988
1779958217875788500,57.34178857421875,-0.7220427393913269,3.2030718326568604,0.5535966157913208
1779958217892120600,57.35812060546875,-0.5586362481117249,4.031710624694824,0.043676864355802536
1779958217908451800,57.374451904296876,-0.008857546374201775,4.247804164886475,-0.380721777677536
1779958217924784000,57.3907841796875,0.6192646622657776,4.138459205627441,-0.19486601650714874
1779958217941117200,57.4071171875,0.9541715383529663,3.090061902999878,0.3478877544403076
1779958217957465300,57.42346533203125,0.8439103364944458,1.6653714179992676,0.6863071322441101
1779958217973778200,57.439778076171876,0.7267768979072571,1.5708400011062622,0.806647539138794
1779958217990111500,57.45611157226563,0.5009095072746277,2.1812469959259033,0.6307183504104614
1779958218006445300,57.4724453125,0.16630806028842926,2.384207010269165,0.6536257863044739
1779958218022776600,57.48877661132813,0.10842858254909515,1.8571830987930298,0.7761042714118958
1779958218039108000,57.50510815429688,0.19135354459285736,1.4602733850479126,0.6692028641700745
1779958218055440400,57.5214404296875,0.12599095702171326,1.6788103580474854,0.3497203588485718
1779958218071790800,57.537790771484374,0.15851953625679016,1.8964312076568604,-0.05711590126156807
1779958218088116700,57.55411669921875,0.12889257073402405,1.9851592779159546,-0.2574796974658966
1779958218104451000,57.570451171875,0.1293507218360901,1.983632206916809,-0.35155296325683594
1779958218120782800,57.58678295898437,0.0988074541091919,1.7996090650558472,-0.46532660722732544
1779958218137114000,57.60311401367188,-0.1768454909324646,1.6727017164230347,-0.446389764547348
1779958218153448000,57.61944799804687,-0.47800204157829285,1.7006487846374512,-0.31780263781547546
1779958218169752000,57.635751953125,-0.5618433356285095,1.493565559387207,-0.34406983852386475
1779958218186108400,57.6521083984375,-0.5251913666725159,1.0749701261520386,-0.6881396770477295
1779958218202442200,57.66844213867188,-0.5377141237258911,0.9778425693511963,-1.2794572114944458
1779958218218798300,57.68479833984375,-0.503047525882721,0.8671231865882874,-1.9675970077514648
1779958218235106000,57.70110595703125,-0.37827831506729126,0.38866302371025085,-2.688112497329712
1779958218251423200,57.71742333984375,0.008399397134780884,-0.41340306401252747,-3.1974213123321533
1779958218267770400,57.73377026367187,0.4792237877845764,-0.8923214077949524,-3.3325753211975098
1779958218284111000,57.75011108398437,0.93095862865448,-0.18188512325286865,-3.2166635990142822
1779958218300434700,57.7664345703125,1.4408783912658691,1.1264355182647705,-3.1312952041625977
1779958218316763000,57.78276293945312,1.9801197052001953,2.163837432861328,-3.17161226272583
1779958218333112000,57.799112060546875,2.2959370613098145,2.4048237800598145,-3.090672731399536
1779958218349418000,57.81541796875,2.367560863494873,1.9501873254776,-2.7898216247558594
1779958218365748000,57.831748046875,2.2623393535614014,1.4767667055130005,-2.375960350036621
1779958218382084900,57.8480849609375,1.831068515777588,0.9256135821342468,-1.9074267148971558
1779958218398418400,57.86441845703125,1.2232576608657837,0.9607383012771606,-1.558011770248413
1779958218414745000,57.8807451171875,0.8042041063308716,1.5163202285766602,-1.4596625566482544
1779958218431079000,57.897078857421874,0.5826127529144287,1.6490306854248047,-1.2189816236495972
1779958218447410700,57.91341064453125,0.4859432876110077,0.8626944422721863,-0.9570731520652771
1779958218463742700,57.92974267578125,0.46181413531303406,-0.13958270847797394,-0.8329147696495056
1779958218480073200,57.9460732421875,0.34636059403419495,-0.5343543887138367,-0.6884451508522034
1779958218496406800,57.96240673828125,0.3312416672706604,-0.5082398653030396,-0.4634940028190613
1779958218512738800,57.97873876953125,0.3692680299282074,-0.27382034063339233,-0.19028452038764954
1779958218529069600,57.99506958007812,0.32528573274612427,0.22067506611347198,0.22571471333503723
1779958218545399800,58.01139990234375,0.23594669997692108,0.7570147514343262,0.8524624705314636
1779958218561755100,58.027755126953124,0.0529925599694252,1.2324206829071045,1.6183347702026367
1779958218578059800,58.04405981445313,-0.18387043476104736,1.7573065757751465,2.406809091567993
1779958218594413600,58.06041357421875,-0.4764748811721802,2.54837703704834,3.2068898677825928
1779958218610728400,58.076728515625,-0.6215553879737854,3.5724925994873047,3.810119152069092
1779958218627077400,58.093077392578124,-0.24938572943210602,4.0885210037231445,3.6644279956817627
1779958218643392500,58.109392578125,0.32131510972976685,4.35317850112915,1.9297232627868652
1779958218659713300,58.12571337890625,0.43997567892074585,3.2754595279693604,-0.6418666839599609
1779958218676079400,58.142079345703124,0.35552358627319336,1.1343767642974854,-1.397048830986023
1779958218692403700,58.15840380859375,0.21059578657150269,0.3778201639652252,-0.7577783465385437
1779958218708739000,58.174739013671875,0.5238169431686401,0.5383250117301941,0.23655757308006287
1779958218725065200,58.191065185546876,0.20326541364192963,1.6265814304351807,0.15454891324043274
1779958218741395000,58.20739501953125,-0.4807509481906891,2.47873854637146,0.035124752670526505
1779958218757753900,58.22375390625,-0.4841107130050659,1.782657504081726,0.3672827184200287
1779958218774065200,58.240065185546875,0.27718010544776917,1.0542006492614746,1.021519422531128
1779958218790397000,58.25639697265625,0.9011789560317993,1.0033462047576904,1.4147639274597168
1779958218806729200,58.27272924804687,1.306182622909546,1.8159496784210205,1.5457944869995117
1779958218823038500,58.28903857421875,1.1174252033233643,1.415069341659546,0.9868528246879578
1779958218839399200,58.30539916992188,0.36850446462631226,1.107956886291504,0.35705074667930603
1779958218855710000,58.3217099609375,-0.09346238523721695,1.3127493858337402,0.7852672934532166
1779958218872042500,58.33804248046875,-0.49357911944389343,1.5105170011520386,1.2683089971542358
1779958218888374800,58.354374755859375,-0.6224716901779175,1.8753563165664673,1.1753047704696655
1779958218904707600,58.37070751953125,-0.547182559967041,1.9929478168487549,0.869719386100769
1779958218921041000,58.387041015625,-0.35659259557724,1.6519323587417603,0.6772968173027039
1779958218937372400,58.40337231445312,-0.16065755486488342,1.260367751121521,0.5609270334243774
1779958218953692200,58.41969213867188,0.033597588539123535,0.7774787545204163,0.3701843321323395
1779958218970024400,58.4360244140625,0.18539759516716003,0.43157628178596497,0.1411098688840866
1779958218986366500,58.45236645507813,0.3335324227809906,0.4691445231437683,0.05864306539297104
1779958219002702800,58.468702880859375,0.4502076804637909,0.788016140460968,0.07590000331401825
1779958219019031600,58.48503149414063,0.4680754840373993,1.144608736038208,-0.06276640295982361
1779958219035362000,58.501362060546874,0.4951062798500061,1.457066297531128,-0.2964223623275757
1779958219051694800,58.51769482421875,0.5022839307785034,1.8414533138275146,-0.3778201639652252
1779958219068041200,58.53404125976562,0.45875978469848633,2.135890245437622,-0.4239404797554016
1779958219084375000,58.550375,0.4251621961593628,2.347555160522461,-0.5435173511505127
1779958219100674000,58.56667407226563,0.4069889783859253,2.3385448455810547,-0.6650795340538025
1779958219117012500,58.583012451171875,0.46960264444351196,2.004554271697998,-0.6409503817558289
1779958219133360000,58.59936010742187,0.6058256030082703,1.7434093952178955,-0.7509061098098755
1779958219149679600,58.6156796875,0.8161159753799438,1.6714800596237183,-1.0994046926498413
1779958219166021000,58.63202124023437,1.0419833660125732,1.8252654075622559,-1.4824172258377075
1779958219182353700,58.64835375976563,1.1100949048995972,1.9423987865447998,-1.7637206315994263
1779958219198684000,58.66468383789063,0.9582948684692383,1.9677497148513794,-2.334268808364868
1779958219215028500,58.68102856445312,0.7646505832672119,1.5702290534973145,-3.3454034328460693
1779958219231365600,58.69736572265625,0.6858489513397217,0.1722639948129654,-4.396091938018799
1779958219247695000,58.71369506835938,0.7041749358177185,-0.5694791078567505,-5.3194146156311035
1779958219264010200,58.73001025390625,0.6921103000640869,-1.042594313621521,-4.469395637512207
1779958219280358100,58.74635815429688,0.46929723024368286,-0.4996877610683441,-2.289217472076416
1779958219296691700,58.76269165039062,0.2802344262599945,0.5447390675544739,-1.264491081237793
1779958219313022700,58.77902270507813,0.5699372887611389,0.3917173445224762,-1.5318973064422607
1779958219329354000,58.79535400390625,1.2072224617004395,-0.3880521357059479,-1.6496416330337524
1779958219345681700,58.811681640625,1.3130548000335693,-0.3723223805427551,-0.925308108329773
1779958219362011000,58.828010986328124,1.117730736732483,0.5992587804794312,0.21471913158893585
1779958219378334700,58.84433471679687,0.9141598343849182,1.4691308736801147,1.31916344165802
1779958219394666800,58.860666748046874,0.7250970602035522,1.9094120264053345,2.0590739250183105
1779958219410997500,58.87699755859375,0.4917465150356293,1.8362609148025513,2.4834725856781006
1779958219427329500,58.89332958984375,0.19792033731937408,1.107040524482727,2.8955013751983643
1779958219443667000,58.9096669921875,-0.18738290667533875,0.08735372871160507,3.4770450592041016
1779958219459996400,58.92599633789062,-0.988990843296051,-0.41981714963912964,4.257577896118164
1779958219476341000,58.942341064453124,-2.0560197830200195,-0.9265298843383789,4.710534572601318
1779958219492652300,58.95865234375,-2.4556782245635986,-1.966680645942688,3.986964702606201
1779958219508988000,58.97498779296875,-2.0957260131835938,-2.430938243865967,2.8820621967315674
1779958219525330400,58.991330322265625,-1.5717562437057495,-2.018756866455078,2.104583501815796
1779958219541661000,59.00766088867187,-1.2030991315841675,-1.2244794368743896,1.4903584718704224
1779958219558010400,59.02401025390625,-1.1510227918624878,-0.4473060667514801,0.5873469114303589
1779958219574315500,59.0403154296875,-1.1968377828598022,0.009162978269159794,-0.44135013222694397
1779958219590663700,59.05666357421875,-0.7322747111320496,0.2243402600288391,-1.1681270599365234
1779958219607003400,59.07300341796875,0.5204572081565857,-0.12247848510742188,-1.1296426057815552
1779958219623333000,59.0893330078125,2.1091649532318115,-0.8950703144073486,-1.05404794216156
1779958219639638000,59.105637939453125,2.5473079681396484,-2.1852176189422607,-1.3770430088043213
1779958219655997700,59.12199780273438,1.28434419631958,0.08597928285598755,-1.0685560703277588
1779958219672324900,59.138324951171874,0.18310685455799103,3.202003002166748,0.010231993161141872
1779958219688662300,59.154662353515626,-0.10125091671943665,3.830583333969116,0.7333437204360962
1779958219704991700,59.17099169921875,0.2816088795661926,2.660776376724243,0.31810808181762695
1779958219721323500,59.187323486328125,0.4509712755680084,1.957212209701538,0.12217304855585098
1779958219737640400,59.203640380859376,0.2716823220252991,0.6811147332191467,0.2217440903186798
1779958219753987600,59.21998754882812,0.1638645976781845,-0.8155050873756409,0.4156937897205353
1779958219770295300,59.23629541015625,0.1339322030544281,-1.613753318786621,0.6499606370925903
1779958219786669600,59.252669677734374,0.3553708493709564,-0.6319400668144226,0.6368269920349121
1779958219802984700,59.268984619140625,0.4300491213798523,0.8639161586761475,0.2431243658065796
1779958219819303200,59.28530322265625,0.32620203495025635,1.0990992784500122,0.015118914656341076
1779958219835631000,59.301631103515625,0.294895201921463,-0.1160643994808197,-0.098502017557621
1779958219851971300,59.31797143554687,0.32940909266471863,-0.7738135457038879,-0.09941831976175308
1779958219868299300,59.33429931640625,0.3982841372489929,-0.06414084881544113,0.03420845419168472
1779958219884631300,59.35063134765625,0.4389066696166992,1.2483031749725342,0.007635815534740686
1779958219900966100,59.36696606445312,0.5004513263702393,1.9016234874725342,-0.29275718331336975
1779958219917296400,59.38329638671875,0.5655084848403931,1.7165313959121704,-0.7748825550079346
1779958219933629000,59.39962890625,0.6707300543785095,1.3463469743728638,-1.4761558771133423
1779958219949961700,59.41596166992188,0.7461718916893005,1.004873275756836,-2.258979558944702
1779958219966292500,59.43229248046875,0.8706356883049011,0.5832235813140869,-3.2169690132141113
1779958219982624500,59.44862451171875,0.9349292516708374,0.2770273983478546,-3.9064831733703613
1779958219998958000,59.4649580078125,0.8358163833618164,-0.2070833146572113,-4.112955570220947
1779958220015288000,59.4812880859375,0.6438519954681396,-0.9856310486793518,-3.9451205730438232
1779958220031621600,59.49762158203125,0.44593164324760437,-1.7127134799957275,-3.3350188732147217
1779958220047968000,59.51396801757812,0.04245513305068016,-1.790598750114441,-2.4775166511535645
1779958220064299300,59.53029931640625,-0.020311269909143448,-1.1525499820709229,-1.5347989797592163
1779958220080629500,59.54662939453125,0.5991060733795166,-0.9624181985855103,-1.0783299207687378
1779958220096961300,59.562961181640624,1.1786644458770752,-1.3859004974365234,-1.223868489265442
1779958220113275400,59.579275390625,0.9941831827163696,-1.453248381614685,-1.133307695388794
1779958220129596000,59.59559594726562,0.5215262174606323,-0.782976508140564,-0.418748140335083
1779958220145943800,59.61194384765625,0.27947086095809937,0.18570303916931152,0.584139883518219
1779958220162278100,59.628278076171874,-0.035582900047302246,0.8196284174919128,1.6149749755859375
1779958220178607600,59.644607666015624,-0.5111414790153503,1.1530081033706665,2.5526530742645264
1779958220194953500,59.66095336914063,-0.8591819405555725,1.2101240158081055,3.318983554840088
1779958220211277300,59.67727734375,-1.1122329235076904,1.1565206050872803,3.8308887481689453
1779958220227619600,59.69361962890625,-1.3910928964614868,0.8016079068183899,3.988492012023926
1779958220243949800,59.70994970703125,-1.7020232677459717,0.13408492505550385,3.6861135959625244
1779958220260283000,59.72628295898438,-1.8350391387939453,-0.3065016269683838,3.1506903171539307
1779958220276639000,59.74263891601562,-1.769829273223877,-0.2837468981742859,2.7647759914398193
1779958220292946400,59.75894653320312,-1.7331774234771729,0.10995574295520782,2.7311785221099854
1779958220309278200,59.7752783203125,-1.638798713684082,0.3309362530708313,2.772411823272705
1779958220325606100,59.791606201171874,-1.4485142230987549,-0.04581489413976669,2.4136812686920166
1779958220341948400,59.80794848632812,-0.7751879692077637,0.2028072625398636,1.6911804676055908
1779958220358258000,59.8242578125,-0.5258022546768188,0.9295842051506042,0.8642216324806213
1779958220374593800,59.84059375,-0.6041457056999207,1.0529789924621582,0.25045475363731384
1779958220390925600,59.856925537109376,-0.3827070891857147,0.2538145184516907,-0.1889100819826126
1779958220407258000,59.87325805664062,0.012522737495601177,-1.18492591381073,-0.6411030888557434
1779958220423591000,59.8895908203125,0.7064656615257263,-2.6143505573272705,-1.094059705734253
1779958220439921000,59.9059208984375,1.1065824031829834,-1.6945401430130005,-1.2414308786392212
1779958220456255700,59.922255859375,0.9248499870300293,1.5801557302474976,-0.8984300494194031
1779958220472585500,59.93858544921875,0.9669997096061707,3.715587854385376,0.23136521875858307
1779958220488917500,59.95491748046875,0.70692378282547,-0.6090326309204102,0.893390417098999
1779958220505250000,59.97125,0.33719760179519653,0.303600013256073,-0.1362229436635971
1779958220521583000,59.9875830078125,-0.07681630551815033,3.4353535175323486,-1.116508960723877
1779958220537929700,60.0039296875,0.16264286637306213,2.0091357231140137,-1.2202032804489136
1779958220554261800,60.02026171875,0.39614611864089966,0.32788193225860596,-0.35842517018318176
1779958220570591700,60.036591796875,0.308792382478714,0.5375614166259766,0.36942076683044434
1779958220586923000,60.05292309570312,0.15393804013729095,0.5962044596672058,0.6368269920349121
1779958220603264800,60.0692646484375,-0.014202617108821869,0.11530081182718277,0.801913321018219
1779958220619587000,60.085587158203126,-0.11743884533643723,-0.5114469528198242,0.8739954233169556
1779958220635922000,60.101921875,0.21105393767356873,-0.7024950385093689,0.6572909951210022
1779958220652234500,60.118234375,0.5691736936569214,0.07422012835741043,0.21762074530124664
1779958220668583000,60.1345830078125,0.44577890634536743,1.3078625202178955,-0.09865473955869675
1779958220684915500,60.15091552734375,0.36911532282829285,1.7107281684875488,-0.2799290120601654
1779958220701244000,60.16724389648437,0.3723223805427551,1.623068928718567,-0.5262604355812073
1779958220717579800,60.183579833984375,0.3442225754261017,1.4136948585510254,-0.6614143252372742
1779958220733899300,60.19989916992188,0.3165809214115143,1.0755809545516968,-0.7991644740104675
1779958220750244900,60.216244873046875,0.2863430976867676,0.7405213713645935,-1.1861475706100464
1779958220766576400,60.232576416015625,0.3880521357059479,0.9691377282142639,-1.9876028299331665
1779958220782953500,60.24895336914062,0.5067127346992493,0.5969680547714233,-2.8912250995635986
1779958220799236000,60.26523608398438,0.7292203903198242,-0.003359758760780096,-3.8004980087280273
1779958220815588000,60.28158813476563,0.9430232048034668,-0.4786129295825958,-4.700608253479004
1779958220831910400,60.29791040039063,0.8762862086296082,-0.8376489877700806,-5.040249347686768
1779958220848234000,60.31423388671875,0.470060795545578,-0.8585711121559143,-4.164573669433594
1779958220864556000,60.33055615234375,0.07101308554410934,-0.17088955640792847,-2.7346909046173096
1779958220880877800,60.3468779296875,-0.28649580478668213,0.8355109095573425,-1.5277739763259888
1779958220897220000,60.36322021484375,-0.294437050819397,0.4411974251270294,-1.4747813940048218
1779958220913553400,60.37955346679688,0.038637228310108185,-0.8058840036392212,-1.7310394048690796
1779958220929884200,60.39588427734375,0.08521570265293121,-0.6747006773948669,-1.1636983156204224
1779958220946217500,60.412217529296875,-0.04993823543190956,-0.22846360504627228,-0.21059578657150269
1779958220962548200,60.42854833984375,-0.07880161702632904,-0.126143679022789,0.5264131426811218
1779958220978880500,60.444880615234375,-0.16584990918636322,-0.2431243658065796,1.2151637077331543
1779958220995211800,60.46121166992187,-0.20372356474399567,-0.15790866315364838,1.7021759748458862
1779958221011545900,60.4775458984375,-0.2018909603357315,0.052228979766368866,2.079996109008789
1779958221027879200,60.493879150390626,-0.19456058740615845,-0.03039054572582245,2.4297165870666504
1779958221044223000,60.51022290039062,-0.16920967400074005,-0.18081611394882202,2.789363384246826
1779958221060545000,60.526544921875,-0.1612684279680252,-0.1976149082183838,3.09891939163208
1779958221076894500,60.54289453125,-0.16539175808429718,-0.29168814420700073,3.325244903564453
1779958221093202700,60.55920263671875,-0.5401576161384583,-0.31642818450927734,3.516903877258301
1779958221109539300,60.57553930664063,-1.183398723602295,-0.41340306401252747,3.5126278400421143
1779958221125879000,60.591879150390625,-1.52578866481781,-0.42562034726142883,3.252246618270874
1779958221142218000,60.608218017578125,-1.63467538356781,-0.10002918541431427,2.881298542022705
1779958221158541800,60.62454174804687,-1.2898420095443726,0.07727445662021637,2.540588617324829
1779958221174884600,60.640884521484374,-1.0077749490737915,-0.20112738013267517,2.3826799392700195
1779958221191209500,60.65720947265625,-0.889267086982727,-0.5911648273468018,2.0891592502593994
1779958221207543300,60.67354321289063,-0.5720753073692322,-0.9141598343849182,1.0062477588653564
1779958221223875600,60.68987548828125,-0.328340083360672,-0.6507241725921631,-0.5380195379257202
1779958221240207000,60.70620703125,-0.3010038435459137,-0.5254968404769897,-0.9570731520652771
1779958221256539400,60.72253930664063,-0.16523905098438263,-1.471268892288208,-1.2150110006332397
1779958221272839700,60.73883959960938,0.1310305893421173,-0.5816964507102966,-1.5436564683914185
1779958221289191700,60.75519165039063,0.28848111629486084,2.085952043533325,-1.8125898838043213
1779958221305540000,60.7715400390625,0.6840163469314575,4.057825088500977,-1.5557210445404053
1779958221321859300,60.787859375,0.9346238374710083,0.9941831827163696,-0.03833179548382759
1779958221338198800,60.80419873046875,0.4889976382255554,-5.636606216430664,2.372753381729126
1779958221354515000,60.820514892578124,-0.21578814089298248,-1.3756685256958008,1.5096007585525513
1779958221370855400,60.83685546875,-0.38896843791007996,5.08056640625,-1.535562515258789
1779958221387182800,60.85318286132812,-0.07024950534105301,4.050036430358887,-1.5890132188796997
1779958221403515400,60.869515380859376,0.18860463798046112,1.4989105463027954,-0.2834414839744568
1779958221419849500,60.88584936523438,0.3937026560306549,-0.1186605766415596,0.5940664410591125
1779958221436176600,60.9021767578125,0.2509129047393799,-0.7669413089752197,1.1191051006317139
1779958221452514000,60.91851416015625,-0.025656340643763542,-0.7405213713645935,1.3920091390609741
1779958221468845300,60.93484521484375,-0.14263702929019928,-0.3602577745914459,1.3469579219818115
1779958221485175300,60.95117529296875,0.23365595936775208,0.3813326358795166,0.7576256394386292
1779958221501507800,60.9675078125,0.4683809280395508,1.045495867729187,-0.08445212244987488
1779958221517833200,60.98383325195312,0.34147366881370544,0.9236282706260681,-0.39767327904701233
1779958221534172000,61.000171875,0.28435778617858887,-0.004886921960860491,-0.46547931432724
1779958221550519600,61.01651953125,0.3923282027244568,-0.5653557777404785,-0.6039929986000061
1779958221566850300,61.03285034179687,0.5410739183425903,0.35582900047302246,-0.879187822341919
1779958221583182000,61.04918212890625,0.518471896648407,2.0147862434387207,-0.9998337030410767
1779958221599498000,61.065498046875,0.347276896238327,2.4419338703155518,-0.8503243923187256
1779958221615851000,61.08185107421875,0.21319197118282318,1.8179349899291992,-0.8058840036392212
1779958221632167400,61.09816748046875,0.22632557153701782,1.2486085891723633,-1.35535728931427
1779958221648510700,61.1145107421875,0.26862800121307373,0.9619600176811218,-2.1320724487304688
1779958221664842800,61.1308427734375,0.2993239760398865,0.540921151638031,-2.8988609313964844
1779958221681173000,61.147173095703124,0.34513887763023376,0.517250120639801,-3.740786075592041
1779958221697506300,61.16350634765625,0.3877467215061188,-0.23228150606155396,-3.886477470397949
1779958221713814500,61.179814453125,0.4349360466003418,-1.3859004974365234,-3.1444287300109863
1779958221730166300,61.196166259765626,0.4196644127368927,-1.4602733850479126,-2.793944835662842
1779958221746488000,61.212488037109374,0.3332269787788391,-1.2524265050888062,-2.869234085083008
1779958221762820600,61.22882055664063,0.5141957998275757,-1.3585642576217651,-2.607936382293701
1779958221779151600,61.245151611328126,0.8506298661231995,-1.4850133657455444,-2.073734760284424
1779958221795484400,61.261484375,0.5685628056526184,-0.9117164015769958,-1.2286027669906616
1779958221811816400,61.27781640625,0.22189679741859436,-0.17989981174468994,-0.4570799171924591
1779958221828164900,61.294164794921876,0.30512720346450806,0.3686571717262268,0.11591167747974396
1779958221844495400,61.31049536132812,0.17348572611808777,0.12660181522369385,0.4389066696166992
1779958221860810000,61.32681005859375,0.10354165732860565,0.1420261710882187,0.7713701128959656
1779958221877145600,61.3431455078125,-0.02733621932566166,0.23808473348617554,1.2586878538131714
1779958221893478000,61.359477783203126,-0.21853704750537872,0.3404046595096588,1.7540996074676514
1779958221909796000,61.375796142578125,-0.35216382145881653,0.5642867684364319,2.2745566368103027
1779958221926141200,61.39214111328125,-0.36560285091400146,0.797789990901947,2.8487701416015625
1779958221942470100,61.40847021484375,-0.29306259751319885,0.9330966472625732,3.2731688022613525
1779958221958804700,61.4248046875,-0.1547016203403473,1.024420976638794,3.4402403831481934
1779958221975136800,61.44113671875,-0.020922135561704636,1.0563386678695679,3.469409227371216
1779958221991457000,61.45745703125,-0.3017674386501312,1.1603385210037231,3.7165040969848633
1779958222007800300,61.47380029296875,-1.5004377365112305,1.208902359008789,3.9457314014434814
1779958222024151600,61.49015161132812,-2.2820398807525635,1.1902709007263184,3.5127806663513184
1779958222040478500,61.506478515625,-2.0398318767547607,1.4892895221710205,2.6951375007629395
1779958222056812000,61.52281201171875,-0.9871582388877869,1.1316279172897339,2.029599666595459
1779958222073127200,61.53912719726563,-0.33139440417289734,0.3387247920036316,0.9515753388404846
1779958222089449200,61.55544921875,-0.09789115190505981,-0.6162103414535522,-1.0807733535766602
1779958222105793500,61.57179345703125,0.1817324161529541,-1.17240309715271,-1.6698001623153687
1779958222122127400,61.58812744140625,0.3975205719470978,-0.5587889552116394,-0.9717338681221008
1779958222138459600,61.604459716796875,-0.022602014243602753,1.3359622955322266,-0.7388415336608887
1779958222154790700,61.62079077148437,-0.4899139404296875,4.352720260620117,-1.1989758014678955
1779958222171126300,61.637126220703124,-0.4011857509613037,5.003749847412109,0.09834930300712585
1779958222187469000,61.653468994140624,-0.15913039445877075,2.8070785999298096,1.521665334701538
1779958222203800300,61.66980029296875,-0.17058411240577698,1.2622003555297852,1.1775954961776733
1779958222220131800,61.6861318359375,0.1592831164598465,-0.11484266817569733,1.762804388999939
1779958222236465000,61.70246484375,-0.31062498688697815,-1.9897408485412598,0.7130324840545654
1779958222252799000,61.718799072265625,-0.5865833759307861,1.009149432182312,0.0003054326225537807
1779958222269107700,61.73510766601562,-0.5283984541893005,2.765997886657715,0.22067506611347198
1779958222293630200,61.75963012695313,-0.2002110779285431,3.216052770614624,1.2710578441619873
1779958222309925600,61.77592553710937,0.0022907445672899485,4.5237627029418945,1.4526375532150269
1779958222326265900,61.79226586914063,0.35643985867500305,4.95747709274292,1.7153096199035645
1779958222342613000,61.808613037109374,0.8069530129432678,1.6781995296478271,1.2718214988708496
1779958222358940400,61.8249404296875,0.9207266569137573,-0.8190175890922546,1.1383473873138428
1779958222375273500,61.8412734375,0.566730260848999,0.16264286637306213,1.458898901939392
1779958222391606000,61.85760595703125,0.3937026560306549,1.4692835807800293,1.0166324377059937
1779958222407933400,61.87393334960937,0.42241331934928894,2.1427626609802246,0.2877175211906433
1779958222424270600,61.8902705078125,0.37430769205093384,2.046856641769409,0.0025961773935705423
1779958222440604400,61.9066044921875,0.30024027824401855,1.5682437419891357,0.17760907113552094
1779958222456921000,61.922921142578126,0.20311269164085388,1.0167851448059082,0.5621487498283386
1779958222473266700,61.9392666015625,0.11820242553949356,0.5650503635406494,0.8489499688148499
1779958222489591300,61.95559130859375,0.1264491081237793,0.3959933817386627,0.8706356883049011
1779958222505928400,61.971928466796875,0.2535090744495392,0.19120082259178162,0.7165449261665344
1779958222522278700,61.988278564453125,0.3715587854385376,0.17898350954055786,0.41370847821235657
1779958222538608600,62.00460864257813,0.4225660264492035,0.6404922008514404,0.10216721147298813
1779958222554923500,62.02092358398438,0.3225368559360504,0.8834638595581055,-0.012675453908741474
1779958222571267300,62.037267333984374,0.13759739696979523,0.5371032953262329,0.3672827184200287
1779958222587608300,62.0536083984375,0.052228979766368866,0.12186761945486069,0.6910412907600403
1779958222603936500,62.0699365234375,0.01924225501716137,0.06918048858642578,0.8480336666107178
1779958222620255500,62.08625537109375,0.05925392732024193,0.2590068578720093,0.8918632864952087
1779958222636600300,62.10260034179687,0.1713477075099945,0.475253164768219,0.8445212244987488
1779958222652933400,62.11893334960938,0.2684752643108368,0.6757696866989136,0.8104654550552368
1779958222669264100,62.13526416015625,0.28909197449684143,0.9699012637138367,0.6939429044723511
1779958222685577700,62.15157763671875,0.2373211532831192,1.3362677097320557,0.3576616048812866
1779958222701929500,62.16792944335938,0.06414084881544113,1.5421292781829834,-0.15775595605373383
1779958222718258400,62.184258544921875,-0.1547016203403473,1.2739595174789429,-0.5966626405715942
1779958222734599700,62.200599609375,-0.4430300295352936,0.845132052898407,-1.0841331481933594
1779958222750903800,62.21690380859375,-0.873842716217041,0.5242751240730286,-1.7011070251464844
1779958222767257600,62.23325756835938,-1.249372124671936,0.20845776796340942,-2.1207714080810547
1779958222783590000,62.24958984375,-1.373683214187622,-0.2727513313293457,-2.241264581680298
1779958222799913000,62.265912841796876,-1.1566733121871948,-1.072221279144287,-2.303725481033325
1779958222816254200,62.28225415039063,-0.7535023093223572,-1.7397441864013672,-2.7036895751953125
1779958222832585000,62.2985849609375,-0.13958270847797394,-1.933235764503479,-3.064558267593384
1779958222848912600,62.31491259765625,0.5606215596199036,-1.3994922637939453,-3.0445523262023926
1779958222865236000,62.33123608398437,1.109636664390564,-0.25641068816185,-2.850602626800537
1779958222881565000,62.34756494140625,1.5500705242156982,1.0416779518127441,-2.7339274883270264
1779958222897902600,62.36390258789063,1.8694003820419312,1.9532415866851807,-2.8160886764526367
1779958222914232000,62.38023217773438,1.69622004032135,1.9750800132751465,-2.950937271118164
1779958222930560300,62.39656030273437,1.0291552543640137,0.6801984310150146,-2.8484647274017334
1779958222946900200,62.412900146484375,0.674089789390564,-0.580016553401947,-2.755460500717163
1779958222963227400,62.42922729492187,0.49296826124191284,-0.44180828332901,-2.6652050018310547
1779958222979559400,62.445559326171875,0.43615779280662537,0.4508185386657715,-2.34175181388855
1779958222995895000,62.46189501953125,0.3094032406806946,0.16859880089759827,-1.799456238746643
1779958223012236300,62.478236328125,-0.046731192618608475,-0.6215553879737854,-1.4332425594329834
1779958223028569000,62.494569091796876,-0.29794952273368835,-0.9882272481918335,-1.4211779832839966
1779958223044897300,62.51089721679688,-0.2704605758190155,-1.4579826593399048,-1.4317153692245483
1779958223061217800,62.5272177734375,-0.11682797968387604,-1.8779524564743042,-1.2281445264816284
1779958223077553200,62.54355322265625,0.07284568250179291,-1.680490255355835,-0.8087855577468872
1779958223093863700,62.55986376953125,0.16630806028842926,-1.316567301750183,-0.1638645976781845
1779958223110204400,62.576204345703125,0.0832303911447525,-0.8671231865882874,0.5169447064399719
1779958223126550300,62.59255029296875,-0.022907447069883347,-0.31154128909111023,1.1797335147857666
1779958223142880300,62.60888037109375,-0.1690569519996643,0.24068090319633484,1.7939585447311401
1779958223159228400,62.625228515625,-0.4524984359741211,0.6563746929168701,2.358245372772217
1779958223175558100,62.64155810546875,-0.7185302376747131,0.977689802646637,2.749809980392456
1779958223191891700,62.6578916015625,-0.8371908068656921,1.0687087774276733,2.7452285289764404
1779958223208222000,62.67422192382813,-0.5926920175552368,1.2324206829071045,1.7695238590240479
1779958223224555300,62.69055517578125,-0.1371392458677292,1.189354658126831,0.23839016258716583
1779958223240888800,62.70688891601562,-0.10262536257505417,-0.044135015457868576,-0.35643985867500305
1779958223257217000,62.72321704101562,-0.2779437005519867,-0.5093088746070862,-0.6430884003639221
1779958223273556000,62.73955590820312,-0.2912299931049347,-0.7302893996238708,-0.7261660695075989
1779958223289867300,62.7558671875,0.03985895588994026,-0.619111955165863,-0.3959933817386627
1779958223306216700,62.772216796875,0.230448916554451,0.8924741148948669,0.02779436856508255
1779958223322547500,62.78854736328125,0.05146539583802223,3.2600350379943848,0.2762638032436371
1779958223338878000,62.8048779296875,-0.20906862616539001,2.9636127948760986,0.4836525619029999
1779958223355197700,62.82119775390625,-0.4105014503002167,1.623374342918396,0.6676757335662842
1779958223371531000,62.837531005859375,-0.22937989234924316,1.977676272392273,0.9014843702316284
1779958223387861200,62.853861328125,0.012522737495601177,2.3577871322631836,1.3993395566940308
1779958223404195300,62.8701953125,0.20891591906547546,2.4156665802001953,2.33365797996521
1779958223420526800,62.88652685546875,0.43157628178596497,2.4466679096221924,3.134807825088501
1779958223436859400,62.902859375,0.5006040930747986,1.910786509513855,2.621070146560669
1779958223453191400,62.91919140625,0.3266601860523224,0.5123631954193115,0.9358455538749695
1779958223469509600,62.93550952148438,0.3689626157283783,0.4034765064716339,0.699288010597229
1779958223485856800,62.95185668945312,0.017409659922122955,0.2142609804868698,1.3368785381317139
1779958223502203400,62.968203369140625,-0.29886582493782043,0.4106541574001312,1.6226108074188232
1779958223518536000,62.98453588867188,-0.5407684445381165,1.3098478317260742,1.4711161851882935
1779958223534870500,63.00087060546875,-0.5293147563934326,1.8527542352676392,1.1983648538589478
1779958223551179300,63.01717919921875,-0.3805690407752991,2.2707388401031494,0.868803083896637
1779958223567515600,63.033515625,-0.28038713335990906,2.581974744796753,0.7776314616203308
1779958223583852300,63.04985229492188,-0.28848111629486084,2.8489227294921875,1.1264355182647705
1779958223600178400,63.06617846679688,-0.3497203588485718,2.8382327556610107,1.4987578392028809
1779958223616511700,63.08251171875,-0.26450464129447937,2.2489004135131836,1.4599679708480835
1779958223632848400,63.098848388671875,-0.019394971430301666,1.4960089921951294,1.145830512046814
1779958223649179000,63.11517895507812,0.1875356286764145,1.2409727573394775,0.9511171579360962
1779958223665522200,63.131522216796874,0.1941024363040924,1.591456651687622,0.9871582388877869
1779958223681855700,63.147855712890625,0.13179416954517365,2.1850650310516357,1.098183035850525
1779958223698184000,63.164183837890626,0.2122756689786911,2.3316726684570312,1.0604621171951294
1779958223714515200,63.18051513671875,0.45433104038238525,1.501812219619751,0.9598219990730286
1779958223730854100,63.196854248046876,0.6178901791572571,0.9795224070549011,0.679740309715271
1779958223747182000,63.21318212890625,0.6284276247024536,1.693318486213684,0.1514945775270462
1779958223763511600,63.229511474609374,0.4079052805900574,2.345417022705078,-0.12828169763088226
1779958223779821300,63.2458212890625,0.2142609804868698,1.9730947017669678,-0.02825251780450344
1779958223796147500,63.2621474609375,0.1394299864768982,1.268919825553894,0.16172657907009125
1779958223812510200,63.27851025390625,0.001679879380390048,0.7765624523162842,0.30772337317466736
1779958223828842500,63.29484252929687,-0.16233743727207184,0.5545129179954529,0.2715296149253845
1779958223845165800,63.311165771484376,-0.3430008292198181,0.5958990454673767,-0.015577063895761967
1779958223861490200,63.327490234375,-0.5818491578102112,0.5560401082038879,-0.3901901841163635
1779958223877822700,63.34382275390625,-0.7464773058891296,0.21731531620025635,-0.8443684577941895
1779958223894160100,63.36016015625,-0.9053022861480713,-0.2554943859577179,-1.4819591045379639
1779958223910490400,63.37649047851563,-1.1311696767807007,-0.5629123449325562,-2.1736111640930176
1779958223926820900,63.39282080078125,-1.2090550661087036,-0.6672175526618958,-2.669481039047241
1779958223943154000,63.40915380859375,-0.8854491710662842,-0.8092437386512756,-3.0750956535339355
1779958223959475200,63.42547509765625,-0.48380526900291443,-1.0039570331573486,-3.2418618202209473
1779958223975818000,63.44181787109375,0.02015855349600315,-0.9605855941772461,-3.146414279937744
1779958223992153600,63.45815356445313,0.7313584089279175,-0.4622722864151001,-2.8683178424835205
1779958224008512500,63.474512451171876,1.344361662864685,0.23808473348617554,-2.679560422897339
1779958224024817200,63.49081713867187,1.8813122510910034,0.793361246585846,-2.646268129348755
1779958224041155000,63.507155029296875,2.1726949214935303,1.2510520219802856,-2.8486173152923584
1779958224057497900,63.523497802734376,1.7974709272384644,1.2672399282455444,-3.0781500339508057
1779958224073803300,63.53980322265625,1.2082914113998413,0.6382014751434326,-2.900846242904663
1779958224090139100,63.55613916015625,0.607810914516449,0.003359758760780096,-2.590679407119751
1779958224106497500,63.57249755859375,0.35643985867500305,0.26282477378845215,-2.338697671890259
1779958224122821400,63.5888212890625,0.3758348524570465,0.17027868330478668,-1.8748981952667236
1779958224139152000,63.60515185546875,0.10308351367712021,-0.16890424489974976,-1.3967434167861938
1779958224155486700,63.62148681640625,-0.2577851414680481,-0.22999076545238495,-1.165683627128601
1779958224171810000,63.63781005859375,-0.4040873646736145,-0.7728972434997559,-0.9674578309059143
1779958224188151300,63.6541513671875,-0.33047810196876526,-1.2893837690353394,-0.8009970784187317
1779958224204480800,63.67048071289062,-0.2292271852493286,-1.2379183769226074,-0.508698046207428
1779958224220796200,63.686796142578125,-0.10903944820165634,-0.964403510093689,-0.027947084978222847
1779958224237146000,63.70314599609375,-0.04764748737215996,-0.5473352670669556,0.5022839307785034
1779958224253477600,63.7194775390625,-0.15485434234142303,0.023060163483023643,1.0836749076843262
1779958224269792800,63.735792724609375,-0.38209620118141174,0.45891252160072327,1.7493653297424316
1779958224286142200,63.75214208984375,-0.6301075220108032,0.6198754906654358,2.5662448406219482
1779958224302478800,63.76847875976563,-0.7564038634300232,0.6831000447273254,3.360522508621216
1779958224318803000,63.78480297851563,-0.570853590965271,1.1869112253189087,3.5111007690429688
1779958224335138300,63.80113818359375,-0.23380866646766663,2.5389087200164795,1.7269160747528076
1779958224351453200,63.817453125,-0.10583240538835526,2.168571710586548,-0.5493205785751343
1779958224367787000,63.833787109375,0.025656340643763542,-0.879493236541748,-0.8617781400680542
1779958224384120800,63.850120849609375,0.08368854224681854,-2.0722076892852783,-0.8739954233169556
1779958224400434700,63.8664345703125,0.19379699230194092,-2.1983513832092285,-0.5400048494338989
1779958224416784400,63.88278442382813,0.37430769205093384,-0.6808093190193176,0.21120665967464447
1779958224433117700,63.89911767578125,0.37659841775894165,1.286634922027588,0.9601274728775024
1779958224449437200,63.91543725585937,0.03451388701796532,3.4243578910827637,1.1827877759933472
1779958224465783000,63.93178295898438,-0.07040221989154816,4.458094596862793,1.2528846263885498
1779958224482110700,63.94811083984375,-0.1976149082183838,2.8709139823913574,1.054964303970337
1779958224498461700,63.964461669921874,-0.1768454909324646,1.5060882568359375,0.5977316498756409
1779958224514791000,63.980791015625,-0.06444628536701202,1.5763378143310547,0.5477933883666992
1779958224531121400,63.997121337890626,0.03894266113638878,1.03037691116333,1.1293370723724365
1779958224547454700,64.01345483398437,0.02519819140434265,0.6783658266067505,1.704161286354065
1779958224563771000,64.02977099609375,0.2025018334388733,0.7524332404136658,1.8054121732711792
1779958224580100600,64.0461005859375,0.4714352488517761,1.0367910861968994,1.5248724222183228
1779958224596450800,64.06245092773437,0.4918992519378662,0.7527387142181396,1.1772900819778442
1779958224612785700,64.07878564453125,0.12690725922584534,0.16264286637306213,1.2206615209579468
1779958224629113300,64.09511328125,-0.15515977144241333,0.006108652334660292,1.455997347831726
1779958224645443000,64.11144311523438,-0.3072652220726013,0.5157229900360107,1.4546228647232056
1779958224661768200,64.12776831054687,-0.34513887763023376,1.017701506614685,1.1652255058288574
1779958224678096000,64.14409594726563,-0.2551889419555664,1.168585181236267,0.8414669036865234
1779958224694427400,64.16042749023437,-0.3023782968521118,1.433700680732727,0.816726803779602
1779958224710766000,64.17676611328125,-0.4079052805900574,1.7371480464935303,1.1354458332061768
1779958224727093800,64.19309375,-0.39813143014907837,1.8796323537826538,1.2974777221679688
1779958224743426600,64.20942651367187,-0.2148718535900116,1.8715384006500244,1.0751228332519531
1779958224759751200,64.22575122070313,0.00931569468230009,1.7232508659362793,0.7767151594161987
1779958224776128300,64.24212817382812,0.1846340149641037,1.4691308736801147,0.8414669036865234
1779958224792435700,64.25843579101563,0.2539672255516052,1.125366449356079,1.2015719413757324
1779958224808769500,64.27476953125,0.2967278063297272,1.136056661605835,1.3817771673202515
1779958224825106000,64.29110595703125,0.40301835536956787,1.377501130104065,1.1377365589141846
1779958224841412900,64.30741284179688,0.566730260848999,1.5909985303878784,0.5433646440505981
1779958224857755400,64.32375537109375,0.5731443166732788,1.5893186330795288,0.1621847152709961
1779958224874082800,64.34008276367187,0.4703662395477295,1.2971723079681396,0.12049316614866257
1779958224890414800,64.35641479492188,0.40775254368782043,0.9384417533874512,0.23197607696056366
1779958224906747600,64.37274755859374,0.3248275816440582,0.7096726894378662,0.3985895812511444
1779958224923079400,64.38907934570312,0.15806138515472412,0.45952337980270386,0.3384193480014801
1779958224939396000,64.40539599609374,-0.01725694350898266,0.2535090744495392,0.1537853181362152
1779958224955747600,64.42174755859375,-0.1488984078168869,0.2819143235683441,-0.12400564551353455
1779958224972072400,64.43807250976562,-0.2687807083129883,0.21853704750537872,-0.5303837656974792
1779958224988422700,64.45442260742188,-0.41661009192466736,-0.22449298202991486,-0.9767735004425049
1779958225004754700,64.47075463867188,-0.7002043128013611,-0.8072584271430969,-1.5884023904800415
1779958225021086500,64.48708642578126,-1.0459539890289307,-1.1966849565505981,-2.2479841709136963
1779958225037418000,64.50341796875,-1.0856602191925049,-1.4126259088516235,-2.9457449913024902
1779958225053750800,64.51975073242187,-0.8003861904144287,-1.7256942987442017,-3.3644931316375732
1779958225070078500,64.53607836914063,-0.43768495321273804,-2.043802499771118,-3.3710598945617676
1779958225086380000,64.55238012695312,-0.07391469180583954,-1.286634922027588,-3.081357002258301
1779958225102727400,64.5687275390625,0.23273965716362,-0.12751811742782593,-2.8035659790039062
1779958225119069000,64.58506884765625,0.3787364661693573,0.49006664752960205,-2.727360486984253
1779958225135394600,64.60139453125,0.3017674386501312,0.4216497242450714,-2.7879889011383057
1779958225151732000,64.61773193359375,0.19089539349079132,-0.011301007121801376,-2.8368582725524902
1779958225168059600,64.6340595703125,0.22586742043495178,-0.835358202457428,-2.7627906799316406
1779958225184409900,64.65040991210938,0.3292563557624817,-1.9000962972640991,-2.5028676986694336
1779958225200738000,64.66673803710937,0.2796235680580139,-2.25317645072937,-2.2272145748138428
1779958225217071900,64.68307177734376,0.299018532037735,-2.0253236293792725,-1.9993619918823242
1779958225233368000,64.6993681640625,0.13377949595451355,-1.8981109857559204,-1.7695238590240479
1779958225249716000,64.71571606445312,0.038179077208042145,-1.7970128059387207,-1.5525140762329102
1779958225266068500,64.732068359375,-0.0907134860754013,-2.1322250366210938,-1.1818715333938599
1779958225282399000,64.74839892578125,-0.2845104932785034,-2.386650562286377,-0.6777549982070923
1779958225298724400,64.76472436523437,-0.4056145250797272,-2.4669792652130127,-0.17791450023651123
1779958225315047200,64.78104711914062,-0.45921793580055237,-2.373516798019409,0.25182920694351196
1779958225331379500,64.79737939453125,-0.43386703729629517,-2.222175121307373,0.589790403842926
1779958225347715000,64.81371508789063,-0.48915034532546997,-2.0471620559692383,0.9685268402099609
1779958225364045600,64.83004565429688,-0.8037459254264832,-1.922087550163269,1.4176654815673828
1779958225380383200,64.84638330078126,-1.1928671598434448,-1.7912095785140991,2.0141754150390625
1779958225396697300,64.862697265625,-1.5546520948410034,-1.4534010887145996,2.80845308303833
1779958225413042700,64.87904272460938,-1.6942347288131714,-1.2867876291275024,3.2446107864379883
1779958225429373200,64.89537329101563,-0.9506590366363525,-2.8817567825317383,1.2918273210525513
1779958225445704000,64.91170385742187,-0.5138903856277466,-2.6563475131988525,-0.4331034719944
1779958225462042400,64.92804248046875,-0.26251932978630066,-2.048383951187134,-0.6212499737739563
1779958225478379300,64.94437915039063,0.048258353024721146,-3.1053335666656494,-0.3199406862258911
1779958225494691800,64.96069189453125,0.11209376901388168,-3.084716796875,-0.11362093687057495
1779958225511025200,64.97702514648438,-0.2525927722454071,-1.252121090888977,0.0019853119738399982
1779958225527370500,64.99337060546875,-0.41172316670417786,-0.023518312722444534,0.4268420934677124
1779958225543699000,65.00969897460938,-0.02687807008624077,-0.764955997467041,0.42470407485961914
1779958225560019000,65.02601904296876,0.27840182185173035,-2.937192916870117,-0.7861835956573486
1779958225576364800,65.04236474609375,0.21853704750537872,-3.1917707920074463,-1.7551685571670532
1779958225592694800,65.05869482421875,-0.446389764547348,-1.985922932624817,-1.513113260269165
1779958225609057000,65.07505712890625,-0.9390525817871094,-0.14553864300251007,-0.46960264444351196
1779958225625366800,65.09136669921875,-1.2693779468536377,0.2519819140434265,0.5746715068817139
1779958225641694500,65.10769458007813,-1.55892813205719,0.22479841113090515,1.4060590267181396
1779958225658041900,65.12404174804688,-1.5218180418014526,-0.4147774875164032,1.6969836950302124
1779958225674370300,65.14037036132812,-1.1840095520019531,-1.208902359008789,1.4036155939102173
1779958225690686000,65.15668603515626,-0.8967501521110535,-1.8694003820419312,0.9049968719482422
1779958225707032800,65.17303271484376,-0.7290676832199097,-2.207819700241089,0.8584184050559998
1779958225723367200,65.1893671875,-0.6110179424285889,-1.9121609926223755,1.2510520219802856
1779958225739672800,65.2056728515625,-0.5603161454200745,-1.5824464559555054,1.528384804725647
1779958225756028400,65.2220283203125,-0.5348125100135803,-1.4764612913131714,1.3116804361343384
1779958225772358100,65.23835815429688,-0.48609602451324463,-1.202946424484253,0.8959866166114807
1779958225788695600,65.25469555664063,-0.3813326358795166,-0.6725626587867737,0.6298020482063293
1779958225805025500,65.27102563476562,-0.2796235680580139,-0.20525072515010834,0.4954117238521576
1779958225821326300,65.28732641601563,-0.1950187236070633,0.05803219974040985,0.3877467215061188
1779958225837668600,65.30366870117187,-0.11178833991289139,0.08460483700037003,0.2687807083129883
1779958225853995800,65.31999584960937,-0.052381694316864014,-0.1010981947183609,0.19517144560813904
1779958225870330600,65.33633056640625,0.010231993161141872,-0.2545780837535858,0.23716843128204346
1779958225886659000,65.3526591796875,0.03329215571284294,-0.318566232919693,0.2945897579193115
1779958225902994200,65.368994140625,0.034666601568460464,-0.33292156457901,0.21868975460529327
1779958225919325400,65.38532543945313,0.058337632566690445,-0.16279558837413788,0.029626963660120964
1779958225935657500,65.40165747070313,0.08048149943351746,0.15577064454555511,-0.1388191282749176
1779958225951989000,65.41798901367187,0.05467243865132332,0.4004221558570862,-0.19135354459285736
1779958225968321800,65.43432177734375,0.017562376335263252,0.5459607839584351,-0.14844025671482086
1779958225984653000,65.45065307617188,-0.0022907445672899485,0.5338962078094482,-0.11194105446338654
1779958226000986000,65.46698608398438,0.005192354787141085,0.45875978469848633,-0.07238753139972687
1779958226017316400,65.48331640625,0.020311269909143448,0.4251621961593628,0.004734205547720194
1779958226033653000,65.49965307617188,0.05100724846124649,0.2594650089740753,0.11682797968387604
1779958226049987800,65.51598779296874,0.11789698898792267,0.022602014243602753,0.21013765037059784
1779958226066314800,65.53231469726562,0.16035212576389313,-0.030085112899541855,0.20555615425109863
1779958226082662400,65.54866235351562,0.1598939746618271,0.13347405195236206,0.12751811742782593
1779958226098989600,65.56498950195312,0.1511891484260559,0.4590652287006378,0.06872233748435974
1779958226115323000,65.58132299804687,0.1511891484260559,0.7554876208305359,-0.003512475173920393
1779958226131656200,65.59765625,0.15653422474861145,0.9161451458930969,-0.10491610318422318
1779958226147986000,65.61398583984375,0.17043140530586243,0.9984592199325562,-0.1569923609495163
1779958226164320500,65.63032055664063,0.2041817009449005,1.025948166847229,-0.1420261710882187
1779958226180648000,65.64664794921875,0.23839016258716583,0.9237809777259827,-0.14294247329235077
1779958226196986600,65.66298657226562,0.28909197449684143,0.8017606139183044,-0.20173825323581696
1779958226213317400,65.6793173828125,0.3430008292198181,0.8539896011352539,-0.24098633229732513
1779958226229631700,65.6956318359375,0.3874412775039673,1.0412198305130005,-0.26740625500679016
1779958226245981000,65.71198095703124,0.4213443100452423,1.2246321439743042,-0.3364340364933014
1779958226262324700,65.72832470703125,0.4547891616821289,1.324813961982727,-0.423329621553421
1779958226278657800,65.74465771484375,0.5016731023788452,1.3758212327957153,-0.502436637878418
1779958226294987300,65.7609873046875,0.5775730609893799,1.4217888116836548,-0.5364924073219299
1779958226311305200,65.77730517578125,0.6893614530563354,1.485318899154663,-0.49877145886421204
1779958226327641000,65.79364111328125,0.7310529947280884,1.7081319093704224,-0.3962988257408142
1779958226343972900,65.80997290039062,0.7134906053543091,2.0700695514678955,-0.30314189195632935
1779958226360311000,65.82631103515625,0.688903272151947,2.520430088043213,-0.2935207486152649
1779958226376623600,65.84262353515625,0.6438519954681396,2.870150327682495,-0.34315356612205505
1779958226392957200,65.85895727539062,0.5771149396896362,2.9498682022094727,-0.40072759985923767
1779958226409299700,65.8752998046875,0.4537201523780823,2.7094926834106445,-0.33857205510139465
1779958226425630000,65.8916298828125,0.3225368559360504,2.1429152488708496,-0.10445795953273773
1779958226441971000,65.90797094726562,0.2321287989616394,1.1242974996566772,0.13790282607078552
1779958226458295000,65.924294921875,0.18020524084568024,-0.29733866453170776,0.25564709305763245
1779958226474649000,65.94064916992187,0.20891591906547546,-0.7392996549606323,0.09514226019382477
1779958226490974700,65.956974609375,0.285121351480484,0.531147301197052,-0.4735732674598694
1779958226507296500,65.97329663085938,0.33796119689941406,1.7912095785140991,-1.118036150932312
1779958226523623400,65.98962353515626,0.3527746796607971,2.012800931930542,-1.4136948585510254
1779958226539992300,66.00599243164062,0.4178318381309509,1.877647042274475,-1.4303410053253174
1779958226556283100,66.022283203125,0.6998988389968872,1.4915802478790283,-1.392925500869751
1779958226572658700,66.03865869140625,1.0143417119979858,0.8393288254737854,-1.4486669301986694
1779958226588966100,66.05496606445313,1.1989758014678955,0.12858712673187256,-1.588249683380127
1779958226605283300,66.07128344726563,1.1916453838348389,0.304669052362442,-1.5989397764205933
1779958226621615600,66.08761572265625,0.8562803864479065,1.9294178485870361,-1.0488556623458862
1779958226637949700,66.10394970703125,-0.03756821155548096,3.8479928970336914,0.1644754707813263
1779958226654283300,66.120283203125,-0.8678867816925049,4.041179180145264,1.4048373699188232
1779958226670612700,66.13661279296875,-1.1688905954360962,3.025921106338501,1.958433985710144
1779958226686945300,66.1529453125,-1.1647672653198242,1.800678014755249,1.5401439666748047
1779958226703279600,66.16927954101563,-1.0044151544570923,1.4534010887145996,0.6940956115722656
1779958226719627000,66.185626953125,-0.8851437568664551,1.4666874408721924,-0.15577064454555511
1779958226735922000,66.201921875,-0.6954700946807861,1.4526375532150269,-0.8278751373291016
1779958226752288300,66.21828833007812,-0.39614611864089966,1.2064588069915771,-0.6140722632408142
1779958226768622600,66.23462255859376,-0.17470745742321014,0.6517932415008545,0.37400224804878235
1779958226784947200,66.250947265625,0.03588833287358284,0.4980078935623169,0.6717990636825562
1779958226801268700,66.26726879882813,0.1514945775270462,0.6085745096206665,0.3269656300544739
1779958226817603800,66.28360375976563,0.3891211748123169,0.5658139586448669,-0.29046642780303955
1779958226833934800,66.29993481445312,0.7748825550079346,0.6357579827308655,-0.7031059265136719
1779958226850274600,66.31627465820313,0.9648616313934326,0.8607091307640076,-0.7988590002059937
1779958226866600400,66.33260034179688,1.003498911857605,1.2835805416107178,-0.5703954100608826
1779958226882931200,66.34893115234375,0.8391761183738708,1.4019356966018677,-0.2768746614456177
1779958226899263500,66.36526342773438,0.6846272349357605,1.1418598890304565,-0.3517056703567505
1779958226915596300,66.38159619140625,0.7666358947753906,0.508087158203125,-0.7002043128013611
1779958226931928000,66.39792797851563,0.9133962392807007,0.00427605677396059,-0.9250026941299438
1779958226948262400,66.41426245117188,1.0427470207214355,-0.24083362519741058,-0.8888089060783386
1779958226964593000,66.43059301757812,1.160033106803894,-0.34956762194633484,-0.7707592248916626
1779958226980946200,66.4469462890625,1.2912163734436035,-0.4715879559516907,-0.6678284406661987
1779958226997257500,66.46325756835938,1.4480561017990112,-0.5082398653030396,-0.5242751240730286
1779958227013604400,66.47960424804687,1.5060882568359375,-0.2762638032436371,-0.4184426963329315
1779958227029918500,66.49591845703125,1.5572482347488403,-0.1310305893421173,-0.32131510972976685
1779958227046268000,66.51226782226563,1.5900822877883911,0.00366519158706069,-0.16401731967926025
1779958227062598400,66.52859838867188,1.5341880321502686,0.16203200817108154,0.01466076634824276
1779958227078930000,66.54492993164062,1.3865114450454712,0.266642689704895,0.1840231567621231
1779958227095260700,66.5612607421875,1.1789699792861938,0.36621370911598206,0.34804046154022217
1779958227111591700,66.577591796875,0.903775155544281,0.42302417755126953,0.5656611919403076
1779958227127945200,66.5939453125,0.5971207618713379,0.5529857873916626,0.8009970784187317
1779958227144260600,66.61026049804687,0.327729195356369,0.8579602241516113,0.9891435503959656
1779958227160558000,66.62655810546875,0.19394971430301666,1.278693675994873,1.0273226499557495
1779958227176922400,66.64292236328124,0.1440114825963974,1.4326317310333252,0.7968736886978149
1779958227193257500,66.65925756835938,0.15515977144241333,1.0668761730194092,0.4453207552433014
1779958227209593300,66.67559326171875,0.16249015927314758,0.38637226819992065,0.37537670135498047
1779958227225914400,66.69191430664063,0.22296582162380219,-0.46502116322517395,0.5001459121704102
1779958227242258000,66.7082578125,0.27320948243141174,-1.0583239793777466,0.4554000496864319
1779958227258574800,66.72457495117187,0.22159136831760406,-1.21974515914917,0.12889257073402405
1779958227274912300,66.74091235351563,0.04795292019844055,-0.11423180252313614,0.22602014243602753
1779958227291232800,66.75723266601562,0.24236078560352325,1.1661417484283447,0.6785185933113098
1779958227307567600,66.77356762695312,0.7900014519691467,0.48380526900291443,0.2557998299598694
1779958227323890200,66.78989013671875,0.35063666105270386,-0.21151208877563477,-0.13729196786880493
1779958227340230400,66.80623046875,-0.09117163717746735,0.5717698931694031,0.4303545653820038
1779958227356564200,66.82256420898437,-0.14798210561275482,1.3655892610549927,1.172708511352539
1779958227372896800,66.83889672851562,-0.13698652386665344,1.9802724123001099,1.6843081712722778
1779958227389225000,66.85522485351562,-0.020311269909143448,3.0673069953918457,2.1172590255737305
1779958227405557800,66.87155786132813,0.32910364866256714,3.9069414138793945,2.450485944747925
1779958227421898200,66.88789819335938,0.5251913666725159,3.684586524963379,2.4891231060028076
1779958227438223400,66.90422338867188,0.28848111629486084,2.048841953277588,1.9886717796325684
1779958227454555600,66.9205556640625,-0.192422553896904,0.029626963660120964,1.394299864768982
1779958227470888400,66.93688842773437,-0.3686571717262268,-0.5149593949317932,1.3208433389663696
1779958227487234800,66.95323486328125,-0.4150829315185547,-0.3663664162158966,1.474017858505249
1779958227503552000,66.96955200195312,-0.5287038683891296,-0.299018532037735,1.5992451906204224
1779958227519884500,66.98588452148438,-0.6369797587394714,-0.35063666105270386,1.6140587329864502
1779958227536216000,67.00221606445312,-0.7053966522216797,-0.1966986060142517,1.5387696027755737
1779958227552549400,67.01854931640625,-0.7121161818504333,0.32162055373191833,1.3649784326553345
1779958227568878800,67.03487890625,-0.588874101638794,0.5948300361633301,1.3089314699172974
1779958227585214500,67.05121435546874,-0.46273043751716614,0.7147123217582703,1.3031282424926758
1779958227601561900,67.06756176757813,-0.44104471802711487,1.1591167449951172,1.1184942722320557
1779958227617874000,67.0838740234375,-0.4063780903816223,1.6168075799942017,0.8837692737579346
1779958227634220800,67.100220703125,-0.21991148591041565,1.80510675907135,0.8446739315986633
1779958227650558200,67.11655810546876,-0.10522153973579407,1.5853480100631714,1.0010554790496826
1779958227666884400,67.13288427734375,-0.11194105446338654,1.0601565837860107,1.079246163368225
1779958227683222300,67.14922216796874,-0.10735956579446793,0.8074111342430115,1.0636690855026245
1779958227699535400,67.16553540039062,-0.024129176512360573,1.0051788091659546,0.9947940707206726
1779958227715867100,67.1818671875,0.06963863968849182,1.36955988407135,0.9340129494667053
1779958227732211700,67.19821166992188,0.14324790239334106,1.5508341789245605,1.0143417119979858
1779958227748546600,67.21454663085937,0.21609358489513397,1.5377005338668823,1.2373075485229492
1779958227764880600,67.23088061523437,0.35185837745666504,1.2999212741851807,1.3941471576690674
1779958227781195500,67.24719555664062,0.4720461070537567,0.8425359129905701,1.2287554740905762
1779958227797531100,67.26353125,0.5050328373908997,0.6424775123596191,0.8419250249862671
1779958227813863000,67.27986279296876,0.49327367544174194,0.9906707406044006,0.42500948905944824
1779958227830194200,67.29619409179688,0.4899139404296875,1.5572482347488403,0.0981965884566307
1779958227846527200,67.31252734375,0.5032002329826355,1.5998560190200806,0.0024434609804302454
1779958227862860000,67.32886010742187,0.4899139404296875,0.9234755635261536,0.16004669666290283
1779958227879190300,67.34519018554687,0.30405816435813904,0.07208210229873657,0.16294831037521362
1779958227895519500,67.36151953125,-0.07284568250179291,-0.5077817440032959,-0.13698652386665344
1779958227911861200,67.377861328125,-0.4518875777721405,-0.7545713186264038,-0.5383250117301941
1779958227928186400,67.39418627929687,-0.6745479702949524,-1.1403326988220215,-0.801913321018219
1779958227944519700,67.41051977539063,-0.759305477142334,-1.9439259767532349,-1.073290228843689
1779958227960854300,67.42685424804688,-0.7597636580467224,-2.300060272216797,-1.5448782444000244
1779958227977187800,67.44318774414063,-0.674089789390564,-2.200031280517578,-2.09083890914917
1779958227993525800,67.45952587890625,-0.4827362596988678,-2.1195497512817383,-2.534632682800293
1779958228009849900,67.47584985351563,-0.3234531581401825,-2.219273328781128,-2.741715908050537
1779958228026194700,67.49219458007812,-0.11743884533643723,-2.197129487991333,-2.8131871223449707
1779958228042530000,67.50853002929688,0.13637566566467285,-1.6698001623153687,-2.707813024520874
1779958228058860300,67.5248603515625,0.3043636083602905,-1.034500241279602,-2.53249454498291
1779958228075190300,67.54119018554688,0.3729332387447357,-0.6177374720573425,-2.4584271907806396
1779958228091506200,67.55750610351562,0.4434881806373596,-0.5771149396896362,-2.4223861694335938
1779958228107841300,67.57384130859376,0.48838675022125244,-0.9608910083770752,-2.4527766704559326
1779958228124161300,67.59016137695312,0.39446622133255005,-1.706910252571106,-2.422996997833252
1779958228140505600,67.60650561523437,0.22999076545238495,-2.230574369430542,-2.1459696292877197
1779958228156839000,67.6228388671875,-0.11713340878486633,-2.2033908367156982,-2.2151501178741455
1779958228173161700,67.63916162109375,-0.5164865851402283,-1.6675094366073608,-2.3524420261383057
1779958228189510700,67.6555107421875,-0.7988590002059937,-1.425454020500183,-2.093282461166382
1779958228205827600,67.67182763671875,-0.8200865983963013,-1.6705636978149414,-1.609171748161316
1779958228222183000,67.68818286132813,-0.8113817572593689,-2.4527766704559326,-1.3029755353927612
1779958228238509000,67.70450903320312,-0.8126034736633301,-2.814103364944458,-1.238071084022522
1779958228254844000,67.72084399414062,-0.9341656565666199,-2.61297607421875,-1.260367751121521
1779958228271160300,67.73716040039062,-0.9480628371238708,-2.607783794403076,-1.0958921909332275
1779958228287494700,67.75349462890625,-0.8718574047088623,-2.615114212036133,-0.7026477456092834
1779958228303826400,67.76982641601562,-0.8013024926185608,-2.3412938117980957,-0.2064724564552307
1779958228320157700,67.78615771484375,-0.7550294399261475,-1.8529070615768433,0.33307427167892456
1779958228336490800,67.80249072265624,-0.775340735912323,-1.29381263256073,0.9541715383529663
1779958228352823000,67.81882299804687,-0.7854200005531311,-0.5865833759307861,1.6885842084884644
1779958228369153800,67.83515380859374,-0.8043568134307861,0.03222314268350601,2.331214427947998
1779958228385486600,67.85148657226563,-0.6159048676490784,0.2025018334388733,2.4888176918029785
1779958228401819600,67.86781958007812,-0.12492194026708603,-0.25595253705978394,1.5575536489486694
1779958228418153000,67.88415307617187,0.16569720208644867,-1.2661709785461426,0.4108068645000458
1779958228434482000,67.90048193359375,-0.1440114825963974,-1.795332908630371,-0.6183483600616455
1779958228450815000,67.91681494140624,-0.33368512988090515,-2.5314254760742188,-1.4204144477844238
1779958228467148000,67.93314794921875,-0.40164390206336975,-2.7238481044769287,-1.6224581003189087
1779958228483497200,67.94949731445313,-0.43127086758613586,-1.8168659210205078,-1.3501648902893066
1779958228499804700,67.9658046875,-0.7498371005058289,0.09040805697441101,-0.230448916554451
1779958228516161800,67.98216186523437,-0.7144069075584412,2.447736978530884,1.0677924156188965
1779958228532489200,67.9984892578125,0.1420261710882187,4.281707286834717,1.2469286918640137
1779958228548805600,68.0148056640625,1.2536481618881226,1.8260289430618286,-0.06444628536701202
1779958228565155300,68.0311552734375,0.6701191663742065,-0.9790642857551575,-1.4593570232391357
1779958228581480700,68.04748071289063,-0.3068070709705353,-1.968207836151123,-0.8704829812049866
1779958228597823700,68.06382373046876,-0.4665483236312866,-1.8102991580963135,0.8463537693023682
1779958228614151700,68.08015161132812,-0.25595253705978394,-0.09300423413515091,2.295020818710327
1779958228630466000,68.09646606445312,0.36071592569351196,1.0574077367782593,2.906191349029541
1779958228646815200,68.11281518554688,0.8003861904144287,0.9443976879119873,2.1849122047424316
1779958228663153700,68.12915356445312,0.01924225501716137,-0.7687739133834839,0.6440047025680542
1779958228679479600,68.1454794921875,-0.9921978712081909,-0.6960809230804443,1.284038782119751
1779958228695782000,68.16178198242187,-1.0083857774734497,-1.2231049537658691,3.068070650100708
1779958228712120800,68.17812084960937,-0.8022187948226929,-1.2890783548355103,3.0807461738586426
1779958228728462600,68.19446264648437,-0.75105881690979,-0.2154827117919922,2.1204659938812256
1779958228744793600,68.21079370117188,-0.9277516007423401,0.4207334518432617,1.0699304342269897
1779958228761122600,68.22712255859375,-0.8721628785133362,1.5641204118728638,0.6811147332191467
1779958228777458400,68.24345849609375,-0.503963828086853,2.6922359466552734,0.8976664543151855
1779958228793787100,68.259787109375,-0.17516560852527618,2.5466971397399902,1.22279953956604
1779958228810112800,68.27611279296875,-0.04856378585100174,1.0764973163604736,1.5045610666275024
1779958228826454000,68.2924541015625,0.028099801391363144,-0.38576140999794006,1.703092336654663
1779958228842787000,68.308787109375,0.14798210561275482,-0.5090034604072571,1.6459764242172241
1779958228859117800,68.32511791992188,0.3556762933731079,0.1892155110836029,1.073595643043518
1779958228875451000,68.34145092773437,0.5027421116828918,0.8228355050086975,0.6507241725921631
1779958228891783000,68.35778295898437,0.4453207552433014,1.1791226863861084,0.7634288668632507
1779958228908114400,68.37411450195313,0.23548854887485504,1.4732542037963867,1.0238101482391357
1779958228924446500,68.39044653320312,0.1992947906255722,1.2918273210525513,0.855516791343689
1779958228940779800,68.40677978515625,0.294437050819397,0.4072943925857544,0.4001167416572571
1779958228957111300,68.423111328125,0.3871358633041382,0.2649627923965454,0.10537425428628922
1779958228973443800,68.43944384765625,0.37262779474258423,0.6551529765129089,-0.1823432743549347
1779958228989766100,68.45576611328126,0.327729195356369,0.5659666657447815,-0.2515237629413605
1779958229006110700,68.47211083984375,0.24434609711170197,-0.10170906037092209,-0.33460143208503723
1779958229022446300,68.4884462890625,0.027641652151942253,-0.7874053120613098,-0.6029239892959595
1779958229038784500,68.50478442382813,-0.2255619913339615,-1.335809588432312,-1.0823005437850952
1779958229055117000,68.52111694335937,-0.664315938949585,-1.7508925199508667,-1.7093536853790283
1779958229071447000,68.53744702148437,-1.154382586479187,-2.3435845375061035,-2.2519547939300537
1779958229087784400,68.55378442382812,-1.5300647020339966,-3.0335566997528076,-2.688570737838745
1779958229104096500,68.57009643554687,-1.4060590267181396,-3.361133337020874,-3.101515531539917
1779958229120445400,68.58644555664063,-0.7405213713645935,-3.2766811847686768,-3.143359899520874
1779958229136762600,68.6027626953125,-0.11759155988693237,-3.1917707920074463,-2.972623109817505
1779958229153110800,68.61911083984376,0.508698046207428,-2.8046350479125977,-2.7656924724578857
1779958229169464600,68.63546459960938,0.7793113589286804,-1.2237157821655273,-2.5024094581604004
1779958229185772300,68.65177221679687,0.7249443531036377,0.41951170563697815,-2.461786985397339
1779958229202093300,68.66809326171875,0.5068654417991638,1.1273517608642578,-2.6702446937561035
1779958229218427400,68.68442749023437,0.3266601860523224,0.5152648091316223,-2.7956247329711914
1779958229234757600,68.70075756835938,-0.09941831976175308,-0.8857545852661133,-2.5917484760284424
1779958229251089700,68.71708959960938,-0.6488916277885437,-2.576629638671875,-2.0777053833007812
1779958229267422200,68.73342211914063,-1.038318157196045,-2.747213840484619,-1.7634152173995972
1779958229283754000,68.74975390625,-1.2400563955307007,-2.5500569343566895,-1.6010777950286865
1779958229300084700,68.76608471679687,-1.339932918548584,-2.8939740657806396,-1.3113750219345093
1779958229316402200,68.78240209960937,-1.3596333265304565,-3.1308372020721436,-1.0592403411865234
1779958229332737500,68.79873754882813,-1.4413365125656128,-3.3177618980407715,-0.8168795704841614
1779958229349084000,68.815083984375,-1.4440854787826538,-3.3263139724731445,-0.6925684809684753
1779958229365417000,68.8314169921875,-1.4048373699188232,-3.0972394943237305,-0.5887213945388794
1779958229381728500,68.847728515625,-1.273043155670166,-2.8075366020202637,-0.4141666293144226
1779958229398066200,68.86406616210938,-1.013578176498413,-2.495689868927002,-0.11102475970983505
1779958229414397400,68.8803974609375,-0.837496280670166,-2.3122775554656982,0.33567044138908386
1779958229430730500,68.89673046875,-0.8055785298347473,-1.758375644683838,0.9118691086769104
1779958229447063600,68.9130634765625,-0.8804095387458801,-1.226617455482483,1.425454020500183
1779958229463394600,68.92939453125,-0.8239045143127441,-0.5745187401771545,1.945605754852295
1779958229479724500,68.945724609375,-0.7452555894851685,-0.0555887371301651,2.395660877227783
1779958229496060400,68.96206030273437,-0.528245747089386,0.15134187042713165,2.691319465637207
1779958229512391400,68.97839135742187,-0.1359175145626068,-0.027947084978222847,2.2768476009368896
1779958229528723000,68.99472290039063,0.09605856239795685,-0.4787656366825104,0.7954992651939392
1779958229545055200,69.01105517578125,0.09697485715150833,-1.6042848825454712,-0.7652614116668701
1779958229561387500,69.02738745117188,0.06918048858642578,-1.9000962972640991,-1.2768610715866089
1779958229577719600,69.04371948242188,-0.10949759185314178,-1.9029979705810547,-1.400255799293518
1779958229594052400,69.06005224609375,-0.08704829961061478,-1.1064296960830688,-1.0716103315353394
1779958229610386000,69.07638598632812,-0.23900102078914642,1.2000447511672974,-0.3459024429321289
1779958229626716000,69.0927158203125,-0.13087788224220276,2.7087292671203613,0.11911872029304504
1779958229643048200,69.10904809570313,0.8109236359596252,2.685363531112671,0.24678955972194672
1779958229659383600,69.12538354492187,0.49296826124191284,2.3301453590393066,-0.5253441333770752
1779958229675724500,69.141724609375,0.013744467869400978,1.7675385475158691,-0.7426594495773315
1779958229692044000,69.1580439453125,-0.3254384696483612,0.275958389043808,0.10186178237199783
1779958229708390000,69.17438989257812,-0.693026602268219,-0.7246388792991638,1.5819882154464722
1779958229724721400,69.19072143554688,-0.6162103414535522,-1.1650726795196533,2.649780750274658
1779958229741053400,69.20705346679688,-0.007788531947880983,-1.0039570331573486,2.311361312866211
1779958229757385200,69.22338525390624,-0.003512475173920393,-1.3321443796157837,0.9732610583305359
1779958229773717200,69.23971728515625,-0.5778785347938538,-0.22999076545238495,1.3431400060653687
1779958229790049000,69.25604907226563,-0.7825183868408203,0.019089538604021072,2.52944016456604
1779958229806382800,69.2723828125,-1.0705413818359375,-0.5265658497810364,2.5778512954711914
1779958229822713300,69.28871337890625,-0.9918924570083618,0.5111414790153503,2.0497584342956543
1779958229839045000,69.30504516601563,-0.7473936080932617,1.2113457918167114,1.2321151494979858
1779958229855375000,69.321375,-0.6024658679962158,1.8469511270523071,0.6122397184371948
1779958229871713500,69.33771362304688,-0.4801400899887085,2.401158571243286,0.9205739498138428
1779958229888041500,69.35404150390625,-0.23090706765651703,2.5868616104125977,1.6601790189743042
1779958229904375000,69.370375,0.019547687843441963,2.0584630966186523,2.0925188064575195
1779958229920695800,69.38669580078125,0.17608191072940826,1.0760390758514404,1.980577826499939
1779958229937027300,69.40302734375,0.3217732608318329,0.20876319706439972,1.9280434846878052
1779958229953371400,69.41937133789062,0.4375322461128235,-0.24419337511062622,1.5019649267196655
1779958229969699800,69.43569995117187,0.6133087277412415,0.28619036078453064,0.9714284539222717
1779958229986035500,69.45203540039063,0.6117815375328064,1.4587461948394775,0.8655960559844971
1779958230002367700,69.46836767578125,0.5493205785751343,2.0448713302612305,0.9682214260101318
1779958230018728000,69.48472802734375,0.49205195903778076,1.7771596908569336,0.8156577944755554
1779958230035042800,69.50104272460938,0.43279802799224854,0.9639453291893005,0.5549710988998413
1779958230051377200,69.51737719726563,0.46700647473335266,0.6801984310150146,0.26221391558647156
1779958230067709400,69.53370947265626,0.4265366494655609,1.1053606271743774,-0.06872233748435974
1779958230084040400,69.55004052734375,0.23839016258716583,1.2365440130233765,-0.10980302840471268
1779958230100373200,69.56637329101562,0.04199698567390442,0.6172793507575989,0.1742493063211441
1779958230116682200,69.58268212890626,0.02428189292550087,-0.33139440417289734,0.34987306594848633
1779958230133039600,69.59903955078126,0.003359758760780096,-0.6540839672088623,0.1463022232055664
1779958230149352700,69.61535278320312,-0.04917465150356293,-0.7379252314567566,-0.33047810196876526
1779958230165685800,69.63168579101563,-0.251676470041275,-1.0009026527404785,-0.8417723178863525
1779958230182024700,69.64802465820313,-0.5325217843055725,-1.503339409828186,-1.3442089557647705
1779958230198348000,69.66434814453125,-0.9677632451057434,-1.9500346183776855,-1.758375644683838
1779958230214688500,69.6806884765625,-1.3116804361343384,-2.1708624362945557,-2.2233967781066895
1779958230231017700,69.69701782226562,-1.2557861804962158,-2.1229095458984375,-2.6644415855407715
1779958230247349500,69.713349609375,-0.8994990587234497,-2.23286509513855,-2.727666139602661
1779958230263680800,69.7296806640625,-0.5561928153038025,-2.6974282264709473,-2.568535566329956
1779958230280012500,69.74601245117188,-0.05665775015950203,-2.560288906097412,-2.4187209606170654
1779958230296346600,69.7623466796875,0.23457226157188416,-1.6574301719665527,-2.2600486278533936
1779958230312677600,69.778677734375,0.2997821271419525,-0.7536550164222717,-2.1852176189422607
1779958230329008400,69.79500830078125,0.2561052441596985,-0.43615779280662537,-2.211026668548584
1779958230345345000,69.81134497070312,0.3196352422237396,-0.7932085394859314,-2.3664920330047607
1779958230361668600,69.82766870117187,0.23335053026676178,-1.8185458183288574,-2.289522886276245
1779958230378008600,69.84400854492188,-0.08949175477027893,-2.4168882369995117,-2.3359487056732178
1779958230394339000,69.86033911132813,-0.35262197256088257,-2.090380907058716,-2.339461088180542
1779958230410662400,69.87666235351563,-0.5135849714279175,-1.6615535020828247,-2.020742177963257
1779958230427003100,69.89300317382812,-0.6133087277412415,-1.983632206916809,-1.5096007585525513
1779958230443322000,69.90932202148437,-0.5838344693183899,-2.0861048698425293,-1.176831841468811
1779958230459677400,69.92567749023438,-0.6850853562355042,-2.1059579849243164,-0.9570731520652771
1779958230475999200,69.94199926757813,-0.8814785480499268,-2.160783052444458,-0.7247915863990784
1779958230492331500,69.95833154296875,-1.1001683473587036,-2.3183863162994385,-0.48227810859680176
1779958230508662300,69.97466235351563,-1.1279627084732056,-2.2322542667388916,-0.32009339332580566
1779958230525007400,69.99100732421876,-0.9611964821815491,-2.035250186920166,-0.048716504126787186
1779958230541347000,70.00734716796875,-0.7243334650993347,-1.729664921760559,0.3675881624221802
1779958230557666800,70.02366674804688,-0.5807801485061646,-1.3396275043487549,0.8811731338500977
1779958230574011100,70.04001123046875,-0.5455026626586914,-0.741895854473114,1.5041029453277588
1779958230590336800,70.05633666992188,-0.5218316316604614,0.05772676691412926,2.2405009269714355
1779958230606670000,70.07267016601563,-0.5056437253952026,0.7426594495773315,2.9744555950164795
1779958230623001300,70.08900146484375,-0.3494149148464203,1.1189523935317993,3.3431127071380615
1779958230639332900,70.10533276367188,0.05375614017248154,1.1397218704223633,2.291813611984253
1779958230655648800,70.12164868164062,0.27611109614372253,0.07498370856046677,0.07956519722938538
1779958230671998000,70.137998046875,0.12828169763088226,-0.9283624291419983,-1.6267341375350952
1779958230688330000,70.154330078125,0.10980302840471268,-2.0051651000976562,-2.420248031616211
1779958230704677000,70.17067700195312,0.09804387390613556,-2.26432466506958,-2.3959662914276123
1779958230720979700,70.18697973632813,0.07727445662021637,-0.661719799041748,-1.064738154411316
1779958230737317000,70.20331713867188,-0.6801984310150146,2.4921774864196777,0.9808968901634216
1779958230753645800,70.21964575195312,-0.4486805200576782,4.809647560119629,2.028988838195801
1779958230769984800,70.23598486328125,0.3199406862258911,4.368144512176514,1.0658071041107178
1779958230786310000,70.25230981445313,0.04703662544488907,2.0864102840423584,-0.3399465084075928
1779958230802641400,70.26864135742187,-0.33918291330337524,-1.1563678979873657,-0.19089539349079132
1779958230818971400,70.28497143554688,-0.2871066629886627,-3.2039883136749268,0.8741481900215149
1779958230835310800,70.30131079101562,-0.020463986322283745,-1.6919440031051636,1.8526015281677246
1779958230851638300,70.31763818359374,0.6968445181846619,1.2608258724212646,2.408794403076172
1779958230867968800,70.33396875,1.6560556888580322,3.1005992889404297,2.327702045440674
1779958230884289000,70.3502890625,1.3614659309387207,1.2693779468536377,0.5051855444908142
1779958230900635400,70.36663549804688,0.39217549562454224,-1.109789490699768,0.7742717266082764
1779958230916968400,70.38296850585938,-0.5151121020317078,-0.8185594081878662,2.6952900886535645
1779958230933298700,70.39929858398438,-1.2182179689407349,0.12721268832683563,2.822197437286377
1779958230949614600,70.41561450195313,-1.3704761266708374,1.095739483833313,2.1169536113739014
1779958230965965000,70.43196508789063,-1.0934487581253052,1.6991217136383057,1.256244421005249
1779958230982295800,70.4482958984375,-0.6635523438453674,2.6178629398345947,0.9656252264976501
1779958230998623500,70.46462353515625,-0.16310101747512817,3.224452257156372,1.4579826593399048
1779958231014964200,70.48096411132812,0.38576140999794006,2.409252643585205,1.7331774234771729
1779958231031293200,70.49729321289063,0.7596109509468079,0.6342308521270752,1.4278974533081055
1779958231047637200,70.51363720703125,0.8292495608329773,0.030695978552103043,1.2052371501922607
1779958231063968300,70.52996826171875,0.7111998796463013,0.7286095023155212,1.0951286554336548
1779958231080301000,70.54630102539062,0.5294674634933472,1.49738347530365,1.00502610206604
1779958231096633000,70.56263305664062,0.36102136969566345,1.8409950733184814,1.0891727209091187
1779958231112949000,70.57894897460938,0.4265366494655609,1.2655600309371948,1.1782063245773315
1779958231129297000,70.595296875,0.447000652551651,0.5209153294563293,0.9717338681221008
1779958231145628400,70.61162841796875,0.4870123267173767,0.6023131608963013,0.5503895878791809
1779958231161945300,70.6279453125,0.48517972230911255,1.214400053024292,0.2632829248905182
1779958231178279400,70.64427954101562,0.4005748927593231,1.342529058456421,0.11224649101495743
1779958231194610000,70.66060986328125,0.18906278908252716,0.9135489463806152,0.11301007121801376
1779958231210947600,70.67694750976563,-0.08903361111879349,0.25335636734962463,0.20143280923366547
1779958231227277600,70.69327758789062,-0.2015855312347412,-0.3127630054950714,0.08765916526317596
1779958231243591400,70.70959130859374,-0.38148534297943115,-0.36682456731796265,-0.2981022298336029
1779958231259940400,70.7259404296875,-0.6360634565353394,-0.5531384944915771,-0.8558222055435181
1779958231276273700,70.74227368164063,-0.8489499688148499,-1.1798862218856812,-1.5288430452346802
1779958231292606500,70.7586064453125,-1.2111930847167969,-1.6731599569320679,-2.1195497512817383
1779958231308949800,70.77494970703125,-1.412473201751709,-1.8891007900238037,-2.6148087978363037
1779958231325271300,70.79127124023438,-1.300837516784668,-1.8371772766113281,-3.0054569244384766
1779958231341599000,70.80759887695312,-0.9934195876121521,-2.001041889190674,-2.905427932739258
1779958231357923000,70.82392309570312,-0.5627595782279968,-2.271807909011841,-2.6280949115753174
1779958231374267000,70.84026684570313,-0.10293079167604446,-1.6574301719665527,-2.4413230419158936
1779958231390609400,70.856609375,0.1033889427781105,-0.6298020482063293,-2.4304800033569336
1779958231406929700,70.8729296875,0.19746218621730804,0.019394971430301666,-2.464383125305176
1779958231423263500,70.88926342773438,0.42378777265548706,-0.1560760736465454,-2.439795732498169
1779958231439573000,70.90557299804688,0.707534670829773,-0.8875871896743774,-2.3321306705474854
1779958231455925200,70.92192529296875,0.6896668672561646,-1.624901533126831,-2.3525948524475098
1779958231472260000,70.93826000976563,0.37461310625076294,-1.4738651514053345,-2.523178815841675
1779958231488590600,70.95459057617188,0.046273041516542435,-0.8185594081878662,-2.548682451248169
1779958231504921900,70.970921875,-0.05955936014652252,-0.9286679029464722,-2.2484421730041504
1779958231521246000,70.98724584960938,0.020463986322283745,-1.2049317359924316,-1.8275561332702637
1779958231537582800,71.00358276367187,-0.0933096632361412,-1.2684617042541504,-1.404226541519165
1779958231553936400,71.01993627929687,-0.39797869324684143,-1.5421292781829834,-0.9761626720428467
1779958231570264800,71.03626489257813,-0.6902777552604675,-1.6545284986495972,-0.679129421710968
1779958231586597400,71.05259741210938,-0.9069821834564209,-1.671021819114685,-0.43875396251678467
1779958231602959600,71.06895971679687,-0.8691084980964661,-1.602452278137207,-0.19456058740615845
1779958231619261400,71.08526147460938,-0.656069278717041,-1.4246904850006104,0.16737708449363708
1779958231635592000,71.10159204101562,-0.4509712755680084,-1.1946996450424194,0.722959041595459
1779958231651926800,71.1179267578125,-0.44257187843322754,-0.9332493543624878,1.396132469177246
1779958231668242400,71.13424243164063,-0.5160284042358398,-0.49098294973373413,2.03540301322937
1779958231684591000,71.15059106445312,-0.6829473376274109,-0.015577063895761967,2.6532931327819824
1779958231700892400,71.16689233398438,-0.6546948552131653,0.3228422701358795,3.090672731399536
1779958231717225500,71.1832255859375,-0.31261029839515686,0.42042800784111023,2.073734760284424
1779958231733576700,71.19957666015625,-0.33796119689941406,-0.5375614166259766,0.07284568250179291
1779958231749904600,71.21590454101562,-0.12690725922584534,-1.1385000944137573,-1.0705413818359375
1779958231766237400,71.23223754882812,-0.13087788224220276,-0.7611380815505981,-1.3413074016571045
1779958231782570200,71.2485703125,-0.3219259977340698,-1.5503759384155273,-0.9518807530403137
1779958231798903000,71.26490307617188,0.07513642311096191,-1.122464895248413,-0.5062545537948608
1779958231815232300,71.28123217773438,0.48838675022125244,0.34773504734039307,-0.25732699036598206
1779958231831566600,71.29756665039062,0.2945897579193115,1.6468926668167114,-0.07254024595022202
1779958231847897900,71.31389794921876,0.7733554244041443,3.0862438678741455,0.31749722361564636
1779958231864230100,71.33023022460938,0.21090123057365417,2.733316421508789,0.03649919852614403
1779958231880545800,71.3465458984375,-0.45005497336387634,1.7916678190231323,-0.007177666760981083
1779958231896887000,71.36288696289063,-0.3214678466320038,1.2605204582214355,0.6840163469314575
1779958231913225000,71.37922485351562,-0.2499966025352478,0.7092145681381226,1.8611537218093872
1779958231929557500,71.3955576171875,0.08414668589830399,0.6572909951210022,2.9017627239227295
1779958231945892600,71.411892578125,0.6319400668144226,1.3348932266235352,3.045926809310913
1779958231962222600,71.42822265625,0.8297077417373657,0.8732318878173828,1.497688889503479
1779958231978554600,71.4445546875,0.46670106053352356,0.5380195379257202,0.8741481900215149
1779958231994887400,71.46088745117187,-0.37171149253845215,0.27259862422943115,1.8973474502563477
1779958232011219700,71.4772197265625,-0.8005388975143433,0.1085812970995903,2.394744396209717
1779958232027551500,71.49355151367187,-0.9042332768440247,0.4584543704986572,2.1337523460388184
1779958232043900200,71.50990014648437,-0.5438227653503418,0.7484626173973083,1.5909985303878784
1779958232060224500,71.526224609375,-0.2756529450416565,1.3842206001281738,0.9356928467750549
1779958232076563000,71.54256298828125,-0.1394299864768982,2.5473079681396484,0.8759807348251343
1779958232092887300,71.55888720703125,-0.02367102913558483,3.5698964595794678,1.3393220901489258
1779958232109225500,71.5752255859375,0.2719877362251282,3.483917236328125,1.5679383277893066
1779958232125554700,71.5915546875,0.5351179838180542,2.0424280166625977,1.367727279663086
1779958232141877500,71.60787744140625,0.7092145681381226,0.5004513263702393,1.158505916595459
1779958232158207500,71.62420751953125,0.6708827614784241,0.5396994352340698,1.0523680448532104
1779958232174543000,71.64054321289062,0.5520694851875305,1.472490668296814,0.9966266751289368
1779958232190869500,71.65686938476563,0.4415028691291809,2.3266329765319824,1.041372537612915
1779958232207209500,71.67320947265625,0.3929390609264374,2.222480535507202,1.0630582571029663
1779958232223537400,71.68953735351562,0.46563202142715454,1.33168625831604,0.8274169564247131
1779958232239865300,71.705865234375,0.5335907936096191,0.7976372838020325,0.4127921760082245
1779958232256195000,71.72219506835937,0.5233588218688965,0.9879218339920044,0.22510384023189545
1779958232272531000,71.73853100585937,0.4225660264492035,1.153160810470581,0.18448130786418915
1779958232288877600,71.75487768554687,0.2519819140434265,0.8245153427124023,0.18799377977848053
1779958232305199400,71.77119946289062,0.03878994286060333,0.4488332271575928,0.1411098688840866
1779958232321531000,71.78753076171876,-0.0705549344420433,0.09254608303308487,0.02626720629632473
1779958232337861400,71.803861328125,-0.14248432219028473,-0.1716531366109848,-0.16798794269561768
1779958232354194400,71.8201943359375,-0.26282477378845215,-0.4769330322742462,-0.5780312418937683
1779958232370527500,71.83652758789063,-0.49205195903778076,-0.9373727440834045,-1.1395691633224487
1779958232386859300,71.852859375,-0.9053022861480713,-1.5410603284835815,-1.662469744682312
1779958232403195400,71.8691953125,-1.1136072874069214,-2.2119431495666504,-1.9830212593078613
1779958232419520000,71.88552001953126,-1.0355693101882935,-2.5247061252593994,-2.44254469871521
1779958232435852800,71.90185278320313,-0.8289441466331482,-2.2844831943511963,-2.8596129417419434
1779958232452187600,71.91818774414062,-0.5410739183425903,-2.004707098007202,-2.746450185775757
1779958232468522000,71.93452197265626,-0.22770002484321594,-1.5943583250045776,-2.472935199737549
1779958232484855000,71.95085498046875,-0.07162395119667053,-0.9737191796302795,-2.347555160522461
1779958232501184500,71.9671845703125,-0.18005253374576569,-0.48380526900291443,-2.337017774581909
1779958232517513000,71.98351293945312,-0.252287358045578,-0.3956879675388336,-2.308612585067749
1779958232533873200,71.999873046875,-0.13286319375038147,-0.6719517707824707,-2.2676844596862793
1779958232550188800,72.01618872070313,0.07727445662021637,-1.183704137802124,-2.1151208877563477
1779958232566522400,72.0325224609375,0.2171625941991806,-1.51158607006073,-2.1624629497528076
1779958232582862600,72.04886254882813,-0.031154127791523933,-2.0036380290985107,-2.0839667320251465
1779958232599189200,72.06518920898438,-0.35246923565864563,-2.135126829147339,-1.9075794219970703
1779958232615522300,72.08152221679687,-0.4492913782596588,-2.1952970027923584,-1.668120265007019
1779958232631876000,72.0978759765625,-0.3917173445224762,-2.3484714031219482,-1.3578007221221924
1779958232648184300,72.11418432617188,-0.3081815242767334,-2.158034086227417,-1.0642799139022827
1779958232664519700,72.13051977539062,-0.41004329919815063,-1.9504927396774292,-0.880104124546051
1779958232680823300,72.1468232421875,-0.5963571667671204,-2.023949384689331,-0.7948883771896362
1779958232697170200,72.16317016601562,-0.7640396952629089,-2.191784381866455,-0.6572909951210022
1779958232713501400,72.17950146484375,-0.8106181621551514,-2.233934164047241,-0.42928555607795715
1779958232729820700,72.19582055664063,-0.6553056836128235,-2.0386099815368652,-0.08078692853450775
1779958232746163200,72.2121630859375,-0.48655417561531067,-1.6913331747055054,0.39645153284072876
1779958232762501600,72.22850170898438,-0.39095374941825867,-1.2945761680603027,1.0151053667068481
1779958232778845400,72.24484545898437,-0.342237263917923,-0.764345109462738,1.6423112154006958
1779958232795173600,72.26117358398437,-0.3969096839427948,-0.11209376901388168,2.270280599594116
1779958232811495000,72.27749487304688,-0.48029279708862305,0.47280970215797424,2.766608715057373
1779958232827812400,72.29381225585938,-0.20906862616539001,0.5062545537948608,2.1872029304504395
1779958232844161500,72.31016162109376,-0.0064140851609408855,-0.4834998548030853,0.25473082065582275
1779958232860492800,72.32649291992188,-0.09697485715150833,-0.9666942358016968,-0.917061448097229
1779958232876819500,72.3428193359375,-0.06444628536701202,-0.7344127297401428,-1.4152220487594604
1779958232893140500,72.35914038085937,-0.04642575979232788,-1.0468703508377075,-1.2203559875488281
1779958232909479200,72.37547924804687,0.24938572943210602,-0.9726501703262329,-0.8962920308113098
1779958232925816300,72.39181640625,0.3243694305419922,-0.4303545653820038,-0.5221370458602905
1779958232942140000,72.40813989257812,-0.2356412708759308,0.7128797173500061,0.29733866453170776
1779958232958471000,72.42447094726562,-0.7898487448692322,2.598620653152466,1.4593570232391357
1779958232974802700,72.440802734375,0.19165897369384766,5.077359199523926,2.4109323024749756
1779958232991136300,72.45713623046875,1.736537218093872,2.576171398162842,1.132238745689392
1779958233007467500,72.47346752929687,1.021519422531128,-1.068861484527588,-0.5707008838653564
1779958233023799800,72.4897998046875,-0.23625212907791138,0.22602014243602753,0.2964223623275757
1779958233040131800,72.5061318359375,-0.6589708924293518,1.2153164148330688,1.6792685985565186
1779958233056465000,72.52246484375,-0.413555771112442,1.2483031749725342,2.6148087978363037
1779958233072797000,72.538796875,-0.16264286637306213,1.1745411157608032,2.5355489253997803
1779958233089128000,72.5551279296875,0.08185594528913498,0.6001750826835632,1.5526667833328247
1779958233105460200,72.57146020507813,0.06872233748435974,0.7203628420829773,1.1534663438796997
1779958233121793500,72.58779345703125,-0.24678955972194672,1.3660473823547363,1.8585574626922607
1779958233138127600,72.60412768554687,-0.6334672570228577,0.5232060551643372,2.1503984928131104
1779958233154455600,72.62045556640625,-0.8449793457984924,0.5952881574630737,1.8692476749420166
1779958233170789600,72.63678955078124,-0.8254316449165344,1.818698525428772,1.2095131874084473
1779958233187123700,72.65312377929688,-0.6495024561882019,2.788905382156372,0.8471173644065857
1779958233203453400,72.66945336914063,-0.33857205510139465,3.497814416885376,1.0317513942718506
1779958233219785500,72.68578540039063,0.050243668258190155,3.3452508449554443,1.4999796152114868
1779958233236119800,72.70211987304687,0.3904955983161926,1.8975001573562622,1.6030631065368652
1779958233252452900,72.71845288085937,0.5597052574157715,0.5221370458602905,1.3904820680618286
1779958233268792300,72.73479223632812,0.578489363193512,0.6375905871391296,1.2192870378494263
1779958233285126000,72.7511259765625,0.48976120352745056,1.5706872940063477,1.0836749076843262
1779958233301459700,72.76745971679688,0.3397938013076782,2.3208298683166504,0.9263771176338196
1779958233317789200,72.7837890625,0.3585779070854187,2.0815234184265137,1.0277807712554932
1779958233334122800,72.80012280273438,0.5830708742141724,1.0163270235061646,1.105513334274292
1779958233350454300,72.81645434570312,0.6527095437049866,0.6053674817085266,0.7874053120613098
1779958233366787000,72.832787109375,0.6452264189720154,1.067639708518982,0.40943244099617004
1779958233383120000,72.84911987304687,0.48808133602142334,1.3115277290344238,0.26145032048225403
1779958233399451400,72.86545141601563,0.2816088795661926,0.8552113175392151,0.29474249482154846
1779958233415800300,72.88180029296875,0.13958270847797394,0.4021020531654358,0.3205515444278717
1779958233432134100,72.89813403320312,0.02626720629632473,0.16035212576389313,0.26710084080696106
1779958233448455400,72.91445532226562,-0.03741549700498581,-0.06734789162874222,0.152105450630188
1779958233464779800,72.93077978515625,-0.1212567538022995,-0.17791450023651123,-0.08124507963657379
1779958233481124400,72.94712426757812,-0.27000242471694946,-0.48869219422340393,-0.4378376603126526
1779958233497441800,72.96344189453124,-0.4743368625640869,-0.9918924570083618,-0.9663888216018677
1779958233513779500,72.97977954101563,-0.825584352016449,-1.4836390018463135,-1.6633861064910889
1779958233530107600,72.99610766601562,-1.2043207883834839,-1.9068158864974976,-2.1671972274780273
1779958233546444800,73.01244482421875,-1.3249666690826416,-2.14902400970459,-2.554791212081909
1779958233562769700,73.02876977539063,-1.222494125366211,-2.2910501956939697,-2.7291932106018066
1779958233579119400,73.04511938476563,-0.9434813857078552,-2.7394251823425293,-2.6427557468414307
1779958233595447000,73.06144702148437,-0.36713001132011414,-2.5309674739837646,-2.51523756980896
1779958233611786200,73.0777861328125,0.054825156927108765,-1.4900530576705933,-2.459496259689331
1779958233628112100,73.09411206054688,0.1488984078168869,-0.4590652287006378,-2.539824962615967
1779958233644448000,73.11044799804688,0.17608191072940826,-0.42470407485961914,-2.610532522201538
1779958233660764400,73.12676440429688,0.413097620010376,-1.2202032804489136,-2.6007587909698486
1779958233677096400,73.14309643554688,0.6768386960029602,-2.0566306114196777,-2.4124596118927
1779958233693429800,73.1594296875,0.7841982841491699,-2.2116377353668213,-2.4891231060028076
1779958233709750800,73.17575073242188,0.6230825781822205,-1.5442672967910767,-2.7394251823425293
1779958233726080000,73.192080078125,0.3191770911216736,-1.155604362487793,-2.647031784057617
1779958233742427000,73.20842700195313,0.17867808043956757,-1.1427761316299438,-2.15543794631958
1779958233758777600,73.22477758789063,0.1339322030544281,-1.3338242769241333,-1.5459471940994263
1779958233775105300,73.24110522460937,0.0024434609804302454,-1.409724235534668,-1.0488556623458862
1779958233791416600,73.25741650390626,-0.32589662075042725,-1.2559388875961304,-0.7675521969795227
1779958233807760100,73.27376000976562,-0.6459900140762329,-1.3388638496398926,-0.5868887901306152
1779958233824083700,73.29008374023438,-0.7617489695549011,-1.6139060258865356,-0.35705074667930603
1779958233840427300,73.30642724609375,-0.6696610450744629,-1.4982997179031372,0.019853120669722557
1779958233856751600,73.32275170898437,-0.5007568001747131,-1.2819007635116577,0.5830708742141724
1779958233873070000,73.33907006835938,-0.3959933817386627,-1.150259256362915,1.2067643404006958
1779958233889413600,73.35541357421874,-0.403323769569397,-0.9246972799301147,1.8219056129455566
1779958233905764000,73.37176416015625,-0.48945578932762146,-0.5581781268119812,2.4524712562561035
1779958233922105300,73.38810522460938,-0.6343835592269897,-0.13484850525856018,3.0002646446228027
1779958233938408700,73.40440869140625,-0.6319400668144226,0.3674354553222656,3.0637946128845215
1779958233954741000,73.42074096679687,-0.564592182636261,-0.26343563199043274,0.7409795522689819
1779958233971073800,73.43707373046875,-0.026419922709465027,-1.6468926668167114,-1.1676689386367798
1779958233987409000,73.45340893554688,0.25534167885780334,-0.14019356667995453,-1.603826642036438
1779958234003743200,73.4697431640625,-0.029016099870204926,-0.5265658497810364,-1.5751160383224487
1779958234020071700,73.48607177734375,0.13454307615756989,-1.7247780561447144,-1.2331842184066772
1779958234036405500,73.50240551757813,0.8991936445236206,-0.1495092660188675,-0.8793405294418335
1779958234052754400,73.51875439453126,0.29077184200286865,1.734704613685608,-0.6316346526145935
1779958234069084400,73.53508447265625,-0.18066339194774628,3.215747356414795,0.33017265796661377
1779958234085411600,73.55141162109375,-0.2246456891298294,3.13205885887146,0.4573853611946106
1779958234101721000,73.56772119140625,-0.5815436840057373,1.8014415502548218,0.3321579694747925
1779958234118060800,73.58406079101563,-0.34116822481155396,1.15178644657135,0.6950119137763977
1779958234134388200,73.60038818359375,0.07024950534105301,1.1339186429977417,1.5723671913146973
1779958234150732300,73.61673217773438,0.7026477456092834,1.3208433389663696,2.5694520473480225
1779958234167062300,73.63306225585937,1.3959797620773315,1.8383989334106445,3.0410399436950684
1779958234183394000,73.64939404296875,1.0572550296783447,1.0616837739944458,1.8014415502548218
1779958234199713300,73.66571337890625,0.2292271852493286,0.4612032473087311,1.1485793590545654
1779958234216058400,73.68205834960938,-0.4170682430267334,0.6403394937515259,1.7108808755874634
1779958234232391400,73.69839135742187,-0.7974845767021179,0.4280638098716736,2.0983221530914307
1779958234248738300,73.71473828125,-1.093143343925476,0.13805554807186127,2.087784767150879
1779958234265066200,73.73106616210937,-0.9579893946647644,0.12370020896196365,1.8260289430618286
1779958234281386500,73.74738647460937,-0.6717990636825562,0.6163630485534668,1.400255799293518
1779958234297719600,73.76371948242188,-0.45066583156585693,1.362687587738037,1.0115928649902344
1779958234314050600,73.78005053710937,-0.2971859276294708,2.330909013748169,1.1261301040649414
1779958234330383000,73.79638305664062,-0.11010845750570297,3.3574681282043457,1.5913039445877075
1779958234346715600,73.81271557617187,0.18035796284675598,3.3041701316833496,1.6139060258865356
1779958234363035000,73.82903491210938,0.637132465839386,2.0114264488220215,1.3130548000335693
1779958234379381800,73.8453818359375,0.9520334601402283,0.34605515003204346,1.1491901874542236
1779958234395724800,73.86172485351562,0.9259189963340759,0,1.123533844947815
1779958234412059100,73.87805908203126,0.6490443348884583,0.9101892113685608,1.1633929014205933
1779958234428388400,73.89438842773437,0.3400992155075073,2.115731716156006,1.1879801750183105
1779958234444721400,73.91072143554688,0.24190263450145721,2.0676262378692627,1.0946705341339111
1779958234461037800,73.92703784179687,0.3930917978286743,0.7240280508995056,0.8465065360069275
1779958234477372400,73.94337231445313,0.4674646258354187,0.3637702465057373,0.4254676401615143
1779958234493704400,73.95970434570313,0.4329507350921631,1.0690141916275024,0.15424346923828125
1779958234510035700,73.97603564453125,0.304210901260376,1.3458888530731201,0.05345070734620094
1779958234526369500,73.99236962890625,0.14233160018920898,0.9686795473098755,0.0503963828086853
1779958234542701000,74.008701171875,-0.062460970133543015,0.4847215712070465,0.048716504126787186
1779958234559049700,74.0250498046875,-0.20525072515010834,0.2125810980796814,-0.04077525436878204
1779958234575383600,74.04138354492187,-0.27580565214157104,0.11957687139511108,-0.2782491147518158
1779958234591706400,74.05770629882812,-0.451582133769989,-0.11468994617462158,-0.6960809230804443
1779958234608041700,74.07404174804688,-0.5720753073692322,-0.6055201888084412,-1.2476922273635864
1779958234624375600,74.09037548828125,-0.841619610786438,-1.3785701990127563,-1.8985692262649536
1779958234640681500,74.10668139648438,-1.1701123714447021,-2.096794843673706,-2.4446825981140137
1779958234657026300,74.1230263671875,-1.217454433441162,-2.4678955078125,-2.9639182090759277
1779958234673358600,74.13935864257813,-0.9647089242935181,-2.347707748413086,-3.079677104949951
1779958234689678000,74.15567797851563,-0.6676757335662842,-2.3351850509643555,-2.688265323638916
1779958234706010600,74.1720107421875,-0.2632829248905182,-1.83824622631073,-2.3877196311950684
1779958234722355200,74.18835522460938,0.03344487398862839,-0.7727445363998413,-2.3490822315216064
1779958234738701300,74.20470141601562,0.06444628536701202,0.19807305932044983,-2.4359779357910156
1779958234755036000,74.22103588867188,-0.04917465150356293,0.36071592569351196,-2.5144741535186768
1779958234771360500,74.23736059570312,-0.003817907767370343,-0.12950342893600464,-2.439795732498169
1779958234787683600,74.25368359375,0.19578230381011963,-1.0580185651779175,-2.2313380241394043
1779958234804001800,74.27000170898438,0.20143280923366547,-1.7307339906692505,-2.0668625831604004
1779958234820352800,74.28635278320313,0.01466076634824276,-1.4094188213348389,-2.2411117553710938
1779958234836679700,74.3026796875,-0.24159720540046692,-1.2484558820724487,-2.121535062789917
1779958234853011700,74.31901171875,-0.3799581825733185,-1.489442229270935,-1.642922043800354
1779958234869334800,74.33533471679688,-0.4156937897205353,-1.6836973428726196,-1.096961259841919
1779958234885695200,74.3516953125,-0.5545129179954529,-2.2120957374572754,-0.6133087277412415
1779958234902017800,74.36801782226563,-0.770606517791748,-2.5700628757476807,-0.499382346868515
1779958234918352400,74.38435229492187,-0.8092437386512756,-2.453845739364624,-0.6174320578575134
1779958234934704000,74.4007041015625,-0.683863639831543,-2.3693935871124268,-0.6139195561408997
1779958234950995700,74.41699560546876,-0.4482223689556122,-2.16628098487854,-0.32910364866256714
1779958234967337000,74.4333369140625,-0.24892759323120117,-1.7692184448242188,0.18600846827030182
1779958234983668700,74.44966870117187,-0.17241671681404114,-1.2431107759475708,0.8472700715065002
1779958235000000300,74.46600024414063,-0.24190263450145721,-0.6780604124069214,1.5155566930770874
1779958235016317700,74.48231762695312,-0.34116822481155396,-0.04489859566092491,2.1481075286865234
1779958235032659000,74.49865893554687,-0.5674937963485718,0.44776421785354614,2.8600711822509766
1779958235049002200,74.51500219726563,-0.6155994534492493,0.44165557622909546,3.316998243331909
1779958235065323500,74.53132348632812,-0.4050036668777466,0.20128010213375092,2.0702223777770996
1779958235081650700,74.54765063476563,-0.41691553592681885,-1.0685560703277588,-0.5917757153511047
1779958235097995500,74.56399560546875,-0.1365283876657486,-1.1343767642974854,-1.7818939685821533
1779958235114325800,74.58032568359376,-0.13179416954517365,-0.4150829315185547,-1.7392860651016235
1779958235130658800,74.59665893554687,-0.2542726695537567,-0.9338602423667908,-0.8733845949172974
1779958235146991000,74.6129912109375,0.09254608303308487,-0.8642216324806213,-0.07040221989154816
1779958235163322000,74.62932202148437,0.9844093322753906,0.34208452701568604,-0.09957103431224823
1779958235179648500,74.6456484375,0.7089090943336487,0.8231409192085266,-1.25761878490448
1779958235195986700,74.66198657226562,-0.5143485069274902,2.135126829147339,-0.4080579876899719
1779958235212319500,74.67831958007812,-0.6136141419410706,3.4020612239837646,0.5274821519851685
1779958235228667100,74.69466723632813,-0.6198754906654358,2.9294042587280273,0.7846564054489136
1779958235244995600,74.71099560546875,-0.24724771082401276,1.811673641204834,1.226617455482483
1779958235261310500,74.727310546875,0.15683965384960175,0.5568036437034607,1.9672914743423462
1779958235277648000,74.74364794921875,0.6101016402244568,0.4349360466003418,2.657569169998169
1779958235293984300,74.759984375,1.1928671598434448,1.510364294052124,2.725069761276245
1779958235310298600,74.77629858398437,1.3362677097320557,1.3894129991531372,1.591151237487793
1779958235334798000,74.80079809570313,0.08155050873756409,0.3355177342891693,1.0093021392822266
1779958235351129300,74.81712939453125,-0.5893322229385376,0.7170031070709229,1.967902421951294
1779958235367474000,74.83347387695312,-0.9312640428543091,1.0468703508377075,2.0954205989837646
1779958235383806500,74.84980639648437,-1.0664180517196655,1.0392345190048218,1.9590448141098022
1779958235400129000,74.86612890625,-0.82207190990448,0.8127561807632446,1.7854063510894775
1779958235416475000,74.88247485351563,-0.4723515510559082,1.2667818069458008,1.2681562900543213
1779958235432802000,74.89880200195313,-0.2643519341945648,1.9727892875671387,0.9482156038284302
1779958235449132500,74.91513256835937,-0.05421429127454758,2.9304733276367188,1.2232576608657837
1779958235465468700,74.93146875,0.1472185254096985,3.1303789615631104,1.3768903017044067
1779958235481797600,74.94779760742188,0.33658674359321594,2.414902925491333,1.2169963121414185
1779958235498130400,74.96413037109374,0.5812382698059082,1.3287845849990845,1.0584768056869507
1779958235514447600,74.98044750976563,0.6615670323371887,0.7177666425704956,1.0198395252227783
1779958235530795500,74.99679541015625,0.5082398653030396,1.0768027305603027,1.1395691633224487
1779958235547128300,75.01312841796874,0.4069889783859253,1.65834641456604,1.403004765510559
1779958235563477800,75.02947778320312,0.3911064863204956,1.9869918823242188,1.5635095834732056
1779958235579798500,75.04579858398438,0.44806966185569763,1.598328948020935,1.215621829032898
1779958235596121300,75.06212133789063,0.5855143666267395,1.1479685306549072,0.5861251950263977
1779958235612453600,75.07845361328125,0.6940956115722656,1.3437508344650269,0.25335636734962463
1779958235628786700,75.09478662109375,0.5820018649101257,1.6685783863067627,0.025045474991202354
1779958235645121000,75.11112109375,0.2900082767009735,1.5638149976730347,0.04993823543190956
1779958235661452800,75.12745288085938,-0.04749477282166481,1.0937541723251343,0.26511552929878235
1779958235677783800,75.14378369140626,-0.230448916554451,0.3576616048812866,0.31581732630729675
1779958235694117000,75.1601171875,-0.29596421122550964,-0.005955935921519995,0.1342376321554184
1779958235710452000,75.17645190429687,-0.4161519408226013,0.08597928285598755,-0.28420504927635193
1779958235726799600,75.19279956054687,-0.5818491578102112,-0.13820825517177582,-0.8049677014350891
1779958235743127800,75.2091279296875,-0.6801984310150146,-1.003498911857605,-1.4474451541900635
1779958235759439600,75.22543969726563,-0.8935431241989136,-1.8275561332702637,-2.102139949798584
1779958235775777800,75.24177783203125,-1.062294602394104,-2.012342929840088,-2.768899440765381
1779958235792110000,75.25811010742187,-0.9567676782608032,-1.5694655179977417,-3.2004756927490234
1779958235808441300,75.27444140625,-0.6061310172080994,-1.4208725690841675,-3.0550897121429443
1779958235824774100,75.29077416992187,-0.3101668357849121,-1.5262467861175537,-2.6893341541290283
1779958235841106700,75.30710668945312,0.11316278576850891,-1.1740829944610596,-2.518597364425659
1779958235857438200,75.32343823242188,0.31673362851142883,-0.6890559792518616,-2.557081937789917
1779958235873788200,75.3397880859375,0.34177911281585693,-0.5119050741195679,-2.5283713340759277
1779958235890115600,75.35611547851562,0.5103778839111328,-0.618195652961731,-2.3590087890625
1779958235906445300,75.3724453125,0.7730499505996704,-0.5687155723571777,-2.345111608505249
1779958235922785800,75.38878588867188,0.7699956297874451,-0.7828238010406494,-2.5897631645202637
1779958235939110000,75.40510986328125,0.4199698567390442,-0.8866708874702454,-2.7563767433166504
1779958235955414000,75.4214140625,-0.01771509274840355,-1.2530373334884644,-2.643671989440918
1779958235971765200,75.43776513671875,-0.24526239931583405,-1.401477575302124,-2.1754438877105713
1779958235988093000,75.45409301757813,-0.25992316007614136,-1.3871222734451294,-1.6449073553085327
1779958236004415700,75.47041577148437,-0.3326161205768585,-1.489442229270935,-1.1589640378952026
1779958236020760600,75.48676049804688,-0.6349944472312927,-1.6586518287658691,-0.7383833527565002
1779958236037091000,75.50309106445313,-0.9263771176338196,-1.8857409954071045,-0.4622722864151001
1779958236053427700,75.519427734375,-0.9411906003952026,-1.9564486742019653,-0.35033121705055237
1779958236069769700,75.53576977539062,-0.827722430229187,-1.9885190725326538,-0.14844025671482086
1779958236086078500,75.55207836914063,-0.6811147332191467,-1.8245017528533936,0.24404066801071167
1779958236102424300,75.56842431640625,-0.5775730609893799,-1.627650499343872,0.7916813492774963
1779958236118739700,75.58473974609375,-0.5842925906181335,-1.271515965461731,1.4425582885742188
1779958236135084500,75.60108447265625,-0.6075055003166199,-0.8669704794883728,2.032196044921875
1779958236151417300,75.61741723632812,-0.6808093190193176,-0.5180137157440186,2.4660630226135254
1779958236167740400,75.63374047851562,-0.8460483551025391,-0.06490442901849747,2.842355966567993
1779958236184081000,75.65008081054688,-0.969443142414093,0.7852672934532166,2.9162707328796387
1779958236200429600,75.6664296875,-0.8778133392333984,2.308459758758545,0.9335548281669617
1779958236216757500,75.68275756835938,-0.03191770985722542,-0.2278527319431305,-1.496467113494873
1779958236233109200,75.69910913085937,-0.3211624026298523,-2.233781576156616,-2.1678080558776855
1779958236249401600,75.71540161132812,-0.46502116322517395,-2.3997840881347656,-1.6181820631027222
1779958236265742600,75.73174267578125,-0.0074830991216003895,-1.6215417385101318,-0.6950119137763977
1779958236282077400,75.74807739257812,0.5115996599197388,-0.38377609848976135,-0.21242839097976685
1779958236298406400,75.76440649414063,0.1466076523065567,0.8929322957992554,-0.09743300825357437
1779958236314738000,75.78073803710937,-0.6974554061889648,3.5883750915527344,0.6200281977653503
1779958236331059500,75.7970595703125,0.3110831379890442,4.195269584655762,1.083369493484497
1779958236347399700,75.81339965820312,-0.019089538604021072,2.671771764755249,0.47342056035995483
1779958236363738000,75.82973803710938,-0.16019940376281738,0.7890852093696594,0.24404066801071167
1779958236380065500,75.8460654296875,0.13927727937698364,-0.009010262787342072,1.0716103315353394
1779958236396384000,75.86238403320313,0.4141666293144226,0.47571131587028503,2.4023802280426025
1779958236412728800,75.87872875976562,0.7929030656814575,1.8261816501617432,3.2652275562286377
1779958236429067500,75.89506762695312,1.2356276512145996,3.042567014694214,3.081357002258301
1779958236445395200,75.91139526367188,1.0438159704208374,1.9033033847808838,1.4967725276947021
1779958236461712600,75.92771264648438,0.47907108068466187,0.8799513578414917,0.7709119319915771
1779958236478046700,75.94404663085938,-0.1258382350206375,1.0138835906982422,1.8403842449188232
1779958236494379000,75.96037890625,-0.8135197758674622,0.9494373202323914,2.2430970668792725
1779958236510712000,75.97671215820313,-1.1064296960830688,0.8781188130378723,2.1529946327209473
1779958236527046700,75.99304663085937,-0.8706356883049011,0.6270532011985779,1.8165605068206787
1779958236543375600,76.00937573242187,-0.6346889734268188,1.36955988407135,1.151481032371521
1779958236559709000,76.025708984375,-0.45463645458221436,2.705674886703491,0.9046914577484131
1779958236576040000,76.0420400390625,-0.19074267148971558,3.5078935623168945,1.0497719049453735
1779958236592372700,76.05837280273437,0.14034628868103027,2.969874143600464,1.2760975360870361
1779958236608705800,76.07470581054687,0.45005497336387634,1.3295482397079468,1.2848023176193237
1779958236625037300,76.09103735351563,0.4992296099662781,0.5429064631462097,0.9896016716957092
1779958236641369600,76.10736962890626,0.4027129113674164,1.2848023176193237,0.7730499505996704
1779958236657701600,76.12370166015624,0.31093040108680725,2.249816656112671,0.7339546084403992
1779958236674034200,76.1400341796875,0.24174992740154266,2.696206569671631,0.8307767510414124
1779958236690364400,76.15636450195312,0.3643811047077179,1.8306103944778442,1.136362075805664
1779958236706699000,76.17269897460938,0.6378960609436035,0.33200526237487793,1.2134838104248047
1779958236723030800,76.18903076171875,0.7003570199012756,0.1797471046447754,0.817948579788208
1779958236739361500,76.20536157226563,0.6310238242149353,1.4839444160461426,0.38499781489372253
1779958236755704300,76.22170434570313,0.38209620118141174,1.9964603185653687,0.13607023656368256
1779958236772025900,76.23802587890626,0.21395555138587952,1.349706768989563,0.15256360173225403
1779958236788358400,76.2543583984375,0.08414668589830399,0.6527095437049866,0.3908010423183441
1779958236804693000,76.27069287109374,-0.03329215571284294,0.32162055373191833,0.4990769028663635
1779958236821035500,76.28703540039062,-0.16004669666290283,0.4060726761817932,0.2776382565498352
1779958236837355000,76.30335498046875,-0.36560285091400146,0.5378668308258057,-0.11362093687057495
1779958236853699000,76.31969897460938,-0.5752823352813721,0.12965615093708038,-0.5842925906181335
1779958236870030300,76.3360302734375,-0.712574303150177,-0.532369077205658,-1.189354658126831
1779958236886363600,76.35236376953125,-1.0680978298187256,-1.0311405658721924,-1.750128984451294
1779958236902701800,76.36870190429687,-1.2405146360397339,-1.4243850708007812,-2.1730003356933594
1779958236919024000,76.38502416992188,-1.0612256526947021,-1.3730723857879639,-2.638174295425415
1779958236935372800,76.40137280273437,-0.8126034736633301,-1.3055717945098877,-2.8987083435058594
1779958236951698000,76.41769799804688,-0.46150869131088257,-1.415374755859375,-2.7844765186309814
1779958236968025900,76.43402587890625,0.00045814894838258624,-1.0490083694458008,-2.542573928833008
1779958236984343600,76.45034350585938,0.36590829491615295,-0.4283692538738251,-2.431701898574829
1779958237000681200,76.46668115234375,0.6589708924293518,0.052381694316864014,-2.4949264526367188
1779958237017021200,76.48302124023438,0.9717338681221008,0.37537670135498047,-2.643977403640747
1779958237033352700,76.49935278320312,1.1748465299606323,0.28130343556404114,-2.8513662815093994
1779958237049684000,76.51568408203126,0.8739954233169556,0.004428773187100887,-3.0410399436950684
1779958237066017500,76.532017578125,0.31841349601745605,-0.6569855809211731,-2.8481593132019043
1779958237082350600,76.5483505859375,-0.010079276748001575,-0.9137017130851746,-2.5914430618286133
1779958237098679800,76.5646796875,-0.03436116874217987,-0.6568328738212585,-2.266462802886963
1779958237115013400,76.58101342773438,-0.16737708449363708,-0.5677992701530457,-1.7392860651016235
1779958237131341000,76.59734106445312,-0.35185837745666504,-0.697760820388794,-1.221272349357605
1779958237147683000,76.61368310546875,-0.5134322643280029,-0.8946121335029602,-0.8819366693496704
1779958237164015600,76.630015625,-0.7654141783714294,-1.6983580589294434,-0.5923865437507629
1779958237180339000,76.6463388671875,-0.6899722814559937,-1.9103283882141113,-0.5757405161857605
1779958237196681500,76.66268139648437,-0.47219884395599365,-1.7889188528060913,-0.4132503271102905
1779958237213003800,76.67900366210938,-0.22449298202991486,-1.6774359941482544,-0.009468411095440388
1779958237229350700,76.6953505859375,-0.026114489883184433,-1.5019649267196655,0.5739079117774963
1779958237245661400,76.71166137695313,-0.06811147183179855,-1.1801916360855103,1.2377656698226929
1779958237261992000,76.72799194335937,-0.23686300218105316,-0.7527387142181396,1.8628336191177368
1779958237278334200,76.74433422851563,-0.4749477207660675,-0.13988813757896423,2.4585797786712646
1779958237294658300,76.760658203125,-0.6459900140762329,0.31642818450927734,3.006525993347168
1779958237311000800,76.77700073242187,-0.20631973445415497,0.3793473243713379,2.294257164001465
1779958237327330600,76.79333056640625,-0.12461651116609573,0.46379944682121277,-0.10995574295520782
1779958237343667500,76.80966748046875,-0.3176499307155609,-0.4560109078884125,-0.8171849846839905
1779958237360012000,76.82601196289062,-0.2715296149253845,-0.18967366218566895,-1.115287184715271
1779958237376327700,76.84232763671875,-0.42378777265548706,-1.2247848510742188,-1.3306171894073486
1779958237392734200,76.85873413085938,-0.01038470957428217,-1.324813961982727,-1.581682801246643
1779958237409006600,76.87500659179688,0.31352660059928894,0.4285219609737396,-0.9149234294891357
1779958237425308700,76.89130859375,0.12308934330940247,2.8382327556610107,-0.19685132801532745
1779958237441657300,76.9076572265625,0.4547891616821289,2.9831604957580566,0.566730260848999
1779958237457988600,76.92398852539063,-0.3695734739303589,2.28631591796875,0.31581732630729675
1779958237474310000,76.94030981445313,-0.3614795207977295,1.5754214525222778,0.35216382145881653
1779958237490652400,76.95665234375,-0.22311852872371674,0.9028588533401489,1.1574369668960571
1779958237506985700,76.97298583984374,-0.06627888232469559,0.7422012686729431,2.5466971397399902
1779958237523317200,76.98931713867188,0.4398229718208313,1.649794340133667,3.4662020206451416
1779958237539645200,77.00564526367188,1.357953429222107,3.154966354370117,3.2789719104766846
1779958237555980500,77.02198046875,1.5987870693206787,2.2934935092926025,1.2748757600784302
1779958237572310000,77.03831005859375,0.7481572031974792,0.8026769161224365,0.2984076738357544
1779958237588639700,77.0546396484375,-0.42577308416366577,0.5059491395950317,2.0508272647857666
1779958237604986000,77.07098608398438,-0.8878926634788513,0.8203920125961304,2.4333817958831787
1779958237621303300,77.08730322265625,-1.0141890048980713,1.2819007635116577,2.007150411605835
1779958237637639200,77.10363916015625,-0.8135197758674622,1.1094839572906494,1.5661057233810425
1779958237653974800,77.11997485351563,-0.5229006409645081,1.3442089557647705,1.0936014652252197
1779958237670338800,77.1363388671875,-0.34208452701568604,2.2040019035339355,0.9450085163116455
1779958237686656000,77.15265600585937,-0.15943582355976105,3.258049726486206,1.2883148193359375
1779958237702984200,77.16898413085937,0.060475658625364304,3.5604281425476074,1.442100167274475
1779958237719306800,77.185306640625,0.38026362657546997,2.7377452850341797,1.2198978662490845
1779958237735646000,77.20164599609375,0.7350236177444458,1.447597861289978,0.9712757468223572
1779958237751969300,77.21796923828126,0.8713992834091187,0.7673994898796082,0.978606104850769
1779958237768298500,77.23429858398437,0.7373143434524536,1.2203559875488281,1.135140299797058
1779958237784618000,77.25061791992188,0.55695641040802,2.135126829147339,1.2515101432800293
1779958237800962800,77.266962890625,0.46532660722732544,2.336101531982422,1.2214250564575195
1779958237817299200,77.28329931640624,0.5731443166732788,1.459815263748169,0.9831876158714294
1779958237833630500,77.29963037109376,0.7489207983016968,0.8556694984436035,0.7095199823379517
1779958237849973500,77.31597338867188,0.751669704914093,1.2933543920516968,0.5641340613365173
1779958237866305500,77.33230541992188,0.5810855627059937,1.7192802429199219,0.31093040108680725
1779958237882639400,77.34863940429688,0.2799290120601654,1.4407256841659546,0.2503020465373993
1779958237898968000,77.36496801757812,-0.0757472887635231,0.8695666790008545,0.35521814227104187
1779958237915285800,77.38128564453125,-0.24419337511062622,0.5094616413116455,0.3527746796607971
1779958237931625000,77.397625,-0.2678644061088562,0.46990808844566345,0.05268712714314461
1779958237947949300,77.41394921875,-0.3723223805427551,0.2444988191127777,-0.4415028691291809
1779958237964273400,77.4302734375,-0.5096143484115601,-0.3718642294406891,-1.0448850393295288
1779958237980613400,77.44661328125,-0.8333728909492493,-0.9775370955467224,-1.802205204963684
1779958237996953000,77.462953125,-1.1717922687530518,-1.340238332748413,-2.4379632472991943
1779958238013281500,77.47928149414062,-1.2050844430923462,-1.3880385160446167,-2.9659035205841064
1779958238029612800,77.49561279296876,-1.0097602605819702,-1.550681471824646,-3.148399591445923
1779958238045944600,77.51194458007812,-0.6852380633354187,-2.147038698196411,-2.831054925918579
1779958238062274600,77.52827465820313,-0.27580565214157104,-1.8500053882598877,-2.546239137649536
1779958238078613500,77.54461352539063,-0.09254608303308487,-0.71318519115448,-2.5222625732421875
1779958238094941400,77.56094140625,-0.14614951610565186,0.24113905429840088,-2.7039949893951416
1779958238111274500,77.5772744140625,-0.18799377977848053,0.6614143252372742,-2.877633571624756
1779958238127606800,77.59360668945313,-0.14019356667995453,0.5732970237731934,-2.9738447666168213
1779958238143937300,77.60993725585938,0.2739730477333069,-0.2684752643108368,-2.9988901615142822
1779958238160269600,77.62626953125,0.3827070891857147,-1.9019289016723633,-2.623971700668335
1779958238176620500,77.64262060546875,0.010842857882380486,-2.8147144317626953,-2.132683277130127
1779958238192947700,77.65894775390625,-0.26740625500679016,-2.274862289428711,-1.9478965997695923
1779958238209259800,77.675259765625,-0.3810271918773651,-1.4928019046783447,-1.8443548679351807
1779958238225613800,77.69161376953124,-0.4008803069591522,-1.7119498252868652,-1.4202617406845093
1779958238241927200,77.70792724609375,-0.7171558141708374,-2.132836103439331,-0.9706648588180542
1779958238258262800,77.7242626953125,-1.059393048286438,-2.3910791873931885,-0.8006916046142578
1779958238274579200,77.7405791015625,-1.1100949048995972,-2.6989552974700928,-0.8112290501594543
1779958238290914800,77.75691479492187,-0.9330966472625732,-2.859002113342285,-0.7867944240570068
1779958238307260200,77.77326025390624,-0.6553056836128235,-2.738356113433838,-0.4694499373435974
1779958238323605500,77.78960546875,-0.4560109078884125,-2.363895893096924,0.14584407210350037
1779958238339923000,77.8059228515625,-0.45753806829452515,-1.6617062091827393,1.0386236906051636
1779958238356258000,77.82225805664062,-0.5267185568809509,-0.8263479471206665,1.9338465929031372
1779958238372590800,77.8385908203125,-0.6070473194122314,-0.035124752670526505,2.7846291065216064
1779958238388934000,77.85493383789063,-0.6368269920349121,0.3952298164367676,3.428786516189575
1779958238405267200,77.87126708984376,-0.2557998299598694,0.6569855809211731,2.208277940750122
1779958238421594000,77.88759399414063,-0.12431107461452484,0.055741455405950546,-0.11178833991289139
1779958238437918000,77.90391796875,-0.1463022232055664,-1.8518379926681519,-1.0349584817886353
1779958238454262300,77.92026220703124,-0.33719760179519653,-1.0601565837860107,-1.3112221956253052
1779958238470577200,77.9365771484375,-0.206777885556221,-1.8434386253356934,-1.2764029502868652
1779958238486916000,77.952916015625,0.1748601794242859,-1.215927243232727,-1.0926852226257324
1779958238503245800,77.96924584960938,0.3776674270629883,0.29367345571517944,-0.3674354553222656
1779958238519576800,77.98557690429688,-0.008704829961061478,1.8851301670074463,0.48288896679878235
1779958238535907800,78.00190795898438,0.1485929638147354,4.362493991851807,0.8597928285598755
1779958238552246500,78.01824658203125,0.46334129571914673,3.595094680786133,0.6772968173027039
1779958238568572700,78.03457275390625,-0.475253164768219,1.848020076751709,0.29535335302352905
1779958238584905200,78.0509052734375,-0.5108360648155212,0.9970847964286804,0.5551238059997559
1779958238601239300,78.0672392578125,-0.2616030275821686,0.6409503817558289,1.4269812107086182
1779958238617571600,78.08357153320313,0.11270463466644287,0.5426010489463806,2.658179998397827
1779958238633901300,78.0999013671875,0.7670940160751343,1.3388638496398926,3.3405165672302246
1779958238650254300,78.11625439453125,1.5656476020812988,2.3854286670684814,2.7401888370513916
1779958238666576600,78.13257666015625,1.6247488260269165,0.841008722782135,0.718224823474884
1779958238682912500,78.14891259765625,0.46410486102104187,-0.15515977144241333,0.5926920175552368
1779958238699244000,78.165244140625,-0.46868637204170227,0.4841107130050659,2.8263208866119385
1779958238715577600,78.18157763671876,-0.915534257888794,0.7819074988365173,2.945286750793457
1779958238731894300,78.19789428710938,-1.0961977243423462,1.2008084058761597,2.1348214149475098
1779958238748224800,78.21422485351563,-0.8935431241989136,1.5903877019882202,1.3825408220291138
1779958238764573700,78.23057373046875,-0.5766568183898926,2.295020818710327,0.912938117980957
1779958238780895700,78.24689575195312,-0.40393465757369995,3.1891746520996094,0.955545961856842
1779958238797222700,78.26322265625,-0.10949759185314178,3.293632745742798,1.3878858089447021
1779958238813557200,78.27955712890625,0.26862800121307373,1.8020524978637695,1.5676329135894775
1779958238829892000,78.29589208984375,0.5516113042831421,0.009468411095440388,1.3258830308914185
1779958238846232600,78.31223266601563,0.6348416805267334,0.12828169763088226,1.048397421836853
1779958238862601200,78.32860131835938,0.556345522403717,1.5612188577651978,0.8929322957992554
1779958238878896600,78.34489672851562,0.3978259861469269,2.805704116821289,0.8028296232223511
1779958238895231000,78.36123095703125,0.32070425152778625,2.6949846744537354,0.8695666790008545
1779958238911551000,78.37755102539063,0.4970915913581848,1.05404794216156,0.8701775670051575
1779958238927869000,78.39386889648438,0.6143777370452881,0.20845776796340942,0.622013509273529
1779958238944228400,78.41022827148437,0.6206390857696533,1.0147998332977295,0.3139847218990326
1779958238960552700,78.426552734375,0.4375322461128235,1.8208365440368652,-0.11285735666751862
1779958238976879600,78.44287963867187,0.11194105446338654,1.6546812057495117,-0.13072516024112701
1779958238993210000,78.45921020507812,-0.17379115521907806,0.8077165484428406,0.1950187236070633
1779958239009541400,78.47554125976562,-0.22999076545238495,0.024587325751781464,0.34804046154022217
1779958239025874700,78.49187475585937,-0.2863430976867676,-0.05390885844826698,0.18646661937236786
1779958239042206500,78.50820654296875,-0.44715335965156555,-0.02015855349600315,-0.3061962127685547
1779958239058537700,78.52453784179687,-0.5360342264175415,-0.5352706909179688,-0.9729556441307068
1779958239074869800,78.54086987304687,-0.7438811659812927,-1.2675453424453735,-1.7011070251464844
1779958239091203300,78.55720336914062,-1.1094839572906494,-1.7753270864486694,-2.316553831100464
1779958239107536100,78.5735361328125,-1.1563678979873657,-1.8361082077026367,-2.8457157611846924
1779958239123865600,78.58986547851562,-0.9282097220420837,-1.8629863262176514,-2.9975156784057617
1779958239140213000,78.606212890625,-0.665232241153717,-2.210263252258301,-2.790890693664551
1779958239156544000,78.6225439453125,-0.22327125072479248,-1.6627751588821411,-2.5441009998321533
1779958239172882000,78.6388818359375,0.16691893339157104,-0.7877107262611389,-2.4796547889709473
1779958239189208600,78.65520849609375,0.2431243658065796,-0.26633724570274353,-2.5245532989501953
1779958239205527300,78.67152734375,0.26633724570274353,0.07192938029766083,-2.6256515979766846
1779958239221858600,78.68785864257812,0.4150829315185547,0.26145032048225403,-2.764165163040161
1779958239238191600,78.70419165039063,0.7142542004585266,0.09773843735456467,-2.984076738357544
1779958239254503200,78.72050317382812,0.7715228199958801,-0.37110063433647156,-2.9802587032318115
1779958239270858500,78.7368583984375,0.37598755955696106,-1.1203268766403198,-2.540588617324829
1779958239287188700,78.75318872070312,-0.08368854224681854,-1.7595973014831543,-1.9022343158721924
1779958239303521500,78.769521484375,-0.33887749910354614,-1.427744746208191,-1.7046194076538086
1779958239319854300,78.78585424804687,-0.365755558013916,-1.341460108757019,-1.368949055671692
1779958239336190700,78.80219067382812,-0.5549710988998413,-1.6517796516418457,-0.9443976879119873
1779958239352579000,78.8185791015625,-0.9132435321807861,-1.981799602508545,-0.7261660695075989
1779958239368857900,78.83485791015624,-1.1339186429977417,-2.3962717056274414,-0.6351471543312073
1779958239385204200,78.85120434570312,-1.0155634880065918,-2.5589144229888916,-0.5410739183425903
1779958239401527000,78.86752709960938,-0.7735081315040588,-2.5500569343566895,-0.22296582162380219
1779958239417858800,78.88385888671876,-0.5316054821014404,-2.194533348083496,0.33475416898727417
1779958239434193000,78.90019287109375,-0.4309654235839844,-1.618945598602295,1.0954340696334839
1779958239450500900,78.9165009765625,-0.451123982667923,-0.8776606321334839,1.7915149927139282
1779958239466841300,78.93284130859375,-0.5375614166259766,-0.17440202832221985,2.4549148082733154
1779958239483175200,78.94917504882812,-0.6698137521743774,0.14676037430763245,3.1364874839782715
1779958239499506000,78.965505859375,-0.4411974251270294,0.48808133602142334,2.537534236907959
1779958239515840300,78.98184033203125,-0.36300668120384216,1.0819950103759766,-0.009773843921720982
1779958239532172300,78.99817236328126,-0.012064588256180286,-1.2124147415161133,-1.2412781715393066
1779958239548502500,79.01450244140625,-0.08032877743244171,-0.3712533414363861,-1.3684908151626587
1779958239564836900,79.0308369140625,-0.19975294172763824,-1.106735110282898,-1.1395691633224487
1779958239581157000,79.0471572265625,0.03726277872920036,-1.4509576559066772,-0.8190175890922546
1779958239597502500,79.06350244140626,0.688903272151947,0.24236078560352325,-0.14019356667995453
1779958239613832400,79.07983251953125,0.6261368989944458,1.7360789775848389,0.3119994103908539
1779958239630167000,79.0961669921875,0.3507893681526184,3.7389533519744873,0.38957929611206055
1779958239646509800,79.112509765625,0.07254024595022202,3.6503779888153076,0.30283644795417786
1779958239662825700,79.12882568359375,-0.49617528915405273,2.127643585205078,0.4355469346046448
1779958239679175000,79.1451748046875,-0.2603813111782074,1.3351987600326538,0.877966046333313
1779958239695506400,79.16150634765626,0.007024950347840786,0.8000807762145996,1.811979055404663
1779958239711822000,79.17782202148437,0.4222606122493744,0.5050328373908997,3.0211868286132812
1779958239728156200,79.19415625,0.9201157689094543,1.3364204168319702,3.484222650527954
1779958239744488700,79.21048876953125,1.3574953079223633,2.1991147994995117,2.6235134601593018
1779958239760821200,79.2268212890625,0.9882272481918335,0.983951210975647,0.6157521605491638
1779958239777153500,79.24315356445312,0.15745051205158234,0.7296785116195679,0.8917105197906494
1779958239793486000,79.25948608398437,-0.447000652551651,0.8428413271903992,2.236072301864624
1779958239809820200,79.27582006835938,-0.8500189781188965,0.7310529947280884,2.3409883975982666
1779958239826131500,79.29213134765625,-1.0351111888885498,0.7776314616203308,1.9882136583328247
1779958239842471400,79.30847143554688,-0.8017606139183044,1.0045678615570068,1.4691308736801147
1779958239858816000,79.32481591796875,-0.6017022728919983,1.9369009733200073,1.011745572090149
1779958239875146200,79.34114624023438,-0.43249258399009705,2.9329166412353516,1.0115928649902344
1779958239891479000,79.35747900390625,-0.22250767052173615,2.993239641189575,1.2424999475479126
1779958239907800300,79.37380029296875,0.10674870014190674,1.8677204847335815,1.2716686725616455
1779958239924143400,79.39014331054688,0.4156937897205353,0.6983717083930969,1.1090258359909058
1779958239940494600,79.40649462890624,0.5560401082038879,0.7806857824325562,0.9720393419265747
1779958239956809000,79.42280908203125,0.5453499555587769,1.5351043939590454,0.9042332768440247
1779958239973139200,79.43913916015624,0.4735732674598694,2.2272145748138428,0.9069821834564209
1779958239989467400,79.45546728515625,0.4170682430267334,2.358245372772217,0.8988882303237915
1779958240005790700,79.47179077148438,0.5371032953262329,1.544114589691162,0.8336783647537231
1779958240022123300,79.48812329101563,0.6721044778823853,0.8061894178390503,0.6278167366981506
1779958240038455000,79.504455078125,0.6684392690658569,1.051146388053894,0.46150869131088257
1779958240054787300,79.52078735351563,0.5609270334243774,1.5685492753982544,0.1875356286764145
1779958240071119400,79.53711938476563,0.3251330256462097,1.5990924835205078,0.06368270516395569
1779958240087454700,79.55345483398438,0.025961773470044136,0.8880453705787659,0.2871066629886627
1779958240103784700,79.56978466796875,-0.11407908797264099,0.13072516024112701,0.49495357275009155
1779958240120113200,79.58611303710937,-0.12171489745378494,-0.008399397134780884,0.4199698567390442
1779958240136449000,79.60244897460937,-0.18570303916931152,0.03955352306365967,-0.0074830991216003895
1779958240152780800,79.61878076171875,-0.2997821271419525,-0.3597996234893799,-0.6687447428703308
1779958240169116200,79.6351162109375,-0.6111706495285034,-0.9251554012298584,-1.3154983520507812
1779958240185446000,79.65144580078125,-1.1136072874069214,-1.3900238275527954,-1.8477146625518799
1779958240201777400,79.66777734375,-1.3032809495925903,-1.5877914428710938,-2.4950790405273438
1779958240218109700,79.68410961914063,-1.1316279172897339,-1.5986343622207642,-2.961780071258545
1779958240234441200,79.70044116210937,-0.8967501521110535,-2.0204367637634277,-2.933985710144043
1779958240250774000,79.71677392578125,-0.5529857873916626,-2.193769693374634,-2.663830518722534
1779958240267106600,79.7331064453125,-0.10812314599752426,-1.4569135904312134,-2.45063853263855
1779958240283439000,79.74943920898437,0.15577064454555511,-0.8874344825744629,-2.467284679412842
1779958240299770000,79.76577001953125,0.21914790570735931,-0.6021603941917419,-2.5983152389526367
1779958240316103700,79.78210375976562,0.3501785099506378,-0.19746218621730804,-2.72186279296875
1779958240332433700,79.79843359375,0.7509061098098755,0.1667662113904953,-2.9019153118133545
1779958240348769800,79.81476977539063,0.8912523984909058,-0.030237829312682152,-2.9962940216064453
1779958240365111600,79.83111157226563,0.4193589985370636,-0.88987797498703,-2.6093108654022217
1779958240381442600,79.84744262695312,-0.15347988903522491,-1.8383989334106445,-2.1473441123962402
1779958240397773800,79.86377392578125,-0.43539419770240784,-1.9978348016738892,-1.8164077997207642
1779958240414107400,79.880107421875,-0.49357911944389343,-1.7951802015304565,-1.588249683380127
1779958240430448400,79.89644848632813,-0.536797821521759,-1.711338996887207,-1.352608323097229
1779958240446773500,79.9127734375,-0.7603744864463806,-2.2853996753692627,-1.1001683473587036
1779958240463103700,79.92910375976562,-0.9857838153839111,-2.738661527633667,-0.9757044911384583
1779958240479435000,79.94543505859374,-1.0954340696334839,-2.755460500717163,-0.8936958312988281
1779958240495769900,79.96176977539062,-0.9964739084243774,-2.529745578765869,-0.6495024561882019
1779958240512100600,79.9781005859375,-0.7725918292999268,-2.1455113887786865,-0.19318613409996033
1779958240528435200,79.99443530273437,-0.5673410892486572,-1.7241671085357666,0.408363401889801
1779958240544766000,80.01076586914063,-0.536797821521759,-1.0129673480987549,1.1687378883361816
1779958240561095400,80.02709545898438,-0.5975789427757263,-0.252287358045578,1.930639624595642
1779958240577429200,80.04342919921875,-0.6659958362579346,0.44974952936172485,2.660623550415039
1779958240593760800,80.0597607421875,-0.8229882121086121,0.8184067010879517,3.25820255279541
1779958240610096600,80.0760966796875,-0.4964807331562042,0.9511171579360962,2.48209810256958
1779958240626438700,80.09243872070313,0.01191187184303999,0.6455318331718445,0.30115658044815063
1779958240642773200,80.10877319335937,0.04963280260562897,-0.7837401032447815,-0.503047525882721
1779958240659122200,80.1251220703125,-0.2064724564552307,-0.9695958495140076,-1.084591269493103
1779958240675435800,80.14143579101562,-0.29886582493782043,-1.835344672203064,-1.3075571060180664
1779958240691766800,80.15776684570312,0.020311269909143448,-1.7342463731765747,-1.0346530675888062
1779958240708080600,80.17408056640625,0.4596760869026184,-0.01878410577774048,-0.13316862285137177
1779958240724423700,80.19042358398437,0.1866193264722824,1.7718145847320557,0.6508769392967224
1779958240740751400,80.20675146484375,-0.18341228365898132,4.601189613342285,0.7973318696022034
1779958240757082000,80.22308203125,0.021838432177901268,4.637994289398193,0.8431467413902283
1779958240773415200,80.23941528320313,-0.5232060551643372,2.400700330734253,0.43799036741256714
1779958240789745400,80.25574536132812,-0.4430300295352936,0.599564254283905,0.29794952273368835
1779958240806109200,80.27210913085938,0.05910121276974678,-0.31184670329093933,0.8462010622024536
1779958240822423800,80.288423828125,0.46013423800468445,0.2672535479068756,1.98332679271698
1779958240838768600,80.3047685546875,0.7359399199485779,1.9446895122528076,2.7531697750091553
1779958240855078400,80.32107836914062,1.2214250564575195,3.451083183288574,2.891530752182007
1779958240871420000,80.337419921875,1.6559029817581177,2.969874143600464,2.0063869953155518
1779958240887753000,80.3537529296875,1.0256427526474,0.3776674270629883,0.389426589012146
1779958240904083700,80.37008374023438,0.12095131725072861,-0.7414376735687256,1.5531249046325684
1779958240920413200,80.3864130859375,-0.5894849896430969,-0.058337632566690445,2.3483188152313232
1779958240936750300,80.40275024414062,-0.96883225440979,0.9552405476570129,2.027003526687622
1779958240953083400,80.41908349609375,-1.0319041013717651,0.9480628371238708,1.7307339906692505
1779958240969396000,80.43539599609375,-0.8866708874702454,0.8210029006004333,1.4019356966018677
1779958240985732000,80.45173217773437,-0.5593998432159424,1.8057177066802979,1.0876455307006836
1779958241002066000,80.46806591796874,-0.2597704529762268,2.5978572368621826,1.1452195644378662
1779958241018398500,80.4843984375,-0.02229658141732216,2.7123944759368896,1.3547463417053223
1779958241034730500,80.50073046875,0.24007004499435425,2.1728477478027344,1.4460707902908325
1779958241051061800,80.51706176757813,0.53328537940979,1.4143058061599731,1.3629931211471558
1779958241067393800,80.53339379882813,0.7095199823379517,0.8141306638717651,1.294118046760559
1779958241083712500,80.54971240234374,0.6004805564880371,0.9547823667526245,1.3994922637939453
1779958241100077300,80.56607739257812,0.3715587854385376,1.6994271278381348,1.4338533878326416
1779958241116375800,80.58237573242188,0.31291571259498596,2.2954788208007812,1.0852020978927612
1779958241132737300,80.5987373046875,0.5232060551643372,2.0080668926239014,0.540921151638031
1779958241149068800,80.61506884765625,0.698066234588623,1.3779592514038086,0.32681289315223694
1779958241165401900,80.63140185546875,0.6721044778823853,1.2394455671310425,0.379652738571167
1779958241181729500,80.6477294921875,0.4967861473560333,1.4508049488067627,0.3101668357849121
1779958241198046200,80.66404614257813,0.10995574295520782,1.2166908979415894,0.39736783504486084
1779958241214381000,80.68038110351563,-0.16432274878025055,0.611934244632721,0.547182559967041
1779958241230715600,80.69671557617187,-0.14156801998615265,0.28038713335990906,0.4560109078884125
1779958241247047000,80.713046875,-0.18478673696517944,0.39553526043891907,0.09865473955869675
1779958241263379700,80.72937963867187,-0.3075706362724304,0.18356500566005707,-0.379652738571167
1779958241279710000,80.7457099609375,-0.47311514616012573,-0.2616030275821686,-0.9592111706733704
1779958241296046600,80.76204663085937,-0.7420485615730286,-0.5787948369979858,-1.785253643989563
1779958241312387600,80.7783876953125,-1.190423607826233,-0.585667073726654,-2.4136812686920166
1779958241328732700,80.79473266601562,-1.3768903017044067,-0.7890852093696594,-2.758820056915283
1779958241345040000,80.81103979492187,-1.1701123714447021,-1.2463178634643555,-2.925586462020874
1779958241361385000,80.82738500976562,-0.9926560521125793,-1.7600555419921875,-2.9295570850372314
1779958241377717500,80.84371752929688,-0.6933320760726929,-1.7507398128509521,-2.822350263595581
1779958241394049300,80.86004931640625,-0.14095716178417206,-1.2165381908416748,-2.6836836338043213
1779958241410366000,80.87636596679687,0.5148066878318787,-0.8480336666107178,-2.6279423236846924
1779958241426714400,80.89271435546875,1.0213667154312134,-0.7163922190666199,-2.6792550086975098
1779958241443046100,80.90904614257812,1.331380844116211,-0.4340197443962097,-2.8522825241088867
1779958241459345700,80.925345703125,1.4442381858825684,-0.37491855025291443,-3.1751248836517334
1779958241475683600,80.94168359375,1.0555751323699951,-0.06918048858642578,-3.2600350379943848
1779958241492032800,80.95803271484375,0.46379944682121277,-0.24816401302814484,-3.006373405456543
1779958241508360000,80.97435986328125,-0.25824329257011414,-0.6319400668144226,-2.5812110900878906
1779958241524680400,80.99068041992187,-0.44593164324760437,-0.609338104724884,-2.1843013763427734
1779958241541026300,81.0070263671875,-0.3937026560306549,-1.4924964904785156,-1.7343991994857788
1779958241557358300,81.0233583984375,-0.6418666839599609,-2.1142046451568604,-1.3700180053710938
1779958241573689300,81.039689453125,-0.8593347072601318,-2.4225387573242188,-1.251968264579773
1779958241590039000,81.0560390625,-0.8330674767494202,-2.5859453678131104,-1.2556334733963013
1779958241606368000,81.07236791992187,-0.8092437386512756,-2.699260711669922,-1.0690141916275024
1779958241622717000,81.08871704101563,-0.6446155309677124,-2.486985206604004,-0.646295428276062
1779958241639029800,81.10502978515625,-0.4660901725292206,-2.0114264488220215,-0.006261368747800589
1779958241655334700,81.12133471679688,-0.4473060667514801,-1.2119566202163696,0.7432702779769897
1779958241671695000,81.13769506835938,-0.6670648455619812,-0.28985556960105896,1.5207489728927612
1779958241688024000,81.15402416992187,-1.0021244287490845,0.6250678896903992,2.333505153656006
1779958241704334300,81.17033422851563,-1.1803443431854248,1.1136072874069214,2.9657506942749023
1779958241720679200,81.18667919921874,-0.9526443481445312,1.0338894128799438,3.0613510608673096
1779958241736994800,81.20299487304688,-0.432034432888031,1.677588701248169,1.4523321390151978
1779958241753347300,81.21934741210937,-0.09224065393209457,0.6059783101081848,-0.25702154636383057
1779958241769674200,81.23567431640625,-0.2561052441596985,-1.474017858505249,-0.8045095205307007
1779958241786007800,81.2520078125,-0.08750644326210022,-2.473546028137207,-1.0790934562683105
1779958241802340600,81.26834057617188,0.4590652287006378,-2.1838431358337402,-0.8775079250335693
1779958241818671000,81.28467114257812,1.0155634880065918,-0.2597704529762268,-0.7463245987892151
1779958241835009800,81.301009765625,0.12308934330940247,3.140458106994629,-1.5401439666748047
1779958241851347000,81.31734692382813,-0.8361217975616455,3.576463222503662,0.08888089656829834
1779958241867683800,81.33368383789062,-0.9486737251281738,2.422844171524048,0.77472984790802
1779958241884009700,81.350009765625,-0.5479460954666138,1.7339409589767456,0.8237518072128296
1779958241900344600,81.36634448242188,0.07788532227277756,1.1986702680587769,1.3280210494995117
1779958241916683800,81.38268383789062,0.6310238242149353,1.2188289165496826,2.500882387161255
1779958241933012500,81.39901245117187,1.2365440130233765,2.29440975189209,3.6080756187438965
1779958241949328400,81.41532836914062,1.9871445894241333,3.645338296890259,4.090506553649902
1779958241965672200,81.43167211914063,2.322662353515625,3.2977559566497803,2.6732990741729736
1779958241981992000,81.44799194335937,1.3776538372039795,0.47540587186813354,0.04841107130050659
1779958241998329600,81.46432958984374,0.4612032473087311,-0.707534670829773,1.0729848146438599
1779958242014645200,81.48064526367187,-0.20295998454093933,-0.4657847583293915,1.8698585033416748
1779958242030977800,81.49697778320312,-0.7371616363525391,0.5148066878318787,1.9078848361968994
1779958242047322600,81.51332250976563,-0.8967501521110535,1.1027644872665405,1.875814437866211
1779958242063654000,81.52965380859375,-0.8969029188156128,0.75105881690979,1.8017470836639404
1779958242079989500,81.54598950195313,-0.6301075220108032,0.7179193496704102,1.749212622642517
1779958242096332300,81.56233227539063,-0.4366159439086914,1.534035325050354,1.5341880321502686
1779958242112665300,81.57866528320312,-0.4054618179798126,2.2238550186157227,1.5508341789245605
1779958242128995000,81.5949951171875,-0.13454307615756989,2.177123785018921,1.693013072013855
1779958242145329400,81.61132934570313,0.2860376536846161,1.5106697082519531,1.6255123615264893
1779958242161664300,81.62766430664063,0.5981897711753845,0.5422956347465515,1.5699236392974854
1779958242177991700,81.64399169921874,0.6646214127540588,0.2646573781967163,1.6998852491378784
1779958242194302200,81.66030224609375,0.542142927646637,0.9682214260101318,1.4989105463027954
1779958242210647600,81.6766474609375,0.48380526900291443,2.2379047870635986,0.9213374853134155
1779958242226987300,81.6929873046875,0.5293147563934326,2.758362054824829,0.260992169380188
1779958242243308800,81.70930883789063,0.5768095254898071,1.6522377729415894,0.03955352306365967
1779958242259638800,81.725638671875,0.4335615932941437,0.5928447246551514,0.28496864438056946
1779958242275974000,81.74197387695312,0.14446963369846344,0.780380368232727,0.46960264444351196
1779958242292320000,81.75832006835938,-0.004886921960860491,0.9789115786552429,0.46868637204170227
1779958242308664000,81.7746640625,-0.05543602257966995,0.6171266436576843,0.4242459237575531
1779958242324961800,81.7909619140625,-0.09437867999076843,0.3349068760871887,0.3604104816913605
1779958242341302000,81.80730200195312,-0.12034045159816742,0.24648413062095642,0.14844025671482086
1779958242357632800,81.8236328125,-0.13377949595451355,0.04398229718208313,-0.2767219543457031
1779958242373968100,81.83996801757813,-0.35643985867500305,-0.10674870014190674,-0.8159632682800293
1779958242390296300,81.85629638671875,-0.5777258276939392,-0.45265114307403564,-1.5664112567901611
1779958242406630400,81.87263037109375,-0.9488264322280884,-0.6081163287162781,-2.1335995197296143
1779958242422966300,81.88896630859375,-1.2324206829071045,-0.8239045143127441,-2.3857343196868896
1779958242439306500,81.90530639648438,-1.129489779472351,-1.323439598083496,-2.693915843963623
1779958242455639600,81.9216396484375,-0.8944594264030457,-2.052354574203491,-2.9081766605377197
1779958242471957200,81.93795727539063,-0.6696610450744629,-2.2650883197784424,-2.8970284461975098
1779958242488291800,81.95429174804687,-0.27030786871910095,-1.6158913373947144,-2.688570737838745
1779958242504609500,81.97060961914063,0.2154827117919922,-0.9923505783081055,-2.535090684890747
1779958242520957000,81.98695703125,0.6919575929641724,-0.8329147696495056,-2.5364651679992676
1779958242537287400,82.00328735351563,1.1134545803070068,-0.7539604306221008,-2.6280949115753174
1779958242553619000,82.01961889648437,1.4062118530273438,-0.6293439269065857,-2.8299858570098877
1779958242569948700,82.03594873046875,1.359175205230713,-0.6122397184371948,-3.017216205596924
1779958242586304300,82.05230419921875,0.8275696635246277,-0.45784351229667664,-2.8825204372406006
1779958242602628600,82.06862866210938,0.3701843321323395,-0.3367394804954529,-2.719572067260742
1779958242618950100,82.0849501953125,0.013744467869400978,-0.09437867999076843,-2.448042392730713
1779958242635294000,82.1012939453125,-0.31322115659713745,-0.46502116322517395,-1.9546160697937012
1779958242651603000,82.11760302734375,-0.646295428276062,-1.0238101482391357,-1.5714508295059204
1779958242667941400,82.13394140625,-0.7994698882102966,-1.5859588384628296,-1.4845552444458008
1779958242684272600,82.15027270507812,-0.8078693151473999,-2.1587977409362793,-1.4747813940048218
1779958242700605700,82.16660571289063,-0.7391469478607178,-2.2004892826080322,-1.3949108123779297
1779958242716924400,82.18292431640624,-0.6065891981124878,-2.101834535598755,-1.0477865934371948
1779958242733269800,82.19926977539062,-0.44287729263305664,-1.866040587425232,-0.44486260414123535
1779958242749607000,82.21560693359375,-0.3309362530708313,-1.3431400060653687,0.3019201457500458
1779958242765936000,82.23193603515625,-0.38728857040405273,-0.769079327583313,1.0086911916732788
1779958242782271000,82.24827099609375,-0.6449210047721863,-0.35262197256088257,1.6618589162826538
1779958242798610400,82.2646103515625,-0.9408851861953735,0.0907134860754013,2.264477491378784
1779958242814948600,82.28094848632813,-0.917061448097229,0.3110831379890442,2.286926746368408
1779958242831278600,82.29727856445312,-0.6097962260246277,0.7150177955627441,1.1954632997512817
1779958242847610600,82.31361059570312,-0.26511552929878235,0.399200439453125,0.07101308554410934
1779958242863960300,82.32996020507812,-0.30711251497268677,-1.1533136367797852,-0.10262536257505417
1779958242880275500,82.346275390625,-0.3003929853439331,-1.9920315742492676,-0.2503020465373993
1779958242896607200,82.36260717773438,-0.08231408894062042,-1.9953913688659668,-0.3588833212852478
1779958242912943400,82.378943359375,0.2272418737411499,-1.2805262804031372,-0.15103642642498016
1779958242929271600,82.395271484375,0.30512720346450806,0.10064005106687546,0.0074830991216003895
1779958242945603000,82.41160302734374,-0.26145032048225403,3.447265386581421,-0.04764748737215996
1779958242961918700,82.42791870117188,0.06918048858642578,4.37104606628418,1.1731667518615723
1779958242978253600,82.44425366210938,-0.08704829961061478,2.545933723449707,1.0137308835983276
1779958242994575400,82.46057543945312,-0.002138028386980295,1.8286250829696655,0.564592182636261
1779958243010918000,82.47691796875,0.2571742534637451,1.2067643404006958,0.8700248003005981
1779958243027252000,82.493251953125,0.4283692538738251,1.0784826278686523,1.9967657327651978
1779958243043583700,82.50958374023438,0.5783366560935974,2.152689218521118,3.1051807403564453
1779958243059914500,82.52591455078125,0.7764097452163696,3.3437235355377197,3.6169331073760986
1779958243076247800,82.54224780273438,1.1989758014678955,3.4125986099243164,3.2418618202209473
1779958243092580000,82.558580078125,1.1574369668960571,1.7922786474227905,1.333213448524475
1779958243108910600,82.57491064453124,0.5041165351867676,0.6359107494354248,0.7536550164222717
1779958243125244400,82.59124438476563,-0.08078692853450775,0.04092797264456749,1.6371188163757324
1779958243141577000,82.60757690429688,-0.5453499555587769,0.10186178237199783,1.9146044254302979
1779958243157907700,82.62390771484375,-0.7183775305747986,0.7060074806213379,1.7756325006484985
1779958243174240500,82.64024047851562,-0.7107416987419128,0.708450973033905,1.5697709321975708
1779958243190554000,82.65655419921875,-0.5581781268119812,1.0291552543640137,1.3519974946975708
1779958243206907000,82.67290698242188,-0.3830125033855438,1.909564733505249,1.2139419317245483
1779958243223237600,82.68923754882813,-0.28619036078453064,2.5552492141723633,1.3058772087097168
1779958243239567600,82.70556762695313,-0.10399980843067169,2.2091941833496094,1.5224288702011108
1779958243255900200,82.72190014648437,0.14004085958003998,1.22279953956604,1.5363260507583618
1779958243272234800,82.73823486328125,0.35414913296699524,0.5713117122650146,1.5451836585998535
1779958243288586200,82.75458618164062,0.4265366494655609,0.9283624291419983,1.5012013912200928
1779958243304905000,82.77090502929687,0.4948008358478546,1.7064520120620728,1.2710578441619873
1779958243321211400,82.78721142578125,0.5754350423812866,2.247831344604492,1.067639708518982
1779958243337565400,82.8035654296875,0.727082371711731,1.987450122833252,0.8707883954048157
1779958243353894700,82.81989477539062,0.8242099285125732,0.9578366875648499,0.551305890083313
1779958243370232800,82.83623291015626,0.6056728959083557,0.5763513445854187,0.4537201523780823
1779958243386559200,82.85255932617187,0.22800545394420624,1.1122329235076904,0.4538728892803192
1779958243402891800,82.86889184570313,0.05360342562198639,1.3607022762298584,0.2984076738357544
1779958243419209200,82.88520922851562,0.036193765699863434,1.050840973854065,0.28069257736206055
1779958243435555300,82.90155541992188,0.039095375686883926,0.498924195766449,0.30925053358078003
1779958243460043300,82.92604321289062,-0.027183502912521362,0.12996158003807068,-0.030543262138962746
1779958243476386000,82.94238598632812,-0.10048733651638031,-0.03649919852614403,-0.3959933817386627
1779958243492717800,82.9587177734375,-0.3462078869342804,-0.3254384696483612,-0.8881980776786804
1779958243509036000,82.9750361328125,-0.6157521605491638,-0.7515169382095337,-1.6427693367004395
1779958243525378800,82.99137890625,-0.9986119866371155,-0.8972083330154419,-2.1933116912841797
1779958243541701600,83.00770166015624,-1.2394455671310425,-1.1650726795196533,-2.476447820663452
1779958243558033400,83.02403344726562,-1.118036150932312,-1.6908750534057617,-2.7233898639678955
1779958243574366200,83.0403662109375,-0.9511171579360962,-2.3263275623321533,-2.8182268142700195
1779958243590697700,83.05669775390625,-0.7102835774421692,-2.5465445518493652,-2.7368290424346924
1779958243607031000,83.07303100585938,-0.24908030033111572,-2.0677788257598877,-2.5048530101776123
1779958243623361300,83.089361328125,0.11942415684461594,-1.4708107709884644,-2.341599225997925
1779958243639695000,83.10569506835938,0.355981707572937,-1.1409435272216797,-2.3877196311950684
1779958243656026600,83.12202661132812,0.6017022728919983,-0.7680103182792664,-2.523637056350708
1779958243672358700,83.13835864257813,0.8469646573066711,-0.40133845806121826,-2.7377452850341797
1779958243688694000,83.15469409179687,0.8953757286071777,-0.6302602291107178,-2.939483642578125
1779958243705022000,83.17102197265625,0.47998735308647156,-1.3222178220748901,-2.8229610919952393
1779958243721355800,83.18735571289062,0.0734565481543541,-1.6934711933135986,-2.736218214035034
1779958243737686800,83.20368676757812,-0.34086281061172485,-1.3859004974365234,-2.633134603500366
1779958243754019800,83.22001977539063,-0.6178901791572571,-1.2163853645324707,-2.2149972915649414
1779958243770354200,83.23635424804688,-0.7053966522216797,-1.4234687089920044,-1.7150042057037354
1779958243786682600,83.2526826171875,-0.7916813492774963,-1.82404363155365,-1.3359622955322266
1779958243803018800,83.26901879882813,-1.0154107809066772,-2.568382978439331,-1.1421653032302856
1779958243819347200,83.28534716796875,-1.0273226499557495,-2.481334686279297,-1.1478158235549927
1779958243835692800,83.30169287109375,-0.9089674949645996,-2.3241894245147705,-0.954018771648407
1779958243852025300,83.318025390625,-0.6661485433578491,-1.9058995246887207,-0.6049093008041382
1779958243868356000,83.33435620117187,-0.4596760869026184,-1.5876387357711792,-0.03298672288656235
1779958243884675800,83.35067578125,-0.3903428912162781,-0.8680394887924194,0.759916365146637
1779958243901022200,83.36702221679687,-0.4323398768901825,-0.08689557760953903,1.4978415966033936
1779958243917371000,83.38337084960938,-0.5969680547714233,0.5739079117774963,2.1424572467803955
1779958243933701400,83.39970141601563,-0.707534670829773,0.8988882303237915,2.467132091522217
1779958243950012700,83.4160126953125,-0.551305890083313,0.64217209815979,1.9318612813949585
1779958243966350000,83.43235009765625,-0.2970332205295563,0.7058547735214233,0.7032586336135864
1779958243982688500,83.4486884765625,-0.09682214260101318,-0.35216382145881653,-0.03940080851316452
1779958243999016200,83.46501611328125,-0.16600263118743896,-1.614822268486023,-0.7145596146583557
1779958244015346200,83.48134619140625,-0.10247264802455902,-2.1763601303100586,-0.8623890280723572
1779958244031679700,83.4976796875,-0.00931569468230009,-1.454164743423462,-0.4356996417045593
1779958244048011500,83.51401147460938,0.25045475363731384,-0.6310238242149353,0.28008171916007996
1779958244064329200,83.5303291015625,0.20402899384498596,0.7203628420829773,0.19853121042251587
1779958244080685800,83.54668579101562,-0.4801400899887085,3.570965528488159,-0.018936822190880775
1779958244097023700,83.56302368164063,-0.6293439269065857,3.983910322189331,0.8979719281196594
1779958244113342000,83.57934204101562,-0.8726209998130798,2.9804115295410156,0.8885034918785095
1779958244129683500,83.59568334960937,-0.5207626223564148,1.885893702507019,0.7192938327789307
1779958244146002000,83.612001953125,0.16279558837413788,-0.3597996234893799,0.8796459436416626
1779958244162337300,83.62833715820312,0.807563841342926,-1.4126259088516235,1.806328535079956
1779958244178666800,83.64466674804687,1.1163562536239624,1.0386236906051636,2.741563320159912
1779958244194999800,83.66099975585938,1.4298827648162842,3.729332208633423,3.053562641143799
1779958244211333000,83.6773330078125,1.9981402158737183,4.298964023590088,2.66031813621521
1779958244227664600,83.69366455078125,1.750128984451294,1.9924896955490112,0.888350784778595
1779958244243996400,83.70999633789063,0.6061310172080994,-0.9610437750816345,0.9621127843856812
1779958244260327000,83.72632690429687,-0.21807889640331268,-1.0476338863372803,1.747685432434082
1779958244276647700,83.74264770507813,-0.788016140460968,0.1869247704744339,1.7716618776321411
1779958244293013500,83.75901342773437,-0.9060658812522888,1.1788171529769897,1.6303993463516235
1779958244309329700,83.77532958984375,-0.9010262489318848,1.0775662660598755,1.5012013912200928
1779958244325670400,83.79167041015624,-0.7429648637771606,0.49235737323760986,1.5737415552139282
1779958244342002000,83.808001953125,-0.4421137273311615,0.4944954216480255,1.4286611080169678
1779958244358323500,83.82432348632813,-0.20876319706439972,1.0687087774276733,1.2139419317245483
1779958244374649600,83.84064965820312,-0.033139441162347794,1.5544993877410889,1.2539535760879517
1779958244390999000,83.8569990234375,0.11071932315826416,1.9517145156860352,1.3277156352996826
1779958244407335700,83.87333569335938,0.28695395588874817,1.9598084688186646,1.2331842184066772
1779958244423665400,83.88966552734375,0.4378376603126526,1.525483250617981,1.2501357793807983
1779958244439978200,83.90597827148437,0.5193881988525391,1.03037691116333,1.4672982692718506
1779958244456316000,83.92231591796875,0.5485569834709167,0.889267086982727,1.4981470108032227
1779958244472646100,83.93864624023438,0.6178901791572571,1.2183706760406494,1.115287184715271
1779958244488980000,83.95497998046875,0.6976081132888794,1.4833335876464844,0.5867360830307007
1779958244505310700,83.97131079101563,0.6356052756309509,1.2906055450439453,0.3257438838481903
1779958244521640700,83.987640625,0.4086688458919525,0.9195048809051514,0.42409318685531616
1779958244537977900,84.00397778320313,0.1921171247959137,0.7638869881629944,0.5623014569282532
1779958244554308600,84.02030859375,0.08338310569524765,0.75105881690979,0.5597052574157715
1779958244570627000,84.036626953125,0.012980886735022068,0.6293439269065857,0.48777589201927185
1779958244586988000,84.05298803710937,-0.05100724846124649,0.3649919927120209,0.40133845806121826
1779958244603313400,84.0693134765625,-0.11621711403131485,0.04902193695306778,0.18997909128665924
1779958244619653000,84.08565307617188,-0.12064588814973831,-0.15531249344348907,-0.05910121276974678
1779958244635980300,84.10198022460938,-0.26083946228027344,-0.5192354321479797,-0.45295658707618713
1779958244652280800,84.11828076171875,-0.5855143666267395,-0.804051399230957,-1.0603092908859253
1779958244668619500,84.13461962890625,-0.9066767692565918,-0.8294022679328918,-1.571603536605835
1779958244684970000,84.15096997070313,-1.0954340696334839,-0.9318749308586121,-1.9973766803741455
1779958244701297200,84.16729711914063,-1.0276280641555786,-1.4268285036087036,-2.5060746669769287
1779958244717615900,84.18361596679688,-0.7939720749855042,-2.1699459552764893,-2.822044610977173
1779958244733954800,84.19995483398438,-0.6049093008041382,-2.537534236907959,-2.819295883178711
1779958244750293500,84.21629345703126,-0.33017265796661377,-2.1427626609802246,-2.588083267211914
1779958244766624500,84.23262451171875,0.004428773187100887,-1.311833143234253,-2.322356939315796
1779958244782970000,84.24897021484375,0.30146199464797974,-0.9115636348724365,-2.2547035217285156
1779958244799302100,84.26530224609375,0.5668829679489136,-1.0141890048980713,-2.3991732597351074
1779958244815640000,84.28164013671875,0.7472409009933472,-0.9141598343849182,-2.6221389770507812
1779958244831961900,84.2979619140625,0.9408851861953735,-1.018770456314087,-2.777604341506958
1779958244848300500,84.31430053710938,0.7197519540786743,-1.1989758014678955,-2.7462973594665527
1779958244864629200,84.33062915039062,0.3376557528972626,-1.4720325469970703,-2.763859748840332
1779958244880962800,84.346962890625,-0.0754418596625328,-1.1702650785446167,-2.878396987915039
1779958244897297000,84.363296875,-0.3985895812511444,-0.8196284174919128,-2.7678303718566895
1779958244913630000,84.3796298828125,-0.5158756971359253,-1.0561859607696533,-2.2430970668792725
1779958244929942500,84.39594262695313,-0.5453499555587769,-1.4396566152572632,-1.7290540933609009
1779958244946281000,84.41228100585937,-0.7834346890449524,-2.040442705154419,-1.4283556938171387
1779958244962610200,84.42861010742187,-0.8837692737579346,-2.132530689239502,-1.3814717531204224
1779958244978943000,84.44494287109374,-0.841619610786438,-1.9897408485412598,-1.2687671184539795
1779958244995285500,84.46128540039062,-0.7197519540786743,-1.9097174406051636,-0.9472993016242981
1779958245011608800,84.47760888671876,-0.5658139586448669,-1.5658003091812134,-0.4236350357532501
1779958245027938800,84.49393872070313,-0.4642575979232788,-0.9851729273796082,0.26862800121307373
1779958245044272400,84.5102724609375,-0.4645630121231079,-0.4925101101398468,0.9344711303710938
1779958245060601000,84.52660107421875,-0.6007859706878662,-0.11102475970983505,1.5448782444000244
1779958245076955000,84.54295483398438,-0.7496843934059143,0.23594669997692108,2.0387628078460693
1779958245093282800,84.55928271484375,-0.7012733221054077,0.1837177276611328,1.9454530477523804
1779958245109597400,84.57559741210937,-0.43417248129844666,0.31093040108680725,0.9753990769386292
1779958245125945000,84.59194506835938,-0.060933809727430344,0.09269879758358002,0.3139847218990326
1779958245142270000,84.60827001953125,-0.04917465150356293,-1.06351637840271,0.07452555745840073
1779958245158600000,84.62459985351562,-0.21502456068992615,-1.7342463731765747,-0.11133018881082535
1779958245174927600,84.640927734375,-0.13408492505550385,-1.6546812057495117,-0.23900102078914642
1779958245191261700,84.65726171875,0.1137736514210701,-1.0067058801651,-0.07635815441608429
1779958245207594200,84.67359423828125,0.08261952549219131,0.403781920671463,0.08384125679731369
1779958245223923200,84.68992309570312,-0.5830708742141724,3.6271650791168213,0.313373863697052
1779958245240255000,84.7062548828125,-0.18555031716823578,4.12288236618042,1.3726142644882202
1779958245256616400,84.72261645507812,-0.4103487432003021,2.506227493286133,0.8758280277252197
1779958245272915000,84.7389150390625,-0.1690569519996643,1.853670597076416,0.4069889783859253
1779958245289255000,84.7552548828125,0.2177734673023224,0.9179777503013611,0.6789767146110535
1779958245305600500,84.7716005859375,0.5216789245605469,0.6490443348884583,1.9381227493286133
1779958245321903600,84.78790356445313,0.7869471311569214,1.7960965633392334,3.0360002517700195
1779958245338263300,84.80426318359375,1.0209085941314697,3.1803171634674072,3.4049627780914307
1779958245354576600,84.82057666015625,1.4314099550247192,3.768427610397339,3.0395126342773438
1779958245370931500,84.83693139648437,1.598328948020935,2.1533000469207764,1.39017653465271
1779958245387262000,84.85326196289063,0.9543242454528809,-0.10949759185314178,0.4834998548030853
1779958245403594200,84.86959423828125,0.22617286443710327,-0.8681922554969788,1.3434454202651978
1779958245419904000,84.88590405273438,-0.395077109336853,-0.46150869131088257,1.6720908880233765
1779958245436245000,84.90224487304687,-0.6798930168151855,0.7446447610855103,1.6184874773025513
1779958245452575000,84.91857495117188,-0.746019184589386,1.1435397863388062,1.5935946702957153
1779958245468907300,84.9349072265625,-0.7536550164222717,0.9291260242462158,1.5935946702957153
1779958245485239800,84.95123974609375,-0.4986187517642975,1.0514518022537231,1.504713773727417
1779958245501573400,84.96757348632812,-0.32039880752563477,2.0008890628814697,1.2930489778518677
1779958245517903600,84.98390356445313,-0.2050980031490326,2.5199718475341797,1.4303410053253174
1779958245534241000,85.00024096679688,-0.005955935921519995,2.308612585067749,1.5874860286712646
1779958245550561800,85.01656176757812,0.3006984293460846,1.3043500185012817,1.5202908515930176
1779958245566895400,85.03289526367188,0.5232060551643372,0.06811147183179855,1.4033101797103882
1779958245591403000,85.05740307617188,0.49617528915405273,0.5384777188301086,1.383151650428772
1779958245607730200,85.07373022460938,0.4092797040939331,1.8437440395355225,1.1252137422561646
1779958245624063200,85.09006323242187,0.4925101101398468,2.4937045574188232,0.7812966704368591
1779958245640403000,85.10640283203125,0.7006624341011047,1.7606663703918457,0.5878050923347473
1779958245656727800,85.12272778320313,0.7602217793464661,0.8518515825271606,0.5293147563934326
1779958245673060600,85.139060546875,0.5720753073692322,0.916450560092926,0.5623014569282532
1779958245689390600,85.155390625,0.29535335302352905,1.229519009590149,0.554818332195282
1779958245705724400,85.17172436523437,0.12232576310634613,1.0852020978927612,0.45692721009254456
1779958245722056700,85.188056640625,0.05421429127454758,0.8051204085350037,0.403781920671463
1779958245738388000,85.20438793945313,0.04337143152952194,0.679129421710968,0.31749722361564636
1779958245754738400,85.22073852539063,0.06154467165470123,0.6461427211761475,0.0607810914516449
1779958245771062300,85.23706225585937,0.01114829070866108,0.40133845806121826,-0.2719877362251282
1779958245787403500,85.25340356445312,-0.14492778480052948,-0.08704829961061478,-0.6032294034957886
1779958245803732000,85.26973193359375,-0.46150869131088257,-0.5867360830307007,-1.06657075881958
1779958245820064500,85.286064453125,-0.8970556259155273,-0.8303185701370239,-1.6221526861190796
1779958245836395500,85.3023955078125,-1.21974515914917,-1.1998920440673828,-1.9627100229263306
1779958245852741400,85.31874145507813,-1.2518155574798584,-1.6549866199493408,-2.1479549407958984
1779958245869059300,85.33505932617187,-1.0684033632278442,-1.9029979705810547,-2.4472789764404297
1779958245885375700,85.35137573242187,-0.788627028465271,-2.0108156204223633,-2.688417911529541
1779958245901705000,85.367705078125,-0.4560109078884125,-1.7739527225494385,-2.7711901664733887
1779958245918040800,85.38404077148438,-0.1869247704744339,-1.1551461219787598,-2.738508939743042
1779958245934378200,85.40037817382813,-0.13790282607078552,-0.5004513263702393,-2.7128524780273438
1779958245950706700,85.41670678710938,-0.15882496535778046,0.009010262787342072,-2.789363384246826
1779958245967041300,85.43304125976563,-0.017562376335263252,0.31551191210746765,-2.8993191719055176
1779958245983369000,85.44936889648437,0.1417207419872284,0.04245513305068016,-2.937192916870117
1779958245999702300,85.46570239257812,0.30863967537879944,-1.048397421836853,-2.7702739238739014
1779958246016029700,85.48202978515624,0.2330450862646103,-2.7936394214630127,-2.2214114665985107
1779958246032373000,85.498373046875,-0.10262536257505417,-3.1112895011901855,-2.0891592502593994
1779958246048697900,85.51469775390625,-0.260992169380188,-1.9804251194000244,-2.3345742225646973
1779958246065031700,85.53103173828126,-0.3715587854385376,-1.2765556573867798,-2.2513439655303955
1779958246081375700,85.54737573242187,-0.564592182636261,-1.8396207094192505,-1.766927719116211
1779958246097714400,85.56371435546875,-0.632398247718811,-2.109928607940674,-1.5152512788772583
1779958246114040800,85.58004077148438,-0.6754642724990845,-2.1119139194488525,-1.4705053567886353
1779958246130373600,85.59637353515625,-0.679740309715271,-2.0760254859924316,-1.3513866662979126
1779958246146688800,85.61268872070312,-0.6304129362106323,-1.93293035030365,-1.0036516189575195
1779958246163025200,85.62902514648438,-0.6528622508049011,-1.846492886543274,-0.47219884395599365
1779958246179355400,85.64535546875,-0.6243042945861816,-1.5282320976257324,0.022602014243602753
1779958246195689000,85.66168896484375,-0.4876231849193573,-1.0939068794250488,0.40653082728385925
1779958246212021200,85.67802124023437,-0.36880987882614136,-0.827722430229187,0.7675521969795227
1779958246228336600,85.69433666992188,-0.3165809214115143,-0.41233405470848083,1.1574369668960571
1779958246244708400,85.71070825195312,-0.31383201479911804,-0.0065668015740811825,1.5847371816635132
1779958246261029600,85.72702954101563,-0.3995058834552765,0.1394299864768982,1.8692476749420166
1779958246277363500,85.74336352539062,-0.4518875777721405,-0.20555615425109863,1.8216001987457275
1779958246293696500,85.75969653320313,-0.28848111629486084,-0.8370380997657776,1.1838568449020386
1779958246310022000,85.77602197265625,-0.15286903083324432,-1.378722906112671,0.543059229850769
1779958246326364400,85.79236450195313,-0.2713768780231476,-1.4836390018463135,0.061391957104206085
1779958246342677200,85.80867724609375,-0.3449861407279968,-1.3293955326080322,-0.5383250117301941
1779958246359023000,85.82502319335937,-0.40515637397766113,-1.330159068107605,-0.6320928335189819
1779958246375339300,85.84133935546875,-0.4558582007884979,-1.1728612184524536,-0.1647808998823166
1779958246391668700,85.85766870117187,-0.5839871764183044,-0.6803511381149292,0.32849279046058655
1779958246408005600,85.87400561523438,-0.39125919342041016,-0.4651738703250885,0.3367394804954529
1779958246424339000,85.8903388671875,-0.2590068578720093,-0.5717698931694031,0.20463985204696655
1779958246440671700,85.90667163085938,-0.15332718193531036,-0.2945897579193115,0.41431936621665955
1779958246457004000,85.92300415039062,0.5254968404769897,0.6947064995765686,0.470671683549881
1779958246473335600,85.93933544921875,0.5395467281341553,0.42531493306159973,-0.19837848842144012
1779958246489666800,85.95566674804688,-0.16584990918636322,0.13271047174930573,-0.3550654351711273
1779958246505999400,85.97199926757813,-0.08384125679731369,0.5707008838653564,0.2632829248905182
1779958246522332700,85.98833276367188,-0.01817324012517929,0.9935722947120667,1.0876455307006836
1779958246538663000,86.00466284179687,0.07773260027170181,1.0772608518600464,1.7414240837097168
1779958246555009500,86.02100952148437,0.3831652104854584,1.260367751121521,2.007455825805664
1779958246571329000,86.0373291015625,0.5520694851875305,1.3153456449508667,1.83824622631073
1779958246587679500,86.05367944335937,-0.0555887371301651,0.4492913782596588,1.0438159704208374
1779958246603991800,86.06999169921875,-0.5476406812667847,-0.3568980097770691,0.52702397108078
1779958246620338200,86.08633813476563,-0.5540547966957092,-1.0154107809066772,0.6172793507575989
1779958246636652300,86.10265234375,-0.3523165285587311,-1.3671164512634277,0.9352346658706665
1779958246652991700,86.11899169921875,-0.21105393767356873,-0.7822129726409912,1.2133311033248901
1779958246669320200,86.1353203125,-0.39324450492858887,0.18112154304981232,1.268614411354065
1779958246685640700,86.151640625,-0.4303545653820038,0.5855143666267395,1.0873401165008545
1779958246701987000,86.16798706054688,-0.25366178154945374,0.23457226157188416,0.7736608386039734
1779958246718317300,86.1843173828125,-0.15195272862911224,0.024587325751781464,0.5516113042831421
1779958246734653400,86.2006533203125,-0.09544769674539566,0.2116648107767105,0.5557346343994141
1779958246751008800,86.2170087890625,-0.08903361111879349,0.5681046843528748,0.5728389024734497
1779958246767325000,86.23332495117188,-0.16249015927314758,0.7139487266540527,0.513126790523529
1779958246783661800,86.24966186523437,-0.2142609804868698,0.7710646390914917,0.39675697684288025
1779958246799991000,86.26599096679688,-0.17379115521907806,0.703411340713501,0.3061962127685547
1779958246816293000,86.28229321289062,-0.11407908797264099,0.5047274231910706,0.2701551616191864
1779958246832630000,86.29863012695313,-0.09712757170200348,0.27122417092323303,0.285121351480484
1779958246848980200,86.31498022460937,-0.11270463466644287,0.04688390716910362,0.33735033869743347
1779958246865294000,86.33129418945313,-0.15195272862911224,-0.18738290667533875,0.4576907753944397
1779958246881640700,86.347640625,-0.18356500566005707,-0.31184670329093933,0.5868887901306152
1779958246897970400,86.36397045898437,-0.19425514340400696,-0.19013181328773499,0.6233879923820496
1779958246914304500,86.38030444335938,-0.18509216606616974,0.04444044828414917,0.5769622325897217
1779958246930620000,86.39661987304687,-0.14676037430763245,0.26343563199043274,0.5626068711280823
1779958246946973200,86.41297314453125,-0.11881329119205475,0.3712533414363861,0.6006332635879517
1779958246963300400,86.42930029296875,-0.10506882518529892,0.35185837745666504,0.6627888083457947
1779958246979631600,86.44563159179687,-0.09254608303308487,0.3023782968521118,0.7098253965377808
1779958246995966000,86.46196606445312,-0.032681290060281754,0.3147483170032501,0.6798930168151855
1779958247012297700,86.47829760742188,0.056352317333221436,0.3442225754261017,0.5684100985527039
1779958247028627500,86.49462744140625,0.14340060949325562,0.34284812211990356,0.45555275678634644
1779958247044948500,86.51094848632812,0.22770002484321594,0.3378084897994995,0.3602577745914459
1779958247061290200,86.52729028320313,0.26801711320877075,0.23609942197799683,0.28099802136421204
1779958247077612500,86.54361254882812,0.20662516355514526,0.18005253374576569,0.02519819140434265
1779958247093945300,86.5599453125,0.04749477282166481,0.3263547718524933,-0.26313021779060364
1779958247110280400,86.57628051757813,-0.270766019821167,0.5357288122177124,-0.16844609379768372
1779958247126610000,86.59260986328125,-0.4586070775985718,0.5890268087387085,0.18127426505088806
1779958247142942500,86.6089423828125,-0.32498031854629517,0.6058256030082703,0.1976149082183838
1779958247159274000,86.62527392578124,-0.10323622822761536,0.39767327904701233,0.13759739696979523
1779958247175606500,86.6416064453125,0.1514945775270462,-0.17287486791610718,0.11942415684461594
1779958247191938300,86.65793823242187,0.25182920694351196,-0.6108652353286743,0.09666942805051804
1779958247208271600,86.67427172851562,0.1840231567621231,-0.4323398768901825,0.12980885803699493
1779958247224602400,86.69060229492187,0.05910121276974678,0.08185594528913498,0.28557950258255005
1779958247240937000,86.70693701171875,-0.03405573591589928,0.4144720733165741,0.31154128909111023
1779958247257267200,86.72326708984374,-0.05100724846124649,0.5363397002220154,0.1595885455608368
1779958247273599500,86.739599609375,-0.00855211354792118,0.5287038683891296,0.015577063895761967
1779958247289931300,86.75593115234375,0.0354301854968071,0.43799036741256714,-0.011453723534941673
1779958247306264300,86.77226440429688,0.0685696229338646,0.37079519033432007,0.03039054572582245
1779958247322595600,86.788595703125,0.07131851464509964,0.3877467215061188,0.13271047174930573
1779958247338927900,86.80492797851562,0.10033461451530457,0.39354994893074036,0.1976149082183838
1779958247355259100,86.82125903320312,0.13454307615756989,0.2838996350765228,0.12018773704767227
1779958247371596300,86.83759619140625,0.13225232064723969,0.13866640627384186,0.025503624230623245
1779958247387934700,86.85393481445313,0.07895433157682419,-0.0025961773935705423,0.033597588539123535
1779958247404250400,86.87025048828124,-0.0007635815418325365,-0.06688974797725677,0.12965615093708038
1779958247420601300,86.88660131835937,-0.05955936014652252,-0.02977968007326126,0.17577648162841797
1779958247436932000,86.90293212890624,-0.08032877743244171,0.1007927656173706,0.14416420459747314
1779958247453265000,86.91926489257813,-0.047800205647945404,0.23609942197799683,0.0555887371301651
1779958247469597400,86.93559741210937,0.021380282938480377,0.30283644795417786,-0.037110064178705215
1779958247485911000,86.9519111328125,0.0832303911447525,0.327729195356369,-0.09712757170200348
1779958247502267100,86.96826708984375,0.11133018881082535,0.2987131178379059,-0.11636982858181
1779958247518592800,86.9845927734375,0.07009678333997726,0.2499966025352478,-0.12461651116609573
1779958247534931500,87.00093139648438,-0.022449297830462456,0.17241671681404114,-0.1137736514210701
1779958247551259400,87.01725927734375,-0.10674870014190674,0.13179416954517365,-0.0933096632361412
1779958247567589600,87.03358959960937,-0.13072516024112701,0.10812314599752426,-0.0861319974064827
1779958247583939000,87.04993896484375,-0.11621711403131485,0.07956519722938538,-0.08689557760953903
1779958247600267300,87.06626733398437,-0.07208210229873657,0.05192354694008827,-0.06169738993048668
1779958247616599300,87.08259936523437,-0.01237002108246088,0.06001751124858856,-0.03084869496524334
1779958247632912000,87.09891186523437,0.04382958263158798,0.05650503560900688,-0.012980886735022068
1779958247649249500,87.11524951171874,0.0780380368232727,0.038179077208042145,-0.0029016099870204926
1779958247665586400,87.13158642578125,0.07452555745840073,-0.0025961773935705423,0.01771509274840355
1779958247681914400,87.14791430664063,0.05009094998240471,-0.06444628536701202,0.049785517156124115
1779958247698247200,87.1642470703125,0.03176499158143997,-0.09468411654233932,0.06429356336593628
1779958247714579500,87.18057934570312,0.02932153269648552,-0.09208793938159943,0.04948008432984352
1779958247730940200,87.19694018554688,0.025961773470044136,-0.048105638474226,0.03375030308961868
1779958247747261700,87.21326171875,0.02535090781748295,-0.03955352306365967,0.047800205647945404
1779958247763591700,87.229591796875,0.02519819140434265,-0.05955936014652252,0.07467827945947647
1779958247779915800,87.24591577148438,0.015882495790719986,-0.07269296050071716,0.1033889427781105
1779958247796251600,87.26225170898438,0.007635815534740686,-0.053297992795705795,0.11407908797264099
1779958247812596000,87.27859594726563,0.012675453908741474,-0.07070764899253845,0.11499538272619247
1779958247828894200,87.29489428710937,0.02367102913558483,-0.14095716178417206,0.12599095702171326
1779958247845217800,87.3112177734375,0.02886338345706463,-0.1992947906255722,0.14019356667995453
1779958247861556700,87.327556640625,0.02535090781748295,-0.2028072625398636,0.13530665636062622
1779958247877904000,87.34390380859375,-0.007635815534740686,-0.16722436249256134,0.1267545372247696
1779958247894232600,87.36023266601562,-0.01160643994808197,-0.11056660860776901,0.12568552792072296
1779958247910566100,87.37656616210937,0.03588833287358284,-0.1771509200334549,0.07177666574716568
1779958247926898000,87.39289794921875,-0.03848451003432274,-0.24495697021484375,0.018020525574684143
1779958247943228400,87.409228515625,0.005803219974040985,-0.3045163154602051,0.012522737495601177
1779958247959577900,87.42557788085938,0.04260785132646561,-0.3072652220726013,-0.016951510682702065
1779958247975888600,87.441888671875,0.010537425056099892,-0.31184670329093933,-0.04092797264456749
1779958247992225800,87.45822583007812,-0.04184427112340927,-0.37339138984680176,-0.06658431142568588
1779958248008568600,87.47456860351562,-0.07437284290790558,-0.3599523603916168,-0.04199698567390442
1779958248024892700,87.490892578125,-0.17821992933750153,2.93154239654541,-0.2513710558414459
1779958248041222700,87.50722265625,-0.2018909603357315,1.706910252571106,-0.40286561846733093
1779958248057555700,87.5235556640625,0.004734205547720194,-1.1798862218856812,0.10506882518529892
1779958248073890000,87.53989013671875,0.16920967400074005,-1.7418822050094604,0.06398813426494598
1779958248090235600,87.55623559570313,0.17806722223758698,-1.133307695388794,0.02367102913558483
1779958248106561500,87.5725615234375,0.09392052888870239,-0.8165740966796875,0.059406645596027374
1779958248122880300,87.58888037109375,0.0029016099870204926,-0.5801692605018616,0.06688974797725677
1779958248139214000,87.60521411132812,-0.044135015457868576,-0.4115704596042633,0.05467243865132332
1779958248155548000,87.6215478515625,-0.05757404863834381,-0.4977024495601654,0.055741455405950546
1779958248171868000,87.63786791992187,-0.044135015457868576,-0.5873469114303589,0.040164388716220856
1779958248188211200,87.65421118164062,-0.02871066704392433,-0.4596760869026184,-0.02871066704392433
1779958248204544300,87.67054418945312,-0.014355333521962166,-0.346818745136261,-0.0757472887635231
1779958248220879000,87.68687915039062,0.0027488935738801956,-0.3836233615875244,-0.06322455406188965
1779958248237223400,87.70322338867187,0.021532999351620674,-0.4648684561252594,-0.013286318629980087
1779958248253556000,87.71955590820312,0.015882495790719986,-0.4786129295825958,0.012064588256180286
1779958248269885000,87.73588500976562,-0.005345070734620094,-0.35811975598335266,0.001832595793530345
1779958248286220000,87.75221997070312,-0.028099801391363144,-0.23915374279022217,-0.01970040425658226
1779958248302549500,87.76854956054687,-0.029932396486401558,-0.21105393767356873,-0.010690141469240189
1779958248318882600,87.78488256835938,-0.019394971430301666,-0.23228150606155396,0.009621127508580685
1779958248335206100,87.8012060546875,-0.007941247895359993,-0.21090123057365417,0.00733038317412138
1779958248351531800,87.81753173828125,-0.001832595793530345,-0.14523321390151978,-0.006261368747800589
1779958248367865300,87.833865234375,0.00427605677396059,-0.08704829961061478,-0.026572637259960175
1779958248384198000,87.85019799804688,0.009773843921720982,-0.061391957104206085,-0.032681290060281754
1779958248400535300,87.86653540039063,0.01038470957428217,-0.060475658625364304,-0.022907447069883347
1779958248416863500,87.88286352539062,0.006261368747800589,-0.07422012835741043,0.0007635815418325365
1779958248433195000,87.89919506835938,0.008399397134780884,-0.10125091671943665,0.01191187184303999
1779958248449529300,87.915529296875,0.0064140851609408855,-0.10354165732860565,0.012828170321881771
1779958248465886200,87.93188623046875,0.00931569468230009,-0.10445795953273773,0.009010262787342072
1779958248482189000,87.94818896484375,0.012064588256180286,-0.1082758679986,0.002138028386980295
1779958248498522000,87.96452221679688,0.012217304669320583,-0.10231992602348328,-0.009926560334861279
1779958248514857000,87.98085693359376,0.008704829961061478,-0.08078692853450775,-0.021991148591041565
1779958248531184600,87.9971845703125,0.004581489134579897,-0.06276640295982361,-0.02932153269648552
1779958248547520800,88.01352075195312,-0.0010690141934901476,-0.06994406878948212,-0.03375030308961868
1779958248563856000,88.02985595703124,-0.0039706239476799965,-0.10659598559141159,-0.032070424407720566
1779958248580200000,88.04619995117187,-0.007177666760981083,-0.1293507218360901,-0.03176499158143997
1779958248596530200,88.0625302734375,-0.017867809161543846,-0.11255192011594772,-0.04108068719506264
1779958248612850400,88.07885034179688,-0.03405573591589928,-0.0913243517279625,-0.03726277872920036
1779958248629179400,88.09517944335937,-0.03497203439474106,-0.08796459436416626,-0.028557950630784035
1779958248645512700,88.1115126953125,-0.022907447069883347,-0.11194105446338654,-0.02626720629632473
1779958248661849600,88.127849609375,-0.015118914656341076,-0.1062905490398407,-0.046273041516542435
1779958248678176500,88.14417651367188,-0.011453723534941673,-0.062460970133543015,-0.07162395119667053
1779958248694509000,88.16050903320313,-0.019394971430301666,-0.04046982154250145,-0.08368854224681854
1779958248710853600,88.176853515625,-0.016340645030140877,-0.041691552847623825,-0.07376197725534439
1779958248727182800,88.19318286132813,-0.015271631069481373,-0.048105638474226,-0.055894169956445694
1779958248743521300,88.20952124023438,-0.010842857882380486,-0.0377209298312664,-0.0455094613134861
1779958248759850500,88.2258505859375,-0.001679879380390048,-0.03940080851316452,-0.04459316283464432
1779958248776184600,88.2421845703125,-0.00931569468230009,-0.040622539818286896,-0.049785517156124115
1779958248792513800,88.258513671875,-0.015577063895761967,-0.02229658141732216,-0.056810468435287476
1779958248808850200,88.27485009765626,-0.010842857882380486,-0.00015271631127689034,-0.060933809727430344
1779958248825176600,88.29117651367187,0.0064140851609408855,-0.002138028386980295,-0.06872233748435974
1779958248841486300,88.307486328125,0.024892758578062057,-0.005192354787141085,-0.08170322328805923
1779958248857829400,88.32382934570313,0.03420845419168472,-0.005803219974040985,-0.0832303911447525
1779958248874163700,88.34016381835937,0.039095375686883926,0.010995574295520782,-0.07467827945947647
1779958248890500000,88.3565,0.039095375686883926,0.02932153269648552,-0.04749477282166481
1779958248906828000,88.372828125,0.03940080851316452,0.03191770985722542,-0.02687807008624077
1779958248923160000,88.38916015625,0.04046982154250145,0.03039054572582245,-0.009773843921720982
1779958248939492600,88.40549267578125,0.04612032696604729,-0.008246680721640587,0.009010262787342072
1779958248955838700,88.42183862304688,0.0529925599694252,0.024129176512360573,-0.03375030308961868
1779958248972162600,88.43816259765624,0.043218716979026794,0.3527746796607971,-0.09178250283002853
1779958248988493300,88.45449340820312,0.05726861581206322,0.17577648162841797,-0.07330382615327835
1779958249004807200,88.47080712890624,0.05207626149058342,-0.012064588256180286,0.018020525574684143
1779958249021149700,88.48714965820312,0.04352414980530739,-0.12232576310634613,0.04230241850018501
1779958249037488400,88.50348828125,0.03145955875515938,-0.14095716178417206,0.05421429127454758
1779958249053816300,88.51981640625,0.0507018156349659,-0.17592918872833252,0.06750060617923737
1779958249070148000,88.53614819335938,0.058948494493961334,-0.13011430203914642,0.06948592513799667
1779958249086494500,88.55249438476562,0.054367005825042725,-0.02015855349600315,0.03405573591589928
1779958249102829000,88.5688291015625,0.035124752670526505,0.03191770985722542,0.044287730008363724
1779958249119144400,88.58514453125,0.013439035043120384,0.03878994286060333,0.05910121276974678
1779958249135477800,88.60147778320312,-0.003512475173920393,0.059406645596027374,0.048258353024721146
1779958249151810000,88.61781005859375,-0.012522737495601177,0.07819075137376785,0.04489859566092491
1779958249168140800,88.63414086914062,-0.01466076634824276,0.06200282275676727,0.056352317333221436
1779958249184475000,88.65047485351562,-0.012828170321881771,0.022907447069883347,0.07376197725534439
1779958249200806400,88.66680639648438,-0.012522737495601177,0.0024434609804302454,0.06352998316287994
1779958249217156600,88.68315649414062,-0.01572977937757969,-0.00015271631127689034,0.04245513305068016
1779958249233485000,88.69948510742188,-0.020005837082862854,-0.014966198243200779,0.02626720629632473
1779958249249814300,88.71581420898437,-0.031154127791523933,-0.025961773470044136,0.0039706239476799965
1779958249266149400,88.7321494140625,-0.03894266113638878,-0.031001411378383636,-0.024892758578062057
1779958249282489300,88.7484892578125,-0.047189339995384216,-0.03298672288656235,-0.04932736977934837
1779958249298833400,88.76483349609374,-0.048105638474226,-0.04612032696604729,-0.07101308554410934
1779958249315134000,88.78113403320313,-0.04230241850018501,-0.06169738993048668,-0.0832303911447525
1779958249331461600,88.79746166992187,-0.03130684420466423,-0.08231408894062042,-0.09468411654233932
1779958249347795200,88.81379516601562,-0.02779436856508255,-0.04932736977934837,-0.11209376901388168
1779958249364128500,88.83012841796875,-0.02687807008624077,-0.00427605677396059,-0.11545353382825851
1779958249380466700,88.846466796875,-0.02229658141732216,0.005192354787141085,-0.09468411654233932
1779958249396792300,88.86279223632812,-0.02275473065674305,0.0029016099870204926,-0.06200282275676727
1779958249413121500,88.87912158203125,-0.021532999351620674,0.05345070734620094,-0.04535674303770065
1779958249429462300,88.89546215820313,-0.019547687843441963,0.12186761945486069,-0.02932153269648552
1779958249445798700,88.91179858398438,-0.005803219974040985,0.14874568581581116,-0.004428773187100887
1779958249462122500,88.92812255859376,0.013286318629980087,0.13500121235847473,0.0074830991216003895
1779958249478448400,88.94444848632813,0.02076941914856434,0.17867808043956757,0.009926560334861279
1779958249494785500,88.96078564453126,0.019394971430301666,0.2704605758190155,0.0024434609804302454
1779958249511117300,88.97711743164062,0.014813481830060482,0.2993239760398865,0.005650503560900688
1779958249527450400,88.99345043945313,0.005345070734620094,0.2838996350765228,0.023976460099220276
1779958249543781400,89.00978149414063,-0.0013744467869400978,0.270766019821167,0.03787364438176155
1779958249560113400,89.02611352539063,-0.00366519158706069,0.25366178154945374,0.036193765699863434
1779958249576448800,89.04244873046875,-0.0022907445672899485,0.23976461589336395,0.029474247246980667
1779958249592778200,89.0587783203125,0.004581489134579897,0.20173825323581696,0.02825251780450344
1779958249609105400,89.07510546875,0.011759156361222267,0.13698652386665344,0.028405234217643738
1779958249625442600,89.09144262695312,0.012064588256180286,0.0981965884566307,0.023518312722444534
1779958249641775000,89.10777514648437,0.008399397134780884,0.07941248267889023,0.016035212203860283
1779958249658106000,89.12410620117187,0.005497787147760391,0.036193765699863434,0.013133603148162365
1779958249674439000,89.14043896484375,0.005192354787141085,-0.015882495790719986,0.013439035043120384
1779958249690772500,89.1567724609375,0.0024434609804302454,-0.04657847434282303,0.013286318629980087
1779958249707114800,89.17311474609374,0.007177666760981083,-0.06948592513799667,0.006108652334660292
1779958249723455700,89.18945581054687,0.009773843921720982,-0.07422012835741043,0.004581489134579897
1779958249739781600,89.20578173828125,0.00809396430850029,-0.04917465150356293,0.012522737495601177
1779958249756110000,89.22211010742187,0.019547687843441963,-0.058948494493961334,0.022143865004181862
1779958249772439800,89.23843969726562,0.02871066704392433,-0.08567385375499725,0.02382374368607998
1779958249788786000,89.25478588867188,0.018478672951459885,-0.06887505948543549,0.021380282938480377
1779958249805108700,89.27110864257813,0.01191187184303999,-0.02229658141732216,0.017867809161543846
1779958249821426400,89.28742651367187,0.0022907445672899485,0.003359758760780096,0.0039706239476799965
1779958249837748700,89.30374877929688,0.006872233934700489,0.005955935921519995,-0.014508049935102463
1779958249854091800,89.320091796875,0.02687807008624077,-0.041691552847623825,-0.020005837082862854
1779958249870424000,89.33642407226563,0.03695734590291977,-0.047189339995384216,-0.038637228310108185
1779958249886758400,89.35275830078125,0.025045474991202354,0.01664607785642147,-0.05146539583802223
1779958249903088400,89.36908837890626,0.01191187184303999,0.03894266113638878,-0.028405234217643738
1779958249919420400,89.38542041015624,0.0032070425804704428,-0.048105638474226,0.01664607785642147
1779958249935753500,89.40175341796875,-0.00045814894838258624,-0.13240504264831543,0.05451972410082817
1779958249952086500,89.41808642578125,-0.005039638374000788,-0.1598939746618271,0.0403171069920063
1779958249968416800,89.43441674804687,0.008246680721640587,-0.18738290667533875,0.00733038317412138
1779958249984750000,89.45075,0.015882495790719986,-0.17867808043956757,0.04948008432984352
1779958250001064700,89.46706469726563,0.02474004216492176,-0.18112154304981232,0.04489859566092491
1779958250017412600,89.48341259765625,0.028405234217643738,-0.13668109476566315,-0.009621127508580685
1779958250033746200,89.49974609375,0.01664607785642147,-0.023518312722444534,-0.04917465150356293
1779958250050078200,89.516078125,-0.004123340360820293,0.022907447069883347,-0.04199698567390442
1779958250066412500,89.53241259765625,-0.010842857882380486,0.0328340083360672,-0.022602014243602753
1779958250082744300,89.54874438476563,-0.003817907767370343,0.012064588256180286,-0.020463986322283745
1779958250099070700,89.56507080078126,0.004123340360820293,0.02168571576476097,-0.03756821155548096
1779958250115407600,89.58140771484375,0.005650503560900688,0.06230825558304787,-0.0429132841527462
1779958250131739600,89.59773974609375,0.006719517521560192,0.06414084881544113,-0.04337143152952194
1779958250148070700,89.61407055664063,0.007635815534740686,0.025656340643763542,-0.030543262138962746
1779958250164401400,89.6304013671875,0.007941247895359993,0.010995574295520782,-0.02076941914856434
1779958250180737300,89.6467373046875,0.008246680721640587,-0.011453723534941673,-0.019547687843441963
1779958250197085700,89.66308569335938,-0.00015271631127689034,-0.010995574295520782,-0.02275473065674305
1779958250213399000,89.67939892578126,-0.010231993161141872,0.018936822190880775,-0.02825251780450344
1779958250229745200,89.6957451171875,-0.014966198243200779,0.024129176512360573,-0.026572637259960175
1779958250246075100,89.7120751953125,-0.011301007121801376,0.0013744467869400978,-0.02687807008624077
1779958250262413300,89.72841333007813,-0.010995574295520782,0.007024950347840786,-0.0328340083360672
1779958250278762500,89.74476245117188,-0.011453723534941673,0.05268712714314461,-0.05009094998240471
1779958250295087000,89.76108715820313,-0.0027488935738801956,0.03527746722102165,-0.06444628536701202
1779958250311391200,89.77739111328125,-0.0022907445672899485,0.001527163083665073,-0.057879481464624405
1779958250327709400,89.79370947265625,-0.002138028386980295,-0.009773843921720982,-0.027183502912521362
1779958250344058600,89.81005859375,0.004734205547720194,-0.032681290060281754,0.009468411095440388
1779958250360445200,89.82644506835938,0.00809396430850029,-0.013591751456260681,0.021991148591041565
1779958250376733000,89.84273291015624,0.00427605677396059,0.01725694350898266,0.020005837082862854
1779958250393054200,89.85905419921875,0.004428773187100887,0.03329215571284294,0.02474004216492176
1779958250409382400,89.87538232421875,0.010690141469240189,0.015271631069481373,0.02474004216492176
1779958250425721300,89.89172143554687,0.018325956538319588,-0.005345070734620094,0.010079276748001575
1779958250442037200,89.90803735351562,0.016951510682702065,0.016340645030140877,-0.01725694350898266
1779958250458390500,89.924390625,0.01191187184303999,0.03726277872920036,-0.03756821155548096
1779958250474711800,89.9407119140625,0.01191187184303999,0.031001411378383636,-0.03726277872920036
1779958250491045600,89.95704565429688,0.014966198243200779,0.01771509274840355,-0.02367102913558483
1779958250507382000,89.97338208007812,0.011301007121801376,0.029626963660120964,-0.016798794269561768
1779958250523711000,89.9897109375,0.004428773187100887,0.03130684420466423,-0.012522737495601177
1779958250540043000,90.00604296875,0.005803219974040985,0.01466076634824276,-0.017409659922122955
1779958250556375600,90.02237548828126,0.005803219974040985,-0.00366519158706069,-0.033139441162347794
1779958250572716000,90.03871606445313,0,0.023976460099220276,-0.049785517156124115
1779958250589017600,90.055017578125,-0.005192354787141085,0.053297992795705795,-0.04963280260562897
1779958250605356800,90.07135668945313,-0.004886921960860491,0.05406157299876213,-0.035582900047302246
1779958250621691600,90.08769165039062,-0.003359758760780096,0.060475658625364304,-0.024434609338641167
1779958250638025200,90.10402514648437,-0.006108652334660292,0.07299839705228806,-0.02275473065674305
1779958250654358300,90.12035815429688,-0.013133603148162365,0.0988074541091919,-0.026419922709465027
1779958250670688800,90.13668872070312,-0.012217304669320583,0.09376781433820724,-0.02977968007326126
1779958250687021600,90.153021484375,-0.009010262787342072,0.07177666574716568,-0.027030786499381065
1779958250703357200,90.16935717773437,-0.0019853119738399982,0.05054909735918045,-0.01924225501716137
1779958250719682600,90.1856826171875,-0.0027488935738801956,0.054825156927108765,-0.0027488935738801956
1779958250736018200,90.20201806640625,-0.007941247895359993,0.05192354694008827,0.023060163483023643
1779958250752349400,90.21834936523437,-0.004123340360820293,0.038026362657547,0.041691552847623825
1779958250768681700,90.234681640625,-0.004581489134579897,0.04138612002134323,0.05650503560900688
1779958250785014000,90.25101391601562,-0.0009162978967651725,0.05864306539297104,0.052228979766368866
1779958250801345500,90.26734545898438,0.0027488935738801956,0.04489859566092491,0.04444044828414917
1779958250817678600,90.2836787109375,0.005497787147760391,0.047189339995384216,0.03894266113638878
1779958250834011100,90.30001123046875,0.0039706239476799965,0.08491026610136032,0.02932153269648552
1779958250850342700,90.3163427734375,0.003359758760780096,0.1007927656173706,0.036041051149368286
1779958250866674700,90.3326748046875,0.0074830991216003895,0.09025534242391586,0.06001751124858856
1779958250883006500,90.34900634765626,0.009162978269159794,0.07376197725534439,0.07360926270484924
1779958250899340800,90.3653408203125,0.0003054326225537807,0.06765332818031311,0.06734789162874222
1779958250915672000,90.38167211914063,-0.00855211354792118,0.09712757170200348,0.05925392732024193
1779958250932003600,90.39800366210937,-0.009010262787342072,0.11468994617462158,0.06459899991750717
1779958250948334600,90.41433447265625,0.0003054326225537807,0.10308351367712021,0.07437284290790558
1779958250964683500,90.43068359375,0.013286318629980087,0.08048149943351746,0.07101308554410934
1779958250981010700,90.4470107421875,0.022143865004181862,0.07208210229873657,0.06398813426494598
1779958250997333500,90.46333349609375,0.02015855349600315,0.10781771689653397,0.04856378585100174
1779958251013676300,90.47967626953125,0.010842857882380486,0.15225815773010254,0.01924225501716137
1779958251030008300,90.49600830078126,0.0009162978967651725,0.19654589891433716,-0.01542434748262167
1779958251046324200,90.51232421875,-0.0024434609804302454,0.20525072515010834,-0.035124752670526505
1779958251062677000,90.52867700195313,-0.004123340360820293,0.17699819803237915,-0.032681290060281754
1779958251079004000,90.54500390625,-0.005803219974040985,0.15424346923828125,-0.02825251780450344
1779958251095327200,90.5613271484375,-0.01038470957428217,0.14126259088516235,-0.028405234217643738
1779958251111670000,90.577669921875,-0.02519819140434265,0.14767667651176453,-0.024434609338641167
1779958251128000800,90.59400073242188,-0.032070424407720566,0.13041973114013672,-0.016951510682702065
1779958251144333800,90.61033374023438,-0.027183502912521362,0.1336267739534378,-0.021074850112199783
1779958251160666400,90.62666625976563,-0.024434609338641167,0.1638645976781845,-0.0377209298312664
1779958251176998000,90.64299780273437,-0.024434609338641167,0.18509216606616974,-0.042760565876960754
1779958251193348900,90.65934887695313,-0.02825251780450344,0.17562375962734222,-0.038637228310108185
1779958251209674000,90.67567407226562,-0.024587325751781464,0.17516560852527618,-0.038179077208042145
1779958251225994800,90.69199487304688,-0.017562376335263252,0.17211128771305084,-0.04489859566092491
1779958251242336500,90.70833642578125,-0.013897184282541275,0.16233743727207184,-0.05268712714314461
1779958251258674000,90.724673828125,-0.006261368747800589,0.1437060534954071,-0.059864792972803116
1779958251274988000,90.74098803710937,-0.003054326167330146,0.1342376321554184,-0.05513058975338936
1779958251291320800,90.75732080078124,0.00045814894838258624,0.12461651116609573,-0.04657847434282303
1779958251307655400,90.77365551757812,0.0019853119738399982,0.10735956579446793,-0.04856378585100174
1779958251323987700,90.78998779296874,-0.0003054326225537807,0.0959058403968811,-0.05253441259264946
1779958251340326400,90.80632641601562,-0.004428773187100887,0.10445795953273773,-0.05696318298578262
1779958251356652300,90.82265234375,-0.0065668015740811825,0.09865473955869675,-0.044745877385139465
1779958251372985600,90.83898559570312,0.007177666760981083,0.09117163717746735,-0.031612277030944824
1779958251389318700,90.85531860351563,0.01664607785642147,0.08216137439012527,-0.03145955875515938
1779958251405662000,90.87166186523437,0.01191187184303999,0.10262536257505417,-0.02687807008624077
1779958251421994000,90.88799389648437,0.0007635815418325365,0.09605856239795685,0.0022907445672899485
1779958251438326000,90.90432592773438,-0.003817907767370343,0.06963863968849182,0.02733621932566166
1779958251454652200,90.92065209960937,0.00733038317412138,0.08277224004268646,0.015271631069481373
1779958251470998800,90.93699877929687,0.020616702735424042,0.12263119965791702,-0.015271631069481373
1779958251487302100,90.95330224609376,0.030695978552103043,0.15286903083324432,-0.03649919852614403
1779958251503641000,90.96964111328126,0.03191770985722542,0.14966198801994324,-0.05543602257966995
1779958251519975400,90.98597534179687,0.022143865004181862,0.1638645976781845,-0.06368270516395569
1779958251536305700,91.0023056640625,0.01191187184303999,0.17867808043956757,-0.05772676691412926
1779958251552638500,91.01863842773437,0.005192354787141085,0.1748601794242859,-0.041233405470848083
1779958251568972000,91.03497192382812,0.003512475173920393,0.17989981174468994,-0.02886338345706463
1779958251585305000,91.05130517578125,0.004886921960860491,0.14966198801994324,-0.030543262138962746
1779958251601634600,91.06763452148438,0.007941247895359993,0.1238529309630394,-0.0328340083360672
1779958251617965600,91.08396557617188,0.0025961773935705423,0.11972958594560623,-0.020005837082862854
1779958251634298400,91.10029833984375,0.0025961773935705423,0.10873401165008545,0.0009162978967651725
1779958251650631700,91.11663159179687,0.004581489134579897,0.12263119965791702,0.009162978269159794
1779958251666963700,91.13296362304688,0.01237002108246088,0.1466076523065567,-0.0009162978967651725
1779958251683313200,91.14931323242187,0.01817324012517929,0.1287398487329483,-0.01191187184303999
1779958251699622400,91.16562231445313,0.013439035043120384,0.13057245314121246,-0.020463986322283745
1779958251715961900,91.1819619140625,0.005497787147760391,0.08994990587234497,-0.026114489883184433
1779958251732286700,91.19828662109374,-0.005192354787141085,0.030543262138962746,-0.019853120669722557
1779958251748632800,91.2146328125,-0.009468411095440388,0.012522737495601177,-0.012522737495601177
1779958251764942800,91.23094287109375,-0.0012217304902151227,0.06429356336593628,-0.029626963660120964
1779958251781288700,91.24728881835938,0.004428773187100887,0.12599095702171326,-0.036193765699863434
1779958251797620200,91.2636201171875,0.00015271631127689034,0.12110403180122375,-0.03039054572582245
1779958251813953300,91.27995336914063,-0.0027488935738801956,0.12690725922584534,-0.03145955875515938
1779958251830290400,91.29629052734376,-0.0074830991216003895,0.1160643994808197,-0.029474247246980667
1779958251846617000,91.3126171875,-0.011759156361222267,0.08659014850854874,-0.029474247246980667
1779958251862948900,91.32894897460938,-0.02367102913558483,0.06261368840932846,-0.020005837082862854
1779958251879297000,91.34529711914062,-0.02474004216492176,0.034666601568460464,-0.01817324012517929
1779958251895627000,91.361626953125,-0.022602014243602753,0.08261952549219131,-0.037110064178705215
1779958251911958000,91.3779580078125,-0.02321287989616394,0.14614951610565186,-0.04657847434282303
1779958251928289300,91.39428930664063,-0.025656340643763542,0.13820825517177582,-0.04092797264456749
1779958251944611300,91.410611328125,-0.021532999351620674,0.12660181522369385,-0.021532999351620674
1779958251960951300,91.42695141601563,-0.008246680721640587,0.11667526513338089,-0.006719517521560192
1779958251977274400,91.4432744140625,-0.0022907445672899485,0.10522153973579407,0.003817907767370343
1779958251993606400,91.4596064453125,-0.0064140851609408855,0.08781187981367111,0.014049900695681572
1779958252009938400,91.4759384765625,-0.004734205547720194,0.06704246252775192,0.024434609338641167
1779958252026273500,91.4922734375,0.0006108652451075613,0.0679587572813034,0.020463986322283745
1779958252042600700,91.5086005859375,0.0003054326225537807,0.09911288321018219,0.013744467869400978
1779958252058933800,91.52493383789063,-0.004428773187100887,0.11743884533643723,0.01114829070866108
1779958252075254300,91.54125415039063,-0.00733038317412138,0.13087788224220276,0.007941247895359993
1779958252091600000,91.55759985351563,-0.0022907445672899485,0.11667526513338089,0.00855211354792118
1779958252107931600,91.573931640625,0.006719517521560192,0.09728029370307922,0.02229658141732216
1779958252124264200,91.59026416015625,0.007788531947880983,0.09865473955869675,0.03237585723400116
1779958252140595700,91.606595703125,0.0013744467869400978,0.07941248267889023,0.02977968007326126
1779958252156926200,91.62292626953125,-0.004886921960860491,0.047800205647945404,0.03481931984424591
1779958252173268000,91.63926806640625,-0.00733038317412138,0.014813481830060482,0.044135015457868576
1779958252189604600,91.6556044921875,-0.008246680721640587,-0.0013744467869400978,0.04108068719506264
1779958252205934300,91.67193432617188,-0.008399397134780884,-0.004581489134579897,0.022143865004181862
1779958252222269400,91.68826953125,-0.016798794269561768,0.01664607785642147,0.01237002108246088
1779958252238600200,91.70460009765625,-0.024587325751781464,0.03787364438176155,0.010995574295520782
1779958252254898700,91.72089868164062,-0.021991148591041565,0.047800205647945404,0.024892758578062057
1779958252271252000,91.737251953125,-0.007788531947880983,0.0503963828086853,0.03420845419168472
1779958252287587800,91.753587890625,0.009468411095440388,0.014049900695681572,0.03695734590291977
1779958252303916300,91.76991625976562,0.013439035043120384,-0.008704829961061478,0.04352414980530739
1779958252320275500,91.786275390625,0.003054326167330146,-0.0010690141934901476,0.052839845418930054
1779958252336573200,91.8025732421875,-0.006872233934700489,0.032528575509786606,0.06322455406188965
1779958252352912600,91.81891259765625,-0.007024950347840786,0.0328340083360672,0.07009678333997726
1779958252369248500,91.83524853515625,0.005803219974040985,0.011453723534941673,0.07116580009460449
1779958252385591800,91.851591796875,0.014049900695681572,0.012980886735022068,0.06780604273080826
1779958252401923000,91.86792309570312,0.009162978269159794,0.027641652151942253,0.07238753139972687
1779958252418254800,91.8842548828125,0.0009162978967651725,0.040164388716220856,0.08429940044879913
1779958252434589400,91.90058935546875,0.0003054326225537807,0.04734205827116966,0.08888089656829834
1779958252450911700,91.91691186523437,0.007635815534740686,0.0529925599694252,0.07559457421302795
1779958252467259600,91.933259765625,0.013133603148162365,0.05696318298578262,0.060933809727430344
1779958252483564800,91.94956469726563,0.0064140851609408855,0.07177666574716568,0.0529925599694252
1779958252499906000,91.96590600585938,-0.00366519158706069,0.07437284290790558,0.05757404863834381
1779958252516235300,91.9822353515625,-0.0064140851609408855,0.07406741380691528,0.06215553730726242
1779958252532568600,91.99856860351562,-0.002138028386980295,0.059406645596027374,0.04688390716910362
1779958252548898800,92.01489892578125,-0.006719517521560192,0.07483099400997162,0.02275473065674305
1779958252565218600,92.03121850585937,-0.018325956538319588,0.1111774742603302,0.008246680721640587
1779958252581565000,92.04756494140625,-0.02672535367310047,0.12140946835279465,-0.003512475173920393
1779958252597896400,92.063896484375,-0.028099801391363144,0.11438451707363129,-0.0019853119738399982
1779958252614232600,92.08023266601562,-0.02382374368607998,0.11423180252313614,0.005345070734620094
1779958252630561500,92.0965615234375,-0.01466076634824276,0.09911288321018219,0.003512475173920393
1779958252646896000,92.11289624023438,-0.012064588256180286,0.08735372871160507,-0.0039706239476799965
1779958252663226000,92.12922607421875,-0.015882495790719986,0.09468411654233932,-0.005955935921519995
1779958252679569000,92.14556884765625,-0.01466076634824276,0.0780380368232727,0.0027488935738801956
1779958252695901000,92.16190087890625,-0.008246680721640587,0.046273041516542435,0.014966198243200779
1779958252712234000,92.17823388671874,-0.0024434609804302454,0.02122756652534008,0.02122756652534008
1779958252728568000,92.19456811523438,0.003817907767370343,0.009926560334861279,0.021074850112199783
1779958252744896500,92.210896484375,0.0039706239476799965,0.0009162978967651725,0.014508049935102463
1779958252761217500,92.22721752929688,0.001679879380390048,0.002138028386980295,0.01542434748262167
1779958252777537000,92.243537109375,-0.001527163083665073,0.0064140851609408855,0.02321287989616394
1779958252793881000,92.25988110351562,0.001679879380390048,-0.003817907767370343,0.027183502912521362
1779958252810213000,92.27621313476563,0.007635815534740686,-0.01878410577774048,0.024587325751781464
1779958252826547000,92.292546875,0.010690141469240189,-0.019089538604021072,0.023518312722444534
1779958252842878500,92.30887841796876,0.011301007121801376,-0.02015855349600315,0.029932396486401558
1779958252859212000,92.3252119140625,0.00931569468230009,-0.02321287989616394,0.038026362657547
1779958252875540700,92.34154077148438,0.00855211354792118,-0.004123340360820293,0.039248090237379074
1779958252891876000,92.3578759765625,0.0065668015740811825,0.002138028386980295,0.03329215571284294
1779958252908202000,92.37420190429688,0.006719517521560192,-0.0065668015740811825,0.022907447069883347
1779958252924539600,92.39053955078126,0.00733038317412138,-0.009926560334861279,0.018020525574684143
1779958252940867600,92.40686767578126,0.010231993161141872,-0.009773843921720982,0.016951510682702065
1779958252957194200,92.4231943359375,0.016035212203860283,-0.019547687843441963,0.01924225501716137
1779958252973550300,92.43955029296875,0.014508049935102463,-0.010690141469240189,0.012980886735022068
1779958252989867300,92.4558671875,0.003359758760780096,0.01572977937757969,0.006719517521560192
1779958253006199000,92.47219897460937,-0.0019853119738399982,0.023060163483023643,0.007635815534740686
1779958253022532900,92.48853295898438,-0.00015271631127689034,0.016951510682702065,0.007635815534740686
1779958253038861600,92.50486157226563,0.005039638374000788,0.005039638374000788,0.001679879380390048
1779958253055179000,92.52117895507813,0.0074830991216003895,-0.010842857882380486,0.0003054326225537807
1779958253071529700,92.53752978515625,0.004886921960860491,-0.011759156361222267,0.00045814894838258624
1779958253087859500,92.553859375,0.0029016099870204926,-0.009926560334861279,-0.0007635815418325365
1779958253104193000,92.57019311523437,0.0025961773935705423,-0.003512475173920393,-0.00015271631127689034
1779958253120534500,92.58653442382813,0.004886921960860491,0.007177666760981083,0.005345070734620094
1779958253136859100,92.60285913085937,0.006108652334660292,0.003817907767370343,0.010079276748001575
1779958253153191000,92.61919091796875,0.010690141469240189,-0.0065668015740811825,0.009926560334861279
1779958253169534500,92.63553442382812,0.011453723534941673,-0.01863138936460018,0.009621127508580685
1779958253185882000,92.65188208007812,0.007941247895359993,-0.011453723534941673,0.00366519158706069
1779958253202198500,92.66819848632812,0.0013744467869400978,0.0006108652451075613,0.005192354787141085
1779958253218537200,92.684537109375,-0.001527163083665073,-0.0003054326225537807,0.010690141469240189
1779958253234867700,92.70086767578125,0.003817907767370343,-0.021380282938480377,0.012980886735022068
1779958253251167500,92.71716748046875,0.010690141469240189,-0.030237829312682152,0.005345070734620094
1779958253267518700,92.73351879882813,0.007788531947880983,-0.012980886735022068,-0.004886921960860491
1779958253283852000,92.74985205078124,-0.0032070425804704428,-0.0064140851609408855,-0.0027488935738801956
1779958253300178000,92.76617797851563,-0.005803219974040985,-0.004428773187100887,-0.006872233934700489
1779958253316512300,92.78251220703125,-0.006261368747800589,0.009162978269159794,-0.010995574295520782
1779958253332847600,92.79884765625,-0.003054326167330146,0.009162978269159794,-0.00931569468230009
1779958253349179100,92.81517919921875,-0.0013744467869400978,-0.004428773187100887,-0.0074830991216003895
1779958253365521700,92.83152172851563,-0.005039638374000788,-0.008704829961061478,-0.009773843921720982
1779958253381843000,92.84784301757813,-0.010079276748001575,-0.018020525574684143,-0.00855211354792118
1779958253398184200,92.86418408203124,-0.010690141469240189,-0.016798794269561768,-0.0039706239476799965
1779958253414525400,92.880525390625,-0.007024950347840786,-0.012217304669320583,-0.00366519158706069
1779958253430838500,92.89683862304688,-0.0007635815418325365,-0.011759156361222267,0.0010690141934901476
1779958253447187700,92.91318774414063,-0.001527163083665073,-0.01618792861700058,0.00015271631127689034
1779958253463516200,92.92951611328125,-0.008704829961061478,-0.009926560334861279,-0.001832595793530345
1779958253479816700,92.94581665039063,-0.01191187184303999,0.001527163083665073,-0.0013744467869400978
1779958253496167700,92.96216772460937,-0.01237002108246088,-0.007635815534740686,-0.005650503560900688
1779958253512496600,92.97849658203126,-0.010995574295520782,-0.018936822190880775,-0.009926560334861279
1779958253528828700,92.99482861328126,-0.009162978269159794,-0.02275473065674305,-0.010842857882380486
1779958253545162200,93.01116235351563,-0.010537425056099892,-0.018325956538319588,-0.014355333521962166
1779958253561494800,93.02749487304688,-0.012522737495601177,-0.008857546374201775,-0.017409659922122955
1779958253577826000,93.04382592773437,-0.010231993161141872,-0.004886921960860491,-0.011301007121801376
1779958253594159400,93.06015942382813,-0.007788531947880983,-0.013591751456260681,-0.005650503560900688
1779958253610490600,93.07649072265625,-0.005039638374000788,-0.026419922709465027,-0.0032070425804704428
1779958253626809900,93.09280981445312,-0.0006108652451075613,-0.02428189292550087,-0.001832595793530345
1779958253643156000,93.10915600585938,0,-0.022449297830462456,-0.005955935921519995
1779958253659503000,93.12550317382812,-0.003054326167330146,-0.016798794269561768,-0.00855211354792118
1779958253675833900,93.14183374023438,-0.009010262787342072,-0.017562376335263252,-0.006261368747800589
1779958253692163800,93.15816381835937,-0.007635815534740686,-0.018478672951459885,-0.005345070734620094
1779958253708497200,93.1744970703125,-0.007024950347840786,-0.010537425056099892,-0.004123340360820293
1779958253724828000,93.19082788085937,-0.005650503560900688,-0.005803219974040985,-0.004886921960860491
1779958253741148700,93.20714868164063,-0.005497787147760391,0.004581489134579897,-0.006108652334660292
1779958253757480200,93.22348022460938,-0.005497787147760391,0.007177666760981083,-0.011453723534941673
1779958253773812000,93.23981201171875,-0.009468411095440388,0.010690141469240189,-0.017867809161543846
1779958253790132000,93.25613208007813,-0.014966198243200779,0.020463986322283745,-0.015577063895761967
1779958253806477000,93.27247705078125,-0.012828170321881771,0.010537425056099892,-0.012217304669320583
1779958253822793200,93.28879321289062,-0.0065668015740811825,-0.00366519158706069,-0.013744467869400978
1779958253839131400,93.30513134765626,-0.0065668015740811825,-0.0013744467869400978,-0.018936822190880775
1779958253863654000,93.32965380859375,-0.014202617108821869,0.013286318629980087,-0.015882495790719986
1779958253879962600,93.34596264648438,-0.011759156361222267,0.0010690141934901476,-0.013133603148162365
1779958253896324600,93.36232470703125,-0.009468411095440388,-0.005192354787141085,-0.012828170321881771
1779958253912671700,93.37867163085937,-0.009468411095440388,-0.005803219974040985,-0.010537425056099892
1779958253928987100,93.39498706054688,-0.009621127508580685,-0.005345070734620094,-0.014966198243200779
1779958253945288400,93.41128833007812,-0.00855211354792118,-0.011759156361222267,-0.019089538604021072
1779958253961630200,93.42763012695312,-0.00931569468230009,-0.022449297830462456,-0.01970040425658226
1779958253977966000,93.44396606445312,-0.012675453908741474,-0.018936822190880775,-0.01572977937757969
1779958253994306000,93.46030615234375,-0.01572977937757969,-0.005345070734620094,-0.015577063895761967
1779958254010645500,93.4766455078125,-0.016951510682702065,0,-0.016340645030140877
1779958254026974000,93.49297387695313,-0.012675453908741474,-0.0022907445672899485,-0.014355333521962166
1779958254043307300,93.50930737304688,-0.013439035043120384,-0.010079276748001575,-0.01114829070866108
1779958254059608600,93.52560864257812,-0.009162978269159794,-0.018936822190880775,-0.004734205547720194
1779958254075959600,93.54195947265625,-0.005803219974040985,-0.010537425056099892,-0.007177666760981083
1779958254092290300,93.55829028320312,-0.005345070734620094,-0.012522737495601177,-0.012217304669320583
1779958254108620300,93.57462036132813,-0.0064140851609408855,-0.020311269909143448,-0.0074830991216003895
1779958254124945000,93.59094482421875,-0.009162978269159794,-0.01817324012517929,-0.007941247895359993
1779958254141270300,93.60727026367188,-0.011759156361222267,-0.013591751456260681,-0.014966198243200779
1779958254157619700,93.62361962890625,-0.01160643994808197,-0.01817324012517929,-0.017562376335263252
1779958254173948400,93.63994848632812,-0.01191187184303999,-0.013133603148162365,-0.018325956538319588
1779958254190278100,93.65627807617187,-0.007024950347840786,-0.017867809161543846,-0.01771509274840355
1779958254206602000,93.67260205078125,-0.001679879380390048,-0.021074850112199783,-0.025656340643763542
1779958254222934300,93.68893432617188,0.001679879380390048,-0.01618792861700058,-0.035124752670526505
1779958254239266600,93.7052666015625,-0.0025961773935705423,-0.019089538604021072,-0.031154127791523933
1779958254255599000,93.72159912109375,-0.007635815534740686,-0.03481931984424591,-0.014966198243200779
1779958254271930600,93.7379306640625,-0.007788531947880983,-0.047800205647945404,-0.005192354787141085
1779958254288263400,93.75426342773437,-0.005650503560900688,-0.037110064178705215,-0.008246680721640587
1779958254304595000,93.77059497070313,-0.009926560334861279,-0.01466076634824276,-0.014355333521962166
1779958254320927200,93.78692724609375,-0.01114829070866108,-0.019394971430301666,-0.01572977937757969
1779958254337260000,93.80326000976562,-0.005955935921519995,-0.05100724846124649,-0.0074830991216003895
1779958254353592300,93.81959228515625,0.001527163083665073,-0.06902777403593063,-0.003359758760780096
1779958254369925600,93.83592553710938,0.0019853119738399982,-0.06200282275676727,-0.00931569468230009
1779958254386256400,93.85225634765625,-0.006719517521560192,-0.03695734590291977,-0.02687807008624077
1779958254402588000,93.868587890625,-0.009621127508580685,-0.026419922709465027,-0.03344487398862839
1779958254418920200,93.88492016601562,-0.0065668015740811825,-0.04352414980530739,-0.023365596309304237
1779958254435252200,93.90125219726562,-0.001832595793530345,-0.04260785132646561,-0.010231993161141872
1779958254451587800,93.917587890625,0.0009162978967651725,-0.031154127791523933,-0.004428773187100887
1779958254467927800,93.933927734375,-0.001527163083665073,-0.015271631069481373,-0.008704829961061478
1779958254484259000,93.95025903320312,-0.003359758760780096,-0.004123340360820293,-0.013439035043120384
1779958254500596700,93.9665966796875,-0.0006108652451075613,-0.010842857882380486,-0.01542434748262167
1779958254516924400,93.98292431640625,0.0003054326225537807,-0.012522737495601177,-0.01817324012517929
1779958254533258500,93.99925854492187,-0.001832595793530345,-0.005803219974040985,-0.016340645030140877
1779958254549589200,94.01558935546875,-0.002138028386980295,0.001832595793530345,-0.02076941914856434
1779958254565920800,94.03192065429687,-0.0024434609804302454,0.0029016099870204926,-0.021838432177901268
1779958254582255400,94.04825537109375,-0.0003054326225537807,-0.0003054326225537807,-0.02519819140434265
1779958254598578200,94.064578125,-0.00045814894838258624,-0.001679879380390048,-0.02367102913558483
1779958254614917600,94.08091772460938,-0.0006108652451075613,-0.01160643994808197,-0.020005837082862854
1779958254631251500,94.09725146484375,0.0009162978967651725,-0.027030786499381065,-0.02015855349600315
1779958254647601000,94.11360083007813,0.003817907767370343,-0.035124752670526505,-0.018936822190880775
1779958254663927300,94.12992724609374,0.0007635815418325365,-0.020616702735424042,-0.01970040425658226
1779958254680260900,94.1462607421875,-0.0007635815418325365,-0.014202617108821869,-0.01237002108246088
1779958254696593200,94.16259326171875,0.004123340360820293,-0.031154127791523933,-0.006108652334660292
1779958254712901000,94.17890112304687,0.010690141469240189,-0.0455094613134861,-0.009162978269159794
1779958254729223400,94.19522338867188,0.00855211354792118,-0.027641652151942253,-0.009010262787342072
1779958254745576400,94.21157641601563,0.003054326167330146,-0.019394971430301666,-0.00733038317412138
1779958254761910500,94.22791064453125,-0.00015271631127689034,-0.029626963660120964,0.001679879380390048
1779958254778239700,94.24423974609375,0.004123340360820293,-0.03573561832308769,0.0064140851609408855
1779958254794569500,94.26056958007813,0.005345070734620094,-0.021838432177901268,0.007788531947880983
1779958254810907600,94.27690771484374,0.005039638374000788,-0.005192354787141085,0.009010262787342072
1779958254827253500,94.29325341796876,0.007941247895359993,-0.03130684420466423,0.016340645030140877
1779958254843579600,94.30957958984375,0.010231993161141872,-0.04963280260562897,0.022449297830462456
1779958254859917600,94.32591748046875,0.013133603148162365,-0.032681290060281754,0.020005837082862854
1779958254876248300,94.34224829101562,0.011453723534941673,-0.007941247895359993,0.010231993161141872
1779958254892568600,94.35856860351562,0.005803219974040985,0.008857546374201775,0.007788531947880983
1779958254908908000,94.37490795898438,0.003817907767370343,0.014508049935102463,0.005039638374000788
1779958254925244400,94.39124438476563,0.009773843921720982,0.009010262787342072,-0.0013744467869400978
1779958254941575700,94.40757568359375,0.013591751456260681,-0.006108652334660292,-0.01160643994808197
1779958254957907200,94.4239072265625,0.008857546374201775,-0.005039638374000788,-0.02275473065674305
1779958254974239200,94.4402392578125,-0.0007635815418325365,-0.012217304669320583,-0.024892758578062057
1779958254990573000,94.45657299804688,-0.003512475173920393,-0.022907447069883347,-0.01618792861700058
1779958255006903300,94.4729033203125,0.00045814894838258624,-0.029474247246980667,-0.02367102913558483
1779958255023238100,94.48923803710937,-0.00015271631127689034,-0.020311269909143448,-0.033139441162347794
1779958255039550700,94.50555078125,-0.0029016099870204926,-0.00366519158706069,-0.02275473065674305
1779958255055888000,94.52188793945312,-0.001679879380390048,-0.007941247895359993,-0.005955935921519995
1779958255072206300,94.53820629882813,-0.0010690141934901476,-0.015577063895761967,-0.010231993161141872
1779958255088550400,94.55455029296876,0.0010690141934901476,-0.014966198243200779,-0.015882495790719986
1779958255104883200,94.57088330078125,0.0013744467869400978,-0.017562376335263252,-0.009773843921720982
1779958255121215700,94.5872158203125,-0.0003054326225537807,-0.021380282938480377,-0.010690141469240189
1779958255137551600,94.60355151367187,-0.0022907445672899485,-0.02825251780450344,-0.009621127508580685
1779958255153894000,94.61989379882813,-0.0064140851609408855,-0.021532999351620674,-0.01237002108246088
1779958255170211000,94.63621118164062,-0.012217304669320583,0.003512475173920393,-0.02580905705690384
1779958255186558500,94.65255834960938,-0.012675453908741474,0.0013744467869400978,-0.03237585723400116
1779958255202889200,94.66888916015625,-0.0065668015740811825,-0.014202617108821869,-0.030695978552103043
1779958255219204900,94.68520483398437,-0.003054326167330146,-0.03955352306365967,-0.032681290060281754
1779958255235542300,94.70154223632812,-0.009162978269159794,-0.04596760869026184,-0.022907447069883347
1779958255251873500,94.71787353515624,-0.015271631069481373,-0.04505131021142006,-0.005955935921519995
1779958255268204000,94.7342041015625,-0.015882495790719986,-0.05360342562198639,-0.004886921960860491
1779958255284537600,94.75053759765625,-0.008399397134780884,-0.08338310569524765,-0.013286318629980087
1779958255300869400,94.76686938476563,-0.00733038317412138,-0.09911288321018219,-0.023060163483023643
1779958255317218300,94.78321826171874,-0.007941247895359993,-0.10354165732860565,-0.02474004216492176
1779958255333532700,94.79953271484375,-0.006872233934700489,-0.09010262042284012,-0.02535090781748295
1779958255349879300,94.81587939453125,-0.0019853119738399982,-0.07040221989154816,-0.021991148591041565
1779958255366195700,94.83219580078125,0.00366519158706069,-0.08155050873756409,-0.007635815534740686
1779958255382543600,94.84854370117188,0.009926560334861279,-0.11194105446338654,0.0024434609804302454
1779958255398865400,94.86486547851563,0.014966198243200779,-0.13301590085029602,0.001679879380390048
1779958255415209000,94.881208984375,0.012980886735022068,-0.15745051205158234,0.0032070425804704428
1779958255431540500,94.89754052734375,0.0009162978967651725,-0.18448130786418915,0.01725694350898266
1779958255447868700,94.91386865234375,-0.010995574295520782,-0.22021691501140594,0.03145955875515938
1779958255464205600,94.93020556640624,-0.01542434748262167,-0.25564709305763245,0.035124752670526505
1779958255480535000,94.94653515625,-0.010231993161141872,-0.2742784917354584,0.02871066704392433
1779958255496872200,94.9628720703125,-0.007788531947880983,-0.26022860407829285,0.011301007121801376
1779958255513203200,94.979203125,-0.008704829961061478,-0.24388794600963593,-0.00855211354792118
1779958255529526500,94.99552661132813,-0.011301007121801376,-0.24648413062095642,-0.02535090781748295
1779958255545854000,95.01185400390625,-0.013133603148162365,-0.23350323736667633,-0.0377209298312664
1779958255562185200,95.02818530273437,-0.010537425056099892,-0.18738290667533875,-0.044135015457868576
1779958255578509600,95.04450952148437,-0.001679879380390048,-0.16523905098438263,-0.041233405470848083
1779958255594853000,95.06085302734375,0.00931569468230009,-0.1540907621383667,-0.0328340083360672
1779958255611177200,95.07717724609375,0.020463986322283745,-0.13958270847797394,-0.023060163483023643
1779958255627511000,95.09351098632813,0.018020525574684143,-0.1258382350206375,-0.021532999351620674
1779958255643869000,95.10986889648437,0.006108652334660292,-0.13057245314121246,-0.00045814894838258624
1779958255660190200,95.12619018554688,0.0013744467869400978,-0.1082758679986,0.016493361443281174
1779958255684678000,95.15067797851563,0.048105638474226,0.59803706407547,-0.164170041680336
1779958255701011000,95.16701098632812,0.10170906037092209,0.025961773470044136,-0.07376197725534439
1779958255717340000,95.18333984375,0.06505715101957321,-0.11392636597156525,-0.02871066704392433
1779958255733672400,95.19967236328125,0.0377209298312664,-0.21807889640331268,0.03298672288656235
1779958255750003500,95.21600341796875,0.03726277872920036,-0.1996002197265625,0.06108652427792549
1779958255766337500,95.23233764648438,0.042760565876960754,-0.11621711403131485,0.0029016099870204926
1779958255782668500,95.24866845703124,0.02626720629632473,-0.06750060617923737,0.010537425056099892
1779958255799005400,95.26500537109375,0.007024950347840786,0.07177666574716568,-0.0006108652451075613
1779958255815345400,95.28134545898438,0.0065668015740811825,-0.07238753139972687,0.07299839705228806
1779958255839837200,95.30583715820312,0.016493361443281174,-0.06154467165470123,0.024434609338641167
1779958255856175000,95.32217504882813,-0.05742133408784866,-0.3430008292198181,0.1111774742603302
1779958255872513000,95.33851293945312,0.01863138936460018,0.009621127508580685,-0.003512475173920393
1779958255888841000,95.35484106445313,0.0009162978967651725,0.21288654208183289,-0.06719517707824707
1779958255905158400,95.37115844726563,-0.013744467869400978,0.14752395451068878,-0.04382958263158798
1779958255921505800,95.387505859375,-0.012522737495601177,0.11820242553949356,-0.019853120669722557
1779958255937818000,95.40381811523437,-0.021532999351620674,0.13209961354732513,-0.025961773470044136
1779958255954174000,95.42017407226562,-0.010079276748001575,0.16340644657611847,-0.048105638474226
1779958255970501600,95.43650170898438,-0.003817907767370343,0.18539759516716003,-0.05619960278272629
1779958255986836000,95.4528359375,-0.010842857882380486,0.1638645976781845,-0.04214970022439957
1779958256003159600,95.46915966796875,-0.029626963660120964,0.1443169116973877,-0.024892758578062057
1779958256019468300,95.48546826171875,-0.026572637259960175,0.13041973114013672,-0.03039054572582245
1779958256035814000,95.50181396484375,-0.017562376335263252,0.0731511116027832,-0.030237829312682152
1779958256052150800,95.51815087890625,-0.02733621932566166,0.036041051149368286,-0.03695734590291977
1779958256068480500,95.53448046875,-0.037110064178705215,0.12446379661560059,-0.08414668589830399
1779958256084813800,95.55081372070312,-0.05604688450694084,0.12217304855585098,-0.048105638474226
1779958256101132800,95.5671328125,-0.04688390716910362,0.07070764899253845,-0.044287730008363724
1779958256117479200,95.58347924804687,-0.02977968007326126,-0.023365596309304237,-0.06398813426494598
1779958256133827000,95.5998271484375,0.029626963660120964,-0.15913039445877075,0.04214970022439957
1779958256150155500,95.61615551757812,-0.004581489134579897,-0.07024950534105301,0.03298672288656235
1779958256166488800,95.63248876953125,-0.00366519158706069,-0.07849618047475815,-0.029474247246980667
1779958256182847200,95.64884716796875,0.0006108652451075613,-0.20311269164085388,0.07299839705228806
1779958256199131600,95.66513159179688,0.03084869496524334,-0.2785545587539673,0.09056077152490616
1779958256215474400,95.68147436523438,0.04581489413976669,-0.28649580478668213,0.060933809727430344
1779958256231804400,95.69780444335937,0.054367005825042725,-0.29794952273368835,0.06582073122262955
1779958256248131300,95.71413134765625,0.03756821155548096,-0.3269656300544739,0.060322944074869156
1779958256264459500,95.73045947265625,0.004734205547720194,-0.3871358633041382,0.04001167416572571
1779958256280800300,95.74680029296874,-0.001527163083665073,-0.38728857040405273,0.016340645030140877
1779958256297149700,95.76314965820312,0.003054326167330146,-0.2831360399723053,-0.031612277030944824
1779958256313495000,95.7794951171875,0.018325956538319588,-0.16600263118743896,-0.09529497474431992
1779958256329808000,95.79580786132813,0.016951510682702065,-0.1511891484260559,-0.10476338863372803
1779958256346139400,95.81213940429687,0.018325956538319588,-0.17928895354270935,-0.05345070734620094
1779958256362477300,95.82847729492188,0.00427605677396059,-0.14156801998615265,0.01863138936460018
1779958256378805500,95.84480541992187,-0.022907447069883347,-0.029474247246980667,0.043218716979026794
1779958256395116800,95.86111669921875,-0.04046982154250145,-0.02626720629632473,0.07116580009460449
1779958256411446800,95.87744677734375,-0.03894266113638878,-0.0861319974064827,0.11407908797264099
1779958256427801300,95.89380126953125,-0.006719517521560192,-0.14645494520664215,0.17241671681404114
1779958256444136700,95.91013671875,-0.010995574295520782,-0.4440990388393402,0.2816088795661926
1779958256460451600,95.92645166015625,-0.008399397134780884,-0.23136521875858307,0.17287486791610718
1779958256476774400,95.9427744140625,-0.02871066704392433,-0.012217304669320583,0.098502017557621
1779958256493120800,95.95912084960938,-0.04489859566092491,0.06643159687519073,0.08032877743244171
1779958256509440500,95.9754404296875,-0.05115996301174164,-0.009162978269159794,0.10583240538835526
1779958256525788200,95.9917880859375,-0.058337632566690445,0.0074830991216003895,0.1036943718791008
1779958256542115600,96.00811547851562,-0.07330382615327835,0.07131851464509964,0.06383541971445084
1779958256558434000,96.02443408203125,-0.09346238523721695,0.04459316283464432,0.07360926270484924
1779958256574779600,96.04077954101562,-0.1137736514210701,0.008857546374201775,0.14874568581581116
1779958256591111700,96.05711157226563,-0.14004085958003998,0.03649919852614403,0.18860463798046112
1779958256607443700,96.07344360351563,-0.15393804013729095,0.032681290060281754,0.19792033731937408
1779958256623793200,96.08979321289063,-0.16264286637306213,0.0029016099870204926,0.19333885610103607
1779958256640121000,96.10612109375,-0.1644754707813263,0.034666601568460464,0.20402899384498596
1779958256656450000,96.12244995117187,-0.1716531366109848,0.07987063378095627,0.204487144947052
1779958256672791300,96.13879125976563,-0.1745547503232956,0.12461651116609573,0.18005253374576569
1779958256689096000,96.15509594726562,-0.16600263118743896,0.2356412708759308,0.15042556822299957
1779958256705440300,96.17144018554687,-0.166460782289505,0.42088615894317627,0.09086620807647705
1779958256721766000,96.18776586914062,-0.15286903083324432,0.6157521605491638,-0.03329215571284294
1779958256738103000,96.20410302734375,-0.11743884533643723,0.7055493593215942,-0.13576480746269226
1779958256754434000,96.22043408203125,-0.11530081182718277,0.68951416015625,-0.16111570596694946
1779958256770766800,96.23676684570313,-0.10995574295520782,0.7487680912017822,-0.2041817009449005
1779958256787109400,96.253109375,-0.08888089656829834,0.963792622089386,-0.2223549485206604
1779958256803430400,96.26943041992187,-0.04230241850018501,0.8857545852661133,-0.06108652427792549
1779958256819762000,96.28576196289063,-0.07452555745840073,0.6482807397842407,0.1443169116973877
1779958256836095000,96.30209497070312,-0.12980885803699493,0.290313720703125,0.33200526237487793
1779958256852424400,96.31842456054687,-0.10980302840471268,-0.13286319375038147,0.5314527750015259
1779958256868758500,96.33475854492187,-0.14049901068210602,0.16233743727207184,0.4957171380519867
1779958256885089000,96.35108911132812,-0.28695395588874817,0.7408268451690674,0.34345898032188416
1779958256901438700,96.36743872070312,-0.36392298340797424,0.8055785298347473,0.3013092875480652
1779958256917751800,96.38375170898438,-0.308792382478714,0.6873761415481567,0.2970332205295563
1779958256934072300,96.400072265625,-0.2816088795661926,0.6827946305274963,0.24205535650253296
1779958256950432300,96.41643237304687,-0.29275718331336975,0.8145887851715088,0.197004035115242
1779958256966765800,96.43276586914062,-0.33689218759536743,0.9356928467750549,0.164170041680336
1779958256983086300,96.44908642578125,-0.30772337317466736,0.9816604256629944,0.1293507218360901
1779958256999424000,96.46542407226562,-0.2292271852493286,0.973566472530365,0.09468411654233932
1779958257015735300,96.4817353515625,-0.19120082259178162,0.9062185883522034,0.1560760736465454
1779958257032081000,96.49808081054688,-0.17501288652420044,0.7472409009933472,0.2603813111782074
1779958257048402700,96.51440258789063,-0.1837177276611328,0.599564254283905,0.28069257736206055
1779958257064744200,96.530744140625,-0.1498146951198578,0.6757696866989136,0.2142609804868698
1779958257081076700,96.54707666015625,-0.1713477075099945,0.9004153609275818,0.15974126756191254
1779958257097409300,96.5634091796875,-0.20494529604911804,0.9230173826217651,0.26404649019241333
1779958257113743600,96.57974365234375,-0.1820378452539444,0.671493649482727,0.3585779070854187
1779958257130089000,96.5960888671875,-0.11270463466644287,0.4101960062980652,0.3904955983161926
1779958257146419000,96.6124189453125,-0.019853120669722557,0.3361285924911499,0.4046982228755951
1779958257162776000,96.62877612304688,0.03695734590291977,0.4392121136188507,0.35735616087913513
1779958257179063600,96.6450634765625,0.1290452778339386,0.5867360830307007,0.2548835277557373
1779958257195403000,96.66140307617188,0.13500121235847473,0.7147123217582703,0.1586722433567047
1779958257211734800,96.67773486328124,0.12370020896196365,0.6142250299453735,0.21960605680942535
1779958257228065300,96.69406518554688,0.17348572611808777,0.7692320346832275,0.26053401827812195
1779958257244387000,96.71038696289062,0.10247264802455902,1.0542006492614746,0.15821409225463867
1779958257260717800,96.7267177734375,0.2600758671760559,2.3912320137023926,-0.6692028641700745
1779958257277080600,96.74308056640625,0.17058411240577698,2.570673704147339,-0.82207190990448
1779958257293389000,96.75938916015625,-0.11850785464048386,1.288162112236023,0.16340644657611847
1779958257309727500,96.7757275390625,0.029932396486401558,1.4535537958145142,-0.00733038317412138
1779958257326041900,96.79204174804687,0.1696678251028061,2.1786508560180664,-0.8943067193031311
1779958257342381600,96.80838159179687,0.2880229651927948,2.543795585632324,-1.5234979391098022
1779958257358722600,96.82472265625,1.2041680812835693,1.7185167074203491,-1.1241447925567627
1779958257375055400,96.84105541992187,1.8270978927612305,0.7809911966323853,-0.7037167549133301
1779958257391388200,96.85738818359376,2.805704116821289,-0.8011497855186462,-0.1621847152709961
1779958257407719200,96.87371923828125,3.199101209640503,-1.1511754989624023,-0.027488935738801956
1779958257424052200,96.89005224609375,1.8177822828292847,-0.7195992469787598,0.05650503560900688
1779958257440373200,96.90637329101563,0.7000515460968018,-1.4497359991073608,0.40683624148368835
1779958257456706600,96.92270654296875,0.22021691501140594,-1.2162326574325562,0.8239045143127441
1779958257473038000,96.9390380859375,-0.2154827117919922,-1.2012665271759033,0.7449501752853394
1779958257489368800,96.95536889648437,-0.36880987882614136,-1.6809484958648682,0.28695395588874817
1779958257505716200,96.97171630859376,-0.6259841322898865,-2.647031784057617,-0.4889976382255554
1779958257522046000,96.9880458984375,-1.7023286819458008,-3.5969271659851074,-1.1659890413284302
1779958257538376400,97.00437646484374,-2.034486770629883,-4.416555881500244,-1.32863187789917
1779958257554709800,97.02070971679687,-2.920241355895996,-3.1526756286621094,-1.9463694095611572
1779958257571042600,97.03704248046876,-4.201836585998535,-1.4469870328903198,-2.7927231788635254
1779958257587374300,97.05337426757812,-2.7896687984466553,-0.3608686327934265,-2.9330694675445557
1779958257603709200,97.06970922851562,-1.2292135953903198,1.4902057647705078,-2.5002715587615967
1779958257620051700,97.0860517578125,-1.266018271446228,2.4912612438201904,-2.121382236480713
1779958257636386800,97.10238671875,0.6316346526145935,1.4972307682037354,-1.4902057647705078
1779958257652699400,97.11869946289063,1.834122896194458,1.206153392791748,-1.4486669301986694
1779958257669029600,97.13502954101563,1.7632625102996826,1.4862351417541504,-1.424843192100525
1779958257685352400,97.1513525390625,1.802205204963684,1.69148588180542,-1.362382173538208
1779958257701687300,97.16768725585938,1.6771305799484253,2.2826507091522217,-1.036943793296814
1779958257718019000,97.18401904296876,1.5202908515930176,1.980883240699768,-1.1658363342285156
1779958257734352000,97.20035180664063,0.6148358583450317,0.55069500207901,-1.628719449043274
1779958257750683400,97.21668334960937,-0.5807801485061646,1.4407256841659546,-1.4114041328430176
1779958257767016000,97.23301586914063,-1.1220067739486694,2.7679831981658936,-0.7470881938934326
1779958257783347200,97.24934716796875,-1.8501580953598022,1.9756909608840942,0.46334129571914673
1779958257799680500,97.26568041992188,-1.5639677047729492,1.6007723808288574,1.0603092908859253
1779958257816013300,97.28201342773437,-1.2565498352050781,2.2094995975494385,0.9854783415794373
1779958257832344000,97.29834399414062,-1.0653489828109741,2.9048168659210205,0.765566885471344
1779958257848676600,97.31467651367187,-1.7482963800430298,3.3680055141448975,0.6614143252372742
1779958257865011200,97.33101123046875,-2.42360782623291,4.446640968322754,1.1673635244369507
1779958257881341400,97.34734155273438,-1.9369009733200073,3.54561448097229,1.764331579208374
1779958257897673000,97.3636728515625,-1.263269305229187,2.9466612339019775,2.4963009357452393
1779958257914005200,97.38000512695312,-1.511891484260559,1.6126842498779297,3.032029628753662
1779958257930337300,97.39633715820312,-0.058795779943466187,2.1087067127227783,3.006678819656372
1779958257946686000,97.41268603515626,-0.12247848510742188,4.000709056854248,2.735912799835205
1779958257963008300,97.42900830078125,-0.24098633229732513,3.6109771728515625,3.2794301509857178
1779958257979345200,97.44534521484375,-1.0482447147369385,4.664566993713379,4.181983470916748
1779958257995678500,97.46167846679687,-2.9521589279174805,6.798013687133789,2.727666139602661
1779958258012008400,97.47800854492188,-3.9006800651550293,7.526623249053955,2.0283780097961426
1779958258028343800,97.49434375,-5.3140692710876465,5.042081832885742,2.4697282314300537
1779958258044674600,97.51067456054687,-6.324898719787598,1.1905763149261475,3.198795795440674
1779958258061008000,97.5270078125,-6.819088935852051,-1.1009318828582764,3.0140092372894287
1779958258077339600,97.54333959960937,-6.935916900634766,-1.7380642890930176,1.9921842813491821
1779958258093658600,97.55965869140626,-7.048926830291748,-1.6841554641723633,1.1383473873138428
1779958258110019800,97.57601977539062,-7.350235939025879,-0.9080511927604675,0.7776314616203308
1779958258126349800,97.59234985351563,-7.496538162231445,0.25014930963516235,0.6322455406188965
1779958258142687000,97.60868701171874,-7.401854038238525,1.4143058061599731,0.6472117304801941
1779958258158991600,97.62499169921875,-7.1396403312683105,2.626720666885376,0.8332201838493347
1779958258175336200,97.64133618164063,-6.601773262023926,3.746131181716919,1.2670872211456299
1779958258191665200,97.6576650390625,-5.953950881958008,4.265977382659912,1.7776178121566772
1779958258207996000,97.67399584960937,-5.570022106170654,3.821420192718506,2.0789270401000977
1779958258224328700,97.69032861328125,-5.511073589324951,2.3715314865112305,1.9176586866378784
1779958258240661500,97.70666162109374,-5.251761436462402,1.1687378883361816,1.5361733436584473
1779958258257004800,97.7230048828125,-4.966486930847168,1.3565789461135864,1.487609624862671
1779958258273327000,97.7393271484375,-4.649142742156982,2.2427916526794434,1.301142930984497
1779958258289670100,97.75567016601562,-4.2277984619140625,2.666579484939575,0.6152940392494202
1779958258305986800,97.77198681640625,-3.7759108543395996,2.1618521213531494,-0.5048801302909851
1779958258322334500,97.78833447265625,-3.3173036575317383,2.193617105484009,-1.5625933408737183
1779958258338665500,97.80466552734374,-2.816852331161499,2.700024366378784,-2.2597432136535645
1779958258355002400,97.82100244140625,-2.149176597595215,2.5923593044281006,-2.3736696243286133
1779958258371330800,97.83733081054687,-1.5152512788772583,2.9219212532043457,-1.9037615060806274
1779958258387660800,97.85366088867187,-1.1646145582199097,3.486666202545166,-1.306182622909546
1779958258403996700,97.86999658203125,-1.0494664907455444,3.4159584045410156,-1.0137308835983276
1779958258420326100,97.886326171875,-0.912021815776825,2.261728525161743,-0.9976956844329834
1779958258436644000,97.90264404296875,-0.630871057510376,1.1830933094024658,-0.9219483733177185
1779958258453008100,97.91900805664062,-0.2217440903186798,0.4853324294090271,-0.7666358947753906
1779958258469330200,97.935330078125,0.0659734457731247,-0.055741455405950546,-0.5737552046775818
1779958258485661400,97.95166137695313,0.1976149082183838,-0.6265950202941895,-0.28878653049468994
1779958258501984800,97.96798486328125,0.22540926933288574,-1.218676209449768,0.02580905705690384
1779958258518309600,97.9843095703125,0.05726861581206322,-1.482569932937622,0.2574796974658966
1779958258534640400,98.00064038085938,-0.1313360333442688,-1.243721604347229,0.35521814227104187
1779958258550974700,98.016974609375,-0.23105977475643158,-0.8550586104393005,0.4778493344783783
1779958258567305000,98.03330493164063,-0.2545780837535858,-0.5097670555114746,0.5064072608947754
1779958258583633000,98.0496328125,-0.16829337179660797,-0.5413793325424194,0.3358231782913208
1779958258599980000,98.06597998046875,-0.05100724846124649,-0.7237225770950317,0.0988074541091919
1779958258616315000,98.08231494140625,-0.0007635815418325365,-0.5849034786224365,-0.01466076634824276
1779958258648965400,98.11496533203125,0.06490442901849747,0.14584407210350037,0.07269296050071716
1779958258665302500,98.13130249023438,-0.011759156361222267,0.13637566566467285,0.041691552847623825
1779958258681630500,98.14763037109375,-0.10308351367712021,0.11285735666751862,-0.04688390716910362
1779958258697961700,98.16396166992187,-0.15302173793315887,0.1371392458677292,-0.13500121235847473
1779958258714294000,98.1802939453125,-0.1316414624452591,0.20861047506332397,-0.251676470041275
1779958258730627600,98.19662768554687,-0.09636399149894714,0.3927863538265228,-0.3407101035118103
1779958258746973400,98.21297338867187,-0.07849618047475815,0.5919284224510193,-0.33292156457901
1779958258763280600,98.22928076171875,-0.0959058403968811,0.6551529765129089,-0.2073887437582016
1779958258779642600,98.245642578125,-0.12522737681865692,0.5002986192703247,-0.06062837690114975
1779958258795967700,98.2619677734375,-0.13958270847797394,0.21762074530124664,0.015271631069481373
1779958258812299800,98.2782998046875,-0.2125810980796814,0.06719517707824707,-0.07131851464509964
1779958258828633000,98.29463305664062,-0.33918291330337524,0.06520986557006836,-0.2768746614456177
1779958258844963000,98.31096313476563,-0.4337143301963806,0.21502456068992615,-0.42302417755126953
1779958258861297700,98.32729760742187,-0.3871358633041382,0.31261029839515686,-0.35781431198120117
1779958258877629700,98.34362963867187,-0.28695395588874817,0.3510948121547699,-0.07406741380691528
1779958258893960700,98.35996069335937,-0.24434609711170197,0.19349156320095062,0.20204368233680725
1779958258910292700,98.37629272460937,-0.21991148591041565,-0.11224649101495743,0.28817567229270935
1779958258926609700,98.39260961914063,-0.13897185027599335,-0.23365595936775208,0.1869247704744339
1779958258942942000,98.40894189453125,0.020616702735424042,-0.11438451707363129,-0.060475658625364304
1779958258959290600,98.42529052734375,0.13301590085029602,0.18081611394882202,-0.289702832698822
1779958258975607300,98.44160717773437,0.21319197118282318,0.2695443034172058,-0.4683809280395508
1779958258991938000,98.45793798828124,0.22907446324825287,0.24129177629947662,-0.5010622143745422
1779958259008272100,98.47427221679688,0.07712173461914062,0.19746218621730804,-0.35750889778137207
1779958259024605400,98.49060546875,-0.07192938029766083,0.19517144560813904,-0.09224065393209457
1779958259040937200,98.50693725585937,-0.11698069423437119,0.09941831976175308,0.16371189057826996
1779958259057270800,98.52327075195312,-0.07254024595022202,0.07223481684923172,0.28420504927635193
1779958259073602300,98.53960229492188,-0.062460970133543015,0.046273041516542435,0.1745547503232956
1779958259089933000,98.55593310546875,-0.01924225501716137,0.050854530185461044,0.06383541971445084
1779958259106284000,98.57228393554688,0.04886921867728233,0.03222314268350601,0.07849618047475815
1779958259122660400,98.58866040039062,0.014966198243200779,0.03527746722102165,0.1391245573759079
1779958259138924000,98.60492407226562,-0.08659014850854874,0.0006108652451075613,0.22632557153701782
1779958259155266300,98.62126635742187,-0.09468411654233932,-0.11026117950677872,0.31154128909111023
1779958259171594200,98.63759423828125,-0.03787364438176155,-0.16081027686595917,0.30970868468284607
1779958259187927000,98.65392700195312,0.04352414980530739,-0.11682797968387604,0.24098633229732513
1779958259204260000,98.67026000976563,0.1059851199388504,0.036651913076639175,0.1592831164598465
1779958259220591400,98.68659130859375,0.11438451707363129,0.13775011897087097,0.08491026610136032
1779958259236902700,98.70290258789062,0.06185010448098183,0.11056660860776901,0.07864890247583389
1779958259253258200,98.71925830078125,-0.015271631069481373,0.017562376335263252,0.12507465481758118
1779958259269600000,98.73560009765625,-0.07177666574716568,-0.08414668589830399,0.15393804013729095
1779958259285932300,98.75193237304687,-0.08659014850854874,-0.1644754707813263,0.1394299864768982
1779958259302265300,98.76826538085938,-0.05696318298578262,-0.12095131725072861,0.09392052888870239
1779958259318588700,98.78458862304687,0.024587325751781464,0.007024950347840786,0.022907447069883347
1779958259334905600,98.80090551757813,0.053297992795705795,0.06520986557006836,-0.0377209298312664
1779958259351246800,98.81724682617188,-0.0010690141934901476,0.02275473065674305,-0.01542434748262167
1779958259367585000,98.8335849609375,-0.09651670604944229,-0.0633772686123848,0.05406157299876213
1779958259383912400,98.84991235351562,-0.1621847152709961,-0.08231408894062042,0.06215553730726242
1779958259400244700,98.86624462890624,-0.15241087973117828,0.00733038317412138,-0.041691552847623825
1779958259416578600,98.88257861328125,-0.0806342139840126,0.10613783448934555,-0.13973543047904968
1779958259432924700,98.89892456054687,-0.03497203439474106,0.11911872029304504,-0.13805554807186127
1779958259449252000,98.91525219726563,-0.05360342562198639,0.048716504126787186,-0.07162395119667053
1779958259465591000,98.93159106445313,-0.1215621829032898,-0.02168571576476097,-0.01038470957428217
1779958259481903600,98.94790356445313,-0.14294247329235077,-0.0009162978967651725,0.0007635815418325365
1779958259498235600,98.96423559570313,-0.10308351367712021,0.015271631069481373,-0.04948008432984352
1779958259514571300,98.9805712890625,-0.0861319974064827,0.0003054326225537807,-0.03649919852614403
1779958259530902300,98.99690234375,-0.08689557760953903,-0.014355333521962166,0.05543602257966995
1779958259547235600,99.01323559570312,-0.08674286305904388,-0.051770828664302826,0.06963863968849182
1779958259563566300,99.02956640625,-0.09926560521125793,-0.04214970022439957,0.02733621932566166
1779958259579900700,99.04590063476563,-0.1007927656173706,0.027641652151942253,-0.03894266113638878
1779958259596228400,99.06222827148437,-0.07437284290790558,0.08704829961061478,-0.07131851464509964
1779958259612569000,99.07856909179688,-0.037110064178705215,0.10048733651638031,-0.011453723534941673
1779958259628893700,99.09489379882812,-0.06765332818031311,0.010537425056099892,0.06704246252775192
1779958259645228300,99.11122827148438,-0.15974126756191254,-0.1411098688840866,0.21853704750537872
1779958259661561300,99.12756127929687,-0.3747658133506775,-0.3842342495918274,0.6212499737739563
1779958259677894400,99.14389428710938,-0.4691445231437683,-0.5177083015441895,0.5568036437034607
1779958259694222300,99.16022241210938,-0.30863967537879944,-0.14798210561275482,0.24892759323120117
1779958259710558000,99.17655786132812,0.06414084881544113,0.3692680299282074,-0.1866193264722824
1779958259726874000,99.1928740234375,0.2373211532831192,0.7939720749855042,-0.5621487498283386
